Gym has been unmaintained since 2022 and does not support NumPy 2.0 amongst other critical functionality.
Please upgrade to Gymnasium, the maintained drop-in replacement of Gym, or contact the authors of your software and request that they upgrade.
Users of this version of Gym should be able to simply replace 'import gym' with 'import gymnasium as gym' in the vast majority of cases.
See the migration guide at https://gymnasium.farama.org/introduction/migration_guide/ for additional information.
Gym has been unmaintained since 2022 and does not support NumPy 2.0 amongst other critical functionality.
Please upgrade to Gymnasium, the maintained drop-in replacement of Gym, or contact the authors of your software and request that they upgrade.
Users of this version of Gym should be able to simply replace 'import gym' with 'import gymnasium as gym' in the vast majority of cases.
See the migration guide at https://gymnasium.farama.org/introduction/migration_guide/ for additional information.
Gym has been unmaintained since 2022 and does not support NumPy 2.0 amongst other critical functionality.
Please upgrade to Gymnasium, the maintained drop-in replacement of Gym, or contact the authors of your software and request that they upgrade.
Users of this version of Gym should be able to simply replace 'import gym' with 'import gymnasium as gym' in the vast majority of cases.
See the migration guide at https://gymnasium.farama.org/introduction/migration_guide/ for additional information.
Gym has been unmaintained since 2022 and does not support NumPy 2.0 amongst other critical functionality.
Please upgrade to Gymnasium, the maintained drop-in replacement of Gym, or contact the authors of your software and request that they upgrade.
Users of this version of Gym should be able to simply replace 'import gym' with 'import gymnasium as gym' in the vast majority of cases.
See the migration guide at https://gymnasium.farama.org/introduction/migration_guide/ for additional information.
Gym has been unmaintained since 2022 and does not support NumPy 2.0 amongst other critical functionality.
Please upgrade to Gymnasium, the maintained drop-in replacement of Gym, or contact the authors of your software and request that they upgrade.
Users of this version of Gym should be able to simply replace 'import gym' with 'import gymnasium as gym' in the vast majority of cases.
See the migration guide at https://gymnasium.farama.org/introduction/migration_guide/ for additional information.
Gym has been unmaintained since 2022 and does not support NumPy 2.0 amongst other critical functionality.
Please upgrade to Gymnasium, the maintained drop-in replacement of Gym, or contact the authors of your software and request that they upgrade.
Users of this version of Gym should be able to simply replace 'import gym' with 'import gymnasium as gym' in the vast majority of cases.
See the migration guide at https://gymnasium.farama.org/introduction/migration_guide/ for additional information.
Gym has been unmaintained since 2022 and does not support NumPy 2.0 amongst other critical functionality.
Please upgrade to Gymnasium, the maintained drop-in replacement of Gym, or contact the authors of your software and request that they upgrade.
Users of this version of Gym should be able to simply replace 'import gym' with 'import gymnasium as gym' in the vast majority of cases.
See the migration guide at https://gymnasium.farama.org/introduction/migration_guide/ for additional information.
Gym has been unmaintained since 2022 and does not support NumPy 2.0 amongst other critical functionality.
Please upgrade to Gymnasium, the maintained drop-in replacement of Gym, or contact the authors of your software and request that they upgrade.
Users of this version of Gym should be able to simply replace 'import gym' with 'import gymnasium as gym' in the vast majority of cases.
See the migration guide at https://gymnasium.farama.org/introduction/migration_guide/ for additional information.
Gym has been unmaintained since 2022 and does not support NumPy 2.0 amongst other critical functionality.
Please upgrade to Gymnasium, the maintained drop-in replacement of Gym, or contact the authors of your software and request that they upgrade.
Users of this version of Gym should be able to simply replace 'import gym' with 'import gymnasium as gym' in the vast majority of cases.
See the migration guide at https://gymnasium.farama.org/introduction/migration_guide/ for additional information.
Gym has been unmaintained since 2022 and does not support NumPy 2.0 amongst other critical functionality.
Please upgrade to Gymnasium, the maintained drop-in replacement of Gym, or contact the authors of your software and request that they upgrade.
Users of this version of Gym should be able to simply replace 'import gym' with 'import gymnasium as gym' in the vast majority of cases.
See the migration guide at https://gymnasium.farama.org/introduction/migration_guide/ for additional information.
Gym has been unmaintained since 2022 and does not support NumPy 2.0 amongst other critical functionality.
Please upgrade to Gymnasium, the maintained drop-in replacement of Gym, or contact the authors of your software and request that they upgrade.
Users of this version of Gym should be able to simply replace 'import gym' with 'import gymnasium as gym' in the vast majority of cases.
See the migration guide at https://gymnasium.farama.org/introduction/migration_guide/ for additional information.
C:\Users\User\anaconda3\Lib\site-packages\stable_baselines3\ppo\ppo.py:155: UserWarning: You have specified a mini-batch size of 2048, but because the `RolloutBuffer` is of size `n_steps * n_envs = 5120`, after every 2 untruncated mini-batches, there will be a truncated mini-batch of size 1024
We recommend using a `batch_size` that is a factor of `n_steps * n_envs`.
Info: (n_steps=512 and n_envs=10)
  warnings.warn(
Using cpu device
-----------------------------
| time/              |      |
|    fps             | 2304 |
|    iterations      | 1    |
|    time_elapsed    | 2    |
|    total_timesteps | 5120 |
-----------------------------
----------------------------------------
| time/                   |            |
|    fps                  | 2000       |
|    iterations           | 2          |
|    time_elapsed         | 5          |
|    total_timesteps      | 10240      |
| train/                  |            |
|    approx_kl            | 0.00207521 |
|    clip_fraction        | 0.000521   |
|    clip_range           | 0.2        |
|    entropy_loss         | -4.26      |
|    explained_variance   | 0.249      |
|    learning_rate        | 0.0003     |
|    loss                 | 0.0714     |
|    n_updates            | 10         |
|    policy_gradient_loss | -0.000958  |
|    std                  | 0.999      |
|    value_loss           | 0.28       |
----------------------------------------
------------------------------------------
| time/                   |              |
|    fps                  | 1948         |
|    iterations           | 3            |
|    time_elapsed         | 7            |
|    total_timesteps      | 15360        |
| train/                  |              |
|    approx_kl            | 0.0010860093 |
|    clip_fraction        | 8.14e-05     |
|    clip_range           | 0.2          |
|    entropy_loss         | -4.26        |
|    explained_variance   | 0.16         |
|    learning_rate        | 0.0003       |
|    loss                 | 0.501        |
|    n_updates            | 20           |
|    policy_gradient_loss | -0.000477    |
|    std                  | 1            |
|    value_loss           | 1.15         |
------------------------------------------
------------------------------------------
| time/                   |              |
|    fps                  | 1912         |
|    iterations           | 4            |
|    time_elapsed         | 10           |
|    total_timesteps      | 20480        |
| train/                  |              |
|    approx_kl            | 0.0014678523 |
|    clip_fraction        | 0.000586     |
|    clip_range           | 0.2          |
|    entropy_loss         | -4.26        |
|    explained_variance   | 0.471        |
|    learning_rate        | 0.0003       |
|    loss                 | 0.283        |
|    n_updates            | 30           |
|    policy_gradient_loss | -0.000531    |
|    std                  | 1            |
|    value_loss           | 0.605        |
------------------------------------------
-----------------------------------------
| time/                   |             |
|    fps                  | 1902        |
|    iterations           | 5           |
|    time_elapsed         | 13          |
|    total_timesteps      | 25600       |
| train/                  |             |
|    approx_kl            | 0.004480956 |
|    clip_fraction        | 0.0134      |
|    clip_range           | 0.2         |
|    entropy_loss         | -4.26       |
|    explained_variance   | 0.651       |
|    learning_rate        | 0.0003      |
|    loss                 | 0.225       |
|    n_updates            | 40          |
|    policy_gradient_loss | -0.00137    |
|    std                  | 0.999       |
|    value_loss           | 0.581       |
-----------------------------------------
------------------------------------------
| time/                   |              |
|    fps                  | 1883         |
|    iterations           | 6            |
|    time_elapsed         | 16           |
|    total_timesteps      | 30720        |
| train/                  |              |
|    approx_kl            | 0.0062670023 |
|    clip_fraction        | 0.019        |
|    clip_range           | 0.2          |
|    entropy_loss         | -4.26        |
|    explained_variance   | 0.638        |
|    learning_rate        | 0.0003       |
|    loss                 | 0.24         |
|    n_updates            | 50           |
|    policy_gradient_loss | -0.0021      |
|    std                  | 1            |
|    value_loss           | 0.57         |
------------------------------------------
------------------------------------------
| time/                   |              |
|    fps                  | 1874         |
|    iterations           | 7            |
|    time_elapsed         | 19           |
|    total_timesteps      | 35840        |
| train/                  |              |
|    approx_kl            | 0.0047885925 |
|    clip_fraction        | 0.0114       |
|    clip_range           | 0.2          |
|    entropy_loss         | -4.26        |
|    explained_variance   | 0.875        |
|    learning_rate        | 0.0003       |
|    loss                 | 0.0757       |
|    n_updates            | 60           |
|    policy_gradient_loss | -0.00149     |
|    std                  | 1            |
|    value_loss           | 0.231        |
------------------------------------------
-----------------------------------------
| time/                   |             |
|    fps                  | 1865        |
|    iterations           | 8           |
|    time_elapsed         | 21          |
|    total_timesteps      | 40960       |
| train/                  |             |
|    approx_kl            | 0.004627617 |
|    clip_fraction        | 0.0117      |
|    clip_range           | 0.2         |
|    entropy_loss         | -4.26       |
|    explained_variance   | 0.92        |
|    learning_rate        | 0.0003      |
|    loss                 | 0.0237      |
|    n_updates            | 70          |
|    policy_gradient_loss | -0.00198    |
|    std                  | 0.998       |
|    value_loss           | 0.0924      |
-----------------------------------------
------------------------------------------
| time/                   |              |
|    fps                  | 1859         |
|    iterations           | 9            |
|    time_elapsed         | 24           |
|    total_timesteps      | 46080        |
| train/                  |              |
|    approx_kl            | 0.0003573586 |
|    clip_fraction        | 0            |
|    clip_range           | 0.2          |
|    entropy_loss         | -4.25        |
|    explained_variance   | 0.682        |
|    learning_rate        | 0.0003       |
|    loss                 | 0.22         |
|    n_updates            | 80           |
|    policy_gradient_loss | -0.000371    |
|    std                  | 0.997        |
|    value_loss           | 0.575        |
------------------------------------------
-----------------------------------------
| time/                   |             |
|    fps                  | 1855        |
|    iterations           | 10          |
|    time_elapsed         | 27          |
|    total_timesteps      | 51200       |
| train/                  |             |
|    approx_kl            | 0.007493871 |
|    clip_fraction        | 0.0257      |
|    clip_range           | 0.2         |
|    entropy_loss         | -4.25       |
|    explained_variance   | 0.791       |
|    learning_rate        | 0.0003      |
|    loss                 | 0.221       |
|    n_updates            | 90          |
|    policy_gradient_loss | -0.00252    |
|    std                  | 0.997       |
|    value_loss           | 0.478       |
-----------------------------------------
-----------------------------------------
| time/                   |             |
|    fps                  | 1854        |
|    iterations           | 11          |
|    time_elapsed         | 30          |
|    total_timesteps      | 56320       |
| train/                  |             |
|    approx_kl            | 0.008157567 |
|    clip_fraction        | 0.031       |
|    clip_range           | 0.2         |
|    entropy_loss         | -4.25       |
|    explained_variance   | 0.83        |
|    learning_rate        | 0.0003      |
|    loss                 | 0.171       |
|    n_updates            | 100         |
|    policy_gradient_loss | -0.00266    |
|    std                  | 0.998       |
|    value_loss           | 0.383       |
-----------------------------------------
-----------------------------------------
| time/                   |             |
|    fps                  | 1854        |
|    iterations           | 12          |
|    time_elapsed         | 33          |
|    total_timesteps      | 61440       |
| train/                  |             |
|    approx_kl            | 0.003452276 |
|    clip_fraction        | 0.00464     |
|    clip_range           | 0.2         |
|    entropy_loss         | -4.25       |
|    explained_variance   | 0.862       |
|    learning_rate        | 0.0003      |
|    loss                 | 0.0805      |
|    n_updates            | 110         |
|    policy_gradient_loss | -0.00104    |
|    std                  | 0.999       |
|    value_loss           | 0.312       |
-----------------------------------------
------------------------------------------
| time/                   |              |
|    fps                  | 1852         |
|    iterations           | 13           |
|    time_elapsed         | 35           |
|    total_timesteps      | 66560        |
| train/                  |              |
|    approx_kl            | 0.0060173557 |
|    clip_fraction        | 0.0354       |
|    clip_range           | 0.2          |
|    entropy_loss         | -4.25        |
|    explained_variance   | 0.885        |
|    learning_rate        | 0.0003       |
|    loss                 | 0.0608       |
|    n_updates            | 120          |
|    policy_gradient_loss | -0.00245     |
|    std                  | 1            |
|    value_loss           | 0.213        |
------------------------------------------
-----------------------------------------
| time/                   |             |
|    fps                  | 1850        |
|    iterations           | 14          |
|    time_elapsed         | 38          |
|    total_timesteps      | 71680       |
| train/                  |             |
|    approx_kl            | 0.006718296 |
|    clip_fraction        | 0.0259      |
|    clip_range           | 0.2         |
|    entropy_loss         | -4.25       |
|    explained_variance   | 0.84        |
|    learning_rate        | 0.0003      |
|    loss                 | 0.118       |
|    n_updates            | 130         |
|    policy_gradient_loss | -0.00226    |
|    std                  | 1           |
|    value_loss           | 0.33        |
-----------------------------------------
------------------------------------------
| time/                   |              |
|    fps                  | 1847         |
|    iterations           | 15           |
|    time_elapsed         | 41           |
|    total_timesteps      | 76800        |
| train/                  |              |
|    approx_kl            | 0.0053971093 |
|    clip_fraction        | 0.012        |
|    clip_range           | 0.2          |
|    entropy_loss         | -4.26        |
|    explained_variance   | 0.909        |
|    learning_rate        | 0.0003       |
|    loss                 | 0.0702       |
|    n_updates            | 140          |
|    policy_gradient_loss | -0.00176     |
|    std                  | 1            |
|    value_loss           | 0.178        |
------------------------------------------
------------------------------------------
| time/                   |              |
|    fps                  | 1847         |
|    iterations           | 16           |
|    time_elapsed         | 44           |
|    total_timesteps      | 81920        |
| train/                  |              |
|    approx_kl            | 0.0041724057 |
|    clip_fraction        | 0.00721      |
|    clip_range           | 0.2          |
|    entropy_loss         | -4.26        |
|    explained_variance   | 0.91         |
|    learning_rate        | 0.0003       |
|    loss                 | 0.0858       |
|    n_updates            | 150          |
|    policy_gradient_loss | -0.00224     |
|    std                  | 1            |
|    value_loss           | 0.218        |
------------------------------------------
------------------------------------------
| time/                   |              |
|    fps                  | 1844         |
|    iterations           | 17           |
|    time_elapsed         | 47           |
|    total_timesteps      | 87040        |
| train/                  |              |
|    approx_kl            | 0.0055842414 |
|    clip_fraction        | 0.0116       |
|    clip_range           | 0.2          |
|    entropy_loss         | -4.27        |
|    explained_variance   | 0.786        |
|    learning_rate        | 0.0003       |
|    loss                 | 0.257        |
|    n_updates            | 160          |
|    policy_gradient_loss | -0.00127     |
|    std                  | 1            |
|    value_loss           | 0.506        |
------------------------------------------
----------------------------------------
| time/                   |            |
|    fps                  | 1841       |
|    iterations           | 18         |
|    time_elapsed         | 50         |
|    total_timesteps      | 92160      |
| train/                  |            |
|    approx_kl            | 0.00635129 |
|    clip_fraction        | 0.0223     |
|    clip_range           | 0.2        |
|    entropy_loss         | -4.27      |
|    explained_variance   | 0.935      |
|    learning_rate        | 0.0003     |
|    loss                 | 0.0394     |
|    n_updates            | 170        |
|    policy_gradient_loss | -0.00259   |
|    std                  | 1          |
|    value_loss           | 0.131      |
----------------------------------------
-----------------------------------------
| time/                   |             |
|    fps                  | 1841        |
|    iterations           | 19          |
|    time_elapsed         | 52          |
|    total_timesteps      | 97280       |
| train/                  |             |
|    approx_kl            | 0.004727088 |
|    clip_fraction        | 0.0168      |
|    clip_range           | 0.2         |
|    entropy_loss         | -4.27       |
|    explained_variance   | 0.889       |
|    learning_rate        | 0.0003      |
|    loss                 | 0.0684      |
|    n_updates            | 180         |
|    policy_gradient_loss | -0.00136    |
|    std                  | 1           |
|    value_loss           | 0.198       |
-----------------------------------------
----------------------------------------
| time/                   |            |
|    fps                  | 1839       |
|    iterations           | 20         |
|    time_elapsed         | 55         |
|    total_timesteps      | 102400     |
| train/                  |            |
|    approx_kl            | 0.00489608 |
|    clip_fraction        | 0.00903    |
|    clip_range           | 0.2        |
|    entropy_loss         | -4.26      |
|    explained_variance   | 0.862      |
|    learning_rate        | 0.0003     |
|    loss                 | 0.113      |
|    n_updates            | 190        |
|    policy_gradient_loss | -0.00129   |
|    std                  | 1          |
|    value_loss           | 0.273      |
----------------------------------------
-----------------------------------------
| time/                   |             |
|    fps                  | 1840        |
|    iterations           | 21          |
|    time_elapsed         | 58          |
|    total_timesteps      | 107520      |
| train/                  |             |
|    approx_kl            | 0.005629221 |
|    clip_fraction        | 0.0153      |
|    clip_range           | 0.2         |
|    entropy_loss         | -4.26       |
|    explained_variance   | 0.877       |
|    learning_rate        | 0.0003      |
|    loss                 | 0.112       |
|    n_updates            | 200         |
|    policy_gradient_loss | -0.00134    |
|    std                  | 1           |
|    value_loss           | 0.275       |
-----------------------------------------
-----------------------------------------
| time/                   |             |
|    fps                  | 1840        |
|    iterations           | 22          |
|    time_elapsed         | 61          |
|    total_timesteps      | 112640      |
| train/                  |             |
|    approx_kl            | 0.004079576 |
|    clip_fraction        | 0.0318      |
|    clip_range           | 0.2         |
|    entropy_loss         | -4.27       |
|    explained_variance   | 0.799       |
|    learning_rate        | 0.0003      |
|    loss                 | 0.188       |
|    n_updates            | 210         |
|    policy_gradient_loss | -0.00163    |
|    std                  | 1           |
|    value_loss           | 0.428       |
-----------------------------------------
------------------------------------------
| time/                   |              |
|    fps                  | 1838         |
|    iterations           | 23           |
|    time_elapsed         | 64           |
|    total_timesteps      | 117760       |
| train/                  |              |
|    approx_kl            | 0.0054911873 |
|    clip_fraction        | 0.0413       |
|    clip_range           | 0.2          |
|    entropy_loss         | -4.27        |
|    explained_variance   | 0.916        |
|    learning_rate        | 0.0003       |
|    loss                 | 0.0387       |
|    n_updates            | 220          |
|    policy_gradient_loss | -0.00295     |
|    std                  | 1            |
|    value_loss           | 0.159        |
------------------------------------------
------------------------------------------
| time/                   |              |
|    fps                  | 1837         |
|    iterations           | 24           |
|    time_elapsed         | 66           |
|    total_timesteps      | 122880       |
| train/                  |              |
|    approx_kl            | 0.0044472576 |
|    clip_fraction        | 0.00765      |
|    clip_range           | 0.2          |
|    entropy_loss         | -4.27        |
|    explained_variance   | 0.932        |
|    learning_rate        | 0.0003       |
|    loss                 | 0.0264       |
|    n_updates            | 230          |
|    policy_gradient_loss | -0.00115     |
|    std                  | 1.01         |
|    value_loss           | 0.098        |
------------------------------------------
------------------------------------------
| time/                   |              |
|    fps                  | 1836         |
|    iterations           | 25           |
|    time_elapsed         | 69           |
|    total_timesteps      | 128000       |
| train/                  |              |
|    approx_kl            | 0.0049039684 |
|    clip_fraction        | 0.0299       |
|    clip_range           | 0.2          |
|    entropy_loss         | -4.27        |
|    explained_variance   | 0.929        |
|    learning_rate        | 0.0003       |
|    loss                 | 0.0304       |
|    n_updates            | 240          |
|    policy_gradient_loss | -0.00167     |
|    std                  | 1            |
|    value_loss           | 0.113        |
------------------------------------------
------------------------------------------
| time/                   |              |
|    fps                  | 1835         |
|    iterations           | 26           |
|    time_elapsed         | 72           |
|    total_timesteps      | 133120       |
| train/                  |              |
|    approx_kl            | 0.0054766573 |
|    clip_fraction        | 0.0395       |
|    clip_range           | 0.2          |
|    entropy_loss         | -4.27        |
|    explained_variance   | 0.937        |
|    learning_rate        | 0.0003       |
|    loss                 | 0.0282       |
|    n_updates            | 250          |
|    policy_gradient_loss | -0.00296     |
|    std                  | 1.01         |
|    value_loss           | 0.0977       |
------------------------------------------
----------------------------------------
| time/                   |            |
|    fps                  | 1835       |
|    iterations           | 27         |
|    time_elapsed         | 75         |
|    total_timesteps      | 138240     |
| train/                  |            |
|    approx_kl            | 0.00540749 |
|    clip_fraction        | 0.0216     |
|    clip_range           | 0.2        |
|    entropy_loss         | -4.28      |
|    explained_variance   | 0.887      |
|    learning_rate        | 0.0003     |
|    loss                 | 0.0785     |
|    n_updates            | 260        |
|    policy_gradient_loss | -0.00157   |
|    std                  | 1.01       |
|    value_loss           | 0.203      |
----------------------------------------
------------------------------------------
| time/                   |              |
|    fps                  | 1835         |
|    iterations           | 28           |
|    time_elapsed         | 78           |
|    total_timesteps      | 143360       |
| train/                  |              |
|    approx_kl            | 0.0063946215 |
|    clip_fraction        | 0.031        |
|    clip_range           | 0.2          |
|    entropy_loss         | -4.28        |
|    explained_variance   | 0.897        |
|    learning_rate        | 0.0003       |
|    loss                 | 0.0501       |
|    n_updates            | 270          |
|    policy_gradient_loss | -0.00226     |
|    std                  | 1.01         |
|    value_loss           | 0.141        |
------------------------------------------
------------------------------------------
| time/                   |              |
|    fps                  | 1835         |
|    iterations           | 29           |
|    time_elapsed         | 80           |
|    total_timesteps      | 148480       |
| train/                  |              |
|    approx_kl            | 0.0042193173 |
|    clip_fraction        | 0.00685      |
|    clip_range           | 0.2          |
|    entropy_loss         | -4.29        |
|    explained_variance   | 0.907        |
|    learning_rate        | 0.0003       |
|    loss                 | 0.0278       |
|    n_updates            | 280          |
|    policy_gradient_loss | -0.00157     |
|    std                  | 1.01         |
|    value_loss           | 0.109        |
------------------------------------------
-----------------------------------------
| time/                   |             |
|    fps                  | 1834        |
|    iterations           | 30          |
|    time_elapsed         | 83          |
|    total_timesteps      | 153600      |
| train/                  |             |
|    approx_kl            | 0.007938738 |
|    clip_fraction        | 0.0361      |
|    clip_range           | 0.2         |
|    entropy_loss         | -4.31       |
|    explained_variance   | 0.938       |
|    learning_rate        | 0.0003      |
|    loss                 | 0.0171      |
|    n_updates            | 290         |
|    policy_gradient_loss | -0.00238    |
|    std                  | 1.02        |
|    value_loss           | 0.0683      |
-----------------------------------------
-----------------------------------------
| time/                   |             |
|    fps                  | 1833        |
|    iterations           | 31          |
|    time_elapsed         | 86          |
|    total_timesteps      | 158720      |
| train/                  |             |
|    approx_kl            | 0.006262824 |
|    clip_fraction        | 0.0362      |
|    clip_range           | 0.2         |
|    entropy_loss         | -4.32       |
|    explained_variance   | 0.908       |
|    learning_rate        | 0.0003      |
|    loss                 | 0.0324      |
|    n_updates            | 300         |
|    policy_gradient_loss | -0.00163    |
|    std                  | 1.02        |
|    value_loss           | 0.144       |
-----------------------------------------
-----------------------------------------
| time/                   |             |
|    fps                  | 1832        |
|    iterations           | 32          |
|    time_elapsed         | 89          |
|    total_timesteps      | 163840      |
| train/                  |             |
|    approx_kl            | 0.006684389 |
|    clip_fraction        | 0.0311      |
|    clip_range           | 0.2         |
|    entropy_loss         | -4.32       |
|    explained_variance   | 0.937       |
|    learning_rate        | 0.0003      |
|    loss                 | 0.0226      |
|    n_updates            | 310         |
|    policy_gradient_loss | -0.00236    |
|    std                  | 1.02        |
|    value_loss           | 0.106       |
-----------------------------------------
-----------------------------------------
| time/                   |             |
|    fps                  | 1832        |
|    iterations           | 33          |
|    time_elapsed         | 92          |
|    total_timesteps      | 168960      |
| train/                  |             |
|    approx_kl            | 0.007326968 |
|    clip_fraction        | 0.0273      |
|    clip_range           | 0.2         |
|    entropy_loss         | -4.32       |
|    explained_variance   | 0.961       |
|    learning_rate        | 0.0003      |
|    loss                 | 0.0124      |
|    n_updates            | 320         |
|    policy_gradient_loss | -0.00226    |
|    std                  | 1.02        |
|    value_loss           | 0.0792      |
-----------------------------------------
------------------------------------------
| time/                   |              |
|    fps                  | 1831         |
|    iterations           | 34           |
|    time_elapsed         | 95           |
|    total_timesteps      | 174080       |
| train/                  |              |
|    approx_kl            | 0.0037607371 |
|    clip_fraction        | 0.00911      |
|    clip_range           | 0.2          |
|    entropy_loss         | -4.32        |
|    explained_variance   | 0.922        |
|    learning_rate        | 0.0003       |
|    loss                 | 0.0361       |
|    n_updates            | 330          |
|    policy_gradient_loss | -0.00138     |
|    std                  | 1.02         |
|    value_loss           | 0.115        |
------------------------------------------
------------------------------------------
| time/                   |              |
|    fps                  | 1830         |
|    iterations           | 35           |
|    time_elapsed         | 97           |
|    total_timesteps      | 179200       |
| train/                  |              |
|    approx_kl            | 0.0076356395 |
|    clip_fraction        | 0.0314       |
|    clip_range           | 0.2          |
|    entropy_loss         | -4.32        |
|    explained_variance   | 0.942        |
|    learning_rate        | 0.0003       |
|    loss                 | 0.0245       |
|    n_updates            | 340          |
|    policy_gradient_loss | -0.00204     |
|    std                  | 1.02         |
|    value_loss           | 0.11         |
------------------------------------------
------------------------------------------
| time/                   |              |
|    fps                  | 1830         |
|    iterations           | 36           |
|    time_elapsed         | 100          |
|    total_timesteps      | 184320       |
| train/                  |              |
|    approx_kl            | 0.0032514741 |
|    clip_fraction        | 0.0519       |
|    clip_range           | 0.2          |
|    entropy_loss         | -4.32        |
|    explained_variance   | 0.943        |
|    learning_rate        | 0.0003       |
|    loss                 | 0.0281       |
|    n_updates            | 350          |
|    policy_gradient_loss | -0.00363     |
|    std                  | 1.02         |
|    value_loss           | 0.114        |
------------------------------------------
-----------------------------------------
| time/                   |             |
|    fps                  | 1831        |
|    iterations           | 37          |
|    time_elapsed         | 103         |
|    total_timesteps      | 189440      |
| train/                  |             |
|    approx_kl            | 0.004603719 |
|    clip_fraction        | 0.0106      |
|    clip_range           | 0.2         |
|    entropy_loss         | -4.32       |
|    explained_variance   | 0.944       |
|    learning_rate        | 0.0003      |
|    loss                 | 0.0302      |
|    n_updates            | 360         |
|    policy_gradient_loss | -0.00138    |
|    std                  | 1.02        |
|    value_loss           | 0.0921      |
-----------------------------------------
------------------------------------------
| time/                   |              |
|    fps                  | 1829         |
|    iterations           | 38           |
|    time_elapsed         | 106          |
|    total_timesteps      | 194560       |
| train/                  |              |
|    approx_kl            | 0.0052595655 |
|    clip_fraction        | 0.0409       |
|    clip_range           | 0.2          |
|    entropy_loss         | -4.32        |
|    explained_variance   | 0.969        |
|    learning_rate        | 0.0003       |
|    loss                 | 0.0207       |
|    n_updates            | 370          |
|    policy_gradient_loss | -0.00223     |
|    std                  | 1.02         |
|    value_loss           | 0.0735       |
------------------------------------------
-----------------------------------------
| time/                   |             |
|    fps                  | 1829        |
|    iterations           | 39          |
|    time_elapsed         | 109         |
|    total_timesteps      | 199680      |
| train/                  |             |
|    approx_kl            | 0.006671751 |
|    clip_fraction        | 0.0488      |
|    clip_range           | 0.2         |
|    entropy_loss         | -4.33       |
|    explained_variance   | 0.892       |
|    learning_rate        | 0.0003      |
|    loss                 | 0.0728      |
|    n_updates            | 380         |
|    policy_gradient_loss | -0.00348    |
|    std                  | 1.03        |
|    value_loss           | 0.34        |
-----------------------------------------
-----------------------------------------
| time/                   |             |
|    fps                  | 1830        |
|    iterations           | 40          |
|    time_elapsed         | 111         |
|    total_timesteps      | 204800      |
| train/                  |             |
|    approx_kl            | 0.002875046 |
|    clip_fraction        | 0.00234     |
|    clip_range           | 0.2         |
|    entropy_loss         | -4.33       |
|    explained_variance   | 0.607       |
|    learning_rate        | 0.0003      |
|    loss                 | 0.858       |
|    n_updates            | 390         |
|    policy_gradient_loss | -0.000824   |
|    std                  | 1.03        |
|    value_loss           | 1.5         |
-----------------------------------------
------------------------------------------
| time/                   |              |
|    fps                  | 1829         |
|    iterations           | 41           |
|    time_elapsed         | 114          |
|    total_timesteps      | 209920       |
| train/                  |              |
|    approx_kl            | 0.0042347237 |
|    clip_fraction        | 0.00806      |
|    clip_range           | 0.2          |
|    entropy_loss         | -4.33        |
|    explained_variance   | 0.812        |
|    learning_rate        | 0.0003       |
|    loss                 | 0.415        |
|    n_updates            | 400          |
|    policy_gradient_loss | -0.000476    |
|    std                  | 1.03         |
|    value_loss           | 0.748        |
------------------------------------------
------------------------------------------
| time/                   |              |
|    fps                  | 1828         |
|    iterations           | 42           |
|    time_elapsed         | 117          |
|    total_timesteps      | 215040       |
| train/                  |              |
|    approx_kl            | 0.0034489594 |
|    clip_fraction        | 0.00243      |
|    clip_range           | 0.2          |
|    entropy_loss         | -4.34        |
|    explained_variance   | 0.84         |
|    learning_rate        | 0.0003       |
|    loss                 | 0.45         |
|    n_updates            | 410          |
|    policy_gradient_loss | -0.000776    |
|    std                  | 1.03         |
|    value_loss           | 0.581        |
------------------------------------------
------------------------------------------
| time/                   |              |
|    fps                  | 1829         |
|    iterations           | 43           |
|    time_elapsed         | 120          |
|    total_timesteps      | 220160       |
| train/                  |              |
|    approx_kl            | 0.0059667677 |
|    clip_fraction        | 0.0232       |
|    clip_range           | 0.2          |
|    entropy_loss         | -4.35        |
|    explained_variance   | 0.834        |
|    learning_rate        | 0.0003       |
|    loss                 | 0.301        |
|    n_updates            | 420          |
|    policy_gradient_loss | -0.00186     |
|    std                  | 1.03         |
|    value_loss           | 0.672        |
------------------------------------------
-------------------------------------------
| time/                   |               |
|    fps                  | 1830          |
|    iterations           | 44            |
|    time_elapsed         | 123           |
|    total_timesteps      | 225280        |
| train/                  |               |
|    approx_kl            | 0.00076472067 |
|    clip_fraction        | 0             |
|    clip_range           | 0.2           |
|    entropy_loss         | -4.35         |
|    explained_variance   | 0.757         |
|    learning_rate        | 0.0003        |
|    loss                 | 0.566         |
|    n_updates            | 430           |
|    policy_gradient_loss | -0.000173     |
|    std                  | 1.03          |
|    value_loss           | 1.48          |
-------------------------------------------
-----------------------------------------
| time/                   |             |
|    fps                  | 1829        |
|    iterations           | 45          |
|    time_elapsed         | 125         |
|    total_timesteps      | 230400      |
| train/                  |             |
|    approx_kl            | 0.007835793 |
|    clip_fraction        | 0.0426      |
|    clip_range           | 0.2         |
|    entropy_loss         | -4.35       |
|    explained_variance   | 0.901       |
|    learning_rate        | 0.0003      |
|    loss                 | 0.257       |
|    n_updates            | 440         |
|    policy_gradient_loss | -0.00294    |
|    std                  | 1.03        |
|    value_loss           | 0.82        |
-----------------------------------------
-----------------------------------------
| time/                   |             |
|    fps                  | 1829        |
|    iterations           | 46          |
|    time_elapsed         | 128         |
|    total_timesteps      | 235520      |
| train/                  |             |
|    approx_kl            | 0.008529645 |
|    clip_fraction        | 0.0383      |
|    clip_range           | 0.2         |
|    entropy_loss         | -4.35       |
|    explained_variance   | 0.917       |
|    learning_rate        | 0.0003      |
|    loss                 | 0.253       |
|    n_updates            | 450         |
|    policy_gradient_loss | -0.00256    |
|    std                  | 1.03        |
|    value_loss           | 0.557       |
-----------------------------------------
------------------------------------------
| time/                   |              |
|    fps                  | 1829         |
|    iterations           | 47           |
|    time_elapsed         | 131          |
|    total_timesteps      | 240640       |
| train/                  |              |
|    approx_kl            | 0.0060742684 |
|    clip_fraction        | 0.047        |
|    clip_range           | 0.2          |
|    entropy_loss         | -4.35        |
|    explained_variance   | 0.958        |
|    learning_rate        | 0.0003       |
|    loss                 | 0.0456       |
|    n_updates            | 460          |
|    policy_gradient_loss | -0.0036      |
|    std                  | 1.04         |
|    value_loss           | 0.171        |
------------------------------------------
-----------------------------------------
| time/                   |             |
|    fps                  | 1830        |
|    iterations           | 48          |
|    time_elapsed         | 134         |
|    total_timesteps      | 245760      |
| train/                  |             |
|    approx_kl            | 0.007367416 |
|    clip_fraction        | 0.0353      |
|    clip_range           | 0.2         |
|    entropy_loss         | -4.36       |
|    explained_variance   | 0.939       |
|    learning_rate        | 0.0003      |
|    loss                 | 0.103       |
|    n_updates            | 470         |
|    policy_gradient_loss | -0.00232    |
|    std                  | 1.03        |
|    value_loss           | 0.326       |
-----------------------------------------
------------------------------------------
| time/                   |              |
|    fps                  | 1831         |
|    iterations           | 49           |
|    time_elapsed         | 137          |
|    total_timesteps      | 250880       |
| train/                  |              |
|    approx_kl            | 0.0060041337 |
|    clip_fraction        | 0.0708       |
|    clip_range           | 0.2          |
|    entropy_loss         | -4.35        |
|    explained_variance   | 0.966        |
|    learning_rate        | 0.0003       |
|    loss                 | 0.0255       |
|    n_updates            | 480          |
|    policy_gradient_loss | -0.00532     |
|    std                  | 1.03         |
|    value_loss           | 0.121        |
------------------------------------------
-----------------------------------------
| time/                   |             |
|    fps                  | 1830        |
|    iterations           | 50          |
|    time_elapsed         | 139         |
|    total_timesteps      | 256000      |
| train/                  |             |
|    approx_kl            | 0.007732877 |
|    clip_fraction        | 0.0244      |
|    clip_range           | 0.2         |
|    entropy_loss         | -4.34       |
|    explained_variance   | 0.932       |
|    learning_rate        | 0.0003      |
|    loss                 | 0.144       |
|    n_updates            | 490         |
|    policy_gradient_loss | -0.00264    |
|    std                  | 1.03        |
|    value_loss           | 0.365       |
-----------------------------------------
-----------------------------------------
| time/                   |             |
|    fps                  | 1830        |
|    iterations           | 51          |
|    time_elapsed         | 142         |
|    total_timesteps      | 261120      |
| train/                  |             |
|    approx_kl            | 0.007285045 |
|    clip_fraction        | 0.0404      |
|    clip_range           | 0.2         |
|    entropy_loss         | -4.33       |
|    explained_variance   | 0.973       |
|    learning_rate        | 0.0003      |
|    loss                 | 0.0151      |
|    n_updates            | 500         |
|    policy_gradient_loss | -0.0043     |
|    std                  | 1.02        |
|    value_loss           | 0.123       |
-----------------------------------------
------------------------------------------
| time/                   |              |
|    fps                  | 1830         |
|    iterations           | 52           |
|    time_elapsed         | 145          |
|    total_timesteps      | 266240       |
| train/                  |              |
|    approx_kl            | 0.0070284815 |
|    clip_fraction        | 0.0195       |
|    clip_range           | 0.2          |
|    entropy_loss         | -4.32        |
|    explained_variance   | 0.967        |
|    learning_rate        | 0.0003       |
|    loss                 | 0.0305       |
|    n_updates            | 510          |
|    policy_gradient_loss | -0.00219     |
|    std                  | 1.02         |
|    value_loss           | 0.137        |
------------------------------------------
-----------------------------------------
| time/                   |             |
|    fps                  | 1830        |
|    iterations           | 53          |
|    time_elapsed         | 148         |
|    total_timesteps      | 271360      |
| train/                  |             |
|    approx_kl            | 0.003725375 |
|    clip_fraction        | 0.0164      |
|    clip_range           | 0.2         |
|    entropy_loss         | -4.32       |
|    explained_variance   | 0.965       |
|    learning_rate        | 0.0003      |
|    loss                 | 0.046       |
|    n_updates            | 520         |
|    policy_gradient_loss | -0.00164    |
|    std                  | 1.02        |
|    value_loss           | 0.138       |
-----------------------------------------
------------------------------------------
| time/                   |              |
|    fps                  | 1830         |
|    iterations           | 54           |
|    time_elapsed         | 151          |
|    total_timesteps      | 276480       |
| train/                  |              |
|    approx_kl            | 0.0046626497 |
|    clip_fraction        | 0.0484       |
|    clip_range           | 0.2          |
|    entropy_loss         | -4.32        |
|    explained_variance   | 0.979        |
|    learning_rate        | 0.0003       |
|    loss                 | 0.00921      |
|    n_updates            | 530          |
|    policy_gradient_loss | -0.00425     |
|    std                  | 1.02         |
|    value_loss           | 0.0775       |
------------------------------------------
------------------------------------------
| time/                   |              |
|    fps                  | 1829         |
|    iterations           | 55           |
|    time_elapsed         | 153          |
|    total_timesteps      | 281600       |
| train/                  |              |
|    approx_kl            | 0.0054202587 |
|    clip_fraction        | 0.0119       |
|    clip_range           | 0.2          |
|    entropy_loss         | -4.32        |
|    explained_variance   | 0.975        |
|    learning_rate        | 0.0003       |
|    loss                 | 0.0113       |
|    n_updates            | 540          |
|    policy_gradient_loss | -0.00184     |
|    std                  | 1.02         |
|    value_loss           | 0.0837       |
------------------------------------------
------------------------------------------
| time/                   |              |
|    fps                  | 1828         |
|    iterations           | 56           |
|    time_elapsed         | 156          |
|    total_timesteps      | 286720       |
| train/                  |              |
|    approx_kl            | 0.0050549577 |
|    clip_fraction        | 0.0591       |
|    clip_range           | 0.2          |
|    entropy_loss         | -4.3         |
|    explained_variance   | 0.987        |
|    learning_rate        | 0.0003       |
|    loss                 | -0.00419     |
|    n_updates            | 550          |
|    policy_gradient_loss | -0.00481     |
|    std                  | 1.02         |
|    value_loss           | 0.0513       |
------------------------------------------
------------------------------------------
| time/                   |              |
|    fps                  | 1828         |
|    iterations           | 57           |
|    time_elapsed         | 159          |
|    total_timesteps      | 291840       |
| train/                  |              |
|    approx_kl            | 0.0056916266 |
|    clip_fraction        | 0.0132       |
|    clip_range           | 0.2          |
|    entropy_loss         | -4.3         |
|    explained_variance   | 0.88         |
|    learning_rate        | 0.0003       |
|    loss                 | 0.326        |
|    n_updates            | 560          |
|    policy_gradient_loss | -0.00094     |
|    std                  | 1.02         |
|    value_loss           | 0.407        |
------------------------------------------
------------------------------------------
| time/                   |              |
|    fps                  | 1829         |
|    iterations           | 58           |
|    time_elapsed         | 162          |
|    total_timesteps      | 296960       |
| train/                  |              |
|    approx_kl            | 0.0038657428 |
|    clip_fraction        | 0.00531      |
|    clip_range           | 0.2          |
|    entropy_loss         | -4.31        |
|    explained_variance   | 0.93         |
|    learning_rate        | 0.0003       |
|    loss                 | 0.0947       |
|    n_updates            | 570          |
|    policy_gradient_loss | -0.000913    |
|    std                  | 1.02         |
|    value_loss           | 0.195        |
------------------------------------------
------------------------------------------
| time/                   |              |
|    fps                  | 1829         |
|    iterations           | 59           |
|    time_elapsed         | 165          |
|    total_timesteps      | 302080       |
| train/                  |              |
|    approx_kl            | 0.0044819526 |
|    clip_fraction        | 0.0169       |
|    clip_range           | 0.2          |
|    entropy_loss         | -4.31        |
|    explained_variance   | 0.832        |
|    learning_rate        | 0.0003       |
|    loss                 | 0.263        |
|    n_updates            | 580          |
|    policy_gradient_loss | -0.00129     |
|    std                  | 1.02         |
|    value_loss           | 0.499        |
------------------------------------------
------------------------------------------
| time/                   |              |
|    fps                  | 1829         |
|    iterations           | 60           |
|    time_elapsed         | 167          |
|    total_timesteps      | 307200       |
| train/                  |              |
|    approx_kl            | 0.0041896487 |
|    clip_fraction        | 0.0338       |
|    clip_range           | 0.2          |
|    entropy_loss         | -4.31        |
|    explained_variance   | 0.965        |
|    learning_rate        | 0.0003       |
|    loss                 | 0.0144       |
|    n_updates            | 590          |
|    policy_gradient_loss | -0.00232     |
|    std                  | 1.02         |
|    value_loss           | 0.0906       |
------------------------------------------
----------------------------------------
| time/                   |            |
|    fps                  | 1828       |
|    iterations           | 61         |
|    time_elapsed         | 170        |
|    total_timesteps      | 312320     |
| train/                  |            |
|    approx_kl            | 0.00430803 |
|    clip_fraction        | 0.0225     |
|    clip_range           | 0.2        |
|    entropy_loss         | -4.32      |
|    explained_variance   | 0.972      |
|    learning_rate        | 0.0003     |
|    loss                 | 0.00749    |
|    n_updates            | 600        |
|    policy_gradient_loss | -0.00174   |
|    std                  | 1.02       |
|    value_loss           | 0.0701     |
----------------------------------------
----------------------------------------
| time/                   |            |
|    fps                  | 1828       |
|    iterations           | 62         |
|    time_elapsed         | 173        |
|    total_timesteps      | 317440     |
| train/                  |            |
|    approx_kl            | 0.00557347 |
|    clip_fraction        | 0.0237     |
|    clip_range           | 0.2        |
|    entropy_loss         | -4.32      |
|    explained_variance   | 0.909      |
|    learning_rate        | 0.0003     |
|    loss                 | 0.0844     |
|    n_updates            | 610        |
|    policy_gradient_loss | -0.0018    |
|    std                  | 1.02       |
|    value_loss           | 0.174      |
----------------------------------------
-----------------------------------------
| time/                   |             |
|    fps                  | 1828        |
|    iterations           | 63          |
|    time_elapsed         | 176         |
|    total_timesteps      | 322560      |
| train/                  |             |
|    approx_kl            | 0.006235007 |
|    clip_fraction        | 0.0272      |
|    clip_range           | 0.2         |
|    entropy_loss         | -4.32       |
|    explained_variance   | 0.972       |
|    learning_rate        | 0.0003      |
|    loss                 | 0.0013      |
|    n_updates            | 620         |
|    policy_gradient_loss | -0.00193    |
|    std                  | 1.02        |
|    value_loss           | 0.0482      |
-----------------------------------------
------------------------------------------
| time/                   |              |
|    fps                  | 1828         |
|    iterations           | 64           |
|    time_elapsed         | 179          |
|    total_timesteps      | 327680       |
| train/                  |              |
|    approx_kl            | 0.0019285148 |
|    clip_fraction        | 0.00189      |
|    clip_range           | 0.2          |
|    entropy_loss         | -4.32        |
|    explained_variance   | 0.9          |
|    learning_rate        | 0.0003       |
|    loss                 | 0.0727       |
|    n_updates            | 630          |
|    policy_gradient_loss | -0.00127     |
|    std                  | 1.02         |
|    value_loss           | 0.195        |
------------------------------------------
------------------------------------------
| time/                   |              |
|    fps                  | 1828         |
|    iterations           | 65           |
|    time_elapsed         | 181          |
|    total_timesteps      | 332800       |
| train/                  |              |
|    approx_kl            | 0.0062113367 |
|    clip_fraction        | 0.046        |
|    clip_range           | 0.2          |
|    entropy_loss         | -4.32        |
|    explained_variance   | 0.949        |
|    learning_rate        | 0.0003       |
|    loss                 | 0.0138       |
|    n_updates            | 640          |
|    policy_gradient_loss | -0.00311     |
|    std                  | 1.02         |
|    value_loss           | 0.0758       |
------------------------------------------
------------------------------------------
| time/                   |              |
|    fps                  | 1828         |
|    iterations           | 66           |
|    time_elapsed         | 184          |
|    total_timesteps      | 337920       |
| train/                  |              |
|    approx_kl            | 0.0055888533 |
|    clip_fraction        | 0.0191       |
|    clip_range           | 0.2          |
|    entropy_loss         | -4.33        |
|    explained_variance   | 0.958        |
|    learning_rate        | 0.0003       |
|    loss                 | 0.01         |
|    n_updates            | 650          |
|    policy_gradient_loss | -0.00133     |
|    std                  | 1.03         |
|    value_loss           | 0.0678       |
------------------------------------------
-----------------------------------------
| time/                   |             |
|    fps                  | 1828        |
|    iterations           | 67          |
|    time_elapsed         | 187         |
|    total_timesteps      | 343040      |
| train/                  |             |
|    approx_kl            | 0.006009832 |
|    clip_fraction        | 0.02        |
|    clip_range           | 0.2         |
|    entropy_loss         | -4.34       |
|    explained_variance   | 0.945       |
|    learning_rate        | 0.0003      |
|    loss                 | 0.0153      |
|    n_updates            | 660         |
|    policy_gradient_loss | -0.00232    |
|    std                  | 1.03        |
|    value_loss           | 0.0973      |
-----------------------------------------
-----------------------------------------
| time/                   |             |
|    fps                  | 1828        |
|    iterations           | 68          |
|    time_elapsed         | 190         |
|    total_timesteps      | 348160      |
| train/                  |             |
|    approx_kl            | 0.005651983 |
|    clip_fraction        | 0.0245      |
|    clip_range           | 0.2         |
|    entropy_loss         | -4.34       |
|    explained_variance   | 0.937       |
|    learning_rate        | 0.0003      |
|    loss                 | 0.0183      |
|    n_updates            | 670         |
|    policy_gradient_loss | -0.00212    |
|    std                  | 1.03        |
|    value_loss           | 0.0967      |
-----------------------------------------
------------------------------------------
| time/                   |              |
|    fps                  | 1828         |
|    iterations           | 69           |
|    time_elapsed         | 193          |
|    total_timesteps      | 353280       |
| train/                  |              |
|    approx_kl            | 0.0064317887 |
|    clip_fraction        | 0.0302       |
|    clip_range           | 0.2          |
|    entropy_loss         | -4.34        |
|    explained_variance   | 0.945        |
|    learning_rate        | 0.0003       |
|    loss                 | 0.0144       |
|    n_updates            | 680          |
|    policy_gradient_loss | -0.00214     |
|    std                  | 1.03         |
|    value_loss           | 0.0816       |
------------------------------------------
------------------------------------------
| time/                   |              |
|    fps                  | 1828         |
|    iterations           | 70           |
|    time_elapsed         | 196          |
|    total_timesteps      | 358400       |
| train/                  |              |
|    approx_kl            | 0.0056003327 |
|    clip_fraction        | 0.0592       |
|    clip_range           | 0.2          |
|    entropy_loss         | -4.35        |
|    explained_variance   | 0.937        |
|    learning_rate        | 0.0003       |
|    loss                 | 0.0131       |
|    n_updates            | 690          |
|    policy_gradient_loss | -0.00301     |
|    std                  | 1.03         |
|    value_loss           | 0.0927       |
------------------------------------------
------------------------------------------
| time/                   |              |
|    fps                  | 1828         |
|    iterations           | 71           |
|    time_elapsed         | 198          |
|    total_timesteps      | 363520       |
| train/                  |              |
|    approx_kl            | 0.0037461317 |
|    clip_fraction        | 0.0398       |
|    clip_range           | 0.2          |
|    entropy_loss         | -4.35        |
|    explained_variance   | 0.961        |
|    learning_rate        | 0.0003       |
|    loss                 | 0.0109       |
|    n_updates            | 700          |
|    policy_gradient_loss | -0.00297     |
|    std                  | 1.03         |
|    value_loss           | 0.0558       |
------------------------------------------
------------------------------------------
| time/                   |              |
|    fps                  | 1828         |
|    iterations           | 72           |
|    time_elapsed         | 201          |
|    total_timesteps      | 368640       |
| train/                  |              |
|    approx_kl            | 0.0043162866 |
|    clip_fraction        | 0.019        |
|    clip_range           | 0.2          |
|    entropy_loss         | -4.35        |
|    explained_variance   | 0.955        |
|    learning_rate        | 0.0003       |
|    loss                 | 0.0106       |
|    n_updates            | 710          |
|    policy_gradient_loss | -0.00145     |
|    std                  | 1.03         |
|    value_loss           | 0.0723       |
------------------------------------------
------------------------------------------
| time/                   |              |
|    fps                  | 1827         |
|    iterations           | 73           |
|    time_elapsed         | 204          |
|    total_timesteps      | 373760       |
| train/                  |              |
|    approx_kl            | 0.0041831094 |
|    clip_fraction        | 0.00841      |
|    clip_range           | 0.2          |
|    entropy_loss         | -4.35        |
|    explained_variance   | 0.965        |
|    learning_rate        | 0.0003       |
|    loss                 | 0.0109       |
|    n_updates            | 720          |
|    policy_gradient_loss | -0.00121     |
|    std                  | 1.03         |
|    value_loss           | 0.0692       |
------------------------------------------
------------------------------------------
| time/                   |              |
|    fps                  | 1827         |
|    iterations           | 74           |
|    time_elapsed         | 207          |
|    total_timesteps      | 378880       |
| train/                  |              |
|    approx_kl            | 0.0035026073 |
|    clip_fraction        | 0.00529      |
|    clip_range           | 0.2          |
|    entropy_loss         | -4.35        |
|    explained_variance   | 0.836        |
|    learning_rate        | 0.0003       |
|    loss                 | 0.0627       |
|    n_updates            | 730          |
|    policy_gradient_loss | -0.000782    |
|    std                  | 1.03         |
|    value_loss           | 0.404        |
------------------------------------------
------------------------------------------
| time/                   |              |
|    fps                  | 1827         |
|    iterations           | 75           |
|    time_elapsed         | 210          |
|    total_timesteps      | 384000       |
| train/                  |              |
|    approx_kl            | 0.0055768434 |
|    clip_fraction        | 0.0146       |
|    clip_range           | 0.2          |
|    entropy_loss         | -4.36        |
|    explained_variance   | 0.901        |
|    learning_rate        | 0.0003       |
|    loss                 | 0.105        |
|    n_updates            | 740          |
|    policy_gradient_loss | -0.00116     |
|    std                  | 1.03         |
|    value_loss           | 0.245        |
------------------------------------------
------------------------------------------
| time/                   |              |
|    fps                  | 1826         |
|    iterations           | 76           |
|    time_elapsed         | 213          |
|    total_timesteps      | 389120       |
| train/                  |              |
|    approx_kl            | 0.0072400463 |
|    clip_fraction        | 0.0257       |
|    clip_range           | 0.2          |
|    entropy_loss         | -4.36        |
|    explained_variance   | 0.955        |
|    learning_rate        | 0.0003       |
|    loss                 | 0.0202       |
|    n_updates            | 750          |
|    policy_gradient_loss | -0.00155     |
|    std                  | 1.03         |
|    value_loss           | 0.0827       |
------------------------------------------
-----------------------------------------
| time/                   |             |
|    fps                  | 1826        |
|    iterations           | 77          |
|    time_elapsed         | 215         |
|    total_timesteps      | 394240      |
| train/                  |             |
|    approx_kl            | 0.003956312 |
|    clip_fraction        | 0.026       |
|    clip_range           | 0.2         |
|    entropy_loss         | -4.35       |
|    explained_variance   | 0.974       |
|    learning_rate        | 0.0003      |
|    loss                 | 0.0203      |
|    n_updates            | 760         |
|    policy_gradient_loss | -0.00208    |
|    std                  | 1.03        |
|    value_loss           | 0.0611      |
-----------------------------------------
-----------------------------------------
| time/                   |             |
|    fps                  | 1826        |
|    iterations           | 78          |
|    time_elapsed         | 218         |
|    total_timesteps      | 399360      |
| train/                  |             |
|    approx_kl            | 0.006468579 |
|    clip_fraction        | 0.0516      |
|    clip_range           | 0.2         |
|    entropy_loss         | -4.34       |
|    explained_variance   | 0.984       |
|    learning_rate        | 0.0003      |
|    loss                 | -0.0179     |
|    n_updates            | 770         |
|    policy_gradient_loss | -0.00394    |
|    std                  | 1.03        |
|    value_loss           | 0.0426      |
-----------------------------------------
------------------------------------------
| time/                   |              |
|    fps                  | 1826         |
|    iterations           | 79           |
|    time_elapsed         | 221          |
|    total_timesteps      | 404480       |
| train/                  |              |
|    approx_kl            | 0.0051554046 |
|    clip_fraction        | 0.0246       |
|    clip_range           | 0.2          |
|    entropy_loss         | -4.34        |
|    explained_variance   | 0.977        |
|    learning_rate        | 0.0003       |
|    loss                 | 0.00332      |
|    n_updates            | 780          |
|    policy_gradient_loss | -0.00147     |
|    std                  | 1.03         |
|    value_loss           | 0.0564       |
------------------------------------------
------------------------------------------
| time/                   |              |
|    fps                  | 1826         |
|    iterations           | 80           |
|    time_elapsed         | 224          |
|    total_timesteps      | 409600       |
| train/                  |              |
|    approx_kl            | 0.0045084315 |
|    clip_fraction        | 0.0246       |
|    clip_range           | 0.2          |
|    entropy_loss         | -4.35        |
|    explained_variance   | 0.98         |
|    learning_rate        | 0.0003       |
|    loss                 | 0.00488      |
|    n_updates            | 790          |
|    policy_gradient_loss | -0.00232     |
|    std                  | 1.03         |
|    value_loss           | 0.0505       |
------------------------------------------
------------------------------------------
| time/                   |              |
|    fps                  | 1826         |
|    iterations           | 81           |
|    time_elapsed         | 227          |
|    total_timesteps      | 414720       |
| train/                  |              |
|    approx_kl            | 0.0046663727 |
|    clip_fraction        | 0.0126       |
|    clip_range           | 0.2          |
|    entropy_loss         | -4.35        |
|    explained_variance   | 0.984        |
|    learning_rate        | 0.0003       |
|    loss                 | -0.00616     |
|    n_updates            | 800          |
|    policy_gradient_loss | -0.00127     |
|    std                  | 1.03         |
|    value_loss           | 0.0432       |
------------------------------------------
------------------------------------------
| time/                   |              |
|    fps                  | 1825         |
|    iterations           | 82           |
|    time_elapsed         | 229          |
|    total_timesteps      | 419840       |
| train/                  |              |
|    approx_kl            | 0.0031510612 |
|    clip_fraction        | 0.00321      |
|    clip_range           | 0.2          |
|    entropy_loss         | -4.36        |
|    explained_variance   | 0.978        |
|    learning_rate        | 0.0003       |
|    loss                 | -0.00186     |
|    n_updates            | 810          |
|    policy_gradient_loss | -0.0012      |
|    std                  | 1.04         |
|    value_loss           | 0.0451       |
------------------------------------------
------------------------------------------
| time/                   |              |
|    fps                  | 1825         |
|    iterations           | 83           |
|    time_elapsed         | 232          |
|    total_timesteps      | 424960       |
| train/                  |              |
|    approx_kl            | 0.0045383493 |
|    clip_fraction        | 0.0119       |
|    clip_range           | 0.2          |
|    entropy_loss         | -4.37        |
|    explained_variance   | 0.984        |
|    learning_rate        | 0.0003       |
|    loss                 | 0.00377      |
|    n_updates            | 820          |
|    policy_gradient_loss | -0.00105     |
|    std                  | 1.04         |
|    value_loss           | 0.0359       |
------------------------------------------
-----------------------------------------
| time/                   |             |
|    fps                  | 1825        |
|    iterations           | 84          |
|    time_elapsed         | 235         |
|    total_timesteps      | 430080      |
| train/                  |             |
|    approx_kl            | 0.005184046 |
|    clip_fraction        | 0.0383      |
|    clip_range           | 0.2         |
|    entropy_loss         | -4.36       |
|    explained_variance   | 0.987       |
|    learning_rate        | 0.0003      |
|    loss                 | -0.0049     |
|    n_updates            | 830         |
|    policy_gradient_loss | -0.00225    |
|    std                  | 1.04        |
|    value_loss           | 0.035       |
-----------------------------------------
------------------------------------------
| time/                   |              |
|    fps                  | 1825         |
|    iterations           | 85           |
|    time_elapsed         | 238          |
|    total_timesteps      | 435200       |
| train/                  |              |
|    approx_kl            | 0.0061746123 |
|    clip_fraction        | 0.0168       |
|    clip_range           | 0.2          |
|    entropy_loss         | -4.36        |
|    explained_variance   | 0.987        |
|    learning_rate        | 0.0003       |
|    loss                 | -0.00566     |
|    n_updates            | 840          |
|    policy_gradient_loss | -0.00144     |
|    std                  | 1.04         |
|    value_loss           | 0.0311       |
------------------------------------------
-----------------------------------------
| time/                   |             |
|    fps                  | 1825        |
|    iterations           | 86          |
|    time_elapsed         | 241         |
|    total_timesteps      | 440320      |
| train/                  |             |
|    approx_kl            | 0.002828229 |
|    clip_fraction        | 0.00527     |
|    clip_range           | 0.2         |
|    entropy_loss         | -4.37       |
|    explained_variance   | 0.984       |
|    learning_rate        | 0.0003      |
|    loss                 | -0.00219    |
|    n_updates            | 850         |
|    policy_gradient_loss | -0.00127    |
|    std                  | 1.04        |
|    value_loss           | 0.0419      |
-----------------------------------------
------------------------------------------
| time/                   |              |
|    fps                  | 1825         |
|    iterations           | 87           |
|    time_elapsed         | 244          |
|    total_timesteps      | 445440       |
| train/                  |              |
|    approx_kl            | 0.0018842419 |
|    clip_fraction        | 0.000244     |
|    clip_range           | 0.2          |
|    entropy_loss         | -4.37        |
|    explained_variance   | 0.912        |
|    learning_rate        | 0.0003       |
|    loss                 | 0.0502       |
|    n_updates            | 860          |
|    policy_gradient_loss | -0.000608    |
|    std                  | 1.04         |
|    value_loss           | 0.221        |
------------------------------------------
------------------------------------------
| time/                   |              |
|    fps                  | 1825         |
|    iterations           | 88           |
|    time_elapsed         | 246          |
|    total_timesteps      | 450560       |
| train/                  |              |
|    approx_kl            | 0.0032276437 |
|    clip_fraction        | 0.00322      |
|    clip_range           | 0.2          |
|    entropy_loss         | -4.36        |
|    explained_variance   | 0.988        |
|    learning_rate        | 0.0003       |
|    loss                 | -0.00714     |
|    n_updates            | 870          |
|    policy_gradient_loss | -0.00132     |
|    std                  | 1.04         |
|    value_loss           | 0.0305       |
------------------------------------------
-----------------------------------------
| time/                   |             |
|    fps                  | 1825        |
|    iterations           | 89          |
|    time_elapsed         | 249         |
|    total_timesteps      | 455680      |
| train/                  |             |
|    approx_kl            | 0.003982378 |
|    clip_fraction        | 0.0229      |
|    clip_range           | 0.2         |
|    entropy_loss         | -4.36       |
|    explained_variance   | 0.987       |
|    learning_rate        | 0.0003      |
|    loss                 | -0.00752    |
|    n_updates            | 880         |
|    policy_gradient_loss | -0.00169    |
|    std                  | 1.03        |
|    value_loss           | 0.0295      |
-----------------------------------------
-----------------------------------------
| time/                   |             |
|    fps                  | 1825        |
|    iterations           | 90          |
|    time_elapsed         | 252         |
|    total_timesteps      | 460800      |
| train/                  |             |
|    approx_kl            | 0.004800637 |
|    clip_fraction        | 0.046       |
|    clip_range           | 0.2         |
|    entropy_loss         | -4.35       |
|    explained_variance   | 0.99        |
|    learning_rate        | 0.0003      |
|    loss                 | -0.0107     |
|    n_updates            | 890         |
|    policy_gradient_loss | -0.00238    |
|    std                  | 1.03        |
|    value_loss           | 0.0247      |
-----------------------------------------
------------------------------------------
| time/                   |              |
|    fps                  | 1825         |
|    iterations           | 91           |
|    time_elapsed         | 255          |
|    total_timesteps      | 465920       |
| train/                  |              |
|    approx_kl            | 0.0036709672 |
|    clip_fraction        | 0.0139       |
|    clip_range           | 0.2          |
|    entropy_loss         | -4.35        |
|    explained_variance   | 0.991        |
|    learning_rate        | 0.0003       |
|    loss                 | -0.00438     |
|    n_updates            | 900          |
|    policy_gradient_loss | -0.00145     |
|    std                  | 1.03         |
|    value_loss           | 0.025        |
------------------------------------------
-----------------------------------------
| time/                   |             |
|    fps                  | 1824        |
|    iterations           | 92          |
|    time_elapsed         | 258         |
|    total_timesteps      | 471040      |
| train/                  |             |
|    approx_kl            | 0.004283851 |
|    clip_fraction        | 0.013       |
|    clip_range           | 0.2         |
|    entropy_loss         | -4.35       |
|    explained_variance   | 0.99        |
|    learning_rate        | 0.0003      |
|    loss                 | -0.0115     |
|    n_updates            | 910         |
|    policy_gradient_loss | -0.00163    |
|    std                  | 1.03        |
|    value_loss           | 0.0271      |
-----------------------------------------
---------------------------------------
| time/                   |           |
|    fps                  | 1824      |
|    iterations           | 93        |
|    time_elapsed         | 260       |
|    total_timesteps      | 476160    |
| train/                  |           |
|    approx_kl            | 0.0045337 |
|    clip_fraction        | 0.0213    |
|    clip_range           | 0.2       |
|    entropy_loss         | -4.35     |
|    explained_variance   | 0.987     |
|    learning_rate        | 0.0003    |
|    loss                 | -0.00621  |
|    n_updates            | 920       |
|    policy_gradient_loss | -0.00198  |
|    std                  | 1.03      |
|    value_loss           | 0.0362    |
---------------------------------------
------------------------------------------
| time/                   |              |
|    fps                  | 1824         |
|    iterations           | 94           |
|    time_elapsed         | 263          |
|    total_timesteps      | 481280       |
| train/                  |              |
|    approx_kl            | 0.0063378247 |
|    clip_fraction        | 0.0347       |
|    clip_range           | 0.2          |
|    entropy_loss         | -4.36        |
|    explained_variance   | 0.986        |
|    learning_rate        | 0.0003       |
|    loss                 | -0.00592     |
|    n_updates            | 930          |
|    policy_gradient_loss | -0.00199     |
|    std                  | 1.03         |
|    value_loss           | 0.0383       |
------------------------------------------
------------------------------------------
| time/                   |              |
|    fps                  | 1824         |
|    iterations           | 95           |
|    time_elapsed         | 266          |
|    total_timesteps      | 486400       |
| train/                  |              |
|    approx_kl            | 0.0031810105 |
|    clip_fraction        | 0.00311      |
|    clip_range           | 0.2          |
|    entropy_loss         | -4.36        |
|    explained_variance   | 0.984        |
|    learning_rate        | 0.0003       |
|    loss                 | 0.00529      |
|    n_updates            | 940          |
|    policy_gradient_loss | -0.00107     |
|    std                  | 1.04         |
|    value_loss           | 0.0417       |
------------------------------------------
-----------------------------------------
| time/                   |             |
|    fps                  | 1824        |
|    iterations           | 96          |
|    time_elapsed         | 269         |
|    total_timesteps      | 491520      |
| train/                  |             |
|    approx_kl            | 0.005167596 |
|    clip_fraction        | 0.0154      |
|    clip_range           | 0.2         |
|    entropy_loss         | -4.36       |
|    explained_variance   | 0.991       |
|    learning_rate        | 0.0003      |
|    loss                 | -0.008      |
|    n_updates            | 950         |
|    policy_gradient_loss | -0.00118    |
|    std                  | 1.04        |
|    value_loss           | 0.0226      |
-----------------------------------------
------------------------------------------
| time/                   |              |
|    fps                  | 1824         |
|    iterations           | 97           |
|    time_elapsed         | 272          |
|    total_timesteps      | 496640       |
| train/                  |              |
|    approx_kl            | 0.0043566637 |
|    clip_fraction        | 0.0119       |
|    clip_range           | 0.2          |
|    entropy_loss         | -4.37        |
|    explained_variance   | 0.987        |
|    learning_rate        | 0.0003       |
|    loss                 | -0.00316     |
|    n_updates            | 960          |
|    policy_gradient_loss | -0.00111     |
|    std                  | 1.04         |
|    value_loss           | 0.0294       |
------------------------------------------
------------------------------------------
| time/                   |              |
|    fps                  | 1824         |
|    iterations           | 98           |
|    time_elapsed         | 275          |
|    total_timesteps      | 501760       |
| train/                  |              |
|    approx_kl            | 0.0037489135 |
|    clip_fraction        | 0.00911      |
|    clip_range           | 0.2          |
|    entropy_loss         | -4.37        |
|    explained_variance   | 0.889        |
|    learning_rate        | 0.0003       |
|    loss                 | 0.14         |
|    n_updates            | 970          |
|    policy_gradient_loss | -0.00116     |
|    std                  | 1.04         |
|    value_loss           | 0.286        |
------------------------------------------
------------------------------------------
| time/                   |              |
|    fps                  | 1823         |
|    iterations           | 99           |
|    time_elapsed         | 277          |
|    total_timesteps      | 506880       |
| train/                  |              |
|    approx_kl            | 0.0045779482 |
|    clip_fraction        | 0.0112       |
|    clip_range           | 0.2          |
|    entropy_loss         | -4.38        |
|    explained_variance   | 0.972        |
|    learning_rate        | 0.0003       |
|    loss                 | 0.00458      |
|    n_updates            | 980          |
|    policy_gradient_loss | -0.00198     |
|    std                  | 1.04         |
|    value_loss           | 0.0598       |
------------------------------------------
-----------------------------------------
| time/                   |             |
|    fps                  | 1823        |
|    iterations           | 100         |
|    time_elapsed         | 280         |
|    total_timesteps      | 512000      |
| train/                  |             |
|    approx_kl            | 0.004225595 |
|    clip_fraction        | 0.0151      |
|    clip_range           | 0.2         |
|    entropy_loss         | -4.38       |
|    explained_variance   | 0.975       |
|    learning_rate        | 0.0003      |
|    loss                 | -0.000383   |
|    n_updates            | 990         |
|    policy_gradient_loss | -0.00115    |
|    std                  | 1.04        |
|    value_loss           | 0.0501      |
-----------------------------------------
-----------------------------------------
| time/                   |             |
|    fps                  | 1823        |
|    iterations           | 101         |
|    time_elapsed         | 283         |
|    total_timesteps      | 517120      |
| train/                  |             |
|    approx_kl            | 0.005383391 |
|    clip_fraction        | 0.0183      |
|    clip_range           | 0.2         |
|    entropy_loss         | -4.38       |
|    explained_variance   | 0.978       |
|    learning_rate        | 0.0003      |
|    loss                 | -0.00158    |
|    n_updates            | 1000        |
|    policy_gradient_loss | -0.00139    |
|    std                  | 1.04        |
|    value_loss           | 0.0436      |
-----------------------------------------
-----------------------------------------
| time/                   |             |
|    fps                  | 1823        |
|    iterations           | 102         |
|    time_elapsed         | 286         |
|    total_timesteps      | 522240      |
| train/                  |             |
|    approx_kl            | 0.006329413 |
|    clip_fraction        | 0.0292      |
|    clip_range           | 0.2         |
|    entropy_loss         | -4.39       |
|    explained_variance   | 0.979       |
|    learning_rate        | 0.0003      |
|    loss                 | -0.00841    |
|    n_updates            | 1010        |
|    policy_gradient_loss | -0.00294    |
|    std                  | 1.05        |
|    value_loss           | 0.0405      |
-----------------------------------------
-----------------------------------------
| time/                   |             |
|    fps                  | 1823        |
|    iterations           | 103         |
|    time_elapsed         | 289         |
|    total_timesteps      | 527360      |
| train/                  |             |
|    approx_kl            | 0.005281068 |
|    clip_fraction        | 0.011       |
|    clip_range           | 0.2         |
|    entropy_loss         | -4.39       |
|    explained_variance   | 0.91        |
|    learning_rate        | 0.0003      |
|    loss                 | 0.02        |
|    n_updates            | 1020        |
|    policy_gradient_loss | -0.000778   |
|    std                  | 1.05        |
|    value_loss           | 0.186       |
-----------------------------------------
------------------------------------------
| time/                   |              |
|    fps                  | 1823         |
|    iterations           | 104          |
|    time_elapsed         | 291          |
|    total_timesteps      | 532480       |
| train/                  |              |
|    approx_kl            | 0.0045342506 |
|    clip_fraction        | 0.034        |
|    clip_range           | 0.2          |
|    entropy_loss         | -4.4         |
|    explained_variance   | 0.975        |
|    learning_rate        | 0.0003       |
|    loss                 | 0.00329      |
|    n_updates            | 1030         |
|    policy_gradient_loss | -0.00161     |
|    std                  | 1.05         |
|    value_loss           | 0.0481       |
------------------------------------------
------------------------------------------
| time/                   |              |
|    fps                  | 1823         |
|    iterations           | 105          |
|    time_elapsed         | 294          |
|    total_timesteps      | 537600       |
| train/                  |              |
|    approx_kl            | 0.0033369104 |
|    clip_fraction        | 0.00848      |
|    clip_range           | 0.2          |
|    entropy_loss         | -4.4         |
|    explained_variance   | 0.99         |
|    learning_rate        | 0.0003       |
|    loss                 | -0.00555     |
|    n_updates            | 1040         |
|    policy_gradient_loss | -0.00126     |
|    std                  | 1.05         |
|    value_loss           | 0.0247       |
------------------------------------------
------------------------------------------
| time/                   |              |
|    fps                  | 1823         |
|    iterations           | 106          |
|    time_elapsed         | 297          |
|    total_timesteps      | 542720       |
| train/                  |              |
|    approx_kl            | 0.0042844233 |
|    clip_fraction        | 0.0191       |
|    clip_range           | 0.2          |
|    entropy_loss         | -4.41        |
|    explained_variance   | 0.991        |
|    learning_rate        | 0.0003       |
|    loss                 | -0.0106      |
|    n_updates            | 1050         |
|    policy_gradient_loss | -0.00157     |
|    std                  | 1.05         |
|    value_loss           | 0.0227       |
------------------------------------------
-----------------------------------------
| time/                   |             |
|    fps                  | 1823        |
|    iterations           | 107         |
|    time_elapsed         | 300         |
|    total_timesteps      | 547840      |
| train/                  |             |
|    approx_kl            | 0.004194636 |
|    clip_fraction        | 0.00851     |
|    clip_range           | 0.2         |
|    entropy_loss         | -4.42       |
|    explained_variance   | 0.988       |
|    learning_rate        | 0.0003      |
|    loss                 | -0.0018     |
|    n_updates            | 1060        |
|    policy_gradient_loss | -0.00107    |
|    std                  | 1.06        |
|    value_loss           | 0.0314      |
-----------------------------------------
---------------------------------------
| time/                   |           |
|    fps                  | 1823      |
|    iterations           | 108       |
|    time_elapsed         | 303       |
|    total_timesteps      | 552960    |
| train/                  |           |
|    approx_kl            | 0.0056643 |
|    clip_fraction        | 0.0287    |
|    clip_range           | 0.2       |
|    entropy_loss         | -4.42     |
|    explained_variance   | 0.988     |
|    learning_rate        | 0.0003    |
|    loss                 | -0.0147   |
|    n_updates            | 1070      |
|    policy_gradient_loss | -0.0024   |
|    std                  | 1.05      |
|    value_loss           | 0.0289    |
---------------------------------------
------------------------------------------
| time/                   |              |
|    fps                  | 1823         |
|    iterations           | 109          |
|    time_elapsed         | 306          |
|    total_timesteps      | 558080       |
| train/                  |              |
|    approx_kl            | 0.0063223694 |
|    clip_fraction        | 0.0354       |
|    clip_range           | 0.2          |
|    entropy_loss         | -4.42        |
|    explained_variance   | 0.988        |
|    learning_rate        | 0.0003       |
|    loss                 | -0.0129      |
|    n_updates            | 1080         |
|    policy_gradient_loss | -0.00221     |
|    std                  | 1.06         |
|    value_loss           | 0.0263       |
------------------------------------------
------------------------------------------
| time/                   |              |
|    fps                  | 1823         |
|    iterations           | 110          |
|    time_elapsed         | 308          |
|    total_timesteps      | 563200       |
| train/                  |              |
|    approx_kl            | 0.0050913007 |
|    clip_fraction        | 0.016        |
|    clip_range           | 0.2          |
|    entropy_loss         | -4.42        |
|    explained_variance   | 0.938        |
|    learning_rate        | 0.0003       |
|    loss                 | 0.0106       |
|    n_updates            | 1090         |
|    policy_gradient_loss | -0.00177     |
|    std                  | 1.05         |
|    value_loss           | 0.134        |
------------------------------------------
-----------------------------------------
| time/                   |             |
|    fps                  | 1823        |
|    iterations           | 111         |
|    time_elapsed         | 311         |
|    total_timesteps      | 568320      |
| train/                  |             |
|    approx_kl            | 0.003435282 |
|    clip_fraction        | 0.00633     |
|    clip_range           | 0.2         |
|    entropy_loss         | -4.41       |
|    explained_variance   | 0.988       |
|    learning_rate        | 0.0003      |
|    loss                 | -0.00885    |
|    n_updates            | 1100        |
|    policy_gradient_loss | -0.00114    |
|    std                  | 1.06        |
|    value_loss           | 0.0296      |
-----------------------------------------
------------------------------------------
| time/                   |              |
|    fps                  | 1823         |
|    iterations           | 112          |
|    time_elapsed         | 314          |
|    total_timesteps      | 573440       |
| train/                  |              |
|    approx_kl            | 0.0061164596 |
|    clip_fraction        | 0.0186       |
|    clip_range           | 0.2          |
|    entropy_loss         | -4.42        |
|    explained_variance   | 0.994        |
|    learning_rate        | 0.0003       |
|    loss                 | -0.0138      |
|    n_updates            | 1110         |
|    policy_gradient_loss | -0.00198     |
|    std                  | 1.06         |
|    value_loss           | 0.0148       |
------------------------------------------
------------------------------------------
| time/                   |              |
|    fps                  | 1823         |
|    iterations           | 113          |
|    time_elapsed         | 317          |
|    total_timesteps      | 578560       |
| train/                  |              |
|    approx_kl            | 0.0027307423 |
|    clip_fraction        | 0.00304      |
|    clip_range           | 0.2          |
|    entropy_loss         | -4.42        |
|    explained_variance   | 0.989        |
|    learning_rate        | 0.0003       |
|    loss                 | -0.0062      |
|    n_updates            | 1120         |
|    policy_gradient_loss | -0.00116     |
|    std                  | 1.06         |
|    value_loss           | 0.0264       |
------------------------------------------
-----------------------------------------
| time/                   |             |
|    fps                  | 1822        |
|    iterations           | 114         |
|    time_elapsed         | 320         |
|    total_timesteps      | 583680      |
| train/                  |             |
|    approx_kl            | 0.006659143 |
|    clip_fraction        | 0.0175      |
|    clip_range           | 0.2         |
|    entropy_loss         | -4.42       |
|    explained_variance   | 0.993       |
|    learning_rate        | 0.0003      |
|    loss                 | -0.00978    |
|    n_updates            | 1130        |
|    policy_gradient_loss | -0.00176    |
|    std                  | 1.06        |
|    value_loss           | 0.0194      |
-----------------------------------------
-----------------------------------------
| time/                   |             |
|    fps                  | 1822        |
|    iterations           | 115         |
|    time_elapsed         | 323         |
|    total_timesteps      | 588800      |
| train/                  |             |
|    approx_kl            | 0.006283348 |
|    clip_fraction        | 0.0334      |
|    clip_range           | 0.2         |
|    entropy_loss         | -4.42       |
|    explained_variance   | 0.988       |
|    learning_rate        | 0.0003      |
|    loss                 | -0.0103     |
|    n_updates            | 1140        |
|    policy_gradient_loss | -0.00189    |
|    std                  | 1.05        |
|    value_loss           | 0.0293      |
-----------------------------------------
------------------------------------------
| time/                   |              |
|    fps                  | 1822         |
|    iterations           | 116          |
|    time_elapsed         | 325          |
|    total_timesteps      | 593920       |
| train/                  |              |
|    approx_kl            | 0.0053298585 |
|    clip_fraction        | 0.0144       |
|    clip_range           | 0.2          |
|    entropy_loss         | -4.42        |
|    explained_variance   | 0.908        |
|    learning_rate        | 0.0003       |
|    loss                 | 0.0628       |
|    n_updates            | 1150         |
|    policy_gradient_loss | -0.00229     |
|    std                  | 1.06         |
|    value_loss           | 0.199        |
------------------------------------------
---------------------------------------
| time/                   |           |
|    fps                  | 1822      |
|    iterations           | 117       |
|    time_elapsed         | 328       |
|    total_timesteps      | 599040    |
| train/                  |           |
|    approx_kl            | 0.0042606 |
|    clip_fraction        | 0.0205    |
|    clip_range           | 0.2       |
|    entropy_loss         | -4.42     |
|    explained_variance   | 0.991     |
|    learning_rate        | 0.0003    |
|    loss                 | -0.00632  |
|    n_updates            | 1160      |
|    policy_gradient_loss | -0.00131  |
|    std                  | 1.06      |
|    value_loss           | 0.0236    |
---------------------------------------
-----------------------------------------
| time/                   |             |
|    fps                  | 1822        |
|    iterations           | 118         |
|    time_elapsed         | 331         |
|    total_timesteps      | 604160      |
| train/                  |             |
|    approx_kl            | 0.004665263 |
|    clip_fraction        | 0.0166      |
|    clip_range           | 0.2         |
|    entropy_loss         | -4.43       |
|    explained_variance   | 0.99        |
|    learning_rate        | 0.0003      |
|    loss                 | -0.00726    |
|    n_updates            | 1170        |
|    policy_gradient_loss | -0.00164    |
|    std                  | 1.06        |
|    value_loss           | 0.0267      |
-----------------------------------------
------------------------------------------
| time/                   |              |
|    fps                  | 1822         |
|    iterations           | 119          |
|    time_elapsed         | 334          |
|    total_timesteps      | 609280       |
| train/                  |              |
|    approx_kl            | 0.0053687193 |
|    clip_fraction        | 0.0196       |
|    clip_range           | 0.2          |
|    entropy_loss         | -4.42        |
|    explained_variance   | 0.991        |
|    learning_rate        | 0.0003       |
|    loss                 | -0.00424     |
|    n_updates            | 1180         |
|    policy_gradient_loss | -0.00179     |
|    std                  | 1.05         |
|    value_loss           | 0.0253       |
------------------------------------------
------------------------------------------
| time/                   |              |
|    fps                  | 1822         |
|    iterations           | 120          |
|    time_elapsed         | 337          |
|    total_timesteps      | 614400       |
| train/                  |              |
|    approx_kl            | 0.0016960576 |
|    clip_fraction        | 0.000537     |
|    clip_range           | 0.2          |
|    entropy_loss         | -4.41        |
|    explained_variance   | 0.985        |
|    learning_rate        | 0.0003       |
|    loss                 | -0.00201     |
|    n_updates            | 1190         |
|    policy_gradient_loss | -0.000543    |
|    std                  | 1.05         |
|    value_loss           | 0.0355       |
------------------------------------------
------------------------------------------
| time/                   |              |
|    fps                  | 1822         |
|    iterations           | 121          |
|    time_elapsed         | 339          |
|    total_timesteps      | 619520       |
| train/                  |              |
|    approx_kl            | 0.0069752224 |
|    clip_fraction        | 0.0534       |
|    clip_range           | 0.2          |
|    entropy_loss         | -4.41        |
|    explained_variance   | 0.988        |
|    learning_rate        | 0.0003       |
|    loss                 | -0.0104      |
|    n_updates            | 1200         |
|    policy_gradient_loss | -0.00338     |
|    std                  | 1.05         |
|    value_loss           | 0.0313       |
------------------------------------------
-----------------------------------------
| time/                   |             |
|    fps                  | 1822        |
|    iterations           | 122         |
|    time_elapsed         | 342         |
|    total_timesteps      | 624640      |
| train/                  |             |
|    approx_kl            | 0.008634944 |
|    clip_fraction        | 0.0442      |
|    clip_range           | 0.2         |
|    entropy_loss         | -4.41       |
|    explained_variance   | 0.99        |
|    learning_rate        | 0.0003      |
|    loss                 | -0.00843    |
|    n_updates            | 1210        |
|    policy_gradient_loss | -0.0029     |
|    std                  | 1.05        |
|    value_loss           | 0.0268      |
-----------------------------------------
------------------------------------------
| time/                   |              |
|    fps                  | 1822         |
|    iterations           | 123          |
|    time_elapsed         | 345          |
|    total_timesteps      | 629760       |
| train/                  |              |
|    approx_kl            | 0.0037934016 |
|    clip_fraction        | 0.00467      |
|    clip_range           | 0.2          |
|    entropy_loss         | -4.41        |
|    explained_variance   | 0.993        |
|    learning_rate        | 0.0003       |
|    loss                 | -0.017       |
|    n_updates            | 1220         |
|    policy_gradient_loss | -0.0012      |
|    std                  | 1.06         |
|    value_loss           | 0.0161       |
------------------------------------------
-----------------------------------------
| time/                   |             |
|    fps                  | 1821        |
|    iterations           | 124         |
|    time_elapsed         | 348         |
|    total_timesteps      | 634880      |
| train/                  |             |
|    approx_kl            | 0.007646894 |
|    clip_fraction        | 0.03        |
|    clip_range           | 0.2         |
|    entropy_loss         | -4.42       |
|    explained_variance   | 0.935       |
|    learning_rate        | 0.0003      |
|    loss                 | 0.0212      |
|    n_updates            | 1230        |
|    policy_gradient_loss | -0.00273    |
|    std                  | 1.06        |
|    value_loss           | 0.179       |
-----------------------------------------
------------------------------------------
| time/                   |              |
|    fps                  | 1822         |
|    iterations           | 125          |
|    time_elapsed         | 351          |
|    total_timesteps      | 640000       |
| train/                  |              |
|    approx_kl            | 0.0036812455 |
|    clip_fraction        | 0.00563      |
|    clip_range           | 0.2          |
|    entropy_loss         | -4.43        |
|    explained_variance   | 0.993        |
|    learning_rate        | 0.0003       |
|    loss                 | -0.0129      |
|    n_updates            | 1240         |
|    policy_gradient_loss | -0.00143     |
|    std                  | 1.06         |
|    value_loss           | 0.0196       |
------------------------------------------
-----------------------------------------
| time/                   |             |
|    fps                  | 1822        |
|    iterations           | 126         |
|    time_elapsed         | 354         |
|    total_timesteps      | 645120      |
| train/                  |             |
|    approx_kl            | 0.004438086 |
|    clip_fraction        | 0.0238      |
|    clip_range           | 0.2         |
|    entropy_loss         | -4.42       |
|    explained_variance   | 0.99        |
|    learning_rate        | 0.0003      |
|    loss                 | -0.00823    |
|    n_updates            | 1250        |
|    policy_gradient_loss | -0.00186    |
|    std                  | 1.06        |
|    value_loss           | 0.0288      |
-----------------------------------------
------------------------------------------
| time/                   |              |
|    fps                  | 1822         |
|    iterations           | 127          |
|    time_elapsed         | 356          |
|    total_timesteps      | 650240       |
| train/                  |              |
|    approx_kl            | 0.0069904686 |
|    clip_fraction        | 0.034        |
|    clip_range           | 0.2          |
|    entropy_loss         | -4.42        |
|    explained_variance   | 0.993        |
|    learning_rate        | 0.0003       |
|    loss                 | -0.0112      |
|    n_updates            | 1260         |
|    policy_gradient_loss | -0.00204     |
|    std                  | 1.06         |
|    value_loss           | 0.0214       |
------------------------------------------
------------------------------------------
| time/                   |              |
|    fps                  | 1822         |
|    iterations           | 128          |
|    time_elapsed         | 359          |
|    total_timesteps      | 655360       |
| train/                  |              |
|    approx_kl            | 0.0030845145 |
|    clip_fraction        | 0.0129       |
|    clip_range           | 0.2          |
|    entropy_loss         | -4.42        |
|    explained_variance   | 0.984        |
|    learning_rate        | 0.0003       |
|    loss                 | -0.00475     |
|    n_updates            | 1270         |
|    policy_gradient_loss | -0.00139     |
|    std                  | 1.06         |
|    value_loss           | 0.0428       |
------------------------------------------
------------------------------------------
| time/                   |              |
|    fps                  | 1822         |
|    iterations           | 129          |
|    time_elapsed         | 362          |
|    total_timesteps      | 660480       |
| train/                  |              |
|    approx_kl            | 0.0015622334 |
|    clip_fraction        | 0.000537     |
|    clip_range           | 0.2          |
|    entropy_loss         | -4.43        |
|    explained_variance   | 0.941        |
|    learning_rate        | 0.0003       |
|    loss                 | 0.0298       |
|    n_updates            | 1280         |
|    policy_gradient_loss | -0.000331    |
|    std                  | 1.06         |
|    value_loss           | 0.137        |
------------------------------------------
------------------------------------------
| time/                   |              |
|    fps                  | 1822         |
|    iterations           | 130          |
|    time_elapsed         | 365          |
|    total_timesteps      | 665600       |
| train/                  |              |
|    approx_kl            | 0.0052663074 |
|    clip_fraction        | 0.0191       |
|    clip_range           | 0.2          |
|    entropy_loss         | -4.44        |
|    explained_variance   | 0.892        |
|    learning_rate        | 0.0003       |
|    loss                 | 0.0529       |
|    n_updates            | 1290         |
|    policy_gradient_loss | -0.00131     |
|    std                  | 1.06         |
|    value_loss           | 0.269        |
------------------------------------------
-----------------------------------------
| time/                   |             |
|    fps                  | 1822        |
|    iterations           | 131         |
|    time_elapsed         | 368         |
|    total_timesteps      | 670720      |
| train/                  |             |
|    approx_kl            | 0.005608365 |
|    clip_fraction        | 0.0277      |
|    clip_range           | 0.2         |
|    entropy_loss         | -4.43       |
|    explained_variance   | 0.985       |
|    learning_rate        | 0.0003      |
|    loss                 | -0.00562    |
|    n_updates            | 1300        |
|    policy_gradient_loss | -0.00173    |
|    std                  | 1.06        |
|    value_loss           | 0.032       |
-----------------------------------------
------------------------------------------
| time/                   |              |
|    fps                  | 1821         |
|    iterations           | 132          |
|    time_elapsed         | 370          |
|    total_timesteps      | 675840       |
| train/                  |              |
|    approx_kl            | 0.0020515292 |
|    clip_fraction        | 0.00184      |
|    clip_range           | 0.2          |
|    entropy_loss         | -4.43        |
|    explained_variance   | 0.99         |
|    learning_rate        | 0.0003       |
|    loss                 | -0.0153      |
|    n_updates            | 1310         |
|    policy_gradient_loss | -0.00142     |
|    std                  | 1.06         |
|    value_loss           | 0.0224       |
------------------------------------------
------------------------------------------
| time/                   |              |
|    fps                  | 1821         |
|    iterations           | 133          |
|    time_elapsed         | 373          |
|    total_timesteps      | 680960       |
| train/                  |              |
|    approx_kl            | 0.0052647428 |
|    clip_fraction        | 0.0508       |
|    clip_range           | 0.2          |
|    entropy_loss         | -4.44        |
|    explained_variance   | 0.991        |
|    learning_rate        | 0.0003       |
|    loss                 | -0.0134      |
|    n_updates            | 1320         |
|    policy_gradient_loss | -0.00251     |
|    std                  | 1.06         |
|    value_loss           | 0.0236       |
------------------------------------------
-----------------------------------------
| time/                   |             |
|    fps                  | 1821        |
|    iterations           | 134         |
|    time_elapsed         | 376         |
|    total_timesteps      | 686080      |
| train/                  |             |
|    approx_kl            | 0.005448858 |
|    clip_fraction        | 0.0155      |
|    clip_range           | 0.2         |
|    entropy_loss         | -4.44       |
|    explained_variance   | 0.991       |
|    learning_rate        | 0.0003      |
|    loss                 | -0.0121     |
|    n_updates            | 1330        |
|    policy_gradient_loss | -0.00122    |
|    std                  | 1.06        |
|    value_loss           | 0.0251      |
-----------------------------------------
-----------------------------------------
| time/                   |             |
|    fps                  | 1821        |
|    iterations           | 135         |
|    time_elapsed         | 379         |
|    total_timesteps      | 691200      |
| train/                  |             |
|    approx_kl            | 0.007880195 |
|    clip_fraction        | 0.041       |
|    clip_range           | 0.2         |
|    entropy_loss         | -4.44       |
|    explained_variance   | 0.988       |
|    learning_rate        | 0.0003      |
|    loss                 | -0.00699    |
|    n_updates            | 1340        |
|    policy_gradient_loss | -0.00192    |
|    std                  | 1.06        |
|    value_loss           | 0.0317      |
-----------------------------------------
-----------------------------------------
| time/                   |             |
|    fps                  | 1821        |
|    iterations           | 136         |
|    time_elapsed         | 382         |
|    total_timesteps      | 696320      |
| train/                  |             |
|    approx_kl            | 0.006018356 |
|    clip_fraction        | 0.0535      |
|    clip_range           | 0.2         |
|    entropy_loss         | -4.44       |
|    explained_variance   | 0.993       |
|    learning_rate        | 0.0003      |
|    loss                 | -0.0109     |
|    n_updates            | 1350        |
|    policy_gradient_loss | -0.00283    |
|    std                  | 1.06        |
|    value_loss           | 0.0181      |
-----------------------------------------
-----------------------------------------
| time/                   |             |
|    fps                  | 1821        |
|    iterations           | 137         |
|    time_elapsed         | 385         |
|    total_timesteps      | 701440      |
| train/                  |             |
|    approx_kl            | 0.009528433 |
|    clip_fraction        | 0.059       |
|    clip_range           | 0.2         |
|    entropy_loss         | -4.43       |
|    explained_variance   | 0.994       |
|    learning_rate        | 0.0003      |
|    loss                 | -0.012      |
|    n_updates            | 1360        |
|    policy_gradient_loss | -0.00337    |
|    std                  | 1.06        |
|    value_loss           | 0.0141      |
-----------------------------------------
------------------------------------------
| time/                   |              |
|    fps                  | 1821         |
|    iterations           | 138          |
|    time_elapsed         | 387          |
|    total_timesteps      | 706560       |
| train/                  |              |
|    approx_kl            | 0.0054664914 |
|    clip_fraction        | 0.0298       |
|    clip_range           | 0.2          |
|    entropy_loss         | -4.44        |
|    explained_variance   | 0.988        |
|    learning_rate        | 0.0003       |
|    loss                 | -0.00868     |
|    n_updates            | 1370         |
|    policy_gradient_loss | -0.00218     |
|    std                  | 1.06         |
|    value_loss           | 0.0287       |
------------------------------------------
------------------------------------------
| time/                   |              |
|    fps                  | 1821         |
|    iterations           | 139          |
|    time_elapsed         | 390          |
|    total_timesteps      | 711680       |
| train/                  |              |
|    approx_kl            | 0.0040242407 |
|    clip_fraction        | 0.0304       |
|    clip_range           | 0.2          |
|    entropy_loss         | -4.44        |
|    explained_variance   | 0.992        |
|    learning_rate        | 0.0003       |
|    loss                 | -0.0119      |
|    n_updates            | 1380         |
|    policy_gradient_loss | -0.00235     |
|    std                  | 1.06         |
|    value_loss           | 0.0218       |
------------------------------------------
------------------------------------------
| time/                   |              |
|    fps                  | 1821         |
|    iterations           | 140          |
|    time_elapsed         | 393          |
|    total_timesteps      | 716800       |
| train/                  |              |
|    approx_kl            | 0.0038561088 |
|    clip_fraction        | 0.0141       |
|    clip_range           | 0.2          |
|    entropy_loss         | -4.44        |
|    explained_variance   | 0.994        |
|    learning_rate        | 0.0003       |
|    loss                 | -0.0166      |
|    n_updates            | 1390         |
|    policy_gradient_loss | -0.00191     |
|    std                  | 1.07         |
|    value_loss           | 0.0167       |
------------------------------------------
-----------------------------------------
| time/                   |             |
|    fps                  | 1821        |
|    iterations           | 141         |
|    time_elapsed         | 396         |
|    total_timesteps      | 721920      |
| train/                  |             |
|    approx_kl            | 0.003711844 |
|    clip_fraction        | 0.00885     |
|    clip_range           | 0.2         |
|    entropy_loss         | -4.45       |
|    explained_variance   | 0.988       |
|    learning_rate        | 0.0003      |
|    loss                 | -0.0115     |
|    n_updates            | 1400        |
|    policy_gradient_loss | -0.00202    |
|    std                  | 1.07        |
|    value_loss           | 0.0271      |
-----------------------------------------
------------------------------------------
| time/                   |              |
|    fps                  | 1821         |
|    iterations           | 142          |
|    time_elapsed         | 399          |
|    total_timesteps      | 727040       |
| train/                  |              |
|    approx_kl            | 0.0061680824 |
|    clip_fraction        | 0.0368       |
|    clip_range           | 0.2          |
|    entropy_loss         | -4.45        |
|    explained_variance   | 0.916        |
|    learning_rate        | 0.0003       |
|    loss                 | 0.0493       |
|    n_updates            | 1410         |
|    policy_gradient_loss | -0.00327     |
|    std                  | 1.07         |
|    value_loss           | 0.249        |
------------------------------------------
----------------------------------------
| time/                   |            |
|    fps                  | 1821       |
|    iterations           | 143        |
|    time_elapsed         | 401        |
|    total_timesteps      | 732160     |
| train/                  |            |
|    approx_kl            | 0.00604067 |
|    clip_fraction        | 0.0179     |
|    clip_range           | 0.2        |
|    entropy_loss         | -4.46      |
|    explained_variance   | 0.989      |
|    learning_rate        | 0.0003     |
|    loss                 | -0.00541   |
|    n_updates            | 1420       |
|    policy_gradient_loss | -0.00141   |
|    std                  | 1.07       |
|    value_loss           | 0.026      |
----------------------------------------
------------------------------------------
| time/                   |              |
|    fps                  | 1821         |
|    iterations           | 144          |
|    time_elapsed         | 404          |
|    total_timesteps      | 737280       |
| train/                  |              |
|    approx_kl            | 0.0036885685 |
|    clip_fraction        | 0.0107       |
|    clip_range           | 0.2          |
|    entropy_loss         | -4.46        |
|    explained_variance   | 0.915        |
|    learning_rate        | 0.0003       |
|    loss                 | 0.0564       |
|    n_updates            | 1430         |
|    policy_gradient_loss | -0.00278     |
|    std                  | 1.07         |
|    value_loss           | 0.217        |
------------------------------------------
------------------------------------------
| time/                   |              |
|    fps                  | 1821         |
|    iterations           | 145          |
|    time_elapsed         | 407          |
|    total_timesteps      | 742400       |
| train/                  |              |
|    approx_kl            | 0.0039566853 |
|    clip_fraction        | 0.00628      |
|    clip_range           | 0.2          |
|    entropy_loss         | -4.46        |
|    explained_variance   | 0.995        |
|    learning_rate        | 0.0003       |
|    loss                 | -0.0152      |
|    n_updates            | 1440         |
|    policy_gradient_loss | -0.00176     |
|    std                  | 1.07         |
|    value_loss           | 0.0145       |
------------------------------------------
-----------------------------------------
| time/                   |             |
|    fps                  | 1820        |
|    iterations           | 146         |
|    time_elapsed         | 410         |
|    total_timesteps      | 747520      |
| train/                  |             |
|    approx_kl            | 0.004940536 |
|    clip_fraction        | 0.0146      |
|    clip_range           | 0.2         |
|    entropy_loss         | -4.46       |
|    explained_variance   | 0.996       |
|    learning_rate        | 0.0003      |
|    loss                 | -0.0177     |
|    n_updates            | 1450        |
|    policy_gradient_loss | -0.00255    |
|    std                  | 1.07        |
|    value_loss           | 0.0127      |
-----------------------------------------
-----------------------------------------
| time/                   |             |
|    fps                  | 1820        |
|    iterations           | 147         |
|    time_elapsed         | 413         |
|    total_timesteps      | 752640      |
| train/                  |             |
|    approx_kl            | 0.004428733 |
|    clip_fraction        | 0.0205      |
|    clip_range           | 0.2         |
|    entropy_loss         | -4.46       |
|    explained_variance   | 0.995       |
|    learning_rate        | 0.0003      |
|    loss                 | -0.0172     |
|    n_updates            | 1460        |
|    policy_gradient_loss | -0.00137    |
|    std                  | 1.07        |
|    value_loss           | 0.0128      |
-----------------------------------------
------------------------------------------
| time/                   |              |
|    fps                  | 1820         |
|    iterations           | 148          |
|    time_elapsed         | 416          |
|    total_timesteps      | 757760       |
| train/                  |              |
|    approx_kl            | 0.0069359173 |
|    clip_fraction        | 0.0519       |
|    clip_range           | 0.2          |
|    entropy_loss         | -4.47        |
|    explained_variance   | 0.996        |
|    learning_rate        | 0.0003       |
|    loss                 | -0.0202      |
|    n_updates            | 1470         |
|    policy_gradient_loss | -0.00311     |
|    std                  | 1.07         |
|    value_loss           | 0.0127       |
------------------------------------------
------------------------------------------
| time/                   |              |
|    fps                  | 1820         |
|    iterations           | 149          |
|    time_elapsed         | 419          |
|    total_timesteps      | 762880       |
| train/                  |              |
|    approx_kl            | 0.0070188106 |
|    clip_fraction        | 0.0196       |
|    clip_range           | 0.2          |
|    entropy_loss         | -4.46        |
|    explained_variance   | 0.928        |
|    learning_rate        | 0.0003       |
|    loss                 | 0.0623       |
|    n_updates            | 1480         |
|    policy_gradient_loss | -0.00201     |
|    std                  | 1.07         |
|    value_loss           | 0.241        |
------------------------------------------
-----------------------------------------
| time/                   |             |
|    fps                  | 1820        |
|    iterations           | 150         |
|    time_elapsed         | 421         |
|    total_timesteps      | 768000      |
| train/                  |             |
|    approx_kl            | 0.005212152 |
|    clip_fraction        | 0.0392      |
|    clip_range           | 0.2         |
|    entropy_loss         | -4.46       |
|    explained_variance   | 0.997       |
|    learning_rate        | 0.0003      |
|    loss                 | -0.022      |
|    n_updates            | 1490        |
|    policy_gradient_loss | -0.00423    |
|    std                  | 1.07        |
|    value_loss           | 0.00964     |
-----------------------------------------
------------------------------------------
| time/                   |              |
|    fps                  | 1819         |
|    iterations           | 151          |
|    time_elapsed         | 424          |
|    total_timesteps      | 773120       |
| train/                  |              |
|    approx_kl            | 0.0051907157 |
|    clip_fraction        | 0.0347       |
|    clip_range           | 0.2          |
|    entropy_loss         | -4.45        |
|    explained_variance   | 0.997        |
|    learning_rate        | 0.0003       |
|    loss                 | -0.02        |
|    n_updates            | 1500         |
|    policy_gradient_loss | -0.00326     |
|    std                  | 1.06         |
|    value_loss           | 0.0088       |
------------------------------------------
-----------------------------------------
| time/                   |             |
|    fps                  | 1819        |
|    iterations           | 152         |
|    time_elapsed         | 427         |
|    total_timesteps      | 778240      |
| train/                  |             |
|    approx_kl            | 0.004311926 |
|    clip_fraction        | 0.0251      |
|    clip_range           | 0.2         |
|    entropy_loss         | -4.44       |
|    explained_variance   | 0.998       |
|    learning_rate        | 0.0003      |
|    loss                 | -0.0185     |
|    n_updates            | 1510        |
|    policy_gradient_loss | -0.00203    |
|    std                  | 1.06        |
|    value_loss           | 0.00555     |
-----------------------------------------
------------------------------------------
| time/                   |              |
|    fps                  | 1820         |
|    iterations           | 153          |
|    time_elapsed         | 430          |
|    total_timesteps      | 783360       |
| train/                  |              |
|    approx_kl            | 0.0036485863 |
|    clip_fraction        | 0.0172       |
|    clip_range           | 0.2          |
|    entropy_loss         | -4.44        |
|    explained_variance   | 0.988        |
|    learning_rate        | 0.0003       |
|    loss                 | -0.012       |
|    n_updates            | 1520         |
|    policy_gradient_loss | -0.00263     |
|    std                  | 1.06         |
|    value_loss           | 0.0365       |
------------------------------------------
------------------------------------------
| time/                   |              |
|    fps                  | 1820         |
|    iterations           | 154          |
|    time_elapsed         | 433          |
|    total_timesteps      | 788480       |
| train/                  |              |
|    approx_kl            | 0.0038254661 |
|    clip_fraction        | 0.0403       |
|    clip_range           | 0.2          |
|    entropy_loss         | -4.44        |
|    explained_variance   | 0.99         |
|    learning_rate        | 0.0003       |
|    loss                 | -0.0138      |
|    n_updates            | 1530         |
|    policy_gradient_loss | -0.00228     |
|    std                  | 1.06         |
|    value_loss           | 0.0257       |
------------------------------------------
------------------------------------------
| time/                   |              |
|    fps                  | 1820         |
|    iterations           | 155          |
|    time_elapsed         | 435          |
|    total_timesteps      | 793600       |
| train/                  |              |
|    approx_kl            | 0.0052567907 |
|    clip_fraction        | 0.0284       |
|    clip_range           | 0.2          |
|    entropy_loss         | -4.44        |
|    explained_variance   | 0.907        |
|    learning_rate        | 0.0003       |
|    loss                 | 0.0967       |
|    n_updates            | 1540         |
|    policy_gradient_loss | -0.00155     |
|    std                  | 1.06         |
|    value_loss           | 0.286        |
------------------------------------------
------------------------------------------
| time/                   |              |
|    fps                  | 1820         |
|    iterations           | 156          |
|    time_elapsed         | 438          |
|    total_timesteps      | 798720       |
| train/                  |              |
|    approx_kl            | 0.0030443685 |
|    clip_fraction        | 0.00231      |
|    clip_range           | 0.2          |
|    entropy_loss         | -4.44        |
|    explained_variance   | 0.99         |
|    learning_rate        | 0.0003       |
|    loss                 | -0.00895     |
|    n_updates            | 1550         |
|    policy_gradient_loss | -0.00132     |
|    std                  | 1.06         |
|    value_loss           | 0.0245       |
------------------------------------------
------------------------------------------
| time/                   |              |
|    fps                  | 1820         |
|    iterations           | 157          |
|    time_elapsed         | 441          |
|    total_timesteps      | 803840       |
| train/                  |              |
|    approx_kl            | 0.0050660763 |
|    clip_fraction        | 0.0151       |
|    clip_range           | 0.2          |
|    entropy_loss         | -4.43        |
|    explained_variance   | 0.995        |
|    learning_rate        | 0.0003       |
|    loss                 | -0.0159      |
|    n_updates            | 1560         |
|    policy_gradient_loss | -0.00134     |
|    std                  | 1.06         |
|    value_loss           | 0.0128       |
------------------------------------------
------------------------------------------
| time/                   |              |
|    fps                  | 1819         |
|    iterations           | 158          |
|    time_elapsed         | 444          |
|    total_timesteps      | 808960       |
| train/                  |              |
|    approx_kl            | 0.0044443826 |
|    clip_fraction        | 0.00951      |
|    clip_range           | 0.2          |
|    entropy_loss         | -4.43        |
|    explained_variance   | 0.993        |
|    learning_rate        | 0.0003       |
|    loss                 | -0.0107      |
|    n_updates            | 1570         |
|    policy_gradient_loss | -0.000753    |
|    std                  | 1.06         |
|    value_loss           | 0.0178       |
------------------------------------------
-----------------------------------------
| time/                   |             |
|    fps                  | 1819        |
|    iterations           | 159         |
|    time_elapsed         | 447         |
|    total_timesteps      | 814080      |
| train/                  |             |
|    approx_kl            | 0.005108019 |
|    clip_fraction        | 0.0115      |
|    clip_range           | 0.2         |
|    entropy_loss         | -4.43       |
|    explained_variance   | 0.996       |
|    learning_rate        | 0.0003      |
|    loss                 | -0.0155     |
|    n_updates            | 1580        |
|    policy_gradient_loss | -0.00129    |
|    std                  | 1.06        |
|    value_loss           | 0.0115      |
-----------------------------------------
------------------------------------------
| time/                   |              |
|    fps                  | 1819         |
|    iterations           | 160          |
|    time_elapsed         | 450          |
|    total_timesteps      | 819200       |
| train/                  |              |
|    approx_kl            | 0.0046490696 |
|    clip_fraction        | 0.0658       |
|    clip_range           | 0.2          |
|    entropy_loss         | -4.43        |
|    explained_variance   | 0.993        |
|    learning_rate        | 0.0003       |
|    loss                 | -0.0107      |
|    n_updates            | 1590         |
|    policy_gradient_loss | -0.00362     |
|    std                  | 1.06         |
|    value_loss           | 0.0209       |
------------------------------------------
----------------------------------------
| time/                   |            |
|    fps                  | 1820       |
|    iterations           | 161        |
|    time_elapsed         | 452        |
|    total_timesteps      | 824320     |
| train/                  |            |
|    approx_kl            | 0.00396383 |
|    clip_fraction        | 0.056      |
|    clip_range           | 0.2        |
|    entropy_loss         | -4.43      |
|    explained_variance   | 0.994      |
|    learning_rate        | 0.0003     |
|    loss                 | -0.016     |
|    n_updates            | 1600       |
|    policy_gradient_loss | -0.00426   |
|    std                  | 1.06       |
|    value_loss           | 0.0159     |
----------------------------------------
------------------------------------------
| time/                   |              |
|    fps                  | 1820         |
|    iterations           | 162          |
|    time_elapsed         | 455          |
|    total_timesteps      | 829440       |
| train/                  |              |
|    approx_kl            | 0.0056374785 |
|    clip_fraction        | 0.0542       |
|    clip_range           | 0.2          |
|    entropy_loss         | -4.42        |
|    explained_variance   | 0.988        |
|    learning_rate        | 0.0003       |
|    loss                 | -0.00818     |
|    n_updates            | 1610         |
|    policy_gradient_loss | -0.00298     |
|    std                  | 1.06         |
|    value_loss           | 0.0311       |
------------------------------------------
-----------------------------------------
| time/                   |             |
|    fps                  | 1820        |
|    iterations           | 163         |
|    time_elapsed         | 458         |
|    total_timesteps      | 834560      |
| train/                  |             |
|    approx_kl            | 0.005752698 |
|    clip_fraction        | 0.102       |
|    clip_range           | 0.2         |
|    entropy_loss         | -4.43       |
|    explained_variance   | 0.994       |
|    learning_rate        | 0.0003      |
|    loss                 | -0.0214     |
|    n_updates            | 1620        |
|    policy_gradient_loss | -0.00576    |
|    std                  | 1.06        |
|    value_loss           | 0.0126      |
-----------------------------------------
------------------------------------------
| time/                   |              |
|    fps                  | 1820         |
|    iterations           | 164          |
|    time_elapsed         | 461          |
|    total_timesteps      | 839680       |
| train/                  |              |
|    approx_kl            | 0.0039079594 |
|    clip_fraction        | 0.0563       |
|    clip_range           | 0.2          |
|    entropy_loss         | -4.44        |
|    explained_variance   | 0.996        |
|    learning_rate        | 0.0003       |
|    loss                 | -0.0156      |
|    n_updates            | 1630         |
|    policy_gradient_loss | -0.00331     |
|    std                  | 1.07         |
|    value_loss           | 0.0103       |
------------------------------------------
------------------------------------------
| time/                   |              |
|    fps                  | 1820         |
|    iterations           | 165          |
|    time_elapsed         | 464          |
|    total_timesteps      | 844800       |
| train/                  |              |
|    approx_kl            | 0.0049729147 |
|    clip_fraction        | 0.0242       |
|    clip_range           | 0.2          |
|    entropy_loss         | -4.45        |
|    explained_variance   | 0.995        |
|    learning_rate        | 0.0003       |
|    loss                 | -0.0173      |
|    n_updates            | 1640         |
|    policy_gradient_loss | -0.00165     |
|    std                  | 1.07         |
|    value_loss           | 0.0124       |
------------------------------------------
------------------------------------------
| time/                   |              |
|    fps                  | 1820         |
|    iterations           | 166          |
|    time_elapsed         | 466          |
|    total_timesteps      | 849920       |
| train/                  |              |
|    approx_kl            | 0.0012750836 |
|    clip_fraction        | 0.000179     |
|    clip_range           | 0.2          |
|    entropy_loss         | -4.46        |
|    explained_variance   | 0.907        |
|    learning_rate        | 0.0003       |
|    loss                 | 0.177        |
|    n_updates            | 1650         |
|    policy_gradient_loss | -0.00026     |
|    std                  | 1.07         |
|    value_loss           | 0.278        |
------------------------------------------
------------------------------------------
| time/                   |              |
|    fps                  | 1820         |
|    iterations           | 167          |
|    time_elapsed         | 469          |
|    total_timesteps      | 855040       |
| train/                  |              |
|    approx_kl            | 0.0023147825 |
|    clip_fraction        | 0.00243      |
|    clip_range           | 0.2          |
|    entropy_loss         | -4.46        |
|    explained_variance   | 0.992        |
|    learning_rate        | 0.0003       |
|    loss                 | -0.0112      |
|    n_updates            | 1660         |
|    policy_gradient_loss | -0.00128     |
|    std                  | 1.07         |
|    value_loss           | 0.0213       |
------------------------------------------
------------------------------------------
| time/                   |              |
|    fps                  | 1820         |
|    iterations           | 168          |
|    time_elapsed         | 472          |
|    total_timesteps      | 860160       |
| train/                  |              |
|    approx_kl            | 0.0066800234 |
|    clip_fraction        | 0.0259       |
|    clip_range           | 0.2          |
|    entropy_loss         | -4.45        |
|    explained_variance   | 0.993        |
|    learning_rate        | 0.0003       |
|    loss                 | -0.0153      |
|    n_updates            | 1670         |
|    policy_gradient_loss | -0.00125     |
|    std                  | 1.06         |
|    value_loss           | 0.0225       |
------------------------------------------
----------------------------------------
| time/                   |            |
|    fps                  | 1820       |
|    iterations           | 169        |
|    time_elapsed         | 475        |
|    total_timesteps      | 865280     |
| train/                  |            |
|    approx_kl            | 0.00545869 |
|    clip_fraction        | 0.0222     |
|    clip_range           | 0.2        |
|    entropy_loss         | -4.44      |
|    explained_variance   | 0.994      |
|    learning_rate        | 0.0003     |
|    loss                 | -0.013     |
|    n_updates            | 1680       |
|    policy_gradient_loss | -0.0015    |
|    std                  | 1.06       |
|    value_loss           | 0.0177     |
----------------------------------------
-----------------------------------------
| time/                   |             |
|    fps                  | 1820        |
|    iterations           | 170         |
|    time_elapsed         | 478         |
|    total_timesteps      | 870400      |
| train/                  |             |
|    approx_kl            | 0.005035281 |
|    clip_fraction        | 0.0582      |
|    clip_range           | 0.2         |
|    entropy_loss         | -4.45       |
|    explained_variance   | 0.998       |
|    learning_rate        | 0.0003      |
|    loss                 | -0.00844    |
|    n_updates            | 1690        |
|    policy_gradient_loss | -0.00281    |
|    std                  | 1.07        |
|    value_loss           | 0.00706     |
-----------------------------------------
------------------------------------------
| time/                   |              |
|    fps                  | 1820         |
|    iterations           | 171          |
|    time_elapsed         | 480          |
|    total_timesteps      | 875520       |
| train/                  |              |
|    approx_kl            | 0.0031434062 |
|    clip_fraction        | 0.0199       |
|    clip_range           | 0.2          |
|    entropy_loss         | -4.45        |
|    explained_variance   | 0.998        |
|    learning_rate        | 0.0003       |
|    loss                 | -0.0162      |
|    n_updates            | 1700         |
|    policy_gradient_loss | -0.00197     |
|    std                  | 1.07         |
|    value_loss           | 0.00579      |
------------------------------------------
----------------------------------------
| time/                   |            |
|    fps                  | 1820       |
|    iterations           | 172        |
|    time_elapsed         | 483        |
|    total_timesteps      | 880640     |
| train/                  |            |
|    approx_kl            | 0.00448555 |
|    clip_fraction        | 0.0185     |
|    clip_range           | 0.2        |
|    entropy_loss         | -4.45      |
|    explained_variance   | 0.998      |
|    learning_rate        | 0.0003     |
|    loss                 | -0.0172    |
|    n_updates            | 1710       |
|    policy_gradient_loss | -0.00212   |
|    std                  | 1.07       |
|    value_loss           | 0.0053     |
----------------------------------------
------------------------------------------
| time/                   |              |
|    fps                  | 1820         |
|    iterations           | 173          |
|    time_elapsed         | 486          |
|    total_timesteps      | 885760       |
| train/                  |              |
|    approx_kl            | 0.0016415302 |
|    clip_fraction        | 0.000586     |
|    clip_range           | 0.2          |
|    entropy_loss         | -4.46        |
|    explained_variance   | 0.997        |
|    learning_rate        | 0.0003       |
|    loss                 | -0.0146      |
|    n_updates            | 1720         |
|    policy_gradient_loss | -0.000566    |
|    std                  | 1.07         |
|    value_loss           | 0.00989      |
------------------------------------------
-----------------------------------------
| time/                   |             |
|    fps                  | 1820        |
|    iterations           | 174         |
|    time_elapsed         | 489         |
|    total_timesteps      | 890880      |
| train/                  |             |
|    approx_kl            | 0.004081016 |
|    clip_fraction        | 0.0514      |
|    clip_range           | 0.2         |
|    entropy_loss         | -4.47       |
|    explained_variance   | 0.997       |
|    learning_rate        | 0.0003      |
|    loss                 | -0.0162     |
|    n_updates            | 1730        |
|    policy_gradient_loss | -0.00305    |
|    std                  | 1.07        |
|    value_loss           | 0.00918     |
-----------------------------------------
-----------------------------------------
| time/                   |             |
|    fps                  | 1820        |
|    iterations           | 175         |
|    time_elapsed         | 492         |
|    total_timesteps      | 896000      |
| train/                  |             |
|    approx_kl            | 0.004605962 |
|    clip_fraction        | 0.0678      |
|    clip_range           | 0.2         |
|    entropy_loss         | -4.47       |
|    explained_variance   | 0.993       |
|    learning_rate        | 0.0003      |
|    loss                 | -0.00996    |
|    n_updates            | 1740        |
|    policy_gradient_loss | -0.00284    |
|    std                  | 1.08        |
|    value_loss           | 0.0211      |
-----------------------------------------
-----------------------------------------
| time/                   |             |
|    fps                  | 1821        |
|    iterations           | 176         |
|    time_elapsed         | 494         |
|    total_timesteps      | 901120      |
| train/                  |             |
|    approx_kl            | 0.006057503 |
|    clip_fraction        | 0.0221      |
|    clip_range           | 0.2         |
|    entropy_loss         | -4.48       |
|    explained_variance   | 0.994       |
|    learning_rate        | 0.0003      |
|    loss                 | -0.0159     |
|    n_updates            | 1750        |
|    policy_gradient_loss | -0.00125    |
|    std                  | 1.08        |
|    value_loss           | 0.02        |
-----------------------------------------
-----------------------------------------
| time/                   |             |
|    fps                  | 1823        |
|    iterations           | 177         |
|    time_elapsed         | 497         |
|    total_timesteps      | 906240      |
| train/                  |             |
|    approx_kl            | 0.004611697 |
|    clip_fraction        | 0.0149      |
|    clip_range           | 0.2         |
|    entropy_loss         | -4.48       |
|    explained_variance   | 0.999       |
|    learning_rate        | 0.0003      |
|    loss                 | -0.0214     |
|    n_updates            | 1760        |
|    policy_gradient_loss | -0.00375    |
|    std                  | 1.08        |
|    value_loss           | 0.00325     |
-----------------------------------------
------------------------------------------
| time/                   |              |
|    fps                  | 1824         |
|    iterations           | 178          |
|    time_elapsed         | 499          |
|    total_timesteps      | 911360       |
| train/                  |              |
|    approx_kl            | 0.0037661635 |
|    clip_fraction        | 0.0636       |
|    clip_range           | 0.2          |
|    entropy_loss         | -4.48        |
|    explained_variance   | 0.994        |
|    learning_rate        | 0.0003       |
|    loss                 | -0.017       |
|    n_updates            | 1770         |
|    policy_gradient_loss | -0.00345     |
|    std                  | 1.08         |
|    value_loss           | 0.013        |
------------------------------------------
-----------------------------------------
| time/                   |             |
|    fps                  | 1825        |
|    iterations           | 179         |
|    time_elapsed         | 501         |
|    total_timesteps      | 916480      |
| train/                  |             |
|    approx_kl            | 0.007239698 |
|    clip_fraction        | 0.0809      |
|    clip_range           | 0.2         |
|    entropy_loss         | -4.49       |
|    explained_variance   | 0.998       |
|    learning_rate        | 0.0003      |
|    loss                 | -0.0192     |
|    n_updates            | 1780        |
|    policy_gradient_loss | -0.00394    |
|    std                  | 1.08        |
|    value_loss           | 0.00766     |
-----------------------------------------
------------------------------------------
| time/                   |              |
|    fps                  | 1828         |
|    iterations           | 180          |
|    time_elapsed         | 504          |
|    total_timesteps      | 921600       |
| train/                  |              |
|    approx_kl            | 0.0038269637 |
|    clip_fraction        | 0.0353       |
|    clip_range           | 0.2          |
|    entropy_loss         | -4.5         |
|    explained_variance   | 0.998        |
|    learning_rate        | 0.0003       |
|    loss                 | -0.0164      |
|    n_updates            | 1790         |
|    policy_gradient_loss | -0.0025      |
|    std                  | 1.08         |
|    value_loss           | 0.00605      |
------------------------------------------
------------------------------------------
| time/                   |              |
|    fps                  | 1830         |
|    iterations           | 181          |
|    time_elapsed         | 506          |
|    total_timesteps      | 926720       |
| train/                  |              |
|    approx_kl            | 0.0026975123 |
|    clip_fraction        | 0.00563      |
|    clip_range           | 0.2          |
|    entropy_loss         | -4.49        |
|    explained_variance   | 0.998        |
|    learning_rate        | 0.0003       |
|    loss                 | -0.0148      |
|    n_updates            | 1800         |
|    policy_gradient_loss | -0.000975    |
|    std                  | 1.08         |
|    value_loss           | 0.00767      |
------------------------------------------
------------------------------------------
| time/                   |              |
|    fps                  | 1832         |
|    iterations           | 182          |
|    time_elapsed         | 508          |
|    total_timesteps      | 931840       |
| train/                  |              |
|    approx_kl            | 0.0045963377 |
|    clip_fraction        | 0.0266       |
|    clip_range           | 0.2          |
|    entropy_loss         | -4.49        |
|    explained_variance   | 0.998        |
|    learning_rate        | 0.0003       |
|    loss                 | -0.0197      |
|    n_updates            | 1810         |
|    policy_gradient_loss | -0.0027      |
|    std                  | 1.08         |
|    value_loss           | 0.00685      |
------------------------------------------
-----------------------------------------
| time/                   |             |
|    fps                  | 1835        |
|    iterations           | 183         |
|    time_elapsed         | 510         |
|    total_timesteps      | 936960      |
| train/                  |             |
|    approx_kl            | 0.008227319 |
|    clip_fraction        | 0.0768      |
|    clip_range           | 0.2         |
|    entropy_loss         | -4.5        |
|    explained_variance   | 0.994       |
|    learning_rate        | 0.0003      |
|    loss                 | -0.0162     |
|    n_updates            | 1820        |
|    policy_gradient_loss | -0.00289    |
|    std                  | 1.09        |
|    value_loss           | 0.0188      |
-----------------------------------------
------------------------------------------
| time/                   |              |
|    fps                  | 1837         |
|    iterations           | 184          |
|    time_elapsed         | 512          |
|    total_timesteps      | 942080       |
| train/                  |              |
|    approx_kl            | 0.0047652996 |
|    clip_fraction        | 0.0451       |
|    clip_range           | 0.2          |
|    entropy_loss         | -4.51        |
|    explained_variance   | 0.998        |
|    learning_rate        | 0.0003       |
|    loss                 | -0.0218      |
|    n_updates            | 1830         |
|    policy_gradient_loss | -0.00291     |
|    std                  | 1.09         |
|    value_loss           | 0.0063       |
------------------------------------------
------------------------------------------
| time/                   |              |
|    fps                  | 1840         |
|    iterations           | 185          |
|    time_elapsed         | 514          |
|    total_timesteps      | 947200       |
| train/                  |              |
|    approx_kl            | 0.0037888607 |
|    clip_fraction        | 0.0164       |
|    clip_range           | 0.2          |
|    entropy_loss         | -4.51        |
|    explained_variance   | 0.999        |
|    learning_rate        | 0.0003       |
|    loss                 | -0.0175      |
|    n_updates            | 1840         |
|    policy_gradient_loss | -0.00194     |
|    std                  | 1.09         |
|    value_loss           | 0.00418      |
------------------------------------------
------------------------------------------
| time/                   |              |
|    fps                  | 1843         |
|    iterations           | 186          |
|    time_elapsed         | 516          |
|    total_timesteps      | 952320       |
| train/                  |              |
|    approx_kl            | 0.0025898803 |
|    clip_fraction        | 0.0114       |
|    clip_range           | 0.2          |
|    entropy_loss         | -4.52        |
|    explained_variance   | 0.998        |
|    learning_rate        | 0.0003       |
|    loss                 | -0.0185      |
|    n_updates            | 1850         |
|    policy_gradient_loss | -0.00273     |
|    std                  | 1.09         |
|    value_loss           | 0.00531      |
------------------------------------------
------------------------------------------
| time/                   |              |
|    fps                  | 1847         |
|    iterations           | 187          |
|    time_elapsed         | 518          |
|    total_timesteps      | 957440       |
| train/                  |              |
|    approx_kl            | 0.0056261444 |
|    clip_fraction        | 0.0192       |
|    clip_range           | 0.2          |
|    entropy_loss         | -4.53        |
|    explained_variance   | 0.993        |
|    learning_rate        | 0.0003       |
|    loss                 | -0.0044      |
|    n_updates            | 1860         |
|    policy_gradient_loss | -0.000953    |
|    std                  | 1.1          |
|    value_loss           | 0.0196       |
------------------------------------------
------------------------------------------
| time/                   |              |
|    fps                  | 1851         |
|    iterations           | 188          |
|    time_elapsed         | 519          |
|    total_timesteps      | 962560       |
| train/                  |              |
|    approx_kl            | 0.0025221175 |
|    clip_fraction        | 0.0202       |
|    clip_range           | 0.2          |
|    entropy_loss         | -4.54        |
|    explained_variance   | 0.995        |
|    learning_rate        | 0.0003       |
|    loss                 | -0.0173      |
|    n_updates            | 1870         |
|    policy_gradient_loss | -0.0016      |
|    std                  | 1.1          |
|    value_loss           | 0.0145       |
------------------------------------------
-----------------------------------------
| time/                   |             |
|    fps                  | 1853        |
|    iterations           | 189         |
|    time_elapsed         | 521         |
|    total_timesteps      | 967680      |
| train/                  |             |
|    approx_kl            | 0.004293704 |
|    clip_fraction        | 0.033       |
|    clip_range           | 0.2         |
|    entropy_loss         | -4.55       |
|    explained_variance   | 0.909       |
|    learning_rate        | 0.0003      |
|    loss                 | 0.0574      |
|    n_updates            | 1880        |
|    policy_gradient_loss | -0.00193    |
|    std                  | 1.1         |
|    value_loss           | 0.297       |
-----------------------------------------
------------------------------------------
| time/                   |              |
|    fps                  | 1858         |
|    iterations           | 190          |
|    time_elapsed         | 523          |
|    total_timesteps      | 972800       |
| train/                  |              |
|    approx_kl            | 0.0053582205 |
|    clip_fraction        | 0.0589       |
|    clip_range           | 0.2          |
|    entropy_loss         | -4.55        |
|    explained_variance   | 0.994        |
|    learning_rate        | 0.0003       |
|    loss                 | -0.0178      |
|    n_updates            | 1890         |
|    policy_gradient_loss | -0.00353     |
|    std                  | 1.1          |
|    value_loss           | 0.0156       |
------------------------------------------
------------------------------------------
| time/                   |              |
|    fps                  | 1863         |
|    iterations           | 191          |
|    time_elapsed         | 524          |
|    total_timesteps      | 977920       |
| train/                  |              |
|    approx_kl            | 0.0048004217 |
|    clip_fraction        | 0.0364       |
|    clip_range           | 0.2          |
|    entropy_loss         | -4.55        |
|    explained_variance   | 0.995        |
|    learning_rate        | 0.0003       |
|    loss                 | -0.00909     |
|    n_updates            | 1900         |
|    policy_gradient_loss | -0.00194     |
|    std                  | 1.1          |
|    value_loss           | 0.0119       |
------------------------------------------
-----------------------------------------
| time/                   |             |
|    fps                  | 1868        |
|    iterations           | 192         |
|    time_elapsed         | 526         |
|    total_timesteps      | 983040      |
| train/                  |             |
|    approx_kl            | 0.008156811 |
|    clip_fraction        | 0.0493      |
|    clip_range           | 0.2         |
|    entropy_loss         | -4.55       |
|    explained_variance   | 0.995       |
|    learning_rate        | 0.0003      |
|    loss                 | -0.0108     |
|    n_updates            | 1910        |
|    policy_gradient_loss | -0.00237    |
|    std                  | 1.1         |
|    value_loss           | 0.0108      |
-----------------------------------------
-----------------------------------------
| time/                   |             |
|    fps                  | 1874        |
|    iterations           | 193         |
|    time_elapsed         | 527         |
|    total_timesteps      | 988160      |
| train/                  |             |
|    approx_kl            | 0.002217665 |
|    clip_fraction        | 0.00488     |
|    clip_range           | 0.2         |
|    entropy_loss         | -4.55       |
|    explained_variance   | 0.996       |
|    learning_rate        | 0.0003      |
|    loss                 | -0.0198     |
|    n_updates            | 1920        |
|    policy_gradient_loss | -0.00165    |
|    std                  | 1.1         |
|    value_loss           | 0.011       |
-----------------------------------------
-----------------------------------------
| time/                   |             |
|    fps                  | 1879        |
|    iterations           | 194         |
|    time_elapsed         | 528         |
|    total_timesteps      | 993280      |
| train/                  |             |
|    approx_kl            | 0.003225459 |
|    clip_fraction        | 0.0128      |
|    clip_range           | 0.2         |
|    entropy_loss         | -4.54       |
|    explained_variance   | 0.995       |
|    learning_rate        | 0.0003      |
|    loss                 | -0.0146     |
|    n_updates            | 1930        |
|    policy_gradient_loss | -0.00196    |
|    std                  | 1.1         |
|    value_loss           | 0.0151      |
-----------------------------------------
-----------------------------------------
| time/                   |             |
|    fps                  | 1884        |
|    iterations           | 195         |
|    time_elapsed         | 529         |
|    total_timesteps      | 998400      |
| train/                  |             |
|    approx_kl            | 0.005759954 |
|    clip_fraction        | 0.024       |
|    clip_range           | 0.2         |
|    entropy_loss         | -4.54       |
|    explained_variance   | 0.996       |
|    learning_rate        | 0.0003      |
|    loss                 | -0.0163     |
|    n_updates            | 1940        |
|    policy_gradient_loss | -0.00206    |
|    std                  | 1.1         |
|    value_loss           | 0.0105      |
-----------------------------------------
------------------------------------------
| time/                   |              |
|    fps                  | 1889         |
|    iterations           | 196          |
|    time_elapsed         | 531          |
|    total_timesteps      | 1003520      |
| train/                  |              |
|    approx_kl            | 0.0061609447 |
|    clip_fraction        | 0.0537       |
|    clip_range           | 0.2          |
|    entropy_loss         | -4.53        |
|    explained_variance   | 0.993        |
|    learning_rate        | 0.0003       |
|    loss                 | -0.0105      |
|    n_updates            | 1950         |
|    policy_gradient_loss | -0.00357     |
|    std                  | 1.09         |
|    value_loss           | 0.0189       |
------------------------------------------
------------------------------------------
| time/                   |              |
|    fps                  | 1894         |
|    iterations           | 197          |
|    time_elapsed         | 532          |
|    total_timesteps      | 1008640      |
| train/                  |              |
|    approx_kl            | 0.0039719394 |
|    clip_fraction        | 0.00711      |
|    clip_range           | 0.2          |
|    entropy_loss         | -4.53        |
|    explained_variance   | 0.995        |
|    learning_rate        | 0.0003       |
|    loss                 | -0.02        |
|    n_updates            | 1960         |
|    policy_gradient_loss | -0.00206     |
|    std                  | 1.09         |
|    value_loss           | 0.0126       |
------------------------------------------
----------------------------------------
| time/                   |            |
|    fps                  | 1899       |
|    iterations           | 198        |
|    time_elapsed         | 533        |
|    total_timesteps      | 1013760    |
| train/                  |            |
|    approx_kl            | 0.00673403 |
|    clip_fraction        | 0.0663     |
|    clip_range           | 0.2        |
|    entropy_loss         | -4.52      |
|    explained_variance   | 0.996      |
|    learning_rate        | 0.0003     |
|    loss                 | -0.0223    |
|    n_updates            | 1970       |
|    policy_gradient_loss | -0.0036    |
|    std                  | 1.09       |
|    value_loss           | 0.0106     |
----------------------------------------
------------------------------------------
| time/                   |              |
|    fps                  | 1904         |
|    iterations           | 199          |
|    time_elapsed         | 535          |
|    total_timesteps      | 1018880      |
| train/                  |              |
|    approx_kl            | 0.0038562233 |
|    clip_fraction        | 0.0172       |
|    clip_range           | 0.2          |
|    entropy_loss         | -4.52        |
|    explained_variance   | 0.996        |
|    learning_rate        | 0.0003       |
|    loss                 | -0.0188      |
|    n_updates            | 1980         |
|    policy_gradient_loss | -0.00195     |
|    std                  | 1.09         |
|    value_loss           | 0.0114       |
------------------------------------------
-----------------------------------------
| time/                   |             |
|    fps                  | 1909        |
|    iterations           | 200         |
|    time_elapsed         | 536         |
|    total_timesteps      | 1024000     |
| train/                  |             |
|    approx_kl            | 0.005029553 |
|    clip_fraction        | 0.0298      |
|    clip_range           | 0.2         |
|    entropy_loss         | -4.52       |
|    explained_variance   | 0.998       |
|    learning_rate        | 0.0003      |
|    loss                 | -0.0216     |
|    n_updates            | 1990        |
|    policy_gradient_loss | -0.00274    |
|    std                  | 1.09        |
|    value_loss           | 0.00706     |
-----------------------------------------
-----------------------------------------
| time/                   |             |
|    fps                  | 1913        |
|    iterations           | 201         |
|    time_elapsed         | 537         |
|    total_timesteps      | 1029120     |
| train/                  |             |
|    approx_kl            | 0.005894384 |
|    clip_fraction        | 0.052       |
|    clip_range           | 0.2         |
|    entropy_loss         | -4.51       |
|    explained_variance   | 0.998       |
|    learning_rate        | 0.0003      |
|    loss                 | -0.0201     |
|    n_updates            | 2000        |
|    policy_gradient_loss | -0.00287    |
|    std                  | 1.09        |
|    value_loss           | 0.00706     |
-----------------------------------------
------------------------------------------
| time/                   |              |
|    fps                  | 1919         |
|    iterations           | 202          |
|    time_elapsed         | 538          |
|    total_timesteps      | 1034240      |
| train/                  |              |
|    approx_kl            | 0.0026083372 |
|    clip_fraction        | 0.0264       |
|    clip_range           | 0.2          |
|    entropy_loss         | -4.5         |
|    explained_variance   | 0.994        |
|    learning_rate        | 0.0003       |
|    loss                 | -0.0131      |
|    n_updates            | 2010         |
|    policy_gradient_loss | -0.00121     |
|    std                  | 1.09         |
|    value_loss           | 0.0168       |
------------------------------------------
------------------------------------------
| time/                   |              |
|    fps                  | 1923         |
|    iterations           | 203          |
|    time_elapsed         | 540          |
|    total_timesteps      | 1039360      |
| train/                  |              |
|    approx_kl            | 0.0024399348 |
|    clip_fraction        | 0.0231       |
|    clip_range           | 0.2          |
|    entropy_loss         | -4.5         |
|    explained_variance   | 0.998        |
|    learning_rate        | 0.0003       |
|    loss                 | -0.0178      |
|    n_updates            | 2020         |
|    policy_gradient_loss | -0.0021      |
|    std                  | 1.09         |
|    value_loss           | 0.00615      |
------------------------------------------
------------------------------------------
| time/                   |              |
|    fps                  | 1928         |
|    iterations           | 204          |
|    time_elapsed         | 541          |
|    total_timesteps      | 1044480      |
| train/                  |              |
|    approx_kl            | 0.0073450753 |
|    clip_fraction        | 0.0477       |
|    clip_range           | 0.2          |
|    entropy_loss         | -4.51        |
|    explained_variance   | 0.994        |
|    learning_rate        | 0.0003       |
|    loss                 | -0.0206      |
|    n_updates            | 2030         |
|    policy_gradient_loss | -0.00212     |
|    std                  | 1.09         |
|    value_loss           | 0.0151       |
------------------------------------------
------------------------------------------
| time/                   |              |
|    fps                  | 1932         |
|    iterations           | 205          |
|    time_elapsed         | 543          |
|    total_timesteps      | 1049600      |
| train/                  |              |
|    approx_kl            | 0.0033314575 |
|    clip_fraction        | 0.0149       |
|    clip_range           | 0.2          |
|    entropy_loss         | -4.51        |
|    explained_variance   | 0.998        |
|    learning_rate        | 0.0003       |
|    loss                 | -0.0187      |
|    n_updates            | 2040         |
|    policy_gradient_loss | -0.00282     |
|    std                  | 1.09         |
|    value_loss           | 0.0061       |
------------------------------------------
------------------------------------------
| time/                   |              |
|    fps                  | 1938         |
|    iterations           | 206          |
|    time_elapsed         | 544          |
|    total_timesteps      | 1054720      |
| train/                  |              |
|    approx_kl            | 0.0028887028 |
|    clip_fraction        | 0.0228       |
|    clip_range           | 0.2          |
|    entropy_loss         | -4.51        |
|    explained_variance   | 0.999        |
|    learning_rate        | 0.0003       |
|    loss                 | -0.0254      |
|    n_updates            | 2050         |
|    policy_gradient_loss | -0.00186     |
|    std                  | 1.09         |
|    value_loss           | 0.00387      |
------------------------------------------
-----------------------------------------
| time/                   |             |
|    fps                  | 1942        |
|    iterations           | 207         |
|    time_elapsed         | 545         |
|    total_timesteps      | 1059840     |
| train/                  |             |
|    approx_kl            | 0.005157987 |
|    clip_fraction        | 0.0325      |
|    clip_range           | 0.2         |
|    entropy_loss         | -4.51       |
|    explained_variance   | 0.996       |
|    learning_rate        | 0.0003      |
|    loss                 | -0.0147     |
|    n_updates            | 2060        |
|    policy_gradient_loss | -0.00274    |
|    std                  | 1.09        |
|    value_loss           | 0.0119      |
-----------------------------------------
------------------------------------------
| time/                   |              |
|    fps                  | 1947         |
|    iterations           | 208          |
|    time_elapsed         | 546          |
|    total_timesteps      | 1064960      |
| train/                  |              |
|    approx_kl            | 0.0059298985 |
|    clip_fraction        | 0.0407       |
|    clip_range           | 0.2          |
|    entropy_loss         | -4.52        |
|    explained_variance   | 0.998        |
|    learning_rate        | 0.0003       |
|    loss                 | -0.0159      |
|    n_updates            | 2070         |
|    policy_gradient_loss | -0.00276     |
|    std                  | 1.09         |
|    value_loss           | 0.00592      |
------------------------------------------
-----------------------------------------
| time/                   |             |
|    fps                  | 1952        |
|    iterations           | 209         |
|    time_elapsed         | 548         |
|    total_timesteps      | 1070080     |
| train/                  |             |
|    approx_kl            | 0.008071717 |
|    clip_fraction        | 0.0354      |
|    clip_range           | 0.2         |
|    entropy_loss         | -4.52       |
|    explained_variance   | 0.996       |
|    learning_rate        | 0.0003      |
|    loss                 | -0.00968    |
|    n_updates            | 2080        |
|    policy_gradient_loss | -0.00201    |
|    std                  | 1.09        |
|    value_loss           | 0.0122      |
-----------------------------------------
------------------------------------------
| time/                   |              |
|    fps                  | 1956         |
|    iterations           | 210          |
|    time_elapsed         | 549          |
|    total_timesteps      | 1075200      |
| train/                  |              |
|    approx_kl            | 0.0038299374 |
|    clip_fraction        | 0.0243       |
|    clip_range           | 0.2          |
|    entropy_loss         | -4.52        |
|    explained_variance   | 0.998        |
|    learning_rate        | 0.0003       |
|    loss                 | -0.0195      |
|    n_updates            | 2090         |
|    policy_gradient_loss | -0.00149     |
|    std                  | 1.09         |
|    value_loss           | 0.00624      |
------------------------------------------
------------------------------------------
| time/                   |              |
|    fps                  | 1960         |
|    iterations           | 211          |
|    time_elapsed         | 551          |
|    total_timesteps      | 1080320      |
| train/                  |              |
|    approx_kl            | 0.0040462846 |
|    clip_fraction        | 0.0401       |
|    clip_range           | 0.2          |
|    entropy_loss         | -4.51        |
|    explained_variance   | 0.999        |
|    learning_rate        | 0.0003       |
|    loss                 | -0.0158      |
|    n_updates            | 2100         |
|    policy_gradient_loss | -0.00259     |
|    std                  | 1.09         |
|    value_loss           | 0.00237      |
------------------------------------------
------------------------------------------
| time/                   |              |
|    fps                  | 1959         |
|    iterations           | 212          |
|    time_elapsed         | 553          |
|    total_timesteps      | 1085440      |
| train/                  |              |
|    approx_kl            | 0.0042817155 |
|    clip_fraction        | 0.0277       |
|    clip_range           | 0.2          |
|    entropy_loss         | -4.51        |
|    explained_variance   | 0.995        |
|    learning_rate        | 0.0003       |
|    loss                 | -0.0108      |
|    n_updates            | 2110         |
|    policy_gradient_loss | -0.00168     |
|    std                  | 1.09         |
|    value_loss           | 0.0137       |
------------------------------------------
------------------------------------------
| time/                   |              |
|    fps                  | 1958         |
|    iterations           | 213          |
|    time_elapsed         | 556          |
|    total_timesteps      | 1090560      |
| train/                  |              |
|    approx_kl            | 0.0052126697 |
|    clip_fraction        | 0.0188       |
|    clip_range           | 0.2          |
|    entropy_loss         | -4.5         |
|    explained_variance   | 0.998        |
|    learning_rate        | 0.0003       |
|    loss                 | -0.0216      |
|    n_updates            | 2120         |
|    policy_gradient_loss | -0.00232     |
|    std                  | 1.08         |
|    value_loss           | 0.00424      |
------------------------------------------
-----------------------------------------
| time/                   |             |
|    fps                  | 1957        |
|    iterations           | 214         |
|    time_elapsed         | 559         |
|    total_timesteps      | 1095680     |
| train/                  |             |
|    approx_kl            | 0.004259367 |
|    clip_fraction        | 0.0301      |
|    clip_range           | 0.2         |
|    entropy_loss         | -4.5        |
|    explained_variance   | 0.999       |
|    learning_rate        | 0.0003      |
|    loss                 | -0.0196     |
|    n_updates            | 2130        |
|    policy_gradient_loss | -0.00204    |
|    std                  | 1.08        |
|    value_loss           | 0.00415     |
-----------------------------------------
------------------------------------------
| time/                   |              |
|    fps                  | 1956         |
|    iterations           | 215          |
|    time_elapsed         | 562          |
|    total_timesteps      | 1100800      |
| train/                  |              |
|    approx_kl            | 0.0024167586 |
|    clip_fraction        | 0.0267       |
|    clip_range           | 0.2          |
|    entropy_loss         | -4.5         |
|    explained_variance   | 0.995        |
|    learning_rate        | 0.0003       |
|    loss                 | -0.0186      |
|    n_updates            | 2140         |
|    policy_gradient_loss | -0.00201     |
|    std                  | 1.09         |
|    value_loss           | 0.0149       |
------------------------------------------
------------------------------------------
| time/                   |              |
|    fps                  | 1955         |
|    iterations           | 216          |
|    time_elapsed         | 565          |
|    total_timesteps      | 1105920      |
| train/                  |              |
|    approx_kl            | 0.0032109476 |
|    clip_fraction        | 0.0154       |
|    clip_range           | 0.2          |
|    entropy_loss         | -4.51        |
|    explained_variance   | 0.999        |
|    learning_rate        | 0.0003       |
|    loss                 | -0.0174      |
|    n_updates            | 2150         |
|    policy_gradient_loss | -0.00149     |
|    std                  | 1.09         |
|    value_loss           | 0.00281      |
------------------------------------------
------------------------------------------
| time/                   |              |
|    fps                  | 1954         |
|    iterations           | 217          |
|    time_elapsed         | 568          |
|    total_timesteps      | 1111040      |
| train/                  |              |
|    approx_kl            | 0.0065955855 |
|    clip_fraction        | 0.0313       |
|    clip_range           | 0.2          |
|    entropy_loss         | -4.51        |
|    explained_variance   | 0.999        |
|    learning_rate        | 0.0003       |
|    loss                 | -0.0209      |
|    n_updates            | 2160         |
|    policy_gradient_loss | -0.00208     |
|    std                  | 1.09         |
|    value_loss           | 0.00222      |
------------------------------------------
------------------------------------------
| time/                   |              |
|    fps                  | 1954         |
|    iterations           | 218          |
|    time_elapsed         | 571          |
|    total_timesteps      | 1116160      |
| train/                  |              |
|    approx_kl            | 0.0070447694 |
|    clip_fraction        | 0.0528       |
|    clip_range           | 0.2          |
|    entropy_loss         | -4.51        |
|    explained_variance   | 0.999        |
|    learning_rate        | 0.0003       |
|    loss                 | -0.0236      |
|    n_updates            | 2170         |
|    policy_gradient_loss | -0.00339     |
|    std                  | 1.09         |
|    value_loss           | 0.00227      |
------------------------------------------
------------------------------------------
| time/                   |              |
|    fps                  | 1953         |
|    iterations           | 219          |
|    time_elapsed         | 573          |
|    total_timesteps      | 1121280      |
| train/                  |              |
|    approx_kl            | 0.0041330536 |
|    clip_fraction        | 0.0219       |
|    clip_range           | 0.2          |
|    entropy_loss         | -4.53        |
|    explained_variance   | 0.997        |
|    learning_rate        | 0.0003       |
|    loss                 | -0.0211      |
|    n_updates            | 2180         |
|    policy_gradient_loss | -0.00217     |
|    std                  | 1.09         |
|    value_loss           | 0.00735      |
------------------------------------------
------------------------------------------
| time/                   |              |
|    fps                  | 1952         |
|    iterations           | 220          |
|    time_elapsed         | 576          |
|    total_timesteps      | 1126400      |
| train/                  |              |
|    approx_kl            | 0.0044407407 |
|    clip_fraction        | 0.0161       |
|    clip_range           | 0.2          |
|    entropy_loss         | -4.53        |
|    explained_variance   | 0.999        |
|    learning_rate        | 0.0003       |
|    loss                 | -0.0198      |
|    n_updates            | 2190         |
|    policy_gradient_loss | -0.00181     |
|    std                  | 1.1          |
|    value_loss           | 0.00324      |
------------------------------------------
------------------------------------------
| time/                   |              |
|    fps                  | 1951         |
|    iterations           | 221          |
|    time_elapsed         | 579          |
|    total_timesteps      | 1131520      |
| train/                  |              |
|    approx_kl            | 0.0015813798 |
|    clip_fraction        | 0.0159       |
|    clip_range           | 0.2          |
|    entropy_loss         | -4.53        |
|    explained_variance   | 0.997        |
|    learning_rate        | 0.0003       |
|    loss                 | -0.0205      |
|    n_updates            | 2200         |
|    policy_gradient_loss | -0.00119     |
|    std                  | 1.09         |
|    value_loss           | 0.00842      |
------------------------------------------
------------------------------------------
| time/                   |              |
|    fps                  | 1951         |
|    iterations           | 222          |
|    time_elapsed         | 582          |
|    total_timesteps      | 1136640      |
| train/                  |              |
|    approx_kl            | 0.0052771983 |
|    clip_fraction        | 0.0283       |
|    clip_range           | 0.2          |
|    entropy_loss         | -4.52        |
|    explained_variance   | 0.996        |
|    learning_rate        | 0.0003       |
|    loss                 | -0.0129      |
|    n_updates            | 2210         |
|    policy_gradient_loss | -0.00116     |
|    std                  | 1.09         |
|    value_loss           | 0.0119       |
------------------------------------------
-----------------------------------------
| time/                   |             |
|    fps                  | 1950        |
|    iterations           | 223         |
|    time_elapsed         | 585         |
|    total_timesteps      | 1141760     |
| train/                  |             |
|    approx_kl            | 0.005917466 |
|    clip_fraction        | 0.0711      |
|    clip_range           | 0.2         |
|    entropy_loss         | -4.52       |
|    explained_variance   | 0.998       |
|    learning_rate        | 0.0003      |
|    loss                 | -0.02       |
|    n_updates            | 2220        |
|    policy_gradient_loss | -0.00385    |
|    std                  | 1.09        |
|    value_loss           | 0.00547     |
-----------------------------------------
------------------------------------------
| time/                   |              |
|    fps                  | 1949         |
|    iterations           | 224          |
|    time_elapsed         | 588          |
|    total_timesteps      | 1146880      |
| train/                  |              |
|    approx_kl            | 0.0030579518 |
|    clip_fraction        | 0.0203       |
|    clip_range           | 0.2          |
|    entropy_loss         | -4.53        |
|    explained_variance   | 0.992        |
|    learning_rate        | 0.0003       |
|    loss                 | -0.00923     |
|    n_updates            | 2230         |
|    policy_gradient_loss | -0.00157     |
|    std                  | 1.09         |
|    value_loss           | 0.0188       |
------------------------------------------
------------------------------------------
| time/                   |              |
|    fps                  | 1949         |
|    iterations           | 225          |
|    time_elapsed         | 591          |
|    total_timesteps      | 1152000      |
| train/                  |              |
|    approx_kl            | 0.0033962901 |
|    clip_fraction        | 0.013        |
|    clip_range           | 0.2          |
|    entropy_loss         | -4.52        |
|    explained_variance   | 0.996        |
|    learning_rate        | 0.0003       |
|    loss                 | -0.0134      |
|    n_updates            | 2240         |
|    policy_gradient_loss | -0.00166     |
|    std                  | 1.09         |
|    value_loss           | 0.00931      |
------------------------------------------
----------------------------------------
| time/                   |            |
|    fps                  | 1948       |
|    iterations           | 226        |
|    time_elapsed         | 593        |
|    total_timesteps      | 1157120    |
| train/                  |            |
|    approx_kl            | 0.00493395 |
|    clip_fraction        | 0.0322     |
|    clip_range           | 0.2        |
|    entropy_loss         | -4.52      |
|    explained_variance   | 0.996      |
|    learning_rate        | 0.0003     |
|    loss                 | -0.0166    |
|    n_updates            | 2250       |
|    policy_gradient_loss | -0.00159   |
|    std                  | 1.09       |
|    value_loss           | 0.0103     |
----------------------------------------
------------------------------------------
| time/                   |              |
|    fps                  | 1947         |
|    iterations           | 227          |
|    time_elapsed         | 596          |
|    total_timesteps      | 1162240      |
| train/                  |              |
|    approx_kl            | 0.0025175223 |
|    clip_fraction        | 0.0326       |
|    clip_range           | 0.2          |
|    entropy_loss         | -4.52        |
|    explained_variance   | 0.997        |
|    learning_rate        | 0.0003       |
|    loss                 | -0.0188      |
|    n_updates            | 2260         |
|    policy_gradient_loss | -0.00163     |
|    std                  | 1.09         |
|    value_loss           | 0.009        |
------------------------------------------
------------------------------------------
| time/                   |              |
|    fps                  | 1946         |
|    iterations           | 228          |
|    time_elapsed         | 599          |
|    total_timesteps      | 1167360      |
| train/                  |              |
|    approx_kl            | 0.0024683622 |
|    clip_fraction        | 0.0251       |
|    clip_range           | 0.2          |
|    entropy_loss         | -4.53        |
|    explained_variance   | 0.996        |
|    learning_rate        | 0.0003       |
|    loss                 | -0.017       |
|    n_updates            | 2270         |
|    policy_gradient_loss | -0.00196     |
|    std                  | 1.09         |
|    value_loss           | 0.0129       |
------------------------------------------
------------------------------------------
| time/                   |              |
|    fps                  | 1946         |
|    iterations           | 229          |
|    time_elapsed         | 602          |
|    total_timesteps      | 1172480      |
| train/                  |              |
|    approx_kl            | 0.0051759686 |
|    clip_fraction        | 0.0278       |
|    clip_range           | 0.2          |
|    entropy_loss         | -4.53        |
|    explained_variance   | 0.999        |
|    learning_rate        | 0.0003       |
|    loss                 | -0.018       |
|    n_updates            | 2280         |
|    policy_gradient_loss | -0.00208     |
|    std                  | 1.1          |
|    value_loss           | 0.002        |
------------------------------------------
------------------------------------------
| time/                   |              |
|    fps                  | 1945         |
|    iterations           | 230          |
|    time_elapsed         | 605          |
|    total_timesteps      | 1177600      |
| train/                  |              |
|    approx_kl            | 0.0041469936 |
|    clip_fraction        | 0.0371       |
|    clip_range           | 0.2          |
|    entropy_loss         | -4.53        |
|    explained_variance   | 0.999        |
|    learning_rate        | 0.0003       |
|    loss                 | -0.0225      |
|    n_updates            | 2290         |
|    policy_gradient_loss | -0.00197     |
|    std                  | 1.1          |
|    value_loss           | 0.00394      |
------------------------------------------
------------------------------------------
| time/                   |              |
|    fps                  | 1944         |
|    iterations           | 231          |
|    time_elapsed         | 608          |
|    total_timesteps      | 1182720      |
| train/                  |              |
|    approx_kl            | 0.0042868466 |
|    clip_fraction        | 0.0641       |
|    clip_range           | 0.2          |
|    entropy_loss         | -4.53        |
|    explained_variance   | 0.997        |
|    learning_rate        | 0.0003       |
|    loss                 | -0.0168      |
|    n_updates            | 2300         |
|    policy_gradient_loss | -0.00332     |
|    std                  | 1.1          |
|    value_loss           | 0.00802      |
------------------------------------------
-----------------------------------------
| time/                   |             |
|    fps                  | 1943        |
|    iterations           | 232         |
|    time_elapsed         | 611         |
|    total_timesteps      | 1187840     |
| train/                  |             |
|    approx_kl            | 0.005630554 |
|    clip_fraction        | 0.0475      |
|    clip_range           | 0.2         |
|    entropy_loss         | -4.54       |
|    explained_variance   | 0.999       |
|    learning_rate        | 0.0003      |
|    loss                 | -0.0236     |
|    n_updates            | 2310        |
|    policy_gradient_loss | -0.00268    |
|    std                  | 1.1         |
|    value_loss           | 0.00229     |
-----------------------------------------
-----------------------------------------
| time/                   |             |
|    fps                  | 1943        |
|    iterations           | 233         |
|    time_elapsed         | 613         |
|    total_timesteps      | 1192960     |
| train/                  |             |
|    approx_kl            | 0.001540131 |
|    clip_fraction        | 0.000781    |
|    clip_range           | 0.2         |
|    entropy_loss         | -4.55       |
|    explained_variance   | 0.997       |
|    learning_rate        | 0.0003      |
|    loss                 | -0.0171     |
|    n_updates            | 2320        |
|    policy_gradient_loss | -0.00119    |
|    std                  | 1.1         |
|    value_loss           | 0.00747     |
-----------------------------------------
------------------------------------------
| time/                   |              |
|    fps                  | 1942         |
|    iterations           | 234          |
|    time_elapsed         | 616          |
|    total_timesteps      | 1198080      |
| train/                  |              |
|    approx_kl            | 0.0050939755 |
|    clip_fraction        | 0.0501       |
|    clip_range           | 0.2          |
|    entropy_loss         | -4.55        |
|    explained_variance   | 0.995        |
|    learning_rate        | 0.0003       |
|    loss                 | -0.0145      |
|    n_updates            | 2330         |
|    policy_gradient_loss | -0.00249     |
|    std                  | 1.11         |
|    value_loss           | 0.0165       |
------------------------------------------
------------------------------------------
| time/                   |              |
|    fps                  | 1942         |
|    iterations           | 235          |
|    time_elapsed         | 619          |
|    total_timesteps      | 1203200      |
| train/                  |              |
|    approx_kl            | 0.0065957443 |
|    clip_fraction        | 0.0842       |
|    clip_range           | 0.2          |
|    entropy_loss         | -4.56        |
|    explained_variance   | 0.998        |
|    learning_rate        | 0.0003       |
|    loss                 | -0.0262      |
|    n_updates            | 2340         |
|    policy_gradient_loss | -0.00539     |
|    std                  | 1.11         |
|    value_loss           | 0.0052       |
------------------------------------------
-----------------------------------------
| time/                   |             |
|    fps                  | 1941        |
|    iterations           | 236         |
|    time_elapsed         | 622         |
|    total_timesteps      | 1208320     |
| train/                  |             |
|    approx_kl            | 0.005828814 |
|    clip_fraction        | 0.0549      |
|    clip_range           | 0.2         |
|    entropy_loss         | -4.56       |
|    explained_variance   | 0.998       |
|    learning_rate        | 0.0003      |
|    loss                 | -0.0186     |
|    n_updates            | 2350        |
|    policy_gradient_loss | -0.00322    |
|    std                  | 1.11        |
|    value_loss           | 0.00485     |
-----------------------------------------
------------------------------------------
| time/                   |              |
|    fps                  | 1940         |
|    iterations           | 237          |
|    time_elapsed         | 625          |
|    total_timesteps      | 1213440      |
| train/                  |              |
|    approx_kl            | 0.0025709686 |
|    clip_fraction        | 0.00327      |
|    clip_range           | 0.2          |
|    entropy_loss         | -4.57        |
|    explained_variance   | 0.999        |
|    learning_rate        | 0.0003       |
|    loss                 | -0.0188      |
|    n_updates            | 2360         |
|    policy_gradient_loss | -0.00109     |
|    std                  | 1.11         |
|    value_loss           | 0.00367      |
------------------------------------------
------------------------------------------
| time/                   |              |
|    fps                  | 1940         |
|    iterations           | 238          |
|    time_elapsed         | 628          |
|    total_timesteps      | 1218560      |
| train/                  |              |
|    approx_kl            | 0.0044498495 |
|    clip_fraction        | 0.0727       |
|    clip_range           | 0.2          |
|    entropy_loss         | -4.57        |
|    explained_variance   | 0.996        |
|    learning_rate        | 0.0003       |
|    loss                 | -0.0169      |
|    n_updates            | 2370         |
|    policy_gradient_loss | -0.003       |
|    std                  | 1.11         |
|    value_loss           | 0.0106       |
------------------------------------------
------------------------------------------
| time/                   |              |
|    fps                  | 1939         |
|    iterations           | 239          |
|    time_elapsed         | 630          |
|    total_timesteps      | 1223680      |
| train/                  |              |
|    approx_kl            | 0.0053559765 |
|    clip_fraction        | 0.0195       |
|    clip_range           | 0.2          |
|    entropy_loss         | -4.57        |
|    explained_variance   | 0.999        |
|    learning_rate        | 0.0003       |
|    loss                 | -0.0227      |
|    n_updates            | 2380         |
|    policy_gradient_loss | -0.00216     |
|    std                  | 1.11         |
|    value_loss           | 0.0034       |
------------------------------------------
------------------------------------------
| time/                   |              |
|    fps                  | 1939         |
|    iterations           | 240          |
|    time_elapsed         | 633          |
|    total_timesteps      | 1228800      |
| train/                  |              |
|    approx_kl            | 0.0015108004 |
|    clip_fraction        | 0.0225       |
|    clip_range           | 0.2          |
|    entropy_loss         | -4.57        |
|    explained_variance   | 0.999        |
|    learning_rate        | 0.0003       |
|    loss                 | -0.0205      |
|    n_updates            | 2390         |
|    policy_gradient_loss | -0.00208     |
|    std                  | 1.11         |
|    value_loss           | 0.00355      |
------------------------------------------
------------------------------------------
| time/                   |              |
|    fps                  | 1938         |
|    iterations           | 241          |
|    time_elapsed         | 636          |
|    total_timesteps      | 1233920      |
| train/                  |              |
|    approx_kl            | 0.0034226133 |
|    clip_fraction        | 0.0334       |
|    clip_range           | 0.2          |
|    entropy_loss         | -4.56        |
|    explained_variance   | 0.991        |
|    learning_rate        | 0.0003       |
|    loss                 | -0.0138      |
|    n_updates            | 2400         |
|    policy_gradient_loss | -0.00188     |
|    std                  | 1.11         |
|    value_loss           | 0.0234       |
------------------------------------------
------------------------------------------
| time/                   |              |
|    fps                  | 1937         |
|    iterations           | 242          |
|    time_elapsed         | 639          |
|    total_timesteps      | 1239040      |
| train/                  |              |
|    approx_kl            | 0.0018359898 |
|    clip_fraction        | 0.000586     |
|    clip_range           | 0.2          |
|    entropy_loss         | -4.57        |
|    explained_variance   | 0.996        |
|    learning_rate        | 0.0003       |
|    loss                 | -0.0135      |
|    n_updates            | 2410         |
|    policy_gradient_loss | -0.000631    |
|    std                  | 1.11         |
|    value_loss           | 0.0126       |
------------------------------------------
------------------------------------------
| time/                   |              |
|    fps                  | 1937         |
|    iterations           | 243          |
|    time_elapsed         | 642          |
|    total_timesteps      | 1244160      |
| train/                  |              |
|    approx_kl            | 0.0036156469 |
|    clip_fraction        | 0.0287       |
|    clip_range           | 0.2          |
|    entropy_loss         | -4.57        |
|    explained_variance   | 0.998        |
|    learning_rate        | 0.0003       |
|    loss                 | -0.021       |
|    n_updates            | 2420         |
|    policy_gradient_loss | -0.00189     |
|    std                  | 1.11         |
|    value_loss           | 0.00809      |
------------------------------------------
------------------------------------------
| time/                   |              |
|    fps                  | 1936         |
|    iterations           | 244          |
|    time_elapsed         | 645          |
|    total_timesteps      | 1249280      |
| train/                  |              |
|    approx_kl            | 0.0058289184 |
|    clip_fraction        | 0.0316       |
|    clip_range           | 0.2          |
|    entropy_loss         | -4.57        |
|    explained_variance   | 0.995        |
|    learning_rate        | 0.0003       |
|    loss                 | -0.0101      |
|    n_updates            | 2430         |
|    policy_gradient_loss | -0.00148     |
|    std                  | 1.11         |
|    value_loss           | 0.0144       |
------------------------------------------
-----------------------------------------
| time/                   |             |
|    fps                  | 1936        |
|    iterations           | 245         |
|    time_elapsed         | 647         |
|    total_timesteps      | 1254400     |
| train/                  |             |
|    approx_kl            | 0.004241901 |
|    clip_fraction        | 0.0123      |
|    clip_range           | 0.2         |
|    entropy_loss         | -4.56       |
|    explained_variance   | 0.994       |
|    learning_rate        | 0.0003      |
|    loss                 | -0.0134     |
|    n_updates            | 2440        |
|    policy_gradient_loss | -0.0011     |
|    std                  | 1.11        |
|    value_loss           | 0.0139      |
-----------------------------------------
------------------------------------------
| time/                   |              |
|    fps                  | 1935         |
|    iterations           | 246          |
|    time_elapsed         | 650          |
|    total_timesteps      | 1259520      |
| train/                  |              |
|    approx_kl            | 0.0023996206 |
|    clip_fraction        | 0.0268       |
|    clip_range           | 0.2          |
|    entropy_loss         | -4.57        |
|    explained_variance   | 0.999        |
|    learning_rate        | 0.0003       |
|    loss                 | -0.0188      |
|    n_updates            | 2450         |
|    policy_gradient_loss | -0.0019      |
|    std                  | 1.11         |
|    value_loss           | 0.00321      |
------------------------------------------
-----------------------------------------
| time/                   |             |
|    fps                  | 1935        |
|    iterations           | 247         |
|    time_elapsed         | 653         |
|    total_timesteps      | 1264640     |
| train/                  |             |
|    approx_kl            | 0.003898483 |
|    clip_fraction        | 0.0282      |
|    clip_range           | 0.2         |
|    entropy_loss         | -4.56       |
|    explained_variance   | 0.997       |
|    learning_rate        | 0.0003      |
|    loss                 | -0.0171     |
|    n_updates            | 2460        |
|    policy_gradient_loss | -0.00177    |
|    std                  | 1.1         |
|    value_loss           | 0.00856     |
-----------------------------------------
------------------------------------------
| time/                   |              |
|    fps                  | 1934         |
|    iterations           | 248          |
|    time_elapsed         | 656          |
|    total_timesteps      | 1269760      |
| train/                  |              |
|    approx_kl            | 0.0051528574 |
|    clip_fraction        | 0.0325       |
|    clip_range           | 0.2          |
|    entropy_loss         | -4.54        |
|    explained_variance   | 0.999        |
|    learning_rate        | 0.0003       |
|    loss                 | -0.0204      |
|    n_updates            | 2470         |
|    policy_gradient_loss | -0.00232     |
|    std                  | 1.1          |
|    value_loss           | 0.00407      |
------------------------------------------
------------------------------------------
| time/                   |              |
|    fps                  | 1933         |
|    iterations           | 249          |
|    time_elapsed         | 659          |
|    total_timesteps      | 1274880      |
| train/                  |              |
|    approx_kl            | 0.0030285346 |
|    clip_fraction        | 0.00186      |
|    clip_range           | 0.2          |
|    entropy_loss         | -4.54        |
|    explained_variance   | 0.909        |
|    learning_rate        | 0.0003       |
|    loss                 | 0.235        |
|    n_updates            | 2480         |
|    policy_gradient_loss | -0.000985    |
|    std                  | 1.1          |
|    value_loss           | 0.333        |
------------------------------------------
------------------------------------------
| time/                   |              |
|    fps                  | 1933         |
|    iterations           | 250          |
|    time_elapsed         | 662          |
|    total_timesteps      | 1280000      |
| train/                  |              |
|    approx_kl            | 0.0052243345 |
|    clip_fraction        | 0.0496       |
|    clip_range           | 0.2          |
|    entropy_loss         | -4.54        |
|    explained_variance   | 0.997        |
|    learning_rate        | 0.0003       |
|    loss                 | -0.0177      |
|    n_updates            | 2490         |
|    policy_gradient_loss | -0.00327     |
|    std                  | 1.1          |
|    value_loss           | 0.0085       |
------------------------------------------
------------------------------------------
| time/                   |              |
|    fps                  | 1932         |
|    iterations           | 251          |
|    time_elapsed         | 664          |
|    total_timesteps      | 1285120      |
| train/                  |              |
|    approx_kl            | 0.0054679103 |
|    clip_fraction        | 0.0563       |
|    clip_range           | 0.2          |
|    entropy_loss         | -4.53        |
|    explained_variance   | 0.997        |
|    learning_rate        | 0.0003       |
|    loss                 | -0.0225      |
|    n_updates            | 2500         |
|    policy_gradient_loss | -0.00264     |
|    std                  | 1.09         |
|    value_loss           | 0.00775      |
------------------------------------------
------------------------------------------
| time/                   |              |
|    fps                  | 1931         |
|    iterations           | 252          |
|    time_elapsed         | 667          |
|    total_timesteps      | 1290240      |
| train/                  |              |
|    approx_kl            | 0.0050042253 |
|    clip_fraction        | 0.0503       |
|    clip_range           | 0.2          |
|    entropy_loss         | -4.53        |
|    explained_variance   | 0.998        |
|    learning_rate        | 0.0003       |
|    loss                 | -0.0229      |
|    n_updates            | 2510         |
|    policy_gradient_loss | -0.00344     |
|    std                  | 1.09         |
|    value_loss           | 0.00586      |
------------------------------------------
-----------------------------------------
| time/                   |             |
|    fps                  | 1931        |
|    iterations           | 253         |
|    time_elapsed         | 670         |
|    total_timesteps      | 1295360     |
| train/                  |             |
|    approx_kl            | 0.002676567 |
|    clip_fraction        | 0.0155      |
|    clip_range           | 0.2         |
|    entropy_loss         | -4.52       |
|    explained_variance   | 0.999       |
|    learning_rate        | 0.0003      |
|    loss                 | -0.0209     |
|    n_updates            | 2520        |
|    policy_gradient_loss | -0.00171    |
|    std                  | 1.09        |
|    value_loss           | 0.0034      |
-----------------------------------------
------------------------------------------
| time/                   |              |
|    fps                  | 1930         |
|    iterations           | 254          |
|    time_elapsed         | 673          |
|    total_timesteps      | 1300480      |
| train/                  |              |
|    approx_kl            | 0.0042795977 |
|    clip_fraction        | 0.0215       |
|    clip_range           | 0.2          |
|    entropy_loss         | -4.52        |
|    explained_variance   | 0.999        |
|    learning_rate        | 0.0003       |
|    loss                 | -0.021       |
|    n_updates            | 2530         |
|    policy_gradient_loss | -0.00262     |
|    std                  | 1.09         |
|    value_loss           | 0.00378      |
------------------------------------------
------------------------------------------
| time/                   |              |
|    fps                  | 1930         |
|    iterations           | 255          |
|    time_elapsed         | 676          |
|    total_timesteps      | 1305600      |
| train/                  |              |
|    approx_kl            | 0.0054360903 |
|    clip_fraction        | 0.037        |
|    clip_range           | 0.2          |
|    entropy_loss         | -4.52        |
|    explained_variance   | 0.999        |
|    learning_rate        | 0.0003       |
|    loss                 | -0.0174      |
|    n_updates            | 2540         |
|    policy_gradient_loss | -0.00257     |
|    std                  | 1.09         |
|    value_loss           | 0.00284      |
------------------------------------------
-----------------------------------------
| time/                   |             |
|    fps                  | 1929        |
|    iterations           | 256         |
|    time_elapsed         | 679         |
|    total_timesteps      | 1310720     |
| train/                  |             |
|    approx_kl            | 0.004915927 |
|    clip_fraction        | 0.03        |
|    clip_range           | 0.2         |
|    entropy_loss         | -4.52       |
|    explained_variance   | 0.999       |
|    learning_rate        | 0.0003      |
|    loss                 | -0.0258     |
|    n_updates            | 2550        |
|    policy_gradient_loss | -0.00316    |
|    std                  | 1.09        |
|    value_loss           | 0.00313     |
-----------------------------------------
------------------------------------------
| time/                   |              |
|    fps                  | 1929         |
|    iterations           | 257          |
|    time_elapsed         | 682          |
|    total_timesteps      | 1315840      |
| train/                  |              |
|    approx_kl            | 0.0038312376 |
|    clip_fraction        | 0.0216       |
|    clip_range           | 0.2          |
|    entropy_loss         | -4.51        |
|    explained_variance   | 1            |
|    learning_rate        | 0.0003       |
|    loss                 | -0.0206      |
|    n_updates            | 2560         |
|    policy_gradient_loss | -0.00257     |
|    std                  | 1.09         |
|    value_loss           | 0.00143      |
------------------------------------------
------------------------------------------
| time/                   |              |
|    fps                  | 1928         |
|    iterations           | 258          |
|    time_elapsed         | 684          |
|    total_timesteps      | 1320960      |
| train/                  |              |
|    approx_kl            | 0.0031943165 |
|    clip_fraction        | 0.00501      |
|    clip_range           | 0.2          |
|    entropy_loss         | -4.51        |
|    explained_variance   | 1            |
|    learning_rate        | 0.0003       |
|    loss                 | -0.0161      |
|    n_updates            | 2570         |
|    policy_gradient_loss | -0.00123     |
|    std                  | 1.09         |
|    value_loss           | 0.00125      |
------------------------------------------
------------------------------------------
| time/                   |              |
|    fps                  | 1927         |
|    iterations           | 259          |
|    time_elapsed         | 687          |
|    total_timesteps      | 1326080      |
| train/                  |              |
|    approx_kl            | 0.0048518395 |
|    clip_fraction        | 0.0202       |
|    clip_range           | 0.2          |
|    entropy_loss         | -4.52        |
|    explained_variance   | 0.996        |
|    learning_rate        | 0.0003       |
|    loss                 | -0.0162      |
|    n_updates            | 2580         |
|    policy_gradient_loss | -0.00168     |
|    std                  | 1.1          |
|    value_loss           | 0.0102       |
------------------------------------------
-----------------------------------------
| time/                   |             |
|    fps                  | 1927        |
|    iterations           | 260         |
|    time_elapsed         | 690         |
|    total_timesteps      | 1331200     |
| train/                  |             |
|    approx_kl            | 0.005340192 |
|    clip_fraction        | 0.0389      |
|    clip_range           | 0.2         |
|    entropy_loss         | -4.53       |
|    explained_variance   | 0.996       |
|    learning_rate        | 0.0003      |
|    loss                 | -0.0188     |
|    n_updates            | 2590        |
|    policy_gradient_loss | -0.00295    |
|    std                  | 1.1         |
|    value_loss           | 0.0127      |
-----------------------------------------
------------------------------------------
| time/                   |              |
|    fps                  | 1926         |
|    iterations           | 261          |
|    time_elapsed         | 693          |
|    total_timesteps      | 1336320      |
| train/                  |              |
|    approx_kl            | 0.0056553134 |
|    clip_fraction        | 0.0497       |
|    clip_range           | 0.2          |
|    entropy_loss         | -4.53        |
|    explained_variance   | 0.996        |
|    learning_rate        | 0.0003       |
|    loss                 | -0.022       |
|    n_updates            | 2600         |
|    policy_gradient_loss | -0.00351     |
|    std                  | 1.09         |
|    value_loss           | 0.0125       |
------------------------------------------
------------------------------------------
| time/                   |              |
|    fps                  | 1926         |
|    iterations           | 262          |
|    time_elapsed         | 696          |
|    total_timesteps      | 1341440      |
| train/                  |              |
|    approx_kl            | 0.0039365147 |
|    clip_fraction        | 0.0253       |
|    clip_range           | 0.2          |
|    entropy_loss         | -4.52        |
|    explained_variance   | 0.999        |
|    learning_rate        | 0.0003       |
|    loss                 | -0.0215      |
|    n_updates            | 2610         |
|    policy_gradient_loss | -0.00252     |
|    std                  | 1.09         |
|    value_loss           | 0.00281      |
------------------------------------------
------------------------------------------
| time/                   |              |
|    fps                  | 1925         |
|    iterations           | 263          |
|    time_elapsed         | 699          |
|    total_timesteps      | 1346560      |
| train/                  |              |
|    approx_kl            | 0.0025763852 |
|    clip_fraction        | 0.0265       |
|    clip_range           | 0.2          |
|    entropy_loss         | -4.52        |
|    explained_variance   | 0.999        |
|    learning_rate        | 0.0003       |
|    loss                 | -0.0181      |
|    n_updates            | 2620         |
|    policy_gradient_loss | -0.00231     |
|    std                  | 1.09         |
|    value_loss           | 0.00426      |
------------------------------------------
------------------------------------------
| time/                   |              |
|    fps                  | 1925         |
|    iterations           | 264          |
|    time_elapsed         | 702          |
|    total_timesteps      | 1351680      |
| train/                  |              |
|    approx_kl            | 0.0046007386 |
|    clip_fraction        | 0.0506       |
|    clip_range           | 0.2          |
|    entropy_loss         | -4.52        |
|    explained_variance   | 0.999        |
|    learning_rate        | 0.0003       |
|    loss                 | -0.0243      |
|    n_updates            | 2630         |
|    policy_gradient_loss | -0.00385     |
|    std                  | 1.09         |
|    value_loss           | 0.0025       |
------------------------------------------
------------------------------------------
| time/                   |              |
|    fps                  | 1924         |
|    iterations           | 265          |
|    time_elapsed         | 704          |
|    total_timesteps      | 1356800      |
| train/                  |              |
|    approx_kl            | 0.0043364842 |
|    clip_fraction        | 0.0444       |
|    clip_range           | 0.2          |
|    entropy_loss         | -4.52        |
|    explained_variance   | 0.999        |
|    learning_rate        | 0.0003       |
|    loss                 | -0.018       |
|    n_updates            | 2640         |
|    policy_gradient_loss | -0.00225     |
|    std                  | 1.09         |
|    value_loss           | 0.00327      |
------------------------------------------
------------------------------------------
| time/                   |              |
|    fps                  | 1924         |
|    iterations           | 266          |
|    time_elapsed         | 707          |
|    total_timesteps      | 1361920      |
| train/                  |              |
|    approx_kl            | 0.0064102267 |
|    clip_fraction        | 0.0265       |
|    clip_range           | 0.2          |
|    entropy_loss         | -4.51        |
|    explained_variance   | 0.999        |
|    learning_rate        | 0.0003       |
|    loss                 | -0.0196      |
|    n_updates            | 2650         |
|    policy_gradient_loss | -0.00268     |
|    std                  | 1.09         |
|    value_loss           | 0.00258      |
------------------------------------------
------------------------------------------
| time/                   |              |
|    fps                  | 1923         |
|    iterations           | 267          |
|    time_elapsed         | 710          |
|    total_timesteps      | 1367040      |
| train/                  |              |
|    approx_kl            | 0.0017595595 |
|    clip_fraction        | 0.00361      |
|    clip_range           | 0.2          |
|    entropy_loss         | -4.51        |
|    explained_variance   | 0.996        |
|    learning_rate        | 0.0003       |
|    loss                 | -0.018       |
|    n_updates            | 2660         |
|    policy_gradient_loss | -0.00149     |
|    std                  | 1.09         |
|    value_loss           | 0.0111       |
------------------------------------------
-----------------------------------------
| time/                   |             |
|    fps                  | 1922        |
|    iterations           | 268         |
|    time_elapsed         | 713         |
|    total_timesteps      | 1372160     |
| train/                  |             |
|    approx_kl            | 0.003170317 |
|    clip_fraction        | 0.0299      |
|    clip_range           | 0.2         |
|    entropy_loss         | -4.51       |
|    explained_variance   | 0.999       |
|    learning_rate        | 0.0003      |
|    loss                 | -0.0253     |
|    n_updates            | 2670        |
|    policy_gradient_loss | -0.00289    |
|    std                  | 1.09        |
|    value_loss           | 0.002       |
-----------------------------------------
------------------------------------------
| time/                   |              |
|    fps                  | 1922         |
|    iterations           | 269          |
|    time_elapsed         | 716          |
|    total_timesteps      | 1377280      |
| train/                  |              |
|    approx_kl            | 0.0022338938 |
|    clip_fraction        | 0.00514      |
|    clip_range           | 0.2          |
|    entropy_loss         | -4.51        |
|    explained_variance   | 0.999        |
|    learning_rate        | 0.0003       |
|    loss                 | -0.0171      |
|    n_updates            | 2680         |
|    policy_gradient_loss | -0.00171     |
|    std                  | 1.09         |
|    value_loss           | 0.00233      |
------------------------------------------
-----------------------------------------
| time/                   |             |
|    fps                  | 1921        |
|    iterations           | 270         |
|    time_elapsed         | 719         |
|    total_timesteps      | 1382400     |
| train/                  |             |
|    approx_kl            | 0.004953367 |
|    clip_fraction        | 0.0299      |
|    clip_range           | 0.2         |
|    entropy_loss         | -4.51       |
|    explained_variance   | 0.999       |
|    learning_rate        | 0.0003      |
|    loss                 | -0.0234     |
|    n_updates            | 2690        |
|    policy_gradient_loss | -0.00245    |
|    std                  | 1.09        |
|    value_loss           | 0.0033      |
-----------------------------------------
------------------------------------------
| time/                   |              |
|    fps                  | 1921         |
|    iterations           | 271          |
|    time_elapsed         | 722          |
|    total_timesteps      | 1387520      |
| train/                  |              |
|    approx_kl            | 0.0031384453 |
|    clip_fraction        | 0.0142       |
|    clip_range           | 0.2          |
|    entropy_loss         | -4.5         |
|    explained_variance   | 0.999        |
|    learning_rate        | 0.0003       |
|    loss                 | -0.026       |
|    n_updates            | 2700         |
|    policy_gradient_loss | -0.00263     |
|    std                  | 1.08         |
|    value_loss           | 0.00178      |
------------------------------------------
-----------------------------------------
| time/                   |             |
|    fps                  | 1920        |
|    iterations           | 272         |
|    time_elapsed         | 725         |
|    total_timesteps      | 1392640     |
| train/                  |             |
|    approx_kl            | 0.004831333 |
|    clip_fraction        | 0.0546      |
|    clip_range           | 0.2         |
|    entropy_loss         | -4.49       |
|    explained_variance   | 0.999       |
|    learning_rate        | 0.0003      |
|    loss                 | -0.0214     |
|    n_updates            | 2710        |
|    policy_gradient_loss | -0.00438    |
|    std                  | 1.08        |
|    value_loss           | 0.00145     |
-----------------------------------------
------------------------------------------
| time/                   |              |
|    fps                  | 1920         |
|    iterations           | 273          |
|    time_elapsed         | 727          |
|    total_timesteps      | 1397760      |
| train/                  |              |
|    approx_kl            | 0.0034069477 |
|    clip_fraction        | 0.0121       |
|    clip_range           | 0.2          |
|    entropy_loss         | -4.49        |
|    explained_variance   | 0.998        |
|    learning_rate        | 0.0003       |
|    loss                 | -0.0184      |
|    n_updates            | 2720         |
|    policy_gradient_loss | -0.000888    |
|    std                  | 1.08         |
|    value_loss           | 0.00434      |
------------------------------------------
------------------------------------------
| time/                   |              |
|    fps                  | 1919         |
|    iterations           | 274          |
|    time_elapsed         | 730          |
|    total_timesteps      | 1402880      |
| train/                  |              |
|    approx_kl            | 0.0066859643 |
|    clip_fraction        | 0.0441       |
|    clip_range           | 0.2          |
|    entropy_loss         | -4.49        |
|    explained_variance   | 0.999        |
|    learning_rate        | 0.0003       |
|    loss                 | -0.0235      |
|    n_updates            | 2730         |
|    policy_gradient_loss | -0.00226     |
|    std                  | 1.08         |
|    value_loss           | 0.00377      |
------------------------------------------
------------------------------------------
| time/                   |              |
|    fps                  | 1919         |
|    iterations           | 275          |
|    time_elapsed         | 733          |
|    total_timesteps      | 1408000      |
| train/                  |              |
|    approx_kl            | 0.0039179535 |
|    clip_fraction        | 0.00856      |
|    clip_range           | 0.2          |
|    entropy_loss         | -4.49        |
|    explained_variance   | 0.996        |
|    learning_rate        | 0.0003       |
|    loss                 | -0.0212      |
|    n_updates            | 2740         |
|    policy_gradient_loss | -0.00241     |
|    std                  | 1.08         |
|    value_loss           | 0.0121       |
------------------------------------------
------------------------------------------
| time/                   |              |
|    fps                  | 1919         |
|    iterations           | 276          |
|    time_elapsed         | 736          |
|    total_timesteps      | 1413120      |
| train/                  |              |
|    approx_kl            | 0.0048335693 |
|    clip_fraction        | 0.0295       |
|    clip_range           | 0.2          |
|    entropy_loss         | -4.5         |
|    explained_variance   | 0.999        |
|    learning_rate        | 0.0003       |
|    loss                 | -0.0236      |
|    n_updates            | 2750         |
|    policy_gradient_loss | -0.00301     |
|    std                  | 1.08         |
|    value_loss           | 0.00196      |
------------------------------------------
------------------------------------------
| time/                   |              |
|    fps                  | 1919         |
|    iterations           | 277          |
|    time_elapsed         | 738          |
|    total_timesteps      | 1418240      |
| train/                  |              |
|    approx_kl            | 0.0041550235 |
|    clip_fraction        | 0.0133       |
|    clip_range           | 0.2          |
|    entropy_loss         | -4.5         |
|    explained_variance   | 0.997        |
|    learning_rate        | 0.0003       |
|    loss                 | -0.0177      |
|    n_updates            | 2760         |
|    policy_gradient_loss | -0.000852    |
|    std                  | 1.08         |
|    value_loss           | 0.00918      |
------------------------------------------
------------------------------------------
| time/                   |              |
|    fps                  | 1919         |
|    iterations           | 278          |
|    time_elapsed         | 741          |
|    total_timesteps      | 1423360      |
| train/                  |              |
|    approx_kl            | 0.0032456974 |
|    clip_fraction        | 0.004        |
|    clip_range           | 0.2          |
|    entropy_loss         | -4.5         |
|    explained_variance   | 0.999        |
|    learning_rate        | 0.0003       |
|    loss                 | -0.016       |
|    n_updates            | 2770         |
|    policy_gradient_loss | -0.00124     |
|    std                  | 1.08         |
|    value_loss           | 0.00236      |
------------------------------------------
------------------------------------------
| time/                   |              |
|    fps                  | 1918         |
|    iterations           | 279          |
|    time_elapsed         | 744          |
|    total_timesteps      | 1428480      |
| train/                  |              |
|    approx_kl            | 0.0050692554 |
|    clip_fraction        | 0.0416       |
|    clip_range           | 0.2          |
|    entropy_loss         | -4.5         |
|    explained_variance   | 0.999        |
|    learning_rate        | 0.0003       |
|    loss                 | -0.0266      |
|    n_updates            | 2780         |
|    policy_gradient_loss | -0.00319     |
|    std                  | 1.09         |
|    value_loss           | 0.00187      |
------------------------------------------
------------------------------------------
| time/                   |              |
|    fps                  | 1918         |
|    iterations           | 280          |
|    time_elapsed         | 747          |
|    total_timesteps      | 1433600      |
| train/                  |              |
|    approx_kl            | 0.0041782614 |
|    clip_fraction        | 0.0345       |
|    clip_range           | 0.2          |
|    entropy_loss         | -4.5         |
|    explained_variance   | 0.999        |
|    learning_rate        | 0.0003       |
|    loss                 | -0.0182      |
|    n_updates            | 2790         |
|    policy_gradient_loss | -0.00295     |
|    std                  | 1.08         |
|    value_loss           | 0.00211      |
------------------------------------------
------------------------------------------
| time/                   |              |
|    fps                  | 1918         |
|    iterations           | 281          |
|    time_elapsed         | 749          |
|    total_timesteps      | 1438720      |
| train/                  |              |
|    approx_kl            | 0.0035551395 |
|    clip_fraction        | 0.00985      |
|    clip_range           | 0.2          |
|    entropy_loss         | -4.5         |
|    explained_variance   | 0.999        |
|    learning_rate        | 0.0003       |
|    loss                 | -0.0247      |
|    n_updates            | 2800         |
|    policy_gradient_loss | -0.00221     |
|    std                  | 1.09         |
|    value_loss           | 0.00197      |
------------------------------------------
-----------------------------------------
| time/                   |             |
|    fps                  | 1917        |
|    iterations           | 282         |
|    time_elapsed         | 752         |
|    total_timesteps      | 1443840     |
| train/                  |             |
|    approx_kl            | 0.005372813 |
|    clip_fraction        | 0.0476      |
|    clip_range           | 0.2         |
|    entropy_loss         | -4.5        |
|    explained_variance   | 0.996       |
|    learning_rate        | 0.0003      |
|    loss                 | -0.0142     |
|    n_updates            | 2810        |
|    policy_gradient_loss | -0.00155    |
|    std                  | 1.08        |
|    value_loss           | 0.0131      |
-----------------------------------------
------------------------------------------
| time/                   |              |
|    fps                  | 1917         |
|    iterations           | 283          |
|    time_elapsed         | 755          |
|    total_timesteps      | 1448960      |
| train/                  |              |
|    approx_kl            | 0.0035120074 |
|    clip_fraction        | 0.0532       |
|    clip_range           | 0.2          |
|    entropy_loss         | -4.5         |
|    explained_variance   | 0.995        |
|    learning_rate        | 0.0003       |
|    loss                 | -0.0183      |
|    n_updates            | 2820         |
|    policy_gradient_loss | -0.00267     |
|    std                  | 1.08         |
|    value_loss           | 0.016        |
------------------------------------------
------------------------------------------
| time/                   |              |
|    fps                  | 1916         |
|    iterations           | 284          |
|    time_elapsed         | 758          |
|    total_timesteps      | 1454080      |
| train/                  |              |
|    approx_kl            | 0.0044253008 |
|    clip_fraction        | 0.025        |
|    clip_range           | 0.2          |
|    entropy_loss         | -4.5         |
|    explained_variance   | 0.999        |
|    learning_rate        | 0.0003       |
|    loss                 | -0.0225      |
|    n_updates            | 2830         |
|    policy_gradient_loss | -0.00221     |
|    std                  | 1.09         |
|    value_loss           | 0.00191      |
------------------------------------------
-----------------------------------------
| time/                   |             |
|    fps                  | 1916        |
|    iterations           | 285         |
|    time_elapsed         | 761         |
|    total_timesteps      | 1459200     |
| train/                  |             |
|    approx_kl            | 0.004427099 |
|    clip_fraction        | 0.0507      |
|    clip_range           | 0.2         |
|    entropy_loss         | -4.5        |
|    explained_variance   | 1           |
|    learning_rate        | 0.0003      |
|    loss                 | -0.0282     |
|    n_updates            | 2840        |
|    policy_gradient_loss | -0.0045     |
|    std                  | 1.08        |
|    value_loss           | 0.00133     |
-----------------------------------------
-----------------------------------------
| time/                   |             |
|    fps                  | 1915        |
|    iterations           | 286         |
|    time_elapsed         | 764         |
|    total_timesteps      | 1464320     |
| train/                  |             |
|    approx_kl            | 0.005110033 |
|    clip_fraction        | 0.0392      |
|    clip_range           | 0.2         |
|    entropy_loss         | -4.49       |
|    explained_variance   | 0.999       |
|    learning_rate        | 0.0003      |
|    loss                 | -0.0262     |
|    n_updates            | 2850        |
|    policy_gradient_loss | -0.00229    |
|    std                  | 1.08        |
|    value_loss           | 0.0017      |
-----------------------------------------
------------------------------------------
| time/                   |              |
|    fps                  | 1915         |
|    iterations           | 287          |
|    time_elapsed         | 767          |
|    total_timesteps      | 1469440      |
| train/                  |              |
|    approx_kl            | 0.0026664874 |
|    clip_fraction        | 0.0134       |
|    clip_range           | 0.2          |
|    entropy_loss         | -4.49        |
|    explained_variance   | 0.996        |
|    learning_rate        | 0.0003       |
|    loss                 | -0.01        |
|    n_updates            | 2860         |
|    policy_gradient_loss | -0.00154     |
|    std                  | 1.08         |
|    value_loss           | 0.0115       |
------------------------------------------
------------------------------------------
| time/                   |              |
|    fps                  | 1914         |
|    iterations           | 288          |
|    time_elapsed         | 770          |
|    total_timesteps      | 1474560      |
| train/                  |              |
|    approx_kl            | 0.0054384456 |
|    clip_fraction        | 0.0367       |
|    clip_range           | 0.2          |
|    entropy_loss         | -4.49        |
|    explained_variance   | 0.999        |
|    learning_rate        | 0.0003       |
|    loss                 | -0.0183      |
|    n_updates            | 2870         |
|    policy_gradient_loss | -0.00323     |
|    std                  | 1.08         |
|    value_loss           | 0.00395      |
------------------------------------------
------------------------------------------
| time/                   |              |
|    fps                  | 1914         |
|    iterations           | 289          |
|    time_elapsed         | 773          |
|    total_timesteps      | 1479680      |
| train/                  |              |
|    approx_kl            | 0.0033838695 |
|    clip_fraction        | 0.0222       |
|    clip_range           | 0.2          |
|    entropy_loss         | -4.49        |
|    explained_variance   | 0.999        |
|    learning_rate        | 0.0003       |
|    loss                 | -0.018       |
|    n_updates            | 2880         |
|    policy_gradient_loss | -0.00294     |
|    std                  | 1.08         |
|    value_loss           | 0.00232      |
------------------------------------------
------------------------------------------
| time/                   |              |
|    fps                  | 1913         |
|    iterations           | 290          |
|    time_elapsed         | 775          |
|    total_timesteps      | 1484800      |
| train/                  |              |
|    approx_kl            | 0.0040211095 |
|    clip_fraction        | 0.0487       |
|    clip_range           | 0.2          |
|    entropy_loss         | -4.48        |
|    explained_variance   | 0.998        |
|    learning_rate        | 0.0003       |
|    loss                 | -0.0196      |
|    n_updates            | 2890         |
|    policy_gradient_loss | -0.00225     |
|    std                  | 1.08         |
|    value_loss           | 0.00506      |
------------------------------------------
-----------------------------------------
| time/                   |             |
|    fps                  | 1913        |
|    iterations           | 291         |
|    time_elapsed         | 778         |
|    total_timesteps      | 1489920     |
| train/                  |             |
|    approx_kl            | 0.004207658 |
|    clip_fraction        | 0.0395      |
|    clip_range           | 0.2         |
|    entropy_loss         | -4.47       |
|    explained_variance   | 0.999       |
|    learning_rate        | 0.0003      |
|    loss                 | -0.0167     |
|    n_updates            | 2900        |
|    policy_gradient_loss | -0.00173    |
|    std                  | 1.07        |
|    value_loss           | 0.00294     |
-----------------------------------------
------------------------------------------
| time/                   |              |
|    fps                  | 1912         |
|    iterations           | 292          |
|    time_elapsed         | 781          |
|    total_timesteps      | 1495040      |
| train/                  |              |
|    approx_kl            | 0.0052169203 |
|    clip_fraction        | 0.0128       |
|    clip_range           | 0.2          |
|    entropy_loss         | -4.47        |
|    explained_variance   | 0.999        |
|    learning_rate        | 0.0003       |
|    loss                 | -0.0209      |
|    n_updates            | 2910         |
|    policy_gradient_loss | -0.00201     |
|    std                  | 1.07         |
|    value_loss           | 0.00155      |
------------------------------------------
-----------------------------------------
| time/                   |             |
|    fps                  | 1912        |
|    iterations           | 293         |
|    time_elapsed         | 784         |
|    total_timesteps      | 1500160     |
| train/                  |             |
|    approx_kl            | 0.004878922 |
|    clip_fraction        | 0.0335      |
|    clip_range           | 0.2         |
|    entropy_loss         | -4.46       |
|    explained_variance   | 0.999       |
|    learning_rate        | 0.0003      |
|    loss                 | -0.0241     |
|    n_updates            | 2920        |
|    policy_gradient_loss | -0.00287    |
|    std                  | 1.07        |
|    value_loss           | 0.00148     |
-----------------------------------------
