Gym has been unmaintained since 2022 and does not support NumPy 2.0 amongst other critical functionality.
Please upgrade to Gymnasium, the maintained drop-in replacement of Gym, or contact the authors of your software and request that they upgrade.
Users of this version of Gym should be able to simply replace 'import gym' with 'import gymnasium as gym' in the vast majority of cases.
See the migration guide at https://gymnasium.farama.org/introduction/migration_guide/ for additional information.
Gym has been unmaintained since 2022 and does not support NumPy 2.0 amongst other critical functionality.
Please upgrade to Gymnasium, the maintained drop-in replacement of Gym, or contact the authors of your software and request that they upgrade.
Users of this version of Gym should be able to simply replace 'import gym' with 'import gymnasium as gym' in the vast majority of cases.
See the migration guide at https://gymnasium.farama.org/introduction/migration_guide/ for additional information.
Gym has been unmaintained since 2022 and does not support NumPy 2.0 amongst other critical functionality.
Please upgrade to Gymnasium, the maintained drop-in replacement of Gym, or contact the authors of your software and request that they upgrade.
Users of this version of Gym should be able to simply replace 'import gym' with 'import gymnasium as gym' in the vast majority of cases.
See the migration guide at https://gymnasium.farama.org/introduction/migration_guide/ for additional information.
Gym has been unmaintained since 2022 and does not support NumPy 2.0 amongst other critical functionality.
Please upgrade to Gymnasium, the maintained drop-in replacement of Gym, or contact the authors of your software and request that they upgrade.
Users of this version of Gym should be able to simply replace 'import gym' with 'import gymnasium as gym' in the vast majority of cases.
See the migration guide at https://gymnasium.farama.org/introduction/migration_guide/ for additional information.
Gym has been unmaintained since 2022 and does not support NumPy 2.0 amongst other critical functionality.
Please upgrade to Gymnasium, the maintained drop-in replacement of Gym, or contact the authors of your software and request that they upgrade.
Users of this version of Gym should be able to simply replace 'import gym' with 'import gymnasium as gym' in the vast majority of cases.
See the migration guide at https://gymnasium.farama.org/introduction/migration_guide/ for additional information.
Gym has been unmaintained since 2022 and does not support NumPy 2.0 amongst other critical functionality.
Please upgrade to Gymnasium, the maintained drop-in replacement of Gym, or contact the authors of your software and request that they upgrade.
Users of this version of Gym should be able to simply replace 'import gym' with 'import gymnasium as gym' in the vast majority of cases.
See the migration guide at https://gymnasium.farama.org/introduction/migration_guide/ for additional information.
Gym has been unmaintained since 2022 and does not support NumPy 2.0 amongst other critical functionality.
Please upgrade to Gymnasium, the maintained drop-in replacement of Gym, or contact the authors of your software and request that they upgrade.
Users of this version of Gym should be able to simply replace 'import gym' with 'import gymnasium as gym' in the vast majority of cases.
See the migration guide at https://gymnasium.farama.org/introduction/migration_guide/ for additional information.
Gym has been unmaintained since 2022 and does not support NumPy 2.0 amongst other critical functionality.
Please upgrade to Gymnasium, the maintained drop-in replacement of Gym, or contact the authors of your software and request that they upgrade.
Users of this version of Gym should be able to simply replace 'import gym' with 'import gymnasium as gym' in the vast majority of cases.
See the migration guide at https://gymnasium.farama.org/introduction/migration_guide/ for additional information.
Gym has been unmaintained since 2022 and does not support NumPy 2.0 amongst other critical functionality.
Please upgrade to Gymnasium, the maintained drop-in replacement of Gym, or contact the authors of your software and request that they upgrade.
Users of this version of Gym should be able to simply replace 'import gym' with 'import gymnasium as gym' in the vast majority of cases.
See the migration guide at https://gymnasium.farama.org/introduction/migration_guide/ for additional information.
Gym has been unmaintained since 2022 and does not support NumPy 2.0 amongst other critical functionality.
Please upgrade to Gymnasium, the maintained drop-in replacement of Gym, or contact the authors of your software and request that they upgrade.
Users of this version of Gym should be able to simply replace 'import gym' with 'import gymnasium as gym' in the vast majority of cases.
See the migration guide at https://gymnasium.farama.org/introduction/migration_guide/ for additional information.
Gym has been unmaintained since 2022 and does not support NumPy 2.0 amongst other critical functionality.
Please upgrade to Gymnasium, the maintained drop-in replacement of Gym, or contact the authors of your software and request that they upgrade.
Users of this version of Gym should be able to simply replace 'import gym' with 'import gymnasium as gym' in the vast majority of cases.
See the migration guide at https://gymnasium.farama.org/introduction/migration_guide/ for additional information.
C:\Users\User\anaconda3\Lib\site-packages\stable_baselines3\ppo\ppo.py:155: UserWarning: You have specified a mini-batch size of 2048, but because the `RolloutBuffer` is of size `n_steps * n_envs = 5120`, after every 2 untruncated mini-batches, there will be a truncated mini-batch of size 1024
We recommend using a `batch_size` that is a factor of `n_steps * n_envs`.
Info: (n_steps=512 and n_envs=10)
  warnings.warn(
Using cpu device
-----------------------------
| time/              |      |
|    fps             | 2198 |
|    iterations      | 1    |
|    time_elapsed    | 2    |
|    total_timesteps | 5120 |
-----------------------------
-----------------------------------------
| time/                   |             |
|    fps                  | 1937        |
|    iterations           | 2           |
|    time_elapsed         | 5           |
|    total_timesteps      | 10240       |
| train/                  |             |
|    approx_kl            | 0.007241126 |
|    clip_fraction        | 0.0262      |
|    clip_range           | 0.2         |
|    entropy_loss         | -4.25       |
|    explained_variance   | -0.0947     |
|    learning_rate        | 0.0003      |
|    loss                 | 0.0689      |
|    n_updates            | 10          |
|    policy_gradient_loss | -0.00338    |
|    std                  | 0.999       |
|    value_loss           | 0.256       |
-----------------------------------------
------------------------------------------
| time/                   |              |
|    fps                  | 1896         |
|    iterations           | 3            |
|    time_elapsed         | 8            |
|    total_timesteps      | 15360        |
| train/                  |              |
|    approx_kl            | 0.0010611574 |
|    clip_fraction        | 6.51e-05     |
|    clip_range           | 0.2          |
|    entropy_loss         | -4.25        |
|    explained_variance   | 0.0153       |
|    learning_rate        | 0.0003       |
|    loss                 | 0.547        |
|    n_updates            | 20           |
|    policy_gradient_loss | -0.00057     |
|    std                  | 1            |
|    value_loss           | 1.23         |
------------------------------------------
------------------------------------------
| time/                   |              |
|    fps                  | 1872         |
|    iterations           | 4            |
|    time_elapsed         | 10           |
|    total_timesteps      | 20480        |
| train/                  |              |
|    approx_kl            | 0.0047093816 |
|    clip_fraction        | 0.00827      |
|    clip_range           | 0.2          |
|    entropy_loss         | -4.26        |
|    explained_variance   | 0.27         |
|    learning_rate        | 0.0003       |
|    loss                 | 0.338        |
|    n_updates            | 30           |
|    policy_gradient_loss | -0.00109     |
|    std                  | 1            |
|    value_loss           | 0.733        |
------------------------------------------
------------------------------------------
| time/                   |              |
|    fps                  | 1855         |
|    iterations           | 5            |
|    time_elapsed         | 13           |
|    total_timesteps      | 25600        |
| train/                  |              |
|    approx_kl            | 0.0053386223 |
|    clip_fraction        | 0.0125       |
|    clip_range           | 0.2          |
|    entropy_loss         | -4.27        |
|    explained_variance   | 0.327        |
|    learning_rate        | 0.0003       |
|    loss                 | 0.361        |
|    n_updates            | 40           |
|    policy_gradient_loss | -0.00157     |
|    std                  | 1            |
|    value_loss           | 0.919        |
------------------------------------------
----------------------------------------
| time/                   |            |
|    fps                  | 1842       |
|    iterations           | 6          |
|    time_elapsed         | 16         |
|    total_timesteps      | 30720      |
| train/                  |            |
|    approx_kl            | 0.00497894 |
|    clip_fraction        | 0.00905    |
|    clip_range           | 0.2        |
|    entropy_loss         | -4.27      |
|    explained_variance   | 0.455      |
|    learning_rate        | 0.0003     |
|    loss                 | 0.288      |
|    n_updates            | 50         |
|    policy_gradient_loss | -0.00133   |
|    std                  | 1          |
|    value_loss           | 0.511      |
----------------------------------------
------------------------------------------
| time/                   |              |
|    fps                  | 1841         |
|    iterations           | 7            |
|    time_elapsed         | 19           |
|    total_timesteps      | 35840        |
| train/                  |              |
|    approx_kl            | 0.0056607295 |
|    clip_fraction        | 0.0143       |
|    clip_range           | 0.2          |
|    entropy_loss         | -4.27        |
|    explained_variance   | 0.647        |
|    learning_rate        | 0.0003       |
|    loss                 | 0.142        |
|    n_updates            | 60           |
|    policy_gradient_loss | -0.0015      |
|    std                  | 1            |
|    value_loss           | 0.395        |
------------------------------------------
------------------------------------------
| time/                   |              |
|    fps                  | 1836         |
|    iterations           | 8            |
|    time_elapsed         | 22           |
|    total_timesteps      | 40960        |
| train/                  |              |
|    approx_kl            | 0.0020228664 |
|    clip_fraction        | 0.000732     |
|    clip_range           | 0.2          |
|    entropy_loss         | -4.26        |
|    explained_variance   | 0.654        |
|    learning_rate        | 0.0003       |
|    loss                 | 0.0735       |
|    n_updates            | 70           |
|    policy_gradient_loss | -0.00119     |
|    std                  | 1            |
|    value_loss           | 0.256        |
------------------------------------------
------------------------------------------
| time/                   |              |
|    fps                  | 1833         |
|    iterations           | 9            |
|    time_elapsed         | 25           |
|    total_timesteps      | 46080        |
| train/                  |              |
|    approx_kl            | 0.0021091923 |
|    clip_fraction        | 0.00096      |
|    clip_range           | 0.2          |
|    entropy_loss         | -4.26        |
|    explained_variance   | 0.629        |
|    learning_rate        | 0.0003       |
|    loss                 | 0.202        |
|    n_updates            | 80           |
|    policy_gradient_loss | -0.000965    |
|    std                  | 1            |
|    value_loss           | 0.46         |
------------------------------------------
------------------------------------------
| time/                   |              |
|    fps                  | 1832         |
|    iterations           | 10           |
|    time_elapsed         | 27           |
|    total_timesteps      | 51200        |
| train/                  |              |
|    approx_kl            | 0.0050639478 |
|    clip_fraction        | 0.0105       |
|    clip_range           | 0.2          |
|    entropy_loss         | -4.27        |
|    explained_variance   | 0.68         |
|    learning_rate        | 0.0003       |
|    loss                 | 0.191        |
|    n_updates            | 90           |
|    policy_gradient_loss | -0.00204     |
|    std                  | 1            |
|    value_loss           | 0.549        |
------------------------------------------
------------------------------------------
| time/                   |              |
|    fps                  | 1828         |
|    iterations           | 11           |
|    time_elapsed         | 30           |
|    total_timesteps      | 56320        |
| train/                  |              |
|    approx_kl            | 0.0009284167 |
|    clip_fraction        | 3.26e-05     |
|    clip_range           | 0.2          |
|    entropy_loss         | -4.27        |
|    explained_variance   | 0.726        |
|    learning_rate        | 0.0003       |
|    loss                 | 0.223        |
|    n_updates            | 100          |
|    policy_gradient_loss | -0.000794    |
|    std                  | 1.01         |
|    value_loss           | 0.508        |
------------------------------------------
------------------------------------------
| time/                   |              |
|    fps                  | 1824         |
|    iterations           | 12           |
|    time_elapsed         | 33           |
|    total_timesteps      | 61440        |
| train/                  |              |
|    approx_kl            | 0.0037265096 |
|    clip_fraction        | 0.00726      |
|    clip_range           | 0.2          |
|    entropy_loss         | -4.28        |
|    explained_variance   | 0.771        |
|    learning_rate        | 0.0003       |
|    loss                 | 0.131        |
|    n_updates            | 110          |
|    policy_gradient_loss | -0.00139     |
|    std                  | 1.01         |
|    value_loss           | 0.386        |
------------------------------------------
-----------------------------------------
| time/                   |             |
|    fps                  | 1827        |
|    iterations           | 13          |
|    time_elapsed         | 36          |
|    total_timesteps      | 66560       |
| train/                  |             |
|    approx_kl            | 0.004100343 |
|    clip_fraction        | 0.00513     |
|    clip_range           | 0.2         |
|    entropy_loss         | -4.28       |
|    explained_variance   | 0.85        |
|    learning_rate        | 0.0003      |
|    loss                 | 0.0743      |
|    n_updates            | 120         |
|    policy_gradient_loss | -0.00143    |
|    std                  | 1.01        |
|    value_loss           | 0.254       |
-----------------------------------------
-----------------------------------------
| time/                   |             |
|    fps                  | 1827        |
|    iterations           | 14          |
|    time_elapsed         | 39          |
|    total_timesteps      | 71680       |
| train/                  |             |
|    approx_kl            | 0.003430022 |
|    clip_fraction        | 0.00283     |
|    clip_range           | 0.2         |
|    entropy_loss         | -4.28       |
|    explained_variance   | 0.868       |
|    learning_rate        | 0.0003      |
|    loss                 | 0.0878      |
|    n_updates            | 130         |
|    policy_gradient_loss | -0.000858   |
|    std                  | 1.01        |
|    value_loss           | 0.205       |
-----------------------------------------
------------------------------------------
| time/                   |              |
|    fps                  | 1824         |
|    iterations           | 15           |
|    time_elapsed         | 42           |
|    total_timesteps      | 76800        |
| train/                  |              |
|    approx_kl            | 0.0061011836 |
|    clip_fraction        | 0.0444       |
|    clip_range           | 0.2          |
|    entropy_loss         | -4.29        |
|    explained_variance   | 0.864        |
|    learning_rate        | 0.0003       |
|    loss                 | 0.0815       |
|    n_updates            | 140          |
|    policy_gradient_loss | -0.00253     |
|    std                  | 1.01         |
|    value_loss           | 0.207        |
------------------------------------------
-----------------------------------------
| time/                   |             |
|    fps                  | 1823        |
|    iterations           | 16          |
|    time_elapsed         | 44          |
|    total_timesteps      | 81920       |
| train/                  |             |
|    approx_kl            | 0.009112389 |
|    clip_fraction        | 0.0278      |
|    clip_range           | 0.2         |
|    entropy_loss         | -4.29       |
|    explained_variance   | 0.832       |
|    learning_rate        | 0.0003      |
|    loss                 | 0.113       |
|    n_updates            | 150         |
|    policy_gradient_loss | -0.0026     |
|    std                  | 1.01        |
|    value_loss           | 0.381       |
-----------------------------------------
-----------------------------------------
| time/                   |             |
|    fps                  | 1821        |
|    iterations           | 17          |
|    time_elapsed         | 47          |
|    total_timesteps      | 87040       |
| train/                  |             |
|    approx_kl            | 0.008250109 |
|    clip_fraction        | 0.0408      |
|    clip_range           | 0.2         |
|    entropy_loss         | -4.31       |
|    explained_variance   | 0.871       |
|    learning_rate        | 0.0003      |
|    loss                 | 0.103       |
|    n_updates            | 160         |
|    policy_gradient_loss | -0.00269    |
|    std                  | 1.02        |
|    value_loss           | 0.255       |
-----------------------------------------
------------------------------------------
| time/                   |              |
|    fps                  | 1820         |
|    iterations           | 18           |
|    time_elapsed         | 50           |
|    total_timesteps      | 92160        |
| train/                  |              |
|    approx_kl            | 0.0059734057 |
|    clip_fraction        | 0.015        |
|    clip_range           | 0.2          |
|    entropy_loss         | -4.32        |
|    explained_variance   | 0.929        |
|    learning_rate        | 0.0003       |
|    loss                 | 0.0575       |
|    n_updates            | 170          |
|    policy_gradient_loss | -0.00206     |
|    std                  | 1.02         |
|    value_loss           | 0.193        |
------------------------------------------
-----------------------------------------
| time/                   |             |
|    fps                  | 1822        |
|    iterations           | 19          |
|    time_elapsed         | 53          |
|    total_timesteps      | 97280       |
| train/                  |             |
|    approx_kl            | 0.008006725 |
|    clip_fraction        | 0.0568      |
|    clip_range           | 0.2         |
|    entropy_loss         | -4.33       |
|    explained_variance   | 0.815       |
|    learning_rate        | 0.0003      |
|    loss                 | 0.226       |
|    n_updates            | 180         |
|    policy_gradient_loss | -0.00331    |
|    std                  | 1.02        |
|    value_loss           | 0.497       |
-----------------------------------------
-----------------------------------------
| time/                   |             |
|    fps                  | 1822        |
|    iterations           | 20          |
|    time_elapsed         | 56          |
|    total_timesteps      | 102400      |
| train/                  |             |
|    approx_kl            | 0.003374665 |
|    clip_fraction        | 0.00623     |
|    clip_range           | 0.2         |
|    entropy_loss         | -4.33       |
|    explained_variance   | 0.93        |
|    learning_rate        | 0.0003      |
|    loss                 | 0.0389      |
|    n_updates            | 190         |
|    policy_gradient_loss | -0.00133    |
|    std                  | 1.02        |
|    value_loss           | 0.139       |
-----------------------------------------
-----------------------------------------
| time/                   |             |
|    fps                  | 1823        |
|    iterations           | 21          |
|    time_elapsed         | 58          |
|    total_timesteps      | 107520      |
| train/                  |             |
|    approx_kl            | 0.005266314 |
|    clip_fraction        | 0.0695      |
|    clip_range           | 0.2         |
|    entropy_loss         | -4.33       |
|    explained_variance   | 0.82        |
|    learning_rate        | 0.0003      |
|    loss                 | 0.172       |
|    n_updates            | 200         |
|    policy_gradient_loss | -0.004      |
|    std                  | 1.03        |
|    value_loss           | 0.33        |
-----------------------------------------
-----------------------------------------
| time/                   |             |
|    fps                  | 1819        |
|    iterations           | 22          |
|    time_elapsed         | 61          |
|    total_timesteps      | 112640      |
| train/                  |             |
|    approx_kl            | 0.004324638 |
|    clip_fraction        | 0.00728     |
|    clip_range           | 0.2         |
|    entropy_loss         | -4.34       |
|    explained_variance   | 0.686       |
|    learning_rate        | 0.0003      |
|    loss                 | 0.197       |
|    n_updates            | 210         |
|    policy_gradient_loss | -0.00134    |
|    std                  | 1.03        |
|    value_loss           | 0.603       |
-----------------------------------------
------------------------------------------
| time/                   |              |
|    fps                  | 1817         |
|    iterations           | 23           |
|    time_elapsed         | 64           |
|    total_timesteps      | 117760       |
| train/                  |              |
|    approx_kl            | 0.0032775505 |
|    clip_fraction        | 0.00558      |
|    clip_range           | 0.2          |
|    entropy_loss         | -4.34        |
|    explained_variance   | 0.656        |
|    learning_rate        | 0.0003       |
|    loss                 | 0.482        |
|    n_updates            | 220          |
|    policy_gradient_loss | -0.000454    |
|    std                  | 1.03         |
|    value_loss           | 0.842        |
------------------------------------------
------------------------------------------
| time/                   |              |
|    fps                  | 1817         |
|    iterations           | 24           |
|    time_elapsed         | 67           |
|    total_timesteps      | 122880       |
| train/                  |              |
|    approx_kl            | 0.0036144035 |
|    clip_fraction        | 0.00361      |
|    clip_range           | 0.2          |
|    entropy_loss         | -4.34        |
|    explained_variance   | 0.66         |
|    learning_rate        | 0.0003       |
|    loss                 | 0.769        |
|    n_updates            | 230          |
|    policy_gradient_loss | -0.000817    |
|    std                  | 1.03         |
|    value_loss           | 1.3          |
------------------------------------------
------------------------------------------
| time/                   |              |
|    fps                  | 1816         |
|    iterations           | 25           |
|    time_elapsed         | 70           |
|    total_timesteps      | 128000       |
| train/                  |              |
|    approx_kl            | 0.0014303342 |
|    clip_fraction        | 0.000114     |
|    clip_range           | 0.2          |
|    entropy_loss         | -4.34        |
|    explained_variance   | 0.631        |
|    learning_rate        | 0.0003       |
|    loss                 | 1.14         |
|    n_updates            | 240          |
|    policy_gradient_loss | -0.000344    |
|    std                  | 1.03         |
|    value_loss           | 2.33         |
------------------------------------------
------------------------------------------
| time/                   |              |
|    fps                  | 1815         |
|    iterations           | 26           |
|    time_elapsed         | 73           |
|    total_timesteps      | 133120       |
| train/                  |              |
|    approx_kl            | 0.0007469668 |
|    clip_fraction        | 0            |
|    clip_range           | 0.2          |
|    entropy_loss         | -4.34        |
|    explained_variance   | 0.741        |
|    learning_rate        | 0.0003       |
|    loss                 | 0.695        |
|    n_updates            | 250          |
|    policy_gradient_loss | -7.97e-05    |
|    std                  | 1.03         |
|    value_loss           | 1.56         |
------------------------------------------
------------------------------------------
| time/                   |              |
|    fps                  | 1815         |
|    iterations           | 27           |
|    time_elapsed         | 76           |
|    total_timesteps      | 138240       |
| train/                  |              |
|    approx_kl            | 0.0088041285 |
|    clip_fraction        | 0.0392       |
|    clip_range           | 0.2          |
|    entropy_loss         | -4.35        |
|    explained_variance   | 0.872        |
|    learning_rate        | 0.0003       |
|    loss                 | 0.428        |
|    n_updates            | 260          |
|    policy_gradient_loss | -0.00227     |
|    std                  | 1.03         |
|    value_loss           | 0.945        |
------------------------------------------
------------------------------------------
| time/                   |              |
|    fps                  | 1815         |
|    iterations           | 28           |
|    time_elapsed         | 78           |
|    total_timesteps      | 143360       |
| train/                  |              |
|    approx_kl            | 0.0063588736 |
|    clip_fraction        | 0.0361       |
|    clip_range           | 0.2          |
|    entropy_loss         | -4.36        |
|    explained_variance   | 0.925        |
|    learning_rate        | 0.0003       |
|    loss                 | 0.196        |
|    n_updates            | 270          |
|    policy_gradient_loss | -0.00176     |
|    std                  | 1.04         |
|    value_loss           | 0.52         |
------------------------------------------
------------------------------------------
| time/                   |              |
|    fps                  | 1814         |
|    iterations           | 29           |
|    time_elapsed         | 81           |
|    total_timesteps      | 148480       |
| train/                  |              |
|    approx_kl            | 0.0042499225 |
|    clip_fraction        | 0.0625       |
|    clip_range           | 0.2          |
|    entropy_loss         | -4.36        |
|    explained_variance   | 0.965        |
|    learning_rate        | 0.0003       |
|    loss                 | 0.129        |
|    n_updates            | 280          |
|    policy_gradient_loss | -0.00397     |
|    std                  | 1.03         |
|    value_loss           | 0.234        |
------------------------------------------
------------------------------------------
| time/                   |              |
|    fps                  | 1812         |
|    iterations           | 30           |
|    time_elapsed         | 84           |
|    total_timesteps      | 153600       |
| train/                  |              |
|    approx_kl            | 0.0066437474 |
|    clip_fraction        | 0.0536       |
|    clip_range           | 0.2          |
|    entropy_loss         | -4.35        |
|    explained_variance   | 0.938        |
|    learning_rate        | 0.0003       |
|    loss                 | 0.0874       |
|    n_updates            | 290          |
|    policy_gradient_loss | -0.00354     |
|    std                  | 1.03         |
|    value_loss           | 0.328        |
------------------------------------------
------------------------------------------
| time/                   |              |
|    fps                  | 1812         |
|    iterations           | 31           |
|    time_elapsed         | 87           |
|    total_timesteps      | 158720       |
| train/                  |              |
|    approx_kl            | 0.0091747595 |
|    clip_fraction        | 0.0745       |
|    clip_range           | 0.2          |
|    entropy_loss         | -4.35        |
|    explained_variance   | 0.944        |
|    learning_rate        | 0.0003       |
|    loss                 | 0.103        |
|    n_updates            | 300          |
|    policy_gradient_loss | -0.00504     |
|    std                  | 1.03         |
|    value_loss           | 0.216        |
------------------------------------------
-----------------------------------------
| time/                   |             |
|    fps                  | 1812        |
|    iterations           | 32          |
|    time_elapsed         | 90          |
|    total_timesteps      | 163840      |
| train/                  |             |
|    approx_kl            | 0.009882956 |
|    clip_fraction        | 0.0716      |
|    clip_range           | 0.2         |
|    entropy_loss         | -4.35       |
|    explained_variance   | 0.952       |
|    learning_rate        | 0.0003      |
|    loss                 | 0.0793      |
|    n_updates            | 310         |
|    policy_gradient_loss | -0.00505    |
|    std                  | 1.03        |
|    value_loss           | 0.237       |
-----------------------------------------
------------------------------------------
| time/                   |              |
|    fps                  | 1811         |
|    iterations           | 33           |
|    time_elapsed         | 93           |
|    total_timesteps      | 168960       |
| train/                  |              |
|    approx_kl            | 0.0053338013 |
|    clip_fraction        | 0.00794      |
|    clip_range           | 0.2          |
|    entropy_loss         | -4.33        |
|    explained_variance   | 0.91         |
|    learning_rate        | 0.0003       |
|    loss                 | 0.164        |
|    n_updates            | 320          |
|    policy_gradient_loss | -0.00171     |
|    std                  | 1.03         |
|    value_loss           | 0.337        |
------------------------------------------
------------------------------------------
| time/                   |              |
|    fps                  | 1811         |
|    iterations           | 34           |
|    time_elapsed         | 96           |
|    total_timesteps      | 174080       |
| train/                  |              |
|    approx_kl            | 0.0077464017 |
|    clip_fraction        | 0.0505       |
|    clip_range           | 0.2          |
|    entropy_loss         | -4.33        |
|    explained_variance   | 0.959        |
|    learning_rate        | 0.0003       |
|    loss                 | 0.0273       |
|    n_updates            | 330          |
|    policy_gradient_loss | -0.00438     |
|    std                  | 1.02         |
|    value_loss           | 0.14         |
------------------------------------------
------------------------------------------
| time/                   |              |
|    fps                  | 1811         |
|    iterations           | 35           |
|    time_elapsed         | 98           |
|    total_timesteps      | 179200       |
| train/                  |              |
|    approx_kl            | 0.0027427066 |
|    clip_fraction        | 0.00272      |
|    clip_range           | 0.2          |
|    entropy_loss         | -4.32        |
|    explained_variance   | 0.96         |
|    learning_rate        | 0.0003       |
|    loss                 | 0.0309       |
|    n_updates            | 340          |
|    policy_gradient_loss | -0.00115     |
|    std                  | 1.02         |
|    value_loss           | 0.126        |
------------------------------------------
-----------------------------------------
| time/                   |             |
|    fps                  | 1812        |
|    iterations           | 36          |
|    time_elapsed         | 101         |
|    total_timesteps      | 184320      |
| train/                  |             |
|    approx_kl            | 0.009024829 |
|    clip_fraction        | 0.0504      |
|    clip_range           | 0.2         |
|    entropy_loss         | -4.32       |
|    explained_variance   | 0.939       |
|    learning_rate        | 0.0003      |
|    loss                 | 0.0827      |
|    n_updates            | 350         |
|    policy_gradient_loss | -0.00429    |
|    std                  | 1.02        |
|    value_loss           | 0.267       |
-----------------------------------------
------------------------------------------
| time/                   |              |
|    fps                  | 1811         |
|    iterations           | 37           |
|    time_elapsed         | 104          |
|    total_timesteps      | 189440       |
| train/                  |              |
|    approx_kl            | 0.0052579176 |
|    clip_fraction        | 0.0153       |
|    clip_range           | 0.2          |
|    entropy_loss         | -4.31        |
|    explained_variance   | 0.966        |
|    learning_rate        | 0.0003       |
|    loss                 | 0.0172       |
|    n_updates            | 360          |
|    policy_gradient_loss | -0.00207     |
|    std                  | 1.02         |
|    value_loss           | 0.0971       |
------------------------------------------
-----------------------------------------
| time/                   |             |
|    fps                  | 1812        |
|    iterations           | 38          |
|    time_elapsed         | 107         |
|    total_timesteps      | 194560      |
| train/                  |             |
|    approx_kl            | 0.004284943 |
|    clip_fraction        | 0.0218      |
|    clip_range           | 0.2         |
|    entropy_loss         | -4.31       |
|    explained_variance   | 0.975       |
|    learning_rate        | 0.0003      |
|    loss                 | 0.00927     |
|    n_updates            | 370         |
|    policy_gradient_loss | -0.00226    |
|    std                  | 1.02        |
|    value_loss           | 0.0769      |
-----------------------------------------
-----------------------------------------
| time/                   |             |
|    fps                  | 1813        |
|    iterations           | 39          |
|    time_elapsed         | 110         |
|    total_timesteps      | 199680      |
| train/                  |             |
|    approx_kl            | 0.004783558 |
|    clip_fraction        | 0.00737     |
|    clip_range           | 0.2         |
|    entropy_loss         | -4.3        |
|    explained_variance   | 0.904       |
|    learning_rate        | 0.0003      |
|    loss                 | 0.0821      |
|    n_updates            | 380         |
|    policy_gradient_loss | -0.00156    |
|    std                  | 1.02        |
|    value_loss           | 0.328       |
-----------------------------------------
------------------------------------------
| time/                   |              |
|    fps                  | 1812         |
|    iterations           | 40           |
|    time_elapsed         | 112          |
|    total_timesteps      | 204800       |
| train/                  |              |
|    approx_kl            | 0.0005345503 |
|    clip_fraction        | 4.88e-05     |
|    clip_range           | 0.2          |
|    entropy_loss         | -4.3         |
|    explained_variance   | 0.815        |
|    learning_rate        | 0.0003       |
|    loss                 | 0.166        |
|    n_updates            | 390          |
|    policy_gradient_loss | -0.000271    |
|    std                  | 1.02         |
|    value_loss           | 0.581        |
------------------------------------------
------------------------------------------
| time/                   |              |
|    fps                  | 1812         |
|    iterations           | 41           |
|    time_elapsed         | 115          |
|    total_timesteps      | 209920       |
| train/                  |              |
|    approx_kl            | 0.0039955867 |
|    clip_fraction        | 0.0043       |
|    clip_range           | 0.2          |
|    entropy_loss         | -4.3         |
|    explained_variance   | 0.922        |
|    learning_rate        | 0.0003       |
|    loss                 | 0.0703       |
|    n_updates            | 400          |
|    policy_gradient_loss | -0.00162     |
|    std                  | 1.01         |
|    value_loss           | 0.192        |
------------------------------------------
------------------------------------------
| time/                   |              |
|    fps                  | 1813         |
|    iterations           | 42           |
|    time_elapsed         | 118          |
|    total_timesteps      | 215040       |
| train/                  |              |
|    approx_kl            | 0.0068606753 |
|    clip_fraction        | 0.0492       |
|    clip_range           | 0.2          |
|    entropy_loss         | -4.29        |
|    explained_variance   | 0.957        |
|    learning_rate        | 0.0003       |
|    loss                 | 0.0137       |
|    n_updates            | 410          |
|    policy_gradient_loss | -0.00318     |
|    std                  | 1.01         |
|    value_loss           | 0.0905       |
------------------------------------------
------------------------------------------
| time/                   |              |
|    fps                  | 1811         |
|    iterations           | 43           |
|    time_elapsed         | 121          |
|    total_timesteps      | 220160       |
| train/                  |              |
|    approx_kl            | 0.0011688343 |
|    clip_fraction        | 0.000391     |
|    clip_range           | 0.2          |
|    entropy_loss         | -4.29        |
|    explained_variance   | 0.953        |
|    learning_rate        | 0.0003       |
|    loss                 | 0.0285       |
|    n_updates            | 420          |
|    policy_gradient_loss | -0.000798    |
|    std                  | 1.01         |
|    value_loss           | 0.101        |
------------------------------------------
------------------------------------------
| time/                   |              |
|    fps                  | 1811         |
|    iterations           | 44           |
|    time_elapsed         | 124          |
|    total_timesteps      | 225280       |
| train/                  |              |
|    approx_kl            | 0.0035440528 |
|    clip_fraction        | 0.00415      |
|    clip_range           | 0.2          |
|    entropy_loss         | -4.3         |
|    explained_variance   | 0.893        |
|    learning_rate        | 0.0003       |
|    loss                 | 0.0789       |
|    n_updates            | 430          |
|    policy_gradient_loss | -0.000934    |
|    std                  | 1.01         |
|    value_loss           | 0.235        |
------------------------------------------
------------------------------------------
| time/                   |              |
|    fps                  | 1812         |
|    iterations           | 45           |
|    time_elapsed         | 127          |
|    total_timesteps      | 230400       |
| train/                  |              |
|    approx_kl            | 0.0038769348 |
|    clip_fraction        | 0.00444      |
|    clip_range           | 0.2          |
|    entropy_loss         | -4.3         |
|    explained_variance   | 0.835        |
|    learning_rate        | 0.0003       |
|    loss                 | 0.132        |
|    n_updates            | 440          |
|    policy_gradient_loss | -0.00118     |
|    std                  | 1.02         |
|    value_loss           | 0.319        |
------------------------------------------
------------------------------------------
| time/                   |              |
|    fps                  | 1811         |
|    iterations           | 46           |
|    time_elapsed         | 129          |
|    total_timesteps      | 235520       |
| train/                  |              |
|    approx_kl            | 0.0006698699 |
|    clip_fraction        | 0            |
|    clip_range           | 0.2          |
|    entropy_loss         | -4.31        |
|    explained_variance   | 0.92         |
|    learning_rate        | 0.0003       |
|    loss                 | 0.0193       |
|    n_updates            | 450          |
|    policy_gradient_loss | -0.000395    |
|    std                  | 1.02         |
|    value_loss           | 0.109        |
------------------------------------------
------------------------------------------
| time/                   |              |
|    fps                  | 1811         |
|    iterations           | 47           |
|    time_elapsed         | 132          |
|    total_timesteps      | 240640       |
| train/                  |              |
|    approx_kl            | 0.0061816834 |
|    clip_fraction        | 0.0174       |
|    clip_range           | 0.2          |
|    entropy_loss         | -4.31        |
|    explained_variance   | 0.953        |
|    learning_rate        | 0.0003       |
|    loss                 | 0.00534      |
|    n_updates            | 460          |
|    policy_gradient_loss | -0.00273     |
|    std                  | 1.02         |
|    value_loss           | 0.0645       |
------------------------------------------
------------------------------------------
| time/                   |              |
|    fps                  | 1811         |
|    iterations           | 48           |
|    time_elapsed         | 135          |
|    total_timesteps      | 245760       |
| train/                  |              |
|    approx_kl            | 0.0044052117 |
|    clip_fraction        | 0.0331       |
|    clip_range           | 0.2          |
|    entropy_loss         | -4.32        |
|    explained_variance   | 0.887        |
|    learning_rate        | 0.0003       |
|    loss                 | 0.0499       |
|    n_updates            | 470          |
|    policy_gradient_loss | -0.00241     |
|    std                  | 1.02         |
|    value_loss           | 0.223        |
------------------------------------------
------------------------------------------
| time/                   |              |
|    fps                  | 1812         |
|    iterations           | 49           |
|    time_elapsed         | 138          |
|    total_timesteps      | 250880       |
| train/                  |              |
|    approx_kl            | 0.0061572273 |
|    clip_fraction        | 0.0252       |
|    clip_range           | 0.2          |
|    entropy_loss         | -4.32        |
|    explained_variance   | 0.924        |
|    learning_rate        | 0.0003       |
|    loss                 | 0.0362       |
|    n_updates            | 480          |
|    policy_gradient_loss | -0.00262     |
|    std                  | 1.02         |
|    value_loss           | 0.134        |
------------------------------------------
-----------------------------------------
| time/                   |             |
|    fps                  | 1811        |
|    iterations           | 50          |
|    time_elapsed         | 141         |
|    total_timesteps      | 256000      |
| train/                  |             |
|    approx_kl            | 0.010481373 |
|    clip_fraction        | 0.0709      |
|    clip_range           | 0.2         |
|    entropy_loss         | -4.32       |
|    explained_variance   | 0.933       |
|    learning_rate        | 0.0003      |
|    loss                 | 0.0188      |
|    n_updates            | 490         |
|    policy_gradient_loss | -0.00449    |
|    std                  | 1.02        |
|    value_loss           | 0.0939      |
-----------------------------------------
------------------------------------------
| time/                   |              |
|    fps                  | 1811         |
|    iterations           | 51           |
|    time_elapsed         | 144          |
|    total_timesteps      | 261120       |
| train/                  |              |
|    approx_kl            | 0.0017951367 |
|    clip_fraction        | 0.000521     |
|    clip_range           | 0.2          |
|    entropy_loss         | -4.32        |
|    explained_variance   | 0.807        |
|    learning_rate        | 0.0003       |
|    loss                 | 0.0878       |
|    n_updates            | 500          |
|    policy_gradient_loss | -0.000418    |
|    std                  | 1.02         |
|    value_loss           | 0.29         |
------------------------------------------
-----------------------------------------
| time/                   |             |
|    fps                  | 1810        |
|    iterations           | 52          |
|    time_elapsed         | 147         |
|    total_timesteps      | 266240      |
| train/                  |             |
|    approx_kl            | 0.005227918 |
|    clip_fraction        | 0.0389      |
|    clip_range           | 0.2         |
|    entropy_loss         | -4.32       |
|    explained_variance   | 0.942       |
|    learning_rate        | 0.0003      |
|    loss                 | 0.0181      |
|    n_updates            | 510         |
|    policy_gradient_loss | -0.00366    |
|    std                  | 1.02        |
|    value_loss           | 0.0863      |
-----------------------------------------
-----------------------------------------
| time/                   |             |
|    fps                  | 1810        |
|    iterations           | 53          |
|    time_elapsed         | 149         |
|    total_timesteps      | 271360      |
| train/                  |             |
|    approx_kl            | 0.006459702 |
|    clip_fraction        | 0.027       |
|    clip_range           | 0.2         |
|    entropy_loss         | -4.33       |
|    explained_variance   | 0.958       |
|    learning_rate        | 0.0003      |
|    loss                 | 0.00846     |
|    n_updates            | 520         |
|    policy_gradient_loss | -0.00215    |
|    std                  | 1.03        |
|    value_loss           | 0.0735      |
-----------------------------------------
-----------------------------------------
| time/                   |             |
|    fps                  | 1810        |
|    iterations           | 54          |
|    time_elapsed         | 152         |
|    total_timesteps      | 276480      |
| train/                  |             |
|    approx_kl            | 0.004224936 |
|    clip_fraction        | 0.00622     |
|    clip_range           | 0.2         |
|    entropy_loss         | -4.33       |
|    explained_variance   | 0.755       |
|    learning_rate        | 0.0003      |
|    loss                 | 0.177       |
|    n_updates            | 530         |
|    policy_gradient_loss | -0.00114    |
|    std                  | 1.03        |
|    value_loss           | 0.437       |
-----------------------------------------
------------------------------------------
| time/                   |              |
|    fps                  | 1810         |
|    iterations           | 55           |
|    time_elapsed         | 155          |
|    total_timesteps      | 281600       |
| train/                  |              |
|    approx_kl            | 0.0034887542 |
|    clip_fraction        | 0.00591      |
|    clip_range           | 0.2          |
|    entropy_loss         | -4.33        |
|    explained_variance   | 0.942        |
|    learning_rate        | 0.0003       |
|    loss                 | 0.0177       |
|    n_updates            | 540          |
|    policy_gradient_loss | -0.00169     |
|    std                  | 1.03         |
|    value_loss           | 0.0948       |
------------------------------------------
------------------------------------------
| time/                   |              |
|    fps                  | 1810         |
|    iterations           | 56           |
|    time_elapsed         | 158          |
|    total_timesteps      | 286720       |
| train/                  |              |
|    approx_kl            | 0.0044708666 |
|    clip_fraction        | 0.0115       |
|    clip_range           | 0.2          |
|    entropy_loss         | -4.33        |
|    explained_variance   | 0.934        |
|    learning_rate        | 0.0003       |
|    loss                 | 0.0211       |
|    n_updates            | 550          |
|    policy_gradient_loss | -0.00219     |
|    std                  | 1.02         |
|    value_loss           | 0.101        |
------------------------------------------
-----------------------------------------
| time/                   |             |
|    fps                  | 1810        |
|    iterations           | 57          |
|    time_elapsed         | 161         |
|    total_timesteps      | 291840      |
| train/                  |             |
|    approx_kl            | 0.005165896 |
|    clip_fraction        | 0.0144      |
|    clip_range           | 0.2         |
|    entropy_loss         | -4.32       |
|    explained_variance   | 0.859       |
|    learning_rate        | 0.0003      |
|    loss                 | 0.0566      |
|    n_updates            | 560         |
|    policy_gradient_loss | -0.00116    |
|    std                  | 1.02        |
|    value_loss           | 0.231       |
-----------------------------------------
-----------------------------------------
| time/                   |             |
|    fps                  | 1810        |
|    iterations           | 58          |
|    time_elapsed         | 164         |
|    total_timesteps      | 296960      |
| train/                  |             |
|    approx_kl            | 0.004669582 |
|    clip_fraction        | 0.0331      |
|    clip_range           | 0.2         |
|    entropy_loss         | -4.31       |
|    explained_variance   | 0.92        |
|    learning_rate        | 0.0003      |
|    loss                 | 0.0225      |
|    n_updates            | 570         |
|    policy_gradient_loss | -0.00205    |
|    std                  | 1.02        |
|    value_loss           | 0.103       |
-----------------------------------------
-----------------------------------------
| time/                   |             |
|    fps                  | 1811        |
|    iterations           | 59          |
|    time_elapsed         | 166         |
|    total_timesteps      | 302080      |
| train/                  |             |
|    approx_kl            | 0.007968928 |
|    clip_fraction        | 0.033       |
|    clip_range           | 0.2         |
|    entropy_loss         | -4.32       |
|    explained_variance   | 0.948       |
|    learning_rate        | 0.0003      |
|    loss                 | 0.0122      |
|    n_updates            | 580         |
|    policy_gradient_loss | -0.00277    |
|    std                  | 1.02        |
|    value_loss           | 0.0752      |
-----------------------------------------
------------------------------------------
| time/                   |              |
|    fps                  | 1811         |
|    iterations           | 60           |
|    time_elapsed         | 169          |
|    total_timesteps      | 307200       |
| train/                  |              |
|    approx_kl            | 0.0066263955 |
|    clip_fraction        | 0.0456       |
|    clip_range           | 0.2          |
|    entropy_loss         | -4.31        |
|    explained_variance   | 0.86         |
|    learning_rate        | 0.0003       |
|    loss                 | 0.0747       |
|    n_updates            | 590          |
|    policy_gradient_loss | -0.00293     |
|    std                  | 1.02         |
|    value_loss           | 0.267        |
------------------------------------------
------------------------------------------
| time/                   |              |
|    fps                  | 1811         |
|    iterations           | 61           |
|    time_elapsed         | 172          |
|    total_timesteps      | 312320       |
| train/                  |              |
|    approx_kl            | 0.0065761977 |
|    clip_fraction        | 0.0313       |
|    clip_range           | 0.2          |
|    entropy_loss         | -4.31        |
|    explained_variance   | 0.874        |
|    learning_rate        | 0.0003       |
|    loss                 | 0.212        |
|    n_updates            | 600          |
|    policy_gradient_loss | -0.00193     |
|    std                  | 1.02         |
|    value_loss           | 0.276        |
------------------------------------------
------------------------------------------
| time/                   |              |
|    fps                  | 1811         |
|    iterations           | 62           |
|    time_elapsed         | 175          |
|    total_timesteps      | 317440       |
| train/                  |              |
|    approx_kl            | 0.0064094774 |
|    clip_fraction        | 0.0549       |
|    clip_range           | 0.2          |
|    entropy_loss         | -4.31        |
|    explained_variance   | 0.944        |
|    learning_rate        | 0.0003       |
|    loss                 | 0.0277       |
|    n_updates            | 610          |
|    policy_gradient_loss | -0.00307     |
|    std                  | 1.02         |
|    value_loss           | 0.107        |
------------------------------------------
------------------------------------------
| time/                   |              |
|    fps                  | 1811         |
|    iterations           | 63           |
|    time_elapsed         | 178          |
|    total_timesteps      | 322560       |
| train/                  |              |
|    approx_kl            | 0.0077469447 |
|    clip_fraction        | 0.0219       |
|    clip_range           | 0.2          |
|    entropy_loss         | -4.31        |
|    explained_variance   | 0.927        |
|    learning_rate        | 0.0003       |
|    loss                 | 0.0217       |
|    n_updates            | 620          |
|    policy_gradient_loss | -0.00151     |
|    std                  | 1.02         |
|    value_loss           | 0.127        |
------------------------------------------
------------------------------------------
| time/                   |              |
|    fps                  | 1811         |
|    iterations           | 64           |
|    time_elapsed         | 180          |
|    total_timesteps      | 327680       |
| train/                  |              |
|    approx_kl            | 0.0009600008 |
|    clip_fraction        | 1.63e-05     |
|    clip_range           | 0.2          |
|    entropy_loss         | -4.31        |
|    explained_variance   | 0.972        |
|    learning_rate        | 0.0003       |
|    loss                 | 0.00107      |
|    n_updates            | 630          |
|    policy_gradient_loss | -0.000649    |
|    std                  | 1.02         |
|    value_loss           | 0.0547       |
------------------------------------------
-----------------------------------------
| time/                   |             |
|    fps                  | 1812        |
|    iterations           | 65          |
|    time_elapsed         | 183         |
|    total_timesteps      | 332800      |
| train/                  |             |
|    approx_kl            | 0.001988236 |
|    clip_fraction        | 0.00374     |
|    clip_range           | 0.2         |
|    entropy_loss         | -4.3        |
|    explained_variance   | 0.98        |
|    learning_rate        | 0.0003      |
|    loss                 | -0.00161    |
|    n_updates            | 640         |
|    policy_gradient_loss | -0.00114    |
|    std                  | 1.02        |
|    value_loss           | 0.0384      |
-----------------------------------------
-----------------------------------------
| time/                   |             |
|    fps                  | 1813        |
|    iterations           | 66          |
|    time_elapsed         | 186         |
|    total_timesteps      | 337920      |
| train/                  |             |
|    approx_kl            | 0.004601763 |
|    clip_fraction        | 0.0436      |
|    clip_range           | 0.2         |
|    entropy_loss         | -4.31       |
|    explained_variance   | 0.97        |
|    learning_rate        | 0.0003      |
|    loss                 | 0.0126      |
|    n_updates            | 650         |
|    policy_gradient_loss | -0.00235    |
|    std                  | 1.02        |
|    value_loss           | 0.0653      |
-----------------------------------------
------------------------------------------
| time/                   |              |
|    fps                  | 1812         |
|    iterations           | 67           |
|    time_elapsed         | 189          |
|    total_timesteps      | 343040       |
| train/                  |              |
|    approx_kl            | 0.0085392855 |
|    clip_fraction        | 0.0498       |
|    clip_range           | 0.2          |
|    entropy_loss         | -4.32        |
|    explained_variance   | 0.977        |
|    learning_rate        | 0.0003       |
|    loss                 | -0.00285     |
|    n_updates            | 660          |
|    policy_gradient_loss | -0.00278     |
|    std                  | 1.02         |
|    value_loss           | 0.0482       |
------------------------------------------
-----------------------------------------
| time/                   |             |
|    fps                  | 1812        |
|    iterations           | 68          |
|    time_elapsed         | 192         |
|    total_timesteps      | 348160      |
| train/                  |             |
|    approx_kl            | 0.004852595 |
|    clip_fraction        | 0.0111      |
|    clip_range           | 0.2         |
|    entropy_loss         | -4.32       |
|    explained_variance   | 0.792       |
|    learning_rate        | 0.0003      |
|    loss                 | 0.144       |
|    n_updates            | 670         |
|    policy_gradient_loss | -0.00143    |
|    std                  | 1.02        |
|    value_loss           | 0.442       |
-----------------------------------------
-----------------------------------------
| time/                   |             |
|    fps                  | 1812        |
|    iterations           | 69          |
|    time_elapsed         | 194         |
|    total_timesteps      | 353280      |
| train/                  |             |
|    approx_kl            | 0.006576959 |
|    clip_fraction        | 0.0218      |
|    clip_range           | 0.2         |
|    entropy_loss         | -4.33       |
|    explained_variance   | 0.96        |
|    learning_rate        | 0.0003      |
|    loss                 | 0.0151      |
|    n_updates            | 680         |
|    policy_gradient_loss | -0.00182    |
|    std                  | 1.03        |
|    value_loss           | 0.0905      |
-----------------------------------------
-----------------------------------------
| time/                   |             |
|    fps                  | 1812        |
|    iterations           | 70          |
|    time_elapsed         | 197         |
|    total_timesteps      | 358400      |
| train/                  |             |
|    approx_kl            | 0.004008927 |
|    clip_fraction        | 0.00638     |
|    clip_range           | 0.2         |
|    entropy_loss         | -4.34       |
|    explained_variance   | 0.968       |
|    learning_rate        | 0.0003      |
|    loss                 | 0.00334     |
|    n_updates            | 690         |
|    policy_gradient_loss | -0.00138    |
|    std                  | 1.03        |
|    value_loss           | 0.0677      |
-----------------------------------------
-----------------------------------------
| time/                   |             |
|    fps                  | 1813        |
|    iterations           | 71          |
|    time_elapsed         | 200         |
|    total_timesteps      | 363520      |
| train/                  |             |
|    approx_kl            | 0.010034508 |
|    clip_fraction        | 0.0546      |
|    clip_range           | 0.2         |
|    entropy_loss         | -4.34       |
|    explained_variance   | 0.97        |
|    learning_rate        | 0.0003      |
|    loss                 | -0.00378    |
|    n_updates            | 700         |
|    policy_gradient_loss | -0.00331    |
|    std                  | 1.03        |
|    value_loss           | 0.0568      |
-----------------------------------------
------------------------------------------
| time/                   |              |
|    fps                  | 1813         |
|    iterations           | 72           |
|    time_elapsed         | 203          |
|    total_timesteps      | 368640       |
| train/                  |              |
|    approx_kl            | 0.0034938536 |
|    clip_fraction        | 0.004        |
|    clip_range           | 0.2          |
|    entropy_loss         | -4.35        |
|    explained_variance   | 0.975        |
|    learning_rate        | 0.0003       |
|    loss                 | 0.00587      |
|    n_updates            | 710          |
|    policy_gradient_loss | -0.00109     |
|    std                  | 1.03         |
|    value_loss           | 0.0529       |
------------------------------------------
------------------------------------------
| time/                   |              |
|    fps                  | 1812         |
|    iterations           | 73           |
|    time_elapsed         | 206          |
|    total_timesteps      | 373760       |
| train/                  |              |
|    approx_kl            | 0.0032787498 |
|    clip_fraction        | 0.00339      |
|    clip_range           | 0.2          |
|    entropy_loss         | -4.35        |
|    explained_variance   | 0.977        |
|    learning_rate        | 0.0003       |
|    loss                 | -0.00765     |
|    n_updates            | 720          |
|    policy_gradient_loss | -0.00177     |
|    std                  | 1.03         |
|    value_loss           | 0.0421       |
------------------------------------------
-----------------------------------------
| time/                   |             |
|    fps                  | 1812        |
|    iterations           | 74          |
|    time_elapsed         | 209         |
|    total_timesteps      | 378880      |
| train/                  |             |
|    approx_kl            | 0.008068784 |
|    clip_fraction        | 0.0682      |
|    clip_range           | 0.2         |
|    entropy_loss         | -4.35       |
|    explained_variance   | 0.971       |
|    learning_rate        | 0.0003      |
|    loss                 | 0.00425     |
|    n_updates            | 730         |
|    policy_gradient_loss | -0.00288    |
|    std                  | 1.03        |
|    value_loss           | 0.0594      |
-----------------------------------------
------------------------------------------
| time/                   |              |
|    fps                  | 1812         |
|    iterations           | 75           |
|    time_elapsed         | 211          |
|    total_timesteps      | 384000       |
| train/                  |              |
|    approx_kl            | 0.0032400656 |
|    clip_fraction        | 0.022        |
|    clip_range           | 0.2          |
|    entropy_loss         | -4.35        |
|    explained_variance   | 0.98         |
|    learning_rate        | 0.0003       |
|    loss                 | 0.00172      |
|    n_updates            | 740          |
|    policy_gradient_loss | -0.00199     |
|    std                  | 1.03         |
|    value_loss           | 0.0469       |
------------------------------------------
-----------------------------------------
| time/                   |             |
|    fps                  | 1812        |
|    iterations           | 76          |
|    time_elapsed         | 214         |
|    total_timesteps      | 389120      |
| train/                  |             |
|    approx_kl            | 0.005549891 |
|    clip_fraction        | 0.0124      |
|    clip_range           | 0.2         |
|    entropy_loss         | -4.35       |
|    explained_variance   | 0.981       |
|    learning_rate        | 0.0003      |
|    loss                 | -0.000929   |
|    n_updates            | 750         |
|    policy_gradient_loss | -0.00102    |
|    std                  | 1.03        |
|    value_loss           | 0.0461      |
-----------------------------------------
------------------------------------------
| time/                   |              |
|    fps                  | 1812         |
|    iterations           | 77           |
|    time_elapsed         | 217          |
|    total_timesteps      | 394240       |
| train/                  |              |
|    approx_kl            | 0.0064478884 |
|    clip_fraction        | 0.0562       |
|    clip_range           | 0.2          |
|    entropy_loss         | -4.35        |
|    explained_variance   | 0.983        |
|    learning_rate        | 0.0003       |
|    loss                 | -0.00561     |
|    n_updates            | 760          |
|    policy_gradient_loss | -0.00317     |
|    std                  | 1.03         |
|    value_loss           | 0.0418       |
------------------------------------------
------------------------------------------
| time/                   |              |
|    fps                  | 1812         |
|    iterations           | 78           |
|    time_elapsed         | 220          |
|    total_timesteps      | 399360       |
| train/                  |              |
|    approx_kl            | 0.0053897835 |
|    clip_fraction        | 0.0545       |
|    clip_range           | 0.2          |
|    entropy_loss         | -4.36        |
|    explained_variance   | 0.982        |
|    learning_rate        | 0.0003       |
|    loss                 | -0.00315     |
|    n_updates            | 770          |
|    policy_gradient_loss | -0.00209     |
|    std                  | 1.04         |
|    value_loss           | 0.0338       |
------------------------------------------
------------------------------------------
| time/                   |              |
|    fps                  | 1811         |
|    iterations           | 79           |
|    time_elapsed         | 223          |
|    total_timesteps      | 404480       |
| train/                  |              |
|    approx_kl            | 0.0038336823 |
|    clip_fraction        | 0.0229       |
|    clip_range           | 0.2          |
|    entropy_loss         | -4.36        |
|    explained_variance   | 0.982        |
|    learning_rate        | 0.0003       |
|    loss                 | -0.00171     |
|    n_updates            | 780          |
|    policy_gradient_loss | -0.00164     |
|    std                  | 1.04         |
|    value_loss           | 0.041        |
------------------------------------------
------------------------------------------
| time/                   |              |
|    fps                  | 1811         |
|    iterations           | 80           |
|    time_elapsed         | 226          |
|    total_timesteps      | 409600       |
| train/                  |              |
|    approx_kl            | 0.0047071474 |
|    clip_fraction        | 0.0304       |
|    clip_range           | 0.2          |
|    entropy_loss         | -4.36        |
|    explained_variance   | 0.988        |
|    learning_rate        | 0.0003       |
|    loss                 | -0.00293     |
|    n_updates            | 790          |
|    policy_gradient_loss | -0.0023      |
|    std                  | 1.04         |
|    value_loss           | 0.0264       |
------------------------------------------
------------------------------------------
| time/                   |              |
|    fps                  | 1812         |
|    iterations           | 81           |
|    time_elapsed         | 228          |
|    total_timesteps      | 414720       |
| train/                  |              |
|    approx_kl            | 0.0032467202 |
|    clip_fraction        | 0.00488      |
|    clip_range           | 0.2          |
|    entropy_loss         | -4.36        |
|    explained_variance   | 0.987        |
|    learning_rate        | 0.0003       |
|    loss                 | -0.00115     |
|    n_updates            | 800          |
|    policy_gradient_loss | -0.00198     |
|    std                  | 1.04         |
|    value_loss           | 0.0389       |
------------------------------------------
------------------------------------------
| time/                   |              |
|    fps                  | 1812         |
|    iterations           | 82           |
|    time_elapsed         | 231          |
|    total_timesteps      | 419840       |
| train/                  |              |
|    approx_kl            | 0.0010966718 |
|    clip_fraction        | 0.00125      |
|    clip_range           | 0.2          |
|    entropy_loss         | -4.37        |
|    explained_variance   | 0.947        |
|    learning_rate        | 0.0003       |
|    loss                 | 0.0596       |
|    n_updates            | 810          |
|    policy_gradient_loss | -0.00134     |
|    std                  | 1.04         |
|    value_loss           | 0.15         |
------------------------------------------
-----------------------------------------
| time/                   |             |
|    fps                  | 1812        |
|    iterations           | 83          |
|    time_elapsed         | 234         |
|    total_timesteps      | 424960      |
| train/                  |             |
|    approx_kl            | 0.006667744 |
|    clip_fraction        | 0.0462      |
|    clip_range           | 0.2         |
|    entropy_loss         | -4.37       |
|    explained_variance   | 0.981       |
|    learning_rate        | 0.0003      |
|    loss                 | 0.00677     |
|    n_updates            | 820         |
|    policy_gradient_loss | -0.0025     |
|    std                  | 1.04        |
|    value_loss           | 0.0509      |
-----------------------------------------
-----------------------------------------
| time/                   |             |
|    fps                  | 1812        |
|    iterations           | 84          |
|    time_elapsed         | 237         |
|    total_timesteps      | 430080      |
| train/                  |             |
|    approx_kl            | 0.004799778 |
|    clip_fraction        | 0.0325      |
|    clip_range           | 0.2         |
|    entropy_loss         | -4.38       |
|    explained_variance   | 0.99        |
|    learning_rate        | 0.0003      |
|    loss                 | -0.00768    |
|    n_updates            | 830         |
|    policy_gradient_loss | -0.00203    |
|    std                  | 1.04        |
|    value_loss           | 0.024       |
-----------------------------------------
------------------------------------------
| time/                   |              |
|    fps                  | 1812         |
|    iterations           | 85           |
|    time_elapsed         | 240          |
|    total_timesteps      | 435200       |
| train/                  |              |
|    approx_kl            | 0.0052369596 |
|    clip_fraction        | 0.0211       |
|    clip_range           | 0.2          |
|    entropy_loss         | -4.39        |
|    explained_variance   | 0.988        |
|    learning_rate        | 0.0003       |
|    loss                 | -0.00961     |
|    n_updates            | 840          |
|    policy_gradient_loss | -0.00227     |
|    std                  | 1.05         |
|    value_loss           | 0.0292       |
------------------------------------------
-----------------------------------------
| time/                   |             |
|    fps                  | 1811        |
|    iterations           | 86          |
|    time_elapsed         | 243         |
|    total_timesteps      | 440320      |
| train/                  |             |
|    approx_kl            | 0.007933789 |
|    clip_fraction        | 0.0451      |
|    clip_range           | 0.2         |
|    entropy_loss         | -4.39       |
|    explained_variance   | 0.993       |
|    learning_rate        | 0.0003      |
|    loss                 | -0.0136     |
|    n_updates            | 850         |
|    policy_gradient_loss | -0.00274    |
|    std                  | 1.05        |
|    value_loss           | 0.0175      |
-----------------------------------------
----------------------------------------
| time/                   |            |
|    fps                  | 1811       |
|    iterations           | 87         |
|    time_elapsed         | 245        |
|    total_timesteps      | 445440     |
| train/                  |            |
|    approx_kl            | 0.00387836 |
|    clip_fraction        | 0.0164     |
|    clip_range           | 0.2        |
|    entropy_loss         | -4.4       |
|    explained_variance   | 0.993      |
|    learning_rate        | 0.0003     |
|    loss                 | -0.00949   |
|    n_updates            | 860        |
|    policy_gradient_loss | -0.00268   |
|    std                  | 1.05       |
|    value_loss           | 0.0203     |
----------------------------------------
-----------------------------------------
| time/                   |             |
|    fps                  | 1811        |
|    iterations           | 88          |
|    time_elapsed         | 248         |
|    total_timesteps      | 450560      |
| train/                  |             |
|    approx_kl            | 0.007869781 |
|    clip_fraction        | 0.0538      |
|    clip_range           | 0.2         |
|    entropy_loss         | -4.4        |
|    explained_variance   | 0.991       |
|    learning_rate        | 0.0003      |
|    loss                 | -0.00876    |
|    n_updates            | 870         |
|    policy_gradient_loss | -0.00262    |
|    std                  | 1.05        |
|    value_loss           | 0.0294      |
-----------------------------------------
-----------------------------------------
| time/                   |             |
|    fps                  | 1811        |
|    iterations           | 89          |
|    time_elapsed         | 251         |
|    total_timesteps      | 455680      |
| train/                  |             |
|    approx_kl            | 0.004735881 |
|    clip_fraction        | 0.0314      |
|    clip_range           | 0.2         |
|    entropy_loss         | -4.39       |
|    explained_variance   | 0.994       |
|    learning_rate        | 0.0003      |
|    loss                 | -0.00977    |
|    n_updates            | 880         |
|    policy_gradient_loss | -0.00232    |
|    std                  | 1.05        |
|    value_loss           | 0.0207      |
-----------------------------------------
-----------------------------------------
| time/                   |             |
|    fps                  | 1811        |
|    iterations           | 90          |
|    time_elapsed         | 254         |
|    total_timesteps      | 460800      |
| train/                  |             |
|    approx_kl            | 0.005037511 |
|    clip_fraction        | 0.036       |
|    clip_range           | 0.2         |
|    entropy_loss         | -4.39       |
|    explained_variance   | 0.994       |
|    learning_rate        | 0.0003      |
|    loss                 | -0.00892    |
|    n_updates            | 890         |
|    policy_gradient_loss | -0.00226    |
|    std                  | 1.04        |
|    value_loss           | 0.0181      |
-----------------------------------------
------------------------------------------
| time/                   |              |
|    fps                  | 1811         |
|    iterations           | 91           |
|    time_elapsed         | 257          |
|    total_timesteps      | 465920       |
| train/                  |              |
|    approx_kl            | 0.0031854212 |
|    clip_fraction        | 0.00283      |
|    clip_range           | 0.2          |
|    entropy_loss         | -4.38        |
|    explained_variance   | 0.988        |
|    learning_rate        | 0.0003       |
|    loss                 | -0.00904     |
|    n_updates            | 900          |
|    policy_gradient_loss | -0.00123     |
|    std                  | 1.04         |
|    value_loss           | 0.0281       |
------------------------------------------
------------------------------------------
| time/                   |              |
|    fps                  | 1811         |
|    iterations           | 92           |
|    time_elapsed         | 260          |
|    total_timesteps      | 471040       |
| train/                  |              |
|    approx_kl            | 0.0034649465 |
|    clip_fraction        | 0.00381      |
|    clip_range           | 0.2          |
|    entropy_loss         | -4.38        |
|    explained_variance   | 0.992        |
|    learning_rate        | 0.0003       |
|    loss                 | -0.00778     |
|    n_updates            | 910          |
|    policy_gradient_loss | -0.00069     |
|    std                  | 1.04         |
|    value_loss           | 0.0211       |
------------------------------------------
------------------------------------------
| time/                   |              |
|    fps                  | 1810         |
|    iterations           | 93           |
|    time_elapsed         | 262          |
|    total_timesteps      | 476160       |
| train/                  |              |
|    approx_kl            | 0.0033598302 |
|    clip_fraction        | 0.0267       |
|    clip_range           | 0.2          |
|    entropy_loss         | -4.37        |
|    explained_variance   | 0.989        |
|    learning_rate        | 0.0003       |
|    loss                 | -0.0103      |
|    n_updates            | 920          |
|    policy_gradient_loss | -0.00174     |
|    std                  | 1.04         |
|    value_loss           | 0.0286       |
------------------------------------------
------------------------------------------
| time/                   |              |
|    fps                  | 1810         |
|    iterations           | 94           |
|    time_elapsed         | 265          |
|    total_timesteps      | 481280       |
| train/                  |              |
|    approx_kl            | 0.0055590905 |
|    clip_fraction        | 0.0258       |
|    clip_range           | 0.2          |
|    entropy_loss         | -4.36        |
|    explained_variance   | 0.993        |
|    learning_rate        | 0.0003       |
|    loss                 | -0.0114      |
|    n_updates            | 930          |
|    policy_gradient_loss | -0.00217     |
|    std                  | 1.03         |
|    value_loss           | 0.0195       |
------------------------------------------
-----------------------------------------
| time/                   |             |
|    fps                  | 1810        |
|    iterations           | 95          |
|    time_elapsed         | 268         |
|    total_timesteps      | 486400      |
| train/                  |             |
|    approx_kl            | 0.005317954 |
|    clip_fraction        | 0.0179      |
|    clip_range           | 0.2         |
|    entropy_loss         | -4.35       |
|    explained_variance   | 0.993       |
|    learning_rate        | 0.0003      |
|    loss                 | -0.00957    |
|    n_updates            | 940         |
|    policy_gradient_loss | -0.00218    |
|    std                  | 1.03        |
|    value_loss           | 0.0227      |
-----------------------------------------
------------------------------------------
| time/                   |              |
|    fps                  | 1810         |
|    iterations           | 96           |
|    time_elapsed         | 271          |
|    total_timesteps      | 491520       |
| train/                  |              |
|    approx_kl            | 0.0051159244 |
|    clip_fraction        | 0.0446       |
|    clip_range           | 0.2          |
|    entropy_loss         | -4.35        |
|    explained_variance   | 0.986        |
|    learning_rate        | 0.0003       |
|    loss                 | -0.00734     |
|    n_updates            | 950          |
|    policy_gradient_loss | -0.00399     |
|    std                  | 1.03         |
|    value_loss           | 0.0332       |
------------------------------------------
-----------------------------------------
| time/                   |             |
|    fps                  | 1810        |
|    iterations           | 97          |
|    time_elapsed         | 274         |
|    total_timesteps      | 496640      |
| train/                  |             |
|    approx_kl            | 0.002425573 |
|    clip_fraction        | 0.00436     |
|    clip_range           | 0.2         |
|    entropy_loss         | -4.35       |
|    explained_variance   | 0.985       |
|    learning_rate        | 0.0003      |
|    loss                 | -0.00211    |
|    n_updates            | 960         |
|    policy_gradient_loss | -0.00151    |
|    std                  | 1.04        |
|    value_loss           | 0.0379      |
-----------------------------------------
------------------------------------------
| time/                   |              |
|    fps                  | 1810         |
|    iterations           | 98           |
|    time_elapsed         | 277          |
|    total_timesteps      | 501760       |
| train/                  |              |
|    approx_kl            | 0.0044013946 |
|    clip_fraction        | 0.00828      |
|    clip_range           | 0.2          |
|    entropy_loss         | -4.36        |
|    explained_variance   | 0.982        |
|    learning_rate        | 0.0003       |
|    loss                 | -0.00448     |
|    n_updates            | 970          |
|    policy_gradient_loss | -0.00139     |
|    std                  | 1.03         |
|    value_loss           | 0.0366       |
------------------------------------------
-----------------------------------------
| time/                   |             |
|    fps                  | 1809        |
|    iterations           | 99          |
|    time_elapsed         | 280         |
|    total_timesteps      | 506880      |
| train/                  |             |
|    approx_kl            | 0.004879319 |
|    clip_fraction        | 0.0119      |
|    clip_range           | 0.2         |
|    entropy_loss         | -4.35       |
|    explained_variance   | 0.941       |
|    learning_rate        | 0.0003      |
|    loss                 | 0.037       |
|    n_updates            | 980         |
|    policy_gradient_loss | -0.00118    |
|    std                  | 1.03        |
|    value_loss           | 0.129       |
-----------------------------------------
-----------------------------------------
| time/                   |             |
|    fps                  | 1809        |
|    iterations           | 100         |
|    time_elapsed         | 282         |
|    total_timesteps      | 512000      |
| train/                  |             |
|    approx_kl            | 0.005628494 |
|    clip_fraction        | 0.0336      |
|    clip_range           | 0.2         |
|    entropy_loss         | -4.35       |
|    explained_variance   | 0.989       |
|    learning_rate        | 0.0003      |
|    loss                 | -0.00747    |
|    n_updates            | 990         |
|    policy_gradient_loss | -0.00249    |
|    std                  | 1.03        |
|    value_loss           | 0.0266      |
-----------------------------------------
------------------------------------------
| time/                   |              |
|    fps                  | 1809         |
|    iterations           | 101          |
|    time_elapsed         | 285          |
|    total_timesteps      | 517120       |
| train/                  |              |
|    approx_kl            | 0.0051878956 |
|    clip_fraction        | 0.0105       |
|    clip_range           | 0.2          |
|    entropy_loss         | -4.35        |
|    explained_variance   | 0.892        |
|    learning_rate        | 0.0003       |
|    loss                 | 0.156        |
|    n_updates            | 1000         |
|    policy_gradient_loss | -0.00156     |
|    std                  | 1.03         |
|    value_loss           | 0.26         |
------------------------------------------
------------------------------------------
| time/                   |              |
|    fps                  | 1809         |
|    iterations           | 102          |
|    time_elapsed         | 288          |
|    total_timesteps      | 522240       |
| train/                  |              |
|    approx_kl            | 0.0026363723 |
|    clip_fraction        | 0.0311       |
|    clip_range           | 0.2          |
|    entropy_loss         | -4.35        |
|    explained_variance   | 0.98         |
|    learning_rate        | 0.0003       |
|    loss                 | -0.00178     |
|    n_updates            | 1010         |
|    policy_gradient_loss | -0.00284     |
|    std                  | 1.03         |
|    value_loss           | 0.0498       |
------------------------------------------
-----------------------------------------
| time/                   |             |
|    fps                  | 1809        |
|    iterations           | 103         |
|    time_elapsed         | 291         |
|    total_timesteps      | 527360      |
| train/                  |             |
|    approx_kl            | 0.007828535 |
|    clip_fraction        | 0.0331      |
|    clip_range           | 0.2         |
|    entropy_loss         | -4.36       |
|    explained_variance   | 0.986       |
|    learning_rate        | 0.0003      |
|    loss                 | -0.00863    |
|    n_updates            | 1020        |
|    policy_gradient_loss | -0.00362    |
|    std                  | 1.03        |
|    value_loss           | 0.0339      |
-----------------------------------------
------------------------------------------
| time/                   |              |
|    fps                  | 1809         |
|    iterations           | 104          |
|    time_elapsed         | 294          |
|    total_timesteps      | 532480       |
| train/                  |              |
|    approx_kl            | 0.0048442176 |
|    clip_fraction        | 0.0111       |
|    clip_range           | 0.2          |
|    entropy_loss         | -4.35        |
|    explained_variance   | 0.986        |
|    learning_rate        | 0.0003       |
|    loss                 | -0.00882     |
|    n_updates            | 1030         |
|    policy_gradient_loss | -0.00206     |
|    std                  | 1.03         |
|    value_loss           | 0.0293       |
------------------------------------------
------------------------------------------
| time/                   |              |
|    fps                  | 1809         |
|    iterations           | 105          |
|    time_elapsed         | 297          |
|    total_timesteps      | 537600       |
| train/                  |              |
|    approx_kl            | 0.0016603809 |
|    clip_fraction        | 0.000798     |
|    clip_range           | 0.2          |
|    entropy_loss         | -4.36        |
|    explained_variance   | 0.979        |
|    learning_rate        | 0.0003       |
|    loss                 | -0.000518    |
|    n_updates            | 1040         |
|    policy_gradient_loss | -0.0011      |
|    std                  | 1.04         |
|    value_loss           | 0.0425       |
------------------------------------------
------------------------------------------
| time/                   |              |
|    fps                  | 1809         |
|    iterations           | 106          |
|    time_elapsed         | 299          |
|    total_timesteps      | 542720       |
| train/                  |              |
|    approx_kl            | 0.0057694665 |
|    clip_fraction        | 0.0319       |
|    clip_range           | 0.2          |
|    entropy_loss         | -4.36        |
|    explained_variance   | 0.985        |
|    learning_rate        | 0.0003       |
|    loss                 | 0.000713     |
|    n_updates            | 1050         |
|    policy_gradient_loss | -0.00212     |
|    std                  | 1.04         |
|    value_loss           | 0.0354       |
------------------------------------------
-----------------------------------------
| time/                   |             |
|    fps                  | 1809        |
|    iterations           | 107         |
|    time_elapsed         | 302         |
|    total_timesteps      | 547840      |
| train/                  |             |
|    approx_kl            | 0.005717126 |
|    clip_fraction        | 0.016       |
|    clip_range           | 0.2         |
|    entropy_loss         | -4.36       |
|    explained_variance   | 0.985       |
|    learning_rate        | 0.0003      |
|    loss                 | -0.00434    |
|    n_updates            | 1060        |
|    policy_gradient_loss | -0.00177    |
|    std                  | 1.04        |
|    value_loss           | 0.0276      |
-----------------------------------------
-----------------------------------------
| time/                   |             |
|    fps                  | 1809        |
|    iterations           | 108         |
|    time_elapsed         | 305         |
|    total_timesteps      | 552960      |
| train/                  |             |
|    approx_kl            | 0.005689928 |
|    clip_fraction        | 0.0374      |
|    clip_range           | 0.2         |
|    entropy_loss         | -4.36       |
|    explained_variance   | 0.979       |
|    learning_rate        | 0.0003      |
|    loss                 | 0.0031      |
|    n_updates            | 1070        |
|    policy_gradient_loss | -0.00278    |
|    std                  | 1.04        |
|    value_loss           | 0.0543      |
-----------------------------------------
------------------------------------------
| time/                   |              |
|    fps                  | 1809         |
|    iterations           | 109          |
|    time_elapsed         | 308          |
|    total_timesteps      | 558080       |
| train/                  |              |
|    approx_kl            | 0.0062061027 |
|    clip_fraction        | 0.0409       |
|    clip_range           | 0.2          |
|    entropy_loss         | -4.36        |
|    explained_variance   | 0.989        |
|    learning_rate        | 0.0003       |
|    loss                 | -0.00973     |
|    n_updates            | 1080         |
|    policy_gradient_loss | -0.00282     |
|    std                  | 1.04         |
|    value_loss           | 0.0294       |
------------------------------------------
-----------------------------------------
| time/                   |             |
|    fps                  | 1809        |
|    iterations           | 110         |
|    time_elapsed         | 311         |
|    total_timesteps      | 563200      |
| train/                  |             |
|    approx_kl            | 0.005091357 |
|    clip_fraction        | 0.0126      |
|    clip_range           | 0.2         |
|    entropy_loss         | -4.36       |
|    explained_variance   | 0.951       |
|    learning_rate        | 0.0003      |
|    loss                 | 0.0142      |
|    n_updates            | 1090        |
|    policy_gradient_loss | -0.00208    |
|    std                  | 1.04        |
|    value_loss           | 0.131       |
-----------------------------------------
------------------------------------------
| time/                   |              |
|    fps                  | 1809         |
|    iterations           | 111          |
|    time_elapsed         | 314          |
|    total_timesteps      | 568320       |
| train/                  |              |
|    approx_kl            | 0.0022036722 |
|    clip_fraction        | 0.00256      |
|    clip_range           | 0.2          |
|    entropy_loss         | -4.37        |
|    explained_variance   | 0.975        |
|    learning_rate        | 0.0003       |
|    loss                 | -0.00288     |
|    n_updates            | 1100         |
|    policy_gradient_loss | -0.00103     |
|    std                  | 1.04         |
|    value_loss           | 0.0644       |
------------------------------------------
------------------------------------------
| time/                   |              |
|    fps                  | 1810         |
|    iterations           | 112          |
|    time_elapsed         | 316          |
|    total_timesteps      | 573440       |
| train/                  |              |
|    approx_kl            | 0.0033997644 |
|    clip_fraction        | 0.0127       |
|    clip_range           | 0.2          |
|    entropy_loss         | -4.38        |
|    explained_variance   | 0.995        |
|    learning_rate        | 0.0003       |
|    loss                 | -0.0183      |
|    n_updates            | 1110         |
|    policy_gradient_loss | -0.00195     |
|    std                  | 1.04         |
|    value_loss           | 0.00991      |
------------------------------------------
------------------------------------------
| time/                   |              |
|    fps                  | 1810         |
|    iterations           | 113          |
|    time_elapsed         | 319          |
|    total_timesteps      | 578560       |
| train/                  |              |
|    approx_kl            | 0.0054336116 |
|    clip_fraction        | 0.0186       |
|    clip_range           | 0.2          |
|    entropy_loss         | -4.38        |
|    explained_variance   | 0.939        |
|    learning_rate        | 0.0003       |
|    loss                 | 0.0524       |
|    n_updates            | 1120         |
|    policy_gradient_loss | -0.0018      |
|    std                  | 1.04         |
|    value_loss           | 0.161        |
------------------------------------------
-----------------------------------------
| time/                   |             |
|    fps                  | 1810        |
|    iterations           | 114         |
|    time_elapsed         | 322         |
|    total_timesteps      | 583680      |
| train/                  |             |
|    approx_kl            | 0.007016147 |
|    clip_fraction        | 0.0327      |
|    clip_range           | 0.2         |
|    entropy_loss         | -4.38       |
|    explained_variance   | 0.949       |
|    learning_rate        | 0.0003      |
|    loss                 | 0.00925     |
|    n_updates            | 1130        |
|    policy_gradient_loss | -0.00321    |
|    std                  | 1.04        |
|    value_loss           | 0.119       |
-----------------------------------------
----------------------------------------
| time/                   |            |
|    fps                  | 1809       |
|    iterations           | 115        |
|    time_elapsed         | 325        |
|    total_timesteps      | 588800     |
| train/                  |            |
|    approx_kl            | 0.00407923 |
|    clip_fraction        | 0.0409     |
|    clip_range           | 0.2        |
|    entropy_loss         | -4.38      |
|    explained_variance   | 0.989      |
|    learning_rate        | 0.0003     |
|    loss                 | -0.0152    |
|    n_updates            | 1140       |
|    policy_gradient_loss | -0.00384   |
|    std                  | 1.04       |
|    value_loss           | 0.0211     |
----------------------------------------
------------------------------------------
| time/                   |              |
|    fps                  | 1809         |
|    iterations           | 116          |
|    time_elapsed         | 328          |
|    total_timesteps      | 593920       |
| train/                  |              |
|    approx_kl            | 0.0051372647 |
|    clip_fraction        | 0.0445       |
|    clip_range           | 0.2          |
|    entropy_loss         | -4.38        |
|    explained_variance   | 0.983        |
|    learning_rate        | 0.0003       |
|    loss                 | -0.00994     |
|    n_updates            | 1150         |
|    policy_gradient_loss | -0.00383     |
|    std                  | 1.04         |
|    value_loss           | 0.0406       |
------------------------------------------
------------------------------------------
| time/                   |              |
|    fps                  | 1808         |
|    iterations           | 117          |
|    time_elapsed         | 331          |
|    total_timesteps      | 599040       |
| train/                  |              |
|    approx_kl            | 0.0031890813 |
|    clip_fraction        | 0.00309      |
|    clip_range           | 0.2          |
|    entropy_loss         | -4.37        |
|    explained_variance   | 0.939        |
|    learning_rate        | 0.0003       |
|    loss                 | 0.0514       |
|    n_updates            | 1160         |
|    policy_gradient_loss | -0.000941    |
|    std                  | 1.04         |
|    value_loss           | 0.164        |
------------------------------------------
------------------------------------------
| time/                   |              |
|    fps                  | 1809         |
|    iterations           | 118          |
|    time_elapsed         | 333          |
|    total_timesteps      | 604160       |
| train/                  |              |
|    approx_kl            | 0.0024737897 |
|    clip_fraction        | 0.0208       |
|    clip_range           | 0.2          |
|    entropy_loss         | -4.37        |
|    explained_variance   | 0.983        |
|    learning_rate        | 0.0003       |
|    loss                 | -0.00744     |
|    n_updates            | 1170         |
|    policy_gradient_loss | -0.00168     |
|    std                  | 1.04         |
|    value_loss           | 0.037        |
------------------------------------------
-----------------------------------------
| time/                   |             |
|    fps                  | 1809        |
|    iterations           | 119         |
|    time_elapsed         | 336         |
|    total_timesteps      | 609280      |
| train/                  |             |
|    approx_kl            | 0.006417712 |
|    clip_fraction        | 0.0417      |
|    clip_range           | 0.2         |
|    entropy_loss         | -4.37       |
|    explained_variance   | 0.984       |
|    learning_rate        | 0.0003      |
|    loss                 | -0.0102     |
|    n_updates            | 1180        |
|    policy_gradient_loss | -0.00245    |
|    std                  | 1.04        |
|    value_loss           | 0.0342      |
-----------------------------------------
-----------------------------------------
| time/                   |             |
|    fps                  | 1809        |
|    iterations           | 120         |
|    time_elapsed         | 339         |
|    total_timesteps      | 614400      |
| train/                  |             |
|    approx_kl            | 0.003668705 |
|    clip_fraction        | 0.0416      |
|    clip_range           | 0.2         |
|    entropy_loss         | -4.37       |
|    explained_variance   | 0.988       |
|    learning_rate        | 0.0003      |
|    loss                 | -0.0118     |
|    n_updates            | 1190        |
|    policy_gradient_loss | -0.00328    |
|    std                  | 1.04        |
|    value_loss           | 0.0272      |
-----------------------------------------
-----------------------------------------
| time/                   |             |
|    fps                  | 1807        |
|    iterations           | 121         |
|    time_elapsed         | 342         |
|    total_timesteps      | 619520      |
| train/                  |             |
|    approx_kl            | 0.006515609 |
|    clip_fraction        | 0.023       |
|    clip_range           | 0.2         |
|    entropy_loss         | -4.37       |
|    explained_variance   | 0.819       |
|    learning_rate        | 0.0003      |
|    loss                 | 0.168       |
|    n_updates            | 1200        |
|    policy_gradient_loss | -0.00125    |
|    std                  | 1.04        |
|    value_loss           | 0.523       |
-----------------------------------------
-----------------------------------------
| time/                   |             |
|    fps                  | 1807        |
|    iterations           | 122         |
|    time_elapsed         | 345         |
|    total_timesteps      | 624640      |
| train/                  |             |
|    approx_kl            | 0.008070913 |
|    clip_fraction        | 0.0344      |
|    clip_range           | 0.2         |
|    entropy_loss         | -4.38       |
|    explained_variance   | 0.897       |
|    learning_rate        | 0.0003      |
|    loss                 | 0.123       |
|    n_updates            | 1210        |
|    policy_gradient_loss | -0.00271    |
|    std                  | 1.05        |
|    value_loss           | 0.258       |
-----------------------------------------
-----------------------------------------
| time/                   |             |
|    fps                  | 1807        |
|    iterations           | 123         |
|    time_elapsed         | 348         |
|    total_timesteps      | 629760      |
| train/                  |             |
|    approx_kl            | 0.004690824 |
|    clip_fraction        | 0.016       |
|    clip_range           | 0.2         |
|    entropy_loss         | -4.39       |
|    explained_variance   | 0.959       |
|    learning_rate        | 0.0003      |
|    loss                 | 0.0123      |
|    n_updates            | 1220        |
|    policy_gradient_loss | -0.00201    |
|    std                  | 1.05        |
|    value_loss           | 0.0966      |
-----------------------------------------
------------------------------------------
| time/                   |              |
|    fps                  | 1807         |
|    iterations           | 124          |
|    time_elapsed         | 351          |
|    total_timesteps      | 634880       |
| train/                  |              |
|    approx_kl            | 0.0033560582 |
|    clip_fraction        | 0.00739      |
|    clip_range           | 0.2          |
|    entropy_loss         | -4.39        |
|    explained_variance   | 0.989        |
|    learning_rate        | 0.0003       |
|    loss                 | -0.00475     |
|    n_updates            | 1230         |
|    policy_gradient_loss | -0.00176     |
|    std                  | 1.05         |
|    value_loss           | 0.0293       |
------------------------------------------
-----------------------------------------
| time/                   |             |
|    fps                  | 1807        |
|    iterations           | 125         |
|    time_elapsed         | 354         |
|    total_timesteps      | 640000      |
| train/                  |             |
|    approx_kl            | 0.004213293 |
|    clip_fraction        | 0.0383      |
|    clip_range           | 0.2         |
|    entropy_loss         | -4.4        |
|    explained_variance   | 0.988       |
|    learning_rate        | 0.0003      |
|    loss                 | -0.00656    |
|    n_updates            | 1240        |
|    policy_gradient_loss | -0.00283    |
|    std                  | 1.05        |
|    value_loss           | 0.0302      |
-----------------------------------------
------------------------------------------
| time/                   |              |
|    fps                  | 1806         |
|    iterations           | 126          |
|    time_elapsed         | 357          |
|    total_timesteps      | 645120       |
| train/                  |              |
|    approx_kl            | 0.0025219612 |
|    clip_fraction        | 0.00368      |
|    clip_range           | 0.2          |
|    entropy_loss         | -4.4         |
|    explained_variance   | 0.887        |
|    learning_rate        | 0.0003       |
|    loss                 | 0.03         |
|    n_updates            | 1250         |
|    policy_gradient_loss | -0.0013      |
|    std                  | 1.05         |
|    value_loss           | 0.253        |
------------------------------------------
------------------------------------------
| time/                   |              |
|    fps                  | 1807         |
|    iterations           | 127          |
|    time_elapsed         | 359          |
|    total_timesteps      | 650240       |
| train/                  |              |
|    approx_kl            | 0.0038587686 |
|    clip_fraction        | 0.00675      |
|    clip_range           | 0.2          |
|    entropy_loss         | -4.4         |
|    explained_variance   | 0.98         |
|    learning_rate        | 0.0003       |
|    loss                 | 0.00549      |
|    n_updates            | 1260         |
|    policy_gradient_loss | -0.000854    |
|    std                  | 1.05         |
|    value_loss           | 0.0493       |
------------------------------------------
------------------------------------------
| time/                   |              |
|    fps                  | 1806         |
|    iterations           | 128          |
|    time_elapsed         | 362          |
|    total_timesteps      | 655360       |
| train/                  |              |
|    approx_kl            | 0.0045761988 |
|    clip_fraction        | 0.0116       |
|    clip_range           | 0.2          |
|    entropy_loss         | -4.39        |
|    explained_variance   | 0.981        |
|    learning_rate        | 0.0003       |
|    loss                 | -0.0105      |
|    n_updates            | 1270         |
|    policy_gradient_loss | -0.00184     |
|    std                  | 1.05         |
|    value_loss           | 0.0358       |
------------------------------------------
------------------------------------------
| time/                   |              |
|    fps                  | 1807         |
|    iterations           | 129          |
|    time_elapsed         | 365          |
|    total_timesteps      | 660480       |
| train/                  |              |
|    approx_kl            | 0.0031405047 |
|    clip_fraction        | 0.00213      |
|    clip_range           | 0.2          |
|    entropy_loss         | -4.39        |
|    explained_variance   | 0.979        |
|    learning_rate        | 0.0003       |
|    loss                 | 0.00347      |
|    n_updates            | 1280         |
|    policy_gradient_loss | -0.000762    |
|    std                  | 1.05         |
|    value_loss           | 0.0453       |
------------------------------------------
------------------------------------------
| time/                   |              |
|    fps                  | 1807         |
|    iterations           | 130          |
|    time_elapsed         | 368          |
|    total_timesteps      | 665600       |
| train/                  |              |
|    approx_kl            | 0.0027847541 |
|    clip_fraction        | 0.00326      |
|    clip_range           | 0.2          |
|    entropy_loss         | -4.4         |
|    explained_variance   | 0.979        |
|    learning_rate        | 0.0003       |
|    loss                 | -0.000881    |
|    n_updates            | 1290         |
|    policy_gradient_loss | -0.00134     |
|    std                  | 1.06         |
|    value_loss           | 0.0419       |
------------------------------------------
------------------------------------------
| time/                   |              |
|    fps                  | 1807         |
|    iterations           | 131          |
|    time_elapsed         | 371          |
|    total_timesteps      | 670720       |
| train/                  |              |
|    approx_kl            | 0.0033364433 |
|    clip_fraction        | 0.011        |
|    clip_range           | 0.2          |
|    entropy_loss         | -4.42        |
|    explained_variance   | 0.982        |
|    learning_rate        | 0.0003       |
|    loss                 | 0.00431      |
|    n_updates            | 1300         |
|    policy_gradient_loss | -0.0015      |
|    std                  | 1.06         |
|    value_loss           | 0.0435       |
------------------------------------------
-----------------------------------------
| time/                   |             |
|    fps                  | 1806        |
|    iterations           | 132         |
|    time_elapsed         | 374         |
|    total_timesteps      | 675840      |
| train/                  |             |
|    approx_kl            | 0.002616049 |
|    clip_fraction        | 0.00251     |
|    clip_range           | 0.2         |
|    entropy_loss         | -4.41       |
|    explained_variance   | 0.966       |
|    learning_rate        | 0.0003      |
|    loss                 | 0.0384      |
|    n_updates            | 1310        |
|    policy_gradient_loss | -0.00129    |
|    std                  | 1.05        |
|    value_loss           | 0.0908      |
-----------------------------------------
-----------------------------------------
| time/                   |             |
|    fps                  | 1807        |
|    iterations           | 133         |
|    time_elapsed         | 376         |
|    total_timesteps      | 680960      |
| train/                  |             |
|    approx_kl            | 0.005374519 |
|    clip_fraction        | 0.0373      |
|    clip_range           | 0.2         |
|    entropy_loss         | -4.41       |
|    explained_variance   | 0.991       |
|    learning_rate        | 0.0003      |
|    loss                 | -0.00868    |
|    n_updates            | 1320        |
|    policy_gradient_loss | -0.00289    |
|    std                  | 1.05        |
|    value_loss           | 0.023       |
-----------------------------------------
-----------------------------------------
| time/                   |             |
|    fps                  | 1806        |
|    iterations           | 134         |
|    time_elapsed         | 379         |
|    total_timesteps      | 686080      |
| train/                  |             |
|    approx_kl            | 0.006388318 |
|    clip_fraction        | 0.0392      |
|    clip_range           | 0.2         |
|    entropy_loss         | -4.4        |
|    explained_variance   | 0.987       |
|    learning_rate        | 0.0003      |
|    loss                 | -0.00903    |
|    n_updates            | 1330        |
|    policy_gradient_loss | -0.00356    |
|    std                  | 1.05        |
|    value_loss           | 0.0306      |
-----------------------------------------
-----------------------------------------
| time/                   |             |
|    fps                  | 1806        |
|    iterations           | 135         |
|    time_elapsed         | 382         |
|    total_timesteps      | 691200      |
| train/                  |             |
|    approx_kl            | 0.004910487 |
|    clip_fraction        | 0.0145      |
|    clip_range           | 0.2         |
|    entropy_loss         | -4.4        |
|    explained_variance   | 0.991       |
|    learning_rate        | 0.0003      |
|    loss                 | -0.0111     |
|    n_updates            | 1340        |
|    policy_gradient_loss | -0.00168    |
|    std                  | 1.05        |
|    value_loss           | 0.0211      |
-----------------------------------------
------------------------------------------
| time/                   |              |
|    fps                  | 1806         |
|    iterations           | 136          |
|    time_elapsed         | 385          |
|    total_timesteps      | 696320       |
| train/                  |              |
|    approx_kl            | 0.0047744187 |
|    clip_fraction        | 0.0142       |
|    clip_range           | 0.2          |
|    entropy_loss         | -4.39        |
|    explained_variance   | 0.987        |
|    learning_rate        | 0.0003       |
|    loss                 | -0.0065      |
|    n_updates            | 1350         |
|    policy_gradient_loss | -0.00258     |
|    std                  | 1.05         |
|    value_loss           | 0.0288       |
------------------------------------------
------------------------------------------
| time/                   |              |
|    fps                  | 1806         |
|    iterations           | 137          |
|    time_elapsed         | 388          |
|    total_timesteps      | 701440       |
| train/                  |              |
|    approx_kl            | 0.0032788285 |
|    clip_fraction        | 0.012        |
|    clip_range           | 0.2          |
|    entropy_loss         | -4.39        |
|    explained_variance   | 0.989        |
|    learning_rate        | 0.0003       |
|    loss                 | -0.00198     |
|    n_updates            | 1360         |
|    policy_gradient_loss | -0.00151     |
|    std                  | 1.05         |
|    value_loss           | 0.0286       |
------------------------------------------
-----------------------------------------
| time/                   |             |
|    fps                  | 1806        |
|    iterations           | 138         |
|    time_elapsed         | 391         |
|    total_timesteps      | 706560      |
| train/                  |             |
|    approx_kl            | 0.004579562 |
|    clip_fraction        | 0.00755     |
|    clip_range           | 0.2         |
|    entropy_loss         | -4.38       |
|    explained_variance   | 0.989       |
|    learning_rate        | 0.0003      |
|    loss                 | -0.00384    |
|    n_updates            | 1370        |
|    policy_gradient_loss | -0.00128    |
|    std                  | 1.04        |
|    value_loss           | 0.0274      |
-----------------------------------------
---------------------------------------
| time/                   |           |
|    fps                  | 1806      |
|    iterations           | 139       |
|    time_elapsed         | 393       |
|    total_timesteps      | 711680    |
| train/                  |           |
|    approx_kl            | 0.0049506 |
|    clip_fraction        | 0.0417    |
|    clip_range           | 0.2       |
|    entropy_loss         | -4.38     |
|    explained_variance   | 0.986     |
|    learning_rate        | 0.0003    |
|    loss                 | -0.00142  |
|    n_updates            | 1380      |
|    policy_gradient_loss | -0.00293  |
|    std                  | 1.04      |
|    value_loss           | 0.0368    |
---------------------------------------
------------------------------------------
| time/                   |              |
|    fps                  | 1806         |
|    iterations           | 140          |
|    time_elapsed         | 396          |
|    total_timesteps      | 716800       |
| train/                  |              |
|    approx_kl            | 0.0036547815 |
|    clip_fraction        | 0.00677      |
|    clip_range           | 0.2          |
|    entropy_loss         | -4.38        |
|    explained_variance   | 0.893        |
|    learning_rate        | 0.0003       |
|    loss                 | 0.0978       |
|    n_updates            | 1390         |
|    policy_gradient_loss | -0.00115     |
|    std                  | 1.05         |
|    value_loss           | 0.271        |
------------------------------------------
-----------------------------------------
| time/                   |             |
|    fps                  | 1806        |
|    iterations           | 141         |
|    time_elapsed         | 399         |
|    total_timesteps      | 721920      |
| train/                  |             |
|    approx_kl            | 0.004026488 |
|    clip_fraction        | 0.014       |
|    clip_range           | 0.2         |
|    entropy_loss         | -4.39       |
|    explained_variance   | 0.982       |
|    learning_rate        | 0.0003      |
|    loss                 | -0.00226    |
|    n_updates            | 1400        |
|    policy_gradient_loss | -0.00137    |
|    std                  | 1.05        |
|    value_loss           | 0.0364      |
-----------------------------------------
------------------------------------------
| time/                   |              |
|    fps                  | 1806         |
|    iterations           | 142          |
|    time_elapsed         | 402          |
|    total_timesteps      | 727040       |
| train/                  |              |
|    approx_kl            | 0.0051569124 |
|    clip_fraction        | 0.0473       |
|    clip_range           | 0.2          |
|    entropy_loss         | -4.38        |
|    explained_variance   | 0.975        |
|    learning_rate        | 0.0003       |
|    loss                 | -0.00197     |
|    n_updates            | 1410         |
|    policy_gradient_loss | -0.00282     |
|    std                  | 1.04         |
|    value_loss           | 0.0386       |
------------------------------------------
------------------------------------------
| time/                   |              |
|    fps                  | 1806         |
|    iterations           | 143          |
|    time_elapsed         | 405          |
|    total_timesteps      | 732160       |
| train/                  |              |
|    approx_kl            | 0.0035041962 |
|    clip_fraction        | 0.0174       |
|    clip_range           | 0.2          |
|    entropy_loss         | -4.38        |
|    explained_variance   | 0.977        |
|    learning_rate        | 0.0003       |
|    loss                 | 0.000668     |
|    n_updates            | 1420         |
|    policy_gradient_loss | -0.00169     |
|    std                  | 1.05         |
|    value_loss           | 0.0432       |
------------------------------------------
------------------------------------------
| time/                   |              |
|    fps                  | 1805         |
|    iterations           | 144          |
|    time_elapsed         | 408          |
|    total_timesteps      | 737280       |
| train/                  |              |
|    approx_kl            | 0.0027047396 |
|    clip_fraction        | 0.00231      |
|    clip_range           | 0.2          |
|    entropy_loss         | -4.39        |
|    explained_variance   | 0.917        |
|    learning_rate        | 0.0003       |
|    loss                 | 0.0988       |
|    n_updates            | 1430         |
|    policy_gradient_loss | -0.00084     |
|    std                  | 1.05         |
|    value_loss           | 0.188        |
------------------------------------------
-----------------------------------------
| time/                   |             |
|    fps                  | 1806        |
|    iterations           | 145         |
|    time_elapsed         | 411         |
|    total_timesteps      | 742400      |
| train/                  |             |
|    approx_kl            | 0.004219128 |
|    clip_fraction        | 0.0136      |
|    clip_range           | 0.2         |
|    entropy_loss         | -4.39       |
|    explained_variance   | 0.985       |
|    learning_rate        | 0.0003      |
|    loss                 | -0.00588    |
|    n_updates            | 1440        |
|    policy_gradient_loss | -0.00212    |
|    std                  | 1.05        |
|    value_loss           | 0.039       |
-----------------------------------------
------------------------------------------
| time/                   |              |
|    fps                  | 1806         |
|    iterations           | 146          |
|    time_elapsed         | 413          |
|    total_timesteps      | 747520       |
| train/                  |              |
|    approx_kl            | 0.0052907416 |
|    clip_fraction        | 0.0298       |
|    clip_range           | 0.2          |
|    entropy_loss         | -4.39        |
|    explained_variance   | 0.99         |
|    learning_rate        | 0.0003       |
|    loss                 | -0.00735     |
|    n_updates            | 1450         |
|    policy_gradient_loss | -0.00164     |
|    std                  | 1.05         |
|    value_loss           | 0.0246       |
------------------------------------------
----------------------------------------
| time/                   |            |
|    fps                  | 1806       |
|    iterations           | 147        |
|    time_elapsed         | 416        |
|    total_timesteps      | 752640     |
| train/                  |            |
|    approx_kl            | 0.00421607 |
|    clip_fraction        | 0.0171     |
|    clip_range           | 0.2        |
|    entropy_loss         | -4.39      |
|    explained_variance   | 0.982      |
|    learning_rate        | 0.0003     |
|    loss                 | -0.00499   |
|    n_updates            | 1460       |
|    policy_gradient_loss | -0.00213   |
|    std                  | 1.05       |
|    value_loss           | 0.0377     |
----------------------------------------
-----------------------------------------
| time/                   |             |
|    fps                  | 1806        |
|    iterations           | 148         |
|    time_elapsed         | 419         |
|    total_timesteps      | 757760      |
| train/                  |             |
|    approx_kl            | 0.004796075 |
|    clip_fraction        | 0.0323      |
|    clip_range           | 0.2         |
|    entropy_loss         | -4.4        |
|    explained_variance   | 0.977       |
|    learning_rate        | 0.0003      |
|    loss                 | -0.0104     |
|    n_updates            | 1470        |
|    policy_gradient_loss | -0.00245    |
|    std                  | 1.05        |
|    value_loss           | 0.046       |
-----------------------------------------
-----------------------------------------
| time/                   |             |
|    fps                  | 1806        |
|    iterations           | 149         |
|    time_elapsed         | 422         |
|    total_timesteps      | 762880      |
| train/                  |             |
|    approx_kl            | 0.003738805 |
|    clip_fraction        | 0.017       |
|    clip_range           | 0.2         |
|    entropy_loss         | -4.39       |
|    explained_variance   | 0.893       |
|    learning_rate        | 0.0003      |
|    loss                 | -0.000214   |
|    n_updates            | 1480        |
|    policy_gradient_loss | -0.00186    |
|    std                  | 1.05        |
|    value_loss           | 0.225       |
-----------------------------------------
-----------------------------------------
| time/                   |             |
|    fps                  | 1806        |
|    iterations           | 150         |
|    time_elapsed         | 425         |
|    total_timesteps      | 768000      |
| train/                  |             |
|    approx_kl            | 0.005063811 |
|    clip_fraction        | 0.0145      |
|    clip_range           | 0.2         |
|    entropy_loss         | -4.39       |
|    explained_variance   | 0.893       |
|    learning_rate        | 0.0003      |
|    loss                 | 0.0931      |
|    n_updates            | 1490        |
|    policy_gradient_loss | -0.001      |
|    std                  | 1.05        |
|    value_loss           | 0.277       |
-----------------------------------------
------------------------------------------
| time/                   |              |
|    fps                  | 1806         |
|    iterations           | 151          |
|    time_elapsed         | 428          |
|    total_timesteps      | 773120       |
| train/                  |              |
|    approx_kl            | 0.0035681168 |
|    clip_fraction        | 0.0286       |
|    clip_range           | 0.2          |
|    entropy_loss         | -4.38        |
|    explained_variance   | 0.978        |
|    learning_rate        | 0.0003       |
|    loss                 | 0.00118      |
|    n_updates            | 1500         |
|    policy_gradient_loss | -0.00345     |
|    std                  | 1.04         |
|    value_loss           | 0.0481       |
------------------------------------------
-----------------------------------------
| time/                   |             |
|    fps                  | 1806        |
|    iterations           | 152         |
|    time_elapsed         | 430         |
|    total_timesteps      | 778240      |
| train/                  |             |
|    approx_kl            | 0.006061788 |
|    clip_fraction        | 0.033       |
|    clip_range           | 0.2         |
|    entropy_loss         | -4.38       |
|    explained_variance   | 0.975       |
|    learning_rate        | 0.0003      |
|    loss                 | 0.00702     |
|    n_updates            | 1510        |
|    policy_gradient_loss | -0.00259    |
|    std                  | 1.05        |
|    value_loss           | 0.0534      |
-----------------------------------------
-----------------------------------------
| time/                   |             |
|    fps                  | 1806        |
|    iterations           | 153         |
|    time_elapsed         | 433         |
|    total_timesteps      | 783360      |
| train/                  |             |
|    approx_kl            | 0.008114574 |
|    clip_fraction        | 0.0375      |
|    clip_range           | 0.2         |
|    entropy_loss         | -4.39       |
|    explained_variance   | 0.961       |
|    learning_rate        | 0.0003      |
|    loss                 | 0.0344      |
|    n_updates            | 1520        |
|    policy_gradient_loss | -0.00224    |
|    std                  | 1.05        |
|    value_loss           | 0.115       |
-----------------------------------------
----------------------------------------
| time/                   |            |
|    fps                  | 1806       |
|    iterations           | 154        |
|    time_elapsed         | 436        |
|    total_timesteps      | 788480     |
| train/                  |            |
|    approx_kl            | 0.00576345 |
|    clip_fraction        | 0.0386     |
|    clip_range           | 0.2        |
|    entropy_loss         | -4.39      |
|    explained_variance   | 0.98       |
|    learning_rate        | 0.0003     |
|    loss                 | -0.006     |
|    n_updates            | 1530       |
|    policy_gradient_loss | -0.00305   |
|    std                  | 1.05       |
|    value_loss           | 0.0478     |
----------------------------------------
-----------------------------------------
| time/                   |             |
|    fps                  | 1806        |
|    iterations           | 155         |
|    time_elapsed         | 439         |
|    total_timesteps      | 793600      |
| train/                  |             |
|    approx_kl            | 0.005493918 |
|    clip_fraction        | 0.0302      |
|    clip_range           | 0.2         |
|    entropy_loss         | -4.39       |
|    explained_variance   | 0.991       |
|    learning_rate        | 0.0003      |
|    loss                 | -0.0123     |
|    n_updates            | 1540        |
|    policy_gradient_loss | -0.00221    |
|    std                  | 1.05        |
|    value_loss           | 0.0203      |
-----------------------------------------
------------------------------------------
| time/                   |              |
|    fps                  | 1805         |
|    iterations           | 156          |
|    time_elapsed         | 442          |
|    total_timesteps      | 798720       |
| train/                  |              |
|    approx_kl            | 0.0072924397 |
|    clip_fraction        | 0.0285       |
|    clip_range           | 0.2          |
|    entropy_loss         | -4.4         |
|    explained_variance   | 0.987        |
|    learning_rate        | 0.0003       |
|    loss                 | -0.00736     |
|    n_updates            | 1550         |
|    policy_gradient_loss | -0.00247     |
|    std                  | 1.05         |
|    value_loss           | 0.0274       |
------------------------------------------
------------------------------------------
| time/                   |              |
|    fps                  | 1806         |
|    iterations           | 157          |
|    time_elapsed         | 445          |
|    total_timesteps      | 803840       |
| train/                  |              |
|    approx_kl            | 0.0029423393 |
|    clip_fraction        | 0.00397      |
|    clip_range           | 0.2          |
|    entropy_loss         | -4.41        |
|    explained_variance   | 0.982        |
|    learning_rate        | 0.0003       |
|    loss                 | -0.00026     |
|    n_updates            | 1560         |
|    policy_gradient_loss | -0.00148     |
|    std                  | 1.06         |
|    value_loss           | 0.0368       |
------------------------------------------
------------------------------------------
| time/                   |              |
|    fps                  | 1806         |
|    iterations           | 158          |
|    time_elapsed         | 447          |
|    total_timesteps      | 808960       |
| train/                  |              |
|    approx_kl            | 0.0037503764 |
|    clip_fraction        | 0.0151       |
|    clip_range           | 0.2          |
|    entropy_loss         | -4.42        |
|    explained_variance   | 0.917        |
|    learning_rate        | 0.0003       |
|    loss                 | 0.0601       |
|    n_updates            | 1570         |
|    policy_gradient_loss | -0.00262     |
|    std                  | 1.06         |
|    value_loss           | 0.213        |
------------------------------------------
------------------------------------------
| time/                   |              |
|    fps                  | 1805         |
|    iterations           | 159          |
|    time_elapsed         | 450          |
|    total_timesteps      | 814080       |
| train/                  |              |
|    approx_kl            | 0.0063967016 |
|    clip_fraction        | 0.0323       |
|    clip_range           | 0.2          |
|    entropy_loss         | -4.42        |
|    explained_variance   | 0.986        |
|    learning_rate        | 0.0003       |
|    loss                 | -0.0143      |
|    n_updates            | 1580         |
|    policy_gradient_loss | -0.00283     |
|    std                  | 1.06         |
|    value_loss           | 0.034        |
------------------------------------------
------------------------------------------
| time/                   |              |
|    fps                  | 1805         |
|    iterations           | 160          |
|    time_elapsed         | 453          |
|    total_timesteps      | 819200       |
| train/                  |              |
|    approx_kl            | 0.0028573778 |
|    clip_fraction        | 0.0178       |
|    clip_range           | 0.2          |
|    entropy_loss         | -4.43        |
|    explained_variance   | 0.989        |
|    learning_rate        | 0.0003       |
|    loss                 | -0.00299     |
|    n_updates            | 1590         |
|    policy_gradient_loss | -0.000867    |
|    std                  | 1.06         |
|    value_loss           | 0.0297       |
------------------------------------------
------------------------------------------
| time/                   |              |
|    fps                  | 1805         |
|    iterations           | 161          |
|    time_elapsed         | 456          |
|    total_timesteps      | 824320       |
| train/                  |              |
|    approx_kl            | 0.0040782327 |
|    clip_fraction        | 0.012        |
|    clip_range           | 0.2          |
|    entropy_loss         | -4.43        |
|    explained_variance   | 0.993        |
|    learning_rate        | 0.0003       |
|    loss                 | -0.0133      |
|    n_updates            | 1600         |
|    policy_gradient_loss | -0.00206     |
|    std                  | 1.06         |
|    value_loss           | 0.0163       |
------------------------------------------
------------------------------------------
| time/                   |              |
|    fps                  | 1805         |
|    iterations           | 162          |
|    time_elapsed         | 459          |
|    total_timesteps      | 829440       |
| train/                  |              |
|    approx_kl            | 0.0047827982 |
|    clip_fraction        | 0.0317       |
|    clip_range           | 0.2          |
|    entropy_loss         | -4.43        |
|    explained_variance   | 0.994        |
|    learning_rate        | 0.0003       |
|    loss                 | -0.0192      |
|    n_updates            | 1610         |
|    policy_gradient_loss | -0.00311     |
|    std                  | 1.06         |
|    value_loss           | 0.015        |
------------------------------------------
-----------------------------------------
| time/                   |             |
|    fps                  | 1805        |
|    iterations           | 163         |
|    time_elapsed         | 462         |
|    total_timesteps      | 834560      |
| train/                  |             |
|    approx_kl            | 0.006780731 |
|    clip_fraction        | 0.0235      |
|    clip_range           | 0.2         |
|    entropy_loss         | -4.43       |
|    explained_variance   | 0.886       |
|    learning_rate        | 0.0003      |
|    loss                 | 0.0277      |
|    n_updates            | 1620        |
|    policy_gradient_loss | -0.00256    |
|    std                  | 1.06        |
|    value_loss           | 0.202       |
-----------------------------------------
------------------------------------------
| time/                   |              |
|    fps                  | 1805         |
|    iterations           | 164          |
|    time_elapsed         | 464          |
|    total_timesteps      | 839680       |
| train/                  |              |
|    approx_kl            | 0.0052542216 |
|    clip_fraction        | 0.0638       |
|    clip_range           | 0.2          |
|    entropy_loss         | -4.42        |
|    explained_variance   | 0.992        |
|    learning_rate        | 0.0003       |
|    loss                 | -0.0135      |
|    n_updates            | 1630         |
|    policy_gradient_loss | -0.00436     |
|    std                  | 1.06         |
|    value_loss           | 0.0228       |
------------------------------------------
------------------------------------------
| time/                   |              |
|    fps                  | 1805         |
|    iterations           | 165          |
|    time_elapsed         | 467          |
|    total_timesteps      | 844800       |
| train/                  |              |
|    approx_kl            | 0.0053275996 |
|    clip_fraction        | 0.0413       |
|    clip_range           | 0.2          |
|    entropy_loss         | -4.43        |
|    explained_variance   | 0.99         |
|    learning_rate        | 0.0003       |
|    loss                 | -0.00655     |
|    n_updates            | 1640         |
|    policy_gradient_loss | -0.00373     |
|    std                  | 1.06         |
|    value_loss           | 0.029        |
------------------------------------------
------------------------------------------
| time/                   |              |
|    fps                  | 1805         |
|    iterations           | 166          |
|    time_elapsed         | 470          |
|    total_timesteps      | 849920       |
| train/                  |              |
|    approx_kl            | 0.0031176119 |
|    clip_fraction        | 0.0296       |
|    clip_range           | 0.2          |
|    entropy_loss         | -4.44        |
|    explained_variance   | 0.994        |
|    learning_rate        | 0.0003       |
|    loss                 | -0.0116      |
|    n_updates            | 1650         |
|    policy_gradient_loss | -0.00341     |
|    std                  | 1.07         |
|    value_loss           | 0.0176       |
------------------------------------------
------------------------------------------
| time/                   |              |
|    fps                  | 1805         |
|    iterations           | 167          |
|    time_elapsed         | 473          |
|    total_timesteps      | 855040       |
| train/                  |              |
|    approx_kl            | 0.0064714514 |
|    clip_fraction        | 0.0294       |
|    clip_range           | 0.2          |
|    entropy_loss         | -4.45        |
|    explained_variance   | 0.991        |
|    learning_rate        | 0.0003       |
|    loss                 | -0.00278     |
|    n_updates            | 1660         |
|    policy_gradient_loss | -0.00202     |
|    std                  | 1.07         |
|    value_loss           | 0.0264       |
------------------------------------------
------------------------------------------
| time/                   |              |
|    fps                  | 1805         |
|    iterations           | 168          |
|    time_elapsed         | 476          |
|    total_timesteps      | 860160       |
| train/                  |              |
|    approx_kl            | 0.0040176124 |
|    clip_fraction        | 0.0271       |
|    clip_range           | 0.2          |
|    entropy_loss         | -4.46        |
|    explained_variance   | 0.995        |
|    learning_rate        | 0.0003       |
|    loss                 | -0.0174      |
|    n_updates            | 1670         |
|    policy_gradient_loss | -0.00195     |
|    std                  | 1.07         |
|    value_loss           | 0.0153       |
------------------------------------------
------------------------------------------
| time/                   |              |
|    fps                  | 1805         |
|    iterations           | 169          |
|    time_elapsed         | 479          |
|    total_timesteps      | 865280       |
| train/                  |              |
|    approx_kl            | 0.0023749901 |
|    clip_fraction        | 0.00146      |
|    clip_range           | 0.2          |
|    entropy_loss         | -4.46        |
|    explained_variance   | 0.889        |
|    learning_rate        | 0.0003       |
|    loss                 | 0.077        |
|    n_updates            | 1680         |
|    policy_gradient_loss | -0.0015      |
|    std                  | 1.07         |
|    value_loss           | 0.291        |
------------------------------------------
-----------------------------------------
| time/                   |             |
|    fps                  | 1805        |
|    iterations           | 170         |
|    time_elapsed         | 482         |
|    total_timesteps      | 870400      |
| train/                  |             |
|    approx_kl            | 0.002652521 |
|    clip_fraction        | 0.00396     |
|    clip_range           | 0.2         |
|    entropy_loss         | -4.47       |
|    explained_variance   | 0.902       |
|    learning_rate        | 0.0003      |
|    loss                 | 0.144       |
|    n_updates            | 1690        |
|    policy_gradient_loss | -0.00115    |
|    std                  | 1.08        |
|    value_loss           | 0.272       |
-----------------------------------------
------------------------------------------
| time/                   |              |
|    fps                  | 1805         |
|    iterations           | 171          |
|    time_elapsed         | 484          |
|    total_timesteps      | 875520       |
| train/                  |              |
|    approx_kl            | 0.0052346303 |
|    clip_fraction        | 0.0356       |
|    clip_range           | 0.2          |
|    entropy_loss         | -4.47        |
|    explained_variance   | 0.996        |
|    learning_rate        | 0.0003       |
|    loss                 | -0.0216      |
|    n_updates            | 1700         |
|    policy_gradient_loss | -0.00361     |
|    std                  | 1.08         |
|    value_loss           | 0.0139       |
------------------------------------------
-----------------------------------------
| time/                   |             |
|    fps                  | 1805        |
|    iterations           | 172         |
|    time_elapsed         | 487         |
|    total_timesteps      | 880640      |
| train/                  |             |
|    approx_kl            | 0.003413044 |
|    clip_fraction        | 0.0386      |
|    clip_range           | 0.2         |
|    entropy_loss         | -4.47       |
|    explained_variance   | 0.996       |
|    learning_rate        | 0.0003      |
|    loss                 | -0.023      |
|    n_updates            | 1710        |
|    policy_gradient_loss | -0.00414    |
|    std                  | 1.08        |
|    value_loss           | 0.0115      |
-----------------------------------------
-----------------------------------------
| time/                   |             |
|    fps                  | 1805        |
|    iterations           | 173         |
|    time_elapsed         | 490         |
|    total_timesteps      | 885760      |
| train/                  |             |
|    approx_kl            | 0.004672151 |
|    clip_fraction        | 0.058       |
|    clip_range           | 0.2         |
|    entropy_loss         | -4.47       |
|    explained_variance   | 0.996       |
|    learning_rate        | 0.0003      |
|    loss                 | -0.0207     |
|    n_updates            | 1720        |
|    policy_gradient_loss | -0.00481    |
|    std                  | 1.07        |
|    value_loss           | 0.0112      |
-----------------------------------------
------------------------------------------
| time/                   |              |
|    fps                  | 1805         |
|    iterations           | 174          |
|    time_elapsed         | 493          |
|    total_timesteps      | 890880       |
| train/                  |              |
|    approx_kl            | 0.0034979114 |
|    clip_fraction        | 0.00701      |
|    clip_range           | 0.2          |
|    entropy_loss         | -4.46        |
|    explained_variance   | 0.992        |
|    learning_rate        | 0.0003       |
|    loss                 | -0.00881     |
|    n_updates            | 1730         |
|    policy_gradient_loss | -0.00204     |
|    std                  | 1.08         |
|    value_loss           | 0.0218       |
------------------------------------------
------------------------------------------
| time/                   |              |
|    fps                  | 1805         |
|    iterations           | 175          |
|    time_elapsed         | 496          |
|    total_timesteps      | 896000       |
| train/                  |              |
|    approx_kl            | 0.0053578946 |
|    clip_fraction        | 0.0271       |
|    clip_range           | 0.2          |
|    entropy_loss         | -4.47        |
|    explained_variance   | 0.986        |
|    learning_rate        | 0.0003       |
|    loss                 | -0.00328     |
|    n_updates            | 1740         |
|    policy_gradient_loss | -0.00313     |
|    std                  | 1.08         |
|    value_loss           | 0.0289       |
------------------------------------------
-----------------------------------------
| time/                   |             |
|    fps                  | 1806        |
|    iterations           | 176         |
|    time_elapsed         | 498         |
|    total_timesteps      | 901120      |
| train/                  |             |
|    approx_kl            | 0.003315285 |
|    clip_fraction        | 0.0106      |
|    clip_range           | 0.2         |
|    entropy_loss         | -4.47       |
|    explained_variance   | 0.99        |
|    learning_rate        | 0.0003      |
|    loss                 | -0.0138     |
|    n_updates            | 1750        |
|    policy_gradient_loss | -0.00192    |
|    std                  | 1.07        |
|    value_loss           | 0.0264      |
-----------------------------------------
-----------------------------------------
| time/                   |             |
|    fps                  | 1807        |
|    iterations           | 177         |
|    time_elapsed         | 501         |
|    total_timesteps      | 906240      |
| train/                  |             |
|    approx_kl            | 0.005188869 |
|    clip_fraction        | 0.0185      |
|    clip_range           | 0.2         |
|    entropy_loss         | -4.46       |
|    explained_variance   | 0.989       |
|    learning_rate        | 0.0003      |
|    loss                 | -0.00368    |
|    n_updates            | 1760        |
|    policy_gradient_loss | -0.00204    |
|    std                  | 1.07        |
|    value_loss           | 0.028       |
-----------------------------------------
-----------------------------------------
| time/                   |             |
|    fps                  | 1808        |
|    iterations           | 178         |
|    time_elapsed         | 503         |
|    total_timesteps      | 911360      |
| train/                  |             |
|    approx_kl            | 0.005571397 |
|    clip_fraction        | 0.0145      |
|    clip_range           | 0.2         |
|    entropy_loss         | -4.46       |
|    explained_variance   | 0.993       |
|    learning_rate        | 0.0003      |
|    loss                 | -0.0124     |
|    n_updates            | 1770        |
|    policy_gradient_loss | -0.00241    |
|    std                  | 1.08        |
|    value_loss           | 0.0238      |
-----------------------------------------
-----------------------------------------
| time/                   |             |
|    fps                  | 1810        |
|    iterations           | 179         |
|    time_elapsed         | 506         |
|    total_timesteps      | 916480      |
| train/                  |             |
|    approx_kl            | 0.005435863 |
|    clip_fraction        | 0.0206      |
|    clip_range           | 0.2         |
|    entropy_loss         | -4.47       |
|    explained_variance   | 0.995       |
|    learning_rate        | 0.0003      |
|    loss                 | -0.0134     |
|    n_updates            | 1780        |
|    policy_gradient_loss | -0.00202    |
|    std                  | 1.08        |
|    value_loss           | 0.0169      |
-----------------------------------------
------------------------------------------
| time/                   |              |
|    fps                  | 1813         |
|    iterations           | 180          |
|    time_elapsed         | 508          |
|    total_timesteps      | 921600       |
| train/                  |              |
|    approx_kl            | 0.0043624095 |
|    clip_fraction        | 0.0121       |
|    clip_range           | 0.2          |
|    entropy_loss         | -4.48        |
|    explained_variance   | 0.995        |
|    learning_rate        | 0.0003       |
|    loss                 | -0.0171      |
|    n_updates            | 1790         |
|    policy_gradient_loss | -0.00231     |
|    std                  | 1.08         |
|    value_loss           | 0.0135       |
------------------------------------------
----------------------------------------
| time/                   |            |
|    fps                  | 1815       |
|    iterations           | 181        |
|    time_elapsed         | 510        |
|    total_timesteps      | 926720     |
| train/                  |            |
|    approx_kl            | 0.00520205 |
|    clip_fraction        | 0.0523     |
|    clip_range           | 0.2        |
|    entropy_loss         | -4.48      |
|    explained_variance   | 0.997      |
|    learning_rate        | 0.0003     |
|    loss                 | -0.0208    |
|    n_updates            | 1800       |
|    policy_gradient_loss | -0.00411   |
|    std                  | 1.08       |
|    value_loss           | 0.00838    |
----------------------------------------
------------------------------------------
| time/                   |              |
|    fps                  | 1817         |
|    iterations           | 182          |
|    time_elapsed         | 512          |
|    total_timesteps      | 931840       |
| train/                  |              |
|    approx_kl            | 0.0054713064 |
|    clip_fraction        | 0.0259       |
|    clip_range           | 0.2          |
|    entropy_loss         | -4.48        |
|    explained_variance   | 0.994        |
|    learning_rate        | 0.0003       |
|    loss                 | -0.0162      |
|    n_updates            | 1810         |
|    policy_gradient_loss | -0.00318     |
|    std                  | 1.08         |
|    value_loss           | 0.015        |
------------------------------------------
-----------------------------------------
| time/                   |             |
|    fps                  | 1819        |
|    iterations           | 183         |
|    time_elapsed         | 514         |
|    total_timesteps      | 936960      |
| train/                  |             |
|    approx_kl            | 0.004975432 |
|    clip_fraction        | 0.0204      |
|    clip_range           | 0.2         |
|    entropy_loss         | -4.49       |
|    explained_variance   | 0.989       |
|    learning_rate        | 0.0003      |
|    loss                 | -0.012      |
|    n_updates            | 1820        |
|    policy_gradient_loss | -0.00227    |
|    std                  | 1.08        |
|    value_loss           | 0.0276      |
-----------------------------------------
------------------------------------------
| time/                   |              |
|    fps                  | 1821         |
|    iterations           | 184          |
|    time_elapsed         | 517          |
|    total_timesteps      | 942080       |
| train/                  |              |
|    approx_kl            | 0.0040494693 |
|    clip_fraction        | 0.0165       |
|    clip_range           | 0.2          |
|    entropy_loss         | -4.49        |
|    explained_variance   | 0.995        |
|    learning_rate        | 0.0003       |
|    loss                 | -0.014       |
|    n_updates            | 1830         |
|    policy_gradient_loss | -0.00203     |
|    std                  | 1.08         |
|    value_loss           | 0.0155       |
------------------------------------------
------------------------------------------
| time/                   |              |
|    fps                  | 1824         |
|    iterations           | 185          |
|    time_elapsed         | 519          |
|    total_timesteps      | 947200       |
| train/                  |              |
|    approx_kl            | 0.0035444247 |
|    clip_fraction        | 0.0188       |
|    clip_range           | 0.2          |
|    entropy_loss         | -4.49        |
|    explained_variance   | 0.995        |
|    learning_rate        | 0.0003       |
|    loss                 | -0.0153      |
|    n_updates            | 1840         |
|    policy_gradient_loss | -0.00308     |
|    std                  | 1.08         |
|    value_loss           | 0.0178       |
------------------------------------------
-----------------------------------------
| time/                   |             |
|    fps                  | 1826        |
|    iterations           | 186         |
|    time_elapsed         | 521         |
|    total_timesteps      | 952320      |
| train/                  |             |
|    approx_kl            | 0.004686043 |
|    clip_fraction        | 0.0135      |
|    clip_range           | 0.2         |
|    entropy_loss         | -4.5        |
|    explained_variance   | 0.997       |
|    learning_rate        | 0.0003      |
|    loss                 | -0.0137     |
|    n_updates            | 1850        |
|    policy_gradient_loss | -0.00184    |
|    std                  | 1.09        |
|    value_loss           | 0.00905     |
-----------------------------------------
------------------------------------------
| time/                   |              |
|    fps                  | 1829         |
|    iterations           | 187          |
|    time_elapsed         | 523          |
|    total_timesteps      | 957440       |
| train/                  |              |
|    approx_kl            | 0.0018862565 |
|    clip_fraction        | 0.00137      |
|    clip_range           | 0.2          |
|    entropy_loss         | -4.5         |
|    explained_variance   | 0.993        |
|    learning_rate        | 0.0003       |
|    loss                 | -0.013       |
|    n_updates            | 1860         |
|    policy_gradient_loss | -0.00134     |
|    std                  | 1.09         |
|    value_loss           | 0.0194       |
------------------------------------------
-----------------------------------------
| time/                   |             |
|    fps                  | 1833        |
|    iterations           | 188         |
|    time_elapsed         | 524         |
|    total_timesteps      | 962560      |
| train/                  |             |
|    approx_kl            | 0.004337534 |
|    clip_fraction        | 0.00913     |
|    clip_range           | 0.2         |
|    entropy_loss         | -4.5        |
|    explained_variance   | 0.992       |
|    learning_rate        | 0.0003      |
|    loss                 | -0.0061     |
|    n_updates            | 1870        |
|    policy_gradient_loss | -0.000955   |
|    std                  | 1.09        |
|    value_loss           | 0.0213      |
-----------------------------------------
------------------------------------------
| time/                   |              |
|    fps                  | 1837         |
|    iterations           | 189          |
|    time_elapsed         | 526          |
|    total_timesteps      | 967680       |
| train/                  |              |
|    approx_kl            | 0.0040550586 |
|    clip_fraction        | 0.0102       |
|    clip_range           | 0.2          |
|    entropy_loss         | -4.5         |
|    explained_variance   | 0.996        |
|    learning_rate        | 0.0003       |
|    loss                 | -0.0179      |
|    n_updates            | 1880         |
|    policy_gradient_loss | -0.00247     |
|    std                  | 1.08         |
|    value_loss           | 0.00809      |
------------------------------------------
-----------------------------------------
| time/                   |             |
|    fps                  | 1839        |
|    iterations           | 190         |
|    time_elapsed         | 528         |
|    total_timesteps      | 972800      |
| train/                  |             |
|    approx_kl            | 0.005891625 |
|    clip_fraction        | 0.0367      |
|    clip_range           | 0.2         |
|    entropy_loss         | -4.49       |
|    explained_variance   | 0.99        |
|    learning_rate        | 0.0003      |
|    loss                 | -0.0115     |
|    n_updates            | 1890        |
|    policy_gradient_loss | -0.00236    |
|    std                  | 1.08        |
|    value_loss           | 0.0262      |
-----------------------------------------
------------------------------------------
| time/                   |              |
|    fps                  | 1843         |
|    iterations           | 191          |
|    time_elapsed         | 530          |
|    total_timesteps      | 977920       |
| train/                  |              |
|    approx_kl            | 0.0052144043 |
|    clip_fraction        | 0.0337       |
|    clip_range           | 0.2          |
|    entropy_loss         | -4.49        |
|    explained_variance   | 0.996        |
|    learning_rate        | 0.0003       |
|    loss                 | -0.0239      |
|    n_updates            | 1900         |
|    policy_gradient_loss | -0.00384     |
|    std                  | 1.08         |
|    value_loss           | 0.0107       |
------------------------------------------
-----------------------------------------
| time/                   |             |
|    fps                  | 1848        |
|    iterations           | 192         |
|    time_elapsed         | 531         |
|    total_timesteps      | 983040      |
| train/                  |             |
|    approx_kl            | 0.004068873 |
|    clip_fraction        | 0.021       |
|    clip_range           | 0.2         |
|    entropy_loss         | -4.49       |
|    explained_variance   | 0.993       |
|    learning_rate        | 0.0003      |
|    loss                 | -0.00443    |
|    n_updates            | 1910        |
|    policy_gradient_loss | -0.00133    |
|    std                  | 1.09        |
|    value_loss           | 0.0208      |
-----------------------------------------
-----------------------------------------
| time/                   |             |
|    fps                  | 1854        |
|    iterations           | 193         |
|    time_elapsed         | 532         |
|    total_timesteps      | 988160      |
| train/                  |             |
|    approx_kl            | 0.005604506 |
|    clip_fraction        | 0.0319      |
|    clip_range           | 0.2         |
|    entropy_loss         | -4.5        |
|    explained_variance   | 0.997       |
|    learning_rate        | 0.0003      |
|    loss                 | -0.0172     |
|    n_updates            | 1920        |
|    policy_gradient_loss | -0.00231    |
|    std                  | 1.09        |
|    value_loss           | 0.00879     |
-----------------------------------------
------------------------------------------
| time/                   |              |
|    fps                  | 1858         |
|    iterations           | 194          |
|    time_elapsed         | 534          |
|    total_timesteps      | 993280       |
| train/                  |              |
|    approx_kl            | 0.0064435205 |
|    clip_fraction        | 0.0236       |
|    clip_range           | 0.2          |
|    entropy_loss         | -4.51        |
|    explained_variance   | 0.997        |
|    learning_rate        | 0.0003       |
|    loss                 | -0.0191      |
|    n_updates            | 1930         |
|    policy_gradient_loss | -0.003       |
|    std                  | 1.09         |
|    value_loss           | 0.00872      |
------------------------------------------
-----------------------------------------
| time/                   |             |
|    fps                  | 1863        |
|    iterations           | 195         |
|    time_elapsed         | 535         |
|    total_timesteps      | 998400      |
| train/                  |             |
|    approx_kl            | 0.008038811 |
|    clip_fraction        | 0.054       |
|    clip_range           | 0.2         |
|    entropy_loss         | -4.51       |
|    explained_variance   | 0.998       |
|    learning_rate        | 0.0003      |
|    loss                 | -0.0148     |
|    n_updates            | 1940        |
|    policy_gradient_loss | -0.0038     |
|    std                  | 1.09        |
|    value_loss           | 0.00458     |
-----------------------------------------
------------------------------------------
| time/                   |              |
|    fps                  | 1868         |
|    iterations           | 196          |
|    time_elapsed         | 537          |
|    total_timesteps      | 1003520      |
| train/                  |              |
|    approx_kl            | 0.0023194111 |
|    clip_fraction        | 0.00353      |
|    clip_range           | 0.2          |
|    entropy_loss         | -4.51        |
|    explained_variance   | 0.998        |
|    learning_rate        | 0.0003       |
|    loss                 | -0.0168      |
|    n_updates            | 1950         |
|    policy_gradient_loss | -0.00114     |
|    std                  | 1.09         |
|    value_loss           | 0.00556      |
------------------------------------------
------------------------------------------
| time/                   |              |
|    fps                  | 1873         |
|    iterations           | 197          |
|    time_elapsed         | 538          |
|    total_timesteps      | 1008640      |
| train/                  |              |
|    approx_kl            | 0.0041806265 |
|    clip_fraction        | 0.0107       |
|    clip_range           | 0.2          |
|    entropy_loss         | -4.51        |
|    explained_variance   | 0.992        |
|    learning_rate        | 0.0003       |
|    loss                 | -0.0112      |
|    n_updates            | 1960         |
|    policy_gradient_loss | -0.00262     |
|    std                  | 1.09         |
|    value_loss           | 0.0226       |
------------------------------------------
------------------------------------------
| time/                   |              |
|    fps                  | 1879         |
|    iterations           | 198          |
|    time_elapsed         | 539          |
|    total_timesteps      | 1013760      |
| train/                  |              |
|    approx_kl            | 0.0035410554 |
|    clip_fraction        | 0.00516      |
|    clip_range           | 0.2          |
|    entropy_loss         | -4.51        |
|    explained_variance   | 0.995        |
|    learning_rate        | 0.0003       |
|    loss                 | -0.0238      |
|    n_updates            | 1970         |
|    policy_gradient_loss | -0.00167     |
|    std                  | 1.09         |
|    value_loss           | 0.015        |
------------------------------------------
------------------------------------------
| time/                   |              |
|    fps                  | 1883         |
|    iterations           | 199          |
|    time_elapsed         | 540          |
|    total_timesteps      | 1018880      |
| train/                  |              |
|    approx_kl            | 0.0022456136 |
|    clip_fraction        | 0.00565      |
|    clip_range           | 0.2          |
|    entropy_loss         | -4.51        |
|    explained_variance   | 0.991        |
|    learning_rate        | 0.0003       |
|    loss                 | -0.0134      |
|    n_updates            | 1980         |
|    policy_gradient_loss | -0.00152     |
|    std                  | 1.09         |
|    value_loss           | 0.0232       |
------------------------------------------
------------------------------------------
| time/                   |              |
|    fps                  | 1888         |
|    iterations           | 200          |
|    time_elapsed         | 542          |
|    total_timesteps      | 1024000      |
| train/                  |              |
|    approx_kl            | 0.0040478897 |
|    clip_fraction        | 0.0092       |
|    clip_range           | 0.2          |
|    entropy_loss         | -4.5         |
|    explained_variance   | 0.996        |
|    learning_rate        | 0.0003       |
|    loss                 | -0.0202      |
|    n_updates            | 1990         |
|    policy_gradient_loss | -0.00207     |
|    std                  | 1.09         |
|    value_loss           | 0.00886      |
------------------------------------------
------------------------------------------
| time/                   |              |
|    fps                  | 1894         |
|    iterations           | 201          |
|    time_elapsed         | 543          |
|    total_timesteps      | 1029120      |
| train/                  |              |
|    approx_kl            | 0.0064995065 |
|    clip_fraction        | 0.0248       |
|    clip_range           | 0.2          |
|    entropy_loss         | -4.5         |
|    explained_variance   | 0.998        |
|    learning_rate        | 0.0003       |
|    loss                 | -0.0193      |
|    n_updates            | 2000         |
|    policy_gradient_loss | -0.00206     |
|    std                  | 1.09         |
|    value_loss           | 0.0064       |
------------------------------------------
------------------------------------------
| time/                   |              |
|    fps                  | 1898         |
|    iterations           | 202          |
|    time_elapsed         | 544          |
|    total_timesteps      | 1034240      |
| train/                  |              |
|    approx_kl            | 0.0036889769 |
|    clip_fraction        | 0.00596      |
|    clip_range           | 0.2          |
|    entropy_loss         | -4.5         |
|    explained_variance   | 0.999        |
|    learning_rate        | 0.0003       |
|    loss                 | -0.0216      |
|    n_updates            | 2010         |
|    policy_gradient_loss | -0.00212     |
|    std                  | 1.09         |
|    value_loss           | 0.00347      |
------------------------------------------
-----------------------------------------
| time/                   |             |
|    fps                  | 1904        |
|    iterations           | 203         |
|    time_elapsed         | 545         |
|    total_timesteps      | 1039360     |
| train/                  |             |
|    approx_kl            | 0.004292648 |
|    clip_fraction        | 0.026       |
|    clip_range           | 0.2         |
|    entropy_loss         | -4.51       |
|    explained_variance   | 0.997       |
|    learning_rate        | 0.0003      |
|    loss                 | -0.0173     |
|    n_updates            | 2020        |
|    policy_gradient_loss | -0.00168    |
|    std                  | 1.09        |
|    value_loss           | 0.00691     |
-----------------------------------------
-----------------------------------------
| time/                   |             |
|    fps                  | 1908        |
|    iterations           | 204         |
|    time_elapsed         | 547         |
|    total_timesteps      | 1044480     |
| train/                  |             |
|    approx_kl            | 0.005156445 |
|    clip_fraction        | 0.0419      |
|    clip_range           | 0.2         |
|    entropy_loss         | -4.51       |
|    explained_variance   | 0.991       |
|    learning_rate        | 0.0003      |
|    loss                 | -0.00996    |
|    n_updates            | 2030        |
|    policy_gradient_loss | -0.00275    |
|    std                  | 1.09        |
|    value_loss           | 0.0256      |
-----------------------------------------
------------------------------------------
| time/                   |              |
|    fps                  | 1913         |
|    iterations           | 205          |
|    time_elapsed         | 548          |
|    total_timesteps      | 1049600      |
| train/                  |              |
|    approx_kl            | 0.0038830836 |
|    clip_fraction        | 0.00641      |
|    clip_range           | 0.2          |
|    entropy_loss         | -4.51        |
|    explained_variance   | 0.998        |
|    learning_rate        | 0.0003       |
|    loss                 | -0.0202      |
|    n_updates            | 2040         |
|    policy_gradient_loss | -0.00192     |
|    std                  | 1.09         |
|    value_loss           | 0.00602      |
------------------------------------------
------------------------------------------
| time/                   |              |
|    fps                  | 1918         |
|    iterations           | 206          |
|    time_elapsed         | 549          |
|    total_timesteps      | 1054720      |
| train/                  |              |
|    approx_kl            | 0.0053910664 |
|    clip_fraction        | 0.0236       |
|    clip_range           | 0.2          |
|    entropy_loss         | -4.51        |
|    explained_variance   | 0.997        |
|    learning_rate        | 0.0003       |
|    loss                 | -0.0124      |
|    n_updates            | 2050         |
|    policy_gradient_loss | -0.00167     |
|    std                  | 1.09         |
|    value_loss           | 0.0106       |
------------------------------------------
------------------------------------------
| time/                   |              |
|    fps                  | 1922         |
|    iterations           | 207          |
|    time_elapsed         | 551          |
|    total_timesteps      | 1059840      |
| train/                  |              |
|    approx_kl            | 0.0049361777 |
|    clip_fraction        | 0.0182       |
|    clip_range           | 0.2          |
|    entropy_loss         | -4.5         |
|    explained_variance   | 0.999        |
|    learning_rate        | 0.0003       |
|    loss                 | -0.0209      |
|    n_updates            | 2060         |
|    policy_gradient_loss | -0.0018      |
|    std                  | 1.09         |
|    value_loss           | 0.00266      |
------------------------------------------
------------------------------------------
| time/                   |              |
|    fps                  | 1927         |
|    iterations           | 208          |
|    time_elapsed         | 552          |
|    total_timesteps      | 1064960      |
| train/                  |              |
|    approx_kl            | 0.0064807474 |
|    clip_fraction        | 0.0496       |
|    clip_range           | 0.2          |
|    entropy_loss         | -4.5         |
|    explained_variance   | 0.998        |
|    learning_rate        | 0.0003       |
|    loss                 | -0.0237      |
|    n_updates            | 2070         |
|    policy_gradient_loss | -0.00258     |
|    std                  | 1.09         |
|    value_loss           | 0.00434      |
------------------------------------------
-----------------------------------------
| time/                   |             |
|    fps                  | 1931        |
|    iterations           | 209         |
|    time_elapsed         | 553         |
|    total_timesteps      | 1070080     |
| train/                  |             |
|    approx_kl            | 0.004156139 |
|    clip_fraction        | 0.0428      |
|    clip_range           | 0.2         |
|    entropy_loss         | -4.5        |
|    explained_variance   | 0.995       |
|    learning_rate        | 0.0003      |
|    loss                 | -0.0202     |
|    n_updates            | 2080        |
|    policy_gradient_loss | -0.00356    |
|    std                  | 1.08        |
|    value_loss           | 0.0117      |
-----------------------------------------
------------------------------------------
| time/                   |              |
|    fps                  | 1937         |
|    iterations           | 210          |
|    time_elapsed         | 555          |
|    total_timesteps      | 1075200      |
| train/                  |              |
|    approx_kl            | 0.0021920092 |
|    clip_fraction        | 0.029        |
|    clip_range           | 0.2          |
|    entropy_loss         | -4.49        |
|    explained_variance   | 0.994        |
|    learning_rate        | 0.0003       |
|    loss                 | -0.0172      |
|    n_updates            | 2090         |
|    policy_gradient_loss | -0.00311     |
|    std                  | 1.08         |
|    value_loss           | 0.0168       |
------------------------------------------
-----------------------------------------
| time/                   |             |
|    fps                  | 1941        |
|    iterations           | 211         |
|    time_elapsed         | 556         |
|    total_timesteps      | 1080320     |
| train/                  |             |
|    approx_kl            | 0.005097296 |
|    clip_fraction        | 0.0227      |
|    clip_range           | 0.2         |
|    entropy_loss         | -4.5        |
|    explained_variance   | 0.993       |
|    learning_rate        | 0.0003      |
|    loss                 | -0.00991    |
|    n_updates            | 2100        |
|    policy_gradient_loss | -0.0023     |
|    std                  | 1.09        |
|    value_loss           | 0.0223      |
-----------------------------------------
------------------------------------------
| time/                   |              |
|    fps                  | 1946         |
|    iterations           | 212          |
|    time_elapsed         | 557          |
|    total_timesteps      | 1085440      |
| train/                  |              |
|    approx_kl            | 0.0054234364 |
|    clip_fraction        | 0.0263       |
|    clip_range           | 0.2          |
|    entropy_loss         | -4.5         |
|    explained_variance   | 0.999        |
|    learning_rate        | 0.0003       |
|    loss                 | -0.018       |
|    n_updates            | 2110         |
|    policy_gradient_loss | -0.00256     |
|    std                  | 1.08         |
|    value_loss           | 0.00242      |
------------------------------------------
-----------------------------------------
| time/                   |             |
|    fps                  | 1951        |
|    iterations           | 213         |
|    time_elapsed         | 558         |
|    total_timesteps      | 1090560     |
| train/                  |             |
|    approx_kl            | 0.008500458 |
|    clip_fraction        | 0.0515      |
|    clip_range           | 0.2         |
|    entropy_loss         | -4.49       |
|    explained_variance   | 0.999       |
|    learning_rate        | 0.0003      |
|    loss                 | -0.0198     |
|    n_updates            | 2120        |
|    policy_gradient_loss | -0.00289    |
|    std                  | 1.08        |
|    value_loss           | 0.00341     |
-----------------------------------------
-----------------------------------------
| time/                   |             |
|    fps                  | 1956        |
|    iterations           | 214         |
|    time_elapsed         | 560         |
|    total_timesteps      | 1095680     |
| train/                  |             |
|    approx_kl            | 0.004408921 |
|    clip_fraction        | 0.0527      |
|    clip_range           | 0.2         |
|    entropy_loss         | -4.49       |
|    explained_variance   | 0.999       |
|    learning_rate        | 0.0003      |
|    loss                 | -0.0253     |
|    n_updates            | 2130        |
|    policy_gradient_loss | -0.00387    |
|    std                  | 1.08        |
|    value_loss           | 0.00346     |
-----------------------------------------
------------------------------------------
| time/                   |              |
|    fps                  | 1960         |
|    iterations           | 215          |
|    time_elapsed         | 561          |
|    total_timesteps      | 1100800      |
| train/                  |              |
|    approx_kl            | 0.0034641006 |
|    clip_fraction        | 0.0384       |
|    clip_range           | 0.2          |
|    entropy_loss         | -4.49        |
|    explained_variance   | 0.999        |
|    learning_rate        | 0.0003       |
|    loss                 | -0.0225      |
|    n_updates            | 2140         |
|    policy_gradient_loss | -0.00317     |
|    std                  | 1.08         |
|    value_loss           | 0.00207      |
------------------------------------------
------------------------------------------
| time/                   |              |
|    fps                  | 1965         |
|    iterations           | 216          |
|    time_elapsed         | 562          |
|    total_timesteps      | 1105920      |
| train/                  |              |
|    approx_kl            | 0.0032212243 |
|    clip_fraction        | 0.0113       |
|    clip_range           | 0.2          |
|    entropy_loss         | -4.48        |
|    explained_variance   | 0.999        |
|    learning_rate        | 0.0003       |
|    loss                 | -0.02        |
|    n_updates            | 2150         |
|    policy_gradient_loss | -0.00222     |
|    std                  | 1.08         |
|    value_loss           | 0.00321      |
------------------------------------------
------------------------------------------
| time/                   |              |
|    fps                  | 1969         |
|    iterations           | 217          |
|    time_elapsed         | 564          |
|    total_timesteps      | 1111040      |
| train/                  |              |
|    approx_kl            | 0.0019462863 |
|    clip_fraction        | 0.0212       |
|    clip_range           | 0.2          |
|    entropy_loss         | -4.48        |
|    explained_variance   | 0.997        |
|    learning_rate        | 0.0003       |
|    loss                 | -0.0176      |
|    n_updates            | 2160         |
|    policy_gradient_loss | -0.00209     |
|    std                  | 1.08         |
|    value_loss           | 0.00887      |
------------------------------------------
-----------------------------------------
| time/                   |             |
|    fps                  | 1973        |
|    iterations           | 218         |
|    time_elapsed         | 565         |
|    total_timesteps      | 1116160     |
| train/                  |             |
|    approx_kl            | 0.003549328 |
|    clip_fraction        | 0.0184      |
|    clip_range           | 0.2         |
|    entropy_loss         | -4.48       |
|    explained_variance   | 0.994       |
|    learning_rate        | 0.0003      |
|    loss                 | -0.0167     |
|    n_updates            | 2170        |
|    policy_gradient_loss | -0.00248    |
|    std                  | 1.08        |
|    value_loss           | 0.0196      |
-----------------------------------------
------------------------------------------
| time/                   |              |
|    fps                  | 1978         |
|    iterations           | 219          |
|    time_elapsed         | 566          |
|    total_timesteps      | 1121280      |
| train/                  |              |
|    approx_kl            | 0.0036764804 |
|    clip_fraction        | 0.027        |
|    clip_range           | 0.2          |
|    entropy_loss         | -4.48        |
|    explained_variance   | 0.999        |
|    learning_rate        | 0.0003       |
|    loss                 | -0.0235      |
|    n_updates            | 2180         |
|    policy_gradient_loss | -0.00216     |
|    std                  | 1.08         |
|    value_loss           | 0.00269      |
------------------------------------------
-----------------------------------------
| time/                   |             |
|    fps                  | 1982        |
|    iterations           | 220         |
|    time_elapsed         | 568         |
|    total_timesteps      | 1126400     |
| train/                  |             |
|    approx_kl            | 0.002917818 |
|    clip_fraction        | 0.0416      |
|    clip_range           | 0.2         |
|    entropy_loss         | -4.48       |
|    explained_variance   | 0.999       |
|    learning_rate        | 0.0003      |
|    loss                 | -0.0172     |
|    n_updates            | 2190        |
|    policy_gradient_loss | -0.0033     |
|    std                  | 1.08        |
|    value_loss           | 0.00271     |
-----------------------------------------
-----------------------------------------
| time/                   |             |
|    fps                  | 1987        |
|    iterations           | 221         |
|    time_elapsed         | 569         |
|    total_timesteps      | 1131520     |
| train/                  |             |
|    approx_kl            | 0.004936627 |
|    clip_fraction        | 0.0472      |
|    clip_range           | 0.2         |
|    entropy_loss         | -4.49       |
|    explained_variance   | 0.999       |
|    learning_rate        | 0.0003      |
|    loss                 | -0.0254     |
|    n_updates            | 2200        |
|    policy_gradient_loss | -0.00432    |
|    std                  | 1.08        |
|    value_loss           | 0.00303     |
-----------------------------------------
-----------------------------------------
| time/                   |             |
|    fps                  | 1991        |
|    iterations           | 222         |
|    time_elapsed         | 570         |
|    total_timesteps      | 1136640     |
| train/                  |             |
|    approx_kl            | 0.003862548 |
|    clip_fraction        | 0.0258      |
|    clip_range           | 0.2         |
|    entropy_loss         | -4.49       |
|    explained_variance   | 0.998       |
|    learning_rate        | 0.0003      |
|    loss                 | -0.0187     |
|    n_updates            | 2210        |
|    policy_gradient_loss | -0.0018     |
|    std                  | 1.08        |
|    value_loss           | 0.00497     |
-----------------------------------------
-----------------------------------------
| time/                   |             |
|    fps                  | 1996        |
|    iterations           | 223         |
|    time_elapsed         | 571         |
|    total_timesteps      | 1141760     |
| train/                  |             |
|    approx_kl            | 0.005764278 |
|    clip_fraction        | 0.0289      |
|    clip_range           | 0.2         |
|    entropy_loss         | -4.49       |
|    explained_variance   | 0.995       |
|    learning_rate        | 0.0003      |
|    loss                 | -0.0182     |
|    n_updates            | 2220        |
|    policy_gradient_loss | -0.00197    |
|    std                  | 1.08        |
|    value_loss           | 0.0121      |
-----------------------------------------
------------------------------------------
| time/                   |              |
|    fps                  | 2001         |
|    iterations           | 224          |
|    time_elapsed         | 573          |
|    total_timesteps      | 1146880      |
| train/                  |              |
|    approx_kl            | 0.0027185713 |
|    clip_fraction        | 0.00389      |
|    clip_range           | 0.2          |
|    entropy_loss         | -4.48        |
|    explained_variance   | 0.995        |
|    learning_rate        | 0.0003       |
|    loss                 | -0.0149      |
|    n_updates            | 2230         |
|    policy_gradient_loss | -0.00155     |
|    std                  | 1.08         |
|    value_loss           | 0.0141       |
------------------------------------------
------------------------------------------
| time/                   |              |
|    fps                  | 2005         |
|    iterations           | 225          |
|    time_elapsed         | 574          |
|    total_timesteps      | 1152000      |
| train/                  |              |
|    approx_kl            | 0.0041759047 |
|    clip_fraction        | 0.0341       |
|    clip_range           | 0.2          |
|    entropy_loss         | -4.47        |
|    explained_variance   | 0.996        |
|    learning_rate        | 0.0003       |
|    loss                 | -0.0172      |
|    n_updates            | 2240         |
|    policy_gradient_loss | -0.002       |
|    std                  | 1.07         |
|    value_loss           | 0.0106       |
------------------------------------------
------------------------------------------
| time/                   |              |
|    fps                  | 2009         |
|    iterations           | 226          |
|    time_elapsed         | 575          |
|    total_timesteps      | 1157120      |
| train/                  |              |
|    approx_kl            | 0.0046877265 |
|    clip_fraction        | 0.0439       |
|    clip_range           | 0.2          |
|    entropy_loss         | -4.46        |
|    explained_variance   | 0.897        |
|    learning_rate        | 0.0003       |
|    loss                 | 0.191        |
|    n_updates            | 2250         |
|    policy_gradient_loss | -0.00225     |
|    std                  | 1.07         |
|    value_loss           | 0.361        |
------------------------------------------
-----------------------------------------
| time/                   |             |
|    fps                  | 2014        |
|    iterations           | 227         |
|    time_elapsed         | 577         |
|    total_timesteps      | 1162240     |
| train/                  |             |
|    approx_kl            | 0.008472482 |
|    clip_fraction        | 0.0365      |
|    clip_range           | 0.2         |
|    entropy_loss         | -4.47       |
|    explained_variance   | 0.95        |
|    learning_rate        | 0.0003      |
|    loss                 | 0.0298      |
|    n_updates            | 2260        |
|    policy_gradient_loss | -0.00222    |
|    std                  | 1.08        |
|    value_loss           | 0.155       |
-----------------------------------------
------------------------------------------
| time/                   |              |
|    fps                  | 2018         |
|    iterations           | 228          |
|    time_elapsed         | 578          |
|    total_timesteps      | 1167360      |
| train/                  |              |
|    approx_kl            | 0.0063481354 |
|    clip_fraction        | 0.0359       |
|    clip_range           | 0.2          |
|    entropy_loss         | -4.48        |
|    explained_variance   | 0.994        |
|    learning_rate        | 0.0003       |
|    loss                 | -0.0162      |
|    n_updates            | 2270         |
|    policy_gradient_loss | -0.00293     |
|    std                  | 1.08         |
|    value_loss           | 0.0173       |
------------------------------------------
-----------------------------------------
| time/                   |             |
|    fps                  | 2023        |
|    iterations           | 229         |
|    time_elapsed         | 579         |
|    total_timesteps      | 1172480     |
| train/                  |             |
|    approx_kl            | 0.003994901 |
|    clip_fraction        | 0.0464      |
|    clip_range           | 0.2         |
|    entropy_loss         | -4.49       |
|    explained_variance   | 0.998       |
|    learning_rate        | 0.0003      |
|    loss                 | -0.0227     |
|    n_updates            | 2280        |
|    policy_gradient_loss | -0.00352    |
|    std                  | 1.08        |
|    value_loss           | 0.0047      |
-----------------------------------------
-----------------------------------------
| time/                   |             |
|    fps                  | 2026        |
|    iterations           | 230         |
|    time_elapsed         | 580         |
|    total_timesteps      | 1177600     |
| train/                  |             |
|    approx_kl            | 0.006207615 |
|    clip_fraction        | 0.0351      |
|    clip_range           | 0.2         |
|    entropy_loss         | -4.49       |
|    explained_variance   | 0.996       |
|    learning_rate        | 0.0003      |
|    loss                 | -0.0191     |
|    n_updates            | 2290        |
|    policy_gradient_loss | -0.00277    |
|    std                  | 1.08        |
|    value_loss           | 0.00997     |
-----------------------------------------
-----------------------------------------
| time/                   |             |
|    fps                  | 2031        |
|    iterations           | 231         |
|    time_elapsed         | 582         |
|    total_timesteps      | 1182720     |
| train/                  |             |
|    approx_kl            | 0.003504574 |
|    clip_fraction        | 0.0138      |
|    clip_range           | 0.2         |
|    entropy_loss         | -4.47       |
|    explained_variance   | 0.998       |
|    learning_rate        | 0.0003      |
|    loss                 | -0.022      |
|    n_updates            | 2300        |
|    policy_gradient_loss | -0.00254    |
|    std                  | 1.07        |
|    value_loss           | 0.00585     |
-----------------------------------------
------------------------------------------
| time/                   |              |
|    fps                  | 2035         |
|    iterations           | 232          |
|    time_elapsed         | 583          |
|    total_timesteps      | 1187840      |
| train/                  |              |
|    approx_kl            | 0.0049406756 |
|    clip_fraction        | 0.0202       |
|    clip_range           | 0.2          |
|    entropy_loss         | -4.46        |
|    explained_variance   | 0.995        |
|    learning_rate        | 0.0003       |
|    loss                 | -0.0227      |
|    n_updates            | 2310         |
|    policy_gradient_loss | -0.00359     |
|    std                  | 1.07         |
|    value_loss           | 0.0139       |
------------------------------------------
-----------------------------------------
| time/                   |             |
|    fps                  | 2039        |
|    iterations           | 233         |
|    time_elapsed         | 584         |
|    total_timesteps      | 1192960     |
| train/                  |             |
|    approx_kl            | 0.006451274 |
|    clip_fraction        | 0.0565      |
|    clip_range           | 0.2         |
|    entropy_loss         | -4.45       |
|    explained_variance   | 0.999       |
|    learning_rate        | 0.0003      |
|    loss                 | -0.0207     |
|    n_updates            | 2320        |
|    policy_gradient_loss | -0.00399    |
|    std                  | 1.07        |
|    value_loss           | 0.00245     |
-----------------------------------------
-----------------------------------------
| time/                   |             |
|    fps                  | 2043        |
|    iterations           | 234         |
|    time_elapsed         | 586         |
|    total_timesteps      | 1198080     |
| train/                  |             |
|    approx_kl            | 0.004605384 |
|    clip_fraction        | 0.0561      |
|    clip_range           | 0.2         |
|    entropy_loss         | -4.45       |
|    explained_variance   | 0.998       |
|    learning_rate        | 0.0003      |
|    loss                 | -0.0201     |
|    n_updates            | 2330        |
|    policy_gradient_loss | -0.00297    |
|    std                  | 1.07        |
|    value_loss           | 0.00494     |
-----------------------------------------
------------------------------------------
| time/                   |              |
|    fps                  | 2047         |
|    iterations           | 235          |
|    time_elapsed         | 587          |
|    total_timesteps      | 1203200      |
| train/                  |              |
|    approx_kl            | 0.0037122685 |
|    clip_fraction        | 0.0233       |
|    clip_range           | 0.2          |
|    entropy_loss         | -4.45        |
|    explained_variance   | 0.989        |
|    learning_rate        | 0.0003       |
|    loss                 | -0.00536     |
|    n_updates            | 2340         |
|    policy_gradient_loss | -0.0014      |
|    std                  | 1.06         |
|    value_loss           | 0.0294       |
------------------------------------------
-----------------------------------------
| time/                   |             |
|    fps                  | 2051        |
|    iterations           | 236         |
|    time_elapsed         | 588         |
|    total_timesteps      | 1208320     |
| train/                  |             |
|    approx_kl            | 0.004311176 |
|    clip_fraction        | 0.0155      |
|    clip_range           | 0.2         |
|    entropy_loss         | -4.44       |
|    explained_variance   | 0.994       |
|    learning_rate        | 0.0003      |
|    loss                 | -0.0173     |
|    n_updates            | 2350        |
|    policy_gradient_loss | -0.00223    |
|    std                  | 1.06        |
|    value_loss           | 0.0138      |
-----------------------------------------
-----------------------------------------
| time/                   |             |
|    fps                  | 2056        |
|    iterations           | 237         |
|    time_elapsed         | 590         |
|    total_timesteps      | 1213440     |
| train/                  |             |
|    approx_kl            | 0.005358389 |
|    clip_fraction        | 0.0451      |
|    clip_range           | 0.2         |
|    entropy_loss         | -4.44       |
|    explained_variance   | 0.995       |
|    learning_rate        | 0.0003      |
|    loss                 | -0.0187     |
|    n_updates            | 2360        |
|    policy_gradient_loss | -0.00213    |
|    std                  | 1.06        |
|    value_loss           | 0.0114      |
-----------------------------------------
------------------------------------------
| time/                   |              |
|    fps                  | 2060         |
|    iterations           | 238          |
|    time_elapsed         | 591          |
|    total_timesteps      | 1218560      |
| train/                  |              |
|    approx_kl            | 0.0037092522 |
|    clip_fraction        | 0.0209       |
|    clip_range           | 0.2          |
|    entropy_loss         | -4.44        |
|    explained_variance   | 0.991        |
|    learning_rate        | 0.0003       |
|    loss                 | -0.0106      |
|    n_updates            | 2370         |
|    policy_gradient_loss | -0.00188     |
|    std                  | 1.06         |
|    value_loss           | 0.0277       |
------------------------------------------
------------------------------------------
| time/                   |              |
|    fps                  | 2064         |
|    iterations           | 239          |
|    time_elapsed         | 592          |
|    total_timesteps      | 1223680      |
| train/                  |              |
|    approx_kl            | 0.0030439848 |
|    clip_fraction        | 0.0349       |
|    clip_range           | 0.2          |
|    entropy_loss         | -4.43        |
|    explained_variance   | 0.999        |
|    learning_rate        | 0.0003       |
|    loss                 | -0.0229      |
|    n_updates            | 2380         |
|    policy_gradient_loss | -0.00333     |
|    std                  | 1.06         |
|    value_loss           | 0.00441      |
------------------------------------------
------------------------------------------
| time/                   |              |
|    fps                  | 2068         |
|    iterations           | 240          |
|    time_elapsed         | 593          |
|    total_timesteps      | 1228800      |
| train/                  |              |
|    approx_kl            | 0.0040723314 |
|    clip_fraction        | 0.0421       |
|    clip_range           | 0.2          |
|    entropy_loss         | -4.42        |
|    explained_variance   | 0.998        |
|    learning_rate        | 0.0003       |
|    loss                 | -0.0178      |
|    n_updates            | 2390         |
|    policy_gradient_loss | -0.00292     |
|    std                  | 1.06         |
|    value_loss           | 0.0049       |
------------------------------------------
------------------------------------------
| time/                   |              |
|    fps                  | 2069         |
|    iterations           | 241          |
|    time_elapsed         | 596          |
|    total_timesteps      | 1233920      |
| train/                  |              |
|    approx_kl            | 0.0078052045 |
|    clip_fraction        | 0.0369       |
|    clip_range           | 0.2          |
|    entropy_loss         | -4.42        |
|    explained_variance   | 0.996        |
|    learning_rate        | 0.0003       |
|    loss                 | -0.016       |
|    n_updates            | 2400         |
|    policy_gradient_loss | -0.002       |
|    std                  | 1.06         |
|    value_loss           | 0.0121       |
------------------------------------------
-----------------------------------------
| time/                   |             |
|    fps                  | 2068        |
|    iterations           | 242         |
|    time_elapsed         | 599         |
|    total_timesteps      | 1239040     |
| train/                  |             |
|    approx_kl            | 0.004778762 |
|    clip_fraction        | 0.0257      |
|    clip_range           | 0.2         |
|    entropy_loss         | -4.42       |
|    explained_variance   | 0.931       |
|    learning_rate        | 0.0003      |
|    loss                 | 0.135       |
|    n_updates            | 2410        |
|    policy_gradient_loss | -0.00267    |
|    std                  | 1.06        |
|    value_loss           | 0.211       |
-----------------------------------------
-----------------------------------------
| time/                   |             |
|    fps                  | 2066        |
|    iterations           | 243         |
|    time_elapsed         | 601         |
|    total_timesteps      | 1244160     |
| train/                  |             |
|    approx_kl            | 0.004354824 |
|    clip_fraction        | 0.0229      |
|    clip_range           | 0.2         |
|    entropy_loss         | -4.42       |
|    explained_variance   | 0.998       |
|    learning_rate        | 0.0003      |
|    loss                 | -0.019      |
|    n_updates            | 2420        |
|    policy_gradient_loss | -0.00385    |
|    std                  | 1.05        |
|    value_loss           | 0.00418     |
-----------------------------------------
------------------------------------------
| time/                   |              |
|    fps                  | 2065         |
|    iterations           | 244          |
|    time_elapsed         | 604          |
|    total_timesteps      | 1249280      |
| train/                  |              |
|    approx_kl            | 0.0039390875 |
|    clip_fraction        | 0.00636      |
|    clip_range           | 0.2          |
|    entropy_loss         | -4.41        |
|    explained_variance   | 0.884        |
|    learning_rate        | 0.0003       |
|    loss                 | 0.0718       |
|    n_updates            | 2430         |
|    policy_gradient_loss | -0.000946    |
|    std                  | 1.06         |
|    value_loss           | 0.291        |
------------------------------------------
------------------------------------------
| time/                   |              |
|    fps                  | 2064         |
|    iterations           | 245          |
|    time_elapsed         | 607          |
|    total_timesteps      | 1254400      |
| train/                  |              |
|    approx_kl            | 0.0033500148 |
|    clip_fraction        | 0.0171       |
|    clip_range           | 0.2          |
|    entropy_loss         | -4.42        |
|    explained_variance   | 0.986        |
|    learning_rate        | 0.0003       |
|    loss                 | -0.0116      |
|    n_updates            | 2440         |
|    policy_gradient_loss | -0.00232     |
|    std                  | 1.06         |
|    value_loss           | 0.0326       |
------------------------------------------
-----------------------------------------
| time/                   |             |
|    fps                  | 2063        |
|    iterations           | 246         |
|    time_elapsed         | 610         |
|    total_timesteps      | 1259520     |
| train/                  |             |
|    approx_kl            | 0.003153769 |
|    clip_fraction        | 0.0218      |
|    clip_range           | 0.2         |
|    entropy_loss         | -4.43       |
|    explained_variance   | 0.995       |
|    learning_rate        | 0.0003      |
|    loss                 | -0.015      |
|    n_updates            | 2450        |
|    policy_gradient_loss | -0.00189    |
|    std                  | 1.06        |
|    value_loss           | 0.016       |
-----------------------------------------
------------------------------------------
| time/                   |              |
|    fps                  | 2062         |
|    iterations           | 247          |
|    time_elapsed         | 613          |
|    total_timesteps      | 1264640      |
| train/                  |              |
|    approx_kl            | 0.0034957866 |
|    clip_fraction        | 0.00768      |
|    clip_range           | 0.2          |
|    entropy_loss         | -4.44        |
|    explained_variance   | 0.993        |
|    learning_rate        | 0.0003       |
|    loss                 | -0.0113      |
|    n_updates            | 2460         |
|    policy_gradient_loss | -0.000725    |
|    std                  | 1.06         |
|    value_loss           | 0.0218       |
------------------------------------------
------------------------------------------
| time/                   |              |
|    fps                  | 2061         |
|    iterations           | 248          |
|    time_elapsed         | 616          |
|    total_timesteps      | 1269760      |
| train/                  |              |
|    approx_kl            | 0.0033003518 |
|    clip_fraction        | 0.0113       |
|    clip_range           | 0.2          |
|    entropy_loss         | -4.44        |
|    explained_variance   | 0.96         |
|    learning_rate        | 0.0003       |
|    loss                 | 0.00885      |
|    n_updates            | 2470         |
|    policy_gradient_loss | -0.00114     |
|    std                  | 1.06         |
|    value_loss           | 0.116        |
------------------------------------------
-----------------------------------------
| time/                   |             |
|    fps                  | 2060        |
|    iterations           | 249         |
|    time_elapsed         | 618         |
|    total_timesteps      | 1274880     |
| train/                  |             |
|    approx_kl            | 0.003780105 |
|    clip_fraction        | 0.0197      |
|    clip_range           | 0.2         |
|    entropy_loss         | -4.44       |
|    explained_variance   | 0.989       |
|    learning_rate        | 0.0003      |
|    loss                 | -0.0117     |
|    n_updates            | 2480        |
|    policy_gradient_loss | -0.00173    |
|    std                  | 1.06        |
|    value_loss           | 0.0253      |
-----------------------------------------
-----------------------------------------
| time/                   |             |
|    fps                  | 2059        |
|    iterations           | 250         |
|    time_elapsed         | 621         |
|    total_timesteps      | 1280000     |
| train/                  |             |
|    approx_kl            | 0.005855533 |
|    clip_fraction        | 0.0255      |
|    clip_range           | 0.2         |
|    entropy_loss         | -4.43       |
|    explained_variance   | 0.996       |
|    learning_rate        | 0.0003      |
|    loss                 | -0.0209     |
|    n_updates            | 2490        |
|    policy_gradient_loss | -0.00308    |
|    std                  | 1.06        |
|    value_loss           | 0.00774     |
-----------------------------------------
-----------------------------------------
| time/                   |             |
|    fps                  | 2058        |
|    iterations           | 251         |
|    time_elapsed         | 624         |
|    total_timesteps      | 1285120     |
| train/                  |             |
|    approx_kl            | 0.004993042 |
|    clip_fraction        | 0.0186      |
|    clip_range           | 0.2         |
|    entropy_loss         | -4.43       |
|    explained_variance   | 0.997       |
|    learning_rate        | 0.0003      |
|    loss                 | -0.0184     |
|    n_updates            | 2500        |
|    policy_gradient_loss | -0.00168    |
|    std                  | 1.06        |
|    value_loss           | 0.00765     |
-----------------------------------------
------------------------------------------
| time/                   |              |
|    fps                  | 2057         |
|    iterations           | 252          |
|    time_elapsed         | 627          |
|    total_timesteps      | 1290240      |
| train/                  |              |
|    approx_kl            | 0.0020465064 |
|    clip_fraction        | 0.00272      |
|    clip_range           | 0.2          |
|    entropy_loss         | -4.44        |
|    explained_variance   | 0.906        |
|    learning_rate        | 0.0003       |
|    loss                 | 0.119        |
|    n_updates            | 2510         |
|    policy_gradient_loss | -0.001       |
|    std                  | 1.06         |
|    value_loss           | 0.256        |
------------------------------------------
------------------------------------------
| time/                   |              |
|    fps                  | 2056         |
|    iterations           | 253          |
|    time_elapsed         | 630          |
|    total_timesteps      | 1295360      |
| train/                  |              |
|    approx_kl            | 0.0034076993 |
|    clip_fraction        | 0.0147       |
|    clip_range           | 0.2          |
|    entropy_loss         | -4.44        |
|    explained_variance   | 0.899        |
|    learning_rate        | 0.0003       |
|    loss                 | 0.0993       |
|    n_updates            | 2520         |
|    policy_gradient_loss | -0.00106     |
|    std                  | 1.06         |
|    value_loss           | 0.256        |
------------------------------------------
------------------------------------------
| time/                   |              |
|    fps                  | 2055         |
|    iterations           | 254          |
|    time_elapsed         | 632          |
|    total_timesteps      | 1300480      |
| train/                  |              |
|    approx_kl            | 0.0033138792 |
|    clip_fraction        | 0.013        |
|    clip_range           | 0.2          |
|    entropy_loss         | -4.44        |
|    explained_variance   | 0.99         |
|    learning_rate        | 0.0003       |
|    loss                 | -0.0125      |
|    n_updates            | 2530         |
|    policy_gradient_loss | -0.0018      |
|    std                  | 1.07         |
|    value_loss           | 0.0239       |
------------------------------------------
------------------------------------------
| time/                   |              |
|    fps                  | 2054         |
|    iterations           | 255          |
|    time_elapsed         | 635          |
|    total_timesteps      | 1305600      |
| train/                  |              |
|    approx_kl            | 0.0044717104 |
|    clip_fraction        | 0.0541       |
|    clip_range           | 0.2          |
|    entropy_loss         | -4.45        |
|    explained_variance   | 0.99         |
|    learning_rate        | 0.0003       |
|    loss                 | -0.0131      |
|    n_updates            | 2540         |
|    policy_gradient_loss | -0.00319     |
|    std                  | 1.06         |
|    value_loss           | 0.0223       |
------------------------------------------
------------------------------------------
| time/                   |              |
|    fps                  | 2052         |
|    iterations           | 256          |
|    time_elapsed         | 638          |
|    total_timesteps      | 1310720      |
| train/                  |              |
|    approx_kl            | 0.0046523856 |
|    clip_fraction        | 0.0218       |
|    clip_range           | 0.2          |
|    entropy_loss         | -4.44        |
|    explained_variance   | 0.992        |
|    learning_rate        | 0.0003       |
|    loss                 | -0.0143      |
|    n_updates            | 2550         |
|    policy_gradient_loss | -0.00228     |
|    std                  | 1.06         |
|    value_loss           | 0.0175       |
------------------------------------------
-----------------------------------------
| time/                   |             |
|    fps                  | 2051        |
|    iterations           | 257         |
|    time_elapsed         | 641         |
|    total_timesteps      | 1315840     |
| train/                  |             |
|    approx_kl            | 0.004569207 |
|    clip_fraction        | 0.05        |
|    clip_range           | 0.2         |
|    entropy_loss         | -4.44       |
|    explained_variance   | 0.995       |
|    learning_rate        | 0.0003      |
|    loss                 | -0.0272     |
|    n_updates            | 2560        |
|    policy_gradient_loss | -0.00362    |
|    std                  | 1.06        |
|    value_loss           | 0.0104      |
-----------------------------------------
-----------------------------------------
| time/                   |             |
|    fps                  | 2050        |
|    iterations           | 258         |
|    time_elapsed         | 644         |
|    total_timesteps      | 1320960     |
| train/                  |             |
|    approx_kl            | 0.005518513 |
|    clip_fraction        | 0.0403      |
|    clip_range           | 0.2         |
|    entropy_loss         | -4.44       |
|    explained_variance   | 0.983       |
|    learning_rate        | 0.0003      |
|    loss                 | -0.00809    |
|    n_updates            | 2570        |
|    policy_gradient_loss | -0.00332    |
|    std                  | 1.06        |
|    value_loss           | 0.0372      |
-----------------------------------------
-----------------------------------------
| time/                   |             |
|    fps                  | 2049        |
|    iterations           | 259         |
|    time_elapsed         | 646         |
|    total_timesteps      | 1326080     |
| train/                  |             |
|    approx_kl            | 0.005546108 |
|    clip_fraction        | 0.0281      |
|    clip_range           | 0.2         |
|    entropy_loss         | -4.45       |
|    explained_variance   | 0.99        |
|    learning_rate        | 0.0003      |
|    loss                 | -0.0186     |
|    n_updates            | 2580        |
|    policy_gradient_loss | -0.00174    |
|    std                  | 1.07        |
|    value_loss           | 0.0201      |
-----------------------------------------
------------------------------------------
| time/                   |              |
|    fps                  | 2049         |
|    iterations           | 260          |
|    time_elapsed         | 649          |
|    total_timesteps      | 1331200      |
| train/                  |              |
|    approx_kl            | 0.0048290296 |
|    clip_fraction        | 0.0182       |
|    clip_range           | 0.2          |
|    entropy_loss         | -4.45        |
|    explained_variance   | 0.998        |
|    learning_rate        | 0.0003       |
|    loss                 | -0.0205      |
|    n_updates            | 2590         |
|    policy_gradient_loss | -0.00332     |
|    std                  | 1.07         |
|    value_loss           | 0.00525      |
------------------------------------------
-----------------------------------------
| time/                   |             |
|    fps                  | 2047        |
|    iterations           | 261         |
|    time_elapsed         | 652         |
|    total_timesteps      | 1336320     |
| train/                  |             |
|    approx_kl            | 0.004774326 |
|    clip_fraction        | 0.0382      |
|    clip_range           | 0.2         |
|    entropy_loss         | -4.45       |
|    explained_variance   | 0.997       |
|    learning_rate        | 0.0003      |
|    loss                 | -0.0114     |
|    n_updates            | 2600        |
|    policy_gradient_loss | -0.00192    |
|    std                  | 1.07        |
|    value_loss           | 0.0102      |
-----------------------------------------
------------------------------------------
| time/                   |              |
|    fps                  | 2047         |
|    iterations           | 262          |
|    time_elapsed         | 655          |
|    total_timesteps      | 1341440      |
| train/                  |              |
|    approx_kl            | 0.0029839324 |
|    clip_fraction        | 0.0135       |
|    clip_range           | 0.2          |
|    entropy_loss         | -4.46        |
|    explained_variance   | 0.995        |
|    learning_rate        | 0.0003       |
|    loss                 | -0.0128      |
|    n_updates            | 2610         |
|    policy_gradient_loss | -0.00165     |
|    std                  | 1.07         |
|    value_loss           | 0.0112       |
------------------------------------------
-----------------------------------------
| time/                   |             |
|    fps                  | 2046        |
|    iterations           | 263         |
|    time_elapsed         | 658         |
|    total_timesteps      | 1346560     |
| train/                  |             |
|    approx_kl            | 0.005710916 |
|    clip_fraction        | 0.06        |
|    clip_range           | 0.2         |
|    entropy_loss         | -4.45       |
|    explained_variance   | 0.999       |
|    learning_rate        | 0.0003      |
|    loss                 | -0.0195     |
|    n_updates            | 2620        |
|    policy_gradient_loss | -0.00386    |
|    std                  | 1.07        |
|    value_loss           | 0.00342     |
-----------------------------------------
------------------------------------------
| time/                   |              |
|    fps                  | 2045         |
|    iterations           | 264          |
|    time_elapsed         | 660          |
|    total_timesteps      | 1351680      |
| train/                  |              |
|    approx_kl            | 0.0034355847 |
|    clip_fraction        | 0.00911      |
|    clip_range           | 0.2          |
|    entropy_loss         | -4.44        |
|    explained_variance   | 0.994        |
|    learning_rate        | 0.0003       |
|    loss                 | -0.0163      |
|    n_updates            | 2630         |
|    policy_gradient_loss | -0.0021      |
|    std                  | 1.06         |
|    value_loss           | 0.0129       |
------------------------------------------
------------------------------------------
| time/                   |              |
|    fps                  | 2044         |
|    iterations           | 265          |
|    time_elapsed         | 663          |
|    total_timesteps      | 1356800      |
| train/                  |              |
|    approx_kl            | 0.0032104005 |
|    clip_fraction        | 0.0187       |
|    clip_range           | 0.2          |
|    entropy_loss         | -4.44        |
|    explained_variance   | 0.984        |
|    learning_rate        | 0.0003       |
|    loss                 | -0.00468     |
|    n_updates            | 2640         |
|    policy_gradient_loss | -0.00247     |
|    std                  | 1.06         |
|    value_loss           | 0.0374       |
------------------------------------------
------------------------------------------
| time/                   |              |
|    fps                  | 2043         |
|    iterations           | 266          |
|    time_elapsed         | 666          |
|    total_timesteps      | 1361920      |
| train/                  |              |
|    approx_kl            | 0.0060338913 |
|    clip_fraction        | 0.0215       |
|    clip_range           | 0.2          |
|    entropy_loss         | -4.44        |
|    explained_variance   | 0.994        |
|    learning_rate        | 0.0003       |
|    loss                 | -0.0098      |
|    n_updates            | 2650         |
|    policy_gradient_loss | -0.0023      |
|    std                  | 1.06         |
|    value_loss           | 0.0159       |
------------------------------------------
------------------------------------------
| time/                   |              |
|    fps                  | 2042         |
|    iterations           | 267          |
|    time_elapsed         | 669          |
|    total_timesteps      | 1367040      |
| train/                  |              |
|    approx_kl            | 0.0035374535 |
|    clip_fraction        | 0.0375       |
|    clip_range           | 0.2          |
|    entropy_loss         | -4.44        |
|    explained_variance   | 0.999        |
|    learning_rate        | 0.0003       |
|    loss                 | -0.0207      |
|    n_updates            | 2660         |
|    policy_gradient_loss | -0.00315     |
|    std                  | 1.06         |
|    value_loss           | 0.00347      |
------------------------------------------
------------------------------------------
| time/                   |              |
|    fps                  | 2041         |
|    iterations           | 268          |
|    time_elapsed         | 672          |
|    total_timesteps      | 1372160      |
| train/                  |              |
|    approx_kl            | 0.0026990667 |
|    clip_fraction        | 0.014        |
|    clip_range           | 0.2          |
|    entropy_loss         | -4.44        |
|    explained_variance   | 0.993        |
|    learning_rate        | 0.0003       |
|    loss                 | -0.0155      |
|    n_updates            | 2670         |
|    policy_gradient_loss | -0.00226     |
|    std                  | 1.06         |
|    value_loss           | 0.021        |
------------------------------------------
------------------------------------------
| time/                   |              |
|    fps                  | 2040         |
|    iterations           | 269          |
|    time_elapsed         | 674          |
|    total_timesteps      | 1377280      |
| train/                  |              |
|    approx_kl            | 0.0057437066 |
|    clip_fraction        | 0.035        |
|    clip_range           | 0.2          |
|    entropy_loss         | -4.44        |
|    explained_variance   | 0.998        |
|    learning_rate        | 0.0003       |
|    loss                 | -0.024       |
|    n_updates            | 2680         |
|    policy_gradient_loss | -0.00337     |
|    std                  | 1.06         |
|    value_loss           | 0.00511      |
------------------------------------------
------------------------------------------
| time/                   |              |
|    fps                  | 2039         |
|    iterations           | 270          |
|    time_elapsed         | 677          |
|    total_timesteps      | 1382400      |
| train/                  |              |
|    approx_kl            | 0.0037305828 |
|    clip_fraction        | 0.0427       |
|    clip_range           | 0.2          |
|    entropy_loss         | -4.44        |
|    explained_variance   | 0.999        |
|    learning_rate        | 0.0003       |
|    loss                 | -0.0189      |
|    n_updates            | 2690         |
|    policy_gradient_loss | -0.00256     |
|    std                  | 1.06         |
|    value_loss           | 0.00375      |
------------------------------------------
------------------------------------------
| time/                   |              |
|    fps                  | 2038         |
|    iterations           | 271          |
|    time_elapsed         | 680          |
|    total_timesteps      | 1387520      |
| train/                  |              |
|    approx_kl            | 0.0058280434 |
|    clip_fraction        | 0.0225       |
|    clip_range           | 0.2          |
|    entropy_loss         | -4.44        |
|    explained_variance   | 0.993        |
|    learning_rate        | 0.0003       |
|    loss                 | -0.0137      |
|    n_updates            | 2700         |
|    policy_gradient_loss | -0.00206     |
|    std                  | 1.06         |
|    value_loss           | 0.0222       |
------------------------------------------
-----------------------------------------
| time/                   |             |
|    fps                  | 2037        |
|    iterations           | 272         |
|    time_elapsed         | 683         |
|    total_timesteps      | 1392640     |
| train/                  |             |
|    approx_kl            | 0.005517675 |
|    clip_fraction        | 0.0287      |
|    clip_range           | 0.2         |
|    entropy_loss         | -4.43       |
|    explained_variance   | 0.995       |
|    learning_rate        | 0.0003      |
|    loss                 | -0.0114     |
|    n_updates            | 2710        |
|    policy_gradient_loss | -0.00184    |
|    std                  | 1.06        |
|    value_loss           | 0.0149      |
-----------------------------------------
------------------------------------------
| time/                   |              |
|    fps                  | 2036         |
|    iterations           | 273          |
|    time_elapsed         | 686          |
|    total_timesteps      | 1397760      |
| train/                  |              |
|    approx_kl            | 0.0053091063 |
|    clip_fraction        | 0.0255       |
|    clip_range           | 0.2          |
|    entropy_loss         | -4.43        |
|    explained_variance   | 0.997        |
|    learning_rate        | 0.0003       |
|    loss                 | -0.015       |
|    n_updates            | 2720         |
|    policy_gradient_loss | -0.0017      |
|    std                  | 1.06         |
|    value_loss           | 0.0102       |
------------------------------------------
-----------------------------------------
| time/                   |             |
|    fps                  | 2035        |
|    iterations           | 274         |
|    time_elapsed         | 689         |
|    total_timesteps      | 1402880     |
| train/                  |             |
|    approx_kl            | 0.005020918 |
|    clip_fraction        | 0.0291      |
|    clip_range           | 0.2         |
|    entropy_loss         | -4.43       |
|    explained_variance   | 0.996       |
|    learning_rate        | 0.0003      |
|    loss                 | -0.014      |
|    n_updates            | 2730        |
|    policy_gradient_loss | -0.00203    |
|    std                  | 1.06        |
|    value_loss           | 0.0117      |
-----------------------------------------
-----------------------------------------
| time/                   |             |
|    fps                  | 2034        |
|    iterations           | 275         |
|    time_elapsed         | 691         |
|    total_timesteps      | 1408000     |
| train/                  |             |
|    approx_kl            | 0.002295855 |
|    clip_fraction        | 0.00199     |
|    clip_range           | 0.2         |
|    entropy_loss         | -4.42       |
|    explained_variance   | 0.993       |
|    learning_rate        | 0.0003      |
|    loss                 | -0.0126     |
|    n_updates            | 2740        |
|    policy_gradient_loss | -0.00163    |
|    std                  | 1.06        |
|    value_loss           | 0.0148      |
-----------------------------------------
-----------------------------------------
| time/                   |             |
|    fps                  | 2033        |
|    iterations           | 276         |
|    time_elapsed         | 694         |
|    total_timesteps      | 1413120     |
| train/                  |             |
|    approx_kl            | 0.008441168 |
|    clip_fraction        | 0.0539      |
|    clip_range           | 0.2         |
|    entropy_loss         | -4.43       |
|    explained_variance   | 0.997       |
|    learning_rate        | 0.0003      |
|    loss                 | -0.0205     |
|    n_updates            | 2750        |
|    policy_gradient_loss | -0.00377    |
|    std                  | 1.06        |
|    value_loss           | 0.00894     |
-----------------------------------------
------------------------------------------
| time/                   |              |
|    fps                  | 2033         |
|    iterations           | 277          |
|    time_elapsed         | 697          |
|    total_timesteps      | 1418240      |
| train/                  |              |
|    approx_kl            | 0.0059939125 |
|    clip_fraction        | 0.0358       |
|    clip_range           | 0.2          |
|    entropy_loss         | -4.43        |
|    explained_variance   | 0.995        |
|    learning_rate        | 0.0003       |
|    loss                 | -0.0105      |
|    n_updates            | 2760         |
|    policy_gradient_loss | -0.00192     |
|    std                  | 1.06         |
|    value_loss           | 0.0117       |
------------------------------------------
------------------------------------------
| time/                   |              |
|    fps                  | 2032         |
|    iterations           | 278          |
|    time_elapsed         | 700          |
|    total_timesteps      | 1423360      |
| train/                  |              |
|    approx_kl            | 0.0039579347 |
|    clip_fraction        | 0.035        |
|    clip_range           | 0.2          |
|    entropy_loss         | -4.42        |
|    explained_variance   | 0.994        |
|    learning_rate        | 0.0003       |
|    loss                 | -0.0147      |
|    n_updates            | 2770         |
|    policy_gradient_loss | -0.00179     |
|    std                  | 1.05         |
|    value_loss           | 0.0163       |
------------------------------------------
------------------------------------------
| time/                   |              |
|    fps                  | 2031         |
|    iterations           | 279          |
|    time_elapsed         | 703          |
|    total_timesteps      | 1428480      |
| train/                  |              |
|    approx_kl            | 0.0032841219 |
|    clip_fraction        | 0.021        |
|    clip_range           | 0.2          |
|    entropy_loss         | -4.41        |
|    explained_variance   | 0.993        |
|    learning_rate        | 0.0003       |
|    loss                 | -0.00784     |
|    n_updates            | 2780         |
|    policy_gradient_loss | -0.00178     |
|    std                  | 1.05         |
|    value_loss           | 0.0179       |
------------------------------------------
-----------------------------------------
| time/                   |             |
|    fps                  | 2030        |
|    iterations           | 280         |
|    time_elapsed         | 706         |
|    total_timesteps      | 1433600     |
| train/                  |             |
|    approx_kl            | 0.004821743 |
|    clip_fraction        | 0.0308      |
|    clip_range           | 0.2         |
|    entropy_loss         | -4.41       |
|    explained_variance   | 0.994       |
|    learning_rate        | 0.0003      |
|    loss                 | -0.0209     |
|    n_updates            | 2790        |
|    policy_gradient_loss | -0.00424    |
|    std                  | 1.05        |
|    value_loss           | 0.0148      |
-----------------------------------------
------------------------------------------
| time/                   |              |
|    fps                  | 2029         |
|    iterations           | 281          |
|    time_elapsed         | 708          |
|    total_timesteps      | 1438720      |
| train/                  |              |
|    approx_kl            | 0.0058139465 |
|    clip_fraction        | 0.026        |
|    clip_range           | 0.2          |
|    entropy_loss         | -4.41        |
|    explained_variance   | 0.951        |
|    learning_rate        | 0.0003       |
|    loss                 | -0.00448     |
|    n_updates            | 2800         |
|    policy_gradient_loss | -0.00234     |
|    std                  | 1.05         |
|    value_loss           | 0.123        |
------------------------------------------
------------------------------------------
| time/                   |              |
|    fps                  | 2028         |
|    iterations           | 282          |
|    time_elapsed         | 711          |
|    total_timesteps      | 1443840      |
| train/                  |              |
|    approx_kl            | 0.0041901595 |
|    clip_fraction        | 0.0376       |
|    clip_range           | 0.2          |
|    entropy_loss         | -4.41        |
|    explained_variance   | 0.976        |
|    learning_rate        | 0.0003       |
|    loss                 | -0.0128      |
|    n_updates            | 2810         |
|    policy_gradient_loss | -0.00309     |
|    std                  | 1.05         |
|    value_loss           | 0.0905       |
------------------------------------------
-----------------------------------------
| time/                   |             |
|    fps                  | 2028        |
|    iterations           | 283         |
|    time_elapsed         | 714         |
|    total_timesteps      | 1448960     |
| train/                  |             |
|    approx_kl            | 0.002079521 |
|    clip_fraction        | 0.00649     |
|    clip_range           | 0.2         |
|    entropy_loss         | -4.41       |
|    explained_variance   | 0.966       |
|    learning_rate        | 0.0003      |
|    loss                 | 0.0626      |
|    n_updates            | 2820        |
|    policy_gradient_loss | -0.000977   |
|    std                  | 1.05        |
|    value_loss           | 0.118       |
-----------------------------------------
------------------------------------------
| time/                   |              |
|    fps                  | 2027         |
|    iterations           | 284          |
|    time_elapsed         | 717          |
|    total_timesteps      | 1454080      |
| train/                  |              |
|    approx_kl            | 0.0024389946 |
|    clip_fraction        | 0.015        |
|    clip_range           | 0.2          |
|    entropy_loss         | -4.4         |
|    explained_variance   | 0.94         |
|    learning_rate        | 0.0003       |
|    loss                 | 0.047        |
|    n_updates            | 2830         |
|    policy_gradient_loss | -0.00213     |
|    std                  | 1.05         |
|    value_loss           | 0.164        |
------------------------------------------
------------------------------------------
| time/                   |              |
|    fps                  | 2026         |
|    iterations           | 285          |
|    time_elapsed         | 720          |
|    total_timesteps      | 1459200      |
| train/                  |              |
|    approx_kl            | 0.0048047616 |
|    clip_fraction        | 0.093        |
|    clip_range           | 0.2          |
|    entropy_loss         | -4.39        |
|    explained_variance   | 0.994        |
|    learning_rate        | 0.0003       |
|    loss                 | -0.0208      |
|    n_updates            | 2840         |
|    policy_gradient_loss | -0.00546     |
|    std                  | 1.05         |
|    value_loss           | 0.0181       |
------------------------------------------
------------------------------------------
| time/                   |              |
|    fps                  | 2025         |
|    iterations           | 286          |
|    time_elapsed         | 723          |
|    total_timesteps      | 1464320      |
| train/                  |              |
|    approx_kl            | 0.0034237911 |
|    clip_fraction        | 0.0179       |
|    clip_range           | 0.2          |
|    entropy_loss         | -4.39        |
|    explained_variance   | 0.979        |
|    learning_rate        | 0.0003       |
|    loss                 | 0.00146      |
|    n_updates            | 2850         |
|    policy_gradient_loss | -0.00173     |
|    std                  | 1.04         |
|    value_loss           | 0.0578       |
------------------------------------------
------------------------------------------
| time/                   |              |
|    fps                  | 2024         |
|    iterations           | 287          |
|    time_elapsed         | 725          |
|    total_timesteps      | 1469440      |
| train/                  |              |
|    approx_kl            | 0.0047547403 |
|    clip_fraction        | 0.0396       |
|    clip_range           | 0.2          |
|    entropy_loss         | -4.38        |
|    explained_variance   | 0.992        |
|    learning_rate        | 0.0003       |
|    loss                 | -0.0209      |
|    n_updates            | 2860         |
|    policy_gradient_loss | -0.00526     |
|    std                  | 1.04         |
|    value_loss           | 0.0196       |
------------------------------------------
---------------------------------------
| time/                   |           |
|    fps                  | 2023      |
|    iterations           | 288       |
|    time_elapsed         | 728       |
|    total_timesteps      | 1474560   |
| train/                  |           |
|    approx_kl            | 0.0024658 |
|    clip_fraction        | 0.0251    |
|    clip_range           | 0.2       |
|    entropy_loss         | -4.39     |
|    explained_variance   | 0.992     |
|    learning_rate        | 0.0003    |
|    loss                 | -0.00831  |
|    n_updates            | 2870      |
|    policy_gradient_loss | -0.0027   |
|    std                  | 1.05      |
|    value_loss           | 0.0197    |
---------------------------------------
-----------------------------------------
| time/                   |             |
|    fps                  | 2022        |
|    iterations           | 289         |
|    time_elapsed         | 731         |
|    total_timesteps      | 1479680     |
| train/                  |             |
|    approx_kl            | 0.005742213 |
|    clip_fraction        | 0.0556      |
|    clip_range           | 0.2         |
|    entropy_loss         | -4.39       |
|    explained_variance   | 0.986       |
|    learning_rate        | 0.0003      |
|    loss                 | -0.0159     |
|    n_updates            | 2880        |
|    policy_gradient_loss | -0.00314    |
|    std                  | 1.05        |
|    value_loss           | 0.0261      |
-----------------------------------------
-----------------------------------------
| time/                   |             |
|    fps                  | 2022        |
|    iterations           | 290         |
|    time_elapsed         | 734         |
|    total_timesteps      | 1484800     |
| train/                  |             |
|    approx_kl            | 0.003039228 |
|    clip_fraction        | 0.00444     |
|    clip_range           | 0.2         |
|    entropy_loss         | -4.39       |
|    explained_variance   | 0.995       |
|    learning_rate        | 0.0003      |
|    loss                 | -0.0189     |
|    n_updates            | 2890        |
|    policy_gradient_loss | -0.00175    |
|    std                  | 1.05        |
|    value_loss           | 0.0121      |
-----------------------------------------
------------------------------------------
| time/                   |              |
|    fps                  | 2021         |
|    iterations           | 291          |
|    time_elapsed         | 737          |
|    total_timesteps      | 1489920      |
| train/                  |              |
|    approx_kl            | 0.0040558246 |
|    clip_fraction        | 0.015        |
|    clip_range           | 0.2          |
|    entropy_loss         | -4.4         |
|    explained_variance   | 0.993        |
|    learning_rate        | 0.0003       |
|    loss                 | -0.0131      |
|    n_updates            | 2900         |
|    policy_gradient_loss | -0.0019      |
|    std                  | 1.05         |
|    value_loss           | 0.0166       |
------------------------------------------
-----------------------------------------
| time/                   |             |
|    fps                  | 2020        |
|    iterations           | 292         |
|    time_elapsed         | 739         |
|    total_timesteps      | 1495040     |
| train/                  |             |
|    approx_kl            | 0.005076965 |
|    clip_fraction        | 0.0192      |
|    clip_range           | 0.2         |
|    entropy_loss         | -4.41       |
|    explained_variance   | 0.994       |
|    learning_rate        | 0.0003      |
|    loss                 | -0.0162     |
|    n_updates            | 2910        |
|    policy_gradient_loss | -0.00233    |
|    std                  | 1.05        |
|    value_loss           | 0.0156      |
-----------------------------------------
------------------------------------------
| time/                   |              |
|    fps                  | 2019         |
|    iterations           | 293          |
|    time_elapsed         | 742          |
|    total_timesteps      | 1500160      |
| train/                  |              |
|    approx_kl            | 0.0042197923 |
|    clip_fraction        | 0.0462       |
|    clip_range           | 0.2          |
|    entropy_loss         | -4.41        |
|    explained_variance   | 0.998        |
|    learning_rate        | 0.0003       |
|    loss                 | -0.0198      |
|    n_updates            | 2920         |
|    policy_gradient_loss | -0.00339     |
|    std                  | 1.06         |
|    value_loss           | 0.00465      |
------------------------------------------
