model,v,test,t,mu_deg,n
3DOF,180.0,bank60,0.05,8.571428571428571,1.0
3DOF,180.0,bank60,0.1,15.918367346938775,1.0
3DOF,180.0,bank60,0.15,22.215743440233236,1.0
3DOF,180.0,bank60,0.2,27.613494377342775,1.0
3DOF,180.0,bank60,0.25,32.24013803772238,1.0
3DOF,180.0,bank60,0.3,36.20583260376204,1.0
3DOF,180.0,bank60,0.35,39.604999374653175,1.0
3DOF,180.0,bank60,0.4,42.51857089255987,1.0
3DOF,180.0,bank60,0.45,45.01591790790846,1.0
3DOF,180.0,bank60,0.5,47.15650106392154,1.0
3DOF,180.0,bank60,0.55,48.99128662621847,1.0
3DOF,180.0,bank60,0.6,50.56395996533011,1.0
3DOF,180.0,bank60,0.65,51.91196568456866,1.0
3DOF,180.0,bank60,0.7,53.06739915820172,1.0
3DOF,180.0,bank60,0.75,54.057770707030045,1.0
3DOF,180.0,bank60,0.8,54.90666060602575,1.0
3DOF,180.0,bank60,0.85,55.63428051945064,1.0
3DOF,180.0,bank60,0.9,56.25795473095769,1.0
3DOF,180.0,bank60,0.95,56.79253262653516,1.0
3DOF,180.0,bank60,1.0,57.25074225131585,1.0
3DOF,180.0,bank60,1.05,57.64349335827073,1.0
3DOF,180.0,bank60,1.1,57.980137164232055,1.0
3DOF,180.0,bank60,1.15,58.26868899791318,1.0
3DOF,180.0,bank60,1.2,58.51601914106845,1.0
3DOF,180.0,bank60,1.25,58.728016406630104,1.0
3DOF,180.0,bank60,1.3,58.909728348540085,1.0
3DOF,180.0,bank60,1.35,59.06548144160579,1.0
3DOF,180.0,bank60,1.4,59.198984092804956,1.0
3DOF,180.0,bank60,1.45,59.31341493668996,1.0
3DOF,180.0,bank60,1.5,59.411498517162826,1.0
3DOF,180.0,bank60,1.55,59.49557015756813,1.0
3DOF,180.0,bank60,1.6,59.56763156362983,1.0
3DOF,180.0,bank60,1.65,59.62939848311129,1.0
3DOF,180.0,bank60,1.7,59.68234155695252,1.0
3DOF,180.0,bank60,1.75,59.727721334530735,1.0
3DOF,180.0,bank60,1.8,59.76661828674062,1.0
3DOF,180.0,bank60,1.85,59.79995853149197,1.0
3DOF,180.0,bank60,1.9,59.828535884135974,1.0
3DOF,180.0,bank60,1.95,59.85303075783083,1.0
3DOF,180.0,bank60,2.0,59.874026363854995,1.0
3DOF,180.0,bank60,2.05,59.892022597589985,1.0
3DOF,180.0,bank60,2.1,59.907447940791414,1.0
3DOF,180.0,bank60,2.15,59.9206696635355,1.0
3DOF,180.0,bank60,2.2,59.932002568744714,1.0
3DOF,180.0,bank60,2.25,59.941716487495476,1.0
3DOF,180.0,bank60,2.3,59.95004270356755,1.0
3DOF,180.0,bank60,2.35,59.957179460200756,1.0
3DOF,180.0,bank60,2.4,59.96329668017208,1.0
3DOF,180.0,bank60,2.45,59.96854001157606,1.0
3DOF,180.0,bank60,2.5,59.97303429563662,1.0
3DOF,180.0,bank60,2.55,59.97688653911711,1.0
3DOF,180.0,bank60,2.6,59.98018846210037,1.0
3DOF,180.0,bank60,2.65,59.983018681800324,1.0
3DOF,180.0,bank60,2.7,59.98544458440028,1.0
3DOF,180.0,bank60,2.75,59.987523929485945,1.0
3DOF,180.0,bank60,2.8,59.989306225273666,1.0
3DOF,180.0,bank60,2.85,59.99083390737742,1.0
3DOF,180.0,bank60,2.9,59.99214334918065,1.0
3DOF,180.0,bank60,2.95,59.99326572786913,1.0
3DOF,180.0,bank60,3.0,59.99422776674497,1.0
3DOF,180.0,bank60,3.05,59.995052371495696,1.0
3DOF,180.0,bank60,3.1,59.995759175567734,1.0
3DOF,180.0,bank60,3.15,59.996365007629485,1.0
3DOF,180.0,bank60,3.2,59.996884292253846,1.0
3DOF,180.0,bank60,3.25,59.99732939336044,1.0
3DOF,180.0,bank60,3.3,59.99771090859466,1.0
3DOF,180.0,bank60,3.35,59.99803792165257,1.0
3DOF,180.0,bank60,3.4,59.99831821855935,1.0
3DOF,180.0,bank60,3.45,59.99855847305086,1.0
3DOF,180.0,bank60,3.5,59.998764405472166,1.0
3DOF,180.0,bank60,3.55,59.99894091897614,1.0
3DOF,180.0,bank60,3.6,59.999092216265254,1.0
3DOF,180.0,bank60,3.65,59.99922189965593,1.0
3DOF,180.0,bank60,3.7,59.99933305684794,1.0
3DOF,180.0,bank60,3.75,59.999428334441085,1.0
3DOF,180.0,bank60,3.8,59.9995100009495,1.0
3DOF,180.0,bank60,3.85,59.99958000081386,1.0
3DOF,180.0,bank60,3.9,59.999640000697596,1.0
3DOF,180.0,bank60,3.95,59.99969142916936,1.0
3DOF,180.0,bank60,4.0,59.99973551071659,1.0
6DOF,180.0,bank60,0.05,0.15312041692410255,0.4247625643995958
6DOF,180.0,bank60,0.1,0.8250599768322349,-0.21366601372377897
6DOF,180.0,bank60,0.15,1.9927821152050016,-0.8123261064736981
6DOF,180.0,bank60,0.2,3.6143037855842772,-0.7902124242745013
6DOF,180.0,bank60,0.25,5.646498089713565,-0.6556630304825212
6DOF,180.0,bank60,0.3,8.045842645030664,-0.5203509953357234
6DOF,180.0,bank60,0.35,10.76931058258032,-0.38965161270300874
6DOF,180.0,bank60,0.4,13.774907639694428,-0.2601000567376281
6DOF,180.0,bank60,0.45,17.020381648281628,-0.15123641019106027
6DOF,180.0,bank60,0.5,20.462419275707628,-0.05437139243957466
6DOF,180.0,bank60,0.55,24.059427686705135,0.029310503394252126
6DOF,180.0,bank60,0.6,27.772279335975867,0.0996918884652552
6DOF,180.0,bank60,0.65,31.56478835088358,0.15721746653838875
6DOF,180.0,bank60,0.7,35.40414112969233,0.20277559764526187
6DOF,180.0,bank60,0.75,39.26124654849069,0.23758102172359427
6DOF,180.0,bank60,0.8,43.110970796064095,0.2630616035172395
6DOF,180.0,bank60,0.85,46.897422926518814,0.7774120290990392
6DOF,180.0,bank60,0.9,50.23204624382032,1.4433067357604445
6DOF,180.0,bank60,0.95,52.82605660696983,1.9289344497036545
6DOF,180.0,bank60,1.0,54.687533033602755,2.283798593387216
6DOF,180.0,bank60,1.05,55.97442550085711,1.7171408361061302
6DOF,180.0,bank60,1.1,56.864818691359176,1.3822387255987123
6DOF,180.0,bank60,1.15,57.50326784137657,1.1937379886396933
6DOF,180.0,bank60,1.2,57.9809347654152,1.0909113342537522
6DOF,180.0,bank60,1.25,58.34764374695594,1.042796540070342
6DOF,180.0,bank60,1.3,58.6311624668683,1.0244752926682652
6DOF,180.0,bank60,1.35,58.84933441400044,1.0240363621091075
6DOF,180.0,bank60,1.4,59.01676037956393,1.0364302270780164
6DOF,180.0,bank60,1.45,59.14449851080913,1.053885473865418
6DOF,180.0,bank60,1.5,59.24122319467743,1.0724037329877831
6DOF,180.0,bank60,1.55,59.31418859359059,1.0900951805756205
6DOF,180.0,bank60,1.6,59.369463200130475,1.1060363679497787
6DOF,180.0,bank60,1.65,59.411974258133014,1.1197578679618005
6DOF,180.0,bank60,1.7,59.44557023117453,1.1310509741695753
6DOF,180.0,bank60,1.75,59.473140718941615,1.1398975694851694
6DOF,180.0,bank60,1.8,59.49677292104645,1.1464296268941934
6DOF,180.0,bank60,1.85,59.517915458434196,1.1508882395451243
6DOF,180.0,bank60,1.9,59.53752944435565,1.1535802761485079
6DOF,180.0,bank60,1.95,59.556217309319834,1.154838359191822
6DOF,180.0,bank60,2.0,59.5743271528653,1.1549888710564784
6DOF,180.0,bank60,2.05,59.592034191825014,1.1543297477851473
6DOF,180.0,bank60,2.1,59.60940238382441,1.1531175204974706
6DOF,180.0,bank60,2.15,59.62642962470859,1.1515618970017254
6DOF,180.0,bank60,2.2,59.64307973086337,1.149825859513659
6DOF,180.0,bank60,2.25,59.65930405662941,1.1480293993758217
6DOF,180.0,bank60,2.3,59.675055198158965,1.1462553388753174
6DOF,180.0,bank60,2.35,59.69029484358756,1.1445560548612947
6DOF,180.0,bank60,2.4,59.70499745994741,1.1429602550628988
6DOF,180.0,bank60,2.45,59.71915116711538,1.1414792446010127
6DOF,180.0,bank60,2.5,59.732756844220205,1.1401123531330875
6DOF,180.0,bank60,2.55,59.74582624894144,1.138851374005396
6DOF,180.0,bank60,2.6,59.75837970732658,1.137683999467287
6DOF,180.0,bank60,2.65,59.770443750829735,1.1365963256318434
6DOF,180.0,bank60,2.7,59.78204893566652,1.1355745539489317
6DOF,180.0,bank60,2.75,59.79322797313519,1.134606039874827
6DOF,180.0,bank60,2.8,59.8040142232284,1.1336798417733096
6DOF,180.0,bank60,2.85,59.814440552319496,1.1327869109975652
6DOF,180.0,bank60,2.9,59.82453852375695,1.1319200436829762
6DOF,180.0,bank60,2.95,59.83433787306677,1.1310736908806769
6DOF,180.0,bank60,3.0,59.84386621298849,1.1302436997307577
6DOF,180.0,bank60,3.05,59.85314891427587,1.1294270367212313
6DOF,180.0,bank60,3.1,59.862209113307806,1.1286215258242753
6DOF,180.0,bank60,3.15,59.87106780496816,1.1278256200033658
6DOF,180.0,bank60,3.2,59.87974398744976,1.1270382140346968
6DOF,180.0,bank60,3.25,59.88825483360396,1.1262584994232878
6DOF,180.0,bank60,3.3,59.89661587058061,1.1254858577693756
6DOF,180.0,bank60,3.35,59.90484115548075,1.1247197866520677
6DOF,180.0,bank60,3.4,59.912943439486945,1.1239598513148172
6DOF,180.0,bank60,3.45,59.9209343165001,1.123205655634138
6DOF,180.0,bank60,3.5,59.928824354842,1.1224568266530401
6DOF,180.0,bank60,3.55,59.93662321225217,1.1217130079895112
6DOF,180.0,bank60,3.6,59.94433973541386,1.120973858537757
6DOF,180.0,bank60,3.65,59.95198204575088,1.1202390538876414
6DOF,180.0,bank60,3.7,59.959557613406126,1.1195082887353496
6DOF,180.0,bank60,3.75,59.96707332126077,1.1187812792472414
6DOF,180.0,bank60,3.8,59.97453552067403,1.118057764815064
6DOF,180.0,bank60,3.85,59.98195008038891,1.117337508999518
6DOF,180.0,bank60,3.9,59.9893224297997,1.116620299660889
6DOF,180.0,bank60,3.95,59.996657597543326,1.1159059483928218
6DOF,180.0,bank60,4.0,60.00396024617374,1.1151942894322024
3DOF,180.0,bank135,0.05,19.28571428571429,1.0
3DOF,180.0,bank135,0.1,35.81632653061225,1.0
3DOF,180.0,bank135,0.15,49.98542274052478,1.0
3DOF,180.0,bank135,0.2,62.13036234902124,1.0
3DOF,180.0,bank135,0.25,72.54031058487536,1.0
3DOF,180.0,bank135,0.3,81.46312335846459,1.0
3DOF,180.0,bank135,0.35,89.11124859296964,1.0
3DOF,180.0,bank135,0.4,95.6667845082597,1.0
3DOF,180.0,bank135,0.45,101.28581529279403,1.0
3DOF,180.0,bank135,0.5,106.10212739382347,1.0
3DOF,180.0,bank135,0.55,110.23039490899154,1.0
3DOF,180.0,bank135,0.6,113.76890992199274,1.0
3DOF,180.0,bank135,0.65,116.8019227902795,1.0
3DOF,180.0,bank135,0.7,119.40164810595385,1.0
3DOF,180.0,bank135,0.75,121.62998409081759,1.0
3DOF,180.0,bank135,0.8,123.53998636355793,1.0
3DOF,180.0,bank135,0.85,125.17713116876395,1.0
3DOF,180.0,bank135,0.9,126.58039814465482,1.0
3DOF,180.0,bank135,0.95,127.78319840970413,1.0
3DOF,180.0,bank135,1.0,128.81417006546067,1.0
3DOF,180.0,bank135,1.05,129.69786005610914,1.0
3DOF,180.0,bank135,1.1,130.45530861952213,1.0
3DOF,180.0,bank135,1.15,131.10455024530467,1.0
3DOF,180.0,bank135,1.2,131.661043067404,1.0
3DOF,180.0,bank135,1.25,132.1380369149177,1.0
3DOF,180.0,bank135,1.3,132.54688878421518,1.0
3DOF,180.0,bank135,1.35,132.897333243613,1.0
3DOF,180.0,bank135,1.4,133.19771420881116,1.0
3DOF,180.0,bank135,1.45,133.4551836075524,1.0
3DOF,180.0,bank135,1.5,133.67587166361636,1.0
3DOF,180.0,bank135,1.55,133.86503285452832,1.0
3DOF,180.0,bank135,1.6,134.02717101816714,1.0
3DOF,180.0,bank135,1.65,134.1661465870004,1.0
3DOF,180.0,bank135,1.7,134.28526850314321,1.0
3DOF,180.0,bank135,1.75,134.38737300269418,1.0
3DOF,180.0,bank135,1.8,134.47489114516642,1.0
3DOF,180.0,bank135,1.85,134.54990669585692,1.0
3DOF,180.0,bank135,1.9,134.61420573930596,1.0
3DOF,180.0,bank135,1.95,134.6693192051194,1.0
3DOF,180.0,bank135,2.0,134.71655931867377,1.0
3DOF,180.0,bank135,2.05,134.75705084457752,1.0
3DOF,180.0,bank135,2.1,134.79175786678073,1.0
3DOF,180.0,bank135,2.15,134.8215067429549,1.0
3DOF,180.0,bank135,2.2,134.84700577967564,1.0
3DOF,180.0,bank135,2.25,134.86886209686486,1.0
3DOF,180.0,bank135,2.3,134.88759608302703,1.0
3DOF,180.0,bank135,2.35,134.90365378545175,1.0
3DOF,180.0,bank135,2.4,134.9174175303872,1.0
3DOF,180.0,bank135,2.45,134.92921502604617,1.0
3DOF,180.0,bank135,2.5,134.93932716518242,1.0
3DOF,180.0,bank135,2.55,134.94799471301351,1.0
3DOF,180.0,bank135,2.6,134.95542403972587,1.0
3DOF,180.0,bank135,2.65,134.96179203405075,1.0
3DOF,180.0,bank135,2.7,134.96725031490067,1.0
3DOF,180.0,bank135,2.75,134.9719288413434,1.0
3DOF,180.0,bank135,2.8,134.9759390068658,1.0
3DOF,180.0,bank135,2.85,134.97937629159927,1.0
3DOF,180.0,bank135,2.9,134.9823225356565,1.0
3DOF,180.0,bank135,2.95,134.98484788770557,1.0
3DOF,180.0,bank135,3.0,134.98701247517621,1.0
3DOF,180.0,bank135,3.05,134.9888678358653,1.0
3DOF,180.0,bank135,3.1,134.99045814502742,1.0
3DOF,180.0,bank135,3.15,134.99182126716636,1.0
3DOF,180.0,bank135,3.2,134.99298965757117,1.0
3DOF,180.0,bank135,3.25,134.993991135061,1.0
3DOF,180.0,bank135,3.3,134.994849544338,1.0
3DOF,180.0,bank135,3.35,134.99558532371827,1.0
3DOF,180.0,bank135,3.4,134.99621599175853,1.0
3DOF,180.0,bank135,3.45,134.99675656436443,1.0
3DOF,180.0,bank135,3.5,134.99721991231237,1.0
3DOF,180.0,bank135,3.55,134.99761706769635,1.0
3DOF,180.0,bank135,3.6,134.99795748659687,1.0
3DOF,180.0,bank135,3.65,134.99824927422588,1.0
3DOF,180.0,bank135,3.7,134.9984993779079,1.0
3DOF,180.0,bank135,3.75,134.9987137524925,1.0
3DOF,180.0,bank135,3.8,134.99889750213643,1.0
3DOF,180.0,bank135,3.85,134.9990550018312,1.0
3DOF,180.0,bank135,3.9,134.99919000156962,1.0
3DOF,180.0,bank135,3.95,134.99930571563112,1.0
3DOF,180.0,bank135,4.0,134.9994048991124,1.0
6DOF,180.0,bank135,0.05,0.15312041692410255,0.4247625643995958
6DOF,180.0,bank135,0.1,0.8250599768322349,-0.21366601372377897
6DOF,180.0,bank135,0.15,1.9927821152050016,-0.8123261064736981
6DOF,180.0,bank135,0.2,3.6143037855842772,-0.7902124242745013
6DOF,180.0,bank135,0.25,5.646498089713565,-0.6556630304825212
6DOF,180.0,bank135,0.3,8.045842645030664,-0.5203509953357234
6DOF,180.0,bank135,0.35,10.76931058258032,-0.38965161270300874
6DOF,180.0,bank135,0.4,13.774907639694428,-0.2601000567376281
6DOF,180.0,bank135,0.45,17.020381648281628,-0.15123641019106027
6DOF,180.0,bank135,0.5,20.462419275707628,-0.05437139243957466
6DOF,180.0,bank135,0.55,24.059427686705135,0.029310503394252126
6DOF,180.0,bank135,0.6,27.772279335975867,0.0996918884652552
6DOF,180.0,bank135,0.65,31.56478835088358,0.15721746653838875
6DOF,180.0,bank135,0.7,35.40414112969233,0.20277559764526187
6DOF,180.0,bank135,0.75,39.26124654849069,0.23758102172359427
6DOF,180.0,bank135,0.8,43.110970796064095,0.2630616035172395
6DOF,180.0,bank135,0.85,46.93223327712406,0.2807533729452471
6DOF,180.0,bank135,0.9,50.707956881593965,0.2922082177770101
6DOF,180.0,bank135,0.95,54.42488282227448,0.29891771927286953
6DOF,180.0,bank135,1.0,58.07327352439426,0.30225514812357435
6DOF,180.0,bank135,1.05,61.64657191786288,0.30343643758655714
6DOF,180.0,bank135,1.1,65.14189485645757,0.30349715274416267
6DOF,180.0,bank135,1.15,68.55990970952747,0.303254317727095
6DOF,180.0,bank135,1.2,71.90356056100993,0.30330975393850895
6DOF,180.0,bank135,1.25,75.17652183979631,0.30414640059077674
6DOF,180.0,bank135,1.3,78.37981027056948,0.3064172205242985
6DOF,180.0,bank135,1.35,81.51679318683763,0.3105872966231246
6DOF,180.0,bank135,1.4,84.59374813684386,0.31695799306666445
6DOF,180.0,bank135,1.45,87.61949592074501,0.3256576815989181
6DOF,180.0,bank135,1.5,90.60496756335235,0.3366510971300765
6DOF,180.0,bank135,1.55,93.56273026492089,0.3497613942208531
6DOF,180.0,bank135,1.6,96.50649225157686,0.3646995170561552
6DOF,180.0,bank135,1.65,99.45060269744947,0.38109606593305045
6DOF,180.0,bank135,1.7,102.40956077737387,0.3985318162599074
6DOF,180.0,bank135,1.75,105.3975471534499,0.4165642457839902
6DOF,180.0,bank135,1.8,108.42799119880677,0.43474868385710724
6DOF,180.0,bank135,1.85,111.51318732059188,0.45265386094319526
6DOF,180.0,bank135,1.9,114.66397325554091,0.4698725788514267
6DOF,180.0,bank135,1.95,117.88948177760861,0.4860288472230047
6DOF,180.0,bank135,2.0,121.19682938538422,0.568341028519221
6DOF,180.0,bank135,2.05,124.450925340307,1.3352172540686973
6DOF,180.0,bank135,2.1,127.19062557736235,1.8805082048898727
6DOF,180.0,bank135,2.15,129.26182955113367,2.3395259064172595
6DOF,180.0,bank135,2.2,130.74646032736203,2.3537084634149785
6DOF,180.0,bank135,2.25,131.80990580733254,1.8767978363398146
6DOF,180.0,bank135,2.3,132.58732539558056,1.6016172347212387
6DOF,180.0,bank135,2.35,133.1596336993855,1.3665459176647732
6DOF,180.0,bank135,2.4,133.58965516213064,1.2205686863425835
6DOF,180.0,bank135,2.45,133.9211349065594,1.1488423513545922
6DOF,180.0,bank135,2.5,134.1788443080207,1.1236879837248896
6DOF,180.0,bank135,2.55,134.37726270117207,1.1240025449452051
6DOF,180.0,bank135,2.6,134.52689871652694,1.1368454105503016
6DOF,180.0,bank135,2.65,134.63698787956193,1.1548761066319222
6DOF,180.0,bank135,2.7,134.71604825155384,1.1739517793417262
6DOF,180.0,bank135,2.75,134.77167784510712,1.1917154399963714
6DOF,180.0,bank135,2.8,134.810299222648,1.2068978088030962
6DOF,180.0,bank135,2.85,134.837065305668,1.218957489027476
6DOF,180.0,bank135,2.9,134.85592034710425,1.2278478829674786
6DOF,180.0,bank135,2.95,134.86975319693758,1.2338356113403233
6DOF,180.0,bank135,3.0,134.8805869996813,1.237356173838791
6DOF,180.0,bank135,3.05,134.88976964430154,1.2389068601489657
6DOF,180.0,bank135,3.1,134.89814582673012,1.2389747777777977
6DOF,180.0,bank135,3.15,134.9062022262839,1.2379941573818292
6DOF,180.0,bank135,3.2,134.91418362468175,1.2363256971729126
6DOF,180.0,bank135,3.25,134.92218143279547,1.2342511775051181
6DOF,180.0,bank135,3.3,134.9301980354071,1.2319778062023252
6DOF,180.0,bank135,3.35,134.93819119566612,1.2296480667760783
6DOF,180.0,bank135,3.4,134.94610285902888,1.227351991266351
6DOF,180.0,bank135,3.45,134.9538763456823,1.2251397310945915
6DOF,180.0,bank135,3.5,134.96146533631463,1.2230330721946459
6DOF,180.0,bank135,3.55,134.96883739141123,1.2210351523490461
6DOF,180.0,bank135,3.6,134.975974096968,1.2191380995493903
6DOF,180.0,bank135,3.65,134.9828693545844,1.217328631271538
6DOF,180.0,bank135,3.7,134.98952685593886,1.2155918527185934
6DOF,180.0,bank135,3.75,134.99595740567074,1.2139135902023
6DOF,180.0,bank135,3.8,135.00217647606897,1.2122816196890631
6DOF,180.0,bank135,3.85,135.00820217892505,1.210686125258419
6DOF,180.0,bank135,3.9,135.01405370917595,1.2091196694833477
6DOF,180.0,bank135,3.95,135.01975023612633,1.2075768943546727
6DOF,180.0,bank135,4.0,135.02531017698226,1.206054108911211
3DOF,180.0,load5,0.05,0.0,1.6666666666666667
3DOF,180.0,load5,0.1,0.0,2.2222222222222223
3DOF,180.0,load5,0.15,0.0,2.685185185185185
3DOF,180.0,load5,0.2,0.0,3.0709876543209877
3DOF,180.0,load5,0.25,0.0,3.3924897119341564
3DOF,180.0,load5,0.3,0.0,3.6604080932784635
3DOF,180.0,load5,0.35,0.0,3.883673411065386
3DOF,180.0,load5,0.4,0.0,4.069727842554489
3DOF,180.0,load5,0.45,0.0,4.22477320212874
3DOF,180.0,load5,0.5,0.0,4.353977668440617
3DOF,180.0,load5,0.55,0.0,4.461648057033847
3DOF,180.0,load5,0.6,0.0,4.5513733808615395
3DOF,180.0,load5,0.65,0.0,4.626144484051283
3DOF,180.0,load5,0.7,0.0,4.688453736709402
3DOF,180.0,load5,0.75,0.0,4.740378113924502
3DOF,180.0,load5,0.8,0.0,4.783648428270418
3DOF,180.0,load5,0.85,0.0,4.819707023558681
3DOF,180.0,load5,0.9,0.0,4.8497558529655675
3DOF,180.0,load5,0.95,0.0,4.874796544137973
3DOF,180.0,load5,1.0,0.0,4.895663786781644
3DOF,180.0,load5,1.05,0.0,4.913053155651371
3DOF,180.0,load5,1.1,0.0,4.927544296376142
3DOF,180.0,load5,1.15,0.0,4.939620246980119
3DOF,180.0,load5,1.2,0.0,4.949683539150099
3DOF,180.0,load5,1.25,0.0,4.958069615958416
3DOF,180.0,load5,1.3,0.0,4.96505801329868
3DOF,180.0,load5,1.35,0.0,4.9708816777489
3DOF,180.0,load5,1.4,0.0,4.9757347314574165
3DOF,180.0,load5,1.45,0.0,4.979778942881181
3DOF,180.0,load5,1.5,0.0,4.983149119067651
3DOF,180.0,load5,1.55,0.0,4.985957599223043
3DOF,180.0,load5,1.6,0.0,4.988297999352536
3DOF,180.0,load5,1.65,0.0,4.99024833279378
3DOF,180.0,load5,1.7,0.0,4.991873610661484
3DOF,180.0,load5,1.75,0.0,4.99322800888457
3DOF,180.0,load5,1.8,0.0,4.994356674070475
3DOF,180.0,load5,1.85,0.0,4.9952972283920625
3DOF,180.0,load5,1.9,0.0,4.996081023660052
3DOF,180.0,load5,1.95,0.0,4.996734186383376
3DOF,180.0,load5,2.0,0.0,4.997278488652814
3DOF,180.0,load5,2.05,0.0,4.997732073877345
3DOF,180.0,load5,2.1,0.0,4.9981100615644545
3DOF,180.0,load5,2.15,0.0,4.9984250513037125
3DOF,180.0,load5,2.2,0.0,4.9986875427530935
3DOF,180.0,load5,2.25,0.0,4.998906285627578
3DOF,180.0,load5,2.3,0.0,4.999088571356316
3DOF,180.0,load5,2.35,0.0,4.999240476130263
3DOF,180.0,load5,2.4,0.0,4.999367063441886
3DOF,180.0,load5,2.45,0.0,4.999472552868238
3DOF,180.0,load5,2.5,0.0,4.999560460723532
3DOF,180.0,load5,2.55,0.0,4.99963371726961
3DOF,180.0,load5,2.6,0.0,4.999694764391342
3DOF,180.0,load5,2.65,0.0,4.9997456369927855
3DOF,180.0,load5,2.7,0.0,4.999788030827322
3DOF,180.0,load5,2.75,0.0,4.999823359022768
3DOF,180.0,load5,2.8,0.0,4.99985279918564
3DOF,180.0,load5,2.85,0.0,4.9998773326547
3DOF,180.0,load5,2.9,0.0,4.99989777721225
3DOF,180.0,load5,2.95,0.0,4.9999148143435415
3DOF,180.0,load5,3.0,0.0,4.999929011952951
3DOF,180.0,load5,3.05,0.0,4.999940843294127
3DOF,180.0,load5,3.1,0.0,4.999950702745106
3DOF,180.0,load5,3.15,0.0,4.999958918954255
3DOF,180.0,load5,3.2,0.0,4.999965765795213
3DOF,180.0,load5,3.25,0.0,4.999971471496011
3DOF,180.0,load5,3.3,0.0,4.999976226246676
3DOF,180.0,load5,3.35,0.0,4.999980188538896
3DOF,180.0,load5,3.4,0.0,4.999983490449081
3DOF,180.0,load5,3.45,0.0,4.999986242040901
3DOF,180.0,load5,3.5,0.0,4.999988535034084
3DOF,180.0,load5,3.55,0.0,4.999990445861736
3DOF,180.0,load5,3.6,0.0,4.999992038218114
3DOF,180.0,load5,3.65,0.0,4.999993365181761
3DOF,180.0,load5,3.7,0.0,4.999994470984801
3DOF,180.0,load5,3.75,0.0,4.999995392487334
3DOF,180.0,load5,3.8,0.0,4.999996160406112
3DOF,180.0,load5,3.85,0.0,4.999996800338427
3DOF,180.0,load5,3.9,0.0,4.999997333615356
3DOF,180.0,load5,3.95,0.0,4.999997778012797
3DOF,180.0,load5,4.0,0.0,4.999998148343997
6DOF,180.0,load5,0.05,-2.4218563939327558e-09,1.1072659373214586
6DOF,180.0,load5,0.1,-4.70120396597917e-08,1.3277675549737578
6DOF,180.0,load5,0.15,-5.210692515239439e-07,1.5574248484858058
6DOF,180.0,load5,0.2,-2.3019389890866708e-06,1.755515997204321
6DOF,180.0,load5,0.25,-6.2022531354365775e-06,1.9815071154092585
6DOF,180.0,load5,0.3,-1.234464442460442e-05,2.215653487463336
6DOF,180.0,load5,0.35,-2.0186429839038562e-05,2.445588567344449
6DOF,180.0,load5,0.4,-2.8980229817124017e-05,2.6540962455602597
6DOF,180.0,load5,0.45,-3.7956030980260085e-05,2.8460297173893854
6DOF,180.0,load5,0.5,-4.641622151664373e-05,3.0193412007659615
6DOF,180.0,load5,0.55,-5.382851222599103e-05,3.1735824766091016
6DOF,180.0,load5,0.6,-5.984912581728058e-05,3.309392120839415
6DOF,180.0,load5,0.65,-6.430611802413886e-05,3.4280782525995344
6DOF,180.0,load5,0.7,-6.716456900527559e-05,3.532562880412833
6DOF,180.0,load5,0.75,-6.845851682680252e-05,3.626848228155745
6DOF,180.0,load5,0.8,-6.826113385756845e-05,3.709745628317318
6DOF,180.0,load5,0.85,-6.672887927150172e-05,3.783070512106439
6DOF,180.0,load5,0.9,-6.405678579553935e-05,3.848302843543445
6DOF,180.0,load5,0.95,-6.043483481803238e-05,3.9066581148518336
6DOF,180.0,load5,1.0,-5.6023693020904114e-05,3.95913660341963
6DOF,180.0,load5,1.05,-5.094698164555552e-05,4.006564101072867
6DOF,180.0,load5,1.1,-4.529390252350195e-05,4.049625072260921
6DOF,180.0,load5,1.15,-3.9126594267960454e-05,4.088889385979101
6DOF,180.0,load5,1.2,-3.2488405966707596e-05,4.124833747372561
6DOF,180.0,load5,1.25,-2.5411061109080074e-05,4.15785883945743
6DOF,180.0,load5,1.3,-1.7919977854663208e-05,4.188214192315739
6DOF,180.0,load5,1.35,-1.0034892300840337e-05,4.214737289836402
6DOF,180.0,load5,1.4,-1.7647897968619099e-06,4.238573586219223
6DOF,180.0,load5,1.45,6.8834438246025375e-06,4.2597805448746255
6DOF,180.0,load5,1.5,1.5899058280693556e-05,4.278491610320984
6DOF,180.0,load5,1.55,2.5263183057178694e-05,4.294882348926146
6DOF,180.0,load5,1.6,3.4947592025931984e-05,4.309145577477207
6DOF,180.0,load5,1.65,4.4916210955213145e-05,4.321476000899325
6DOF,180.0,load5,1.7,5.512796399666644e-05,4.33206111793741
6DOF,180.0,load5,1.75,6.553974041602761e-05,4.341076206152416
6DOF,180.0,load5,1.8,7.610879075995103e-05,4.348681917891811
6DOF,180.0,load5,1.85,8.679432247849929e-05,4.355023509601897
6DOF,180.0,load5,1.9,9.755835131512242e-05,4.360231059428507
6DOF,180.0,load5,1.95,0.00010836598875255747,4.364420252203575
6DOF,180.0,load5,2.0,0.00011918536553336958,4.367693460983707
6DOF,180.0,load5,2.05,0.0001299873588830574,4.370140954189767
6DOF,180.0,load5,2.1,0.00014074524244716527,4.371842123253408
6DOF,180.0,load5,2.15,0.00015143433009609294,4.372866668744233
6DOF,180.0,load5,2.2,0.0001620316519142582,4.373275710744523
6DOF,180.0,load5,2.25,0.0001725156763692182,4.373122806931189
6DOF,180.0,load5,2.3,0.00018286607959175252,4.372454872799469
6DOF,180.0,load5,2.35,0.00019306355724231164,4.3713130050749305
6DOF,180.0,load5,2.4,0.00020308967069232142,4.369733213159744
6DOF,180.0,load5,2.45,0.00021292672160432458,4.367747065445241
6DOF,180.0,load5,2.5,0.00022255764717883772,4.3653822581266635
6DOF,180.0,load5,2.55,0.00023196593277329937,4.362663114383237
6DOF,180.0,load5,2.6,0.00024113553682918884,4.359611021443591
6DOF,180.0,load5,2.65,0.0002500508259378897,4.356244812647988
6DOF,180.0,load5,2.7,0.00025869651793288743,4.35258110099487
6DOF,180.0,load5,2.75,0.0002670576309564845,4.348634570049002
6DOF,180.0,load5,2.8,0.000275119437933143,4.344418227466532
6DOF,180.0,load5,2.85,0.00028286742506932985,4.33994362581108
6DOF,180.0,load5,2.9,0.000290287253275946,4.3352210547821155
6DOF,180.0,load5,2.95,0.0002973647230435941,4.330259708500274
6DOF,180.0,load5,3.0,0.0003040857408391964,4.325067831026142
6DOF,180.0,load5,3.05,0.00031043628742094694,4.319652842918351
6DOF,180.0,load5,3.1,0.0003164023879326293,4.314021451272315
6DOF,180.0,load5,3.15,0.0003219700825862394,4.308179745358052
6DOF,180.0,load5,3.2,0.0003271253984622522,4.302133279753832
6DOF,180.0,load5,3.25,0.00033185432175263427,4.295887146550319
6DOF,180.0,load5,3.3,0.0003361427704611049,4.289446038091665
6DOF,180.0,load5,3.35,0.00033997656737252426,4.282814301442671
6DOF,180.0,load5,3.4,0.00034334141296713026,4.2759959856877705
6DOF,180.0,load5,3.45,0.00034622285828419077,4.268994882972627
6DOF,180.0,load5,3.5,0.0003486062776273798,4.261814564117064
6DOF,180.0,load5,3.55,0.00035047684066922874,4.254458409507729
6DOF,180.0,load5,3.6,0.00035181948434379626,4.24692963585913
6DOF,180.0,load5,3.65,0.00035261888381184843,4.239231319428087
6DOF,180.0,load5,3.7,0.00035285942305501595,4.231366416098488
6DOF,180.0,load5,3.75,0.00035252516429937176,4.223337778775838
6DOF,180.0,load5,3.8,0.00035159981651434075,4.215148172429358
6DOF,180.0,load5,3.85,0.00035006670286165403,4.206800287084343
6DOF,180.0,load5,3.9,0.000347908726955187,4.198296749051809
6DOF,180.0,load5,3.95,0.0003451083375068063,4.189640130605545
6DOF,180.0,load5,4.0,0.0003416474916215674,4.180832958315997
3DOF,180.0,load8,0.05,0.0,1.9146911463384995
3DOF,180.0,load8,0.1,0.0,2.681002825560173
3DOF,180.0,load8,0.15,0.0,3.323057271352235
3DOF,180.0,load8,0.2,0.0,3.8608861142784257
3DOF,180.0,load8,0.25,0.0,4.311169000893527
3DOF,180.0,load8,0.3,0.0,4.687826220250991
3DOF,180.0,load8,0.35,0.0,5.002497611609132
3DOF,180.0,load8,0.4,0.0,5.264932029883755
3DOF,180.0,load8,0.45,0.0,5.483305827181641
3DOF,180.0,load8,0.5,0.0,5.664484536751655
3DOF,180.0,load8,0.55,0.0,5.81423877624236
3DOF,180.0,load8,0.6,0.0,5.937423009910523
3DOF,180.0,load8,0.65,0.0,6.0381240066998405
3DOF,180.0,load8,0.7,0.0,6.119784449316417
3DOF,180.0,load8,0.75,0.0,6.18530607935188
3DOF,180.0,load8,0.8,0.0,6.237135926777747
3DOF,180.0,load8,0.85,0.0,6.2773385119689395
3DOF,180.0,load8,0.9,0.0,6.307656383240396
3DOF,180.0,load8,0.95,0.0,6.32956093195157
3DOF,180.0,load8,1.0,0.0,6.3442950875707265
3DOF,180.0,load8,1.05,0.0,6.3529092193448475
3DOF,180.0,load8,1.1,0.0,6.35629134616129
3DOF,180.0,load8,1.15,0.0,6.355192571626849
3DOF,180.0,load8,1.2,0.0,6.350248509412126
3DOF,180.0,load8,1.25,0.0,6.341997338308376
3DOF,180.0,load8,1.3,0.0,6.330895022315301
3DOF,180.0,load8,1.35,0.0,6.317328144515799
3DOF,180.0,load8,1.4,0.0,6.301624731364717
3DOF,180.0,load8,1.45,0.0,6.28406338379502
3DOF,180.0,load8,1.5,0.0,6.264880981174237
3DOF,180.0,load8,1.55,0.0,6.2442791819517485
3DOF,180.0,load8,1.6,0.0,6.2224299094508835
3DOF,180.0,load8,1.65,0.0,6.199479981548772
3DOF,180.0,load8,1.7,0.0,6.175555018018243
3DOF,180.0,load8,1.75,0.0,6.150762738306205
3DOF,180.0,load8,1.8,0.0,6.125195744849295
3DOF,180.0,load8,1.85,0.0,6.098933872144796
3DOF,180.0,load8,1.9,0.0,6.072046169256175
3DOF,180.0,load8,1.95,0.0,6.044592572864513
3DOF,180.0,load8,2.0,0.0,6.016625319066848
3DOF,180.0,load8,2.05,0.0,5.988190134607694
3DOF,180.0,load8,2.1,0.0,5.959327241890658
3DOF,180.0,load8,2.15,0.0,5.930072206768148
3DOF,180.0,load8,2.2,0.0,5.900456653593109
3DOF,180.0,load8,2.25,0.0,5.870508868206642
3DOF,180.0,load8,2.3,0.0,5.8402543063191565
3DOF,180.0,load8,2.35,0.0,5.809716022027324
3DOF,180.0,load8,2.4,0.0,5.778915028916597
3DOF,180.0,load8,2.45,0.0,5.747870604263197
3DOF,180.0,load8,2.5,0.0,5.716600545214835
3DOF,180.0,load8,2.55,0.0,5.685121384448964
3DOF,180.0,load8,2.6,0.0,5.653448571641562
3DOF,180.0,load8,2.65,0.0,5.621596626094835
3DOF,180.0,load8,2.7,0.0,5.589579265040679
3DOF,180.0,load8,2.75,0.0,5.5574095114343836
3DOF,180.0,load8,2.8,0.0,5.525099784459847
3DOF,180.0,load8,2.85,0.0,5.492661975466517
3DOF,180.0,load8,2.9,0.0,5.460107511635046
3DOF,180.0,load8,2.95,0.0,5.427447409311183
3DOF,180.0,load8,3.0,0.0,5.394692318645458
3DOF,180.0,load8,3.05,0.0,5.361852560921153
3DOF,180.0,load8,3.1,0.0,5.328938159737617
3DOF,180.0,load8,3.15,0.0,5.295958867033975
3DOF,180.0,load8,3.2,0.0,5.2629241847845645
3DOF,180.0,load8,3.25,0.0,5.229843383067564
3DOF,180.0,load8,3.3,0.0,5.196725515098586
3DOF,180.0,load8,3.35,0.0,5.163579429728335
3DOF,180.0,load8,3.4,0.0,5.130413781825167
3DOF,180.0,load8,3.45,0.0,5.09723704089725
3DOF,180.0,load8,3.5,0.0,5.064057498253172
3DOF,180.0,load8,3.55,0.0,5.030883272952669
3DOF,180.0,load8,3.6,0.0,4.99772231675926
3DOF,180.0,load8,3.65,0.0,4.964582418272948
3DOF,180.0,load8,3.7,0.0,4.931471206392659
3DOF,180.0,load8,3.75,0.0,4.898396153234116
3DOF,180.0,load8,3.8,0.0,4.865364576608521
3DOF,180.0,load8,3.85,0.0,4.832383642150302
3DOF,180.0,load8,3.9,0.0,4.799460365167696
3DOF,180.0,load8,3.95,0.0,4.766601612277748
3DOF,180.0,load8,4.0,0.0,4.733814102876955
6DOF,180.0,load8,0.05,-2.4218563939327558e-09,1.1072659373214586
6DOF,180.0,load8,0.1,-4.70120396597917e-08,1.3277675549737578
6DOF,180.0,load8,0.15,-5.212586068033595e-07,1.5906978186478564
6DOF,180.0,load8,0.2,-2.3115009014277453e-06,1.7927283177878133
6DOF,180.0,load8,0.25,-6.301490059555478e-06,2.02927854658037
6DOF,180.0,load8,0.3,-1.2685181375690049e-05,2.2765799630302714
6DOF,180.0,load8,0.35,-2.0943328431561867e-05,2.5182554940049933
6DOF,180.0,load8,0.4,-3.03130046352578e-05,2.7384638480075716
6DOF,180.0,load8,0.45,-3.995957325998328e-05,2.94080078165956
6DOF,180.0,load8,0.5,-4.911622307197651e-05,3.1228487158966556
6DOF,180.0,load8,0.55,-5.718978664463426e-05,3.2840003664612296
6DOF,180.0,load8,0.6,-6.378904698372658e-05,3.424849017591776
6DOF,180.0,load8,0.65,-6.870858566620995e-05,3.5476821411030097
6DOF,180.0,load8,0.7,-7.186234533598222e-05,3.658086939099886
6DOF,180.0,load8,0.75,-7.323500384614926e-05,3.753782819261039
6DOF,180.0,load8,0.8,-7.294626567302616e-05,3.836841145176936
6DOF,180.0,load8,0.85,-7.119647468984657e-05,3.909013537366227
6DOF,180.0,load8,0.9,-6.820441225221515e-05,3.971787508385453
6DOF,180.0,load8,0.95,-6.416892255421356e-05,4.02642917261008
6DOF,180.0,load8,1.0,-5.925268847503397e-05,4.074019066198713
6DOF,180.0,load8,1.05,-5.3580855177024205e-05,4.115481872852506
6DOF,180.0,load8,1.1,-4.724722148981163e-05,4.151610981748548
6DOF,180.0,load8,1.15,-4.0322781901475286e-05,4.183088767463086
6DOF,180.0,load8,1.2,-3.286366047169218e-05,4.21050337506931
6DOF,180.0,load8,1.25,-2.491720116482549e-05,4.234362667519531
6DOF,180.0,load8,1.3,-1.6526034875050392e-05,4.255105871620443
6DOF,180.0,load8,1.35,-7.730453725290692e-06,4.273113353375826
6DOF,180.0,load8,1.4,1.4304192579193558e-06,4.288714866024774
6DOF,180.0,load8,1.45,1.0918211244670424e-05,4.30219654361775
6DOF,180.0,load8,1.5,2.0695283614782732e-05,4.313806857375408
6DOF,180.0,load8,1.55,3.072488890601804e-05,4.323761708518641
6DOF,180.0,load8,1.6,4.09713661073704e-05,4.332248797416694
6DOF,180.0,load8,1.65,5.1400308007781575e-05,4.339431382426443
6DOF,180.0,load8,1.7,6.197867555949767e-05,4.345451521241023
6DOF,180.0,load8,1.75,7.267485744280648e-05,4.350432871295709
6DOF,180.0,load8,1.8,8.345868245757241e-05,4.354483112909392
6DOF,180.0,load8,1.85,9.430139644480055e-05,4.357696048543283
6DOF,180.0,load8,1.9,0.0001051756135952199,4.360153423216203
6DOF,180.0,load8,1.95,0.00011605525166528946,4.361926504310154
6DOF,180.0,load8,2.0,0.000126915456878132,4.363077453360125
6DOF,180.0,load8,2.05,0.00013773252410397512,4.363660517749017
6DOF,180.0,load8,2.1,0.00014848381497541496,4.363723066332076
6DOF,180.0,load8,2.15,0.00015914767697101101,4.363306489617619
6DOF,180.0,load8,2.2,0.00016970336398399802,4.362446982404686
6DOF,180.0,load8,2.25,0.0001801309604855418,4.361176224292563
6DOF,180.0,load8,2.3,0.00019041130894266968,4.359521971456724
6DOF,180.0,load8,2.35,0.00020052594134278642,4.357508571279083
6DOF,180.0,load8,2.4,0.00021045701460121108,4.355157409914275
6DOF,180.0,load8,2.45,0.00022018725038644793,4.352487301522482
6DOF,180.0,load8,2.5,0.00022969987845617695,4.349514826778608
6DOF,180.0,load8,2.55,0.00023897858362669581,4.346254627248813
6DOF,180.0,load8,2.6,0.00024800745659236793,4.342719661386083
6DOF,180.0,load8,2.65,0.00025677094747849824,4.338921427127299
6DOF,180.0,load8,2.7,0.00026525382244879816,4.334870155447777
6DOF,180.0,load8,2.75,0.00027344112293987657,4.3305749786373475
6DOF,180.0,load8,2.8,0.0002813181269326009,4.326044076586312
6DOF,180.0,load8,2.85,0.00028887031265017175,4.32128480396084
6DOF,180.0,load8,2.9,0.00029608332348721476,4.316303800715122
6DOF,180.0,load8,2.95,0.00030294293502372007,4.311107088153874
6DOF,180.0,load8,3.0,0.0003094350228201576,4.305700152375586
6DOF,180.0,load8,3.05,0.0003155455315510409,4.300088016784567
6DOF,180.0,load8,3.1,0.00032126044513743144,4.294275305067571
6DOF,180.0,load8,3.15,0.00032656575729205254,4.288266295871497
6DOF,180.0,load8,3.2,0.0003314474428341324,4.282064970290136
6DOF,180.0,load8,3.25,0.00033589142918304186,4.275675053068472
6DOF,180.0,load8,3.3,0.00033988356832794907,4.2691000483543435
6DOF,180.0,load8,3.35,0.00034340960873151266,4.262343270714712
6DOF,180.0,load8,3.4,0.00034645516739726734,4.255407872020386
6DOF,180.0,load8,3.45,0.00034900570135931307,4.24829686474498
6DOF,180.0,load8,3.5,0.0003510464791701145,4.241013142140979
6DOF,180.0,load8,3.55,0.0003525625523670992,4.233559495716851
6DOF,180.0,load8,3.6,0.00035353872577219747,4.225938630336975
6DOF,180.0,load8,3.65,0.00035395952738188853,4.218153177289099
6DOF,180.0,load8,3.7,0.00035380917762738975,4.210205705552192
6DOF,180.0,load8,3.75,0.0003530715574966932,4.202098731529238
6DOF,180.0,load8,3.8,0.00035173017607008215,4.19383472742324
6DOF,180.0,load8,3.85,0.00034976813646829763,4.18541612844538
6DOF,180.0,load8,3.9,0.0003471681006396294,4.176845339005112
6DOF,180.0,load8,3.95,0.0003439122529130057,4.168124738018322
6DOF,180.0,load8,4.0,0.00033998226152429003,4.159256683442695
3DOF,220.0,bank60,0.05,8.571428571428571,1.0
3DOF,220.0,bank60,0.1,15.918367346938775,1.0
3DOF,220.0,bank60,0.15,22.215743440233236,1.0
3DOF,220.0,bank60,0.2,27.613494377342775,1.0
3DOF,220.0,bank60,0.25,32.24013803772238,1.0
3DOF,220.0,bank60,0.3,36.20583260376204,1.0
3DOF,220.0,bank60,0.35,39.604999374653175,1.0
3DOF,220.0,bank60,0.4,42.51857089255987,1.0
3DOF,220.0,bank60,0.45,45.01591790790846,1.0
3DOF,220.0,bank60,0.5,47.15650106392154,1.0
3DOF,220.0,bank60,0.55,48.99128662621847,1.0
3DOF,220.0,bank60,0.6,50.56395996533011,1.0
3DOF,220.0,bank60,0.65,51.91196568456866,1.0
3DOF,220.0,bank60,0.7,53.06739915820172,1.0
3DOF,220.0,bank60,0.75,54.057770707030045,1.0
3DOF,220.0,bank60,0.8,54.90666060602575,1.0
3DOF,220.0,bank60,0.85,55.63428051945064,1.0
3DOF,220.0,bank60,0.9,56.25795473095769,1.0
3DOF,220.0,bank60,0.95,56.79253262653516,1.0
3DOF,220.0,bank60,1.0,57.25074225131585,1.0
3DOF,220.0,bank60,1.05,57.64349335827073,1.0
3DOF,220.0,bank60,1.1,57.980137164232055,1.0
3DOF,220.0,bank60,1.15,58.26868899791318,1.0
3DOF,220.0,bank60,1.2,58.51601914106845,1.0
3DOF,220.0,bank60,1.25,58.728016406630104,1.0
3DOF,220.0,bank60,1.3,58.909728348540085,1.0
3DOF,220.0,bank60,1.35,59.06548144160579,1.0
3DOF,220.0,bank60,1.4,59.198984092804956,1.0
3DOF,220.0,bank60,1.45,59.31341493668996,1.0
3DOF,220.0,bank60,1.5,59.411498517162826,1.0
3DOF,220.0,bank60,1.55,59.49557015756813,1.0
3DOF,220.0,bank60,1.6,59.56763156362983,1.0
3DOF,220.0,bank60,1.65,59.62939848311129,1.0
3DOF,220.0,bank60,1.7,59.68234155695252,1.0
3DOF,220.0,bank60,1.75,59.727721334530735,1.0
3DOF,220.0,bank60,1.8,59.76661828674062,1.0
3DOF,220.0,bank60,1.85,59.79995853149197,1.0
3DOF,220.0,bank60,1.9,59.828535884135974,1.0
3DOF,220.0,bank60,1.95,59.85303075783083,1.0
3DOF,220.0,bank60,2.0,59.874026363854995,1.0
3DOF,220.0,bank60,2.05,59.892022597589985,1.0
3DOF,220.0,bank60,2.1,59.907447940791414,1.0
3DOF,220.0,bank60,2.15,59.9206696635355,1.0
3DOF,220.0,bank60,2.2,59.932002568744714,1.0
3DOF,220.0,bank60,2.25,59.941716487495476,1.0
3DOF,220.0,bank60,2.3,59.95004270356755,1.0
3DOF,220.0,bank60,2.35,59.957179460200756,1.0
3DOF,220.0,bank60,2.4,59.96329668017208,1.0
3DOF,220.0,bank60,2.45,59.96854001157606,1.0
3DOF,220.0,bank60,2.5,59.97303429563662,1.0
3DOF,220.0,bank60,2.55,59.97688653911711,1.0
3DOF,220.0,bank60,2.6,59.98018846210037,1.0
3DOF,220.0,bank60,2.65,59.983018681800324,1.0
3DOF,220.0,bank60,2.7,59.98544458440028,1.0
3DOF,220.0,bank60,2.75,59.987523929485945,1.0
3DOF,220.0,bank60,2.8,59.989306225273666,1.0
3DOF,220.0,bank60,2.85,59.99083390737742,1.0
3DOF,220.0,bank60,2.9,59.99214334918065,1.0
3DOF,220.0,bank60,2.95,59.99326572786913,1.0
3DOF,220.0,bank60,3.0,59.99422776674497,1.0
3DOF,220.0,bank60,3.05,59.995052371495696,1.0
3DOF,220.0,bank60,3.1,59.995759175567734,1.0
3DOF,220.0,bank60,3.15,59.996365007629485,1.0
3DOF,220.0,bank60,3.2,59.996884292253846,1.0
3DOF,220.0,bank60,3.25,59.99732939336044,1.0
3DOF,220.0,bank60,3.3,59.99771090859466,1.0
3DOF,220.0,bank60,3.35,59.99803792165257,1.0
3DOF,220.0,bank60,3.4,59.99831821855935,1.0
3DOF,220.0,bank60,3.45,59.99855847305086,1.0
3DOF,220.0,bank60,3.5,59.998764405472166,1.0
3DOF,220.0,bank60,3.55,59.99894091897614,1.0
3DOF,220.0,bank60,3.6,59.999092216265254,1.0
3DOF,220.0,bank60,3.65,59.99922189965593,1.0
3DOF,220.0,bank60,3.7,59.99933305684794,1.0
3DOF,220.0,bank60,3.75,59.999428334441085,1.0
3DOF,220.0,bank60,3.8,59.9995100009495,1.0
3DOF,220.0,bank60,3.85,59.99958000081386,1.0
3DOF,220.0,bank60,3.9,59.999640000697596,1.0
3DOF,220.0,bank60,3.95,59.99969142916936,1.0
3DOF,220.0,bank60,4.0,59.99973551071659,1.0
6DOF,220.0,bank60,0.05,0.22736401718887608,0.33113276497383454
6DOF,220.0,bank60,0.1,1.2290317894335436,-0.38789117603297296
6DOF,220.0,bank60,0.15,2.9650381924010065,-1.036047776736381
6DOF,220.0,bank60,0.2,5.35559527123862,-0.9389667174880563
6DOF,220.0,bank60,0.25,8.319918981876912,-0.7142066703816999
6DOF,220.0,bank60,0.3,11.782653861415213,-0.49515136205116167
6DOF,220.0,bank60,0.35,15.677099619681155,-0.2938923025492983
6DOF,220.0,bank60,0.4,19.945895115902335,-0.11702645910907791
6DOF,220.0,bank60,0.45,24.53982250489841,0.032257292369314405
6DOF,220.0,bank60,0.5,29.41631355687452,0.15286609558471315
6DOF,220.0,bank60,0.55,34.538071444273015,0.25501521692680906
6DOF,220.0,bank60,0.6,39.87068127586407,0.46598672736047847
6DOF,220.0,bank60,0.65,45.028383908728,1.2912113747810106
6DOF,220.0,bank60,0.7,49.137036562129914,1.8100758313767835
6DOF,220.0,bank60,0.75,52.114809141841135,2.31343208370044
6DOF,220.0,bank60,0.8,54.23749541887412,2.5534225848542205
6DOF,220.0,bank60,0.85,55.77824266539449,1.9796756859685953
6DOF,220.0,bank60,0.9,56.91798411594832,1.5779470062769316
6DOF,220.0,bank60,0.95,57.77558357708648,1.3563261722306645
6DOF,220.0,bank60,1.0,58.43219130275054,1.2003622464168575
6DOF,220.0,bank60,1.05,58.93766933729606,1.0997965346019707
6DOF,220.0,bank60,1.1,59.325689821341534,1.0476003061696426
6DOF,220.0,bank60,1.15,59.62131252821679,1.0322039551570648
6DOF,220.0,bank60,1.2,59.84406921864532,1.0387136313658045
6DOF,220.0,bank60,1.25,60.009813687191226,1.05571266680713
6DOF,220.0,bank60,1.3,60.13164008931347,1.0754652159726472
6DOF,220.0,bank60,1.35,60.22031160762704,1.0935102813229798
6DOF,220.0,bank60,1.4,60.28451506569345,1.1078393634462347
6DOF,220.0,bank60,1.45,60.3310820522553,1.1180214082532776
6DOF,220.0,bank60,1.5,60.36522559707221,1.1244782882201105
6DOF,220.0,bank60,1.55,60.39079842308499,1.1279799153985197
6DOF,220.0,bank60,1.6,60.41055833341816,1.1293427954446698
6DOF,220.0,bank60,1.65,60.426420149841604,1.129279301222935
6DOF,220.0,bank60,1.7,60.439677073978544,1.1283429890150267
6DOF,220.0,bank60,1.75,60.45118212906029,1.126927477198065
6DOF,220.0,bank60,1.8,60.46148809523037,1.125290547076342
6DOF,220.0,bank60,1.85,60.47094981108833,1.1235864448833692
6DOF,220.0,bank60,1.9,60.4797954719824,1.1218971686297234
6DOF,220.0,bank60,1.95,60.48817419682248,1.1202584972003167
6DOF,220.0,bank60,2.0,60.49618649677997,1.118679496790141
6DOF,220.0,bank60,2.05,60.50390306459474,1.1171558724188777
6DOF,220.0,bank60,2.1,60.51137597401646,1.115678284411724
6DOF,220.0,bank60,2.15,60.51864518304849,1.1142369551989566
6DOF,220.0,bank60,2.2,60.52574227265551,1.1128237910747478
6DOF,220.0,bank60,2.25,60.53269263846947,1.111433003467756
6DOF,220.0,bank60,2.3,60.53951685754532,1.1100609412388762
6DOF,220.0,bank60,2.35,60.54623162983361,1.1087055989016845
6DOF,220.0,bank60,2.4,60.55285049801457,1.1073660713918536
6DOF,220.0,bank60,2.45,60.55938443916815,1.1060420887163922
6DOF,220.0,bank60,2.5,60.56584236583508,1.1047336766118439
6DOF,220.0,bank60,2.55,60.572231549689086,1.103440940769525
6DOF,220.0,bank60,2.6,60.57855797324003,1.1021639501344702
6DOF,220.0,bank60,2.65,60.58482661454275,1.1009026891494191
6DOF,220.0,bank60,2.7,60.59104167172141,1.0996570517699786
6DOF,220.0,bank60,2.75,60.59720673583662,1.098426856582041
6DOF,220.0,bank60,2.8,60.60332492137099,1.0972118692577024
6DOF,220.0,bank60,2.85,60.60939896334941,1.0960118244235684
6DOF,220.0,bank60,2.9,60.61543128912717,1.0948264432804646
6DOF,220.0,bank60,2.95,60.62142407152554,1.093655445986978
6DOF,220.0,bank60,3.0,60.627379268561015,1.0924985592980523
6DOF,220.0,bank60,3.05,60.633298653697906,1.0913555205541698
6DOF,220.0,bank60,3.1,60.639183839449565,1.0902260791851008
6DOF,220.0,bank60,3.15,60.645036296293945,1.0891099967443527
6DOF,220.0,bank60,3.2,60.65085736823763,1.088007046192948
6DOF,220.0,bank60,3.25,60.65664828591959,1.086917010912186
6DOF,220.0,bank60,3.3,60.662410177849566,1.0858396837079551
6DOF,220.0,bank60,3.35,60.66814408018427,1.0847748659279781
6DOF,220.0,bank60,3.4,60.67385094532137,1.0837223667239015
6DOF,220.0,bank60,3.45,60.67953164951553,1.0826820024431194
6DOF,220.0,bank60,3.5,60.6851869996718,1.0816535961288247
6DOF,220.0,bank60,3.55,60.690817739437364,1.0806369770893738
6DOF,220.0,bank60,3.6,60.69642455469129,1.0796319805139276
6DOF,220.0,bank60,3.65,60.70200807851187,1.0786384471240065
6DOF,220.0,bank60,3.7,60.707568895689924,1.0776562228411426
6DOF,220.0,bank60,3.75,60.71310754684236,1.0766851584762012
6DOF,220.0,bank60,3.8,60.71862453217254,1.075725109430255
6DOF,220.0,bank60,3.85,60.72412031491568,1.0747759354117823
6DOF,220.0,bank60,3.9,60.72959532450157,1.0738375001707996
6DOF,220.0,bank60,3.95,60.73504995946194,1.0729096712469832
6DOF,220.0,bank60,4.0,60.74048459010542,1.071992319734909
3DOF,220.0,bank135,0.05,19.28571428571429,1.0
3DOF,220.0,bank135,0.1,35.81632653061225,1.0
3DOF,220.0,bank135,0.15,49.98542274052478,1.0
3DOF,220.0,bank135,0.2,62.13036234902124,1.0
3DOF,220.0,bank135,0.25,72.54031058487536,1.0
3DOF,220.0,bank135,0.3,81.46312335846459,1.0
3DOF,220.0,bank135,0.35,89.11124859296964,1.0
3DOF,220.0,bank135,0.4,95.6667845082597,1.0
3DOF,220.0,bank135,0.45,101.28581529279403,1.0
3DOF,220.0,bank135,0.5,106.10212739382347,1.0
3DOF,220.0,bank135,0.55,110.23039490899154,1.0
3DOF,220.0,bank135,0.6,113.76890992199274,1.0
3DOF,220.0,bank135,0.65,116.8019227902795,1.0
3DOF,220.0,bank135,0.7,119.40164810595385,1.0
3DOF,220.0,bank135,0.75,121.62998409081759,1.0
3DOF,220.0,bank135,0.8,123.53998636355793,1.0
3DOF,220.0,bank135,0.85,125.17713116876395,1.0
3DOF,220.0,bank135,0.9,126.58039814465482,1.0
3DOF,220.0,bank135,0.95,127.78319840970413,1.0
3DOF,220.0,bank135,1.0,128.81417006546067,1.0
3DOF,220.0,bank135,1.05,129.69786005610914,1.0
3DOF,220.0,bank135,1.1,130.45530861952213,1.0
3DOF,220.0,bank135,1.15,131.10455024530467,1.0
3DOF,220.0,bank135,1.2,131.661043067404,1.0
3DOF,220.0,bank135,1.25,132.1380369149177,1.0
3DOF,220.0,bank135,1.3,132.54688878421518,1.0
3DOF,220.0,bank135,1.35,132.897333243613,1.0
3DOF,220.0,bank135,1.4,133.19771420881116,1.0
3DOF,220.0,bank135,1.45,133.4551836075524,1.0
3DOF,220.0,bank135,1.5,133.67587166361636,1.0
3DOF,220.0,bank135,1.55,133.86503285452832,1.0
3DOF,220.0,bank135,1.6,134.02717101816714,1.0
3DOF,220.0,bank135,1.65,134.1661465870004,1.0
3DOF,220.0,bank135,1.7,134.28526850314321,1.0
3DOF,220.0,bank135,1.75,134.38737300269418,1.0
3DOF,220.0,bank135,1.8,134.47489114516642,1.0
3DOF,220.0,bank135,1.85,134.54990669585692,1.0
3DOF,220.0,bank135,1.9,134.61420573930596,1.0
3DOF,220.0,bank135,1.95,134.6693192051194,1.0
3DOF,220.0,bank135,2.0,134.71655931867377,1.0
3DOF,220.0,bank135,2.05,134.75705084457752,1.0
3DOF,220.0,bank135,2.1,134.79175786678073,1.0
3DOF,220.0,bank135,2.15,134.8215067429549,1.0
3DOF,220.0,bank135,2.2,134.84700577967564,1.0
3DOF,220.0,bank135,2.25,134.86886209686486,1.0
3DOF,220.0,bank135,2.3,134.88759608302703,1.0
3DOF,220.0,bank135,2.35,134.90365378545175,1.0
3DOF,220.0,bank135,2.4,134.9174175303872,1.0
3DOF,220.0,bank135,2.45,134.92921502604617,1.0
3DOF,220.0,bank135,2.5,134.93932716518242,1.0
3DOF,220.0,bank135,2.55,134.94799471301351,1.0
3DOF,220.0,bank135,2.6,134.95542403972587,1.0
3DOF,220.0,bank135,2.65,134.96179203405075,1.0
3DOF,220.0,bank135,2.7,134.96725031490067,1.0
3DOF,220.0,bank135,2.75,134.9719288413434,1.0
3DOF,220.0,bank135,2.8,134.9759390068658,1.0
3DOF,220.0,bank135,2.85,134.97937629159927,1.0
3DOF,220.0,bank135,2.9,134.9823225356565,1.0
3DOF,220.0,bank135,2.95,134.98484788770557,1.0
3DOF,220.0,bank135,3.0,134.98701247517621,1.0
3DOF,220.0,bank135,3.05,134.9888678358653,1.0
3DOF,220.0,bank135,3.1,134.99045814502742,1.0
3DOF,220.0,bank135,3.15,134.99182126716636,1.0
3DOF,220.0,bank135,3.2,134.99298965757117,1.0
3DOF,220.0,bank135,3.25,134.993991135061,1.0
3DOF,220.0,bank135,3.3,134.994849544338,1.0
3DOF,220.0,bank135,3.35,134.99558532371827,1.0
3DOF,220.0,bank135,3.4,134.99621599175853,1.0
3DOF,220.0,bank135,3.45,134.99675656436443,1.0
3DOF,220.0,bank135,3.5,134.99721991231237,1.0
3DOF,220.0,bank135,3.55,134.99761706769635,1.0
3DOF,220.0,bank135,3.6,134.99795748659687,1.0
3DOF,220.0,bank135,3.65,134.99824927422588,1.0
3DOF,220.0,bank135,3.7,134.9984993779079,1.0
3DOF,220.0,bank135,3.75,134.9987137524925,1.0
3DOF,220.0,bank135,3.8,134.99889750213643,1.0
3DOF,220.0,bank135,3.85,134.9990550018312,1.0
3DOF,220.0,bank135,3.9,134.99919000156962,1.0
3DOF,220.0,bank135,3.95,134.99930571563112,1.0
3DOF,220.0,bank135,4.0,134.9994048991124,1.0
6DOF,220.0,bank135,0.05,0.22736401718887608,0.33113276497383454
6DOF,220.0,bank135,0.1,1.2290317894335436,-0.38789117603297296
6DOF,220.0,bank135,0.15,2.9650381924010065,-1.036047776736381
6DOF,220.0,bank135,0.2,5.35559527123862,-0.9389667174880563
6DOF,220.0,bank135,0.25,8.319918981876912,-0.7142066703816999
6DOF,220.0,bank135,0.3,11.782653861415213,-0.49515136205116167
6DOF,220.0,bank135,0.35,15.677099619681155,-0.2938923025492983
6DOF,220.0,bank135,0.4,19.945895115902335,-0.11702645910907791
6DOF,220.0,bank135,0.45,24.53982250489841,0.032257292369314405
6DOF,220.0,bank135,0.5,29.41631355687452,0.15286609558471315
6DOF,220.0,bank135,0.55,34.538071444273015,0.25501521692680906
6DOF,220.0,bank135,0.6,39.870747209833084,0.3182344826332031
6DOF,220.0,bank135,0.65,45.38430138172028,0.3559603405500932
6DOF,220.0,bank135,0.7,51.054935503753406,0.3704901637023841
6DOF,220.0,bank135,0.75,56.865080459736916,0.36441357061891216
6DOF,220.0,bank135,0.8,62.803118358546755,0.34046468619929643
6DOF,220.0,bank135,0.85,68.86296062926077,0.3014046535427689
6DOF,220.0,bank135,0.9,75.04315162075444,0.23812025109396262
6DOF,220.0,bank135,0.95,81.34378599359457,0.1762287180245546
6DOF,220.0,bank135,1.0,87.76663659551237,0.10660532385760016
6DOF,220.0,bank135,1.05,94.31661615729011,0.03154154181521463
6DOF,220.0,bank135,1.1,101.00107711223166,-0.046766230993537855
6DOF,220.0,bank135,1.15,107.8279792701509,-0.12622532287696286
6DOF,220.0,bank135,1.2,114.62041088482783,0.4900297478410058
6DOF,220.0,bank135,1.25,120.27552253352891,1.1970938196643925
6DOF,220.0,bank135,1.3,124.45127934449337,1.646545637591765
6DOF,220.0,bank135,1.35,127.43813253101641,2.0237716406179524
6DOF,220.0,bank135,1.4,129.59041438325536,2.156200719601591
6DOF,220.0,bank135,1.45,131.18986809977443,1.7042888645700702
6DOF,220.0,bank135,1.5,132.41518713388706,1.4550387439739483
6DOF,220.0,bank135,1.55,133.37875523564466,1.2580721540014013
6DOF,220.0,bank135,1.6,134.13479084997974,1.1091428762609619
6DOF,220.0,bank135,1.65,134.71791511148297,1.0106157207965598
6DOF,220.0,bank135,1.7,135.1584698905672,0.9494997910478618
6DOF,220.0,bank135,1.75,135.48265163468412,0.9256264713256551
6DOF,220.0,bank135,1.8,135.71404321838713,0.9340429283809628
6DOF,220.0,bank135,1.85,135.8740857176244,0.9630288740816936
6DOF,220.0,bank135,1.9,135.98030599327248,1.0028692534667007
6DOF,220.0,bank135,1.95,136.0466421306614,1.0376804697262967
6DOF,220.0,bank135,2.0,136.08348504198392,1.067525978066552
6DOF,220.0,bank135,2.05,136.09888413415698,1.0915293789777465
6DOF,220.0,bank135,2.1,136.099566068631,1.1088282049649971
6DOF,220.0,bank135,2.15,136.09087829362284,1.1203504099129977
6DOF,220.0,bank135,2.2,136.07676429271342,1.1273431923976351
6DOF,220.0,bank135,2.25,136.05992616330207,1.1310537247218155
6DOF,220.0,bank135,2.3,136.04208801889084,1.1325623004580208
6DOF,220.0,bank135,2.35,136.02426660379564,1.1327156960054612
6DOF,220.0,bank135,2.4,136.00700235526185,1.1321226231880739
6DOF,220.0,bank135,2.45,135.9905371010259,1.1311843694287016
6DOF,220.0,bank135,2.5,135.97494046386248,1.130140491876535
6DOF,220.0,bank135,2.55,135.96019349708615,1.1291156250797563
6DOF,220.0,bank135,2.6,135.94623986156915,1.1281600005149963
6DOF,220.0,bank135,2.65,135.93301426042348,1.1272807886944025
6DOF,220.0,bank135,2.7,135.9204561397804,1.1264641155928987
6DOF,220.0,bank135,2.75,135.90851464377548,1.1256890432314886
6DOF,220.0,bank135,2.8,135.89714894112717,1.1249353778462392
6DOF,220.0,bank135,2.85,135.88632652687468,1.124187200074427
6DOF,220.0,bank135,2.9,135.87602099101906,1.1234337430253256
6DOF,220.0,bank135,2.95,135.8662099960157,1.122668853844256
6DOF,220.0,bank135,3.0,135.85687374303018,1.1218898793995897
6DOF,220.0,bank135,3.05,135.84799395295295,1.121096481582648
6DOF,220.0,bank135,3.1,135.839553271963,1.1202896371918152
6DOF,220.0,bank135,3.15,135.8315349776321,1.1194709109967083
6DOF,220.0,bank135,3.2,135.82392287073566,1.1186419942308423
6DOF,220.0,bank135,3.25,135.81670126455103,1.117804455683383
6DOF,220.0,bank135,3.3,135.8098550127442,1.1169596405269846
6DOF,220.0,bank135,3.35,135.80336954180976,1.1161086582385282
6DOF,220.0,bank135,3.4,135.7972308720268,1.115252414969132
6DOF,220.0,bank135,3.45,135.79142562225096,1.1143916607619546
6DOF,220.0,bank135,3.5,135.78594099996874,1.1135270348863697
6DOF,220.0,bank135,3.55,135.78076478053737,1.1126591018073873
6DOF,220.0,bank135,3.6,135.77588527989818,1.1117883761696028
6DOF,220.0,bank135,3.65,135.77129132435502,1.110915338196501
6DOF,220.0,bank135,3.7,135.7669722199757,1.1100404420605106
6DOF,220.0,bank135,3.75,135.76291772317998,1.1091641197978777
6DOF,220.0,bank135,3.8,135.7591180133064,1.1082867828050338
6DOF,220.0,bank135,3.85,135.75556366742606,1.107408822325583
6DOF,220.0,bank135,3.9,135.75224563736742,1.1065306097229224
6DOF,220.0,bank135,3.95,135.7491552287691,1.105652496917899
6DOF,220.0,bank135,4.0,135.74628408193203,1.104774817087698
3DOF,220.0,load5,0.05,0.0,1.6666666666666667
3DOF,220.0,load5,0.1,0.0,2.2222222222222223
3DOF,220.0,load5,0.15,0.0,2.685185185185185
3DOF,220.0,load5,0.2,0.0,3.0709876543209877
3DOF,220.0,load5,0.25,0.0,3.3924897119341564
3DOF,220.0,load5,0.3,0.0,3.6604080932784635
3DOF,220.0,load5,0.35,0.0,3.883673411065386
3DOF,220.0,load5,0.4,0.0,4.069727842554489
3DOF,220.0,load5,0.45,0.0,4.22477320212874
3DOF,220.0,load5,0.5,0.0,4.353977668440617
3DOF,220.0,load5,0.55,0.0,4.461648057033847
3DOF,220.0,load5,0.6,0.0,4.5513733808615395
3DOF,220.0,load5,0.65,0.0,4.626144484051283
3DOF,220.0,load5,0.7,0.0,4.688453736709402
3DOF,220.0,load5,0.75,0.0,4.740378113924502
3DOF,220.0,load5,0.8,0.0,4.783648428270418
3DOF,220.0,load5,0.85,0.0,4.819707023558681
3DOF,220.0,load5,0.9,0.0,4.8497558529655675
3DOF,220.0,load5,0.95,0.0,4.874796544137973
3DOF,220.0,load5,1.0,0.0,4.895663786781644
3DOF,220.0,load5,1.05,0.0,4.913053155651371
3DOF,220.0,load5,1.1,0.0,4.927544296376142
3DOF,220.0,load5,1.15,0.0,4.939620246980119
3DOF,220.0,load5,1.2,0.0,4.949683539150099
3DOF,220.0,load5,1.25,0.0,4.958069615958416
3DOF,220.0,load5,1.3,0.0,4.96505801329868
3DOF,220.0,load5,1.35,0.0,4.9708816777489
3DOF,220.0,load5,1.4,0.0,4.9757347314574165
3DOF,220.0,load5,1.45,0.0,4.979778942881181
3DOF,220.0,load5,1.5,0.0,4.983149119067651
3DOF,220.0,load5,1.55,0.0,4.985957599223043
3DOF,220.0,load5,1.6,0.0,4.988297999352536
3DOF,220.0,load5,1.65,0.0,4.99024833279378
3DOF,220.0,load5,1.7,0.0,4.991873610661484
3DOF,220.0,load5,1.75,0.0,4.99322800888457
3DOF,220.0,load5,1.8,0.0,4.994356674070475
3DOF,220.0,load5,1.85,0.0,4.9952972283920625
3DOF,220.0,load5,1.9,0.0,4.996081023660052
3DOF,220.0,load5,1.95,0.0,4.996734186383376
3DOF,220.0,load5,2.0,0.0,4.997278488652814
3DOF,220.0,load5,2.05,0.0,4.997732073877345
3DOF,220.0,load5,2.1,0.0,4.9981100615644545
3DOF,220.0,load5,2.15,0.0,4.9984250513037125
3DOF,220.0,load5,2.2,0.0,4.9986875427530935
3DOF,220.0,load5,2.25,0.0,4.998906285627578
3DOF,220.0,load5,2.3,0.0,4.999088571356316
3DOF,220.0,load5,2.35,0.0,4.999240476130263
3DOF,220.0,load5,2.4,0.0,4.999367063441886
3DOF,220.0,load5,2.45,0.0,4.999472552868238
3DOF,220.0,load5,2.5,0.0,4.999560460723532
3DOF,220.0,load5,2.55,0.0,4.99963371726961
3DOF,220.0,load5,2.6,0.0,4.999694764391342
3DOF,220.0,load5,2.65,0.0,4.9997456369927855
3DOF,220.0,load5,2.7,0.0,4.999788030827322
3DOF,220.0,load5,2.75,0.0,4.999823359022768
3DOF,220.0,load5,2.8,0.0,4.99985279918564
3DOF,220.0,load5,2.85,0.0,4.9998773326547
3DOF,220.0,load5,2.9,0.0,4.99989777721225
3DOF,220.0,load5,2.95,0.0,4.9999148143435415
3DOF,220.0,load5,3.0,0.0,4.999929011952951
3DOF,220.0,load5,3.05,0.0,4.999940843294127
3DOF,220.0,load5,3.1,0.0,4.999950702745106
3DOF,220.0,load5,3.15,0.0,4.999958918954255
3DOF,220.0,load5,3.2,0.0,4.999965765795213
3DOF,220.0,load5,3.25,0.0,4.999971471496011
3DOF,220.0,load5,3.3,0.0,4.999976226246676
3DOF,220.0,load5,3.35,0.0,4.999980188538896
3DOF,220.0,load5,3.4,0.0,4.999983490449081
3DOF,220.0,load5,3.45,0.0,4.999986242040901
3DOF,220.0,load5,3.5,0.0,4.999988535034084
3DOF,220.0,load5,3.55,0.0,4.999990445861736
3DOF,220.0,load5,3.6,0.0,4.999992038218114
3DOF,220.0,load5,3.65,0.0,4.999993365181761
3DOF,220.0,load5,3.7,0.0,4.999994470984801
3DOF,220.0,load5,3.75,0.0,4.999995392487334
3DOF,220.0,load5,3.8,0.0,4.999996160406112
3DOF,220.0,load5,3.85,0.0,4.999996800338427
3DOF,220.0,load5,3.9,0.0,4.999997333615356
3DOF,220.0,load5,3.95,0.0,4.999997778012797
3DOF,220.0,load5,4.0,0.0,4.999998148343997
6DOF,220.0,load5,0.05,-9.764467047866567e-09,1.1692652901297942
6DOF,220.0,load5,0.1,-1.0300041959820372e-07,1.5443731715713076
6DOF,220.0,load5,0.15,-1.0334114370761654e-06,1.8825083898761028
6DOF,220.0,load5,0.2,-4.031072502073859e-06,2.211855223946828
6DOF,220.0,load5,0.25,-9.360157452229659e-06,2.562824023537524
6DOF,220.0,load5,0.3,-1.5933690421496038e-05,2.900199815646133
6DOF,220.0,load5,0.35,-2.2413002121120364e-05,3.204973530997319
6DOF,220.0,load5,0.4,-2.801156796649636e-05,3.475530290177212
6DOF,220.0,load5,0.45,-3.2559907517508744e-05,3.699565781658756
6DOF,220.0,load5,0.5,-3.606608611816991e-05,3.890080892323189
6DOF,220.0,load5,0.55,-3.863878359062024e-05,4.050707068425664
6DOF,220.0,load5,0.6,-4.044482334114918e-05,4.1854770490585365
6DOF,220.0,load5,0.65,-4.16644899564333e-05,4.298304106158917
6DOF,220.0,load5,0.7,-4.2463080607035244e-05,4.392733841551143
6DOF,220.0,load5,0.75,-4.2978249014188624e-05,4.471852964524972
6DOF,220.0,load5,0.8,-4.3317704754909716e-05,4.538283398209085
6DOF,220.0,load5,0.85,-4.35622547592988e-05,4.5942181450774315
6DOF,220.0,load5,0.9,-4.377085249074368e-05,4.6414738941752045
6DOF,220.0,load5,0.95,-4.398581291300536e-05,4.681546908642584
6DOF,220.0,load5,1.0,-4.423735275907814e-05,4.7156655746357545
6DOF,220.0,load5,1.05,-4.454719161613215e-05,4.74483684789946
6DOF,220.0,load5,1.1,-4.493123901882209e-05,4.769885885172035
6DOF,220.0,load5,1.15,-4.540151075000872e-05,4.791489154400068
6DOF,220.0,load5,1.2,-4.596744729518556e-05,4.810201745972926
6DOF,220.0,load5,1.25,-4.663679325202014e-05,4.8264797311752625
6DOF,220.0,load5,1.3,-4.741616816784181e-05,4.84069838943782
6DOF,220.0,load5,1.35,-4.831142766305337e-05,4.853167037829073
6DOF,220.0,load5,1.4,-4.9327886727760626e-05,4.864141088777443
6DOF,220.0,load5,1.45,-5.04704550832299e-05,4.873831856636335
6DOF,220.0,load5,1.5,-5.174371811967884e-05,4.88241453956453
6DOF,220.0,load5,1.55,-5.315198550141955e-05,4.8900347230246135
6DOF,220.0,load5,1.6,-5.469932082371632e-05,4.896813684885965
6DOF,220.0,load5,1.65,-5.63895614050393e-05,4.902852728009845
6DOF,220.0,load5,1.7,-5.822836465416513e-05,4.908236713350176
6DOF,220.0,load5,1.75,-6.0237722694703865e-05,4.913036910064723
6DOF,220.0,load5,1.8,-6.244511510367753e-05,4.917313489077582
6DOF,220.0,load5,1.85,-6.486327935684407e-05,4.921117459778984
6DOF,220.0,load5,1.9,-6.749323222626907e-05,4.92449220824999
6DOF,220.0,load5,1.95,-7.033134700477104e-05,4.927474802728802
6DOF,220.0,load5,2.0,-7.337343691591361e-05,4.9300970783002365
6DOF,220.0,load5,2.05,-7.661615287159158e-05,4.932386528997818
6DOF,220.0,load5,2.1,-8.005710033634729e-05,4.93436703971074
6DOF,220.0,load5,2.15,-8.369457615061709e-05,4.936059487137387
6DOF,220.0,load5,2.2,-8.752729496124079e-05,4.937482233935962
6DOF,220.0,load5,2.25,-9.155419544552574e-05,4.938651535649284
6DOF,220.0,load5,2.3,-9.57743208592368e-05,4.93958187610176
6DOF,220.0,load5,2.35,-0.00010018674802076027,4.940286244092078
6DOF,220.0,load5,2.4,-0.00010479054630199232,4.940776361842489
6DOF,220.0,load5,2.45,-0.00010958475449839295,4.94106287376769
6DOF,220.0,load5,2.5,-0.00011456836986577774,4.941155502625231
6DOF,220.0,load5,2.55,-0.0001197403451079001,4.941063178826017
6DOF,220.0,load5,2.6,-0.0001250995915701785,4.940794147676818
6DOF,220.0,load5,2.65,-0.0001306449866915449,4.9403560584505914
6DOF,220.0,load5,2.7,-0.0001363753847519345,4.939756038516735
6DOF,220.0,load5,2.75,-0.00014228962973658453,4.9390007551689505
6DOF,220.0,load5,2.8,-0.00014838657013516117,4.938096467311511
6DOF,220.0,load5,2.85,-0.0001546650747020647,4.937049068815013
6DOF,220.0,load5,2.9,-0.00016112404955458172,4.935864124982957
6DOF,220.0,load5,2.95,-0.00016776245568857277,4.934546903354585
6DOF,220.0,load5,3.0,-0.00017457932689076493,4.93310239983614
6DOF,220.0,load5,3.05,-0.00018157378844012236,4.931535360963915
6DOF,220.0,load5,3.1,-0.0001887450760597583,4.92985030298937
6DOF,220.0,load5,3.15,-0.00019609255512934614,4.928051528307055
6DOF,220.0,load5,3.2,-0.00020361574014400555,4.926143139730611
6DOF,220.0,load5,3.25,-0.00021131431488731302,4.924129052936382
6DOF,220.0,load5,3.3,-0.0002191881524014113,4.92201300740562
6DOF,220.0,load5,3.35,-0.00022723733574111376,4.919798576129609
6DOF,220.0,load5,3.4,-0.00023546217898375908,4.917489174260379
6DOF,220.0,load5,3.45,-0.00024386324880405023,4.9150880668966135
6DOF,220.0,load5,3.5,-0.00025244138607427385,4.9125983761387735
6DOF,220.0,load5,3.55,-0.00026119772888222,4.910023087525295
6DOF,220.0,load5,3.6,-0.0002701337352578625,4.907365055951613
6DOF,220.0,load5,3.65,-0.00027925120728613487,4.904627011151449
6DOF,220.0,load5,3.7,-0.0002885523157481581,4.901811562795885
6DOF,220.0,load5,3.75,-0.00029803962532387373,4.898921205277634
6DOF,220.0,load5,3.8,-0.0003077161212049647,4.895958322210233
6DOF,220.0,load5,3.85,-0.0003175852365540315,4.892925190683317
6DOF,220.0,load5,3.9,-0.00032765321785873595,4.889823978437235
6DOF,220.0,load5,3.95,-0.0003379763202447569,4.8866565671442945
6DOF,220.0,load5,4.0,-0.000348667701311899,4.883424776458318
3DOF,220.0,load8,0.05,0.0,2.166666666666667
3DOF,220.0,load8,0.1,0.0,3.1388888888888893
3DOF,220.0,load8,0.15,0.0,3.9490740740740744
3DOF,220.0,load8,0.2,0.0,4.624228395061729
3DOF,220.0,load8,0.25,0.0,5.186856995884774
3DOF,220.0,load8,0.3,0.0,5.655714163237312
3DOF,220.0,load8,0.35,0.0,6.046428469364427
3DOF,220.0,load8,0.4,0.0,6.372023724470356
3DOF,220.0,load8,0.45,0.0,6.643353103725297
3DOF,220.0,load8,0.5,0.0,6.869460919771081
3DOF,220.0,load8,0.55,0.0,7.057884099809234
3DOF,220.0,load8,0.6,0.0,7.2149034165076955
3DOF,220.0,load8,0.65,0.0,7.345752847089746
3DOF,220.0,load8,0.7,0.0,7.454794039241455
3DOF,220.0,load8,0.75,0.0,7.545661699367879
3DOF,220.0,load8,0.8,0.0,7.621384749473233
3DOF,220.0,load8,0.85,0.0,7.684487291227694
3DOF,220.0,load8,0.9,0.0,7.737072742689746
3DOF,220.0,load8,0.95,0.0,7.780893952241454
3DOF,220.0,load8,1.0,0.0,7.817411626867878
3DOF,220.0,load8,1.05,0.0,7.847843022389899
3DOF,220.0,load8,1.1,0.0,7.873202518658249
3DOF,220.0,load8,1.15,0.0,7.8943354322152075
3DOF,220.0,load8,1.2,0.0,7.911946193512673
3DOF,220.0,load8,1.25,0.0,7.926621827927227
3DOF,220.0,load8,1.3,0.0,7.93885152327269
3DOF,220.0,load8,1.35,0.0,7.949042936060575
3DOF,220.0,load8,1.4,0.0,7.957535780050479
3DOF,220.0,load8,1.45,0.0,7.964613150042066
3DOF,220.0,load8,1.5,0.0,7.970510958368388
3DOF,220.0,load8,1.55,0.0,7.975425798640323
3DOF,220.0,load8,1.6,0.0,7.979521498866936
3DOF,220.0,load8,1.65,0.0,7.982934582389114
3DOF,220.0,load8,1.7,0.0,7.985778818657595
3DOF,220.0,load8,1.75,0.0,7.988149015547996
3DOF,220.0,load8,1.8,0.0,7.99012417962333
3DOF,220.0,load8,1.85,0.0,7.991770149686109
3DOF,220.0,load8,1.9,0.0,7.99314179140509
3DOF,220.0,load8,1.95,0.0,7.994284826170909
3DOF,220.0,load8,2.0,0.0,7.995237355142424
3DOF,220.0,load8,2.05,0.0,7.996031129285353
3DOF,220.0,load8,2.1,0.0,7.996692607737795
3DOF,220.0,load8,2.15,0.0,7.997243839781496
3DOF,220.0,load8,2.2,0.0,7.997703199817914
3DOF,220.0,load8,2.25,0.0,7.998085999848262
3DOF,220.0,load8,2.3,0.0,7.998404999873552
3DOF,220.0,load8,2.35,0.0,7.99867083322796
3DOF,220.0,load8,2.4,0.0,7.9988923610233
3DOF,220.0,load8,2.45,0.0,7.999076967519416
3DOF,220.0,load8,2.5,0.0,7.99923080626618
3DOF,220.0,load8,2.55,0.0,7.999359005221817
3DOF,220.0,load8,2.6,0.0,7.9994658376848475
3DOF,220.0,load8,2.65,0.0,7.999554864737373
3DOF,220.0,load8,2.7,0.0,7.994667662848336
3DOF,220.0,load8,2.75,0.0,7.980312260608546
3DOF,220.0,load8,2.8,0.0,7.957981522246689
3DOF,220.0,load8,2.85,0.0,7.928940901170804
3DOF,220.0,load8,2.9,0.0,7.894263479986183
3DOF,220.0,load8,2.95,0.0,7.8548595624972
3DOF,220.0,load8,3.0,0.0,7.811501676961181
3DOF,220.0,load8,3.05,0.0,7.764845710792048
3DOF,220.0,load8,3.1,0.0,7.715448781353467
3DOF,220.0,load8,3.15,0.0,7.663784351185787
3DOF,220.0,load8,3.2,0.0,7.610255015568414
3DOF,220.0,load8,3.25,0.0,7.555203322976158
3DOF,220.0,load8,3.3,0.0,7.498920932507588
3DOF,220.0,load8,3.35,0.0,7.4416563649188205
3DOF,220.0,load8,3.4,0.0,7.383621563988159
3DOF,220.0,load8,3.45,0.0,7.324997451329759
3DOF,220.0,load8,3.5,0.0,7.265938629445729
3DOF,220.0,load8,3.55,0.0,7.2065773639068675
3DOF,220.0,load8,3.6,0.0,7.147026955375881
3DOF,220.0,load8,3.65,0.0,7.087384595143478
3DOF,220.0,load8,3.7,0.0,7.0277337834435984
3DOF,220.0,load8,3.75,0.0,6.968146377635446
3DOF,220.0,load8,3.8,0.0,6.908684327039551
3DOF,220.0,load8,3.85,0.0,6.849401142500686
3DOF,220.0,load8,3.9,0.0,6.790343141376159
3DOF,220.0,load8,3.95,0.0,6.731550502406523
3DOF,220.0,load8,4.0,0.0,6.673058159642303
6DOF,220.0,load8,0.05,-9.764467047866567e-09,1.1692652901297942
6DOF,220.0,load8,0.1,-1.0300041959820372e-07,1.5443731715713076
6DOF,220.0,load8,0.15,-1.033490241849865e-06,1.9868003375830432
6DOF,220.0,load8,0.2,-4.08575644233212e-06,2.3510643192238185
6DOF,220.0,load8,0.25,-9.800844401752412e-06,2.7672336986706343
6DOF,220.0,load8,0.3,-1.7236116345941723e-05,3.1799629408297667
6DOF,220.0,load8,0.35,-2.4942583650802424e-05,3.5653204313541607
6DOF,220.0,load8,0.4,-3.2092370501866814e-05,3.896768947964913
6DOF,220.0,load8,0.45,-3.835124009870018e-05,4.1886761041069995
6DOF,220.0,load8,0.5,-4.359042670847168e-05,4.4418861324764665
6DOF,220.0,load8,0.55,-4.783615324342813e-05,4.659330999754483
6DOF,220.0,load8,0.6,-5.119934770770038e-05,4.844811691522326
6DOF,220.0,load8,0.65,-5.382017198317522e-05,5.002312631504418
6DOF,220.0,load8,0.7,-5.583513489561159e-05,5.137523403834683
6DOF,220.0,load8,0.75,-5.731885451754792e-05,5.256556159853622
6DOF,220.0,load8,0.8,-5.829843840836127e-05,5.358675433245568
6DOF,220.0,load8,0.85,-5.8850650252130875e-05,5.446741566443496
6DOF,220.0,load8,0.9,-5.905746709652073e-05,5.522881298188214
6DOF,220.0,load8,0.95,-5.897654513735931e-05,5.5887541506259035
6DOF,220.0,load8,1.0,-5.864018030851289e-05,5.64570610840432
6DOF,220.0,load8,1.05,-5.806501961477031e-05,5.694860499804932
6DOF,220.0,load8,1.1,-5.7261568009717995e-05,5.737173309971952
6DOF,220.0,load8,1.15,-5.624012476671963e-05,5.77346838480544
6DOF,220.0,load8,1.2,-5.5013451403430324e-05,5.804461171588038
6DOF,220.0,load8,1.25,-5.3597403988297434e-05,5.83077578471436
6DOF,220.0,load8,1.3,-5.201057568718192e-05,5.852958036681803
6DOF,220.0,load8,1.35,-5.027358581737359e-05,5.871485894010775
6DOF,220.0,load8,1.4,-4.84083317732977e-05,5.886778175791926
6DOF,220.0,load8,1.45,-4.643733482095356e-05,5.899201965701702
6DOF,220.0,load8,1.5,-4.438321777437076e-05,5.909079021537954
6DOF,220.0,load8,1.55,-4.2268313749981585e-05,5.916691365017283
6DOF,220.0,load8,1.6,-4.0114390713534906e-05,5.922286178834288
6DOF,220.0,load8,1.65,-3.794247182400655e-05,5.926080106165345
6DOF,220.0,load8,1.7,-3.5772732960454885e-05,5.928263028622928
6DOF,220.0,load8,1.75,-3.36244596854465e-05,5.929001386189469
6DOF,220.0,load8,1.8,-3.1516049658204186e-05,5.928441093736403
6DOF,220.0,load8,1.85,-2.946504782947104e-05,5.926710101908043
6DOF,220.0,load8,1.9,-2.748820490204251e-05,5.923920644480664
6DOF,220.0,load8,1.95,-2.5601551348341725e-05,5.920171209473964
6DOF,220.0,load8,2.0,-2.3820480941118865e-05,5.915548267043808
6DOF,220.0,load8,2.05,-2.2159839287682483e-05,5.910127783419365
6DOF,220.0,load8,2.1,-2.0634014148232322e-05,5.903976546776085
6DOF,220.0,load8,2.15,-1.9257024982554388e-05,5.89715332792109
6DOF,220.0,load8,2.2,-1.804261035768983e-05,5.889709896007241
6DOF,220.0,load8,2.25,-1.7004311732382558e-05,5.881691907057922
6DOF,220.0,load8,2.3,-1.6155553548508287e-05,5.873139681018168
6DOF,220.0,load8,2.35,-1.5509718808116355e-05,5.864088881102071
6DOF,220.0,load8,2.4,-1.5080220238177807e-05,5.854571107580159
6DOF,220.0,load8,2.45,-1.4880567653160437e-05,5.844614416651058
6DOF,220.0,load8,2.5,-1.4924431078997156e-05,5.834243773738895
6DOF,220.0,load8,2.55,-1.5225700104148556e-05,5.823481449426343
6DOF,220.0,load8,2.6,-1.5798540521260532e-05,5.812347365194229
6DOF,220.0,load8,2.65,-1.665744786504702e-05,5.800859395288345
6DOF,220.0,load8,2.7,-1.781729875736991e-05,5.789033630198768
6DOF,220.0,load8,2.75,-1.929340011220052e-05,5.776884606606505
6DOF,220.0,load8,2.8,-2.1101537517401733e-05,5.764425508011565
6DOF,220.0,load8,2.85,-2.325802193289932e-05,5.751668339735601
6DOF,220.0,load8,2.9,-2.5779736323891008e-05,5.7386240815549145
6DOF,220.0,load8,2.95,-2.8684181769619506e-05,5.725302820762941
6DOF,220.0,load8,3.0,-3.198952448421064e-05,5.711713868160606
6DOF,220.0,load8,3.05,-3.5714642519386116e-05,5.697865859131411
6DOF,220.0,load8,3.1,-3.987917446294677e-05,5.683766841684676
6DOF,220.0,load8,3.15,-4.450356880084295e-05,5.669424353116695
6DOF,220.0,load8,3.2,-4.9609135649634136e-05,5.654845486757952
6DOF,220.0,load8,3.25,-5.5218100340491055e-05,5.640036950035463
6DOF,220.0,load8,3.3,-6.13536597285775e-05,5.625005114967355
6DOF,220.0,load8,3.35,-6.804004126406848e-05,5.609756062064116
6DOF,220.0,load8,3.4,-7.530256601860337e-05,5.594295618450815
6DOF,220.0,load8,3.45,-8.316771476196982e-05,5.5786293909676345
6DOF,220.0,load8,3.5,-9.166319891989249e-05,5.562762794883222
6DOF,220.0,load8,3.55,-0.00010081803612426529,5.546701078772492
6DOF,220.0,load8,3.6,-0.00011066263136744103,5.530449346055126
6DOF,220.0,load8,3.65,-0.00012122886330991632,5.514012573632836
6DOF,220.0,load8,3.7,-0.0001325501782711549,5.497395627978878
6DOF,220.0,load8,3.75,-0.00014466169039770586,5.480603279000765
6DOF,220.0,load8,3.8,-0.00015760029017215799,5.463640212006992
6DOF,220.0,load8,3.85,-0.00017140476217902785,5.44651103795298
6DOF,220.0,load8,3.9,-0.0001861159119737447,5.429220302249327
6DOF,220.0,load8,3.95,-0.0002017767041588063,5.4117724922805115
6DOF,220.0,load8,4.0,-0.00021843241161525462,5.394172043817397
3DOF,260.0,bank60,0.05,8.571428571428571,1.0
3DOF,260.0,bank60,0.1,15.918367346938775,1.0
3DOF,260.0,bank60,0.15,22.215743440233236,1.0
3DOF,260.0,bank60,0.2,27.613494377342775,1.0
3DOF,260.0,bank60,0.25,32.24013803772238,1.0
3DOF,260.0,bank60,0.3,36.20583260376204,1.0
3DOF,260.0,bank60,0.35,39.604999374653175,1.0
3DOF,260.0,bank60,0.4,42.51857089255987,1.0
3DOF,260.0,bank60,0.45,45.01591790790846,1.0
3DOF,260.0,bank60,0.5,47.15650106392154,1.0
3DOF,260.0,bank60,0.55,48.99128662621847,1.0
3DOF,260.0,bank60,0.6,50.56395996533011,1.0
3DOF,260.0,bank60,0.65,51.91196568456866,1.0
3DOF,260.0,bank60,0.7,53.06739915820172,1.0
3DOF,260.0,bank60,0.75,54.057770707030045,1.0
3DOF,260.0,bank60,0.8,54.90666060602575,1.0
3DOF,260.0,bank60,0.85,55.63428051945064,1.0
3DOF,260.0,bank60,0.9,56.25795473095769,1.0
3DOF,260.0,bank60,0.95,56.79253262653516,1.0
3DOF,260.0,bank60,1.0,57.25074225131585,1.0
3DOF,260.0,bank60,1.05,57.64349335827073,1.0
3DOF,260.0,bank60,1.1,57.980137164232055,1.0
3DOF,260.0,bank60,1.15,58.26868899791318,1.0
3DOF,260.0,bank60,1.2,58.51601914106845,1.0
3DOF,260.0,bank60,1.25,58.728016406630104,1.0
3DOF,260.0,bank60,1.3,58.909728348540085,1.0
3DOF,260.0,bank60,1.35,59.06548144160579,1.0
3DOF,260.0,bank60,1.4,59.198984092804956,1.0
3DOF,260.0,bank60,1.45,59.31341493668996,1.0
3DOF,260.0,bank60,1.5,59.411498517162826,1.0
3DOF,260.0,bank60,1.55,59.49557015756813,1.0
3DOF,260.0,bank60,1.6,59.56763156362983,1.0
3DOF,260.0,bank60,1.65,59.62939848311129,1.0
3DOF,260.0,bank60,1.7,59.68234155695252,1.0
3DOF,260.0,bank60,1.75,59.727721334530735,1.0
3DOF,260.0,bank60,1.8,59.76661828674062,1.0
3DOF,260.0,bank60,1.85,59.79995853149197,1.0
3DOF,260.0,bank60,1.9,59.828535884135974,1.0
3DOF,260.0,bank60,1.95,59.85303075783083,1.0
3DOF,260.0,bank60,2.0,59.874026363854995,1.0
3DOF,260.0,bank60,2.05,59.892022597589985,1.0
3DOF,260.0,bank60,2.1,59.907447940791414,1.0
3DOF,260.0,bank60,2.15,59.9206696635355,1.0
3DOF,260.0,bank60,2.2,59.932002568744714,1.0
3DOF,260.0,bank60,2.25,59.941716487495476,1.0
3DOF,260.0,bank60,2.3,59.95004270356755,1.0
3DOF,260.0,bank60,2.35,59.957179460200756,1.0
3DOF,260.0,bank60,2.4,59.96329668017208,1.0
3DOF,260.0,bank60,2.45,59.96854001157606,1.0
3DOF,260.0,bank60,2.5,59.97303429563662,1.0
3DOF,260.0,bank60,2.55,59.97688653911711,1.0
3DOF,260.0,bank60,2.6,59.98018846210037,1.0
3DOF,260.0,bank60,2.65,59.983018681800324,1.0
3DOF,260.0,bank60,2.7,59.98544458440028,1.0
3DOF,260.0,bank60,2.75,59.987523929485945,1.0
3DOF,260.0,bank60,2.8,59.989306225273666,1.0
3DOF,260.0,bank60,2.85,59.99083390737742,1.0
3DOF,260.0,bank60,2.9,59.99214334918065,1.0
3DOF,260.0,bank60,2.95,59.99326572786913,1.0
3DOF,260.0,bank60,3.0,59.99422776674497,1.0
3DOF,260.0,bank60,3.05,59.995052371495696,1.0
3DOF,260.0,bank60,3.1,59.995759175567734,1.0
3DOF,260.0,bank60,3.15,59.996365007629485,1.0
3DOF,260.0,bank60,3.2,59.996884292253846,1.0
3DOF,260.0,bank60,3.25,59.99732939336044,1.0
3DOF,260.0,bank60,3.3,59.99771090859466,1.0
3DOF,260.0,bank60,3.35,59.99803792165257,1.0
3DOF,260.0,bank60,3.4,59.99831821855935,1.0
3DOF,260.0,bank60,3.45,59.99855847305086,1.0
3DOF,260.0,bank60,3.5,59.998764405472166,1.0
3DOF,260.0,bank60,3.55,59.99894091897614,1.0
3DOF,260.0,bank60,3.6,59.999092216265254,1.0
3DOF,260.0,bank60,3.65,59.99922189965593,1.0
3DOF,260.0,bank60,3.7,59.99933305684794,1.0
3DOF,260.0,bank60,3.75,59.999428334441085,1.0
3DOF,260.0,bank60,3.8,59.9995100009495,1.0
3DOF,260.0,bank60,3.85,59.99958000081386,1.0
3DOF,260.0,bank60,3.9,59.999640000697596,1.0
3DOF,260.0,bank60,3.95,59.99969142916936,1.0
3DOF,260.0,bank60,4.0,59.99973551071659,1.0
6DOF,260.0,bank60,0.05,0.31902327151589055,0.31810548848011655
6DOF,260.0,bank60,0.1,1.7441102849256422,-0.38792099008798275
6DOF,260.0,bank60,0.15,4.205363340766384,-0.9917631094666413
6DOF,260.0,bank60,0.2,7.546932330047361,-0.8114078189568842
6DOF,260.0,bank60,0.25,11.622419958348791,-0.5086663260385395
6DOF,260.0,bank60,0.3,16.3142004538774,-0.2287701472462228
6DOF,260.0,bank60,0.35,21.537004516154056,0.010139239107987013
6DOF,260.0,bank60,0.4,27.231533845719238,0.201614726621449
6DOF,260.0,bank60,0.45,33.35770450866055,0.34467022306115613
6DOF,260.0,bank60,0.5,39.77478232109954,0.998758271043294
6DOF,260.0,bank60,0.55,45.19774647090142,1.6063862719305964
6DOF,260.0,bank60,0.6,49.15618046381721,1.9729538743457808
6DOF,260.0,bank60,0.65,52.06451013467368,2.3926601105473204
6DOF,260.0,bank60,0.7,54.24417543071119,2.220307036346896
6DOF,260.0,bank60,0.75,55.88092996719209,1.6132685429958105
6DOF,260.0,bank60,0.8,57.10802701381743,1.308439044537406
6DOF,260.0,bank60,0.85,58.03638736890777,1.0857234395435278
6DOF,260.0,bank60,0.9,58.739351580802875,0.9827161247655284
6DOF,260.0,bank60,0.95,59.26739248290135,0.9304844771059945
6DOF,260.0,bank60,1.0,59.66058667052358,0.946600244621015
6DOF,260.0,bank60,1.05,59.95200653390225,0.9927138093196758
6DOF,260.0,bank60,1.1,60.16735262738332,1.033974019210491
6DOF,260.0,bank60,1.15,60.32553935805207,1.0639271760238669
6DOF,260.0,bank60,1.2,60.44103654909008,1.0819801526647157
6DOF,260.0,bank60,1.25,60.52523976520089,1.0913244598776317
6DOF,260.0,bank60,1.3,60.58677012081417,1.0941251631137454
6DOF,260.0,bank60,1.35,60.63191986970563,1.0937550303517687
6DOF,260.0,bank60,1.4,60.665185904009896,1.0921871445516094
6DOF,260.0,bank60,1.45,60.689753025296014,1.0905725137721112
6DOF,260.0,bank60,1.5,60.70788452725951,1.0893223917494463
6DOF,260.0,bank60,1.55,60.721210458555326,1.08845558614895
6DOF,260.0,bank60,1.6,60.73092601836867,1.0878422307284896
6DOF,260.0,bank60,1.65,60.73792201323607,1.0873368841110076
6DOF,260.0,bank60,1.7,60.7428694460327,1.086839536269545
6DOF,260.0,bank60,1.75,60.74627563062268,1.0863015944653462
6DOF,260.0,bank60,1.8,60.74852340453424,1.0857125314322769
6DOF,260.0,bank60,1.85,60.749900220148085,1.0850817963381012
6DOF,260.0,bank60,1.9,60.750620676625154,1.0844250742570363
6DOF,260.0,bank60,1.95,60.75084426174827,1.0837565743569646
6DOF,260.0,bank60,2.0,60.75068924735203,1.0830861840469204
6DOF,260.0,bank60,2.05,60.75024338487436,1.0824195152113447
6DOF,260.0,bank60,2.1,60.74957196867919,1.0817591137113076
6DOF,260.0,bank60,2.15,60.74872380435714,1.0811057892850502
6DOF,260.0,bank60,2.2,60.74773557121541,1.0804596002026463
6DOF,260.0,bank60,2.25,60.746634993885806,1.0798204135401643
6DOF,260.0,bank60,2.3,60.745443151198614,1.0791881381329433
6DOF,260.0,bank60,2.35,60.74417616717932,1.0785627681045953
6DOF,260.0,bank60,2.4,60.742846459348065,1.0779443481957314
6DOF,260.0,bank60,2.45,60.74146366677653,1.0773329268587375
6DOF,260.0,bank60,2.5,60.74003534322798,1.0767285249326406
6DOF,260.0,bank60,2.55,60.7385674757035,1.0761311242471314
6DOF,260.0,bank60,2.6,60.73706487210856,1.075540670358643
6DOF,260.0,bank60,2.65,60.73553145051796,1.0749570817780947
6DOF,260.0,bank60,2.7,60.73397045457906,1.0743802600721015
6DOF,260.0,bank60,2.75,60.73238461371128,1.0738100979710694
6DOF,260.0,bank60,2.8,60.730776262246316,1.0732464847467575
6DOF,260.0,bank60,2.85,60.72914742814646,1.0726893092843224
6DOF,260.0,bank60,2.9,60.72749989922888,1.0721384616056835
6DOF,260.0,bank60,2.95,60.72583527275789,1.0715938335607462
6DOF,260.0,bank60,3.0,60.724154992722696,1.071055319139569
6DOF,260.0,bank60,3.05,60.72246037797557,1.0705228146548242
6DOF,260.0,bank60,3.1,60.720752643572006,1.0699962188870984
6DOF,260.0,bank60,3.15,60.719032917043855,1.0694754331992942
6DOF,260.0,bank60,3.2,60.7173022508902,1.0689603616250418
6DOF,260.0,bank60,3.25,60.71556163224287,1.068450910908952
6DOF,260.0,bank60,3.3,60.713811990418144,1.067946990505886
6DOF,260.0,bank60,3.35,60.712054202885824,1.0674485125443136
6DOF,260.0,bank60,3.4,60.7102891000505,1.066955391761648
6DOF,260.0,bank60,3.45,60.70851746913921,1.066467545424677
6DOF,260.0,bank60,3.5,60.70674005741364,1.0659848932384255
6DOF,260.0,bank60,3.55,60.70495757486956,1.065507357253149
6DOF,260.0,bank60,3.6,60.70317069654414,1.0650348617676637
6DOF,260.0,bank60,3.65,60.70138006452155,1.0645673332370202
6DOF,260.0,bank60,3.7,60.69958628970331,1.06410470017755
6DOF,260.0,bank60,3.75,60.697789953394704,1.0636468930790761
6DOF,260.0,bank60,3.8,60.695991608743654,1.063193844315936
6DOF,260.0,bank60,3.85,60.694191782061424,1.062745488063516
6DOF,260.0,bank60,3.9,60.69239097404541,1.0623017602192566
6DOF,260.0,bank60,3.95,60.690589660921596,1.0618625983219114
6DOF,260.0,bank60,4.0,60.68878829551705,1.0614279414817518
3DOF,260.0,bank135,0.05,19.28571428571429,1.0
3DOF,260.0,bank135,0.1,35.81632653061225,1.0
3DOF,260.0,bank135,0.15,49.98542274052478,1.0
3DOF,260.0,bank135,0.2,62.13036234902124,1.0
3DOF,260.0,bank135,0.25,72.54031058487536,1.0
3DOF,260.0,bank135,0.3,81.46312335846459,1.0
3DOF,260.0,bank135,0.35,89.11124859296964,1.0
3DOF,260.0,bank135,0.4,95.6667845082597,1.0
3DOF,260.0,bank135,0.45,101.28581529279403,1.0
3DOF,260.0,bank135,0.5,106.10212739382347,1.0
3DOF,260.0,bank135,0.55,110.23039490899154,1.0
3DOF,260.0,bank135,0.6,113.76890992199274,1.0
3DOF,260.0,bank135,0.65,116.8019227902795,1.0
3DOF,260.0,bank135,0.7,119.40164810595385,1.0
3DOF,260.0,bank135,0.75,121.62998409081759,1.0
3DOF,260.0,bank135,0.8,123.53998636355793,1.0
3DOF,260.0,bank135,0.85,125.17713116876395,1.0
3DOF,260.0,bank135,0.9,126.58039814465482,1.0
3DOF,260.0,bank135,0.95,127.78319840970413,1.0
3DOF,260.0,bank135,1.0,128.81417006546067,1.0
3DOF,260.0,bank135,1.05,129.69786005610914,1.0
3DOF,260.0,bank135,1.1,130.45530861952213,1.0
3DOF,260.0,bank135,1.15,131.10455024530467,1.0
3DOF,260.0,bank135,1.2,131.661043067404,1.0
3DOF,260.0,bank135,1.25,132.1380369149177,1.0
3DOF,260.0,bank135,1.3,132.54688878421518,1.0
3DOF,260.0,bank135,1.35,132.897333243613,1.0
3DOF,260.0,bank135,1.4,133.19771420881116,1.0
3DOF,260.0,bank135,1.45,133.4551836075524,1.0
3DOF,260.0,bank135,1.5,133.67587166361636,1.0
3DOF,260.0,bank135,1.55,133.86503285452832,1.0
3DOF,260.0,bank135,1.6,134.02717101816714,1.0
3DOF,260.0,bank135,1.65,134.1661465870004,1.0
3DOF,260.0,bank135,1.7,134.28526850314321,1.0
3DOF,260.0,bank135,1.75,134.38737300269418,1.0
3DOF,260.0,bank135,1.8,134.47489114516642,1.0
3DOF,260.0,bank135,1.85,134.54990669585692,1.0
3DOF,260.0,bank135,1.9,134.61420573930596,1.0
3DOF,260.0,bank135,1.95,134.6693192051194,1.0
3DOF,260.0,bank135,2.0,134.71655931867377,1.0
3DOF,260.0,bank135,2.05,134.75705084457752,1.0
3DOF,260.0,bank135,2.1,134.79175786678073,1.0
3DOF,260.0,bank135,2.15,134.8215067429549,1.0
3DOF,260.0,bank135,2.2,134.84700577967564,1.0
3DOF,260.0,bank135,2.25,134.86886209686486,1.0
3DOF,260.0,bank135,2.3,134.88759608302703,1.0
3DOF,260.0,bank135,2.35,134.90365378545175,1.0
3DOF,260.0,bank135,2.4,134.9174175303872,1.0
3DOF,260.0,bank135,2.45,134.92921502604617,1.0
3DOF,260.0,bank135,2.5,134.93932716518242,1.0
3DOF,260.0,bank135,2.55,134.94799471301351,1.0
3DOF,260.0,bank135,2.6,134.95542403972587,1.0
3DOF,260.0,bank135,2.65,134.96179203405075,1.0
3DOF,260.0,bank135,2.7,134.96725031490067,1.0
3DOF,260.0,bank135,2.75,134.9719288413434,1.0
3DOF,260.0,bank135,2.8,134.9759390068658,1.0
3DOF,260.0,bank135,2.85,134.97937629159927,1.0
3DOF,260.0,bank135,2.9,134.9823225356565,1.0
3DOF,260.0,bank135,2.95,134.98484788770557,1.0
3DOF,260.0,bank135,3.0,134.98701247517621,1.0
3DOF,260.0,bank135,3.05,134.9888678358653,1.0
3DOF,260.0,bank135,3.1,134.99045814502742,1.0
3DOF,260.0,bank135,3.15,134.99182126716636,1.0
3DOF,260.0,bank135,3.2,134.99298965757117,1.0
3DOF,260.0,bank135,3.25,134.993991135061,1.0
3DOF,260.0,bank135,3.3,134.994849544338,1.0
3DOF,260.0,bank135,3.35,134.99558532371827,1.0
3DOF,260.0,bank135,3.4,134.99621599175853,1.0
3DOF,260.0,bank135,3.45,134.99675656436443,1.0
3DOF,260.0,bank135,3.5,134.99721991231237,1.0
3DOF,260.0,bank135,3.55,134.99761706769635,1.0
3DOF,260.0,bank135,3.6,134.99795748659687,1.0
3DOF,260.0,bank135,3.65,134.99824927422588,1.0
3DOF,260.0,bank135,3.7,134.9984993779079,1.0
3DOF,260.0,bank135,3.75,134.9987137524925,1.0
3DOF,260.0,bank135,3.8,134.99889750213643,1.0
3DOF,260.0,bank135,3.85,134.9990550018312,1.0
3DOF,260.0,bank135,3.9,134.99919000156962,1.0
3DOF,260.0,bank135,3.95,134.99930571563112,1.0
3DOF,260.0,bank135,4.0,134.9994048991124,1.0
6DOF,260.0,bank135,0.05,0.31902327151589055,0.31810548848011655
6DOF,260.0,bank135,0.1,1.7441102849256422,-0.38792099008798275
6DOF,260.0,bank135,0.15,4.205363340766384,-0.9917631094666413
6DOF,260.0,bank135,0.2,7.546932330047361,-0.8114078189568842
6DOF,260.0,bank135,0.25,11.622419958348791,-0.5086663260385395
6DOF,260.0,bank135,0.3,16.3142004538774,-0.2287701472462228
6DOF,260.0,bank135,0.35,21.537004516154056,0.010139239107987013
6DOF,260.0,bank135,0.4,27.231533845719238,0.201614726621449
6DOF,260.0,bank135,0.45,33.35770450866055,0.34467022306115613
6DOF,260.0,bank135,0.5,39.888542362315974,0.4408104964148611
6DOF,260.0,bank135,0.55,46.805776044675085,0.4927435860005223
6DOF,260.0,bank135,0.6,54.09685236395633,0.5038772464778669
6DOF,260.0,bank135,0.65,61.752834390689046,0.4781639119110008
6DOF,260.0,bank135,0.7,69.76678174152218,0.42008701009755617
6DOF,260.0,bank135,0.75,78.1323543868125,0.33468912294997044
6DOF,260.0,bank135,0.8,86.8424975053457,0.22759070768166884
6DOF,260.0,bank135,0.85,95.88744531606054,0.20275519480601537
6DOF,260.0,bank135,0.9,105.16401538840654,0.5823091258679346
6DOF,260.0,bank135,0.95,113.28798578871533,1.1803181778118357
6DOF,260.0,bank135,1.0,119.37399627384869,1.5127290092282561
6DOF,260.0,bank135,1.05,123.72611292815225,1.7648552780224722
6DOF,260.0,bank135,1.1,126.9214872238626,1.9765854288957734
6DOF,260.0,bank135,1.15,129.32718470655576,1.5823664576212115
6DOF,260.0,bank135,1.2,131.15249450753052,1.2587508296577454
6DOF,260.0,bank135,1.25,132.5424272807292,0.9802823387156333
6DOF,260.0,bank135,1.3,133.58917687768795,0.7787823403871839
6DOF,260.0,bank135,1.35,134.3621408909973,0.6956567478545819
6DOF,260.0,bank135,1.4,134.92469837811765,0.6995938319207249
6DOF,260.0,bank135,1.45,135.32963895381664,0.7482465603530795
6DOF,260.0,bank135,1.5,135.61723023098514,0.8155744967574132
6DOF,260.0,bank135,1.55,135.8178435585815,0.8879290266208458
6DOF,260.0,bank135,1.6,135.95433866845224,0.9581674670883206
6DOF,260.0,bank135,1.65,136.04383726926287,1.0215101299357068
6DOF,260.0,bank135,1.7,136.09883123827092,1.0517789782780549
6DOF,260.0,bank135,1.75,136.12823476448997,1.074412372035649
6DOF,260.0,bank135,1.8,136.13968475129485,1.0849367029936656
6DOF,260.0,bank135,1.85,136.13918017821896,1.0885840537558853
6DOF,260.0,bank135,1.9,136.1309494906819,1.0886092878614664
6DOF,260.0,bank135,1.95,136.1177842747373,1.087342725639607
6DOF,260.0,bank135,2.0,136.1014692796781,1.0861430010653765
6DOF,260.0,bank135,2.05,136.0831474660996,1.0854074961918976
6DOF,260.0,bank135,2.1,136.06357631723233,1.085149187413694
6DOF,260.0,bank135,2.15,136.04328599591292,1.085183378094938
6DOF,260.0,bank135,2.2,136.02266609561926,1.0853293471660055
6DOF,260.0,bank135,2.25,136.00200998097932,1.0854634692589031
6DOF,260.0,bank135,2.3,135.98153777708455,1.085527396942699
6DOF,260.0,bank135,2.35,135.9614104989529,1.0855093430209537
6DOF,260.0,bank135,2.4,135.94174116644038,1.0854207736831418
6DOF,260.0,bank135,2.45,135.92260480152353,1.0852800583760938
6DOF,260.0,bank135,2.5,135.90404744183988,1.0851032888388812
6DOF,260.0,bank135,2.55,135.8860938298309,1.0849013967552807
6DOF,260.0,bank135,2.6,135.86875355667655,1.0846805263265618
6DOF,260.0,bank135,2.65,135.8520256937248,1.084443649696626
6DOF,260.0,bank135,2.7,135.83590213228078,1.0841921485759483
6DOF,260.0,bank135,2.75,135.82036992699668,1.083926875515092
6DOF,260.0,bank135,2.8,135.80541292486353,1.0836486793562834
6DOF,260.0,bank135,2.85,135.79101290501671,1.0833585558195973
6DOF,260.0,bank135,2.9,135.77715038910492,1.0830576131688903
6DOF,260.0,bank135,2.95,135.76380522699256,1.0827469845929625
6DOF,260.0,bank135,3.0,135.75095702393514,1.0824277555088904
6DOF,260.0,bank135,3.05,135.73858545142775,1.0821009255945286
6DOF,260.0,bank135,3.1,135.7266704702635,1.081767400355377
6DOF,260.0,bank135,3.15,135.7151924866772,1.0814279994206595
6DOF,260.0,bank135,3.2,135.7041324577742,1.0810834703294316
6DOF,260.0,bank135,3.25,135.69347195909543,1.0807345012577592
6DOF,260.0,bank135,3.3,135.68319322442105,1.0803817302914573
6DOF,260.0,bank135,3.35,135.67327916556923,1.080025751356832
6DOF,260.0,bank135,3.4,135.66371337798915,1.079667117881797
6DOF,260.0,bank135,3.45,135.6544801363895,1.0793063452856975
6DOF,260.0,bank135,3.5,135.64556438346247,1.0789439130285268
6DOF,260.0,bank135,3.55,135.63695171390378,1.0785802665722073
6DOF,260.0,bank135,3.6,135.62862835531217,1.0782158193530305
6DOF,260.0,bank135,3.65,135.62058114711672,1.0778509547282529
6DOF,260.0,bank135,3.7,135.61279751836668,1.0774860278549265
6DOF,260.0,bank135,3.75,135.6052654649893,1.0771213674554614
6DOF,260.0,bank135,3.8,135.59797352695418,1.0767572774583836
6DOF,260.0,bank135,3.85,135.5909107656542,1.0763940385226716
6DOF,260.0,bank135,3.9,135.58406674172,1.0760319094597985
6DOF,260.0,bank135,3.95,135.5774325115967,1.0753251311460852
6DOF,260.0,bank135,4.0,135.5709651623487,1.0751008356948928
3DOF,260.0,load5,0.05,0.0,1.6666666666666667
3DOF,260.0,load5,0.1,0.0,2.2222222222222223
3DOF,260.0,load5,0.15,0.0,2.685185185185185
3DOF,260.0,load5,0.2,0.0,3.0709876543209877
3DOF,260.0,load5,0.25,0.0,3.3924897119341564
3DOF,260.0,load5,0.3,0.0,3.6604080932784635
3DOF,260.0,load5,0.35,0.0,3.883673411065386
3DOF,260.0,load5,0.4,0.0,4.069727842554489
3DOF,260.0,load5,0.45,0.0,4.22477320212874
3DOF,260.0,load5,0.5,0.0,4.353977668440617
3DOF,260.0,load5,0.55,0.0,4.461648057033847
3DOF,260.0,load5,0.6,0.0,4.5513733808615395
3DOF,260.0,load5,0.65,0.0,4.626144484051283
3DOF,260.0,load5,0.7,0.0,4.688453736709402
3DOF,260.0,load5,0.75,0.0,4.740378113924502
3DOF,260.0,load5,0.8,0.0,4.783648428270418
3DOF,260.0,load5,0.85,0.0,4.819707023558681
3DOF,260.0,load5,0.9,0.0,4.8497558529655675
3DOF,260.0,load5,0.95,0.0,4.874796544137973
3DOF,260.0,load5,1.0,0.0,4.895663786781644
3DOF,260.0,load5,1.05,0.0,4.913053155651371
3DOF,260.0,load5,1.1,0.0,4.927544296376142
3DOF,260.0,load5,1.15,0.0,4.939620246980119
3DOF,260.0,load5,1.2,0.0,4.949683539150099
3DOF,260.0,load5,1.25,0.0,4.958069615958416
3DOF,260.0,load5,1.3,0.0,4.96505801329868
3DOF,260.0,load5,1.35,0.0,4.9708816777489
3DOF,260.0,load5,1.4,0.0,4.9757347314574165
3DOF,260.0,load5,1.45,0.0,4.979778942881181
3DOF,260.0,load5,1.5,0.0,4.983149119067651
3DOF,260.0,load5,1.55,0.0,4.985957599223043
3DOF,260.0,load5,1.6,0.0,4.988297999352536
3DOF,260.0,load5,1.65,0.0,4.99024833279378
3DOF,260.0,load5,1.7,0.0,4.991873610661484
3DOF,260.0,load5,1.75,0.0,4.99322800888457
3DOF,260.0,load5,1.8,0.0,4.994356674070475
3DOF,260.0,load5,1.85,0.0,4.9952972283920625
3DOF,260.0,load5,1.9,0.0,4.996081023660052
3DOF,260.0,load5,1.95,0.0,4.996734186383376
3DOF,260.0,load5,2.0,0.0,4.997278488652814
3DOF,260.0,load5,2.05,0.0,4.997732073877345
3DOF,260.0,load5,2.1,0.0,4.9981100615644545
3DOF,260.0,load5,2.15,0.0,4.9984250513037125
3DOF,260.0,load5,2.2,0.0,4.9986875427530935
3DOF,260.0,load5,2.25,0.0,4.998906285627578
3DOF,260.0,load5,2.3,0.0,4.999088571356316
3DOF,260.0,load5,2.35,0.0,4.999240476130263
3DOF,260.0,load5,2.4,0.0,4.999367063441886
3DOF,260.0,load5,2.45,0.0,4.999472552868238
3DOF,260.0,load5,2.5,0.0,4.999560460723532
3DOF,260.0,load5,2.55,0.0,4.99963371726961
3DOF,260.0,load5,2.6,0.0,4.999694764391342
3DOF,260.0,load5,2.65,0.0,4.9997456369927855
3DOF,260.0,load5,2.7,0.0,4.999788030827322
3DOF,260.0,load5,2.75,0.0,4.999823359022768
3DOF,260.0,load5,2.8,0.0,4.99985279918564
3DOF,260.0,load5,2.85,0.0,4.9998773326547
3DOF,260.0,load5,2.9,0.0,4.99989777721225
3DOF,260.0,load5,2.95,0.0,4.9999148143435415
3DOF,260.0,load5,3.0,0.0,4.999929011952951
3DOF,260.0,load5,3.05,0.0,4.999940843294127
3DOF,260.0,load5,3.1,0.0,4.999950702745106
3DOF,260.0,load5,3.15,0.0,4.999958918954255
3DOF,260.0,load5,3.2,0.0,4.999965765795213
3DOF,260.0,load5,3.25,0.0,4.999971471496011
3DOF,260.0,load5,3.3,0.0,4.999976226246676
3DOF,260.0,load5,3.35,0.0,4.999980188538896
3DOF,260.0,load5,3.4,0.0,4.999983490449081
3DOF,260.0,load5,3.45,0.0,4.999986242040901
3DOF,260.0,load5,3.5,0.0,4.999988535034084
3DOF,260.0,load5,3.55,0.0,4.999990445861736
3DOF,260.0,load5,3.6,0.0,4.999992038218114
3DOF,260.0,load5,3.65,0.0,4.999993365181761
3DOF,260.0,load5,3.7,0.0,4.999994470984801
3DOF,260.0,load5,3.75,0.0,4.999995392487334
3DOF,260.0,load5,3.8,0.0,4.999996160406112
3DOF,260.0,load5,3.85,0.0,4.999996800338427
3DOF,260.0,load5,3.9,0.0,4.999997333615356
3DOF,260.0,load5,3.95,0.0,4.999997778012797
3DOF,260.0,load5,4.0,0.0,4.999998148343997
6DOF,260.0,load5,0.05,-2.6813025285751116e-08,1.247914535589152
6DOF,260.0,load5,0.1,-2.0060309361648377e-07,1.8419547202643352
6DOF,260.0,load5,0.15,-1.7079143398444626e-06,2.332260599068342
6DOF,260.0,load5,0.2,-5.668384831122977e-06,2.763024942109645
6DOF,260.0,load5,0.25,-1.1014154700534817e-05,3.2387216259249105
6DOF,260.0,load5,0.3,-1.5730320198470457e-05,3.643915569874237
6DOF,260.0,load5,0.35,-1.9145881604279438e-05,3.977979730148977
6DOF,260.0,load5,0.4,-2.1604721518520374e-05,4.260607669795801
6DOF,260.0,load5,0.45,-2.3668383420124854e-05,4.468788740963572
6DOF,260.0,load5,0.5,-2.5759480285599277e-05,4.63477700208516
6DOF,260.0,load5,0.55,-2.8137054704766336e-05,4.7653164119388585
6DOF,260.0,load5,0.6,-3.099631844112107e-05,4.867355677786306
6DOF,260.0,load5,0.65,-3.447552593433909e-05,4.946562461991355
6DOF,260.0,load5,0.7,-3.866196044350169e-05,5.007510948393815
6DOF,260.0,load5,0.75,-4.3598902175757025e-05,5.039272106679131
6DOF,260.0,load5,0.8,-4.9263409138769995e-05,5.05689797692234
6DOF,260.0,load5,0.85,-5.55979000385057e-05,5.065132319023086
6DOF,260.0,load5,0.9,-6.26044313522295e-05,5.066830207727295
6DOF,260.0,load5,0.95,-7.034266797059519e-05,5.065188634822471
6DOF,260.0,load5,1.0,-7.88668195525301e-05,5.062293887342561
6DOF,260.0,load5,1.05,-8.819259641426925e-05,5.059294315481768
6DOF,260.0,load5,1.1,-9.8298145253055e-05,5.056661857413886
6DOF,260.0,load5,1.15,-0.00010913838150449012,5.054481348836493
6DOF,260.0,load5,1.2,-0.0001206594821951426,5.052666724853586
6DOF,260.0,load5,1.25,-0.00013280880543006603,5.051090043058803
6DOF,260.0,load5,1.3,-0.00014553988957910293,5.049642302912879
6DOF,260.0,load5,1.35,-0.00015881383093128588,5.0482515033939395
6DOF,260.0,load5,1.4,-0.0001725986089480064,5.046879405720875
6DOF,260.0,load5,1.45,-0.00018686760471771846,5.045511029303859
6DOF,260.0,load5,1.5,-0.00020159807880700407,5.044144249216929
6DOF,260.0,load5,1.55,-0.0002167699597646946,5.04278229164135
6DOF,260.0,load5,1.6,-0.00023236502224153403,5.041429402485096
6DOF,260.0,load5,1.65,-0.00024836639487222403,5.040088921447393
6DOF,260.0,load5,1.7,-0.00026475829436022915,5.038762805013189
6DOF,260.0,load5,1.75,-0.000281525890162086,5.037451832935462
6DOF,260.0,load5,1.8,-0.0002986552312641604,5.036156017215979
6DOF,260.0,load5,1.85,-0.00031613319587665796,5.0348749741145475
6DOF,260.0,load5,1.9,-0.000333947445294067,5.033608178371723
6DOF,260.0,load5,1.95,-0.0003520863766208175,5.032355101702606
6DOF,260.0,load5,2.0,-0.0003705390749754915,5.031115268619778
6DOF,260.0,load5,2.05,-0.00038929526734551097,5.02988826521941
6DOF,260.0,load5,2.1,-0.0004083452801310856,5.028673727667027
6DOF,260.0,load5,2.15,-0.00042768000119529397,5.027471326143663
6DOF,260.0,load5,2.2,-0.0004472908466650034,5.026280751580721
6DOF,260.0,load5,2.25,-0.00046716973188586563,5.025101707087572
6DOF,260.0,load5,2.3,-0.0004873090459282039,5.023933903561005
6DOF,260.0,load5,2.35,-0.0005077016286952238,5.022777058034237
6DOF,260.0,load5,2.4,-0.0005283407503388308,5.0216308934959795
6DOF,260.0,load5,2.45,-0.0005492200923096852,5.020495139262815
6DOF,260.0,load5,2.5,-0.000570333729886896,5.019369531408249
6DOF,260.0,load5,2.55,-0.0005916761160300276,5.018253813052792
6DOF,260.0,load5,2.6,-0.0006132420660719591,5.017147734465353
6DOF,260.0,load5,2.65,-0.0006350267436043179,5.016051053038842
6DOF,260.0,load5,2.7,-0.0006570256473021605,5.0149635331703175
6DOF,260.0,load5,2.75,-0.0006792345984905074,5.013884946102278
6DOF,260.0,load5,2.8,-0.0007016497295554876,5.01281506976764
6DOF,260.0,load5,2.85,-0.0007242674731285763,5.01175368862597
6DOF,260.0,load5,2.9,-0.0007470845520917707,5.010700593519044
6DOF,260.0,load5,2.95,-0.0007700979700731823,5.009655581535058
6DOF,260.0,load5,3.0,-0.0007933050028847388,5.008618455881641
6DOF,260.0,load5,3.05,-0.0008167031902118311,5.007589025760906
6DOF,260.0,load5,3.1,-0.0008402903283296217,5.00656710625943
6DOF,260.0,load5,3.15,-0.0008640644630807124,5.0055525182282725
6DOF,260.0,load5,3.2,-0.0008880238837854645,5.004545088174583
6DOF,260.0,load5,3.25,-0.0009121671171666015,5.003544648161911
6DOF,260.0,load5,3.3,-0.0009364929225133667,5.002551035693939
6DOF,260.0,load5,3.35,-0.0009610002867657231,5.0015640936237356
6DOF,260.0,load5,3.4,-0.0009856884205167707,5.000583670053093
6DOF,260.0,load5,3.45,-0.0010105567495479468,4.99957933868268
6DOF,260.0,load5,3.5,-0.0010355988704224826,4.998103913824303
6DOF,260.0,load5,3.55,-0.0010607985279392862,4.996449812700156
6DOF,260.0,load5,3.6,-0.0010861546188979353,4.994563851341838
6DOF,260.0,load5,3.65,-0.0011116762014740935,4.9924691479892624
6DOF,260.0,load5,3.7,-0.0011373739768456954,4.9902102895988225
6DOF,260.0,load5,3.75,-0.0011632566906402027,4.987833971522674
6DOF,260.0,load5,3.8,-0.0011893304701301715,4.985381784144416
6DOF,260.0,load5,3.85,-0.0012155991970078835,4.982888210186568
6DOF,260.0,load5,3.9,-0.0012420651076298507,4.980380735148325
6DOF,260.0,load5,3.95,-0.001268729359952228,4.977880709125952
6DOF,260.0,load5,4.0,-0.001295592494910073,4.975404381413617
3DOF,260.0,load8,0.05,0.0,2.166666666666667
3DOF,260.0,load8,0.1,0.0,3.1388888888888893
3DOF,260.0,load8,0.15,0.0,3.9490740740740744
3DOF,260.0,load8,0.2,0.0,4.624228395061729
3DOF,260.0,load8,0.25,0.0,5.186856995884774
3DOF,260.0,load8,0.3,0.0,5.655714163237312
3DOF,260.0,load8,0.35,0.0,6.046428469364427
3DOF,260.0,load8,0.4,0.0,6.372023724470356
3DOF,260.0,load8,0.45,0.0,6.643353103725297
3DOF,260.0,load8,0.5,0.0,6.869460919771081
3DOF,260.0,load8,0.55,0.0,7.057884099809234
3DOF,260.0,load8,0.6,0.0,7.2149034165076955
3DOF,260.0,load8,0.65,0.0,7.345752847089746
3DOF,260.0,load8,0.7,0.0,7.454794039241455
3DOF,260.0,load8,0.75,0.0,7.545661699367879
3DOF,260.0,load8,0.8,0.0,7.621384749473233
3DOF,260.0,load8,0.85,0.0,7.684487291227694
3DOF,260.0,load8,0.9,0.0,7.737072742689746
3DOF,260.0,load8,0.95,0.0,7.780893952241454
3DOF,260.0,load8,1.0,0.0,7.817411626867878
3DOF,260.0,load8,1.05,0.0,7.847843022389899
3DOF,260.0,load8,1.1,0.0,7.873202518658249
3DOF,260.0,load8,1.15,0.0,7.8943354322152075
3DOF,260.0,load8,1.2,0.0,7.911946193512673
3DOF,260.0,load8,1.25,0.0,7.926621827927227
3DOF,260.0,load8,1.3,0.0,7.93885152327269
3DOF,260.0,load8,1.35,0.0,7.949042936060575
3DOF,260.0,load8,1.4,0.0,7.957535780050479
3DOF,260.0,load8,1.45,0.0,7.964613150042066
3DOF,260.0,load8,1.5,0.0,7.970510958368388
3DOF,260.0,load8,1.55,0.0,7.975425798640323
3DOF,260.0,load8,1.6,0.0,7.979521498866936
3DOF,260.0,load8,1.65,0.0,7.982934582389114
3DOF,260.0,load8,1.7,0.0,7.985778818657595
3DOF,260.0,load8,1.75,0.0,7.988149015547996
3DOF,260.0,load8,1.8,0.0,7.99012417962333
3DOF,260.0,load8,1.85,0.0,7.991770149686109
3DOF,260.0,load8,1.9,0.0,7.99314179140509
3DOF,260.0,load8,1.95,0.0,7.994284826170909
3DOF,260.0,load8,2.0,0.0,7.995237355142424
3DOF,260.0,load8,2.05,0.0,7.996031129285353
3DOF,260.0,load8,2.1,0.0,7.996692607737795
3DOF,260.0,load8,2.15,0.0,7.997243839781496
3DOF,260.0,load8,2.2,0.0,7.997703199817914
3DOF,260.0,load8,2.25,0.0,7.998085999848262
3DOF,260.0,load8,2.3,0.0,7.998404999873552
3DOF,260.0,load8,2.35,0.0,7.99867083322796
3DOF,260.0,load8,2.4,0.0,7.9988923610233
3DOF,260.0,load8,2.45,0.0,7.999076967519416
3DOF,260.0,load8,2.5,0.0,7.99923080626618
3DOF,260.0,load8,2.55,0.0,7.999359005221817
3DOF,260.0,load8,2.6,0.0,7.9994658376848475
3DOF,260.0,load8,2.65,0.0,7.999554864737373
3DOF,260.0,load8,2.7,0.0,7.999629053947811
3DOF,260.0,load8,2.75,0.0,7.999690878289843
3DOF,260.0,load8,2.8,0.0,7.9997423985748695
3DOF,260.0,load8,2.85,0.0,7.999785332145724
3DOF,260.0,load8,2.9,0.0,7.999821110121437
3DOF,260.0,load8,2.95,0.0,7.999850925101198
3DOF,260.0,load8,3.0,0.0,7.999875770917665
3DOF,260.0,load8,3.05,0.0,7.999896475764721
3DOF,260.0,load8,3.1,0.0,7.999913729803934
3DOF,260.0,load8,3.15,0.0,7.999928108169945
3DOF,260.0,load8,3.2,0.0,7.999940090141621
3DOF,260.0,load8,3.25,0.0,7.999950075118018
3DOF,260.0,load8,3.3,0.0,7.999958395931682
3DOF,260.0,load8,3.35,0.0,7.999965329943068
3DOF,260.0,load8,3.4,0.0,7.99997110828589
3DOF,260.0,load8,3.45,0.0,7.999975923571575
3DOF,260.0,load8,3.5,0.0,7.9999799363096455
3DOF,260.0,load8,3.55,0.0,7.999983280258038
3DOF,260.0,load8,3.6,0.0,7.999986066881699
3DOF,260.0,load8,3.65,0.0,7.999988389068083
3DOF,260.0,load8,3.7,0.0,7.999990324223402
3DOF,260.0,load8,3.75,0.0,7.999991936852835
3DOF,260.0,load8,3.8,0.0,7.9999932807106955
3DOF,260.0,load8,3.85,0.0,7.9999944005922465
3DOF,260.0,load8,3.9,0.0,7.999995333826872
3DOF,260.0,load8,3.95,0.0,7.999996111522393
3DOF,260.0,load8,4.0,0.0,7.999996759601995
6DOF,260.0,load8,0.05,-2.6813025285751116e-08,1.247914535589152
6DOF,260.0,load8,0.1,-2.0060309361648377e-07,1.8419547202643352
6DOF,260.0,load8,0.15,-1.7086927402004605e-06,2.5234927768478226
6DOF,260.0,load8,0.2,-5.855824264995973e-06,3.140991806825858
6DOF,260.0,load8,0.25,-1.2131198868726878e-05,3.741437540471802
6DOF,260.0,load8,0.3,-1.850899496133933e-05,4.3353777678930845
6DOF,260.0,load8,0.35,-2.376387358338395e-05,4.853339372860069
6DOF,260.0,load8,0.4,-2.8241844101534752e-05,5.280514188389725
6DOF,260.0,load8,0.45,-3.246732128221764e-05,5.630522572137446
6DOF,260.0,load8,0.5,-3.677678568836218e-05,5.920249587349774
6DOF,260.0,load8,0.55,-4.138570420843286e-05,6.1578734511001345
6DOF,260.0,load8,0.6,-4.6472644422111497e-05,6.35178514826201
6DOF,260.0,load8,0.65,-5.22141911471628e-05,6.51017398332172
6DOF,260.0,load8,0.7,-5.876208624528833e-05,6.640142594902272
6DOF,260.0,load8,0.75,-6.622692038740205e-05,6.747534026875214
6DOF,260.0,load8,0.8,-7.467843591235807e-05,6.837028413421077
6DOF,260.0,load8,0.85,-8.415269678122414e-05,6.913299170948557
6DOF,260.0,load8,0.9,-9.460200270037442e-05,6.98063047774062
6DOF,260.0,load8,0.95,-0.0001059316781539999,7.039252765325273
6DOF,260.0,load8,1.0,-0.00011812850456583461,7.091070168853371
6DOF,260.0,load8,1.05,-0.00013118455727485195,7.13736047564579
6DOF,260.0,load8,1.1,-0.0001450745380330726,7.179054744974225
6DOF,260.0,load8,1.15,-0.00015976431593685723,7.216867643868447
6DOF,260.0,load8,1.2,-0.00017521844213833518,7.251366750074618
6DOF,260.0,load8,1.25,-0.0001914028605009372,7.283012419194861
6DOF,260.0,load8,1.3,-0.00020828546129148984,7.312182885162427
6DOF,260.0,load8,1.35,-0.00022583607893251407,7.33919147523483
6DOF,260.0,load8,1.4,-0.0002440263641056622,7.36433309073347
6DOF,260.0,load8,1.45,-0.00026282955724053953,7.387796742562489
6DOF,260.0,load8,1.5,-0.0002822206789153922,7.409761113592389
6DOF,260.0,load8,1.55,-0.0003021763723564774,7.430381499157219
6DOF,260.0,load8,1.6,-0.00032267446455888367,7.449079978564128
6DOF,260.0,load8,1.65,-0.0003436746700170767,7.464750898057114
6DOF,260.0,load8,1.7,-0.00036512699306058896,7.478282645710668
6DOF,260.0,load8,1.75,-0.0003870167442497644,7.4895799528912805
6DOF,260.0,load8,1.8,-0.0004093545073900768,7.4988011100216765
6DOF,260.0,load8,1.85,-0.0004321585904810066,7.506174780373217
6DOF,260.0,load8,1.9,-0.0004554449009035872,7.511933465275812
6DOF,260.0,load8,1.95,-0.00047922396055241336,7.516290990934317
6DOF,260.0,load8,2.0,-0.0005035011500130614,7.5194366088120175
6DOF,260.0,load8,2.05,-0.0005282778037546293,7.521535143945221
6DOF,260.0,load8,2.1,-0.0005535523246751301,7.522729148835948
6DOF,260.0,load8,2.15,-0.000579321135689782,7.523141542727276
6DOF,260.0,load8,2.2,-0.0006055794575376406,7.522878187004148
6DOF,260.0,load8,2.25,-0.0006323219358239364,7.522030218484684
6DOF,260.0,load8,2.3,-0.0006594246019403314,7.520365593252244
6DOF,260.0,load8,2.35,-0.0006861203839055501,7.517122799507434
6DOF,260.0,load8,2.4,-0.0007121938667438138,7.51189414297472
6DOF,260.0,load8,2.45,-0.0007378649291432327,7.504634859956166
6DOF,260.0,load8,2.5,-0.0007633391445269882,7.49546717534391
6DOF,260.0,load8,2.55,-0.0007887517949224084,7.484561068268123
6DOF,260.0,load8,2.6,-0.0008141951215985672,7.472090058175189
6DOF,260.0,load8,2.65,-0.0008397374454690443,7.458215888150369
6DOF,260.0,load8,2.7,-0.0008654309861072296,7.44308419803205
6DOF,260.0,load8,2.75,-0.0008913158452055972,7.4268242786562615
6DOF,260.0,load8,2.8,-0.0009174231577457696,7.409550246440356
6DOF,260.0,load8,2.85,-0.0009437778138871932,7.391362618458409
6DOF,260.0,load8,2.9,-0.0009704006766360163,7.372349905635995
6DOF,260.0,load8,2.95,-0.0009973103079281144,7.3525900903046395
6DOF,260.0,load8,3.0,-0.0010245242943330906,7.332151950406118
6DOF,260.0,load8,3.05,-0.0010520602673369521,7.311096229001114
6DOF,260.0,load8,3.1,-0.0010799366961554923,7.2894766602142
6DOF,260.0,load8,3.15,-0.0011081735119048573,7.267340866446472
6DOF,260.0,load8,3.2,-0.001136792607211934,7.244731141754796
6DOF,260.0,load8,3.25,-0.0011658182454830548,7.22168513527629
6DOF,260.0,load8,3.3,-0.001195277405888059,7.198236447127478
6DOF,260.0,load8,3.35,-0.0012252000850315496,7.174415147820553
6DOF,260.0,load8,3.4,-0.001255619570729823,7.150248230875588
6DOF,260.0,load8,3.45,-0.0012865727016093539,7.125760007150104
6DOF,260.0,load8,3.5,-0.0013181001214388431,7.100972448293124
6DOF,260.0,load8,3.55,-0.0013502465387180626,7.075905485843454
6DOF,260.0,load8,3.6,-0.001383060996727572,7.050577271641347
6DOF,260.0,load8,3.65,-0.0014165971629153114,7.025004404509209
6DOF,260.0,load8,3.7,-0.001450913641422592,6.999202127532781
6DOF,260.0,load8,3.75,-0.00148607431646664,6.9731844997141295
6DOF,260.0,load8,3.8,-0.0015221487316028032,6.946964545281455
6DOF,260.0,load8,3.85,-0.001559212510827463,6.920554383553778
6DOF,260.0,load8,3.9,-0.001597347829307072,6.893965341823128
6DOF,260.0,load8,3.95,-0.0016366439393816544,6.867208053483968
6DOF,260.0,load8,4.0,-0.001677197761363926,6.8402925432831045
