cond,kind,alpha,bt_version,ckpt,budget,train_seed,opponent,seed,side,score,win,draw,loss,outcome,duration,damage_dealt,damage_taken,wez_time,surv_time,viol_deck,viol_over_g,viol_sep,mean_es
BT-v1,bt,0.0,1,,-1,-1,BT-v2,10000,0,0.5,0,1,0,timeout,120.19999999999531,0.0,0.0,0.0,120.19999999999531,0.0,0.0,0.0,9690.645663235902
BT-v1,bt,0.0,1,,-1,-1,BT-v2,10000,1,1.0,1,0,0,timeout,120.19999999999531,21.25,0.0,0.8500000000000002,120.19999999999531,0.0,0.0,0.0,
BT-v1,bt,0.0,1,,-1,-1,BT-v2,10001,0,0.0,0,0,1,crash,107.79999999999602,0.0,0.0,0.0,107.79999999999602,0.03671003717472119,0.0,0.0,9405.932138534803
BT-v1,bt,0.0,1,,-1,-1,BT-v2,10001,1,0.5,0,1,0,timeout,120.19999999999531,0.0,0.0,0.0,120.19999999999531,0.0,0.0,0.0,
BT-v1,bt,0.0,1,,-1,-1,BT-v2,10002,0,0.0,0,0,1,timeout,120.19999999999531,0.0,28.75,0.0,120.19999999999531,0.0,0.0,0.0,11170.061031978938
BT-v1,bt,0.0,1,,-1,-1,BT-v2,10002,1,0.0,0,0,1,timeout,120.19999999999531,0.0,95.0,0.0,120.19999999999531,0.0,0.0,0.0,
BT-v1,bt,0.0,1,,-1,-1,BT-v2,10003,0,0.0,0,0,1,timeout,120.19999999999531,0.0,38.75,0.0,120.19999999999531,0.0,0.0,0.0,12553.106108283822
BT-v1,bt,0.0,1,,-1,-1,BT-v2,10003,1,0.5,0,1,0,timeout,120.19999999999531,0.0,0.0,0.0,120.19999999999531,0.0,0.0,0.0,
BT-v1,bt,0.0,1,,-1,-1,BT-v2,10004,0,0.0,0,0,1,gun_kill,13.950000000000063,0.0,100.0,0.0,13.950000000000063,0.0,0.0,0.0,6468.57022165141
BT-v1,bt,0.0,1,,-1,-1,BT-v2,10004,1,0.0,0,0,1,gun_kill,21.35000000000017,0.0,100.0,0.0,21.35000000000017,0.0,0.0,0.0,
BT-v1,bt,0.0,1,,-1,-1,BT-v2,10005,0,0.0,0,0,1,timeout,120.19999999999531,0.0,8.75,0.0,120.19999999999531,0.0,0.0,0.0,12225.352674776967
BT-v1,bt,0.0,1,,-1,-1,BT-v2,10005,1,0.0,0,0,1,timeout,120.19999999999531,0.0,23.75,0.0,120.19999999999531,0.0,0.0,0.004991680532445923,
BT-v1,bt,0.0,1,,-1,-1,BT-v2,10006,0,0.0,0,0,1,gun_kill,13.05000000000005,0.0,100.0,0.0,13.05000000000005,0.0,0.0,0.0,7128.632541266703
BT-v1,bt,0.0,1,,-1,-1,BT-v2,10006,1,0.5,0,1,0,timeout,120.19999999999531,0.0,0.0,0.0,120.19999999999531,0.0,0.0,0.0,
BT-v1,bt,0.0,1,,-1,-1,BT-v2,10007,0,0.5,0,1,0,timeout,120.19999999999531,0.0,0.0,0.0,120.19999999999531,0.0,0.0,0.0,10655.357803487894
BT-v1,bt,0.0,1,,-1,-1,BT-v2,10007,1,0.5,0,1,0,timeout,120.19999999999531,0.0,0.0,0.0,120.19999999999531,0.0,0.0,0.0,
BT-v1,bt,0.0,1,,-1,-1,BT-v2,10008,0,0.0,0,0,1,timeout,120.19999999999531,0.0,12.5,0.0,120.19999999999531,0.0,0.0,0.004991680532445923,9800.746854268697
BT-v1,bt,0.0,1,,-1,-1,BT-v2,10008,1,0.5,0,1,0,timeout,120.19999999999531,0.0,0.0,0.0,120.19999999999531,0.0,0.0,0.0,
BT-v1,bt,0.0,1,,-1,-1,BT-v2,10009,0,0.0,0,0,1,timeout,120.19999999999531,0.0,32.5,0.0,120.19999999999531,0.0,0.0,0.0,11421.554422892594
BT-v1,bt,0.0,1,,-1,-1,BT-v2,10009,1,0.0,0,0,1,gun_kill,28.150000000000265,0.0,100.0,0.0,28.150000000000265,0.0,0.0,0.0,
BT-v1,bt,0.0,1,,-1,-1,BT-v2,10010,0,0.5,0,1,0,timeout,120.19999999999531,0.0,0.0,0.0,120.19999999999531,0.0,0.0,0.0,10035.793336156834
BT-v1,bt,0.0,1,,-1,-1,BT-v2,10010,1,0.0,0,0,1,timeout,120.19999999999531,0.0,48.75,0.0,120.19999999999531,0.0,0.0,0.0,
BT-v1,bt,0.0,1,,-1,-1,BT-v2,10011,0,0.0,0,0,1,gun_kill,25.550000000000228,0.0,100.0,0.0,25.550000000000228,0.0,0.0,0.0,7575.751666238023
BT-v1,bt,0.0,1,,-1,-1,BT-v2,10011,1,0.5,0,1,0,timeout,120.19999999999531,0.0,0.0,0.0,120.19999999999531,0.0,0.0,0.0,
BT-v1,bt,0.0,1,,-1,-1,BT-v2,10012,0,0.5,0,1,0,timeout,120.19999999999531,0.0,0.0,0.0,120.19999999999531,0.0,0.0,0.0,11346.244654577591
BT-v1,bt,0.0,1,,-1,-1,BT-v2,10012,1,0.5,0,1,0,timeout,120.19999999999531,0.0,0.0,0.0,120.19999999999531,0.0,0.0,0.0,
BT-v1,bt,0.0,1,,-1,-1,BT-v2,10013,0,0.5,0,1,0,timeout,120.19999999999531,0.0,0.0,0.0,120.19999999999531,0.0,0.0,0.0,11599.455372864084
BT-v1,bt,0.0,1,,-1,-1,BT-v2,10013,1,0.5,0,1,0,timeout,120.19999999999531,0.0,0.0,0.0,120.19999999999531,0.0,0.0,0.0,
BT-v1,bt,0.0,1,,-1,-1,BT-v2,10014,0,0.0,0,0,1,timeout,120.19999999999531,0.0,58.75,0.0,120.19999999999531,0.0,0.0,0.0,10800.069561684686
BT-v1,bt,0.0,1,,-1,-1,BT-v2,10014,1,0.0,0,0,1,gun_kill,17.85000000000012,0.0,100.0,0.0,17.85000000000012,0.0,0.0,0.0,
BT-v1,bt,0.0,1,,-1,-1,BT-v2,10015,0,0.0,0,0,1,timeout,120.19999999999531,0.0,22.5,0.0,120.19999999999531,0.0,0.0,0.0,8816.467625862653
BT-v1,bt,0.0,1,,-1,-1,BT-v2,10015,1,0.0,0,0,1,gun_kill,26.30000000000024,0.0,100.0,0.0,26.30000000000024,0.0,0.0,0.0,
BT-v1,bt,0.0,1,,-1,-1,BT-v2,10016,0,0.0,0,0,1,gun_kill,22.650000000000187,0.0,100.0,0.0,22.650000000000187,0.0,0.0,0.024336283185840708,6483.117967744854
BT-v1,bt,0.0,1,,-1,-1,BT-v2,10016,1,0.5,0,1,0,collision,4.399999999999992,7.5,3.75,0.3,4.399999999999992,0.0,0.0,0.07142857142857142,
BT-v1,bt,0.0,1,,-1,-1,BT-v2,10017,0,0.0,0,0,1,crash,109.64999999999591,0.0,38.75,0.0,109.64999999999591,0.03604014598540146,0.0,0.0,9381.524200573405
BT-v1,bt,0.0,1,,-1,-1,BT-v2,10017,1,0.5,0,1,0,timeout,120.19999999999531,0.0,0.0,0.0,120.19999999999531,0.0,0.0,0.0,
BT-v1,bt,0.0,1,,-1,-1,BT-v2,10018,0,0.0,0,0,1,gun_kill,17.25000000000011,0.0,100.0,0.0,17.25000000000011,0.0,0.0,0.0,6499.938799678836
BT-v1,bt,0.0,1,,-1,-1,BT-v2,10018,1,0.5,0,1,0,timeout,120.19999999999531,0.0,0.0,0.0,120.19999999999531,0.0,0.0,0.0,
BT-v1,bt,0.0,1,,-1,-1,BT-v2,10019,0,0.0,0,0,1,timeout,120.19999999999531,0.0,58.75,0.0,120.19999999999531,0.0,0.0,0.0,10510.74519753271
BT-v1,bt,0.0,1,,-1,-1,BT-v2,10019,1,0.0,0,0,1,timeout,120.19999999999531,0.0,47.5,0.0,120.19999999999531,0.0,0.0,0.0,
BT-v1,bt,0.0,1,,-1,-1,BT-v2,10020,0,0.5,0,1,0,collision,4.099999999999993,0.0,0.0,0.0,4.099999999999993,0.0,0.0,0.075,7337.72755427457
BT-v1,bt,0.0,1,,-1,-1,BT-v2,10020,1,0.0,0,0,1,timeout,120.19999999999531,11.25,28.75,0.44999999999999996,120.19999999999531,0.0,0.0,0.0,
BT-v1,bt,0.0,1,,-1,-1,BT-v2,10021,0,0.0,0,0,1,timeout,120.19999999999531,0.0,11.25,0.0,120.19999999999531,0.0,0.0,0.0,11355.082119049062
BT-v1,bt,0.0,1,,-1,-1,BT-v2,10021,1,0.5,0,1,0,timeout,120.19999999999531,0.0,0.0,0.0,120.19999999999531,0.0,0.0,0.0,
BT-v1,bt,0.0,1,,-1,-1,BT-v2,10022,0,0.0,0,0,1,timeout,120.19999999999531,0.0,27.5,0.0,120.19999999999531,0.0,0.0,0.0,11138.29343568048
BT-v1,bt,0.0,1,,-1,-1,BT-v2,10022,1,0.5,0,1,0,timeout,120.19999999999531,0.0,0.0,0.0,120.19999999999531,0.0,0.0,0.0,
BT-v1,bt,0.0,1,,-1,-1,BT-v2,10023,0,0.5,0,1,0,timeout,120.19999999999531,0.0,0.0,0.0,120.19999999999531,0.0,0.0,0.0,11896.135890963084
BT-v1,bt,0.0,1,,-1,-1,BT-v2,10023,1,0.5,0,1,0,timeout,120.19999999999531,0.0,0.0,0.0,120.19999999999531,0.0,0.0,0.0,
BT-v1,bt,0.0,1,,-1,-1,BT-v2,10024,0,0.0,0,0,1,timeout,120.19999999999531,0.0,76.25,0.0,120.19999999999531,0.0,0.0,0.004159733777038269,9983.978923484383
BT-v1,bt,0.0,1,,-1,-1,BT-v2,10024,1,0.5,0,1,0,timeout,120.19999999999531,0.0,0.0,0.0,120.19999999999531,0.0,0.0,0.0,
BT-v1,bt,0.0,1,,-1,-1,BT-v2,10025,0,0.0,0,0,1,timeout,120.19999999999531,0.0,32.5,0.0,120.19999999999531,0.0,0.0,0.0,12063.89362666182
BT-v1,bt,0.0,1,,-1,-1,BT-v2,10025,1,0.0,0,0,1,timeout,120.19999999999531,0.0,23.75,0.0,120.19999999999531,0.0,0.0,0.0,
BT-v1,bt,0.0,1,,-1,-1,BT-v2,10026,0,0.5,0,1,0,timeout,120.19999999999531,0.0,0.0,0.0,120.19999999999531,0.0,0.0,0.0,11756.80154138205
BT-v1,bt,0.0,1,,-1,-1,BT-v2,10026,1,0.0,0,0,1,timeout,120.19999999999531,0.0,5.0,0.0,120.19999999999531,0.008735440931780365,0.0,0.0,
BT-v1,bt,0.0,1,,-1,-1,BT-v2,10027,0,0.5,0,1,0,timeout,120.19999999999531,0.0,0.0,0.0,120.19999999999531,0.0,0.0,0.0,11146.69576984343
BT-v1,bt,0.0,1,,-1,-1,BT-v2,10027,1,0.5,0,1,0,timeout,120.19999999999531,0.0,0.0,0.0,120.19999999999531,0.0,0.0,0.0,
BT-v1,bt,0.0,1,,-1,-1,BT-v2,10028,0,0.0,0,0,1,gun_kill,16.050000000000093,0.0,100.0,0.0,16.050000000000093,0.0,0.0,0.0,7020.835826566494
BT-v1,bt,0.0,1,,-1,-1,BT-v2,10028,1,0.5,0,1,0,timeout,120.19999999999531,0.0,0.0,0.0,120.19999999999531,0.0,0.0,0.0,
BT-v1,bt,0.0,1,,-1,-1,BT-v2,10029,0,0.0,0,0,1,gun_kill,21.100000000000165,0.0,100.0,0.0,21.100000000000165,0.0,0.0,0.0,7552.861705372767
BT-v1,bt,0.0,1,,-1,-1,BT-v2,10029,1,0.5,0,1,0,timeout,120.19999999999531,0.0,0.0,0.0,120.19999999999531,0.0,0.0,0.0,
BT-v1,bt,0.0,1,,-1,-1,BT-v2,10030,0,0.5,0,1,0,timeout,120.19999999999531,0.0,0.0,0.0,120.19999999999531,0.0,0.0,0.0,11920.620784662742
BT-v1,bt,0.0,1,,-1,-1,BT-v2,10030,1,0.5,0,1,0,timeout,120.19999999999531,0.0,0.0,0.0,120.19999999999531,0.0,0.0,0.0,
BT-v1,bt,0.0,1,,-1,-1,BT-v2,10031,0,0.5,0,1,0,timeout,120.19999999999531,0.0,0.0,0.0,120.19999999999531,0.0,0.0,0.0,12084.850094940533
BT-v1,bt,0.0,1,,-1,-1,BT-v2,10031,1,0.5,0,1,0,timeout,120.19999999999531,0.0,0.0,0.0,120.19999999999531,0.0,0.0,0.0,
BT-v1,bt,0.0,1,,-1,-1,BT-v2,10032,0,0.5,0,1,0,timeout,120.19999999999531,0.0,0.0,0.0,120.19999999999531,0.0,0.0,0.0,10757.932317845298
BT-v1,bt,0.0,1,,-1,-1,BT-v2,10032,1,0.5,0,1,0,timeout,120.19999999999531,0.0,0.0,0.0,120.19999999999531,0.0,0.0,0.0,
BT-v1,bt,0.0,1,,-1,-1,BT-v2,10033,0,0.0,0,0,1,gun_kill,19.900000000000148,0.0,100.0,0.0,19.900000000000148,0.0,0.0,0.025252525252525252,7563.703749489287
BT-v1,bt,0.0,1,,-1,-1,BT-v2,10033,1,0.0,0,0,1,timeout,120.19999999999531,0.0,55.0,0.0,120.19999999999531,0.0,0.0,0.005823627287853577,
BT-v1,bt,0.0,1,,-1,-1,BT-v2,10034,0,0.5,0,1,0,timeout,120.19999999999531,0.0,0.0,0.0,120.19999999999531,0.0,0.0,0.0,11369.598997926165
BT-v1,bt,0.0,1,,-1,-1,BT-v2,10034,1,0.0,0,0,1,gun_kill,34.900000000000155,0.0,100.0,0.0,34.900000000000155,0.0,0.0,0.0,
BT-v1,bt,0.0,1,,-1,-1,BT-v2,10035,0,0.0,0,0,1,gun_kill,13.05000000000005,0.0,100.0,0.0,13.05000000000005,0.0,0.0,0.0,6810.635971809089
BT-v1,bt,0.0,1,,-1,-1,BT-v2,10035,1,0.5,0,1,0,timeout,120.19999999999531,0.0,0.0,0.0,120.19999999999531,0.0,0.0,0.0037437603993344427,
BT-v1,bt,0.0,1,,-1,-1,BT-v2,10036,0,0.0,0,0,1,timeout,120.19999999999531,0.0,22.5,0.0,120.19999999999531,0.0,0.0,0.0,10648.675295071
BT-v1,bt,0.0,1,,-1,-1,BT-v2,10036,1,0.0,0,0,1,timeout,120.19999999999531,0.0,43.75,0.0,120.19999999999531,0.0,0.0,0.0,
BT-v1,bt,0.0,1,,-1,-1,BT-v2,10037,0,0.0,0,0,1,gun_kill,19.050000000000136,0.0,100.0,0.0,19.050000000000136,0.0,0.0,0.0,7254.469695487
BT-v1,bt,0.0,1,,-1,-1,BT-v2,10037,1,0.5,0,1,0,timeout,120.19999999999531,0.0,0.0,0.0,120.19999999999531,0.0,0.0,0.0,
BT-v1,bt,0.0,1,,-1,-1,BT-v2,10038,0,0.5,0,1,0,timeout,120.19999999999531,0.0,0.0,0.0,120.19999999999531,0.0,0.0,0.0,10185.604920479107
BT-v1,bt,0.0,1,,-1,-1,BT-v2,10038,1,0.0,0,0,1,timeout,120.19999999999531,0.0,65.0,0.0,120.19999999999531,0.0,0.0,0.0,
BT-v1,bt,0.0,1,,-1,-1,BT-v2,10039,0,0.5,0,1,0,timeout,120.19999999999531,0.0,0.0,0.0,120.19999999999531,0.0,0.0,0.0,10631.462028329433
BT-v1,bt,0.0,1,,-1,-1,BT-v2,10039,1,0.5,0,1,0,timeout,120.19999999999531,0.0,0.0,0.0,120.19999999999531,0.0,0.0,0.0,
BT-v1,bt,0.0,1,,-1,-1,BT-v2,10040,0,0.0,0,0,1,gun_kill,18.250000000000124,0.0,100.0,0.0,18.250000000000124,0.0,0.0,0.0,7250.016438642765
BT-v1,bt,0.0,1,,-1,-1,BT-v2,10040,1,0.0,0,0,1,timeout,120.19999999999531,0.0,13.75,0.0,120.19999999999531,0.0,0.0,0.0,
BT-v1,bt,0.0,1,,-1,-1,BT-v2,10041,0,0.0,0,0,1,gun_kill,21.45000000000017,0.0,100.0,0.0,21.45000000000017,0.0,0.0,0.018691588785046728,6144.453638079125
BT-v1,bt,0.0,1,,-1,-1,BT-v2,10041,1,0.5,0,1,0,collision,7.149999999999983,0.0,0.0,0.0,7.149999999999983,0.0,0.0,0.05714285714285714,
BT-v1,bt,0.0,1,,-1,-1,BT-v2,10042,0,0.0,0,0,1,gun_kill,20.900000000000162,0.0,100.0,0.0,20.900000000000162,0.0,0.0,0.02403846153846154,7970.67820824027
BT-v1,bt,0.0,1,,-1,-1,BT-v2,10042,1,1.0,1,0,0,timeout,120.19999999999531,20.0,0.0,0.8000000000000002,120.19999999999531,0.0,0.0,0.0,
BT-v1,bt,0.0,1,,-1,-1,BT-v2,10043,0,0.0,0,0,1,timeout,120.19999999999531,0.0,12.5,0.0,120.19999999999531,0.0,0.0,0.0,10548.140507936661
BT-v1,bt,0.0,1,,-1,-1,BT-v2,10043,1,0.5,0,1,0,timeout,120.19999999999531,0.0,0.0,0.0,120.19999999999531,0.0,0.0,0.0,
BT-v1,bt,0.0,1,,-1,-1,BT-v2,10044,0,0.0,0,0,1,timeout,120.19999999999531,0.0,3.75,0.0,120.19999999999531,0.0,0.0,0.0,9504.703364983729
BT-v1,bt,0.0,1,,-1,-1,BT-v2,10044,1,0.0,0,0,1,timeout,120.19999999999531,0.0,11.25,0.0,120.19999999999531,0.0,0.0,0.0,
BT-v1,bt,0.0,1,,-1,-1,BT-v2,10045,0,0.5,0,1,0,timeout,120.19999999999531,0.0,0.0,0.0,120.19999999999531,0.0,0.0,0.0,10852.978364589326
BT-v1,bt,0.0,1,,-1,-1,BT-v2,10045,1,0.0,0,0,1,timeout,120.19999999999531,0.0,97.5,0.0,120.19999999999531,0.0,0.0,0.0,
BT-v1,bt,0.0,1,,-1,-1,BT-v2,10046,0,0.5,0,1,0,timeout,120.19999999999531,0.0,0.0,0.0,120.19999999999531,0.0,0.0,0.0,12028.382932622375
BT-v1,bt,0.0,1,,-1,-1,BT-v2,10046,1,0.5,0,1,0,timeout,120.19999999999531,0.0,0.0,0.0,120.19999999999531,0.0,0.0,0.0,
BT-v1,bt,0.0,1,,-1,-1,BT-v2,10047,0,0.0,0,0,1,crash,114.94999999999561,0.0,0.0,0.0,114.94999999999561,0.07491289198606271,0.0,0.0,8842.889376946896
BT-v1,bt,0.0,1,,-1,-1,BT-v2,10047,1,0.5,0,1,0,collision,8.199999999999982,0.0,0.0,0.0,8.199999999999982,0.0,0.0,0.0625,
BT-v1,bt,0.0,1,,-1,-1,BT-v2,10048,0,0.0,0,0,1,crash,109.24999999999594,0.0,57.5,0.0,109.24999999999594,0.038461538461538464,0.0,0.0,8680.195877768661
BT-v1,bt,0.0,1,,-1,-1,BT-v2,10048,1,0.5,0,1,0,timeout,120.19999999999531,0.0,0.0,0.0,120.19999999999531,0.0,0.0,0.0,
BT-v1,bt,0.0,1,,-1,-1,BT-v2,10049,0,0.0,0,0,1,timeout,120.19999999999531,0.0,23.75,0.0,120.19999999999531,0.0,0.0,0.0,12109.950239770993
BT-v1,bt,0.0,1,,-1,-1,BT-v2,10049,1,0.5,0,1,0,timeout,120.19999999999531,0.0,0.0,0.0,120.19999999999531,0.0,0.0,0.0,
BT-v1,bt,0.0,1,,-1,-1,BT-v2,10050,0,0.5,0,1,0,timeout,120.19999999999531,0.0,0.0,0.0,120.19999999999531,0.0,0.0,0.0,11178.485163030733
BT-v1,bt,0.0,1,,-1,-1,BT-v2,10050,1,0.5,0,1,0,timeout,120.19999999999531,0.0,0.0,0.0,120.19999999999531,0.0,0.0,0.0,
BT-v1,bt,0.0,1,,-1,-1,BT-v2,10051,0,0.0,0,0,1,timeout,120.19999999999531,0.0,5.0,0.0,120.19999999999531,0.0,0.0,0.0,11642.178364880945
BT-v1,bt,0.0,1,,-1,-1,BT-v2,10051,1,0.5,0,1,0,timeout,120.19999999999531,0.0,0.0,0.0,120.19999999999531,0.0,0.0,0.0,
BT-v1,bt,0.0,1,,-1,-1,BT-v2,10052,0,0.5,0,1,0,timeout,120.19999999999531,0.0,0.0,0.0,120.19999999999531,0.0,0.0,0.0,9604.674657237178
BT-v1,bt,0.0,1,,-1,-1,BT-v2,10052,1,0.0,0,0,1,gun_kill,27.400000000000254,0.0,100.0,0.0,27.400000000000254,0.0,0.0,0.014705882352941176,
BT-v1,bt,0.0,1,,-1,-1,BT-v2,10053,0,0.5,0,1,0,timeout,120.19999999999531,0.0,0.0,0.0,120.19999999999531,0.0,0.0,0.0,10919.87963337554
BT-v1,bt,0.0,1,,-1,-1,BT-v2,10053,1,0.0,0,0,1,timeout,120.19999999999531,0.0,23.75,0.0,120.19999999999531,0.0,0.0,0.0,
BT-v1,bt,0.0,1,,-1,-1,BT-v2,10054,0,0.0,0,0,1,timeout,120.19999999999531,0.0,16.25,0.0,120.19999999999531,0.0,0.0,0.0,10013.33558159274
BT-v1,bt,0.0,1,,-1,-1,BT-v2,10054,1,0.5,0,1,0,timeout,120.19999999999531,0.0,0.0,0.0,120.19999999999531,0.0,0.0,0.0,
BT-v1,bt,0.0,1,,-1,-1,BT-v2,10055,0,0.0,0,0,1,gun_kill,42.299999999999734,0.0,100.0,0.0,42.299999999999734,0.0,0.0,0.0,6746.553782373859
BT-v1,bt,0.0,1,,-1,-1,BT-v2,10055,1,0.0,0,0,1,timeout,120.19999999999531,0.0,22.5,0.0,120.19999999999531,0.0,0.0,0.0,
BT-v1,bt,0.0,1,,-1,-1,BT-v2,10056,0,0.0,0,0,1,timeout,120.19999999999531,0.0,5.0,0.0,120.19999999999531,0.0,0.0,0.0,10277.745317138626
BT-v1,bt,0.0,1,,-1,-1,BT-v2,10056,1,0.0,0,0,1,timeout,120.19999999999531,0.0,45.0,0.0,120.19999999999531,0.0,0.0,0.0,
BT-v1,bt,0.0,1,,-1,-1,BT-v2,10057,0,0.5,0,1,0,timeout,120.19999999999531,0.0,0.0,0.0,120.19999999999531,0.0,0.0,0.0,8660.643404529186
BT-v1,bt,0.0,1,,-1,-1,BT-v2,10057,1,0.5,0,1,0,timeout,120.19999999999531,0.0,0.0,0.0,120.19999999999531,0.0,0.0,0.0,
BT-v1,bt,0.0,1,,-1,-1,BT-v2,10058,0,0.5,0,1,0,timeout,120.19999999999531,0.0,0.0,0.0,120.19999999999531,0.0,0.0,0.0,11248.604899375916
BT-v1,bt,0.0,1,,-1,-1,BT-v2,10058,1,0.5,0,1,0,timeout,120.19999999999531,0.0,0.0,0.0,120.19999999999531,0.0,0.0,0.0,
BT-v1,bt,0.0,1,,-1,-1,BT-v2,10059,0,0.5,0,1,0,timeout,120.19999999999531,0.0,0.0,0.0,120.19999999999531,0.0,0.0,0.0,10916.864634026711
BT-v1,bt,0.0,1,,-1,-1,BT-v2,10059,1,0.5,0,1,0,timeout,120.19999999999531,0.0,0.0,0.0,120.19999999999531,0.0,0.0,0.0,
BT-v1,bt,0.0,1,,-1,-1,BT-v2,10060,0,0.5,0,1,0,timeout,120.19999999999531,0.0,0.0,0.0,120.19999999999531,0.0,0.0,0.0,10383.926212002414
BT-v1,bt,0.0,1,,-1,-1,BT-v2,10060,1,0.5,0,1,0,timeout,120.19999999999531,0.0,0.0,0.0,120.19999999999531,0.0,0.0,0.0,
BT-v1,bt,0.0,1,,-1,-1,BT-v2,10061,0,0.0,0,0,1,timeout,120.19999999999531,0.0,35.0,0.0,120.19999999999531,0.0,0.0,0.0,11637.953233118536
BT-v1,bt,0.0,1,,-1,-1,BT-v2,10061,1,0.0,0,0,1,timeout,120.19999999999531,0.0,81.25,0.0,120.19999999999531,0.0,0.0,0.0,
BT-v1,bt,0.0,1,,-1,-1,BT-v2,10062,0,0.5,0,1,0,timeout,120.19999999999531,0.0,0.0,0.0,120.19999999999531,0.0,0.0,0.0,10861.052029615625
BT-v1,bt,0.0,1,,-1,-1,BT-v2,10062,1,0.0,0,0,1,timeout,120.19999999999531,0.0,32.5,0.0,120.19999999999531,0.0,0.0,0.0,
BT-v1,bt,0.0,1,,-1,-1,BT-v2,10063,0,0.0,0,0,1,gun_kill,20.80000000000016,0.0,100.0,0.0,20.80000000000016,0.0,0.0,0.03398058252427184,6309.256062552578
BT-v1,bt,0.0,1,,-1,-1,BT-v2,10063,1,0.5,0,1,0,timeout,120.19999999999531,0.0,0.0,0.0,120.19999999999531,0.0,0.0,0.0,
BT-v1,bt,0.0,1,,-1,-1,BT-v2,10064,0,0.0,0,0,1,timeout,120.19999999999531,0.0,18.75,0.0,120.19999999999531,0.0,0.0,0.0,9886.395128157717
BT-v1,bt,0.0,1,,-1,-1,BT-v2,10064,1,0.5,0,1,0,timeout,120.19999999999531,0.0,0.0,0.0,120.19999999999531,0.0,0.0,0.0,
BT-v1,bt,0.0,1,,-1,-1,BT-v2,10065,0,0.5,0,1,0,timeout,120.19999999999531,0.0,0.0,0.0,120.19999999999531,0.0,0.0,0.0,10970.551729710827
BT-v1,bt,0.0,1,,-1,-1,BT-v2,10065,1,0.0,0,0,1,gun_kill,28.050000000000264,0.0,100.0,0.0,28.050000000000264,0.0,0.0,0.0,
BT-v1,bt,0.0,1,,-1,-1,BT-v2,10066,0,0.5,0,1,0,timeout,120.19999999999531,0.0,0.0,0.0,120.19999999999531,0.0,0.0,0.0,11811.059533398957
BT-v1,bt,0.0,1,,-1,-1,BT-v2,10066,1,0.5,0,1,0,timeout,120.19999999999531,0.0,0.0,0.0,120.19999999999531,0.0,0.0,0.0,
BT-v1,bt,0.0,1,,-1,-1,BT-v2,10067,0,0.0,0,0,1,crash,103.69999999999625,0.0,0.0,0.0,103.69999999999625,0.05019305019305019,0.0,0.0,9598.863208767716
BT-v1,bt,0.0,1,,-1,-1,BT-v2,10067,1,0.0,0,0,1,gun_kill,21.650000000000173,0.0,100.0,0.0,21.650000000000173,0.0,0.0,0.0,
BT-v1,bt,0.0,1,,-1,-1,BT-v2,10068,0,0.5,0,1,0,timeout,120.19999999999531,0.0,0.0,0.0,120.19999999999531,0.0,0.0,0.0,11541.439287035377
BT-v1,bt,0.0,1,,-1,-1,BT-v2,10068,1,0.5,0,1,0,timeout,120.19999999999531,0.0,0.0,0.0,120.19999999999531,0.0,0.0,0.0,
BT-v1,bt,0.0,1,,-1,-1,BT-v2,10069,0,0.0,0,0,1,timeout,120.19999999999531,0.0,12.5,0.0,120.19999999999531,0.0,0.0,0.0,9245.281320919368
BT-v1,bt,0.0,1,,-1,-1,BT-v2,10069,1,0.0,0,0,1,gun_kill,32.450000000000294,0.0,100.0,0.0,32.450000000000294,0.0,0.0,0.0,
BT-v1,bt,0.0,1,,-1,-1,BT-v2,10070,0,0.5,0,1,0,timeout,120.19999999999531,0.0,0.0,0.0,120.19999999999531,0.0,0.0,0.0,10198.494916528573
BT-v1,bt,0.0,1,,-1,-1,BT-v2,10070,1,0.0,0,0,1,timeout,120.19999999999531,0.0,30.0,0.0,120.19999999999531,0.0,0.0,0.0,
BT-v1,bt,0.0,1,,-1,-1,BT-v2,10071,0,0.0,0,0,1,timeout,120.19999999999531,0.0,53.75,0.0,120.19999999999531,0.0,0.0,0.0,10644.67586569475
BT-v1,bt,0.0,1,,-1,-1,BT-v2,10071,1,0.0,0,0,1,timeout,120.19999999999531,0.0,51.25,0.0,120.19999999999531,0.0,0.0,0.0,
BT-v1,bt,0.0,1,,-1,-1,BT-v2,10072,0,0.0,0,0,1,gun_kill,19.050000000000136,0.0,100.0,0.0,19.050000000000136,0.0,0.0,0.0,6806.919096058934
BT-v1,bt,0.0,1,,-1,-1,BT-v2,10072,1,0.5,0,1,0,timeout,120.19999999999531,0.0,0.0,0.0,120.19999999999531,0.0,0.0,0.0,
BT-v1,bt,0.0,1,,-1,-1,BT-v2,10073,0,0.0,0,0,1,timeout,120.19999999999531,0.0,47.5,0.0,120.19999999999531,0.0,0.0,0.0,11364.883688303207
BT-v1,bt,0.0,1,,-1,-1,BT-v2,10073,1,0.5,0,1,0,timeout,120.19999999999531,0.0,0.0,0.0,120.19999999999531,0.0,0.0,0.0,
BT-v1,bt,0.0,1,,-1,-1,BT-v2,10074,0,0.0,0,0,1,timeout,120.19999999999531,0.0,90.0,0.0,120.19999999999531,0.0,0.0,0.0,12323.03080295515
BT-v1,bt,0.0,1,,-1,-1,BT-v2,10074,1,0.0,0,0,1,timeout,120.19999999999531,0.0,8.75,0.0,120.19999999999531,0.0,0.0,0.004575707154742097,
BT-v1,bt,0.0,1,,-1,-1,BT-v2,10075,0,0.5,0,1,0,timeout,120.19999999999531,0.0,0.0,0.0,120.19999999999531,0.0,0.0,0.0,10143.83778630021
BT-v1,bt,0.0,1,,-1,-1,BT-v2,10075,1,0.0,0,0,1,timeout,120.19999999999531,0.0,98.75,0.0,120.19999999999531,0.0,0.0,0.0,
BT-v1,bt,0.0,1,,-1,-1,BT-v2,10076,0,0.0,0,0,1,timeout,120.19999999999531,0.0,3.75,0.0,120.19999999999531,0.0,0.0,0.0,9641.638544449923
BT-v1,bt,0.0,1,,-1,-1,BT-v2,10076,1,0.5,0,1,0,timeout,120.19999999999531,0.0,0.0,0.0,120.19999999999531,0.0,0.0,0.0,
BT-v1,bt,0.0,1,,-1,-1,BT-v2,10077,0,0.5,0,1,0,timeout,120.19999999999531,0.0,0.0,0.0,120.19999999999531,0.0,0.0,0.0,10610.547275674833
BT-v1,bt,0.0,1,,-1,-1,BT-v2,10077,1,0.5,0,1,0,timeout,120.19999999999531,0.0,0.0,0.0,120.19999999999531,0.0,0.0,0.0,
BT-v1,bt,0.0,1,,-1,-1,BT-v2,10078,0,0.5,0,1,0,timeout,120.19999999999531,0.0,0.0,0.0,120.19999999999531,0.0,0.0,0.0,12011.723175779594
BT-v1,bt,0.0,1,,-1,-1,BT-v2,10078,1,0.5,0,1,0,timeout,120.19999999999531,0.0,0.0,0.0,120.19999999999531,0.0,0.0,0.0,
BT-v1,bt,0.0,1,,-1,-1,BT-v2,10079,0,0.5,0,1,0,timeout,120.19999999999531,0.0,0.0,0.0,120.19999999999531,0.0,0.0,0.0,10666.65433762784
BT-v1,bt,0.0,1,,-1,-1,BT-v2,10079,1,0.0,0,0,1,gun_kill,26.700000000000244,0.0,100.0,0.0,26.700000000000244,0.0,0.0,0.0,
BT-v1,bt,0.0,1,,-1,-1,BT-v2,10080,0,0.0,0,0,1,gun_kill,20.300000000000153,0.0,100.0,0.0,20.300000000000153,0.0,0.0,0.0,6774.968285988168
BT-v1,bt,0.0,1,,-1,-1,BT-v2,10080,1,0.0,0,0,1,timeout,120.19999999999531,0.0,21.25,0.0,120.19999999999531,0.0,0.0,0.0,
BT-v1,bt,0.0,1,,-1,-1,BT-v2,10081,0,0.5,0,1,0,timeout,120.19999999999531,0.0,0.0,0.0,120.19999999999531,0.0,0.0,0.0,10852.895212324373
BT-v1,bt,0.0,1,,-1,-1,BT-v2,10081,1,0.5,0,1,0,timeout,120.19999999999531,0.0,0.0,0.0,120.19999999999531,0.0,0.0,0.0,
BT-v1,bt,0.0,1,,-1,-1,BT-v2,10082,0,0.0,0,0,1,timeout,120.19999999999531,0.0,58.75,0.0,120.19999999999531,0.0,0.0,0.0,11108.814653677862
BT-v1,bt,0.0,1,,-1,-1,BT-v2,10082,1,0.0,0,0,1,gun_kill,20.250000000000153,0.0,100.0,0.0,20.250000000000153,0.0,0.0,0.0,
BT-v1,bt,0.0,1,,-1,-1,BT-v2,10083,0,0.0,0,0,1,timeout,120.19999999999531,0.0,1.25,0.0,120.19999999999531,0.0,0.0,0.0,11541.098837304644
BT-v1,bt,0.0,1,,-1,-1,BT-v2,10083,1,0.0,0,0,1,timeout,120.19999999999531,0.0,6.25,0.0,120.19999999999531,0.0,0.0,0.0,
BT-v1,bt,0.0,1,,-1,-1,BT-v2,10084,0,0.0,0,0,1,gun_kill,21.650000000000173,0.0,100.0,0.0,21.650000000000173,0.0,0.0,0.0,7151.31848985252
BT-v1,bt,0.0,1,,-1,-1,BT-v2,10084,1,0.0,0,0,1,gun_kill,19.900000000000148,0.0,100.0,0.0,19.900000000000148,0.0,0.0,0.0,
BT-v1,bt,0.0,1,,-1,-1,BT-v2,10085,0,0.0,0,0,1,crash,105.29999999999616,0.0,0.0,0.0,105.29999999999616,0.05655893536121673,0.0,0.0,9527.256174506927
BT-v1,bt,0.0,1,,-1,-1,BT-v2,10085,1,0.0,0,0,1,gun_kill,21.900000000000176,0.0,100.0,0.0,21.900000000000176,0.0,0.0,0.0,
BT-v1,bt,0.0,1,,-1,-1,BT-v2,10086,0,0.0,0,0,1,gun_kill,19.150000000000137,0.0,100.0,0.0,19.150000000000137,0.0,0.0,0.0,6878.4004323184
BT-v1,bt,0.0,1,,-1,-1,BT-v2,10086,1,0.5,0,1,0,timeout,120.19999999999531,0.0,0.0,0.0,120.19999999999531,0.005823627287853577,0.0,0.0,
BT-v1,bt,0.0,1,,-1,-1,BT-v2,10087,0,0.5,0,1,0,timeout,120.19999999999531,0.0,0.0,0.0,120.19999999999531,0.0,0.0,0.0,9909.55554853914
BT-v1,bt,0.0,1,,-1,-1,BT-v2,10087,1,0.5,0,1,0,timeout,120.19999999999531,0.0,0.0,0.0,120.19999999999531,0.0,0.0,0.0,
BT-v1,bt,0.0,1,,-1,-1,BT-v2,10088,0,0.0,0,0,1,timeout,120.19999999999531,0.0,56.25,0.0,120.19999999999531,0.0,0.0,0.0,10379.175927106238
BT-v1,bt,0.0,1,,-1,-1,BT-v2,10088,1,0.5,0,1,0,timeout,120.19999999999531,0.0,0.0,0.0,120.19999999999531,0.0,0.0,0.0,
BT-v1,bt,0.0,1,,-1,-1,BT-v2,10089,0,0.0,0,0,1,gun_kill,27.85000000000026,0.0,100.0,0.0,27.85000000000026,0.0,0.0,0.0,7635.474105358064
BT-v1,bt,0.0,1,,-1,-1,BT-v2,10089,1,0.0,0,0,1,gun_kill,73.19999999999798,0.0,100.0,0.0,73.19999999999798,0.0,0.0,0.0,
BT-v1,bt,0.0,1,,-1,-1,BT-v2,10090,0,0.0,0,0,1,gun_kill,16.400000000000098,0.0,100.0,0.0,16.400000000000098,0.0,0.0,0.0,5751.075832953924
BT-v1,bt,0.0,1,,-1,-1,BT-v2,10090,1,0.0,0,0,1,timeout,120.19999999999531,0.0,48.75,0.0,120.19999999999531,0.0,0.0,0.0,
BT-v1,bt,0.0,1,,-1,-1,BT-v2,10091,0,0.5,0,1,0,timeout,120.19999999999531,0.0,0.0,0.0,120.19999999999531,0.0,0.0,0.0,9801.957843407348
BT-v1,bt,0.0,1,,-1,-1,BT-v2,10091,1,0.5,0,1,0,timeout,120.19999999999531,0.0,0.0,0.0,120.19999999999531,0.0,0.0,0.0,
BT-v1,bt,0.0,1,,-1,-1,BT-v2,10092,0,0.0,0,0,1,timeout,120.19999999999531,7.5,56.25,0.3,120.19999999999531,0.0,0.0,0.0,9281.776413434829
BT-v1,bt,0.0,1,,-1,-1,BT-v2,10092,1,0.5,0,1,0,collision,4.199999999999993,0.0,0.0,0.0,4.199999999999993,0.0,0.0,0.075,
BT-v1,bt,0.0,1,,-1,-1,BT-v2,10093,0,0.0,0,0,1,timeout,120.19999999999531,0.0,51.25,0.0,120.19999999999531,0.0,0.0,0.0,10595.208950457543
BT-v1,bt,0.0,1,,-1,-1,BT-v2,10093,1,0.0,0,0,1,gun_kill,13.100000000000051,0.0,100.0,0.0,13.100000000000051,0.0,0.0,0.0,
BT-v1,bt,0.0,1,,-1,-1,BT-v2,10094,0,0.5,0,1,0,timeout,120.19999999999531,0.0,0.0,0.0,120.19999999999531,0.0,0.0,0.0,11556.136048996868
BT-v1,bt,0.0,1,,-1,-1,BT-v2,10094,1,0.5,0,1,0,timeout,120.19999999999531,0.0,0.0,0.0,120.19999999999531,0.0,0.0,0.0,
BT-v1,bt,0.0,1,,-1,-1,BT-v2,10095,0,0.5,0,1,0,timeout,120.19999999999531,0.0,0.0,0.0,120.19999999999531,0.0,0.0,0.0,10603.689856961502
BT-v1,bt,0.0,1,,-1,-1,BT-v2,10095,1,0.0,0,0,1,timeout,120.19999999999531,0.0,60.0,0.0,120.19999999999531,0.0,0.0,0.0,
BT-v1,bt,0.0,1,,-1,-1,BT-v2,10096,0,0.0,0,0,1,timeout,120.19999999999531,0.0,6.25,0.0,120.19999999999531,0.0,0.0,0.0,11341.014103455429
BT-v1,bt,0.0,1,,-1,-1,BT-v2,10096,1,0.5,0,1,0,timeout,120.19999999999531,0.0,0.0,0.0,120.19999999999531,0.0,0.0,0.0,
BT-v1,bt,0.0,1,,-1,-1,BT-v2,10097,0,0.5,0,1,0,timeout,120.19999999999531,0.0,0.0,0.0,120.19999999999531,0.0,0.0,0.0,10678.395008499574
BT-v1,bt,0.0,1,,-1,-1,BT-v2,10097,1,0.5,0,1,0,timeout,120.19999999999531,0.0,0.0,0.0,120.19999999999531,0.0,0.0,0.0,
BT-v1,bt,0.0,1,,-1,-1,BT-v2,10098,0,0.5,0,1,0,timeout,120.19999999999531,0.0,0.0,0.0,120.19999999999531,0.0,0.0,0.0,10624.231875980642
BT-v1,bt,0.0,1,,-1,-1,BT-v2,10098,1,0.5,0,1,0,timeout,120.19999999999531,0.0,0.0,0.0,120.19999999999531,0.0,0.0,0.0,
BT-v1,bt,0.0,1,,-1,-1,BT-v2,10099,0,0.0,0,0,1,timeout,120.19999999999531,0.0,88.75,0.0,120.19999999999531,0.0,0.0,0.0,8076.310872589157
BT-v1,bt,0.0,1,,-1,-1,BT-v2,10099,1,0.0,0,0,1,crash,98.99999999999652,0.0,6.25,0.0,98.99999999999652,0.06376518218623482,0.0,0.0,
BT-v1,bt,0.0,1,,-1,-1,BT-v3,10000,0,0.5,0,1,0,timeout,120.19999999999531,0.0,0.0,0.0,120.19999999999531,0.0,0.0,0.0,9690.645663235902
BT-v1,bt,0.0,1,,-1,-1,BT-v3,10000,1,1.0,1,0,0,timeout,120.19999999999531,18.75,0.0,0.7500000000000001,120.19999999999531,0.0,0.0,0.0,
BT-v1,bt,0.0,1,,-1,-1,BT-v3,10001,0,0.0,0,0,1,crash,107.999999999996,0.0,0.0,0.0,107.999999999996,0.036641929499072357,0.0,0.0,9410.86075493949
BT-v1,bt,0.0,1,,-1,-1,BT-v3,10001,1,0.0,0,0,1,timeout,120.19999999999531,0.0,25.0,0.0,120.19999999999531,0.0,0.0,0.0,
BT-v1,bt,0.0,1,,-1,-1,BT-v3,10002,0,0.0,0,0,1,timeout,120.19999999999531,0.0,18.75,0.0,120.19999999999531,0.0,0.0,0.0,11170.061031978938
BT-v1,bt,0.0,1,,-1,-1,BT-v3,10002,1,0.0,0,0,1,timeout,120.19999999999531,0.0,20.0,0.0,120.19999999999531,0.0,0.0,0.0,
BT-v1,bt,0.0,1,,-1,-1,BT-v3,10003,0,0.0,0,0,1,timeout,120.19999999999531,0.0,11.25,0.0,120.19999999999531,0.0,0.0,0.0,12553.106108283822
BT-v1,bt,0.0,1,,-1,-1,BT-v3,10003,1,0.5,0,1,0,timeout,120.19999999999531,0.0,0.0,0.0,120.19999999999531,0.0,0.0,0.0,
BT-v1,bt,0.0,1,,-1,-1,BT-v3,10004,0,0.0,0,0,1,crash,109.24999999999594,0.0,71.25,0.0,109.24999999999594,0.03708791208791209,0.0,0.0,9130.08442573209
BT-v1,bt,0.0,1,,-1,-1,BT-v3,10004,1,0.0,0,0,1,gun_kill,22.05000000000018,0.0,100.0,0.0,22.05000000000018,0.0,0.0,0.0,
BT-v1,bt,0.0,1,,-1,-1,BT-v3,10005,0,0.0,0,0,1,timeout,120.19999999999531,0.0,3.75,0.0,120.19999999999531,0.0,0.0,0.0,11805.532753976422
BT-v1,bt,0.0,1,,-1,-1,BT-v3,10005,1,0.5,0,1,0,collision,5.14999999999999,0.0,0.0,0.0,5.14999999999999,0.0,0.0,0.06,
BT-v1,bt,0.0,1,,-1,-1,BT-v3,10006,0,0.0,0,0,1,gun_kill,9.349999999999998,0.0,100.0,0.0,9.349999999999998,0.0,0.0,0.0,7018.853149483572
BT-v1,bt,0.0,1,,-1,-1,BT-v3,10006,1,0.5,0,1,0,timeout,120.19999999999531,0.0,0.0,0.0,120.19999999999531,0.0,0.0,0.0,
BT-v1,bt,0.0,1,,-1,-1,BT-v3,10007,0,0.5,0,1,0,timeout,120.19999999999531,0.0,0.0,0.0,120.19999999999531,0.0,0.0,0.0,10655.357803487894
BT-v1,bt,0.0,1,,-1,-1,BT-v3,10007,1,0.5,0,1,0,timeout,120.19999999999531,0.0,0.0,0.0,120.19999999999531,0.0,0.0,0.0,
BT-v1,bt,0.0,1,,-1,-1,BT-v3,10008,0,0.5,0,1,0,timeout,120.19999999999531,0.0,0.0,0.0,120.19999999999531,0.0,0.0,0.0,9869.440715370023
BT-v1,bt,0.0,1,,-1,-1,BT-v3,10008,1,0.0,0,0,1,timeout,120.19999999999531,0.0,26.25,0.0,120.19999999999531,0.0,0.0,0.0,
BT-v1,bt,0.0,1,,-1,-1,BT-v3,10009,0,0.5,0,1,0,timeout,120.19999999999531,0.0,0.0,0.0,120.19999999999531,0.0,0.0,0.0,11421.554422892594
BT-v1,bt,0.0,1,,-1,-1,BT-v3,10009,1,0.0,0,0,1,gun_kill,26.40000000000024,0.0,100.0,0.0,26.40000000000024,0.0,0.0,0.0,
BT-v1,bt,0.0,1,,-1,-1,BT-v3,10010,0,0.5,0,1,0,timeout,120.19999999999531,0.0,0.0,0.0,120.19999999999531,0.0,0.0,0.0,10264.691880487311
BT-v1,bt,0.0,1,,-1,-1,BT-v3,10010,1,0.0,0,0,1,timeout,120.19999999999531,0.0,66.25,0.0,120.19999999999531,0.0,0.0,0.0,
BT-v1,bt,0.0,1,,-1,-1,BT-v3,10011,0,0.0,0,0,1,gun_kill,19.550000000000143,0.0,100.0,0.0,19.550000000000143,0.0,0.0,0.0,7402.864301352214
BT-v1,bt,0.0,1,,-1,-1,BT-v3,10011,1,0.0,0,0,1,timeout,120.19999999999531,0.0,16.25,0.0,120.19999999999531,0.0,0.0,0.0,
BT-v1,bt,0.0,1,,-1,-1,BT-v3,10012,0,0.0,0,0,1,timeout,120.19999999999531,0.0,7.5,0.0,120.19999999999531,0.0,0.0,0.0,11346.244654577591
BT-v1,bt,0.0,1,,-1,-1,BT-v3,10012,1,0.5,0,1,0,timeout,120.19999999999531,0.0,0.0,0.0,120.19999999999531,0.0,0.0,0.0,
BT-v1,bt,0.0,1,,-1,-1,BT-v3,10013,0,0.5,0,1,0,timeout,120.19999999999531,0.0,0.0,0.0,120.19999999999531,0.0,0.0,0.0,11599.455372864084
BT-v1,bt,0.0,1,,-1,-1,BT-v3,10013,1,0.5,0,1,0,timeout,120.19999999999531,0.0,0.0,0.0,120.19999999999531,0.0,0.0,0.0,
BT-v1,bt,0.0,1,,-1,-1,BT-v3,10014,0,0.0,0,0,1,timeout,120.19999999999531,0.0,22.5,0.0,120.19999999999531,0.0,0.0,0.0,10800.069561684686
BT-v1,bt,0.0,1,,-1,-1,BT-v3,10014,1,0.0,0,0,1,gun_kill,25.350000000000225,0.0,100.0,0.0,25.350000000000225,0.0,0.0,0.0,
BT-v1,bt,0.0,1,,-1,-1,BT-v3,10015,0,0.5,0,1,0,timeout,120.19999999999531,0.0,0.0,0.0,120.19999999999531,0.0,0.0,0.0,8821.525170712568
BT-v1,bt,0.0,1,,-1,-1,BT-v3,10015,1,0.0,0,0,1,timeout,120.19999999999531,0.0,22.5,0.0,120.19999999999531,0.0,0.0,0.0,
BT-v1,bt,0.0,1,,-1,-1,BT-v3,10016,0,0.0,0,0,1,gun_kill,27.550000000000257,0.0,100.0,0.0,27.550000000000257,0.0,0.0,0.02737226277372263,6621.181220148016
BT-v1,bt,0.0,1,,-1,-1,BT-v3,10016,1,0.0,0,0,1,gun_kill,76.69999999999779,7.5,100.0,0.3,76.69999999999779,0.0,0.0,0.0,
BT-v1,bt,0.0,1,,-1,-1,BT-v3,10017,0,0.0,0,0,1,crash,109.8999999999959,0.0,0.0,0.0,109.8999999999959,0.03597449908925319,0.0,0.0,9386.481982130108
BT-v1,bt,0.0,1,,-1,-1,BT-v3,10017,1,0.5,0,1,0,timeout,120.19999999999531,0.0,0.0,0.0,120.19999999999531,0.0,0.0,0.0,
BT-v1,bt,0.0,1,,-1,-1,BT-v3,10018,0,0.0,0,0,1,gun_kill,15.500000000000085,0.0,100.0,0.0,15.500000000000085,0.0,0.0,0.0,6432.467036314962
BT-v1,bt,0.0,1,,-1,-1,BT-v3,10018,1,0.0,0,0,1,gun_kill,46.09999999999952,0.0,100.0,0.0,46.09999999999952,0.0,0.0,0.0,
BT-v1,bt,0.0,1,,-1,-1,BT-v3,10019,0,0.0,0,0,1,timeout,120.19999999999531,0.0,52.5,0.0,120.19999999999531,0.0,0.0,0.0,10510.74519753271
BT-v1,bt,0.0,1,,-1,-1,BT-v3,10019,1,0.0,0,0,1,timeout,120.19999999999531,0.0,38.75,0.0,120.19999999999531,0.0,0.0,0.0,
BT-v1,bt,0.0,1,,-1,-1,BT-v3,10020,0,0.5,0,1,0,collision,4.099999999999993,0.0,0.0,0.0,4.099999999999993,0.0,0.0,0.0875,7337.72755427457
BT-v1,bt,0.0,1,,-1,-1,BT-v3,10020,1,0.0,0,0,1,timeout,120.19999999999531,7.5,33.75,0.3,120.19999999999531,0.0,0.0,0.0,
BT-v1,bt,0.0,1,,-1,-1,BT-v3,10021,0,0.0,0,0,1,timeout,120.19999999999531,0.0,3.75,0.0,120.19999999999531,0.0,0.0,0.0,11349.477645551697
BT-v1,bt,0.0,1,,-1,-1,BT-v3,10021,1,0.5,0,1,0,timeout,120.19999999999531,0.0,0.0,0.0,120.19999999999531,0.0,0.0,0.0,
BT-v1,bt,0.0,1,,-1,-1,BT-v3,10022,0,0.0,0,0,1,timeout,120.19999999999531,0.0,16.25,0.0,120.19999999999531,0.0,0.0,0.0,11126.024382407353
BT-v1,bt,0.0,1,,-1,-1,BT-v3,10022,1,0.5,0,1,0,timeout,120.19999999999531,0.0,0.0,0.0,120.19999999999531,0.0,0.0,0.0,
BT-v1,bt,0.0,1,,-1,-1,BT-v3,10023,0,0.5,0,1,0,timeout,120.19999999999531,0.0,0.0,0.0,120.19999999999531,0.0,0.0,0.0,11896.135890963084
BT-v1,bt,0.0,1,,-1,-1,BT-v3,10023,1,0.5,0,1,0,timeout,120.19999999999531,0.0,0.0,0.0,120.19999999999531,0.0,0.0,0.0,
BT-v1,bt,0.0,1,,-1,-1,BT-v3,10024,0,0.5,0,1,0,timeout,120.19999999999531,0.0,0.0,0.0,120.19999999999531,0.0,0.0,0.0,10624.846497019182
BT-v1,bt,0.0,1,,-1,-1,BT-v3,10024,1,0.5,0,1,0,timeout,120.19999999999531,0.0,0.0,0.0,120.19999999999531,0.0,0.0,0.0,
BT-v1,bt,0.0,1,,-1,-1,BT-v3,10025,0,0.0,0,0,1,timeout,120.19999999999531,0.0,26.25,0.0,120.19999999999531,0.0,0.0,0.0,12063.89362666182
BT-v1,bt,0.0,1,,-1,-1,BT-v3,10025,1,0.5,0,1,0,timeout,120.19999999999531,0.0,0.0,0.0,120.19999999999531,0.0,0.0,0.0,
BT-v1,bt,0.0,1,,-1,-1,BT-v3,10026,0,0.5,0,1,0,timeout,120.19999999999531,0.0,0.0,0.0,120.19999999999531,0.0,0.0,0.0,11452.67239672485
BT-v1,bt,0.0,1,,-1,-1,BT-v3,10026,1,0.0,0,0,1,timeout,120.19999999999531,0.0,23.75,0.0,120.19999999999531,0.0,0.0,0.0,
BT-v1,bt,0.0,1,,-1,-1,BT-v3,10027,0,0.5,0,1,0,timeout,120.19999999999531,0.0,0.0,0.0,120.19999999999531,0.0,0.0,0.0,11146.69576984343
BT-v1,bt,0.0,1,,-1,-1,BT-v3,10027,1,0.5,0,1,0,timeout,120.19999999999531,0.0,0.0,0.0,120.19999999999531,0.0,0.0,0.0,
BT-v1,bt,0.0,1,,-1,-1,BT-v3,10028,0,0.0,0,0,1,gun_kill,19.45000000000014,0.0,100.0,0.0,19.45000000000014,0.0,0.0,0.0,7115.630635384729
BT-v1,bt,0.0,1,,-1,-1,BT-v3,10028,1,0.5,0,1,0,timeout,120.19999999999531,0.0,0.0,0.0,120.19999999999531,0.0,0.0,0.0,
BT-v1,bt,0.0,1,,-1,-1,BT-v3,10029,0,0.0,0,0,1,gun_kill,22.90000000000019,0.0,100.0,0.0,22.90000000000019,0.0,0.0,0.0,7601.994026340933
BT-v1,bt,0.0,1,,-1,-1,BT-v3,10029,1,0.5,0,1,0,timeout,120.19999999999531,0.0,0.0,0.0,120.19999999999531,0.0,0.0,0.0,
BT-v1,bt,0.0,1,,-1,-1,BT-v3,10030,0,0.5,0,1,0,timeout,120.19999999999531,0.0,0.0,0.0,120.19999999999531,0.0,0.0,0.0,11920.620784662742
BT-v1,bt,0.0,1,,-1,-1,BT-v3,10030,1,0.5,0,1,0,timeout,120.19999999999531,0.0,0.0,0.0,120.19999999999531,0.0,0.0,0.0,
BT-v1,bt,0.0,1,,-1,-1,BT-v3,10031,0,0.5,0,1,0,timeout,120.19999999999531,0.0,0.0,0.0,120.19999999999531,0.0,0.0,0.0,12084.850094940533
BT-v1,bt,0.0,1,,-1,-1,BT-v3,10031,1,0.5,0,1,0,timeout,120.19999999999531,0.0,0.0,0.0,120.19999999999531,0.0,0.0,0.0,
BT-v1,bt,0.0,1,,-1,-1,BT-v3,10032,0,0.5,0,1,0,timeout,120.19999999999531,0.0,0.0,0.0,120.19999999999531,0.0,0.0,0.0,10757.932317845298
BT-v1,bt,0.0,1,,-1,-1,BT-v3,10032,1,0.5,0,1,0,timeout,120.19999999999531,0.0,0.0,0.0,120.19999999999531,0.0,0.0,0.0,
BT-v1,bt,0.0,1,,-1,-1,BT-v3,10033,0,0.0,0,0,1,timeout,120.19999999999531,0.0,22.5,0.0,120.19999999999531,0.0,0.0,0.0,9718.013223868002
BT-v1,bt,0.0,1,,-1,-1,BT-v3,10033,1,0.0,0,0,1,timeout,120.19999999999531,0.0,43.75,0.0,120.19999999999531,0.0,0.0,0.0,
BT-v1,bt,0.0,1,,-1,-1,BT-v3,10034,0,0.5,0,1,0,timeout,120.19999999999531,0.0,0.0,0.0,120.19999999999531,0.0,0.0,0.0,11369.598997926165
BT-v1,bt,0.0,1,,-1,-1,BT-v3,10034,1,0.0,0,0,1,gun_kill,34.30000000000019,0.0,100.0,0.0,34.30000000000019,0.0,0.0,0.0,
BT-v1,bt,0.0,1,,-1,-1,BT-v3,10035,0,0.0,0,0,1,gun_kill,9.45,0.0,100.0,0.0,9.45,0.0,0.0,0.0,6685.399009664033
BT-v1,bt,0.0,1,,-1,-1,BT-v3,10035,1,0.5,0,1,0,timeout,120.19999999999531,0.0,0.0,0.0,120.19999999999531,0.0,0.0,0.0,
BT-v1,bt,0.0,1,,-1,-1,BT-v3,10036,0,0.0,0,0,1,timeout,120.19999999999531,0.0,42.5,0.0,120.19999999999531,0.0,0.0,0.0,10648.675295071
BT-v1,bt,0.0,1,,-1,-1,BT-v3,10036,1,0.5,0,1,0,timeout,120.19999999999531,0.0,0.0,0.0,120.19999999999531,0.0,0.0,0.0,
BT-v1,bt,0.0,1,,-1,-1,BT-v3,10037,0,0.5,0,1,0,timeout,120.19999999999531,0.0,0.0,0.0,120.19999999999531,0.0,0.0,0.0,11756.121345801843
BT-v1,bt,0.0,1,,-1,-1,BT-v3,10037,1,0.5,0,1,0,timeout,120.19999999999531,0.0,0.0,0.0,120.19999999999531,0.0,0.0,0.0,
BT-v1,bt,0.0,1,,-1,-1,BT-v3,10038,0,0.5,0,1,0,timeout,120.19999999999531,0.0,0.0,0.0,120.19999999999531,0.0,0.0,0.0,10179.185180955636
BT-v1,bt,0.0,1,,-1,-1,BT-v3,10038,1,0.0,0,0,1,timeout,120.19999999999531,0.0,31.25,0.0,120.19999999999531,0.0,0.0,0.0,
BT-v1,bt,0.0,1,,-1,-1,BT-v3,10039,0,0.5,0,1,0,timeout,120.19999999999531,0.0,0.0,0.0,120.19999999999531,0.0,0.0,0.0,10631.462028329433
BT-v1,bt,0.0,1,,-1,-1,BT-v3,10039,1,0.5,0,1,0,timeout,120.19999999999531,0.0,0.0,0.0,120.19999999999531,0.0,0.0,0.0,
BT-v1,bt,0.0,1,,-1,-1,BT-v3,10040,0,0.0,0,0,1,gun_kill,16.950000000000106,0.0,100.0,0.0,16.950000000000106,0.0,0.0,0.0,7212.569517683327
BT-v1,bt,0.0,1,,-1,-1,BT-v3,10040,1,0.0,0,0,1,timeout,120.19999999999531,0.0,18.75,0.0,120.19999999999531,0.0,0.0,0.0,
BT-v1,bt,0.0,1,,-1,-1,BT-v3,10041,0,0.0,0,0,1,timeout,120.19999999999531,0.0,21.25,0.0,120.19999999999531,0.0,0.0,0.0,8818.680165541102
BT-v1,bt,0.0,1,,-1,-1,BT-v3,10041,1,0.0,0,0,1,timeout,120.19999999999531,0.0,72.5,0.0,120.19999999999531,0.0,0.0,0.0066555740432612314,
BT-v1,bt,0.0,1,,-1,-1,BT-v3,10042,0,0.5,0,1,0,collision,5.799999999999987,0.0,0.0,0.0,5.799999999999987,0.0,0.0,0.05357142857142857,7445.033295818095
BT-v1,bt,0.0,1,,-1,-1,BT-v3,10042,1,0.5,0,1,0,collision,5.649999999999988,0.0,0.0,0.0,5.649999999999988,0.0,0.0,0.044642857142857144,
BT-v1,bt,0.0,1,,-1,-1,BT-v3,10043,0,0.5,0,1,0,timeout,120.19999999999531,0.0,0.0,0.0,120.19999999999531,0.0,0.0,0.0,10548.140507936661
BT-v1,bt,0.0,1,,-1,-1,BT-v3,10043,1,0.0,0,0,1,timeout,120.19999999999531,0.0,25.0,0.0,120.19999999999531,0.0,0.0,0.0,
BT-v1,bt,0.0,1,,-1,-1,BT-v3,10044,0,0.5,0,1,0,timeout,120.19999999999531,0.0,0.0,0.0,120.19999999999531,0.0,0.0,0.0,9471.719096516044
BT-v1,bt,0.0,1,,-1,-1,BT-v3,10044,1,0.5,0,1,0,timeout,120.19999999999531,0.0,0.0,0.0,120.19999999999531,0.0,0.0,0.0,
BT-v1,bt,0.0,1,,-1,-1,BT-v3,10045,0,0.5,0,1,0,timeout,120.19999999999531,0.0,0.0,0.0,120.19999999999531,0.0,0.0,0.0,10723.971218108698
BT-v1,bt,0.0,1,,-1,-1,BT-v3,10045,1,0.0,0,0,1,gun_kill,15.15000000000008,0.0,100.0,0.0,15.15000000000008,0.0,0.0,0.0,
BT-v1,bt,0.0,1,,-1,-1,BT-v3,10046,0,0.5,0,1,0,timeout,120.19999999999531,0.0,0.0,0.0,120.19999999999531,0.0,0.0,0.0,12028.382932622375
BT-v1,bt,0.0,1,,-1,-1,BT-v3,10046,1,0.5,0,1,0,timeout,120.19999999999531,0.0,0.0,0.0,120.19999999999531,0.0,0.0,0.0,
BT-v1,bt,0.0,1,,-1,-1,BT-v3,10047,0,0.0,0,0,1,crash,102.29999999999633,0.0,5.0,0.0,102.29999999999633,0.06360078277886497,0.0,0.0,8359.334446415442
BT-v1,bt,0.0,1,,-1,-1,BT-v3,10047,1,0.0,0,0,1,timeout,120.19999999999531,0.0,36.25,0.0,120.19999999999531,0.0,0.0,0.0,
BT-v1,bt,0.0,1,,-1,-1,BT-v3,10048,0,0.0,0,0,1,crash,109.34999999999593,0.0,20.0,0.0,109.34999999999593,0.038461538461538464,0.0,0.0,8679.517222077542
BT-v1,bt,0.0,1,,-1,-1,BT-v3,10048,1,0.5,0,1,0,timeout,120.19999999999531,0.0,0.0,0.0,120.19999999999531,0.0,0.0,0.0,
BT-v1,bt,0.0,1,,-1,-1,BT-v3,10049,0,0.5,0,1,0,timeout,120.19999999999531,0.0,0.0,0.0,120.19999999999531,0.0,0.0,0.0,12109.950239770993
BT-v1,bt,0.0,1,,-1,-1,BT-v3,10049,1,0.0,0,0,1,gun_kill,21.050000000000164,0.0,100.0,0.0,21.050000000000164,0.0,0.0,0.0,
BT-v1,bt,0.0,1,,-1,-1,BT-v3,10050,0,0.5,0,1,0,timeout,120.19999999999531,0.0,0.0,0.0,120.19999999999531,0.0,0.0,0.0,11178.485163030733
BT-v1,bt,0.0,1,,-1,-1,BT-v3,10050,1,0.5,0,1,0,timeout,120.19999999999531,0.0,0.0,0.0,120.19999999999531,0.0,0.0,0.0,
BT-v1,bt,0.0,1,,-1,-1,BT-v3,10051,0,0.0,0,0,1,timeout,120.19999999999531,0.0,5.0,0.0,120.19999999999531,0.0,0.0,0.0,11642.178364880945
BT-v1,bt,0.0,1,,-1,-1,BT-v3,10051,1,0.0,0,0,1,timeout,120.19999999999531,0.0,55.0,0.0,120.19999999999531,0.0,0.0,0.004159733777038269,
BT-v1,bt,0.0,1,,-1,-1,BT-v3,10052,0,0.0,0,0,1,timeout,120.19999999999531,0.0,38.75,0.0,120.19999999999531,0.0,0.0,0.0,9569.4752940553
BT-v1,bt,0.0,1,,-1,-1,BT-v3,10052,1,0.0,0,0,1,gun_kill,22.000000000000178,5.0,100.0,0.2,22.000000000000178,0.0,0.0,0.03211009174311927,
BT-v1,bt,0.0,1,,-1,-1,BT-v3,10053,0,0.0,0,0,1,timeout,120.19999999999531,0.0,16.25,0.0,120.19999999999531,0.0,0.0,0.0,10919.87963337554
BT-v1,bt,0.0,1,,-1,-1,BT-v3,10053,1,0.0,0,0,1,timeout,120.19999999999531,0.0,46.25,0.0,120.19999999999531,0.0,0.0,0.0,
BT-v1,bt,0.0,1,,-1,-1,BT-v3,10054,0,0.0,0,0,1,timeout,120.19999999999531,0.0,66.25,0.0,120.19999999999531,0.0,0.0,0.0,9459.57044013847
BT-v1,bt,0.0,1,,-1,-1,BT-v3,10054,1,0.5,0,1,0,timeout,120.19999999999531,0.0,0.0,0.0,120.19999999999531,0.0,0.0,0.0,
BT-v1,bt,0.0,1,,-1,-1,BT-v3,10055,0,0.0,0,0,1,gun_kill,21.150000000000166,0.0,100.0,0.0,21.150000000000166,0.0,0.0,0.0,6070.190613246408
BT-v1,bt,0.0,1,,-1,-1,BT-v3,10055,1,0.0,0,0,1,timeout,120.19999999999531,0.0,62.5,0.0,120.19999999999531,0.0,0.0,0.0,
BT-v1,bt,0.0,1,,-1,-1,BT-v3,10056,0,0.0,0,0,1,timeout,120.19999999999531,0.0,8.75,0.0,120.19999999999531,0.0,0.0,0.0,10233.832493231612
BT-v1,bt,0.0,1,,-1,-1,BT-v3,10056,1,0.0,0,0,1,timeout,120.19999999999531,0.0,48.75,0.0,120.19999999999531,0.0,0.0,0.0,
BT-v1,bt,0.0,1,,-1,-1,BT-v3,10057,0,0.0,0,0,1,gun_kill,28.350000000000268,0.0,100.0,0.0,28.350000000000268,0.0,0.0,0.0070921985815602835,6538.014869977057
BT-v1,bt,0.0,1,,-1,-1,BT-v3,10057,1,0.0,0,0,1,timeout,120.19999999999531,0.0,13.75,0.0,120.19999999999531,0.0,0.0,0.0,
BT-v1,bt,0.0,1,,-1,-1,BT-v3,10058,0,0.5,0,1,0,timeout,120.19999999999531,0.0,0.0,0.0,120.19999999999531,0.0,0.0,0.0,11248.604899375916
BT-v1,bt,0.0,1,,-1,-1,BT-v3,10058,1,0.5,0,1,0,timeout,120.19999999999531,0.0,0.0,0.0,120.19999999999531,0.0,0.0,0.0,
BT-v1,bt,0.0,1,,-1,-1,BT-v3,10059,0,0.5,0,1,0,timeout,120.19999999999531,0.0,0.0,0.0,120.19999999999531,0.0,0.0,0.0,10916.864634026711
BT-v1,bt,0.0,1,,-1,-1,BT-v3,10059,1,0.5,0,1,0,timeout,120.19999999999531,0.0,0.0,0.0,120.19999999999531,0.0,0.0,0.0,
BT-v1,bt,0.0,1,,-1,-1,BT-v3,10060,0,0.5,0,1,0,timeout,120.19999999999531,0.0,0.0,0.0,120.19999999999531,0.0,0.0,0.0,10363.688925089418
BT-v1,bt,0.0,1,,-1,-1,BT-v3,10060,1,0.0,0,0,1,timeout,120.19999999999531,0.0,1.25,0.0,120.19999999999531,0.0,0.0,0.0,
BT-v1,bt,0.0,1,,-1,-1,BT-v3,10061,0,0.0,0,0,1,timeout,120.19999999999531,0.0,18.75,0.0,120.19999999999531,0.0,0.0,0.0,11637.953233118536
BT-v1,bt,0.0,1,,-1,-1,BT-v3,10061,1,0.0,0,0,1,gun_kill,19.750000000000146,0.0,100.0,0.0,19.750000000000146,0.0,0.0,0.0,
BT-v1,bt,0.0,1,,-1,-1,BT-v3,10062,0,0.0,0,0,1,timeout,120.19999999999531,0.0,10.0,0.0,120.19999999999531,0.0,0.0,0.0,10811.577277790228
BT-v1,bt,0.0,1,,-1,-1,BT-v3,10062,1,0.0,0,0,1,timeout,120.19999999999531,0.0,17.5,0.0,120.19999999999531,0.0,0.0,0.0,
BT-v1,bt,0.0,1,,-1,-1,BT-v3,10063,0,0.5,0,1,0,timeout,120.19999999999531,0.0,0.0,0.0,120.19999999999531,0.0,0.0,0.0,8887.369254535719
BT-v1,bt,0.0,1,,-1,-1,BT-v3,10063,1,0.5,0,1,0,timeout,120.19999999999531,0.0,0.0,0.0,120.19999999999531,0.0,0.0,0.0,
BT-v1,bt,0.0,1,,-1,-1,BT-v3,10064,0,0.5,0,1,0,timeout,120.19999999999531,0.0,0.0,0.0,120.19999999999531,0.0,0.0,0.0,9926.562382270748
BT-v1,bt,0.0,1,,-1,-1,BT-v3,10064,1,0.5,0,1,0,timeout,120.19999999999531,0.0,0.0,0.0,120.19999999999531,0.0,0.0,0.0,
BT-v1,bt,0.0,1,,-1,-1,BT-v3,10065,0,0.5,0,1,0,timeout,120.19999999999531,0.0,0.0,0.0,120.19999999999531,0.0,0.0,0.0,10970.551729710827
BT-v1,bt,0.0,1,,-1,-1,BT-v3,10065,1,0.0,0,0,1,timeout,120.19999999999531,0.0,81.25,0.0,120.19999999999531,0.0,0.0,0.0,
BT-v1,bt,0.0,1,,-1,-1,BT-v3,10066,0,0.5,0,1,0,timeout,120.19999999999531,0.0,0.0,0.0,120.19999999999531,0.0,0.0,0.0,11811.059533398957
BT-v1,bt,0.0,1,,-1,-1,BT-v3,10066,1,0.5,0,1,0,timeout,120.19999999999531,0.0,0.0,0.0,120.19999999999531,0.0,0.0,0.0,
BT-v1,bt,0.0,1,,-1,-1,BT-v3,10067,0,0.0,0,0,1,crash,119.74999999999534,0.0,0.0,0.0,119.74999999999534,0.06229096989966555,0.0,0.0,10144.275177913409
BT-v1,bt,0.0,1,,-1,-1,BT-v3,10067,1,0.0,0,0,1,gun_kill,18.70000000000013,0.0,100.0,0.0,18.70000000000013,0.0,0.0,0.0,
BT-v1,bt,0.0,1,,-1,-1,BT-v3,10068,0,0.5,0,1,0,timeout,120.19999999999531,0.0,0.0,0.0,120.19999999999531,0.0,0.0,0.0,11541.439287035377
BT-v1,bt,0.0,1,,-1,-1,BT-v3,10068,1,0.5,0,1,0,timeout,120.19999999999531,0.0,0.0,0.0,120.19999999999531,0.0,0.0,0.0,
BT-v1,bt,0.0,1,,-1,-1,BT-v3,10069,0,0.0,0,0,1,gun_kill,26.30000000000024,0.0,100.0,0.0,26.30000000000024,0.0,0.0,0.009541984732824428,6964.256053962553
BT-v1,bt,0.0,1,,-1,-1,BT-v3,10069,1,0.0,0,0,1,timeout,120.19999999999531,0.0,6.25,0.0,120.19999999999531,0.0,0.0,0.0,
BT-v1,bt,0.0,1,,-1,-1,BT-v3,10070,0,0.0,0,0,1,timeout,120.19999999999531,0.0,18.75,0.0,120.19999999999531,0.0,0.0,0.0,10187.745804977289
BT-v1,bt,0.0,1,,-1,-1,BT-v3,10070,1,0.0,0,0,1,gun_kill,25.250000000000224,0.0,100.0,0.0,25.250000000000224,0.0,0.0,0.0,
BT-v1,bt,0.0,1,,-1,-1,BT-v3,10071,0,0.0,0,0,1,timeout,120.19999999999531,0.0,50.0,0.0,120.19999999999531,0.0,0.0,0.0,10644.67586569475
BT-v1,bt,0.0,1,,-1,-1,BT-v3,10071,1,0.0,0,0,1,timeout,120.19999999999531,0.0,51.25,0.0,120.19999999999531,0.0,0.0,0.0,
BT-v1,bt,0.0,1,,-1,-1,BT-v3,10072,0,0.0,0,0,1,gun_kill,16.300000000000097,0.0,100.0,0.0,16.300000000000097,0.0,0.0,0.0,6726.483681228081
BT-v1,bt,0.0,1,,-1,-1,BT-v3,10072,1,0.5,0,1,0,timeout,120.19999999999531,0.0,0.0,0.0,120.19999999999531,0.0,0.0,0.0,
BT-v1,bt,0.0,1,,-1,-1,BT-v3,10073,0,0.0,0,0,1,timeout,120.19999999999531,0.0,18.75,0.0,120.19999999999531,0.0,0.0,0.0,11364.883688303207
BT-v1,bt,0.0,1,,-1,-1,BT-v3,10073,1,0.0,0,0,1,gun_kill,27.70000000000026,0.0,100.0,0.0,27.70000000000026,0.0,0.0,0.0,
BT-v1,bt,0.0,1,,-1,-1,BT-v3,10074,0,0.0,0,0,1,timeout,120.19999999999531,0.0,71.25,0.0,120.19999999999531,0.0,0.0,0.0,12323.03080295515
BT-v1,bt,0.0,1,,-1,-1,BT-v3,10074,1,0.5,0,1,0,timeout,120.19999999999531,0.0,0.0,0.0,120.19999999999531,0.0,0.0,0.0,
BT-v1,bt,0.0,1,,-1,-1,BT-v3,10075,0,0.0,0,0,1,timeout,120.19999999999531,0.0,11.25,0.0,120.19999999999531,0.0,0.0,0.0,10141.41339394543
BT-v1,bt,0.0,1,,-1,-1,BT-v3,10075,1,0.0,0,0,1,gun_kill,18.350000000000126,0.0,100.0,0.0,18.350000000000126,0.0,0.0,0.0,
BT-v1,bt,0.0,1,,-1,-1,BT-v3,10076,0,0.0,0,0,1,gun_kill,25.05000000000022,0.0,100.0,0.0,25.05000000000022,0.0,0.0,0.022,7485.804158595997
BT-v1,bt,0.0,1,,-1,-1,BT-v3,10076,1,0.0,0,0,1,timeout,120.19999999999531,0.0,13.75,0.0,120.19999999999531,0.0,0.0,0.0,
BT-v1,bt,0.0,1,,-1,-1,BT-v3,10077,0,0.5,0,1,0,timeout,120.19999999999531,0.0,0.0,0.0,120.19999999999531,0.0,0.0,0.0,10610.547275674833
BT-v1,bt,0.0,1,,-1,-1,BT-v3,10077,1,0.5,0,1,0,timeout,120.19999999999531,0.0,0.0,0.0,120.19999999999531,0.0,0.0,0.0,
BT-v1,bt,0.0,1,,-1,-1,BT-v3,10078,0,0.5,0,1,0,timeout,120.19999999999531,0.0,0.0,0.0,120.19999999999531,0.0,0.0,0.0,12011.723175779594
BT-v1,bt,0.0,1,,-1,-1,BT-v3,10078,1,0.5,0,1,0,timeout,120.19999999999531,0.0,0.0,0.0,120.19999999999531,0.0,0.0,0.0,
BT-v1,bt,0.0,1,,-1,-1,BT-v3,10079,0,0.5,0,1,0,timeout,120.19999999999531,0.0,0.0,0.0,120.19999999999531,0.0,0.0,0.0,10666.65433762784
BT-v1,bt,0.0,1,,-1,-1,BT-v3,10079,1,0.0,0,0,1,gun_kill,28.050000000000264,0.0,100.0,0.0,28.050000000000264,0.0,0.0,0.0,
BT-v1,bt,0.0,1,,-1,-1,BT-v3,10080,0,0.0,0,0,1,gun_kill,22.350000000000183,0.0,100.0,0.0,22.350000000000183,0.0,0.0,0.0,6853.1194718427905
BT-v1,bt,0.0,1,,-1,-1,BT-v3,10080,1,0.5,0,1,0,timeout,120.19999999999531,0.0,0.0,0.0,120.19999999999531,0.0,0.0,0.0,
BT-v1,bt,0.0,1,,-1,-1,BT-v3,10081,0,0.5,0,1,0,timeout,120.19999999999531,0.0,0.0,0.0,120.19999999999531,0.0,0.0,0.0,10852.895212324373
BT-v1,bt,0.0,1,,-1,-1,BT-v3,10081,1,0.0,0,0,1,timeout,120.19999999999531,0.0,7.5,0.0,120.19999999999531,0.0,0.0,0.0,
BT-v1,bt,0.0,1,,-1,-1,BT-v3,10082,0,0.0,0,0,1,timeout,120.19999999999531,0.0,61.25,0.0,120.19999999999531,0.0,0.0,0.0,11108.814653677862
BT-v1,bt,0.0,1,,-1,-1,BT-v3,10082,1,0.0,0,0,1,gun_kill,19.35000000000014,0.0,100.0,0.0,19.35000000000014,0.0,0.0,0.0,
BT-v1,bt,0.0,1,,-1,-1,BT-v3,10083,0,0.0,0,0,1,timeout,120.19999999999531,0.0,23.75,0.0,120.19999999999531,0.0,0.0,0.0,11529.01059170677
BT-v1,bt,0.0,1,,-1,-1,BT-v3,10083,1,0.5,0,1,0,collision,4.849999999999991,0.0,0.0,0.0,4.849999999999991,0.0,0.0,0.052083333333333336,
BT-v1,bt,0.0,1,,-1,-1,BT-v3,10084,0,0.0,0,0,1,gun_kill,22.20000000000018,0.0,100.0,0.0,22.20000000000018,0.0,0.0,0.0,7163.948383860244
BT-v1,bt,0.0,1,,-1,-1,BT-v3,10084,1,0.0,0,0,1,gun_kill,20.70000000000016,0.0,100.0,0.0,20.70000000000016,0.0,0.0,0.0,
BT-v1,bt,0.0,1,,-1,-1,BT-v3,10085,0,0.0,0,0,1,crash,114.94999999999561,0.0,0.0,0.0,114.94999999999561,0.06489547038327526,0.0,0.0,9861.629026683871
BT-v1,bt,0.0,1,,-1,-1,BT-v3,10085,1,0.0,0,0,1,gun_kill,26.850000000000247,0.0,100.0,0.0,26.850000000000247,0.0,0.0,0.0,
BT-v1,bt,0.0,1,,-1,-1,BT-v3,10086,0,0.0,0,0,1,gun_kill,19.30000000000014,0.0,100.0,0.0,19.30000000000014,0.0,0.0,0.0,6884.730620357197
BT-v1,bt,0.0,1,,-1,-1,BT-v3,10086,1,0.5,0,1,0,timeout,120.19999999999531,0.0,0.0,0.0,120.19999999999531,0.0,0.0,0.0,
BT-v1,bt,0.0,1,,-1,-1,BT-v3,10087,0,0.5,0,1,0,collision,3.899999999999994,0.0,0.0,0.0,3.899999999999994,0.0,0.0,0.06578947368421052,6854.588936825218
BT-v1,bt,0.0,1,,-1,-1,BT-v3,10087,1,0.5,0,1,0,collision,3.899999999999994,0.0,1.25,0.0,3.899999999999994,0.0,0.0,0.06578947368421052,
BT-v1,bt,0.0,1,,-1,-1,BT-v3,10088,0,0.0,0,0,1,timeout,120.19999999999531,0.0,81.25,0.0,120.19999999999531,0.0,0.0,0.0,10379.175927106238
BT-v1,bt,0.0,1,,-1,-1,BT-v3,10088,1,0.5,0,1,0,timeout,120.19999999999531,0.0,0.0,0.0,120.19999999999531,0.0,0.0,0.0,
BT-v1,bt,0.0,1,,-1,-1,BT-v3,10089,0,0.0,0,0,1,timeout,120.19999999999531,0.0,22.5,0.0,120.19999999999531,0.0,0.0,0.0,10814.0084363604
BT-v1,bt,0.0,1,,-1,-1,BT-v3,10089,1,0.0,0,0,1,crash,105.94999999999612,0.0,0.0,0.0,105.94999999999612,0.054820415879017016,0.0,0.0,
BT-v1,bt,0.0,1,,-1,-1,BT-v3,10090,0,0.0,0,0,1,gun_kill,14.900000000000077,0.0,100.0,0.0,14.900000000000077,0.0,0.0,0.0,5694.352319796506
BT-v1,bt,0.0,1,,-1,-1,BT-v3,10090,1,0.0,0,0,1,gun_kill,24.30000000000021,0.0,100.0,0.0,24.30000000000021,0.0,0.0,0.0,
BT-v1,bt,0.0,1,,-1,-1,BT-v3,10091,0,0.5,0,1,0,timeout,120.19999999999531,0.0,0.0,0.0,120.19999999999531,0.0,0.0,0.0,9813.51199747586
BT-v1,bt,0.0,1,,-1,-1,BT-v3,10091,1,0.0,0,0,1,timeout,120.19999999999531,0.0,42.5,0.0,120.19999999999531,0.0,0.0,0.0,
BT-v1,bt,0.0,1,,-1,-1,BT-v3,10092,0,0.0,0,0,1,gun_kill,75.39999999999786,7.5,100.0,0.3,75.39999999999786,0.0,0.0,0.0,8450.992139122434
BT-v1,bt,0.0,1,,-1,-1,BT-v3,10092,1,0.0,0,0,1,timeout,120.19999999999531,0.0,50.0,0.0,120.19999999999531,0.0,0.0,0.0,
BT-v1,bt,0.0,1,,-1,-1,BT-v3,10093,0,0.0,0,0,1,timeout,120.19999999999531,0.0,21.25,0.0,120.19999999999531,0.0,0.0,0.0,10595.208950457543
BT-v1,bt,0.0,1,,-1,-1,BT-v3,10093,1,0.0,0,0,1,gun_kill,47.34999999999945,0.0,100.0,0.0,47.34999999999945,0.0,0.0,0.0,
BT-v1,bt,0.0,1,,-1,-1,BT-v3,10094,0,0.5,0,1,0,timeout,120.19999999999531,0.0,0.0,0.0,120.19999999999531,0.0,0.0,0.0,11556.136048996868
BT-v1,bt,0.0,1,,-1,-1,BT-v3,10094,1,0.5,0,1,0,timeout,120.19999999999531,0.0,0.0,0.0,120.19999999999531,0.0,0.0,0.0,
BT-v1,bt,0.0,1,,-1,-1,BT-v3,10095,0,0.5,0,1,0,timeout,120.19999999999531,0.0,0.0,0.0,120.19999999999531,0.0,0.0,0.0,10603.689856961502
BT-v1,bt,0.0,1,,-1,-1,BT-v3,10095,1,0.0,0,0,1,gun_kill,23.850000000000204,0.0,100.0,0.0,23.850000000000204,0.0,0.0,0.0,
BT-v1,bt,0.0,1,,-1,-1,BT-v3,10096,0,0.5,0,1,0,timeout,120.19999999999531,0.0,0.0,0.0,120.19999999999531,0.0,0.0,0.0,11020.584035603682
BT-v1,bt,0.0,1,,-1,-1,BT-v3,10096,1,0.5,0,1,0,timeout,120.19999999999531,0.0,0.0,0.0,120.19999999999531,0.0,0.0,0.0,
BT-v1,bt,0.0,1,,-1,-1,BT-v3,10097,0,0.5,0,1,0,timeout,120.19999999999531,0.0,0.0,0.0,120.19999999999531,0.0,0.0,0.0,10675.504899280873
BT-v1,bt,0.0,1,,-1,-1,BT-v3,10097,1,0.5,0,1,0,timeout,120.19999999999531,0.0,0.0,0.0,120.19999999999531,0.0,0.0,0.0,
BT-v1,bt,0.0,1,,-1,-1,BT-v3,10098,0,0.5,0,1,0,timeout,120.19999999999531,0.0,0.0,0.0,120.19999999999531,0.0,0.0,0.0,10624.231875980642
BT-v1,bt,0.0,1,,-1,-1,BT-v3,10098,1,0.0,0,0,1,timeout,120.19999999999531,0.0,40.0,0.0,120.19999999999531,0.0,0.0,0.0,
BT-v1,bt,0.0,1,,-1,-1,BT-v3,10099,0,0.0,0,0,1,timeout,120.19999999999531,0.0,61.25,0.0,120.19999999999531,0.0,0.0,0.0,8278.666389431492
BT-v1,bt,0.0,1,,-1,-1,BT-v3,10099,1,0.0,0,0,1,crash,97.69999999999659,0.0,15.0,0.0,97.69999999999659,0.0625,0.0,0.0,
BT-v2,bt,0.0,2,,-1,-1,BT-v2,10000,0,0.0,0,0,1,timeout,120.19999999999531,0.0,5.0,0.0,120.19999999999531,0.012063227953410981,0.023710482529118136,0.0,4308.259325446961
BT-v2,bt,0.0,2,,-1,-1,BT-v2,10000,1,1.0,1,0,0,timeout,120.19999999999531,5.0,0.0,0.2,120.19999999999531,0.015806988352745424,0.027038269550748752,0.0,
BT-v2,bt,0.0,2,,-1,-1,BT-v2,10001,0,0.0,0,0,1,gun_kill,17.700000000000117,0.0,100.0,0.0,17.700000000000117,0.0,0.0,0.0,6017.564271378762
BT-v2,bt,0.0,2,,-1,-1,BT-v2,10001,1,1.0,1,0,0,gun_kill,17.700000000000117,100.0,0.0,3.999999999999994,17.700000000000117,0.0,0.0,0.0,
BT-v2,bt,0.0,2,,-1,-1,BT-v2,10002,0,0.5,0,1,0,timeout,120.19999999999531,0.0,0.0,0.0,120.19999999999531,0.14559068219633944,0.033277870216306155,0.0037437603993344427,3702.4924923948215
BT-v2,bt,0.0,2,,-1,-1,BT-v2,10002,1,0.5,0,1,0,timeout,120.19999999999531,0.0,0.0,0.0,120.19999999999531,0.1464226289517471,0.033277870216306155,0.0037437603993344427,
BT-v2,bt,0.0,2,,-1,-1,BT-v2,10003,0,0.5,0,1,0,timeout,120.19999999999531,0.0,0.0,0.0,120.19999999999531,0.0,0.064891846921797,0.0,4659.87433724237
BT-v2,bt,0.0,2,,-1,-1,BT-v2,10003,1,0.5,0,1,0,timeout,120.19999999999531,0.0,0.0,0.0,120.19999999999531,0.0,0.0694675540765391,0.0,
BT-v2,bt,0.0,2,,-1,-1,BT-v2,10004,0,0.0,0,0,1,gun_kill,14.950000000000077,0.0,100.0,0.0,14.950000000000077,0.0,0.16554054054054054,0.0,5396.71493228038
BT-v2,bt,0.0,2,,-1,-1,BT-v2,10004,1,1.0,1,0,0,gun_kill,14.950000000000077,100.0,0.0,3.999999999999994,14.950000000000077,0.0,0.18243243243243243,0.0,
BT-v2,bt,0.0,2,,-1,-1,BT-v2,10005,0,0.0,0,0,1,timeout,120.19999999999531,0.0,6.25,0.0,120.19999999999531,0.23710482529118138,0.0910981697171381,0.0,3490.8427412165042
BT-v2,bt,0.0,2,,-1,-1,BT-v2,10005,1,1.0,1,0,0,timeout,120.19999999999531,6.25,0.0,0.25,120.19999999999531,0.2454242928452579,0.09234608985024959,0.0,
BT-v2,bt,0.0,2,,-1,-1,BT-v2,10006,0,0.5,0,1,0,timeout,120.19999999999531,0.0,0.0,0.0,120.19999999999531,0.17346089850249585,0.008319467554076539,0.0,3815.0798184231826
BT-v2,bt,0.0,2,,-1,-1,BT-v2,10006,1,0.5,0,1,0,timeout,120.19999999999531,0.0,0.0,0.0,120.19999999999531,0.17554076539101499,0.008735440931780365,0.0,
BT-v2,bt,0.0,2,,-1,-1,BT-v2,10007,0,0.5,0,1,0,timeout,120.19999999999531,0.0,0.0,0.0,120.19999999999531,0.15806988352745424,0.022462562396006656,0.008735440931780365,3552.4015715308387
BT-v2,bt,0.0,2,,-1,-1,BT-v2,10007,1,0.5,0,1,0,timeout,120.19999999999531,0.0,0.0,0.0,120.19999999999531,0.15307820299500832,0.022462562396006656,0.008735440931780365,
BT-v2,bt,0.0,2,,-1,-1,BT-v2,10008,0,0.0,0,0,1,timeout,120.19999999999531,0.0,1.25,0.0,120.19999999999531,0.03286189683860233,0.03119800332778702,0.019966722129783693,4192.8797618789395
BT-v2,bt,0.0,2,,-1,-1,BT-v2,10008,1,1.0,1,0,0,timeout,120.19999999999531,1.25,0.0,0.05,120.19999999999531,0.03993344425956739,0.032029950083194675,0.019966722129783693,
BT-v2,bt,0.0,2,,-1,-1,BT-v2,10009,0,0.0,0,0,1,timeout,120.19999999999531,0.0,7.5,0.0,120.19999999999531,0.0,0.02870216306156406,0.0,4680.406502819241
BT-v2,bt,0.0,2,,-1,-1,BT-v2,10009,1,1.0,1,0,0,timeout,120.19999999999531,7.5,0.0,0.3,120.19999999999531,0.0,0.028286189683860232,0.0,
BT-v2,bt,0.0,2,,-1,-1,BT-v2,10010,0,0.0,0,0,1,crash,104.5999999999962,46.25,0.0,1.850000000000001,104.5999999999962,0.29454022988505746,0.07567049808429119,0.0210727969348659,3151.6546828324244
BT-v2,bt,0.0,2,,-1,-1,BT-v2,10010,1,1.0,1,0,0,crash,104.5999999999962,0.0,46.25,0.0,104.5999999999962,0.28065134099616856,0.06609195402298851,0.0210727969348659,
BT-v2,bt,0.0,2,,-1,-1,BT-v2,10011,0,0.5,0,1,0,timeout,120.19999999999531,0.0,0.0,0.0,120.19999999999531,0.0,0.0,0.0,5233.207467437245
BT-v2,bt,0.0,2,,-1,-1,BT-v2,10011,1,0.5,0,1,0,timeout,120.19999999999531,0.0,0.0,0.0,120.19999999999531,0.0,0.0,0.0,
BT-v2,bt,0.0,2,,-1,-1,BT-v2,10012,0,1.0,1,0,0,crash,117.74999999999545,0.0,0.0,0.0,117.74999999999545,0.2619047619047619,0.06547619047619048,0.0,3313.3528979780112
BT-v2,bt,0.0,2,,-1,-1,BT-v2,10012,1,0.0,0,0,1,crash,117.74999999999545,0.0,0.0,0.0,117.74999999999545,0.266156462585034,0.06760204081632654,0.0,
BT-v2,bt,0.0,2,,-1,-1,BT-v2,10013,0,0.5,0,1,0,timeout,120.19999999999531,0.0,0.0,0.0,120.19999999999531,0.0,0.0324459234608985,0.0,4583.572603126443
BT-v2,bt,0.0,2,,-1,-1,BT-v2,10013,1,0.5,0,1,0,timeout,120.19999999999531,0.0,0.0,0.0,120.19999999999531,0.0,0.03494176372712146,0.0,
BT-v2,bt,0.0,2,,-1,-1,BT-v2,10014,0,0.5,0,1,0,collision,19.500000000000142,0.0,0.0,0.0,19.500000000000142,0.0,0.0,0.06958762886597938,6352.569269146887
BT-v2,bt,0.0,2,,-1,-1,BT-v2,10014,1,0.5,0,1,0,collision,19.500000000000142,0.0,0.0,0.0,19.500000000000142,0.0,0.0,0.06958762886597938,
BT-v2,bt,0.0,2,,-1,-1,BT-v2,10015,0,0.0,0,0,1,timeout,120.19999999999531,0.0,16.25,0.0,120.19999999999531,0.16098169717138103,0.0,0.004575707154742097,3601.078733094176
BT-v2,bt,0.0,2,,-1,-1,BT-v2,10015,1,1.0,1,0,0,timeout,120.19999999999531,16.25,0.0,0.65,120.19999999999531,0.163477537437604,0.0,0.004575707154742097,
BT-v2,bt,0.0,2,,-1,-1,BT-v2,10016,0,0.5,0,1,0,collision,13.05000000000005,5.0,0.0,0.2,13.05000000000005,0.0,0.0,0.1,5571.886564949887
BT-v2,bt,0.0,2,,-1,-1,BT-v2,10016,1,0.5,0,1,0,collision,13.05000000000005,0.0,5.0,0.0,13.05000000000005,0.0,0.0,0.1,
BT-v2,bt,0.0,2,,-1,-1,BT-v2,10017,0,0.0,0,0,1,gun_kill,30.6000000000003,0.0,100.0,0.0,30.6000000000003,0.0,0.11348684210526316,0.0,5783.7803911401015
BT-v2,bt,0.0,2,,-1,-1,BT-v2,10017,1,1.0,1,0,0,gun_kill,30.6000000000003,100.0,0.0,3.999999999999994,30.6000000000003,0.0,0.1611842105263158,0.0,
BT-v2,bt,0.0,2,,-1,-1,BT-v2,10018,0,0.5,0,1,0,timeout,120.19999999999531,0.0,0.0,0.0,120.19999999999531,0.06572379367720466,0.014975041597337771,0.0,4099.23085069073
BT-v2,bt,0.0,2,,-1,-1,BT-v2,10018,1,0.5,0,1,0,timeout,120.19999999999531,0.0,0.0,0.0,120.19999999999531,0.0723793677204659,0.015391014975041598,0.0,
BT-v2,bt,0.0,2,,-1,-1,BT-v2,10019,0,0.5,0,1,0,timeout,120.19999999999531,0.0,0.0,0.0,120.19999999999531,0.07362728785357738,0.0,0.0,4071.5352435134632
BT-v2,bt,0.0,2,,-1,-1,BT-v2,10019,1,0.5,0,1,0,timeout,120.19999999999531,0.0,0.0,0.0,120.19999999999531,0.07362728785357738,0.0,0.0,
BT-v2,bt,0.0,2,,-1,-1,BT-v2,10020,0,0.5,0,1,0,timeout,120.19999999999531,0.0,0.0,0.0,120.19999999999531,0.0,0.0,0.0,4627.8005630908865
BT-v2,bt,0.0,2,,-1,-1,BT-v2,10020,1,0.5,0,1,0,timeout,120.19999999999531,0.0,0.0,0.0,120.19999999999531,0.0,0.0,0.0,
BT-v2,bt,0.0,2,,-1,-1,BT-v2,10021,0,1.0,1,0,0,crash,118.6499999999954,0.0,16.25,0.0,118.6499999999954,0.24957841483979765,0.0657672849915683,0.016441821247892074,3393.924086603146
BT-v2,bt,0.0,2,,-1,-1,BT-v2,10021,1,0.0,0,0,1,crash,118.6499999999954,16.25,0.0,0.65,118.6499999999954,0.2575885328836425,0.07124789207419899,0.016441821247892074,
BT-v2,bt,0.0,2,,-1,-1,BT-v2,10022,0,0.5,0,1,0,timeout,120.19999999999531,0.0,0.0,0.0,120.19999999999531,0.0016638935108153079,0.035357737104825294,0.0,4543.545428341464
BT-v2,bt,0.0,2,,-1,-1,BT-v2,10022,1,0.5,0,1,0,timeout,120.19999999999531,0.0,0.0,0.0,120.19999999999531,0.0012479201331114808,0.03494176372712146,0.0,
BT-v2,bt,0.0,2,,-1,-1,BT-v2,10023,0,0.5,0,1,0,timeout,120.19999999999531,0.0,0.0,0.0,120.19999999999531,0.0,0.035357737104825294,0.0,4546.802480931676
BT-v2,bt,0.0,2,,-1,-1,BT-v2,10023,1,0.5,0,1,0,timeout,120.19999999999531,0.0,0.0,0.0,120.19999999999531,0.0,0.03826955074875208,0.0,
BT-v2,bt,0.0,2,,-1,-1,BT-v2,10024,0,1.0,1,0,0,timeout,120.19999999999531,6.25,0.0,0.25,120.19999999999531,0.23627287853577372,0.03161397670549085,0.0,3518.5322998295997
BT-v2,bt,0.0,2,,-1,-1,BT-v2,10024,1,0.0,0,0,1,timeout,120.19999999999531,0.0,6.25,0.0,120.19999999999531,0.24417637271214643,0.03286189683860233,0.0,
BT-v2,bt,0.0,2,,-1,-1,BT-v2,10025,0,0.0,0,0,1,timeout,120.19999999999531,0.0,27.5,0.0,120.19999999999531,0.0,0.03369384359400998,0.0,5747.4512791969855
BT-v2,bt,0.0,2,,-1,-1,BT-v2,10025,1,1.0,1,0,0,timeout,120.19999999999531,27.5,0.0,1.1000000000000003,120.19999999999531,0.0,0.03369384359400998,0.0,
BT-v2,bt,0.0,2,,-1,-1,BT-v2,10026,0,1.0,1,0,0,timeout,120.19999999999531,11.25,0.0,0.44999999999999996,120.19999999999531,0.11480865224625623,0.06281198003327787,0.0,4019.3259584772977
BT-v2,bt,0.0,2,,-1,-1,BT-v2,10026,1,0.0,0,0,1,timeout,120.19999999999531,0.0,11.25,0.0,120.19999999999531,0.12728785357737105,0.0524126455906822,0.0,
BT-v2,bt,0.0,2,,-1,-1,BT-v2,10027,0,1.0,1,0,0,crash,101.99999999999635,0.0,0.0,0.0,101.99999999999635,0.2951866404715128,0.10166994106090373,0.0,3113.5291566663896
BT-v2,bt,0.0,2,,-1,-1,BT-v2,10027,1,0.0,0,0,1,crash,101.99999999999635,0.0,0.0,0.0,101.99999999999635,0.3099214145383104,0.1031434184675835,0.0,
BT-v2,bt,0.0,2,,-1,-1,BT-v2,10028,0,0.0,0,0,1,timeout,120.19999999999531,0.0,25.0,0.0,120.19999999999531,0.14683860232945092,0.0,0.005407653910149751,3917.822564626161
BT-v2,bt,0.0,2,,-1,-1,BT-v2,10028,1,1.0,1,0,0,timeout,120.19999999999531,25.0,0.0,1.0000000000000002,120.19999999999531,0.15058236272878536,0.0,0.005407653910149751,
BT-v2,bt,0.0,2,,-1,-1,BT-v2,10029,0,0.5,0,1,0,timeout,120.19999999999531,0.0,0.0,0.0,120.19999999999531,0.12562396006655574,0.0,0.0,4111.710342820347
BT-v2,bt,0.0,2,,-1,-1,BT-v2,10029,1,0.5,0,1,0,timeout,120.19999999999531,0.0,0.0,0.0,120.19999999999531,0.1218801996672213,0.0,0.0,
BT-v2,bt,0.0,2,,-1,-1,BT-v2,10030,0,0.5,0,1,0,timeout,120.19999999999531,0.0,0.0,0.0,120.19999999999531,0.14891846921797006,0.07529118136439268,0.0,3754.967924395741
BT-v2,bt,0.0,2,,-1,-1,BT-v2,10030,1,0.5,0,1,0,timeout,120.19999999999531,0.0,0.0,0.0,120.19999999999531,0.1497504159733777,0.07029950083194675,0.0,
BT-v2,bt,0.0,2,,-1,-1,BT-v2,10031,0,0.0,0,0,1,crash,115.1999999999956,0.0,0.0,0.0,115.1999999999956,0.2647826086956522,0.07869565217391304,0.0,3401.8808662574215
BT-v2,bt,0.0,2,,-1,-1,BT-v2,10031,1,1.0,1,0,0,crash,115.1999999999956,0.0,0.0,0.0,115.1999999999956,0.2617391304347826,0.07782608695652174,0.0,
BT-v2,bt,0.0,2,,-1,-1,BT-v2,10032,0,1.0,1,0,0,timeout,120.19999999999531,17.5,0.0,0.7000000000000001,120.19999999999531,0.04118136439267887,0.027038269550748752,0.0,3972.909593947714
BT-v2,bt,0.0,2,,-1,-1,BT-v2,10032,1,0.0,0,0,1,timeout,120.19999999999531,0.0,17.5,0.0,120.19999999999531,0.03618968386023295,0.027038269550748752,0.0,
BT-v2,bt,0.0,2,,-1,-1,BT-v2,10033,0,1.0,1,0,0,timeout,120.19999999999531,1.25,0.0,0.05,120.19999999999531,0.047004991680532446,0.010815307820299502,0.0,4276.555279666709
BT-v2,bt,0.0,2,,-1,-1,BT-v2,10033,1,0.0,0,0,1,timeout,120.19999999999531,0.0,1.25,0.0,120.19999999999531,0.044509151414309486,0.010815307820299502,0.0,
BT-v2,bt,0.0,2,,-1,-1,BT-v2,10034,0,0.0,0,0,1,timeout,120.19999999999531,0.0,17.5,0.0,120.19999999999531,0.0,0.02870216306156406,0.0,4586.782337261715
BT-v2,bt,0.0,2,,-1,-1,BT-v2,10034,1,1.0,1,0,0,timeout,120.19999999999531,17.5,0.0,0.7000000000000001,120.19999999999531,0.0,0.02870216306156406,0.0,
BT-v2,bt,0.0,2,,-1,-1,BT-v2,10035,0,0.0,0,0,1,crash,115.1499999999956,0.0,21.25,0.0,115.1499999999956,0.26521739130434785,0.01956521739130435,0.004347826086956522,3374.2045783050644
BT-v2,bt,0.0,2,,-1,-1,BT-v2,10035,1,1.0,1,0,0,crash,115.1499999999956,21.25,0.0,0.8500000000000002,115.1499999999956,0.24869565217391304,0.01956521739130435,0.004347826086956522,
BT-v2,bt,0.0,2,,-1,-1,BT-v2,10036,0,0.5,0,1,0,timeout,120.19999999999531,0.0,0.0,0.0,120.19999999999531,0.2391846921797005,0.009151414309484194,0.010815307820299502,3434.0880326842066
BT-v2,bt,0.0,2,,-1,-1,BT-v2,10036,1,0.5,0,1,0,timeout,120.19999999999531,0.0,0.0,0.0,120.19999999999531,0.24500831946755408,0.007903494176372712,0.010815307820299502,
BT-v2,bt,0.0,2,,-1,-1,BT-v2,10037,0,0.0,0,0,1,timeout,120.19999999999531,0.0,66.25,0.0,120.19999999999531,0.0,0.06613976705490848,0.0,5925.182509155722
BT-v2,bt,0.0,2,,-1,-1,BT-v2,10037,1,1.0,1,0,0,timeout,120.19999999999531,66.25,0.0,2.6499999999999986,120.19999999999531,0.0,0.08402662229617304,0.0,
BT-v2,bt,0.0,2,,-1,-1,BT-v2,10038,0,0.5,0,1,0,timeout,120.19999999999531,0.0,0.0,0.0,120.19999999999531,0.0,0.0262063227953411,0.0016638935108153079,4743.86360381578
BT-v2,bt,0.0,2,,-1,-1,BT-v2,10038,1,0.5,0,1,0,timeout,120.19999999999531,0.0,0.0,0.0,120.19999999999531,0.0,0.0262063227953411,0.0016638935108153079,
BT-v2,bt,0.0,2,,-1,-1,BT-v2,10039,0,1.0,1,0,0,crash,97.29999999999661,36.25,0.0,1.4500000000000006,97.29999999999661,0.29372427983539096,0.023148148148148147,0.007716049382716049,3042.5262162653867
BT-v2,bt,0.0,2,,-1,-1,BT-v2,10039,1,0.0,0,0,1,crash,97.29999999999661,0.0,36.25,0.0,97.29999999999661,0.30401234567901236,0.02263374485596708,0.007716049382716049,
BT-v2,bt,0.0,2,,-1,-1,BT-v2,10040,0,0.0,0,0,1,timeout,120.19999999999531,0.0,23.75,0.0,120.19999999999531,0.09650582362728785,0.0,0.007071547420965058,4235.261184508302
BT-v2,bt,0.0,2,,-1,-1,BT-v2,10040,1,1.0,1,0,0,timeout,120.19999999999531,23.75,0.0,0.9500000000000003,120.19999999999531,0.0802828618968386,0.0,0.007071547420965058,
BT-v2,bt,0.0,2,,-1,-1,BT-v2,10041,0,0.5,0,1,0,collision,7.79999999999998,0.0,0.0,0.0,7.79999999999998,0.0,0.26973684210526316,0.05263157894736842,5002.060872425557
BT-v2,bt,0.0,2,,-1,-1,BT-v2,10041,1,0.5,0,1,0,collision,7.79999999999998,0.0,0.0,0.0,7.79999999999998,0.0,0.2565789473684211,0.05263157894736842,
BT-v2,bt,0.0,2,,-1,-1,BT-v2,10042,0,0.0,0,0,1,timeout,120.19999999999531,0.0,2.5,0.0,120.19999999999531,0.0,0.039101497504159734,0.022462562396006656,4642.073205972053
BT-v2,bt,0.0,2,,-1,-1,BT-v2,10042,1,1.0,1,0,0,timeout,120.19999999999531,2.5,0.0,0.1,120.19999999999531,0.0,0.04284525790349417,0.022462562396006656,
BT-v2,bt,0.0,2,,-1,-1,BT-v2,10043,0,0.5,0,1,0,timeout,120.19999999999531,0.0,0.0,0.0,120.19999999999531,0.015806988352745424,0.0,0.0,4253.85839818158
BT-v2,bt,0.0,2,,-1,-1,BT-v2,10043,1,0.5,0,1,0,timeout,120.19999999999531,0.0,0.0,0.0,120.19999999999531,0.017054908485856904,0.0,0.0,
BT-v2,bt,0.0,2,,-1,-1,BT-v2,10044,0,0.0,0,0,1,timeout,120.19999999999531,0.0,32.5,0.0,120.19999999999531,0.0,0.0,0.0,4700.955829872077
BT-v2,bt,0.0,2,,-1,-1,BT-v2,10044,1,1.0,1,0,0,timeout,120.19999999999531,32.5,0.0,1.3000000000000005,120.19999999999531,0.0,0.0,0.0,
BT-v2,bt,0.0,2,,-1,-1,BT-v2,10045,0,0.5,0,1,0,timeout,120.19999999999531,0.0,0.0,0.0,120.19999999999531,0.0,0.033277870216306155,0.0,5376.147504393098
BT-v2,bt,0.0,2,,-1,-1,BT-v2,10045,1,0.5,0,1,0,timeout,120.19999999999531,0.0,0.0,0.0,120.19999999999531,0.0,0.040349417637271213,0.0,
BT-v2,bt,0.0,2,,-1,-1,BT-v2,10046,0,0.5,0,1,0,timeout,120.19999999999531,0.0,0.0,0.0,120.19999999999531,0.0,0.09359400998336107,0.0,5487.95896447109
BT-v2,bt,0.0,2,,-1,-1,BT-v2,10046,1,0.5,0,1,0,timeout,120.19999999999531,0.0,0.0,0.0,120.19999999999531,0.0,0.11564059900166389,0.0,
BT-v2,bt,0.0,2,,-1,-1,BT-v2,10047,0,0.5,0,1,0,collision,8.599999999999987,0.0,0.0,0.0,8.599999999999987,0.0,0.1130952380952381,0.047619047619047616,4848.172819968375
BT-v2,bt,0.0,2,,-1,-1,BT-v2,10047,1,0.5,0,1,0,collision,8.599999999999987,0.0,0.0,0.0,8.599999999999987,0.0,0.1130952380952381,0.047619047619047616,
BT-v2,bt,0.0,2,,-1,-1,BT-v2,10048,0,0.0,0,0,1,timeout,120.19999999999531,0.0,47.5,0.0,120.19999999999531,0.0,0.02329450915141431,0.0,5612.048771071512
BT-v2,bt,0.0,2,,-1,-1,BT-v2,10048,1,1.0,1,0,0,timeout,120.19999999999531,47.5,0.0,1.900000000000001,120.19999999999531,0.0,0.029950083194675542,0.0,
BT-v2,bt,0.0,2,,-1,-1,BT-v2,10049,0,0.5,0,1,0,timeout,120.19999999999531,0.0,0.0,0.0,120.19999999999531,0.04076539101497504,0.0524126455906822,0.0,4313.681817413823
BT-v2,bt,0.0,2,,-1,-1,BT-v2,10049,1,0.5,0,1,0,timeout,120.19999999999531,0.0,0.0,0.0,120.19999999999531,0.040349417637271213,0.05574043261231281,0.0,
BT-v2,bt,0.0,2,,-1,-1,BT-v2,10050,0,0.5,0,1,0,timeout,120.19999999999531,0.0,0.0,0.0,120.19999999999531,0.050748752079866885,0.0262063227953411,0.0,4154.6053985391345
BT-v2,bt,0.0,2,,-1,-1,BT-v2,10050,1,0.5,0,1,0,timeout,120.19999999999531,0.0,0.0,0.0,120.19999999999531,0.0478369384359401,0.0262063227953411,0.0,
BT-v2,bt,0.0,2,,-1,-1,BT-v2,10051,0,0.0,0,0,1,timeout,120.19999999999531,0.0,7.5,0.0,120.19999999999531,0.21214642262895175,0.07653910149750416,0.0,3632.1988816628304
BT-v2,bt,0.0,2,,-1,-1,BT-v2,10051,1,1.0,1,0,0,timeout,120.19999999999531,7.5,0.0,0.3,120.19999999999531,0.21422628951747089,0.07778702163061564,0.0,
BT-v2,bt,0.0,2,,-1,-1,BT-v2,10052,0,0.5,0,1,0,timeout,120.19999999999531,0.0,0.0,0.0,120.19999999999531,0.1651414309484193,0.027870216306156406,0.0,3750.198567165763
BT-v2,bt,0.0,2,,-1,-1,BT-v2,10052,1,0.5,0,1,0,timeout,120.19999999999531,0.0,0.0,0.0,120.19999999999531,0.1651414309484193,0.027038269550748752,0.0,
BT-v2,bt,0.0,2,,-1,-1,BT-v2,10053,0,0.5,0,1,0,collision,15.300000000000082,0.0,0.0,0.0,15.300000000000082,0.0,0.0,0.02631578947368421,6138.60249768924
BT-v2,bt,0.0,2,,-1,-1,BT-v2,10053,1,0.5,0,1,0,collision,15.300000000000082,0.0,0.0,0.0,15.300000000000082,0.0,0.0,0.02631578947368421,
BT-v2,bt,0.0,2,,-1,-1,BT-v2,10054,0,0.0,0,0,1,crash,114.99999999999561,0.0,0.0,0.0,114.99999999999561,0.27134146341463417,0.0,0.0,3124.1297738738153
BT-v2,bt,0.0,2,,-1,-1,BT-v2,10054,1,1.0,1,0,0,crash,114.99999999999561,0.0,0.0,0.0,114.99999999999561,0.2700348432055749,0.0,0.0,
BT-v2,bt,0.0,2,,-1,-1,BT-v2,10055,0,0.5,0,1,0,collision,6.949999999999983,1.25,0.0,0.05,6.949999999999983,0.0,0.08823529411764706,0.058823529411764705,5133.110073025661
BT-v2,bt,0.0,2,,-1,-1,BT-v2,10055,1,0.5,0,1,0,collision,6.949999999999983,0.0,1.25,0.0,6.949999999999983,0.0,0.08823529411764706,0.058823529411764705,
BT-v2,bt,0.0,2,,-1,-1,BT-v2,10056,0,0.0,0,0,1,timeout,120.19999999999531,0.0,22.5,0.0,120.19999999999531,0.23419301164725456,0.05324459234608985,0.018302828618968387,3471.886980351041
BT-v2,bt,0.0,2,,-1,-1,BT-v2,10056,1,1.0,1,0,0,timeout,120.19999999999531,22.5,0.0,0.9000000000000002,120.19999999999531,0.24292845257903495,0.0524126455906822,0.018302828618968387,
BT-v2,bt,0.0,2,,-1,-1,BT-v2,10057,0,0.5,0,1,0,timeout,120.19999999999531,0.0,0.0,0.0,120.19999999999531,0.19966722129783693,0.0,0.0,3534.9426818803686
BT-v2,bt,0.0,2,,-1,-1,BT-v2,10057,1,0.5,0,1,0,timeout,120.19999999999531,0.0,0.0,0.0,120.19999999999531,0.20008319467554075,0.0,0.0,
BT-v2,bt,0.0,2,,-1,-1,BT-v2,10058,0,0.0,0,0,1,crash,105.94999999999612,0.0,0.0,0.0,105.94999999999612,0.29631379962192816,0.055293005671077505,0.011814744801512287,3024.299578326383
BT-v2,bt,0.0,2,,-1,-1,BT-v2,10058,1,1.0,1,0,0,crash,105.94999999999612,0.0,0.0,0.0,105.94999999999612,0.305765595463138,0.05907372400756144,0.011814744801512287,
BT-v2,bt,0.0,2,,-1,-1,BT-v2,10059,0,0.5,0,1,0,timeout,120.19999999999531,0.0,0.0,0.0,120.19999999999531,0.03826955074875208,0.0033277870216306157,0.0,4394.366636419044
BT-v2,bt,0.0,2,,-1,-1,BT-v2,10059,1,0.5,0,1,0,timeout,120.19999999999531,0.0,0.0,0.0,120.19999999999531,0.03868552412645591,0.0033277870216306157,0.0,
BT-v2,bt,0.0,2,,-1,-1,BT-v2,10060,0,0.5,0,1,0,timeout,120.19999999999531,0.0,0.0,0.0,120.19999999999531,0.0,0.02745424292845258,0.009151414309484194,4618.076679269229
BT-v2,bt,0.0,2,,-1,-1,BT-v2,10060,1,0.5,0,1,0,timeout,120.19999999999531,0.0,0.0,0.0,120.19999999999531,0.004159733777038269,0.034525790349417634,0.009151414309484194,
BT-v2,bt,0.0,2,,-1,-1,BT-v2,10061,0,0.5,0,1,0,timeout,120.19999999999531,0.0,0.0,0.0,120.19999999999531,0.11938435940099834,0.04908485856905158,0.0,3884.919994691609
BT-v2,bt,0.0,2,,-1,-1,BT-v2,10061,1,0.5,0,1,0,timeout,120.19999999999531,0.0,0.0,0.0,120.19999999999531,0.12104825291181365,0.050748752079866885,0.0,
BT-v2,bt,0.0,2,,-1,-1,BT-v2,10062,0,0.5,0,1,0,timeout,120.19999999999531,0.0,0.0,0.0,120.19999999999531,0.03369384359400998,0.04991680532445923,0.0033277870216306157,4328.932121187476
BT-v2,bt,0.0,2,,-1,-1,BT-v2,10062,1,0.5,0,1,0,timeout,120.19999999999531,0.0,0.0,0.0,120.19999999999531,0.03743760399334443,0.056572379367720464,0.0033277870216306157,
BT-v2,bt,0.0,2,,-1,-1,BT-v2,10063,0,1.0,1,0,0,crash,115.29999999999559,0.0,5.0,0.0,115.29999999999559,0.28515625,0.017795138888888888,0.0,3152.025075962248
BT-v2,bt,0.0,2,,-1,-1,BT-v2,10063,1,0.0,0,0,1,crash,115.29999999999559,5.0,0.0,0.2,115.29999999999559,0.28515625,0.017795138888888888,0.0,
BT-v2,bt,0.0,2,,-1,-1,BT-v2,10064,0,0.0,0,0,1,gun_kill,16.900000000000105,0.0,100.0,0.0,16.900000000000105,0.0,0.15773809523809523,0.0,5996.32091868908
BT-v2,bt,0.0,2,,-1,-1,BT-v2,10064,1,1.0,1,0,0,gun_kill,16.900000000000105,100.0,0.0,3.999999999999994,16.900000000000105,0.0,0.15476190476190477,0.0,
BT-v2,bt,0.0,2,,-1,-1,BT-v2,10065,0,1.0,1,0,0,timeout,120.19999999999531,15.0,0.0,0.6,120.19999999999531,0.25249584026622296,0.03161397670549085,0.004991680532445923,3273.817303760588
BT-v2,bt,0.0,2,,-1,-1,BT-v2,10065,1,0.0,0,0,1,timeout,120.19999999999531,0.0,15.0,0.0,120.19999999999531,0.2512479201331115,0.03161397670549085,0.004991680532445923,
BT-v2,bt,0.0,2,,-1,-1,BT-v2,10066,0,0.0,0,0,1,timeout,120.19999999999531,0.0,6.25,0.0,120.19999999999531,0.2221297836938436,0.05033277870216306,0.009983361064891847,3593.205129258709
BT-v2,bt,0.0,2,,-1,-1,BT-v2,10066,1,1.0,1,0,0,timeout,120.19999999999531,6.25,0.0,0.25,120.19999999999531,0.21630615640599002,0.04409317803660566,0.009983361064891847,
BT-v2,bt,0.0,2,,-1,-1,BT-v2,10067,0,0.0,0,0,1,timeout,120.19999999999531,0.0,32.5,0.0,120.19999999999531,0.0,0.014975041597337771,0.0,5008.001852199836
BT-v2,bt,0.0,2,,-1,-1,BT-v2,10067,1,1.0,1,0,0,timeout,120.19999999999531,32.5,0.0,1.3000000000000005,120.19999999999531,0.0,0.015806988352745424,0.0,
BT-v2,bt,0.0,2,,-1,-1,BT-v2,10068,0,0.5,0,1,0,collision,19.150000000000137,0.0,0.0,0.0,19.150000000000137,0.0,0.25,0.02368421052631579,5625.145397455993
BT-v2,bt,0.0,2,,-1,-1,BT-v2,10068,1,0.5,0,1,0,collision,19.150000000000137,0.0,0.0,0.0,19.150000000000137,0.0,0.25,0.02368421052631579,
BT-v2,bt,0.0,2,,-1,-1,BT-v2,10069,0,0.5,0,1,0,collision,11.200000000000024,0.0,0.0,0.0,11.200000000000024,0.0,0.09090909090909091,0.03636363636363636,5692.365267750346
BT-v2,bt,0.0,2,,-1,-1,BT-v2,10069,1,0.5,0,1,0,collision,11.200000000000024,0.0,0.0,0.0,11.200000000000024,0.0,0.09090909090909091,0.03636363636363636,
BT-v2,bt,0.0,2,,-1,-1,BT-v2,10070,0,0.5,0,1,0,timeout,120.19999999999531,0.0,0.0,0.0,120.19999999999531,0.0,0.010815307820299502,0.005823627287853577,5009.6503246305165
BT-v2,bt,0.0,2,,-1,-1,BT-v2,10070,1,0.5,0,1,0,timeout,120.19999999999531,0.0,0.0,0.0,120.19999999999531,0.0,0.012063227953410981,0.005823627287853577,
BT-v2,bt,0.0,2,,-1,-1,BT-v2,10071,0,0.5,0,1,0,timeout,120.19999999999531,0.0,0.0,0.0,120.19999999999531,0.048252911813643926,0.0,0.0,4162.02192143304
BT-v2,bt,0.0,2,,-1,-1,BT-v2,10071,1,0.5,0,1,0,timeout,120.19999999999531,0.0,0.0,0.0,120.19999999999531,0.04991680532445923,0.0,0.0,
BT-v2,bt,0.0,2,,-1,-1,BT-v2,10072,0,0.0,0,0,1,timeout,120.19999999999531,0.0,5.0,0.0,120.19999999999531,0.15391014975041598,0.0,0.010399334442595673,3854.27698328977
BT-v2,bt,0.0,2,,-1,-1,BT-v2,10072,1,1.0,1,0,0,timeout,120.19999999999531,5.0,0.0,0.2,120.19999999999531,0.16014975041597337,0.0,0.010399334442595673,
BT-v2,bt,0.0,2,,-1,-1,BT-v2,10073,0,0.0,0,0,1,timeout,120.19999999999531,0.0,6.25,0.0,120.19999999999531,0.0,0.03826955074875208,0.0,4274.84393735588
BT-v2,bt,0.0,2,,-1,-1,BT-v2,10073,1,1.0,1,0,0,timeout,120.19999999999531,6.25,0.0,0.25,120.19999999999531,0.0,0.03826955074875208,0.0,
BT-v2,bt,0.0,2,,-1,-1,BT-v2,10074,0,1.0,1,0,0,timeout,120.19999999999531,11.25,0.0,0.44999999999999996,120.19999999999531,0.0,0.05033277870216306,0.0,5106.8242699976545
BT-v2,bt,0.0,2,,-1,-1,BT-v2,10074,1,0.0,0,0,1,timeout,120.19999999999531,0.0,11.25,0.0,120.19999999999531,0.0,0.04326123128119801,0.0,
BT-v2,bt,0.0,2,,-1,-1,BT-v2,10075,0,0.5,0,1,0,timeout,120.19999999999531,0.0,0.0,0.0,120.19999999999531,0.08153078202995008,0.02204658901830283,0.015391014975041598,4197.839699549108
BT-v2,bt,0.0,2,,-1,-1,BT-v2,10075,1,0.5,0,1,0,timeout,120.19999999999531,0.0,0.0,0.0,120.19999999999531,0.07695507487520799,0.02329450915141431,0.015391014975041598,
BT-v2,bt,0.0,2,,-1,-1,BT-v2,10076,0,0.5,0,1,0,timeout,120.19999999999531,0.0,0.0,0.0,120.19999999999531,0.05033277870216306,0.020798668885191347,0.005823627287853577,4255.683561889006
BT-v2,bt,0.0,2,,-1,-1,BT-v2,10076,1,0.5,0,1,0,timeout,120.19999999999531,0.0,0.0,0.0,120.19999999999531,0.04991680532445923,0.020798668885191347,0.005823627287853577,
BT-v2,bt,0.0,2,,-1,-1,BT-v2,10077,0,0.5,0,1,0,timeout,120.19999999999531,0.0,0.0,0.0,120.19999999999531,0.23419301164725456,0.019966722129783693,0.005823627287853577,3314.459172386622
BT-v2,bt,0.0,2,,-1,-1,BT-v2,10077,1,0.5,0,1,0,timeout,120.19999999999531,0.0,0.0,0.0,120.19999999999531,0.23668885191347755,0.01747088186356073,0.005823627287853577,
BT-v2,bt,0.0,2,,-1,-1,BT-v2,10078,0,0.5,0,1,0,timeout,120.19999999999531,0.0,0.0,0.0,120.19999999999531,0.0,0.04284525790349417,0.0,4946.96485993842
BT-v2,bt,0.0,2,,-1,-1,BT-v2,10078,1,0.5,0,1,0,timeout,120.19999999999531,0.0,0.0,0.0,120.19999999999531,0.0,0.03618968386023295,0.0,
BT-v2,bt,0.0,2,,-1,-1,BT-v2,10079,0,0.5,0,1,0,timeout,120.19999999999531,0.0,0.0,0.0,120.19999999999531,0.16888519134775373,0.0,0.005823627287853577,3781.230200335596
BT-v2,bt,0.0,2,,-1,-1,BT-v2,10079,1,0.5,0,1,0,timeout,120.19999999999531,0.0,0.0,0.0,120.19999999999531,0.16264559068219633,0.0,0.005823627287853577,
BT-v2,bt,0.0,2,,-1,-1,BT-v2,10080,0,0.0,0,0,1,crash,116.59999999999552,0.0,3.75,0.0,116.59999999999552,0.26245704467353953,0.01761168384879725,0.019759450171821305,3341.248117998529
BT-v2,bt,0.0,2,,-1,-1,BT-v2,10080,1,1.0,1,0,0,crash,116.59999999999552,3.75,0.0,0.15000000000000002,116.59999999999552,0.25644329896907214,0.01761168384879725,0.019759450171821305,
BT-v2,bt,0.0,2,,-1,-1,BT-v2,10081,0,0.5,0,1,0,collision,20.900000000000162,0.0,0.0,0.0,20.900000000000162,0.0,0.0,0.019230769230769232,5936.335150850169
BT-v2,bt,0.0,2,,-1,-1,BT-v2,10081,1,0.5,0,1,0,collision,20.900000000000162,0.0,0.0,0.0,20.900000000000162,0.0,0.0,0.019230769230769232,
BT-v2,bt,0.0,2,,-1,-1,BT-v2,10082,0,0.0,0,0,1,timeout,120.19999999999531,0.0,8.75,0.0,120.19999999999531,0.10732113144758736,0.019550748752079867,0.0,3964.517737459186
BT-v2,bt,0.0,2,,-1,-1,BT-v2,10082,1,1.0,1,0,0,timeout,120.19999999999531,8.75,0.0,0.35,120.19999999999531,0.10732113144758736,0.019550748752079867,0.0,
BT-v2,bt,0.0,2,,-1,-1,BT-v2,10083,0,1.0,1,0,0,timeout,120.19999999999531,15.0,0.0,0.6,120.19999999999531,0.010399334442595673,0.04409317803660566,0.0016638935108153079,4504.747306515978
BT-v2,bt,0.0,2,,-1,-1,BT-v2,10083,1,0.0,0,0,1,timeout,120.19999999999531,0.0,15.0,0.0,120.19999999999531,0.010815307820299502,0.039101497504159734,0.0016638935108153079,
BT-v2,bt,0.0,2,,-1,-1,BT-v2,10084,0,0.5,0,1,0,timeout,120.19999999999531,0.0,0.0,0.0,120.19999999999531,0.035357737104825294,0.0,0.0066555740432612314,4373.934522608166
BT-v2,bt,0.0,2,,-1,-1,BT-v2,10084,1,0.5,0,1,0,timeout,120.19999999999531,0.0,0.0,0.0,120.19999999999531,0.029118136439267885,0.0,0.0066555740432612314,
BT-v2,bt,0.0,2,,-1,-1,BT-v2,10085,0,0.5,0,1,0,timeout,120.19999999999531,0.0,0.0,0.0,120.19999999999531,0.07570715474209651,0.0,0.0,4150.426463877484
BT-v2,bt,0.0,2,,-1,-1,BT-v2,10085,1,0.5,0,1,0,timeout,120.19999999999531,0.0,0.0,0.0,120.19999999999531,0.08652246256239601,0.0,0.0,
BT-v2,bt,0.0,2,,-1,-1,BT-v2,10086,0,0.5,0,1,0,timeout,120.19999999999531,0.0,0.0,0.0,120.19999999999531,0.04326123128119801,0.0,0.0,4168.70315914727
BT-v2,bt,0.0,2,,-1,-1,BT-v2,10086,1,0.5,0,1,0,timeout,120.19999999999531,0.0,0.0,0.0,120.19999999999531,0.04409317803660566,0.0,0.0,
BT-v2,bt,0.0,2,,-1,-1,BT-v2,10087,0,0.5,0,1,0,timeout,120.19999999999531,0.0,0.0,0.0,120.19999999999531,0.1360232945091514,0.035357737104825294,0.0,3829.4697964765796
BT-v2,bt,0.0,2,,-1,-1,BT-v2,10087,1,0.5,0,1,0,timeout,120.19999999999531,0.0,0.0,0.0,120.19999999999531,0.14392678868552414,0.04284525790349417,0.0,
BT-v2,bt,0.0,2,,-1,-1,BT-v2,10088,0,1.0,1,0,0,timeout,120.19999999999531,7.5,0.0,0.3,120.19999999999531,0.14517470881863562,0.0,0.014559068219633943,3749.446144577861
BT-v2,bt,0.0,2,,-1,-1,BT-v2,10088,1,0.0,0,0,1,timeout,120.19999999999531,0.0,7.5,0.0,120.19999999999531,0.16098169717138103,0.0,0.014559068219633943,
BT-v2,bt,0.0,2,,-1,-1,BT-v2,10089,0,1.0,1,0,0,gun_kill,27.80000000000026,100.0,0.0,3.999999999999994,27.80000000000026,0.0,0.0,0.0,6316.416237161968
BT-v2,bt,0.0,2,,-1,-1,BT-v2,10089,1,0.0,0,0,1,gun_kill,27.80000000000026,0.0,100.0,0.0,27.80000000000026,0.0,0.0,0.0,
BT-v2,bt,0.0,2,,-1,-1,BT-v2,10090,0,1.0,1,0,0,crash,109.14999999999594,0.0,0.0,0.0,109.14999999999594,0.27110091743119263,0.016055045871559634,0.013302752293577982,3092.3308507220145
BT-v2,bt,0.0,2,,-1,-1,BT-v2,10090,1,0.0,0,0,1,crash,109.14999999999594,0.0,0.0,0.0,109.14999999999594,0.28394495412844034,0.016055045871559634,0.013302752293577982,
BT-v2,bt,0.0,2,,-1,-1,BT-v2,10091,0,1.0,1,0,0,crash,118.5999999999954,0.0,0.0,0.0,118.5999999999954,0.2635135135135135,0.0625,0.0,3301.1423253674425
BT-v2,bt,0.0,2,,-1,-1,BT-v2,10091,1,0.0,0,0,1,crash,118.5999999999954,0.0,0.0,0.0,118.5999999999954,0.2635135135135135,0.05869932432432432,0.0,
BT-v2,bt,0.0,2,,-1,-1,BT-v2,10092,0,0.5,0,1,0,collision,4.449999999999992,0.0,6.25,0.0,4.449999999999992,0.0,0.0,0.09090909090909091,6568.779962520798
BT-v2,bt,0.0,2,,-1,-1,BT-v2,10092,1,0.5,0,1,0,collision,4.449999999999992,6.25,0.0,0.25,4.449999999999992,0.0,0.0,0.09090909090909091,
BT-v2,bt,0.0,2,,-1,-1,BT-v2,10093,0,1.0,1,0,0,timeout,120.19999999999531,6.25,0.0,0.25,120.19999999999531,0.0,0.0,0.0024958402662229617,4635.080090011391
BT-v2,bt,0.0,2,,-1,-1,BT-v2,10093,1,0.0,0,0,1,timeout,120.19999999999531,0.0,6.25,0.0,120.19999999999531,0.0,0.0,0.0024958402662229617,
BT-v2,bt,0.0,2,,-1,-1,BT-v2,10094,0,1.0,1,0,0,crash,113.54999999999569,0.0,12.5,0.0,113.54999999999569,0.26763668430335097,0.06040564373897707,0.004409171075837742,3265.926716024821
BT-v2,bt,0.0,2,,-1,-1,BT-v2,10094,1,0.0,0,0,1,crash,113.54999999999569,12.5,0.0,0.49999999999999994,113.54999999999569,0.27645502645502645,0.05864197530864197,0.004409171075837742,
BT-v2,bt,0.0,2,,-1,-1,BT-v2,10095,0,0.0,0,0,1,timeout,120.19999999999531,0.0,6.25,0.0,120.19999999999531,0.08277870216306156,0.0,0.0,4052.123178186995
BT-v2,bt,0.0,2,,-1,-1,BT-v2,10095,1,1.0,1,0,0,timeout,120.19999999999531,6.25,0.0,0.25,120.19999999999531,0.08111480865224625,0.0,0.0,
BT-v2,bt,0.0,2,,-1,-1,BT-v2,10096,0,0.0,0,0,1,timeout,120.19999999999531,0.0,12.5,0.0,120.19999999999531,0.16181364392678868,0.05490848585690516,0.0033277870216306157,3561.8468556533594
BT-v2,bt,0.0,2,,-1,-1,BT-v2,10096,1,1.0,1,0,0,timeout,120.19999999999531,12.5,0.0,0.49999999999999994,120.19999999999531,0.16264559068219633,0.06156405990016639,0.0033277870216306157,
BT-v2,bt,0.0,2,,-1,-1,BT-v2,10097,0,0.5,0,1,0,timeout,120.19999999999531,0.0,0.0,0.0,120.19999999999531,0.0,0.04866888519134775,0.0,4600.096765323734
BT-v2,bt,0.0,2,,-1,-1,BT-v2,10097,1,0.5,0,1,0,timeout,120.19999999999531,0.0,0.0,0.0,120.19999999999531,0.0,0.06198003327787022,0.0,
BT-v2,bt,0.0,2,,-1,-1,BT-v2,10098,0,0.5,0,1,0,timeout,120.19999999999531,0.0,0.0,0.0,120.19999999999531,0.20424292845257905,0.021214642262895173,0.004991680532445923,3379.5769599150376
BT-v2,bt,0.0,2,,-1,-1,BT-v2,10098,1,0.5,0,1,0,timeout,120.19999999999531,0.0,0.0,0.0,120.19999999999531,0.2050748752079867,0.021214642262895173,0.004991680532445923,
BT-v2,bt,0.0,2,,-1,-1,BT-v2,10099,0,0.0,0,0,1,crash,116.39999999999553,0.0,0.0,0.0,116.39999999999553,0.26592082616179,0.0,0.0,3196.9427477246772
BT-v2,bt,0.0,2,,-1,-1,BT-v2,10099,1,1.0,1,0,0,crash,116.39999999999553,0.0,0.0,0.0,116.39999999999553,0.26592082616179,0.0,0.0,
BT-v2,bt,0.0,2,,-1,-1,BT-v3,10000,0,1.0,1,0,0,timeout,120.19999999999531,92.5,0.0,3.699999999999995,120.19999999999531,0.0,0.023710482529118136,0.004991680532445923,4086.3575682705564
BT-v2,bt,0.0,2,,-1,-1,BT-v3,10000,1,0.5,0,1,0,collision,6.299999999999986,0.0,0.0,0.0,6.299999999999986,0.0,0.49193548387096775,0.056451612903225805,
BT-v2,bt,0.0,2,,-1,-1,BT-v3,10001,0,0.0,0,0,1,timeout,120.19999999999531,0.0,57.5,0.0,120.19999999999531,0.0,0.0,0.0,5050.443024595703
BT-v2,bt,0.0,2,,-1,-1,BT-v3,10001,1,1.0,1,0,0,timeout,120.19999999999531,18.75,0.0,0.7500000000000001,120.19999999999531,0.0,0.0,0.0,
BT-v2,bt,0.0,2,,-1,-1,BT-v3,10002,0,0.0,0,0,1,timeout,120.19999999999531,0.0,5.0,0.0,120.19999999999531,0.0,0.033277870216306155,0.0,4301.434337698626
BT-v2,bt,0.0,2,,-1,-1,BT-v3,10002,1,1.0,1,0,0,timeout,120.19999999999531,98.75,0.0,3.949999999999994,120.19999999999531,0.0,0.033277870216306155,0.0,
BT-v2,bt,0.0,2,,-1,-1,BT-v3,10003,0,0.0,0,0,1,timeout,120.19999999999531,0.0,32.5,0.0,120.19999999999531,0.0,0.06530782029950083,0.0,5055.948652413042
BT-v2,bt,0.0,2,,-1,-1,BT-v3,10003,1,0.5,0,1,0,timeout,120.19999999999531,0.0,0.0,0.0,120.19999999999531,0.0,0.0694675540765391,0.0,
BT-v2,bt,0.0,2,,-1,-1,BT-v3,10004,0,0.0,0,0,1,timeout,120.19999999999531,0.0,62.5,0.0,120.19999999999531,0.0,0.02038269550748752,0.0,4873.163623350398
BT-v2,bt,0.0,2,,-1,-1,BT-v3,10004,1,1.0,1,0,0,gun_kill,113.69999999999568,100.0,0.0,3.999999999999994,113.69999999999568,0.0,0.023767605633802816,0.0,
BT-v2,bt,0.0,2,,-1,-1,BT-v3,10005,0,1.0,1,0,0,gun_kill,104.24999999999622,100.0,7.5,3.999999999999994,104.24999999999622,0.0,0.11036468330134357,0.0033589251439539347,3810.459432078581
BT-v2,bt,0.0,2,,-1,-1,BT-v3,10005,1,1.0,1,0,0,gun_kill,47.94999999999941,100.0,0.0,3.999999999999994,47.94999999999941,0.0,0.2803347280334728,0.0020920502092050207,
BT-v2,bt,0.0,2,,-1,-1,BT-v3,10006,0,1.0,1,0,0,gun_kill,107.74999999999602,100.0,15.0,3.999999999999994,107.74999999999602,0.0,0.00929368029739777,0.0,4032.9434703578413
BT-v2,bt,0.0,2,,-1,-1,BT-v3,10006,1,1.0,1,0,0,gun_kill,93.54999999999683,100.0,0.0,3.999999999999994,93.54999999999683,0.0,0.011241970021413276,0.0,
BT-v2,bt,0.0,2,,-1,-1,BT-v3,10007,0,1.0,1,0,0,timeout,120.19999999999531,96.25,7.5,3.8499999999999943,120.19999999999531,0.0,0.022462562396006656,0.005823627287853577,3795.0755127311277
BT-v2,bt,0.0,2,,-1,-1,BT-v3,10007,1,1.0,1,0,0,gun_kill,108.74999999999596,100.0,0.0,3.999999999999994,108.74999999999596,0.0,0.024861878453038673,0.0,
BT-v2,bt,0.0,2,,-1,-1,BT-v3,10008,0,1.0,1,0,0,gun_kill,108.79999999999596,100.0,11.25,3.999999999999994,108.79999999999596,0.0,0.034530386740331494,0.0,4075.1808137738694
BT-v2,bt,0.0,2,,-1,-1,BT-v3,10008,1,1.0,1,0,0,gun_kill,64.79999999999846,100.0,0.0,3.999999999999994,64.79999999999846,0.0,0.05959752321981424,0.020123839009287926,
BT-v2,bt,0.0,2,,-1,-1,BT-v3,10009,0,1.0,1,0,0,timeout,120.19999999999531,52.5,2.5,2.1000000000000005,120.19999999999531,0.0,0.02870216306156406,0.006239600665557404,4246.582322844619
BT-v2,bt,0.0,2,,-1,-1,BT-v3,10009,1,1.0,1,0,0,timeout,120.19999999999531,7.5,0.0,0.3,120.19999999999531,0.0,0.028286189683860232,0.005823627287853577,
BT-v2,bt,0.0,2,,-1,-1,BT-v3,10010,0,1.0,1,0,0,gun_kill,85.3499999999973,100.0,0.0,3.999999999999994,85.3499999999973,0.0,0.09624413145539906,0.013497652582159625,3590.0881764857354
BT-v2,bt,0.0,2,,-1,-1,BT-v3,10010,1,1.0,1,0,0,gun_kill,86.74999999999721,100.0,20.0,3.999999999999994,86.74999999999721,0.0,0.08718244803695151,0.004618937644341801,
BT-v2,bt,0.0,2,,-1,-1,BT-v3,10011,0,1.0,1,0,0,timeout,120.19999999999531,77.5,17.5,3.099999999999997,120.19999999999531,0.0,0.0,0.011647254575707155,4277.664725505894
BT-v2,bt,0.0,2,,-1,-1,BT-v3,10011,1,1.0,1,0,0,gun_kill,116.44999999999553,100.0,0.0,3.999999999999994,116.44999999999553,0.0,0.0,0.00859106529209622,
BT-v2,bt,0.0,2,,-1,-1,BT-v3,10012,0,1.0,1,0,0,gun_kill,102.69999999999631,100.0,0.0,3.999999999999994,102.69999999999631,0.0,0.07504873294346978,0.0,3737.1817813958146
BT-v2,bt,0.0,2,,-1,-1,BT-v3,10012,1,1.0,1,0,0,gun_kill,103.34999999999627,100.0,0.0,3.999999999999994,103.34999999999627,0.0,0.08284883720930232,0.02131782945736434,
BT-v2,bt,0.0,2,,-1,-1,BT-v3,10013,0,1.0,1,0,0,gun_kill,114.09999999999566,100.0,0.0,3.999999999999994,114.09999999999566,0.0,0.034210526315789476,0.013596491228070176,4183.4392041909105
BT-v2,bt,0.0,2,,-1,-1,BT-v3,10013,1,1.0,1,0,0,timeout,120.19999999999531,93.75,0.0,3.7499999999999947,120.19999999999531,0.0,0.03494176372712146,0.0,
BT-v2,bt,0.0,2,,-1,-1,BT-v3,10014,0,1.0,1,0,0,gun_kill,115.0999999999956,100.0,0.0,3.999999999999994,115.0999999999956,0.0,0.0,0.011739130434782608,4490.151841110301
BT-v2,bt,0.0,2,,-1,-1,BT-v3,10014,1,1.0,1,0,0,gun_kill,117.19999999999548,100.0,0.0,3.999999999999994,117.19999999999548,0.0,0.0,0.0,
BT-v2,bt,0.0,2,,-1,-1,BT-v3,10015,0,1.0,1,0,0,timeout,120.19999999999531,55.0,33.75,2.2,120.19999999999531,0.0,0.0,0.0,4071.37620642282
BT-v2,bt,0.0,2,,-1,-1,BT-v3,10015,1,1.0,1,0,0,gun_kill,113.4499999999957,100.0,0.0,3.999999999999994,113.4499999999957,0.0,0.0,0.0,
BT-v2,bt,0.0,2,,-1,-1,BT-v3,10016,0,1.0,1,0,0,gun_kill,105.39999999999615,100.0,0.0,3.999999999999994,105.39999999999615,0.0,0.0,0.0,3760.9383169307443
BT-v2,bt,0.0,2,,-1,-1,BT-v3,10016,1,1.0,1,0,0,gun_kill,100.24999999999645,100.0,7.5,3.999999999999994,100.24999999999645,0.0,0.0,0.02694610778443114,
BT-v2,bt,0.0,2,,-1,-1,BT-v3,10017,0,0.0,0,0,1,timeout,120.19999999999531,0.0,58.75,0.0,120.19999999999531,0.0,0.02870216306156406,0.0,5142.619046566974
BT-v2,bt,0.0,2,,-1,-1,BT-v3,10017,1,1.0,1,0,0,gun_kill,28.50000000000027,100.0,0.0,3.999999999999994,28.50000000000027,0.0,0.17077464788732394,0.0,
BT-v2,bt,0.0,2,,-1,-1,BT-v3,10018,0,1.0,1,0,0,gun_kill,113.89999999999567,100.0,0.0,3.999999999999994,113.89999999999567,0.0,0.015817223198594025,0.0,3978.28914970371
BT-v2,bt,0.0,2,,-1,-1,BT-v3,10018,1,1.0,1,0,0,gun_kill,116.34999999999553,100.0,0.0,3.999999999999994,116.34999999999553,0.0,0.015920826161790018,0.0,
BT-v2,bt,0.0,2,,-1,-1,BT-v3,10019,0,1.0,1,0,0,gun_kill,116.24999999999554,100.0,0.0,3.999999999999994,116.24999999999554,0.0,0.0,0.0,4135.3922319283865
BT-v2,bt,0.0,2,,-1,-1,BT-v3,10019,1,1.0,1,0,0,timeout,120.19999999999531,58.75,0.0,2.3499999999999996,120.19999999999531,0.0,0.0,0.0,
BT-v2,bt,0.0,2,,-1,-1,BT-v3,10020,0,0.5,0,1,0,timeout,120.19999999999531,0.0,0.0,0.0,120.19999999999531,0.0,0.0,0.0,4756.325859202493
BT-v2,bt,0.0,2,,-1,-1,BT-v3,10020,1,0.5,0,1,0,collision,4.199999999999993,0.0,1.25,0.0,4.199999999999993,0.0,0.0,0.075,
BT-v2,bt,0.0,2,,-1,-1,BT-v3,10021,0,1.0,1,0,0,gun_kill,119.79999999999534,100.0,0.0,3.999999999999994,119.79999999999534,0.0,0.06312709030100334,0.004180602006688963,3696.304607111428
BT-v2,bt,0.0,2,,-1,-1,BT-v3,10021,1,1.0,1,0,0,gun_kill,89.14999999999708,100.0,0.0,3.999999999999994,89.14999999999708,0.0,0.09101123595505618,0.006741573033707865,
BT-v2,bt,0.0,2,,-1,-1,BT-v3,10022,0,1.0,1,0,0,timeout,120.19999999999531,60.0,0.0,2.3999999999999995,120.19999999999531,0.0,0.035357737104825294,0.0,4513.297433773275
BT-v2,bt,0.0,2,,-1,-1,BT-v3,10022,1,0.5,0,1,0,timeout,120.19999999999531,0.0,0.0,0.0,120.19999999999531,0.0,0.03494176372712146,0.005407653910149751,
BT-v2,bt,0.0,2,,-1,-1,BT-v3,10023,0,0.5,0,1,0,timeout,120.19999999999531,0.0,0.0,0.0,120.19999999999531,0.0,0.03494176372712146,0.0,5103.277184370962
BT-v2,bt,0.0,2,,-1,-1,BT-v3,10023,1,0.5,0,1,0,timeout,120.19999999999531,0.0,0.0,0.0,120.19999999999531,0.0,0.03826955074875208,0.0,
BT-v2,bt,0.0,2,,-1,-1,BT-v3,10024,0,1.0,1,0,0,gun_kill,87.54999999999717,100.0,0.0,3.999999999999994,87.54999999999717,0.0,0.043478260869565216,0.0,4162.537340319311
BT-v2,bt,0.0,2,,-1,-1,BT-v3,10024,1,1.0,1,0,0,gun_kill,108.64999999999597,100.0,18.75,3.999999999999994,108.64999999999597,0.0,0.0363720073664825,0.0,
BT-v2,bt,0.0,2,,-1,-1,BT-v3,10025,0,0.0,0,0,1,timeout,120.19999999999531,0.0,28.75,0.0,120.19999999999531,0.0,0.03369384359400998,0.0,5519.895290448406
BT-v2,bt,0.0,2,,-1,-1,BT-v3,10025,1,0.5,0,1,0,timeout,120.19999999999531,0.0,0.0,0.0,120.19999999999531,0.0,0.03369384359400998,0.0,
BT-v2,bt,0.0,2,,-1,-1,BT-v3,10026,0,1.0,1,0,0,gun_kill,98.49999999999655,100.0,0.0,3.999999999999994,98.49999999999655,0.0,0.07723577235772358,0.0,4240.380934997062
BT-v2,bt,0.0,2,,-1,-1,BT-v3,10026,1,1.0,1,0,0,gun_kill,109.44999999999592,100.0,2.5,3.999999999999994,109.44999999999592,0.0,0.062157221206581355,0.0009140767824497258,
BT-v2,bt,0.0,2,,-1,-1,BT-v3,10027,0,1.0,1,0,0,gun_kill,39.54999999999989,100.0,0.0,3.999999999999994,39.54999999999989,0.0,0.282994923857868,0.0,4436.197860434461
BT-v2,bt,0.0,2,,-1,-1,BT-v3,10027,1,1.0,1,0,0,gun_kill,48.89999999999936,100.0,23.75,3.999999999999994,48.89999999999936,0.0,0.23258196721311475,0.0030737704918032786,
BT-v2,bt,0.0,2,,-1,-1,BT-v3,10028,0,1.0,1,0,0,timeout,120.19999999999531,72.5,17.5,2.8999999999999977,120.19999999999531,0.0,0.0,0.005407653910149751,3956.6766606831934
BT-v2,bt,0.0,2,,-1,-1,BT-v3,10028,1,1.0,1,0,0,gun_kill,94.59999999999677,100.0,0.0,3.999999999999994,94.59999999999677,0.0,0.0,0.0,
BT-v2,bt,0.0,2,,-1,-1,BT-v3,10029,0,1.0,1,0,0,gun_kill,108.84999999999596,100.0,0.0,3.999999999999994,108.84999999999596,0.0,0.0,0.0,4327.129760878637
BT-v2,bt,0.0,2,,-1,-1,BT-v3,10029,1,1.0,1,0,0,gun_kill,103.24999999999628,100.0,0.0,3.999999999999994,103.24999999999628,0.0,0.0,0.0,
BT-v2,bt,0.0,2,,-1,-1,BT-v3,10030,0,1.0,1,0,0,gun_kill,118.5999999999954,100.0,28.75,3.999999999999994,118.5999999999954,0.0,0.0785472972972973,0.01393581081081081,3638.363510485833
BT-v2,bt,0.0,2,,-1,-1,BT-v3,10030,1,1.0,1,0,0,gun_kill,81.54999999999751,100.0,0.0,3.999999999999994,81.54999999999751,0.0,0.1038083538083538,0.0036855036855036856,
BT-v2,bt,0.0,2,,-1,-1,BT-v3,10031,0,1.0,1,0,0,gun_kill,87.79999999999715,100.0,0.0,3.999999999999994,87.79999999999715,0.0,0.10331050228310502,0.0,3974.688727006792
BT-v2,bt,0.0,2,,-1,-1,BT-v3,10031,1,1.0,1,0,0,gun_kill,98.74999999999653,100.0,0.0,3.999999999999994,98.74999999999653,0.0,0.09127789046653144,0.0,
BT-v2,bt,0.0,2,,-1,-1,BT-v3,10032,0,1.0,1,0,0,gun_kill,110.34999999999587,100.0,0.0,3.999999999999994,110.34999999999587,0.0,0.029491833030852996,0.004537205081669692,4048.463146559838
BT-v2,bt,0.0,2,,-1,-1,BT-v3,10032,1,0.5,0,1,0,collision,17.30000000000011,0.0,0.0,0.0,17.30000000000011,0.0,0.18895348837209303,0.029069767441860465,
BT-v2,bt,0.0,2,,-1,-1,BT-v3,10033,0,1.0,1,0,0,timeout,120.19999999999531,48.75,0.0,1.950000000000001,120.19999999999531,0.0,0.010815307820299502,0.0,4352.447909262616
BT-v2,bt,0.0,2,,-1,-1,BT-v3,10033,1,0.5,0,1,0,collision,4.149999999999993,0.0,3.75,0.0,4.149999999999993,0.0,0.325,0.0875,
BT-v2,bt,0.0,2,,-1,-1,BT-v3,10034,0,0.0,0,0,1,timeout,120.19999999999531,0.0,23.75,0.0,120.19999999999531,0.0,0.02870216306156406,0.0,4711.986549979581
BT-v2,bt,0.0,2,,-1,-1,BT-v3,10034,1,1.0,1,0,0,timeout,120.19999999999531,71.25,0.0,2.849999999999998,120.19999999999531,0.0,0.02870216306156406,0.004991680532445923,
BT-v2,bt,0.0,2,,-1,-1,BT-v3,10035,0,1.0,1,0,0,gun_kill,99.1999999999965,100.0,26.25,3.999999999999994,99.1999999999965,0.0,0.022727272727272728,0.00808080808080808,3710.848700516983
BT-v2,bt,0.0,2,,-1,-1,BT-v3,10035,1,1.0,1,0,0,gun_kill,90.09999999999702,100.0,0.0,3.999999999999994,90.09999999999702,0.0,0.025,0.0,
BT-v2,bt,0.0,2,,-1,-1,BT-v3,10036,0,1.0,1,0,0,gun_kill,107.999999999996,100.0,15.0,3.999999999999994,107.999999999996,0.0,0.01020408163265306,0.01855287569573284,3799.5326802320196
BT-v2,bt,0.0,2,,-1,-1,BT-v3,10036,1,1.0,1,0,0,gun_kill,91.19999999999696,100.0,0.0,3.999999999999994,91.19999999999696,0.0,0.010439560439560439,0.007692307692307693,
BT-v2,bt,0.0,2,,-1,-1,BT-v3,10037,0,1.0,1,0,0,gun_kill,101.54999999999637,100.0,0.0,3.999999999999994,101.54999999999637,0.0,0.07692307692307693,0.0,3928.9123640690996
BT-v2,bt,0.0,2,,-1,-1,BT-v3,10037,1,1.0,1,0,0,gun_kill,110.84999999999584,100.0,0.0,3.999999999999994,110.84999999999584,0.0,0.08935018050541517,0.0,
BT-v2,bt,0.0,2,,-1,-1,BT-v3,10038,0,0.0,0,0,1,timeout,120.19999999999531,0.0,11.25,0.0,120.19999999999531,0.0,0.0262063227953411,0.0,5188.674358865715
BT-v2,bt,0.0,2,,-1,-1,BT-v3,10038,1,1.0,1,0,0,gun_kill,119.64999999999534,100.0,0.0,3.999999999999994,119.64999999999534,0.0,0.026337792642140468,0.0,
BT-v2,bt,0.0,2,,-1,-1,BT-v3,10039,0,1.0,1,0,0,gun_kill,41.79999999999976,100.0,0.0,3.999999999999994,41.79999999999976,0.0,0.054086538461538464,0.0,4159.877390550208
BT-v2,bt,0.0,2,,-1,-1,BT-v3,10039,1,1.0,1,0,0,gun_kill,91.29999999999696,100.0,22.5,3.999999999999994,91.29999999999696,0.0,0.02412280701754386,0.006578947368421052,
BT-v2,bt,0.0,2,,-1,-1,BT-v3,10040,0,1.0,1,0,0,gun_kill,117.59999999999546,100.0,21.25,3.999999999999994,117.59999999999546,0.0,0.0,0.005110732538330494,4411.7457929875445
BT-v2,bt,0.0,2,,-1,-1,BT-v3,10040,1,1.0,1,0,0,gun_kill,105.49999999999615,100.0,0.0,3.999999999999994,105.49999999999615,0.0,0.0,0.004269449715370019,
BT-v2,bt,0.0,2,,-1,-1,BT-v3,10041,0,1.0,1,0,0,gun_kill,107.64999999999603,100.0,0.0,3.999999999999994,107.64999999999603,0.0,0.019052044609665426,0.0,3544.9032193410453
BT-v2,bt,0.0,2,,-1,-1,BT-v3,10041,1,1.0,1,0,0,gun_kill,106.54999999999609,100.0,0.0,3.999999999999994,106.54999999999609,0.0,0.01832706766917293,0.0,
BT-v2,bt,0.0,2,,-1,-1,BT-v3,10042,0,1.0,1,0,0,timeout,120.19999999999531,63.75,0.0,2.549999999999999,120.19999999999531,0.0,0.04409317803660566,0.010815307820299502,4330.331397492117
BT-v2,bt,0.0,2,,-1,-1,BT-v3,10042,1,0.5,0,1,0,timeout,120.19999999999531,0.0,0.0,0.0,120.19999999999531,0.0,0.04118136439267887,0.006239600665557404,
BT-v2,bt,0.0,2,,-1,-1,BT-v3,10043,0,0.5,0,1,0,collision,13.950000000000063,0.0,0.0,0.0,13.950000000000063,0.0,0.0,0.03260869565217391,5553.675349385818
BT-v2,bt,0.0,2,,-1,-1,BT-v3,10043,1,1.0,1,0,0,gun_kill,119.04999999999538,100.0,0.0,3.999999999999994,119.04999999999538,0.0,0.0,0.0,
BT-v2,bt,0.0,2,,-1,-1,BT-v3,10044,0,0.5,0,1,0,timeout,120.19999999999531,0.0,0.0,0.0,120.19999999999531,0.0,0.0,0.0,4646.913589546486
BT-v2,bt,0.0,2,,-1,-1,BT-v3,10044,1,1.0,1,0,0,timeout,120.19999999999531,48.75,0.0,1.950000000000001,120.19999999999531,0.0,0.0,0.0,
BT-v2,bt,0.0,2,,-1,-1,BT-v3,10045,0,0.5,0,1,0,timeout,120.19999999999531,0.0,0.0,0.0,120.19999999999531,0.0,0.033277870216306155,0.0,5448.663490390456
BT-v2,bt,0.0,2,,-1,-1,BT-v3,10045,1,0.5,0,1,0,timeout,120.19999999999531,0.0,0.0,0.0,120.19999999999531,0.0,0.040349417637271213,0.0,
BT-v2,bt,0.0,2,,-1,-1,BT-v3,10046,0,1.0,1,0,0,gun_kill,98.44999999999655,100.0,0.0,3.999999999999994,98.44999999999655,0.0,0.11382113821138211,0.0,3867.317297049479
BT-v2,bt,0.0,2,,-1,-1,BT-v3,10046,1,0.0,0,0,1,timeout,120.19999999999531,0.0,18.75,0.0,120.19999999999531,0.0,0.12895174708818635,0.0,
BT-v2,bt,0.0,2,,-1,-1,BT-v3,10047,0,1.0,1,0,0,gun_kill,95.24999999999673,100.0,0.0,3.999999999999994,95.24999999999673,0.0,0.009978991596638655,0.0,3702.581648837431
BT-v2,bt,0.0,2,,-1,-1,BT-v3,10047,1,1.0,1,0,0,gun_kill,108.59999999999597,100.0,0.0,3.999999999999994,108.59999999999597,0.0,0.008763837638376383,0.0,
BT-v2,bt,0.0,2,,-1,-1,BT-v3,10048,0,0.0,0,0,1,timeout,120.19999999999531,0.0,92.5,0.0,120.19999999999531,0.0,0.02329450915141431,0.0,5838.308063013414
BT-v2,bt,0.0,2,,-1,-1,BT-v3,10048,1,1.0,1,0,0,gun_kill,98.39999999999655,100.0,0.0,3.999999999999994,98.39999999999655,0.0,0.03665987780040733,0.0,
BT-v2,bt,0.0,2,,-1,-1,BT-v3,10049,0,0.5,0,1,0,timeout,120.19999999999531,0.0,0.0,0.0,120.19999999999531,0.0,0.052828618968386025,0.0,4695.1984247153405
BT-v2,bt,0.0,2,,-1,-1,BT-v3,10049,1,1.0,1,0,0,gun_kill,117.59999999999546,100.0,0.0,3.999999999999994,117.59999999999546,0.0,0.05706984667802385,0.0,
BT-v2,bt,0.0,2,,-1,-1,BT-v3,10050,0,1.0,1,0,0,gun_kill,114.24999999999565,100.0,0.0,3.999999999999994,114.24999999999565,0.0,0.027583187390542906,0.00394045534150613,3779.4324442114007
BT-v2,bt,0.0,2,,-1,-1,BT-v3,10050,1,1.0,1,0,0,gun_kill,116.54999999999552,100.0,0.0,3.999999999999994,116.54999999999552,0.0,0.027061855670103094,0.006013745704467354,
BT-v2,bt,0.0,2,,-1,-1,BT-v3,10051,0,1.0,1,0,0,timeout,120.19999999999531,45.0,0.0,1.800000000000001,120.19999999999531,0.0,0.07653910149750416,0.0037437603993344427,3838.8307761407664
BT-v2,bt,0.0,2,,-1,-1,BT-v3,10051,1,1.0,1,0,0,gun_kill,103.79999999999625,100.0,0.0,3.999999999999994,103.79999999999625,0.0,0.0916988416988417,0.002413127413127413,
BT-v2,bt,0.0,2,,-1,-1,BT-v3,10052,0,1.0,1,0,0,gun_kill,112.54999999999575,100.0,0.0,3.999999999999994,112.54999999999575,0.0,0.029804270462633453,0.006227758007117438,4154.13609727367
BT-v2,bt,0.0,2,,-1,-1,BT-v3,10052,1,0.5,0,1,0,collision,6.499999999999985,0.0,0.0,0.0,6.499999999999985,0.0,0.5,0.046875,
BT-v2,bt,0.0,2,,-1,-1,BT-v3,10053,0,1.0,1,0,0,timeout,120.19999999999531,46.25,0.0,1.850000000000001,120.19999999999531,0.0,0.0,0.0,4611.4240657767
BT-v2,bt,0.0,2,,-1,-1,BT-v3,10053,1,0.0,0,0,1,timeout,120.19999999999531,0.0,10.0,0.0,120.19999999999531,0.0,0.0,0.0016638935108153079,
BT-v2,bt,0.0,2,,-1,-1,BT-v3,10054,0,1.0,1,0,0,gun_kill,103.49999999999626,100.0,0.0,3.999999999999994,103.49999999999626,0.0,0.0,0.0,3350.827216900321
BT-v2,bt,0.0,2,,-1,-1,BT-v3,10054,1,1.0,1,0,0,gun_kill,94.49999999999677,100.0,2.5,3.999999999999994,94.49999999999677,0.0,0.0,0.0,
BT-v2,bt,0.0,2,,-1,-1,BT-v3,10055,0,1.0,1,0,0,gun_kill,75.74999999999784,100.0,0.0,3.999999999999994,75.74999999999784,0.0,0.007936507936507936,0.012566137566137565,3808.6229243706716
BT-v2,bt,0.0,2,,-1,-1,BT-v3,10055,1,1.0,1,0,0,gun_kill,89.89999999999704,100.0,5.0,3.999999999999994,89.89999999999704,0.0,0.0066815144766146995,0.0,
BT-v2,bt,0.0,2,,-1,-1,BT-v3,10056,0,1.0,1,0,0,gun_kill,94.39999999999678,100.0,0.0,3.999999999999994,94.39999999999678,0.0,0.06528662420382166,0.004777070063694267,4030.738289968707
BT-v2,bt,0.0,2,,-1,-1,BT-v3,10056,1,1.0,1,0,0,gun_kill,104.34999999999621,100.0,0.0,3.999999999999994,104.34999999999621,0.0,0.06669865642994242,0.0,
BT-v2,bt,0.0,2,,-1,-1,BT-v3,10057,0,1.0,1,0,0,gun_kill,93.89999999999681,100.0,0.0,3.999999999999994,93.89999999999681,0.0,0.0,0.0,3997.4427635491325
BT-v2,bt,0.0,2,,-1,-1,BT-v3,10057,1,1.0,1,0,0,gun_kill,109.29999999999593,100.0,3.75,3.999999999999994,109.29999999999593,0.0,0.0,0.0,
BT-v2,bt,0.0,2,,-1,-1,BT-v3,10058,0,1.0,1,0,0,gun_kill,93.34999999999684,100.0,0.0,3.999999999999994,93.34999999999684,0.0,0.06223175965665236,0.0,3432.2847507823226
BT-v2,bt,0.0,2,,-1,-1,BT-v3,10058,1,1.0,1,0,0,gun_kill,95.59999999999671,100.0,13.75,3.999999999999994,95.59999999999671,0.0,0.0660377358490566,0.007861635220125786,
BT-v2,bt,0.0,2,,-1,-1,BT-v3,10059,0,1.0,1,0,0,gun_kill,113.3499999999957,100.0,0.0,3.999999999999994,113.3499999999957,0.0,0.0035335689045936395,0.0,4463.117878084931
BT-v2,bt,0.0,2,,-1,-1,BT-v3,10059,1,1.0,1,0,0,timeout,120.19999999999531,58.75,0.0,2.3499999999999996,120.19999999999531,0.0,0.0033277870216306157,0.0,
BT-v2,bt,0.0,2,,-1,-1,BT-v3,10060,0,1.0,1,0,0,timeout,120.19999999999531,63.75,0.0,2.549999999999999,120.19999999999531,0.0,0.02745424292845258,0.0066555740432612314,4402.132987179286
BT-v2,bt,0.0,2,,-1,-1,BT-v3,10060,1,0.5,0,1,0,collision,5.899999999999987,0.0,0.0,0.0,5.899999999999987,0.0,0.5689655172413793,0.05172413793103448,
BT-v2,bt,0.0,2,,-1,-1,BT-v3,10061,0,1.0,1,0,0,timeout,120.19999999999531,97.5,11.25,3.899999999999994,120.19999999999531,0.0,0.04908485856905158,0.004991680532445923,4099.4535132198225
BT-v2,bt,0.0,2,,-1,-1,BT-v3,10061,1,0.5,0,1,0,collision,11.150000000000023,0.0,0.0,0.0,11.150000000000023,0.0,0.5545454545454546,0.03636363636363636,
BT-v2,bt,0.0,2,,-1,-1,BT-v3,10062,0,1.0,1,0,0,timeout,120.19999999999531,81.25,7.5,3.2499999999999964,120.19999999999531,0.0,0.05449251247920133,0.0,4235.726842703893
BT-v2,bt,0.0,2,,-1,-1,BT-v3,10062,1,1.0,1,0,0,gun_kill,114.99999999999561,100.0,0.0,3.999999999999994,114.99999999999561,0.0,0.05879790940766551,0.0,
BT-v2,bt,0.0,2,,-1,-1,BT-v3,10063,0,1.0,1,0,0,gun_kill,111.5999999999958,100.0,8.75,3.999999999999994,111.5999999999958,0.0,0.018402154398563735,0.004488330341113106,3573.5609476360823
BT-v2,bt,0.0,2,,-1,-1,BT-v3,10063,1,1.0,1,0,0,gun_kill,88.34999999999712,100.0,0.0,3.999999999999994,88.34999999999712,0.0,0.026077097505668934,0.0,
BT-v2,bt,0.0,2,,-1,-1,BT-v3,10064,0,0.0,0,0,1,timeout,120.19999999999531,0.0,77.5,0.0,120.19999999999531,0.0,0.02204658901830283,0.0,5103.464505749441
BT-v2,bt,0.0,2,,-1,-1,BT-v3,10064,1,1.0,1,0,0,timeout,120.19999999999531,26.25,0.0,1.0500000000000003,120.19999999999531,0.0,0.021630615640599003,0.0,
BT-v2,bt,0.0,2,,-1,-1,BT-v3,10065,0,1.0,1,0,0,gun_kill,99.64999999999648,100.0,0.0,3.999999999999994,99.64999999999648,0.0,0.03815261044176707,0.0,3656.4611728528694
BT-v2,bt,0.0,2,,-1,-1,BT-v3,10065,1,1.0,1,0,0,gun_kill,100.49999999999643,100.0,0.0,3.999999999999994,100.49999999999643,0.0,0.037848605577689244,0.00796812749003984,
BT-v2,bt,0.0,2,,-1,-1,BT-v3,10066,0,1.0,1,0,0,gun_kill,109.09999999999594,100.0,5.0,3.999999999999994,109.09999999999594,0.0,0.055504587155963306,0.016055045871559634,3725.854321766637
BT-v2,bt,0.0,2,,-1,-1,BT-v3,10066,1,1.0,1,0,0,gun_kill,88.7499999999971,100.0,0.0,3.999999999999994,88.7499999999971,0.0,0.05981941309255079,0.005079006772009029,
BT-v2,bt,0.0,2,,-1,-1,BT-v3,10067,0,0.0,0,0,1,timeout,120.19999999999531,0.0,12.5,0.0,120.19999999999531,0.0,0.014975041597337771,0.0,6703.108818515415
BT-v2,bt,0.0,2,,-1,-1,BT-v3,10067,1,1.0,1,0,0,timeout,120.19999999999531,8.75,0.0,0.35,120.19999999999531,0.0,0.015806988352745424,0.0,
BT-v2,bt,0.0,2,,-1,-1,BT-v3,10068,0,1.0,1,0,0,timeout,120.19999999999531,5.0,0.0,0.2,120.19999999999531,0.0,0.03951747088186356,0.0,4342.7519916769525
BT-v2,bt,0.0,2,,-1,-1,BT-v3,10068,1,0.5,0,1,0,collision,19.700000000000145,0.0,0.0,0.0,19.700000000000145,0.0,0.2423469387755102,0.02295918367346939,
BT-v2,bt,0.0,2,,-1,-1,BT-v3,10069,0,1.0,1,0,0,timeout,120.19999999999531,88.75,0.0,3.5499999999999954,120.19999999999531,0.0,0.008319467554076539,0.0,4119.26935947218
BT-v2,bt,0.0,2,,-1,-1,BT-v3,10069,1,0.5,0,1,0,collision,10.95000000000002,0.0,0.0,0.0,10.95000000000002,0.0,0.09259259259259259,0.037037037037037035,
BT-v2,bt,0.0,2,,-1,-1,BT-v3,10070,0,1.0,1,0,0,timeout,120.19999999999531,25.0,0.0,1.0000000000000002,120.19999999999531,0.0,0.010815307820299502,0.0,4696.982443463107
BT-v2,bt,0.0,2,,-1,-1,BT-v3,10070,1,0.5,0,1,0,collision,13.250000000000053,0.0,7.5,0.0,13.250000000000053,0.0,0.10984848484848485,0.08333333333333333,
BT-v2,bt,0.0,2,,-1,-1,BT-v3,10071,0,1.0,1,0,0,gun_kill,114.74999999999562,100.0,0.0,3.999999999999994,114.74999999999562,0.0,0.0,0.0,4279.286799143843
BT-v2,bt,0.0,2,,-1,-1,BT-v3,10071,1,1.0,1,0,0,gun_kill,110.49999999999586,100.0,0.0,3.999999999999994,110.49999999999586,0.0,0.0,0.0,
BT-v2,bt,0.0,2,,-1,-1,BT-v3,10072,0,1.0,1,0,0,gun_kill,112.59999999999575,100.0,26.25,3.999999999999994,112.59999999999575,0.0,0.0,0.0066725978647686835,4015.001378883764
BT-v2,bt,0.0,2,,-1,-1,BT-v3,10072,1,1.0,1,0,0,gun_kill,95.09999999999674,100.0,0.0,3.999999999999994,95.09999999999674,0.0,0.0,0.0,
BT-v2,bt,0.0,2,,-1,-1,BT-v3,10073,0,0.0,0,0,1,timeout,120.19999999999531,0.0,8.75,0.0,120.19999999999531,0.0,0.03826955074875208,0.0,4483.899667454253
BT-v2,bt,0.0,2,,-1,-1,BT-v3,10073,1,1.0,1,0,0,gun_kill,118.49999999999541,100.0,0.0,3.999999999999994,118.49999999999541,0.0,0.03885135135135135,0.0029560810810810812,
BT-v2,bt,0.0,2,,-1,-1,BT-v3,10074,0,0.5,0,1,0,timeout,120.19999999999531,0.0,0.0,0.0,120.19999999999531,0.0,0.05033277870216306,0.0,5139.014211894571
BT-v2,bt,0.0,2,,-1,-1,BT-v3,10074,1,0.5,0,1,0,timeout,120.19999999999531,0.0,0.0,0.0,120.19999999999531,0.0,0.04284525790349417,0.0,
BT-v2,bt,0.0,2,,-1,-1,BT-v3,10075,0,1.0,1,0,0,gun_kill,114.24999999999565,100.0,0.0,3.999999999999994,114.24999999999565,0.0,0.02276707530647986,0.0148861646234676,4555.867407856892
BT-v2,bt,0.0,2,,-1,-1,BT-v3,10075,1,1.0,1,0,0,timeout,120.19999999999531,46.25,0.0,1.850000000000001,120.19999999999531,0.0,0.02329450915141431,0.0,
BT-v2,bt,0.0,2,,-1,-1,BT-v3,10076,0,1.0,1,0,0,gun_kill,115.74999999999557,100.0,0.0,3.999999999999994,115.74999999999557,0.0,0.02162629757785467,0.0,4413.861568720643
BT-v2,bt,0.0,2,,-1,-1,BT-v3,10076,1,0.5,0,1,0,collision,7.649999999999981,0.0,0.0,0.0,7.649999999999981,0.0,0.32894736842105265,0.046052631578947366,
BT-v2,bt,0.0,2,,-1,-1,BT-v3,10077,0,1.0,1,0,0,gun_kill,87.94999999999715,100.0,0.0,3.999999999999994,87.94999999999715,0.0,0.02733485193621868,0.00683371298405467,3607.206918944599
BT-v2,bt,0.0,2,,-1,-1,BT-v3,10077,1,1.0,1,0,0,gun_kill,103.99999999999623,100.0,0.0,3.999999999999994,103.99999999999623,0.0,0.02023121387283237,0.0,
BT-v2,bt,0.0,2,,-1,-1,BT-v3,10078,0,0.5,0,1,0,timeout,120.19999999999531,0.0,0.0,0.0,120.19999999999531,0.0,0.04284525790349417,0.0,4949.5324339560275
BT-v2,bt,0.0,2,,-1,-1,BT-v3,10078,1,1.0,1,0,0,gun_kill,112.69999999999574,100.0,0.0,3.999999999999994,112.69999999999574,0.0,0.038632326820603906,0.0,
BT-v2,bt,0.0,2,,-1,-1,BT-v3,10079,0,1.0,1,0,0,gun_kill,93.29999999999684,100.0,0.0,3.999999999999994,93.29999999999684,0.0,0.0,0.004828326180257511,4292.010524583069
BT-v2,bt,0.0,2,,-1,-1,BT-v3,10079,1,1.0,1,0,0,gun_kill,112.24999999999577,100.0,8.75,3.999999999999994,112.24999999999577,0.0,0.0,0.005793226381461676,
BT-v2,bt,0.0,2,,-1,-1,BT-v3,10080,0,1.0,1,0,0,gun_kill,113.59999999999569,100.0,0.0,3.999999999999994,113.59999999999569,0.0,0.018077601410934743,0.0,3570.4331456391533
BT-v2,bt,0.0,2,,-1,-1,BT-v3,10080,1,1.0,1,0,0,gun_kill,91.09999999999697,100.0,0.0,3.999999999999994,91.09999999999697,0.0,0.022527472527472527,0.012637362637362638,
BT-v2,bt,0.0,2,,-1,-1,BT-v3,10081,0,0.5,0,1,0,collision,20.80000000000016,0.0,0.0,0.0,20.80000000000016,0.0,0.0,0.021844660194174758,5935.115660456581
BT-v2,bt,0.0,2,,-1,-1,BT-v3,10081,1,0.5,0,1,0,timeout,120.19999999999531,0.0,0.0,0.0,120.19999999999531,0.0,0.0,0.0012479201331114808,
BT-v2,bt,0.0,2,,-1,-1,BT-v3,10082,0,1.0,1,0,0,gun_kill,113.04999999999572,100.0,0.0,3.999999999999994,113.04999999999572,0.0,0.02079646017699115,0.0,4078.7017389210278
BT-v2,bt,0.0,2,,-1,-1,BT-v3,10082,1,0.5,0,1,0,collision,11.150000000000023,8.75,0.0,0.35,11.150000000000023,0.0,0.21363636363636362,0.03636363636363636,
BT-v2,bt,0.0,2,,-1,-1,BT-v3,10083,0,1.0,1,0,0,gun_kill,110.24999999999588,100.0,0.0,3.999999999999994,110.24999999999588,0.0,0.053992740471869326,0.0054446460980036296,4462.569826750924
BT-v2,bt,0.0,2,,-1,-1,BT-v3,10083,1,1.0,1,0,0,gun_kill,110.64999999999586,100.0,0.0,3.999999999999994,110.64999999999586,0.0,0.04701627486437613,0.0,
BT-v2,bt,0.0,2,,-1,-1,BT-v3,10084,0,1.0,1,0,0,gun_kill,107.29999999999605,100.0,0.0,3.999999999999994,107.29999999999605,0.0,0.0,0.010261194029850746,4437.318784174856
BT-v2,bt,0.0,2,,-1,-1,BT-v3,10084,1,0.5,0,1,0,collision,4.99999999999999,0.0,0.0,0.0,4.99999999999999,0.0,0.0,0.07291666666666667,
BT-v2,bt,0.0,2,,-1,-1,BT-v3,10085,0,1.0,1,0,0,gun_kill,97.39999999999661,100.0,0.0,3.999999999999994,97.39999999999661,0.0,0.0,0.007716049382716049,4359.6533798261735
BT-v2,bt,0.0,2,,-1,-1,BT-v3,10085,1,1.0,1,0,0,gun_kill,113.4499999999957,100.0,13.75,3.999999999999994,113.4499999999957,0.0,0.0,0.0,
BT-v2,bt,0.0,2,,-1,-1,BT-v3,10086,0,1.0,1,0,0,timeout,120.19999999999531,92.5,0.0,3.699999999999995,120.19999999999531,0.0,0.0,0.0,4348.479651328194
BT-v2,bt,0.0,2,,-1,-1,BT-v3,10086,1,1.0,1,0,0,timeout,120.19999999999531,90.0,0.0,3.599999999999995,120.19999999999531,0.0,0.0,0.0,
BT-v2,bt,0.0,2,,-1,-1,BT-v3,10087,0,1.0,1,0,0,gun_kill,104.34999999999621,100.0,0.0,3.999999999999994,104.34999999999621,0.0,0.0446257197696737,0.0,4071.2993812708305
BT-v2,bt,0.0,2,,-1,-1,BT-v3,10087,1,1.0,1,0,0,gun_kill,104.34999999999621,100.0,0.0,3.999999999999994,104.34999999999621,0.0,0.04798464491362764,0.0,
BT-v2,bt,0.0,2,,-1,-1,BT-v3,10088,0,1.0,1,0,0,gun_kill,113.84999999999567,100.0,0.0,3.999999999999994,113.84999999999567,0.0,0.0,0.0,4040.4774337493877
BT-v2,bt,0.0,2,,-1,-1,BT-v3,10088,1,1.0,1,0,0,timeout,120.19999999999531,76.25,0.0,3.049999999999997,120.19999999999531,0.0,0.0,0.004991680532445923,
BT-v2,bt,0.0,2,,-1,-1,BT-v3,10089,0,1.0,1,0,0,gun_kill,26.250000000000238,100.0,0.0,3.999999999999994,26.250000000000238,0.0,0.0,0.0,6293.20446833155
BT-v2,bt,0.0,2,,-1,-1,BT-v3,10089,1,0.5,0,1,0,timeout,120.19999999999531,0.0,0.0,0.0,120.19999999999531,0.0,0.0,0.0,
BT-v2,bt,0.0,2,,-1,-1,BT-v3,10090,0,1.0,1,0,0,gun_kill,92.99999999999686,100.0,0.0,3.999999999999994,92.99999999999686,0.0,0.018857758620689655,0.024245689655172414,3397.9185290869896
BT-v2,bt,0.0,2,,-1,-1,BT-v3,10090,1,1.0,1,0,0,gun_kill,88.29999999999713,100.0,0.0,3.999999999999994,88.29999999999713,0.0,0.01984126984126984,0.0,
BT-v2,bt,0.0,2,,-1,-1,BT-v3,10091,0,1.0,1,0,0,gun_kill,105.29999999999616,100.0,0.0,3.999999999999994,105.29999999999616,0.0,0.07366920152091255,0.0,3621.1662476787487
BT-v2,bt,0.0,2,,-1,-1,BT-v3,10091,1,1.0,1,0,0,gun_kill,102.8999999999963,100.0,2.5,3.999999999999994,102.8999999999963,0.0,0.08511673151750973,0.017023346303501944,
BT-v2,bt,0.0,2,,-1,-1,BT-v3,10092,0,1.0,1,0,0,timeout,120.19999999999531,12.5,6.25,0.49999999999999994,120.19999999999531,0.0,0.0,0.0,4539.133848003128
BT-v2,bt,0.0,2,,-1,-1,BT-v3,10092,1,1.0,1,0,0,timeout,120.19999999999531,61.25,0.0,2.4499999999999993,120.19999999999531,0.0,0.0,0.0,
BT-v2,bt,0.0,2,,-1,-1,BT-v3,10093,0,1.0,1,0,0,timeout,120.19999999999531,71.25,0.0,2.849999999999998,120.19999999999531,0.0,0.0,0.0,5082.725991472563
BT-v2,bt,0.0,2,,-1,-1,BT-v3,10093,1,0.0,0,0,1,timeout,120.19999999999531,0.0,58.75,0.0,120.19999999999531,0.0,0.0,0.0,
BT-v2,bt,0.0,2,,-1,-1,BT-v3,10094,0,1.0,1,0,0,gun_kill,87.89999999999715,100.0,0.0,3.999999999999994,87.89999999999715,0.0,0.0785876993166287,0.0,3575.288525003116
BT-v2,bt,0.0,2,,-1,-1,BT-v3,10094,1,1.0,1,0,0,gun_kill,77.04999999999777,100.0,0.0,3.999999999999994,77.04999999999777,0.0,0.08701298701298701,0.0,
BT-v2,bt,0.0,2,,-1,-1,BT-v3,10095,0,0.5,0,1,0,timeout,120.19999999999531,0.0,0.0,0.0,120.19999999999531,0.0,0.0,0.0,4287.875992979234
BT-v2,bt,0.0,2,,-1,-1,BT-v3,10095,1,1.0,1,0,0,gun_kill,115.2499999999956,100.0,0.0,3.999999999999994,115.2499999999956,0.0,0.0,0.0,
BT-v2,bt,0.0,2,,-1,-1,BT-v3,10096,0,1.0,1,0,0,gun_kill,117.99999999999544,100.0,0.0,3.999999999999994,117.99999999999544,0.0,0.05560271646859083,0.0,3737.6331989596383
BT-v2,bt,0.0,2,,-1,-1,BT-v3,10096,1,1.0,1,0,0,gun_kill,115.49999999999558,100.0,0.0,3.999999999999994,115.49999999999558,0.0,0.0645580589254766,0.0,
BT-v2,bt,0.0,2,,-1,-1,BT-v3,10097,0,1.0,1,0,0,gun_kill,113.19999999999571,100.0,0.0,3.999999999999994,113.19999999999571,0.0,0.049557522123893805,0.0,4343.334047776905
BT-v2,bt,0.0,2,,-1,-1,BT-v3,10097,1,1.0,1,0,0,timeout,120.19999999999531,83.75,0.0,3.349999999999996,120.19999999999531,0.0,0.05698835274542429,0.005407653910149751,
BT-v2,bt,0.0,2,,-1,-1,BT-v3,10098,0,1.0,1,0,0,gun_kill,101.79999999999636,100.0,0.0,3.999999999999994,101.79999999999636,0.0,0.025098425196850394,0.003937007874015748,3602.5060322244076
BT-v2,bt,0.0,2,,-1,-1,BT-v3,10098,1,1.0,1,0,0,gun_kill,104.04999999999623,100.0,0.0,3.999999999999994,104.04999999999623,0.0,0.02451923076923077,0.0,
BT-v2,bt,0.0,2,,-1,-1,BT-v3,10099,0,1.0,1,0,0,gun_kill,94.39999999999678,100.0,0.0,3.999999999999994,94.39999999999678,0.0,0.0,0.0,3677.2109515908423
BT-v2,bt,0.0,2,,-1,-1,BT-v3,10099,1,0.5,0,1,0,collision,8.899999999999991,0.0,1.25,0.0,8.899999999999991,0.0,0.0,0.05113636363636364,
BT-v3,bt,0.0,3,,-1,-1,BT-v2,10000,0,0.5,0,1,0,collision,6.299999999999986,0.0,0.0,0.0,6.299999999999986,0.0,0.0,0.056451612903225805,6259.664177190111
BT-v3,bt,0.0,3,,-1,-1,BT-v2,10000,1,0.0,0,0,1,timeout,120.19999999999531,0.0,92.5,0.0,120.19999999999531,0.0,0.0,0.004991680532445923,
BT-v3,bt,0.0,3,,-1,-1,BT-v2,10001,0,0.0,0,0,1,timeout,120.19999999999531,0.0,18.75,0.0,120.19999999999531,0.0,0.0,0.0,5020.9903047259295
BT-v3,bt,0.0,3,,-1,-1,BT-v2,10001,1,1.0,1,0,0,timeout,120.19999999999531,57.5,0.0,2.3,120.19999999999531,0.0,0.0,0.0,
BT-v3,bt,0.0,3,,-1,-1,BT-v2,10002,0,0.0,0,0,1,timeout,120.19999999999531,0.0,98.75,0.0,120.19999999999531,0.0,0.0,0.0,4103.164883824544
BT-v3,bt,0.0,3,,-1,-1,BT-v2,10002,1,1.0,1,0,0,timeout,120.19999999999531,5.0,0.0,0.2,120.19999999999531,0.0,0.0,0.0,
BT-v3,bt,0.0,3,,-1,-1,BT-v2,10003,0,0.5,0,1,0,timeout,120.19999999999531,0.0,0.0,0.0,120.19999999999531,0.0,0.0,0.0,5088.199804795978
BT-v3,bt,0.0,3,,-1,-1,BT-v2,10003,1,1.0,1,0,0,timeout,120.19999999999531,32.5,0.0,1.3000000000000005,120.19999999999531,0.0,0.0,0.0,
BT-v3,bt,0.0,3,,-1,-1,BT-v2,10004,0,0.0,0,0,1,gun_kill,113.69999999999568,0.0,100.0,0.0,113.69999999999568,0.0,0.0,0.0,4723.057593985294
BT-v3,bt,0.0,3,,-1,-1,BT-v2,10004,1,1.0,1,0,0,timeout,120.19999999999531,62.5,0.0,2.499999999999999,120.19999999999531,0.0,0.0,0.0,
BT-v3,bt,0.0,3,,-1,-1,BT-v2,10005,0,0.0,0,0,1,gun_kill,47.94999999999941,0.0,100.0,0.0,47.94999999999941,0.0,0.0,0.0020920502092050207,6477.52509489064
BT-v3,bt,0.0,3,,-1,-1,BT-v2,10005,1,0.0,0,0,1,gun_kill,104.24999999999622,7.5,100.0,0.3,104.24999999999622,0.0,0.0,0.0033589251439539347,
BT-v3,bt,0.0,3,,-1,-1,BT-v2,10006,0,0.0,0,0,1,gun_kill,93.54999999999683,0.0,100.0,0.0,93.54999999999683,0.0,0.0,0.0,4608.930007969161
BT-v3,bt,0.0,3,,-1,-1,BT-v2,10006,1,0.0,0,0,1,gun_kill,107.74999999999602,15.0,100.0,0.6,107.74999999999602,0.0,0.0,0.0,
BT-v3,bt,0.0,3,,-1,-1,BT-v2,10007,0,0.0,0,0,1,gun_kill,108.74999999999596,0.0,100.0,0.0,108.74999999999596,0.0,0.0,0.0,4398.94470204674
BT-v3,bt,0.0,3,,-1,-1,BT-v2,10007,1,0.0,0,0,1,timeout,120.19999999999531,7.5,96.25,0.3,120.19999999999531,0.0,0.0,0.005823627287853577,
BT-v3,bt,0.0,3,,-1,-1,BT-v2,10008,0,0.0,0,0,1,gun_kill,64.79999999999846,0.0,100.0,0.0,64.79999999999846,0.0,0.0,0.020123839009287926,5232.6794813357155
BT-v3,bt,0.0,3,,-1,-1,BT-v2,10008,1,0.0,0,0,1,gun_kill,108.79999999999596,11.25,100.0,0.44999999999999996,108.79999999999596,0.0,0.0,0.0,
BT-v3,bt,0.0,3,,-1,-1,BT-v2,10009,0,0.0,0,0,1,timeout,120.19999999999531,0.0,7.5,0.0,120.19999999999531,0.0,0.0,0.005823627287853577,4566.207032501285
BT-v3,bt,0.0,3,,-1,-1,BT-v2,10009,1,0.0,0,0,1,timeout,120.19999999999531,2.5,52.5,0.1,120.19999999999531,0.0,0.0,0.006239600665557404,
BT-v3,bt,0.0,3,,-1,-1,BT-v2,10010,0,0.0,0,0,1,gun_kill,86.74999999999721,20.0,100.0,0.8000000000000002,86.74999999999721,0.0,0.0,0.004618937644341801,4039.966732859592
BT-v3,bt,0.0,3,,-1,-1,BT-v2,10010,1,0.0,0,0,1,gun_kill,85.3499999999973,0.0,100.0,0.0,85.3499999999973,0.0,0.0,0.013497652582159625,
BT-v3,bt,0.0,3,,-1,-1,BT-v2,10011,0,0.0,0,0,1,gun_kill,116.44999999999553,0.0,100.0,0.0,116.44999999999553,0.0,0.0,0.00859106529209622,4938.871018544976
BT-v3,bt,0.0,3,,-1,-1,BT-v2,10011,1,0.0,0,0,1,timeout,120.19999999999531,17.5,77.5,0.7000000000000001,120.19999999999531,0.0,0.0,0.011647254575707155,
BT-v3,bt,0.0,3,,-1,-1,BT-v2,10012,0,0.0,0,0,1,gun_kill,103.34999999999627,0.0,100.0,0.0,103.34999999999627,0.0,0.0,0.02131782945736434,4130.955027492535
BT-v3,bt,0.0,3,,-1,-1,BT-v2,10012,1,0.0,0,0,1,gun_kill,102.69999999999631,0.0,100.0,0.0,102.69999999999631,0.0,0.0,0.0,
BT-v3,bt,0.0,3,,-1,-1,BT-v2,10013,0,0.0,0,0,1,timeout,120.19999999999531,0.0,93.75,0.0,120.19999999999531,0.0,0.0,0.0,4417.584127968781
BT-v3,bt,0.0,3,,-1,-1,BT-v2,10013,1,0.0,0,0,1,gun_kill,114.09999999999566,0.0,100.0,0.0,114.09999999999566,0.0,0.0,0.013596491228070176,
BT-v3,bt,0.0,3,,-1,-1,BT-v2,10014,0,0.0,0,0,1,gun_kill,117.19999999999548,0.0,100.0,0.0,117.19999999999548,0.0,0.0,0.0,4847.977625501984
BT-v3,bt,0.0,3,,-1,-1,BT-v2,10014,1,0.0,0,0,1,gun_kill,115.0999999999956,0.0,100.0,0.0,115.0999999999956,0.0,0.0,0.011739130434782608,
BT-v3,bt,0.0,3,,-1,-1,BT-v2,10015,0,0.0,0,0,1,gun_kill,113.4499999999957,0.0,100.0,0.0,113.4499999999957,0.0,0.0,0.0,4084.9050859303115
BT-v3,bt,0.0,3,,-1,-1,BT-v2,10015,1,0.0,0,0,1,timeout,120.19999999999531,33.75,55.0,1.3500000000000005,120.19999999999531,0.0,0.0,0.0,
BT-v3,bt,0.0,3,,-1,-1,BT-v2,10016,0,0.0,0,0,1,gun_kill,100.24999999999645,7.5,100.0,0.3,100.24999999999645,0.0,0.0,0.02694610778443114,4526.132515775844
BT-v3,bt,0.0,3,,-1,-1,BT-v2,10016,1,0.0,0,0,1,gun_kill,105.39999999999615,0.0,100.0,0.0,105.39999999999615,0.0,0.0,0.0,
BT-v3,bt,0.0,3,,-1,-1,BT-v2,10017,0,0.0,0,0,1,gun_kill,28.50000000000027,0.0,100.0,0.0,28.50000000000027,0.0,0.0,0.0,6028.034355583205
BT-v3,bt,0.0,3,,-1,-1,BT-v2,10017,1,1.0,1,0,0,timeout,120.19999999999531,58.75,0.0,2.3499999999999996,120.19999999999531,0.0,0.0,0.0,
BT-v3,bt,0.0,3,,-1,-1,BT-v2,10018,0,0.0,0,0,1,gun_kill,116.34999999999553,0.0,100.0,0.0,116.34999999999553,0.0,0.0,0.0,4366.1647593202615
BT-v3,bt,0.0,3,,-1,-1,BT-v2,10018,1,0.0,0,0,1,gun_kill,113.89999999999567,0.0,100.0,0.0,113.89999999999567,0.0,0.0,0.0,
BT-v3,bt,0.0,3,,-1,-1,BT-v2,10019,0,0.0,0,0,1,timeout,120.19999999999531,0.0,58.75,0.0,120.19999999999531,0.0,0.0,0.0,4448.791930910958
BT-v3,bt,0.0,3,,-1,-1,BT-v2,10019,1,0.0,0,0,1,gun_kill,116.24999999999554,0.0,100.0,0.0,116.24999999999554,0.0,0.0,0.0,
BT-v3,bt,0.0,3,,-1,-1,BT-v2,10020,0,0.5,0,1,0,collision,4.199999999999993,1.25,0.0,0.05,4.199999999999993,0.0,0.0,0.075,7151.931067151684
BT-v3,bt,0.0,3,,-1,-1,BT-v2,10020,1,0.5,0,1,0,timeout,120.19999999999531,0.0,0.0,0.0,120.19999999999531,0.0,0.0,0.0,
BT-v3,bt,0.0,3,,-1,-1,BT-v2,10021,0,0.0,0,0,1,gun_kill,89.14999999999708,0.0,100.0,0.0,89.14999999999708,0.0,0.0,0.006741573033707865,4476.229992558882
BT-v3,bt,0.0,3,,-1,-1,BT-v2,10021,1,0.0,0,0,1,gun_kill,119.79999999999534,0.0,100.0,0.0,119.79999999999534,0.0,0.0,0.004180602006688963,
BT-v3,bt,0.0,3,,-1,-1,BT-v2,10022,0,0.5,0,1,0,timeout,120.19999999999531,0.0,0.0,0.0,120.19999999999531,0.0,0.0,0.005407653910149751,5035.672779246031
BT-v3,bt,0.0,3,,-1,-1,BT-v2,10022,1,0.0,0,0,1,timeout,120.19999999999531,0.0,60.0,0.0,120.19999999999531,0.0,0.0,0.0,
BT-v3,bt,0.0,3,,-1,-1,BT-v2,10023,0,0.5,0,1,0,timeout,120.19999999999531,0.0,0.0,0.0,120.19999999999531,0.0,0.0,0.0,5194.956545916627
BT-v3,bt,0.0,3,,-1,-1,BT-v2,10023,1,0.5,0,1,0,timeout,120.19999999999531,0.0,0.0,0.0,120.19999999999531,0.0,0.0,0.0,
BT-v3,bt,0.0,3,,-1,-1,BT-v2,10024,0,0.0,0,0,1,gun_kill,108.64999999999597,18.75,100.0,0.7500000000000001,108.64999999999597,0.0,0.0,0.0,4215.115992763248
BT-v3,bt,0.0,3,,-1,-1,BT-v2,10024,1,0.0,0,0,1,gun_kill,87.54999999999717,0.0,100.0,0.0,87.54999999999717,0.0,0.0,0.0,
BT-v3,bt,0.0,3,,-1,-1,BT-v2,10025,0,0.5,0,1,0,timeout,120.19999999999531,0.0,0.0,0.0,120.19999999999531,0.0,0.0,0.0,5360.996513096744
BT-v3,bt,0.0,3,,-1,-1,BT-v2,10025,1,1.0,1,0,0,timeout,120.19999999999531,28.75,0.0,1.1500000000000004,120.19999999999531,0.0,0.0,0.0,
BT-v3,bt,0.0,3,,-1,-1,BT-v2,10026,0,0.0,0,0,1,gun_kill,109.44999999999592,2.5,100.0,0.1,109.44999999999592,0.0,0.0,0.0009140767824497258,4118.51749291786
BT-v3,bt,0.0,3,,-1,-1,BT-v2,10026,1,0.0,0,0,1,gun_kill,98.49999999999655,0.0,100.0,0.0,98.49999999999655,0.0,0.0,0.0,
BT-v3,bt,0.0,3,,-1,-1,BT-v2,10027,0,0.0,0,0,1,gun_kill,48.89999999999936,23.75,100.0,0.9500000000000003,48.89999999999936,0.0,0.0,0.0030737704918032786,6077.681271287935
BT-v3,bt,0.0,3,,-1,-1,BT-v2,10027,1,0.0,0,0,1,gun_kill,39.54999999999989,0.0,100.0,0.0,39.54999999999989,0.0,0.0,0.0,
BT-v3,bt,0.0,3,,-1,-1,BT-v2,10028,0,0.0,0,0,1,gun_kill,94.59999999999677,0.0,100.0,0.0,94.59999999999677,0.0,0.0,0.0,4672.892512148419
BT-v3,bt,0.0,3,,-1,-1,BT-v2,10028,1,0.0,0,0,1,timeout,120.19999999999531,17.5,72.5,0.7000000000000001,120.19999999999531,0.0,0.0,0.005407653910149751,
BT-v3,bt,0.0,3,,-1,-1,BT-v2,10029,0,0.0,0,0,1,gun_kill,103.24999999999628,0.0,100.0,0.0,103.24999999999628,0.0,0.0,0.0,4757.618691677064
BT-v3,bt,0.0,3,,-1,-1,BT-v2,10029,1,0.0,0,0,1,gun_kill,108.84999999999596,0.0,100.0,0.0,108.84999999999596,0.0,0.0,0.0,
BT-v3,bt,0.0,3,,-1,-1,BT-v2,10030,0,0.0,0,0,1,gun_kill,81.54999999999751,0.0,100.0,0.0,81.54999999999751,0.0,0.0,0.0036855036855036856,4451.881891613533
BT-v3,bt,0.0,3,,-1,-1,BT-v2,10030,1,0.0,0,0,1,gun_kill,118.5999999999954,28.75,100.0,1.1500000000000004,118.5999999999954,0.0,0.0,0.01393581081081081,
BT-v3,bt,0.0,3,,-1,-1,BT-v2,10031,0,0.0,0,0,1,gun_kill,98.74999999999653,0.0,100.0,0.0,98.74999999999653,0.0,0.0,0.0,4313.765624799461
BT-v3,bt,0.0,3,,-1,-1,BT-v2,10031,1,0.0,0,0,1,gun_kill,87.79999999999715,0.0,100.0,0.0,87.79999999999715,0.0,0.0,0.0,
BT-v3,bt,0.0,3,,-1,-1,BT-v2,10032,0,0.5,0,1,0,collision,17.30000000000011,0.0,0.0,0.0,17.30000000000011,0.0,0.0,0.029069767441860465,4870.783926706015
BT-v3,bt,0.0,3,,-1,-1,BT-v2,10032,1,0.0,0,0,1,gun_kill,110.34999999999587,0.0,100.0,0.0,110.34999999999587,0.0,0.0,0.004537205081669692,
BT-v3,bt,0.0,3,,-1,-1,BT-v2,10033,0,0.5,0,1,0,collision,4.149999999999993,3.75,0.0,0.15000000000000002,4.149999999999993,0.0,0.0,0.0875,6893.430275021172
BT-v3,bt,0.0,3,,-1,-1,BT-v2,10033,1,0.0,0,0,1,timeout,120.19999999999531,0.0,48.75,0.0,120.19999999999531,0.0,0.0,0.0,
BT-v3,bt,0.0,3,,-1,-1,BT-v2,10034,0,0.0,0,0,1,timeout,120.19999999999531,0.0,71.25,0.0,120.19999999999531,0.0,0.0,0.004991680532445923,4526.663781516088
BT-v3,bt,0.0,3,,-1,-1,BT-v2,10034,1,1.0,1,0,0,timeout,120.19999999999531,23.75,0.0,0.9500000000000003,120.19999999999531,0.0,0.0,0.0,
BT-v3,bt,0.0,3,,-1,-1,BT-v2,10035,0,0.0,0,0,1,gun_kill,90.09999999999702,0.0,100.0,0.0,90.09999999999702,0.0,0.0,0.0,4200.465225241314
BT-v3,bt,0.0,3,,-1,-1,BT-v2,10035,1,0.0,0,0,1,gun_kill,99.1999999999965,26.25,100.0,1.0500000000000003,99.1999999999965,0.0,0.0,0.00808080808080808,
BT-v3,bt,0.0,3,,-1,-1,BT-v2,10036,0,0.0,0,0,1,gun_kill,91.19999999999696,0.0,100.0,0.0,91.19999999999696,0.0,0.0,0.007692307692307693,4266.268832785146
BT-v3,bt,0.0,3,,-1,-1,BT-v2,10036,1,0.0,0,0,1,gun_kill,107.999999999996,15.0,100.0,0.6,107.999999999996,0.0,0.0,0.01855287569573284,
BT-v3,bt,0.0,3,,-1,-1,BT-v2,10037,0,0.0,0,0,1,gun_kill,110.84999999999584,0.0,100.0,0.0,110.84999999999584,0.0,0.0,0.0,4052.939515882845
BT-v3,bt,0.0,3,,-1,-1,BT-v2,10037,1,0.0,0,0,1,gun_kill,101.54999999999637,0.0,100.0,0.0,101.54999999999637,0.0,0.0,0.0,
BT-v3,bt,0.0,3,,-1,-1,BT-v2,10038,0,0.0,0,0,1,gun_kill,119.64999999999534,0.0,100.0,0.0,119.64999999999534,0.0,0.0,0.0,4939.356400154562
BT-v3,bt,0.0,3,,-1,-1,BT-v2,10038,1,1.0,1,0,0,timeout,120.19999999999531,11.25,0.0,0.44999999999999996,120.19999999999531,0.0,0.0,0.0,
BT-v3,bt,0.0,3,,-1,-1,BT-v2,10039,0,0.0,0,0,1,gun_kill,91.29999999999696,22.5,100.0,0.9000000000000002,91.29999999999696,0.0,0.0,0.006578947368421052,3735.5380722711507
BT-v3,bt,0.0,3,,-1,-1,BT-v2,10039,1,0.0,0,0,1,gun_kill,41.79999999999976,0.0,100.0,0.0,41.79999999999976,0.0,0.0,0.0,
BT-v3,bt,0.0,3,,-1,-1,BT-v2,10040,0,0.0,0,0,1,gun_kill,105.49999999999615,0.0,100.0,0.0,105.49999999999615,0.0,0.0,0.004269449715370019,4794.369994551142
BT-v3,bt,0.0,3,,-1,-1,BT-v2,10040,1,0.0,0,0,1,gun_kill,117.59999999999546,21.25,100.0,0.8500000000000002,117.59999999999546,0.0,0.0,0.005110732538330494,
BT-v3,bt,0.0,3,,-1,-1,BT-v2,10041,0,0.0,0,0,1,gun_kill,106.54999999999609,0.0,100.0,0.0,106.54999999999609,0.0,0.0,0.0,3923.2097724602922
BT-v3,bt,0.0,3,,-1,-1,BT-v2,10041,1,0.0,0,0,1,gun_kill,107.64999999999603,0.0,100.0,0.0,107.64999999999603,0.0,0.0,0.0,
BT-v3,bt,0.0,3,,-1,-1,BT-v2,10042,0,0.5,0,1,0,timeout,120.19999999999531,0.0,0.0,0.0,120.19999999999531,0.0,0.0,0.006239600665557404,4807.782220585157
BT-v3,bt,0.0,3,,-1,-1,BT-v2,10042,1,0.0,0,0,1,timeout,120.19999999999531,0.0,63.75,0.0,120.19999999999531,0.0,0.0,0.010815307820299502,
BT-v3,bt,0.0,3,,-1,-1,BT-v2,10043,0,0.0,0,0,1,gun_kill,119.04999999999538,0.0,100.0,0.0,119.04999999999538,0.0,0.0,0.0,4471.859069652754
BT-v3,bt,0.0,3,,-1,-1,BT-v2,10043,1,0.5,0,1,0,collision,13.950000000000063,0.0,0.0,0.0,13.950000000000063,0.0,0.0,0.03260869565217391,
BT-v3,bt,0.0,3,,-1,-1,BT-v2,10044,0,0.0,0,0,1,timeout,120.19999999999531,0.0,48.75,0.0,120.19999999999531,0.0,0.0,0.0,4998.977855384244
BT-v3,bt,0.0,3,,-1,-1,BT-v2,10044,1,0.5,0,1,0,timeout,120.19999999999531,0.0,0.0,0.0,120.19999999999531,0.0,0.0,0.0,
BT-v3,bt,0.0,3,,-1,-1,BT-v2,10045,0,0.5,0,1,0,timeout,120.19999999999531,0.0,0.0,0.0,120.19999999999531,0.0,0.0,0.0,5897.9648378749425
BT-v3,bt,0.0,3,,-1,-1,BT-v2,10045,1,0.5,0,1,0,timeout,120.19999999999531,0.0,0.0,0.0,120.19999999999531,0.0,0.0,0.0,
BT-v3,bt,0.0,3,,-1,-1,BT-v2,10046,0,1.0,1,0,0,timeout,120.19999999999531,18.75,0.0,0.7500000000000001,120.19999999999531,0.0,0.0,0.0,9310.825561764348
BT-v3,bt,0.0,3,,-1,-1,BT-v2,10046,1,0.0,0,0,1,gun_kill,98.44999999999655,0.0,100.0,0.0,98.44999999999655,0.0,0.0,0.0,
BT-v3,bt,0.0,3,,-1,-1,BT-v2,10047,0,0.0,0,0,1,gun_kill,108.59999999999597,0.0,100.0,0.0,108.59999999999597,0.0,0.0,0.0,3951.2847516203765
BT-v3,bt,0.0,3,,-1,-1,BT-v2,10047,1,0.0,0,0,1,gun_kill,95.24999999999673,0.0,100.0,0.0,95.24999999999673,0.0,0.0,0.0,
BT-v3,bt,0.0,3,,-1,-1,BT-v2,10048,0,0.0,0,0,1,gun_kill,98.39999999999655,0.0,100.0,0.0,98.39999999999655,0.0,0.0,0.0,4458.943817931065
BT-v3,bt,0.0,3,,-1,-1,BT-v2,10048,1,1.0,1,0,0,timeout,120.19999999999531,92.5,0.0,3.699999999999995,120.19999999999531,0.0,0.0,0.0,
BT-v3,bt,0.0,3,,-1,-1,BT-v2,10049,0,0.0,0,0,1,gun_kill,117.59999999999546,0.0,100.0,0.0,117.59999999999546,0.0,0.0,0.0,4751.1308541193575
BT-v3,bt,0.0,3,,-1,-1,BT-v2,10049,1,0.5,0,1,0,timeout,120.19999999999531,0.0,0.0,0.0,120.19999999999531,0.0,0.0,0.0,
BT-v3,bt,0.0,3,,-1,-1,BT-v2,10050,0,0.0,0,0,1,gun_kill,116.54999999999552,0.0,100.0,0.0,116.54999999999552,0.0,0.0,0.006013745704467354,4133.743797032172
BT-v3,bt,0.0,3,,-1,-1,BT-v2,10050,1,0.0,0,0,1,gun_kill,114.24999999999565,0.0,100.0,0.0,114.24999999999565,0.0,0.0,0.00394045534150613,
BT-v3,bt,0.0,3,,-1,-1,BT-v2,10051,0,0.0,0,0,1,gun_kill,103.79999999999625,0.0,100.0,0.0,103.79999999999625,0.0,0.0,0.002413127413127413,4462.452213478206
BT-v3,bt,0.0,3,,-1,-1,BT-v2,10051,1,0.0,0,0,1,timeout,120.19999999999531,0.0,45.0,0.0,120.19999999999531,0.0,0.0,0.0037437603993344427,
BT-v3,bt,0.0,3,,-1,-1,BT-v2,10052,0,0.5,0,1,0,collision,6.499999999999985,0.0,0.0,0.0,6.499999999999985,0.0,0.0,0.046875,6189.503680294348
BT-v3,bt,0.0,3,,-1,-1,BT-v2,10052,1,0.0,0,0,1,gun_kill,112.54999999999575,0.0,100.0,0.0,112.54999999999575,0.0,0.0,0.006227758007117438,
BT-v3,bt,0.0,3,,-1,-1,BT-v2,10053,0,1.0,1,0,0,timeout,120.19999999999531,10.0,0.0,0.39999999999999997,120.19999999999531,0.0,0.0,0.0016638935108153079,5082.205679791175
BT-v3,bt,0.0,3,,-1,-1,BT-v2,10053,1,0.0,0,0,1,timeout,120.19999999999531,0.0,46.25,0.0,120.19999999999531,0.0,0.0,0.0,
BT-v3,bt,0.0,3,,-1,-1,BT-v2,10054,0,0.0,0,0,1,gun_kill,94.49999999999677,2.5,100.0,0.1,94.49999999999677,0.0,0.0,0.0,3904.064058846123
BT-v3,bt,0.0,3,,-1,-1,BT-v2,10054,1,0.0,0,0,1,gun_kill,103.49999999999626,0.0,100.0,0.0,103.49999999999626,0.0,0.0,0.0,
BT-v3,bt,0.0,3,,-1,-1,BT-v2,10055,0,0.0,0,0,1,gun_kill,89.89999999999704,5.0,100.0,0.2,89.89999999999704,0.0,0.0,0.0,4017.414306483571
BT-v3,bt,0.0,3,,-1,-1,BT-v2,10055,1,0.0,0,0,1,gun_kill,75.74999999999784,0.0,100.0,0.0,75.74999999999784,0.0,0.0,0.012566137566137565,
BT-v3,bt,0.0,3,,-1,-1,BT-v2,10056,0,0.0,0,0,1,gun_kill,104.34999999999621,0.0,100.0,0.0,104.34999999999621,0.0,0.0,0.0,4261.3749926747
BT-v3,bt,0.0,3,,-1,-1,BT-v2,10056,1,0.0,0,0,1,gun_kill,94.39999999999678,0.0,100.0,0.0,94.39999999999678,0.0,0.0,0.004777070063694267,
BT-v3,bt,0.0,3,,-1,-1,BT-v2,10057,0,0.0,0,0,1,gun_kill,109.29999999999593,3.75,100.0,0.15000000000000002,109.29999999999593,0.0,0.0,0.0,4089.9152624332405
BT-v3,bt,0.0,3,,-1,-1,BT-v2,10057,1,0.0,0,0,1,gun_kill,93.89999999999681,0.0,100.0,0.0,93.89999999999681,0.0,0.0,0.0,
BT-v3,bt,0.0,3,,-1,-1,BT-v2,10058,0,0.0,0,0,1,gun_kill,95.59999999999671,13.75,100.0,0.5499999999999999,95.59999999999671,0.0,0.0,0.007861635220125786,3791.2444735918953
BT-v3,bt,0.0,3,,-1,-1,BT-v2,10058,1,0.0,0,0,1,gun_kill,93.34999999999684,0.0,100.0,0.0,93.34999999999684,0.0,0.0,0.0,
BT-v3,bt,0.0,3,,-1,-1,BT-v2,10059,0,0.0,0,0,1,timeout,120.19999999999531,0.0,58.75,0.0,120.19999999999531,0.0,0.0,0.0,4715.538062204452
BT-v3,bt,0.0,3,,-1,-1,BT-v2,10059,1,0.0,0,0,1,gun_kill,113.3499999999957,0.0,100.0,0.0,113.3499999999957,0.0,0.0,0.0,
BT-v3,bt,0.0,3,,-1,-1,BT-v2,10060,0,0.5,0,1,0,collision,5.899999999999987,0.0,0.0,0.0,5.899999999999987,0.0,0.0,0.05172413793103448,7325.2036244674255
BT-v3,bt,0.0,3,,-1,-1,BT-v2,10060,1,0.0,0,0,1,timeout,120.19999999999531,0.0,63.75,0.0,120.19999999999531,0.0,0.0,0.0066555740432612314,
BT-v3,bt,0.0,3,,-1,-1,BT-v2,10061,0,0.5,0,1,0,collision,11.150000000000023,0.0,0.0,0.0,11.150000000000023,0.0,0.0,0.03636363636363636,6183.874551258387
BT-v3,bt,0.0,3,,-1,-1,BT-v2,10061,1,0.0,0,0,1,timeout,120.19999999999531,11.25,97.5,0.44999999999999996,120.19999999999531,0.0,0.0,0.004991680532445923,
BT-v3,bt,0.0,3,,-1,-1,BT-v2,10062,0,0.0,0,0,1,gun_kill,114.99999999999561,0.0,100.0,0.0,114.99999999999561,0.0,0.0,0.0,4822.088617879857
BT-v3,bt,0.0,3,,-1,-1,BT-v2,10062,1,0.0,0,0,1,timeout,120.19999999999531,7.5,81.25,0.3,120.19999999999531,0.0,0.0,0.0,
BT-v3,bt,0.0,3,,-1,-1,BT-v2,10063,0,0.0,0,0,1,gun_kill,88.34999999999712,0.0,100.0,0.0,88.34999999999712,0.0,0.0,0.0,3992.4587179405585
BT-v3,bt,0.0,3,,-1,-1,BT-v2,10063,1,0.0,0,0,1,gun_kill,111.5999999999958,8.75,100.0,0.35,111.5999999999958,0.0,0.0,0.004488330341113106,
BT-v3,bt,0.0,3,,-1,-1,BT-v2,10064,0,0.0,0,0,1,timeout,120.19999999999531,0.0,26.25,0.0,120.19999999999531,0.0,0.0,0.0,5142.567926228665
BT-v3,bt,0.0,3,,-1,-1,BT-v2,10064,1,1.0,1,0,0,timeout,120.19999999999531,77.5,0.0,3.099999999999997,120.19999999999531,0.0,0.0,0.0,
BT-v3,bt,0.0,3,,-1,-1,BT-v2,10065,0,0.0,0,0,1,gun_kill,100.49999999999643,0.0,100.0,0.0,100.49999999999643,0.0,0.0,0.00796812749003984,4087.0274925729404
BT-v3,bt,0.0,3,,-1,-1,BT-v2,10065,1,0.0,0,0,1,gun_kill,99.64999999999648,0.0,100.0,0.0,99.64999999999648,0.0,0.0,0.0,
BT-v3,bt,0.0,3,,-1,-1,BT-v2,10066,0,0.0,0,0,1,gun_kill,88.7499999999971,0.0,100.0,0.0,88.7499999999971,0.0,0.0,0.005079006772009029,4436.12610206789
BT-v3,bt,0.0,3,,-1,-1,BT-v2,10066,1,0.0,0,0,1,gun_kill,109.09999999999594,5.0,100.0,0.2,109.09999999999594,0.0,0.0,0.016055045871559634,
BT-v3,bt,0.0,3,,-1,-1,BT-v2,10067,0,0.0,0,0,1,timeout,120.19999999999531,0.0,8.75,0.0,120.19999999999531,0.0,0.0,0.0,5058.980721605765
BT-v3,bt,0.0,3,,-1,-1,BT-v2,10067,1,1.0,1,0,0,timeout,120.19999999999531,12.5,0.0,0.49999999999999994,120.19999999999531,0.0,0.0,0.0,
BT-v3,bt,0.0,3,,-1,-1,BT-v2,10068,0,0.5,0,1,0,collision,19.700000000000145,0.0,0.0,0.0,19.700000000000145,0.0,0.0,0.02295918367346939,5905.052669682489
BT-v3,bt,0.0,3,,-1,-1,BT-v2,10068,1,0.0,0,0,1,timeout,120.19999999999531,0.0,5.0,0.0,120.19999999999531,0.0,0.0,0.0,
BT-v3,bt,0.0,3,,-1,-1,BT-v2,10069,0,0.5,0,1,0,collision,10.95000000000002,0.0,0.0,0.0,10.95000000000002,0.0,0.0,0.037037037037037035,5866.375743773876
BT-v3,bt,0.0,3,,-1,-1,BT-v2,10069,1,0.0,0,0,1,timeout,120.19999999999531,0.0,88.75,0.0,120.19999999999531,0.0,0.0,0.0,
BT-v3,bt,0.0,3,,-1,-1,BT-v2,10070,0,0.5,0,1,0,collision,13.250000000000053,7.5,0.0,0.3,13.250000000000053,0.0,0.0,0.08333333333333333,7134.338079951698
BT-v3,bt,0.0,3,,-1,-1,BT-v2,10070,1,0.0,0,0,1,timeout,120.19999999999531,0.0,25.0,0.0,120.19999999999531,0.0,0.0,0.0,
BT-v3,bt,0.0,3,,-1,-1,BT-v2,10071,0,0.0,0,0,1,gun_kill,110.49999999999586,0.0,100.0,0.0,110.49999999999586,0.0,0.0,0.0,4510.222441357826
BT-v3,bt,0.0,3,,-1,-1,BT-v2,10071,1,0.0,0,0,1,gun_kill,114.74999999999562,0.0,100.0,0.0,114.74999999999562,0.0,0.0,0.0,
BT-v3,bt,0.0,3,,-1,-1,BT-v2,10072,0,0.0,0,0,1,gun_kill,95.09999999999674,0.0,100.0,0.0,95.09999999999674,0.0,0.0,0.0,4593.728450415077
BT-v3,bt,0.0,3,,-1,-1,BT-v2,10072,1,0.0,0,0,1,gun_kill,112.59999999999575,26.25,100.0,1.0500000000000003,112.59999999999575,0.0,0.0,0.0066725978647686835,
BT-v3,bt,0.0,3,,-1,-1,BT-v2,10073,0,0.0,0,0,1,gun_kill,118.49999999999541,0.0,100.0,0.0,118.49999999999541,0.0,0.0,0.0029560810810810812,4389.830134291205
BT-v3,bt,0.0,3,,-1,-1,BT-v2,10073,1,1.0,1,0,0,timeout,120.19999999999531,8.75,0.0,0.35,120.19999999999531,0.0,0.0,0.0,
BT-v3,bt,0.0,3,,-1,-1,BT-v2,10074,0,0.5,0,1,0,timeout,120.19999999999531,0.0,0.0,0.0,120.19999999999531,0.0,0.0,0.0,5511.0672398993465
BT-v3,bt,0.0,3,,-1,-1,BT-v2,10074,1,0.5,0,1,0,timeout,120.19999999999531,0.0,0.0,0.0,120.19999999999531,0.0,0.0,0.0,
BT-v3,bt,0.0,3,,-1,-1,BT-v2,10075,0,0.0,0,0,1,timeout,120.19999999999531,0.0,46.25,0.0,120.19999999999531,0.0,0.0,0.0,4696.61468837625
BT-v3,bt,0.0,3,,-1,-1,BT-v2,10075,1,0.0,0,0,1,gun_kill,114.24999999999565,0.0,100.0,0.0,114.24999999999565,0.0,0.0,0.0148861646234676,
BT-v3,bt,0.0,3,,-1,-1,BT-v2,10076,0,0.5,0,1,0,collision,7.649999999999981,0.0,0.0,0.0,7.649999999999981,0.0,0.0,0.046052631578947366,6398.297806735385
BT-v3,bt,0.0,3,,-1,-1,BT-v2,10076,1,0.0,0,0,1,gun_kill,115.74999999999557,0.0,100.0,0.0,115.74999999999557,0.0,0.0,0.0,
BT-v3,bt,0.0,3,,-1,-1,BT-v2,10077,0,0.0,0,0,1,gun_kill,103.99999999999623,0.0,100.0,0.0,103.99999999999623,0.0,0.0,0.0,4115.839010557619
BT-v3,bt,0.0,3,,-1,-1,BT-v2,10077,1,0.0,0,0,1,gun_kill,87.94999999999715,0.0,100.0,0.0,87.94999999999715,0.0,0.0,0.00683371298405467,
BT-v3,bt,0.0,3,,-1,-1,BT-v2,10078,0,0.0,0,0,1,gun_kill,112.69999999999574,0.0,100.0,0.0,112.69999999999574,0.0,0.0,0.0,4698.560246379569
BT-v3,bt,0.0,3,,-1,-1,BT-v2,10078,1,0.5,0,1,0,timeout,120.19999999999531,0.0,0.0,0.0,120.19999999999531,0.0,0.0,0.0,
BT-v3,bt,0.0,3,,-1,-1,BT-v2,10079,0,0.0,0,0,1,gun_kill,112.24999999999577,8.75,100.0,0.35,112.24999999999577,0.0,0.0,0.005793226381461676,4324.653264806037
BT-v3,bt,0.0,3,,-1,-1,BT-v2,10079,1,0.0,0,0,1,gun_kill,93.29999999999684,0.0,100.0,0.0,93.29999999999684,0.0,0.0,0.004828326180257511,
BT-v3,bt,0.0,3,,-1,-1,BT-v2,10080,0,0.0,0,0,1,gun_kill,91.09999999999697,0.0,100.0,0.0,91.09999999999697,0.0,0.0,0.012637362637362638,4164.2270398872215
BT-v3,bt,0.0,3,,-1,-1,BT-v2,10080,1,0.0,0,0,1,gun_kill,113.59999999999569,0.0,100.0,0.0,113.59999999999569,0.0,0.0,0.0,
BT-v3,bt,0.0,3,,-1,-1,BT-v2,10081,0,0.5,0,1,0,timeout,120.19999999999531,0.0,0.0,0.0,120.19999999999531,0.0,0.0,0.0012479201331114808,5071.834027305353
BT-v3,bt,0.0,3,,-1,-1,BT-v2,10081,1,0.5,0,1,0,collision,20.80000000000016,0.0,0.0,0.0,20.80000000000016,0.0,0.0,0.021844660194174758,
BT-v3,bt,0.0,3,,-1,-1,BT-v2,10082,0,0.5,0,1,0,collision,11.150000000000023,0.0,8.75,0.0,11.150000000000023,0.0,0.0,0.03636363636363636,6127.473975679597
BT-v3,bt,0.0,3,,-1,-1,BT-v2,10082,1,0.0,0,0,1,gun_kill,113.04999999999572,0.0,100.0,0.0,113.04999999999572,0.0,0.0,0.0,
BT-v3,bt,0.0,3,,-1,-1,BT-v2,10083,0,0.0,0,0,1,gun_kill,110.64999999999586,0.0,100.0,0.0,110.64999999999586,0.0,0.0,0.0,4842.458140467441
BT-v3,bt,0.0,3,,-1,-1,BT-v2,10083,1,0.0,0,0,1,gun_kill,110.24999999999588,0.0,100.0,0.0,110.24999999999588,0.0,0.0,0.0054446460980036296,
BT-v3,bt,0.0,3,,-1,-1,BT-v2,10084,0,0.5,0,1,0,collision,4.99999999999999,0.0,0.0,0.0,4.99999999999999,0.0,0.0,0.07291666666666667,6505.220360009126
BT-v3,bt,0.0,3,,-1,-1,BT-v2,10084,1,0.0,0,0,1,gun_kill,107.29999999999605,0.0,100.0,0.0,107.29999999999605,0.0,0.0,0.010261194029850746,
BT-v3,bt,0.0,3,,-1,-1,BT-v2,10085,0,0.0,0,0,1,gun_kill,113.4499999999957,13.75,100.0,0.5499999999999999,113.4499999999957,0.0,0.0,0.0,4461.506406947684
BT-v3,bt,0.0,3,,-1,-1,BT-v2,10085,1,0.0,0,0,1,gun_kill,97.39999999999661,0.0,100.0,0.0,97.39999999999661,0.0,0.0,0.007716049382716049,
BT-v3,bt,0.0,3,,-1,-1,BT-v2,10086,0,0.0,0,0,1,timeout,120.19999999999531,0.0,90.0,0.0,120.19999999999531,0.0,0.0,0.0,4651.881192043426
BT-v3,bt,0.0,3,,-1,-1,BT-v2,10086,1,0.0,0,0,1,timeout,120.19999999999531,0.0,92.5,0.0,120.19999999999531,0.0,0.0,0.0,
BT-v3,bt,0.0,3,,-1,-1,BT-v2,10087,0,0.0,0,0,1,gun_kill,104.34999999999621,0.0,100.0,0.0,104.34999999999621,0.0,0.0,0.0,4433.996634847563
BT-v3,bt,0.0,3,,-1,-1,BT-v2,10087,1,0.0,0,0,1,gun_kill,104.34999999999621,0.0,100.0,0.0,104.34999999999621,0.0,0.0,0.0,
BT-v3,bt,0.0,3,,-1,-1,BT-v2,10088,0,0.0,0,0,1,timeout,120.19999999999531,0.0,76.25,0.0,120.19999999999531,0.0,0.0,0.004991680532445923,4550.305011784017
BT-v3,bt,0.0,3,,-1,-1,BT-v2,10088,1,0.0,0,0,1,gun_kill,113.84999999999567,0.0,100.0,0.0,113.84999999999567,0.0,0.0,0.0,
BT-v3,bt,0.0,3,,-1,-1,BT-v2,10089,0,0.5,0,1,0,timeout,120.19999999999531,0.0,0.0,0.0,120.19999999999531,0.0,0.0,0.0,5689.383893027177
BT-v3,bt,0.0,3,,-1,-1,BT-v2,10089,1,0.0,0,0,1,gun_kill,26.250000000000238,0.0,100.0,0.0,26.250000000000238,0.0,0.0,0.0,
BT-v3,bt,0.0,3,,-1,-1,BT-v2,10090,0,0.0,0,0,1,gun_kill,88.29999999999713,0.0,100.0,0.0,88.29999999999713,0.0,0.0,0.0,3720.5919911040737
BT-v3,bt,0.0,3,,-1,-1,BT-v2,10090,1,0.0,0,0,1,gun_kill,92.99999999999686,0.0,100.0,0.0,92.99999999999686,0.0,0.0,0.024245689655172414,
BT-v3,bt,0.0,3,,-1,-1,BT-v2,10091,0,0.0,0,0,1,gun_kill,102.8999999999963,2.5,100.0,0.1,102.8999999999963,0.0,0.0,0.017023346303501944,4127.7285258215725
BT-v3,bt,0.0,3,,-1,-1,BT-v2,10091,1,0.0,0,0,1,gun_kill,105.29999999999616,0.0,100.0,0.0,105.29999999999616,0.0,0.0,0.0,
BT-v3,bt,0.0,3,,-1,-1,BT-v2,10092,0,0.0,0,0,1,timeout,120.19999999999531,0.0,61.25,0.0,120.19999999999531,0.0,0.0,0.0,4797.11351961917
BT-v3,bt,0.0,3,,-1,-1,BT-v2,10092,1,0.0,0,0,1,timeout,120.19999999999531,6.25,12.5,0.25,120.19999999999531,0.0,0.0,0.0,
BT-v3,bt,0.0,3,,-1,-1,BT-v2,10093,0,1.0,1,0,0,timeout,120.19999999999531,58.75,0.0,2.3499999999999996,120.19999999999531,0.0,0.0,0.0,5105.138459074877
BT-v3,bt,0.0,3,,-1,-1,BT-v2,10093,1,0.0,0,0,1,timeout,120.19999999999531,0.0,71.25,0.0,120.19999999999531,0.0,0.0,0.0,
BT-v3,bt,0.0,3,,-1,-1,BT-v2,10094,0,0.0,0,0,1,gun_kill,77.04999999999777,0.0,100.0,0.0,77.04999999999777,0.0,0.0,0.0,4157.391673129852
BT-v3,bt,0.0,3,,-1,-1,BT-v2,10094,1,0.0,0,0,1,gun_kill,87.89999999999715,0.0,100.0,0.0,87.89999999999715,0.0,0.0,0.0,
BT-v3,bt,0.0,3,,-1,-1,BT-v2,10095,0,0.0,0,0,1,gun_kill,115.2499999999956,0.0,100.0,0.0,115.2499999999956,0.0,0.0,0.0,4526.205836719547
BT-v3,bt,0.0,3,,-1,-1,BT-v2,10095,1,0.5,0,1,0,timeout,120.19999999999531,0.0,0.0,0.0,120.19999999999531,0.0,0.0,0.0,
BT-v3,bt,0.0,3,,-1,-1,BT-v2,10096,0,0.0,0,0,1,gun_kill,115.49999999999558,0.0,100.0,0.0,115.49999999999558,0.0,0.0,0.0,4170.0364771309605
BT-v3,bt,0.0,3,,-1,-1,BT-v2,10096,1,0.0,0,0,1,gun_kill,117.99999999999544,0.0,100.0,0.0,117.99999999999544,0.0,0.0,0.0,
BT-v3,bt,0.0,3,,-1,-1,BT-v2,10097,0,0.0,0,0,1,timeout,120.19999999999531,0.0,83.75,0.0,120.19999999999531,0.0,0.0,0.005407653910149751,4614.950961575562
BT-v3,bt,0.0,3,,-1,-1,BT-v2,10097,1,0.0,0,0,1,gun_kill,113.19999999999571,0.0,100.0,0.0,113.19999999999571,0.0,0.0,0.0,
BT-v3,bt,0.0,3,,-1,-1,BT-v2,10098,0,0.0,0,0,1,gun_kill,104.04999999999623,0.0,100.0,0.0,104.04999999999623,0.0,0.0,0.0,4007.875247578265
BT-v3,bt,0.0,3,,-1,-1,BT-v2,10098,1,0.0,0,0,1,gun_kill,101.79999999999636,0.0,100.0,0.0,101.79999999999636,0.0,0.0,0.003937007874015748,
BT-v3,bt,0.0,3,,-1,-1,BT-v2,10099,0,0.5,0,1,0,collision,8.899999999999991,1.25,0.0,0.05,8.899999999999991,0.0,0.0,0.05113636363636364,4775.130635205461
BT-v3,bt,0.0,3,,-1,-1,BT-v2,10099,1,0.0,0,0,1,gun_kill,94.39999999999678,0.0,100.0,0.0,94.39999999999678,0.0,0.0,0.0,
BT-v3,bt,0.0,3,,-1,-1,BT-v3,10000,0,0.5,0,1,0,timeout,120.19999999999531,0.0,0.0,0.0,120.19999999999531,0.0,0.0,0.0,4313.590503508819
BT-v3,bt,0.0,3,,-1,-1,BT-v3,10000,1,0.5,0,1,0,timeout,120.19999999999531,0.0,0.0,0.0,120.19999999999531,0.0,0.0,0.0,
BT-v3,bt,0.0,3,,-1,-1,BT-v3,10001,0,0.5,0,1,0,timeout,120.19999999999531,0.0,0.0,0.0,120.19999999999531,0.0,0.0,0.0,5150.856957488739
BT-v3,bt,0.0,3,,-1,-1,BT-v3,10001,1,0.5,0,1,0,timeout,120.19999999999531,0.0,0.0,0.0,120.19999999999531,0.0,0.0,0.0,
BT-v3,bt,0.0,3,,-1,-1,BT-v3,10002,0,0.0,0,0,1,timeout,120.19999999999531,8.75,11.25,0.35,120.19999999999531,0.0,0.0,0.0,4109.419059580492
BT-v3,bt,0.0,3,,-1,-1,BT-v3,10002,1,1.0,1,0,0,timeout,120.19999999999531,11.25,8.75,0.44999999999999996,120.19999999999531,0.0,0.0,0.0,
BT-v3,bt,0.0,3,,-1,-1,BT-v3,10003,0,0.0,0,0,1,timeout,120.19999999999531,0.0,18.75,0.0,120.19999999999531,0.0,0.0,0.0,5373.764697192677
BT-v3,bt,0.0,3,,-1,-1,BT-v3,10003,1,1.0,1,0,0,timeout,120.19999999999531,18.75,0.0,0.7500000000000001,120.19999999999531,0.0,0.0,0.0,
BT-v3,bt,0.0,3,,-1,-1,BT-v3,10004,0,0.0,0,0,1,timeout,120.19999999999531,0.0,87.5,0.0,120.19999999999531,0.0,0.0,0.0,4520.971953076091
BT-v3,bt,0.0,3,,-1,-1,BT-v3,10004,1,1.0,1,0,0,timeout,120.19999999999531,87.5,0.0,3.4999999999999956,120.19999999999531,0.0,0.0,0.0,
BT-v3,bt,0.0,3,,-1,-1,BT-v3,10005,0,0.0,0,0,1,timeout,120.19999999999531,0.0,5.0,0.0,120.19999999999531,0.0,0.0,0.0,9553.261024854832
BT-v3,bt,0.0,3,,-1,-1,BT-v3,10005,1,1.0,1,0,0,timeout,120.19999999999531,5.0,0.0,0.2,120.19999999999531,0.0,0.0,0.0,
BT-v3,bt,0.0,3,,-1,-1,BT-v3,10006,0,0.0,0,0,1,timeout,120.19999999999531,0.0,58.75,0.0,120.19999999999531,0.0,0.0,0.011231281198003328,4192.130761212395
BT-v3,bt,0.0,3,,-1,-1,BT-v3,10006,1,1.0,1,0,0,timeout,120.19999999999531,58.75,0.0,2.3499999999999996,120.19999999999531,0.0,0.0,0.011231281198003328,
BT-v3,bt,0.0,3,,-1,-1,BT-v3,10007,0,1.0,1,0,0,timeout,120.19999999999531,32.5,22.5,1.3000000000000005,120.19999999999531,0.0,0.0,0.007903494176372712,3974.8295881939957
BT-v3,bt,0.0,3,,-1,-1,BT-v3,10007,1,0.0,0,0,1,timeout,120.19999999999531,22.5,32.5,0.9000000000000002,120.19999999999531,0.0,0.0,0.007903494176372712,
BT-v3,bt,0.0,3,,-1,-1,BT-v3,10008,0,0.0,0,0,1,timeout,120.19999999999531,0.0,11.25,0.0,120.19999999999531,0.0,0.0,0.0,4312.015497949901
BT-v3,bt,0.0,3,,-1,-1,BT-v3,10008,1,1.0,1,0,0,timeout,120.19999999999531,11.25,0.0,0.44999999999999996,120.19999999999531,0.0,0.0,0.0,
BT-v3,bt,0.0,3,,-1,-1,BT-v3,10009,0,0.0,0,0,1,timeout,120.19999999999531,0.0,23.75,0.0,120.19999999999531,0.0,0.0,0.0,5112.319569031804
BT-v3,bt,0.0,3,,-1,-1,BT-v3,10009,1,1.0,1,0,0,timeout,120.19999999999531,23.75,0.0,0.9500000000000003,120.19999999999531,0.0,0.0,0.0,
BT-v3,bt,0.0,3,,-1,-1,BT-v3,10010,0,1.0,1,0,0,timeout,120.19999999999531,23.75,0.0,0.9500000000000003,120.19999999999531,0.0,0.0,0.0,3735.167286596194
BT-v3,bt,0.0,3,,-1,-1,BT-v3,10010,1,0.0,0,0,1,timeout,120.19999999999531,0.0,23.75,0.0,120.19999999999531,0.0,0.0,0.0,
BT-v3,bt,0.0,3,,-1,-1,BT-v3,10011,0,0.5,0,1,0,timeout,120.19999999999531,0.0,0.0,0.0,120.19999999999531,0.0,0.0,0.010815307820299502,4538.083429697409
BT-v3,bt,0.0,3,,-1,-1,BT-v3,10011,1,0.5,0,1,0,timeout,120.19999999999531,0.0,0.0,0.0,120.19999999999531,0.0,0.0,0.010815307820299502,
BT-v3,bt,0.0,3,,-1,-1,BT-v3,10012,0,0.0,0,0,1,timeout,120.19999999999531,0.0,13.75,0.0,120.19999999999531,0.0,0.0,0.0,3996.90326968405
BT-v3,bt,0.0,3,,-1,-1,BT-v3,10012,1,1.0,1,0,0,timeout,120.19999999999531,13.75,0.0,0.5499999999999999,120.19999999999531,0.0,0.0,0.0,
BT-v3,bt,0.0,3,,-1,-1,BT-v3,10013,0,1.0,1,0,0,timeout,120.19999999999531,65.0,21.25,2.5999999999999988,120.19999999999531,0.0,0.0,0.014975041597337771,4175.134020110624
BT-v3,bt,0.0,3,,-1,-1,BT-v3,10013,1,0.0,0,0,1,timeout,120.19999999999531,21.25,65.0,0.8500000000000002,120.19999999999531,0.0,0.0,0.014975041597337771,
BT-v3,bt,0.0,3,,-1,-1,BT-v3,10014,0,1.0,1,0,0,timeout,120.19999999999531,32.5,0.0,1.3000000000000005,120.19999999999531,0.0,0.0,0.0016638935108153079,4732.33944186684
BT-v3,bt,0.0,3,,-1,-1,BT-v3,10014,1,0.0,0,0,1,timeout,120.19999999999531,0.0,32.5,0.0,120.19999999999531,0.0,0.0,0.0016638935108153079,
BT-v3,bt,0.0,3,,-1,-1,BT-v3,10015,0,0.5,0,1,0,timeout,120.19999999999531,0.0,0.0,0.0,120.19999999999531,0.0,0.0,0.0,4162.9283959392715
BT-v3,bt,0.0,3,,-1,-1,BT-v3,10015,1,0.5,0,1,0,timeout,120.19999999999531,0.0,0.0,0.0,120.19999999999531,0.0,0.0,0.0,
BT-v3,bt,0.0,3,,-1,-1,BT-v3,10016,0,1.0,1,0,0,timeout,120.19999999999531,8.75,0.0,0.35,120.19999999999531,0.0,0.0,0.00041597337770382697,3991.0463790515787
BT-v3,bt,0.0,3,,-1,-1,BT-v3,10016,1,0.0,0,0,1,timeout,120.19999999999531,0.0,8.75,0.0,120.19999999999531,0.0,0.0,0.00041597337770382697,
BT-v3,bt,0.0,3,,-1,-1,BT-v3,10017,0,0.0,0,0,1,gun_kill,24.600000000000215,0.0,100.0,0.0,24.600000000000215,0.0,0.0,0.0,5964.5460773066925
BT-v3,bt,0.0,3,,-1,-1,BT-v3,10017,1,1.0,1,0,0,gun_kill,24.600000000000215,100.0,0.0,3.999999999999994,24.600000000000215,0.0,0.0,0.0,
BT-v3,bt,0.0,3,,-1,-1,BT-v3,10018,0,0.0,0,0,1,timeout,120.19999999999531,0.0,10.0,0.0,120.19999999999531,0.0,0.0,0.019966722129783693,3925.617026313349
BT-v3,bt,0.0,3,,-1,-1,BT-v3,10018,1,1.0,1,0,0,timeout,120.19999999999531,10.0,0.0,0.39999999999999997,120.19999999999531,0.0,0.0,0.019966722129783693,
BT-v3,bt,0.0,3,,-1,-1,BT-v3,10019,0,0.5,0,1,0,timeout,120.19999999999531,0.0,0.0,0.0,120.19999999999531,0.0,0.0,0.0,4374.609549069316
BT-v3,bt,0.0,3,,-1,-1,BT-v3,10019,1,0.5,0,1,0,timeout,120.19999999999531,0.0,0.0,0.0,120.19999999999531,0.0,0.0,0.0,
BT-v3,bt,0.0,3,,-1,-1,BT-v3,10020,0,0.5,0,1,0,collision,4.149999999999993,1.25,0.0,0.05,4.149999999999993,0.0,0.0,0.075,7151.915869664124
BT-v3,bt,0.0,3,,-1,-1,BT-v3,10020,1,0.5,0,1,0,collision,4.149999999999993,0.0,1.25,0.0,4.149999999999993,0.0,0.0,0.075,
BT-v3,bt,0.0,3,,-1,-1,BT-v3,10021,0,0.0,0,0,1,timeout,120.19999999999531,0.0,35.0,0.0,120.19999999999531,0.0,0.0,0.01747088186356073,4106.629020246599
BT-v3,bt,0.0,3,,-1,-1,BT-v3,10021,1,1.0,1,0,0,timeout,120.19999999999531,35.0,0.0,1.4000000000000006,120.19999999999531,0.0,0.0,0.01747088186356073,
BT-v3,bt,0.0,3,,-1,-1,BT-v3,10022,0,0.0,0,0,1,timeout,120.19999999999531,0.0,42.5,0.0,120.19999999999531,0.0,0.0,0.025790349417637273,5129.200091091807
BT-v3,bt,0.0,3,,-1,-1,BT-v3,10022,1,1.0,1,0,0,timeout,120.19999999999531,42.5,0.0,1.7000000000000008,120.19999999999531,0.0,0.0,0.025790349417637273,
BT-v3,bt,0.0,3,,-1,-1,BT-v3,10023,0,0.5,0,1,0,timeout,120.19999999999531,0.0,0.0,0.0,120.19999999999531,0.0,0.0,0.0,4795.040962976767
BT-v3,bt,0.0,3,,-1,-1,BT-v3,10023,1,0.5,0,1,0,timeout,120.19999999999531,0.0,0.0,0.0,120.19999999999531,0.0,0.0,0.0,
BT-v3,bt,0.0,3,,-1,-1,BT-v3,10024,0,1.0,1,0,0,gun_kill,113.54999999999569,100.0,0.0,3.999999999999994,113.54999999999569,0.0,0.0,0.007054673721340388,4120.812959755959
BT-v3,bt,0.0,3,,-1,-1,BT-v3,10024,1,0.0,0,0,1,gun_kill,113.54999999999569,0.0,100.0,0.0,113.54999999999569,0.0,0.0,0.007054673721340388,
BT-v3,bt,0.0,3,,-1,-1,BT-v3,10025,0,0.0,0,0,1,timeout,120.19999999999531,0.0,11.25,0.0,120.19999999999531,0.0,0.0,0.0,5953.221707808632
BT-v3,bt,0.0,3,,-1,-1,BT-v3,10025,1,1.0,1,0,0,timeout,120.19999999999531,11.25,0.0,0.44999999999999996,120.19999999999531,0.0,0.0,0.0,
BT-v3,bt,0.0,3,,-1,-1,BT-v3,10026,0,1.0,1,0,0,timeout,120.19999999999531,15.0,0.0,0.6,120.19999999999531,0.0,0.0,0.0,4365.00063052523
BT-v3,bt,0.0,3,,-1,-1,BT-v3,10026,1,0.0,0,0,1,timeout,120.19999999999531,0.0,15.0,0.0,120.19999999999531,0.0,0.0,0.0,
BT-v3,bt,0.0,3,,-1,-1,BT-v3,10027,0,1.0,1,0,0,timeout,120.19999999999531,15.0,0.0,0.6,120.19999999999531,0.0,0.0,0.0,9354.656569018021
BT-v3,bt,0.0,3,,-1,-1,BT-v3,10027,1,0.0,0,0,1,timeout,120.19999999999531,0.0,15.0,0.0,120.19999999999531,0.0,0.0,0.0,
BT-v3,bt,0.0,3,,-1,-1,BT-v3,10028,0,0.0,0,0,1,timeout,120.19999999999531,5.0,61.25,0.2,120.19999999999531,0.0,0.0,0.006239600665557404,4290.848856782507
BT-v3,bt,0.0,3,,-1,-1,BT-v3,10028,1,1.0,1,0,0,timeout,120.19999999999531,61.25,5.0,2.4499999999999993,120.19999999999531,0.0,0.0,0.006239600665557404,
BT-v3,bt,0.0,3,,-1,-1,BT-v3,10029,0,0.5,0,1,0,timeout,120.19999999999531,0.0,0.0,0.0,120.19999999999531,0.0,0.0,0.0,4476.167681978412
BT-v3,bt,0.0,3,,-1,-1,BT-v3,10029,1,0.5,0,1,0,timeout,120.19999999999531,0.0,0.0,0.0,120.19999999999531,0.0,0.0,0.0,
BT-v3,bt,0.0,3,,-1,-1,BT-v3,10030,0,0.0,0,0,1,timeout,120.19999999999531,0.0,60.0,0.0,120.19999999999531,0.0,0.0,0.018718801996672214,3984.603748296516
BT-v3,bt,0.0,3,,-1,-1,BT-v3,10030,1,1.0,1,0,0,timeout,120.19999999999531,60.0,0.0,2.3999999999999995,120.19999999999531,0.0,0.0,0.018718801996672214,
BT-v3,bt,0.0,3,,-1,-1,BT-v3,10031,0,0.0,0,0,1,timeout,120.19999999999531,0.0,30.0,0.0,120.19999999999531,0.0,0.0,0.006239600665557404,4054.4204554852513
BT-v3,bt,0.0,3,,-1,-1,BT-v3,10031,1,1.0,1,0,0,timeout,120.19999999999531,30.0,0.0,1.2000000000000004,120.19999999999531,0.0,0.0,0.006239600665557404,
BT-v3,bt,0.0,3,,-1,-1,BT-v3,10032,0,0.5,0,1,0,collision,16.6000000000001,0.0,0.0,0.0,16.6000000000001,0.0,0.0,0.03048780487804878,4880.451908097587
BT-v3,bt,0.0,3,,-1,-1,BT-v3,10032,1,0.5,0,1,0,collision,16.6000000000001,0.0,0.0,0.0,16.6000000000001,0.0,0.0,0.03048780487804878,
BT-v3,bt,0.0,3,,-1,-1,BT-v3,10033,0,1.0,1,0,0,timeout,120.19999999999531,3.75,0.0,0.15000000000000002,120.19999999999531,0.0,0.0,0.024958402662229616,5063.2098905676585
BT-v3,bt,0.0,3,,-1,-1,BT-v3,10033,1,0.0,0,0,1,timeout,120.19999999999531,0.0,3.75,0.0,120.19999999999531,0.0,0.0,0.024958402662229616,
BT-v3,bt,0.0,3,,-1,-1,BT-v3,10034,0,0.0,0,0,1,timeout,120.19999999999531,0.0,21.25,0.0,120.19999999999531,0.0,0.0,0.0,4990.075036510963
BT-v3,bt,0.0,3,,-1,-1,BT-v3,10034,1,1.0,1,0,0,timeout,120.19999999999531,21.25,0.0,0.8500000000000002,120.19999999999531,0.0,0.0,0.0,
BT-v3,bt,0.0,3,,-1,-1,BT-v3,10035,0,0.0,0,0,1,timeout,120.19999999999531,0.0,27.5,0.0,120.19999999999531,0.0,0.0,0.0,3900.8126262451397
BT-v3,bt,0.0,3,,-1,-1,BT-v3,10035,1,1.0,1,0,0,timeout,120.19999999999531,27.5,0.0,1.1000000000000003,120.19999999999531,0.0,0.0,0.0,
BT-v3,bt,0.0,3,,-1,-1,BT-v3,10036,0,0.5,0,1,0,collision,94.0999999999968,22.5,22.5,0.9000000000000002,94.0999999999968,0.0,0.0,0.02446808510638298,4169.082850977133
BT-v3,bt,0.0,3,,-1,-1,BT-v3,10036,1,0.5,0,1,0,collision,94.0999999999968,22.5,22.5,0.9000000000000002,94.0999999999968,0.0,0.0,0.02446808510638298,
BT-v3,bt,0.0,3,,-1,-1,BT-v3,10037,0,1.0,1,0,0,timeout,120.19999999999531,20.0,0.0,0.8000000000000002,120.19999999999531,0.0,0.0,0.0,7535.894094358725
BT-v3,bt,0.0,3,,-1,-1,BT-v3,10037,1,0.0,0,0,1,timeout,120.19999999999531,0.0,20.0,0.0,120.19999999999531,0.0,0.0,0.0,
BT-v3,bt,0.0,3,,-1,-1,BT-v3,10038,0,0.0,0,0,1,timeout,120.19999999999531,0.0,6.25,0.0,120.19999999999531,0.0,0.0,0.0,5212.859182943702
BT-v3,bt,0.0,3,,-1,-1,BT-v3,10038,1,1.0,1,0,0,timeout,120.19999999999531,6.25,0.0,0.25,120.19999999999531,0.0,0.0,0.0,
BT-v3,bt,0.0,3,,-1,-1,BT-v3,10039,0,1.0,1,0,0,timeout,120.19999999999531,18.75,0.0,0.7500000000000001,120.19999999999531,0.0,0.0,0.0,3506.129553254532
BT-v3,bt,0.0,3,,-1,-1,BT-v3,10039,1,0.0,0,0,1,timeout,120.19999999999531,0.0,18.75,0.0,120.19999999999531,0.0,0.0,0.0,
BT-v3,bt,0.0,3,,-1,-1,BT-v3,10040,0,0.0,0,0,1,timeout,120.19999999999531,0.0,20.0,0.0,120.19999999999531,0.0,0.0,0.0,4545.753169403148
BT-v3,bt,0.0,3,,-1,-1,BT-v3,10040,1,1.0,1,0,0,timeout,120.19999999999531,20.0,0.0,0.8000000000000002,120.19999999999531,0.0,0.0,0.0,
BT-v3,bt,0.0,3,,-1,-1,BT-v3,10041,0,0.5,0,1,0,timeout,120.19999999999531,0.0,0.0,0.0,120.19999999999531,0.0,0.0,0.0020798668885191347,3799.685158719082
BT-v3,bt,0.0,3,,-1,-1,BT-v3,10041,1,0.5,0,1,0,timeout,120.19999999999531,0.0,0.0,0.0,120.19999999999531,0.0,0.0,0.0020798668885191347,
BT-v3,bt,0.0,3,,-1,-1,BT-v3,10042,0,0.5,0,1,0,collision,5.999999999999987,0.0,0.0,0.0,5.999999999999987,0.0,0.0,0.05172413793103448,7097.533809740307
BT-v3,bt,0.0,3,,-1,-1,BT-v3,10042,1,0.5,0,1,0,collision,5.999999999999987,0.0,0.0,0.0,5.999999999999987,0.0,0.0,0.05172413793103448,
BT-v3,bt,0.0,3,,-1,-1,BT-v3,10043,0,0.5,0,1,0,collision,13.800000000000061,0.0,0.0,0.0,13.800000000000061,0.0,0.0,0.03676470588235294,5712.842100019074
BT-v3,bt,0.0,3,,-1,-1,BT-v3,10043,1,0.5,0,1,0,collision,13.800000000000061,0.0,0.0,0.0,13.800000000000061,0.0,0.0,0.03676470588235294,
BT-v3,bt,0.0,3,,-1,-1,BT-v3,10044,0,0.5,0,1,0,timeout,120.19999999999531,0.0,0.0,0.0,120.19999999999531,0.0,0.0,0.0,4722.716481913669
BT-v3,bt,0.0,3,,-1,-1,BT-v3,10044,1,0.5,0,1,0,timeout,120.19999999999531,0.0,0.0,0.0,120.19999999999531,0.0,0.0,0.0,
BT-v3,bt,0.0,3,,-1,-1,BT-v3,10045,0,0.5,0,1,0,timeout,120.19999999999531,0.0,0.0,0.0,120.19999999999531,0.0,0.0,0.004159733777038269,5317.005229254553
BT-v3,bt,0.0,3,,-1,-1,BT-v3,10045,1,0.5,0,1,0,timeout,120.19999999999531,0.0,0.0,0.0,120.19999999999531,0.0,0.0,0.004159733777038269,
BT-v3,bt,0.0,3,,-1,-1,BT-v3,10046,0,0.5,0,1,0,timeout,120.19999999999531,0.0,0.0,0.0,120.19999999999531,0.0,0.0,0.0,10195.092822970608
BT-v3,bt,0.0,3,,-1,-1,BT-v3,10046,1,0.5,0,1,0,timeout,120.19999999999531,0.0,0.0,0.0,120.19999999999531,0.0,0.0,0.0,
BT-v3,bt,0.0,3,,-1,-1,BT-v3,10047,0,0.5,0,1,0,timeout,120.19999999999531,0.0,0.0,0.0,120.19999999999531,0.0,0.0,0.0,3815.8226000597356
BT-v3,bt,0.0,3,,-1,-1,BT-v3,10047,1,0.5,0,1,0,timeout,120.19999999999531,0.0,0.0,0.0,120.19999999999531,0.0,0.0,0.0,
BT-v3,bt,0.0,3,,-1,-1,BT-v3,10048,0,0.0,0,0,1,timeout,120.19999999999531,0.0,91.25,0.0,120.19999999999531,0.0,0.0,0.0,4124.88594335092
BT-v3,bt,0.0,3,,-1,-1,BT-v3,10048,1,1.0,1,0,0,timeout,120.19999999999531,91.25,0.0,3.649999999999995,120.19999999999531,0.0,0.0,0.0,
BT-v3,bt,0.0,3,,-1,-1,BT-v3,10049,0,0.0,0,0,1,timeout,120.19999999999531,27.5,32.5,1.1000000000000003,120.19999999999531,0.0,0.0,0.0,4672.5343137923965
BT-v3,bt,0.0,3,,-1,-1,BT-v3,10049,1,1.0,1,0,0,timeout,120.19999999999531,32.5,27.5,1.3000000000000005,120.19999999999531,0.0,0.0,0.0,
BT-v3,bt,0.0,3,,-1,-1,BT-v3,10050,0,0.0,0,0,1,timeout,120.19999999999531,7.5,22.5,0.3,120.19999999999531,0.0,0.0,0.011647254575707155,4050.510041248526
BT-v3,bt,0.0,3,,-1,-1,BT-v3,10050,1,1.0,1,0,0,timeout,120.19999999999531,22.5,7.5,0.9000000000000002,120.19999999999531,0.0,0.0,0.011647254575707155,
BT-v3,bt,0.0,3,,-1,-1,BT-v3,10051,0,0.0,0,0,1,timeout,120.19999999999531,0.0,13.75,0.0,120.19999999999531,0.0,0.0,0.0,4316.995715117834
BT-v3,bt,0.0,3,,-1,-1,BT-v3,10051,1,1.0,1,0,0,timeout,120.19999999999531,13.75,0.0,0.5499999999999999,120.19999999999531,0.0,0.0,0.0,
BT-v3,bt,0.0,3,,-1,-1,BT-v3,10052,0,1.0,1,0,0,timeout,120.19999999999531,43.75,0.0,1.7500000000000009,120.19999999999531,0.0,0.0,0.026622296173044926,4289.577798070354
BT-v3,bt,0.0,3,,-1,-1,BT-v3,10052,1,0.0,0,0,1,timeout,120.19999999999531,0.0,43.75,0.0,120.19999999999531,0.0,0.0,0.026622296173044926,
BT-v3,bt,0.0,3,,-1,-1,BT-v3,10053,0,1.0,1,0,0,timeout,120.19999999999531,1.25,0.0,0.05,120.19999999999531,0.0,0.0,0.004991680532445923,5058.504094532688
BT-v3,bt,0.0,3,,-1,-1,BT-v3,10053,1,0.0,0,0,1,timeout,120.19999999999531,0.0,1.25,0.0,120.19999999999531,0.0,0.0,0.004991680532445923,
BT-v3,bt,0.0,3,,-1,-1,BT-v3,10054,0,1.0,1,0,0,timeout,120.19999999999531,2.5,0.0,0.1,120.19999999999531,0.0,0.0,0.0,3679.2596754021743
BT-v3,bt,0.0,3,,-1,-1,BT-v3,10054,1,0.0,0,0,1,timeout,120.19999999999531,0.0,2.5,0.0,120.19999999999531,0.0,0.0,0.0,
BT-v3,bt,0.0,3,,-1,-1,BT-v3,10055,0,1.0,1,0,0,timeout,120.19999999999531,1.25,0.0,0.05,120.19999999999531,0.0,0.0,0.021214642262895173,3711.4158852081837
BT-v3,bt,0.0,3,,-1,-1,BT-v3,10055,1,0.0,0,0,1,timeout,120.19999999999531,0.0,1.25,0.0,120.19999999999531,0.0,0.0,0.021214642262895173,
BT-v3,bt,0.0,3,,-1,-1,BT-v3,10056,0,0.5,0,1,0,collision,5.349999999999989,0.0,0.0,0.0,5.349999999999989,0.0,0.0,0.057692307692307696,6428.288395669287
BT-v3,bt,0.0,3,,-1,-1,BT-v3,10056,1,0.5,0,1,0,collision,5.349999999999989,0.0,0.0,0.0,5.349999999999989,0.0,0.0,0.057692307692307696,
BT-v3,bt,0.0,3,,-1,-1,BT-v3,10057,0,1.0,1,0,0,timeout,120.19999999999531,31.25,8.75,1.2500000000000004,120.19999999999531,0.0,0.0,0.0,3994.6284955800443
BT-v3,bt,0.0,3,,-1,-1,BT-v3,10057,1,0.0,0,0,1,timeout,120.19999999999531,8.75,31.25,0.35,120.19999999999531,0.0,0.0,0.0,
BT-v3,bt,0.0,3,,-1,-1,BT-v3,10058,0,1.0,1,0,0,timeout,120.19999999999531,8.75,0.0,0.35,120.19999999999531,0.0,0.0,0.0037437603993344427,3527.601937343
BT-v3,bt,0.0,3,,-1,-1,BT-v3,10058,1,0.0,0,0,1,timeout,120.19999999999531,0.0,8.75,0.0,120.19999999999531,0.0,0.0,0.0037437603993344427,
BT-v3,bt,0.0,3,,-1,-1,BT-v3,10059,0,0.0,0,0,1,timeout,120.19999999999531,12.5,28.75,0.49999999999999994,120.19999999999531,0.0,0.0,0.0,4594.731559194215
BT-v3,bt,0.0,3,,-1,-1,BT-v3,10059,1,1.0,1,0,0,timeout,120.19999999999531,28.75,12.5,1.1500000000000004,120.19999999999531,0.0,0.0,0.0,
BT-v3,bt,0.0,3,,-1,-1,BT-v3,10060,0,1.0,1,0,0,timeout,120.19999999999531,28.75,0.0,1.1500000000000004,120.19999999999531,0.0,0.0,0.0,4594.603104778638
BT-v3,bt,0.0,3,,-1,-1,BT-v3,10060,1,0.0,0,0,1,timeout,120.19999999999531,0.0,28.75,0.0,120.19999999999531,0.0,0.0,0.0,
BT-v3,bt,0.0,3,,-1,-1,BT-v3,10061,0,0.5,0,1,0,timeout,120.19999999999531,0.0,0.0,0.0,120.19999999999531,0.0,0.0,0.004575707154742097,4297.213811466169
BT-v3,bt,0.0,3,,-1,-1,BT-v3,10061,1,0.5,0,1,0,timeout,120.19999999999531,0.0,0.0,0.0,120.19999999999531,0.0,0.0,0.004575707154742097,
BT-v3,bt,0.0,3,,-1,-1,BT-v3,10062,0,0.0,0,0,1,timeout,120.19999999999531,0.0,7.5,0.0,120.19999999999531,0.0,0.0,0.0,4801.162992453372
BT-v3,bt,0.0,3,,-1,-1,BT-v3,10062,1,1.0,1,0,0,timeout,120.19999999999531,7.5,0.0,0.3,120.19999999999531,0.0,0.0,0.0,
BT-v3,bt,0.0,3,,-1,-1,BT-v3,10063,0,0.0,0,0,1,timeout,120.19999999999531,0.0,6.25,0.0,120.19999999999531,0.0,0.0,0.0,3763.4442127667407
BT-v3,bt,0.0,3,,-1,-1,BT-v3,10063,1,1.0,1,0,0,timeout,120.19999999999531,6.25,0.0,0.25,120.19999999999531,0.0,0.0,0.0,
BT-v3,bt,0.0,3,,-1,-1,BT-v3,10064,0,0.0,0,0,1,timeout,120.19999999999531,0.0,63.75,0.0,120.19999999999531,0.0,0.0,0.0,5298.21016609673
BT-v3,bt,0.0,3,,-1,-1,BT-v3,10064,1,1.0,1,0,0,timeout,120.19999999999531,63.75,0.0,2.549999999999999,120.19999999999531,0.0,0.0,0.0,
BT-v3,bt,0.0,3,,-1,-1,BT-v3,10065,0,1.0,1,0,0,timeout,120.19999999999531,11.25,0.0,0.44999999999999996,120.19999999999531,0.0,0.0,0.0,3914.9982862171846
BT-v3,bt,0.0,3,,-1,-1,BT-v3,10065,1,0.0,0,0,1,timeout,120.19999999999531,0.0,11.25,0.0,120.19999999999531,0.0,0.0,0.0,
BT-v3,bt,0.0,3,,-1,-1,BT-v3,10066,0,0.0,0,0,1,timeout,120.19999999999531,0.0,5.0,0.0,120.19999999999531,0.0,0.0,0.0,4031.501071348021
BT-v3,bt,0.0,3,,-1,-1,BT-v3,10066,1,1.0,1,0,0,timeout,120.19999999999531,5.0,0.0,0.2,120.19999999999531,0.0,0.0,0.0,
BT-v3,bt,0.0,3,,-1,-1,BT-v3,10067,0,0.5,0,1,0,timeout,120.19999999999531,0.0,0.0,0.0,120.19999999999531,0.0,0.0,0.0,5117.28587306252
BT-v3,bt,0.0,3,,-1,-1,BT-v3,10067,1,0.5,0,1,0,timeout,120.19999999999531,0.0,0.0,0.0,120.19999999999531,0.0,0.0,0.0,
BT-v3,bt,0.0,3,,-1,-1,BT-v3,10068,0,0.5,0,1,0,timeout,120.19999999999531,0.0,0.0,0.0,120.19999999999531,0.0,0.0,0.007071547420965058,4710.376650230513
BT-v3,bt,0.0,3,,-1,-1,BT-v3,10068,1,0.5,0,1,0,timeout,120.19999999999531,0.0,0.0,0.0,120.19999999999531,0.0,0.0,0.007071547420965058,
BT-v3,bt,0.0,3,,-1,-1,BT-v3,10069,0,0.5,0,1,0,timeout,120.19999999999531,0.0,0.0,0.0,120.19999999999531,0.0,0.0,0.0,4478.90801232871
BT-v3,bt,0.0,3,,-1,-1,BT-v3,10069,1,0.5,0,1,0,timeout,120.19999999999531,0.0,0.0,0.0,120.19999999999531,0.0,0.0,0.0,
BT-v3,bt,0.0,3,,-1,-1,BT-v3,10070,0,1.0,1,0,0,timeout,120.19999999999531,35.0,0.0,1.4000000000000006,120.19999999999531,0.0,0.0,0.017054908485856904,4894.787909092887
BT-v3,bt,0.0,3,,-1,-1,BT-v3,10070,1,0.0,0,0,1,timeout,120.19999999999531,0.0,35.0,0.0,120.19999999999531,0.0,0.0,0.017054908485856904,
BT-v3,bt,0.0,3,,-1,-1,BT-v3,10071,0,1.0,1,0,0,timeout,120.19999999999531,25.0,22.5,1.0000000000000002,120.19999999999531,0.0,0.0,0.005823627287853577,4451.457384915987
BT-v3,bt,0.0,3,,-1,-1,BT-v3,10071,1,0.0,0,0,1,timeout,120.19999999999531,22.5,25.0,0.9000000000000002,120.19999999999531,0.0,0.0,0.005823627287853577,
BT-v3,bt,0.0,3,,-1,-1,BT-v3,10072,0,0.0,0,0,1,timeout,120.19999999999531,0.0,37.5,0.0,120.19999999999531,0.0,0.0,0.0066555740432612314,4231.593451733288
BT-v3,bt,0.0,3,,-1,-1,BT-v3,10072,1,1.0,1,0,0,timeout,120.19999999999531,37.5,0.0,1.5000000000000007,120.19999999999531,0.0,0.0,0.0066555740432612314,
BT-v3,bt,0.0,3,,-1,-1,BT-v3,10073,0,0.5,0,1,0,timeout,120.19999999999531,0.0,0.0,0.0,120.19999999999531,0.0,0.0,0.006239600665557404,4260.77753337443
BT-v3,bt,0.0,3,,-1,-1,BT-v3,10073,1,0.5,0,1,0,timeout,120.19999999999531,0.0,0.0,0.0,120.19999999999531,0.0,0.0,0.006239600665557404,
BT-v3,bt,0.0,3,,-1,-1,BT-v3,10074,0,0.0,0,0,1,timeout,120.19999999999531,0.0,48.75,0.0,120.19999999999531,0.0,0.0,0.008319467554076539,5017.672359751634
BT-v3,bt,0.0,3,,-1,-1,BT-v3,10074,1,1.0,1,0,0,timeout,120.19999999999531,48.75,0.0,1.950000000000001,120.19999999999531,0.0,0.0,0.008319467554076539,
BT-v3,bt,0.0,3,,-1,-1,BT-v3,10075,0,1.0,1,0,0,timeout,120.19999999999531,28.75,0.0,1.1500000000000004,120.19999999999531,0.0,0.0,0.0029118136439267887,4611.118416753015
BT-v3,bt,0.0,3,,-1,-1,BT-v3,10075,1,0.0,0,0,1,timeout,120.19999999999531,0.0,28.75,0.0,120.19999999999531,0.0,0.0,0.0029118136439267887,
BT-v3,bt,0.0,3,,-1,-1,BT-v3,10076,0,0.5,0,1,0,collision,7.399999999999982,0.0,0.0,0.0,7.399999999999982,0.0,0.0,0.05555555555555555,6404.005738709495
BT-v3,bt,0.0,3,,-1,-1,BT-v3,10076,1,0.5,0,1,0,collision,7.399999999999982,0.0,0.0,0.0,7.399999999999982,0.0,0.0,0.05555555555555555,
BT-v3,bt,0.0,3,,-1,-1,BT-v3,10077,0,0.5,0,1,0,timeout,120.19999999999531,0.0,0.0,0.0,120.19999999999531,0.0,0.0,0.0,4281.028091136385
BT-v3,bt,0.0,3,,-1,-1,BT-v3,10077,1,0.5,0,1,0,timeout,120.19999999999531,0.0,0.0,0.0,120.19999999999531,0.0,0.0,0.0,
BT-v3,bt,0.0,3,,-1,-1,BT-v3,10078,0,0.0,0,0,1,timeout,120.19999999999531,12.5,15.0,0.49999999999999994,120.19999999999531,0.0,0.0,0.01913477537437604,4700.846242325414
BT-v3,bt,0.0,3,,-1,-1,BT-v3,10078,1,1.0,1,0,0,timeout,120.19999999999531,15.0,12.5,0.6,120.19999999999531,0.0,0.0,0.01913477537437604,
BT-v3,bt,0.0,3,,-1,-1,BT-v3,10079,0,1.0,1,0,0,timeout,120.19999999999531,12.5,0.0,0.49999999999999994,120.19999999999531,0.0,0.0,0.0,4200.617319409658
BT-v3,bt,0.0,3,,-1,-1,BT-v3,10079,1,0.0,0,0,1,timeout,120.19999999999531,0.0,12.5,0.0,120.19999999999531,0.0,0.0,0.0,
BT-v3,bt,0.0,3,,-1,-1,BT-v3,10080,0,0.0,0,0,1,timeout,120.19999999999531,0.0,30.0,0.0,120.19999999999531,0.0,0.0,0.005823627287853577,3793.961668552989
BT-v3,bt,0.0,3,,-1,-1,BT-v3,10080,1,1.0,1,0,0,timeout,120.19999999999531,30.0,0.0,1.2000000000000004,120.19999999999531,0.0,0.0,0.005823627287853577,
BT-v3,bt,0.0,3,,-1,-1,BT-v3,10081,0,0.5,0,1,0,timeout,120.19999999999531,0.0,0.0,0.0,120.19999999999531,0.0,0.0,0.005407653910149751,5092.316338995322
BT-v3,bt,0.0,3,,-1,-1,BT-v3,10081,1,0.5,0,1,0,timeout,120.19999999999531,0.0,0.0,0.0,120.19999999999531,0.0,0.0,0.005407653910149751,
BT-v3,bt,0.0,3,,-1,-1,BT-v3,10082,0,0.0,0,0,1,timeout,120.19999999999531,0.0,32.5,0.0,120.19999999999531,0.0,0.0,0.027038269550748752,4434.86506213875
BT-v3,bt,0.0,3,,-1,-1,BT-v3,10082,1,1.0,1,0,0,timeout,120.19999999999531,32.5,0.0,1.3000000000000005,120.19999999999531,0.0,0.0,0.027038269550748752,
BT-v3,bt,0.0,3,,-1,-1,BT-v3,10083,0,0.5,0,1,0,timeout,120.19999999999531,0.0,0.0,0.0,120.19999999999531,0.0,0.0,0.0,4665.243551217907
BT-v3,bt,0.0,3,,-1,-1,BT-v3,10083,1,0.5,0,1,0,timeout,120.19999999999531,0.0,0.0,0.0,120.19999999999531,0.0,0.0,0.0,
BT-v3,bt,0.0,3,,-1,-1,BT-v3,10084,0,1.0,1,0,0,timeout,120.19999999999531,32.5,0.0,1.3000000000000005,120.19999999999531,0.0,0.0,0.010815307820299502,4661.343488535142
BT-v3,bt,0.0,3,,-1,-1,BT-v3,10084,1,0.0,0,0,1,timeout,120.19999999999531,0.0,32.5,0.0,120.19999999999531,0.0,0.0,0.010815307820299502,
BT-v3,bt,0.0,3,,-1,-1,BT-v3,10085,0,1.0,1,0,0,timeout,120.19999999999531,60.0,0.0,2.3999999999999995,120.19999999999531,0.0,0.0,0.009151414309484194,4281.264476838401
BT-v3,bt,0.0,3,,-1,-1,BT-v3,10085,1,0.0,0,0,1,timeout,120.19999999999531,0.0,60.0,0.0,120.19999999999531,0.0,0.0,0.009151414309484194,
BT-v3,bt,0.0,3,,-1,-1,BT-v3,10086,0,0.0,0,0,1,timeout,120.19999999999531,0.0,60.0,0.0,120.19999999999531,0.0,0.0,0.016638935108153077,4187.770140575652
BT-v3,bt,0.0,3,,-1,-1,BT-v3,10086,1,1.0,1,0,0,timeout,120.19999999999531,60.0,0.0,2.3999999999999995,120.19999999999531,0.0,0.0,0.016638935108153077,
BT-v3,bt,0.0,3,,-1,-1,BT-v3,10087,0,0.5,0,1,0,collision,3.999999999999994,0.0,0.0,0.0,3.999999999999994,0.0,0.0,0.07894736842105263,6660.763752391095
BT-v3,bt,0.0,3,,-1,-1,BT-v3,10087,1,0.5,0,1,0,collision,3.999999999999994,0.0,0.0,0.0,3.999999999999994,0.0,0.0,0.07894736842105263,
BT-v3,bt,0.0,3,,-1,-1,BT-v3,10088,0,0.0,0,0,1,timeout,120.19999999999531,0.0,33.75,0.0,120.19999999999531,0.0,0.0,0.010815307820299502,4330.132224212839
BT-v3,bt,0.0,3,,-1,-1,BT-v3,10088,1,1.0,1,0,0,timeout,120.19999999999531,33.75,0.0,1.3500000000000005,120.19999999999531,0.0,0.0,0.010815307820299502,
BT-v3,bt,0.0,3,,-1,-1,BT-v3,10089,0,0.0,0,0,1,timeout,120.19999999999531,0.0,1.25,0.0,120.19999999999531,0.0,0.0,0.0,4802.1584631934775
BT-v3,bt,0.0,3,,-1,-1,BT-v3,10089,1,1.0,1,0,0,timeout,120.19999999999531,1.25,0.0,0.05,120.19999999999531,0.0,0.0,0.0,
BT-v3,bt,0.0,3,,-1,-1,BT-v3,10090,0,0.0,0,0,1,timeout,120.19999999999531,0.0,40.0,0.0,120.19999999999531,0.0,0.0,0.009151414309484194,3505.1637990646827
BT-v3,bt,0.0,3,,-1,-1,BT-v3,10090,1,1.0,1,0,0,timeout,120.19999999999531,40.0,0.0,1.6000000000000008,120.19999999999531,0.0,0.0,0.009151414309484194,
BT-v3,bt,0.0,3,,-1,-1,BT-v3,10091,0,0.5,0,1,0,collision,22.20000000000018,16.25,0.0,0.65,22.20000000000018,0.0,0.0,0.015909090909090907,5825.587276953246
BT-v3,bt,0.0,3,,-1,-1,BT-v3,10091,1,0.5,0,1,0,collision,22.20000000000018,0.0,16.25,0.0,22.20000000000018,0.0,0.0,0.015909090909090907,
BT-v3,bt,0.0,3,,-1,-1,BT-v3,10092,0,0.5,0,1,0,collision,4.299999999999993,0.0,5.0,0.0,4.299999999999993,0.0,0.0,0.09523809523809523,6610.370448298925
BT-v3,bt,0.0,3,,-1,-1,BT-v3,10092,1,0.5,0,1,0,collision,4.299999999999993,5.0,0.0,0.2,4.299999999999993,0.0,0.0,0.09523809523809523,
BT-v3,bt,0.0,3,,-1,-1,BT-v3,10093,0,1.0,1,0,0,timeout,120.19999999999531,53.75,0.0,2.1500000000000004,120.19999999999531,0.0,0.0,0.0,5003.235943962106
BT-v3,bt,0.0,3,,-1,-1,BT-v3,10093,1,0.0,0,0,1,timeout,120.19999999999531,0.0,53.75,0.0,120.19999999999531,0.0,0.0,0.0,
BT-v3,bt,0.0,3,,-1,-1,BT-v3,10094,0,0.0,0,0,1,timeout,120.19999999999531,0.0,70.0,0.0,120.19999999999531,0.0,0.0,0.011647254575707155,3714.870151720864
BT-v3,bt,0.0,3,,-1,-1,BT-v3,10094,1,1.0,1,0,0,timeout,120.19999999999531,70.0,0.0,2.799999999999998,120.19999999999531,0.0,0.0,0.011647254575707155,
BT-v3,bt,0.0,3,,-1,-1,BT-v3,10095,0,0.5,0,1,0,timeout,120.19999999999531,0.0,0.0,0.0,120.19999999999531,0.0,0.0,0.0,4686.269275423181
BT-v3,bt,0.0,3,,-1,-1,BT-v3,10095,1,0.5,0,1,0,timeout,120.19999999999531,0.0,0.0,0.0,120.19999999999531,0.0,0.0,0.0,
BT-v3,bt,0.0,3,,-1,-1,BT-v3,10096,0,0.5,0,1,0,timeout,120.19999999999531,0.0,0.0,0.0,120.19999999999531,0.0,0.0,0.0,3787.8882013523453
BT-v3,bt,0.0,3,,-1,-1,BT-v3,10096,1,0.5,0,1,0,timeout,120.19999999999531,0.0,0.0,0.0,120.19999999999531,0.0,0.0,0.0,
BT-v3,bt,0.0,3,,-1,-1,BT-v3,10097,0,1.0,1,0,0,gun_kill,119.89999999999533,100.0,0.0,3.999999999999994,119.89999999999533,0.0,0.0,0.00667779632721202,4346.134413163233
BT-v3,bt,0.0,3,,-1,-1,BT-v3,10097,1,0.0,0,0,1,gun_kill,119.89999999999533,0.0,100.0,0.0,119.89999999999533,0.0,0.0,0.00667779632721202,
BT-v3,bt,0.0,3,,-1,-1,BT-v3,10098,0,1.0,1,0,0,timeout,120.19999999999531,3.75,0.0,0.15000000000000002,120.19999999999531,0.0,0.0,0.0,4180.762514623177
BT-v3,bt,0.0,3,,-1,-1,BT-v3,10098,1,0.0,0,0,1,timeout,120.19999999999531,0.0,3.75,0.0,120.19999999999531,0.0,0.0,0.0,
BT-v3,bt,0.0,3,,-1,-1,BT-v3,10099,0,0.5,0,1,0,timeout,120.19999999999531,0.0,0.0,0.0,120.19999999999531,0.0,0.0,0.0,3744.5484653925205
BT-v3,bt,0.0,3,,-1,-1,BT-v3,10099,1,0.5,0,1,0,timeout,120.19999999999531,0.0,0.0,0.0,120.19999999999531,0.0,0.0,0.0,
RL-s0-b100-a1.00,rl,1.0,2,results/es_killfirst/ckpt_seed0_gen00100.npz,100,0,BT-v2,10000,0,0.5,0,1,0,timeout,120.19999999999531,0.0,0.0,0.0,120.19999999999531,0.0,0.025374376039933443,0.005407653910149751,4994.349532349919
RL-s0-b100-a1.00,rl,1.0,2,results/es_killfirst/ckpt_seed0_gen00100.npz,100,0,BT-v2,10000,1,0.5,0,1,0,timeout,120.19999999999531,0.0,0.0,0.0,120.19999999999531,0.0,0.02745424292845258,0.0066555740432612314,
RL-s0-b100-a1.00,rl,1.0,2,results/es_killfirst/ckpt_seed0_gen00100.npz,100,0,BT-v2,10001,0,0.0,0,0,1,timeout,120.19999999999531,0.0,7.5,0.0,120.19999999999531,0.0,0.0024958402662229617,0.0012479201331114808,5163.704488830071
RL-s0-b100-a1.00,rl,1.0,2,results/es_killfirst/ckpt_seed0_gen00100.npz,100,0,BT-v2,10001,1,0.5,0,1,0,timeout,120.19999999999531,0.0,0.0,0.0,120.19999999999531,0.0,0.0,0.0,
RL-s0-b100-a1.00,rl,1.0,2,results/es_killfirst/ckpt_seed0_gen00100.npz,100,0,BT-v2,10002,0,0.5,0,1,0,collision,111.79999999999579,38.75,0.0,1.5500000000000007,111.79999999999579,0.09274193548387097,0.029121863799283155,0.0492831541218638,3759.172689344362
RL-s0-b100-a1.00,rl,1.0,2,results/es_killfirst/ckpt_seed0_gen00100.npz,100,0,BT-v2,10002,1,1.0,1,0,0,timeout,120.19999999999531,12.5,0.0,0.49999999999999994,120.19999999999531,0.0,0.03161397670549085,0.012479201331114808,
RL-s0-b100-a1.00,rl,1.0,2,results/es_killfirst/ckpt_seed0_gen00100.npz,100,0,BT-v2,10003,0,1.0,1,0,0,timeout,120.19999999999531,2.5,0.0,0.1,120.19999999999531,0.0,0.06821963394342762,0.02329450915141431,5020.799873034477
RL-s0-b100-a1.00,rl,1.0,2,results/es_killfirst/ckpt_seed0_gen00100.npz,100,0,BT-v2,10003,1,1.0,1,0,0,gun_kill,75.99999999999783,100.0,0.0,3.999999999999994,75.99999999999783,0.0,0.09234828496042216,0.0,
RL-s0-b100-a1.00,rl,1.0,2,results/es_killfirst/ckpt_seed0_gen00100.npz,100,0,BT-v2,10004,0,0.5,0,1,0,collision,98.34999999999656,10.0,0.0,0.39999999999999997,98.34999999999656,0.0,0.0274949083503055,0.03767820773930754,4164.237519832973
RL-s0-b100-a1.00,rl,1.0,2,results/es_killfirst/ckpt_seed0_gen00100.npz,100,0,BT-v2,10004,1,1.0,1,0,0,gun_kill,14.700000000000074,100.0,0.0,3.999999999999994,14.700000000000074,0.0,0.17123287671232876,0.0,
RL-s0-b100-a1.00,rl,1.0,2,results/es_killfirst/ckpt_seed0_gen00100.npz,100,0,BT-v2,10005,0,0.0,0,0,1,timeout,120.19999999999531,0.0,6.25,0.0,120.19999999999531,0.0,0.07653910149750416,0.0,4797.457692719826
RL-s0-b100-a1.00,rl,1.0,2,results/es_killfirst/ckpt_seed0_gen00100.npz,100,0,BT-v2,10005,1,0.5,0,1,0,timeout,120.19999999999531,0.0,0.0,0.0,120.19999999999531,0.0,0.07653910149750416,0.034525790349417634,
RL-s0-b100-a1.00,rl,1.0,2,results/es_killfirst/ckpt_seed0_gen00100.npz,100,0,BT-v2,10006,0,0.0,0,0,1,gun_kill,64.0999999999985,0.0,100.0,0.0,64.0999999999985,0.0,0.015625,0.03125,5347.1029582383435
RL-s0-b100-a1.00,rl,1.0,2,results/es_killfirst/ckpt_seed0_gen00100.npz,100,0,BT-v2,10006,1,1.0,1,0,0,timeout,120.19999999999531,27.5,0.0,1.1000000000000003,120.19999999999531,0.0,0.009151414309484194,0.021214642262895173,
RL-s0-b100-a1.00,rl,1.0,2,results/es_killfirst/ckpt_seed0_gen00100.npz,100,0,BT-v2,10007,0,0.5,0,1,0,collision,93.69999999999682,38.75,0.0,1.5500000000000007,93.69999999999682,0.0,0.02403846153846154,0.050213675213675216,3978.7728260290205
RL-s0-b100-a1.00,rl,1.0,2,results/es_killfirst/ckpt_seed0_gen00100.npz,100,0,BT-v2,10007,1,1.0,1,0,0,timeout,120.19999999999531,6.25,0.0,0.25,120.19999999999531,0.0,0.021214642262895173,0.0,
RL-s0-b100-a1.00,rl,1.0,2,results/es_killfirst/ckpt_seed0_gen00100.npz,100,0,BT-v2,10008,0,0.5,0,1,0,collision,73.59999999999796,22.5,1.25,0.9000000000000002,73.59999999999796,0.0,0.05653950953678474,0.04904632152588556,4327.381512270264
RL-s0-b100-a1.00,rl,1.0,2,results/es_killfirst/ckpt_seed0_gen00100.npz,100,0,BT-v2,10008,1,1.0,1,0,0,timeout,120.19999999999531,7.5,0.0,0.3,120.19999999999531,0.0,0.0324459234608985,0.0024958402662229617,
RL-s0-b100-a1.00,rl,1.0,2,results/es_killfirst/ckpt_seed0_gen00100.npz,100,0,BT-v2,10009,0,0.0,0,0,1,timeout,120.19999999999531,0.0,12.5,0.0,120.19999999999531,0.0,0.02745424292845258,0.0,5499.324990067481
RL-s0-b100-a1.00,rl,1.0,2,results/es_killfirst/ckpt_seed0_gen00100.npz,100,0,BT-v2,10009,1,1.0,1,0,0,timeout,120.19999999999531,17.5,0.0,0.7000000000000001,120.19999999999531,0.0,0.023710482529118136,0.0,
RL-s0-b100-a1.00,rl,1.0,2,results/es_killfirst/ckpt_seed0_gen00100.npz,100,0,BT-v2,10010,0,0.5,0,1,0,timeout,120.19999999999531,0.0,0.0,0.0,120.19999999999531,0.0,0.055324459234608984,0.004159733777038269,3965.616868260671
RL-s0-b100-a1.00,rl,1.0,2,results/es_killfirst/ckpt_seed0_gen00100.npz,100,0,BT-v2,10010,1,0.0,0,0,1,timeout,120.19999999999531,0.0,11.25,0.0,120.19999999999531,0.09692179700499168,0.058652246256239604,0.00956738768718802,
RL-s0-b100-a1.00,rl,1.0,2,results/es_killfirst/ckpt_seed0_gen00100.npz,100,0,BT-v2,10011,0,0.5,0,1,0,timeout,120.19999999999531,0.0,0.0,0.0,120.19999999999531,0.0,0.0,0.0,5566.602359589133
RL-s0-b100-a1.00,rl,1.0,2,results/es_killfirst/ckpt_seed0_gen00100.npz,100,0,BT-v2,10011,1,0.5,0,1,0,collision,79.59999999999762,51.25,0.0,2.0500000000000007,79.59999999999762,0.0,0.0,0.0371536523929471,
RL-s0-b100-a1.00,rl,1.0,2,results/es_killfirst/ckpt_seed0_gen00100.npz,100,0,BT-v2,10012,0,0.5,0,1,0,timeout,120.19999999999531,0.0,0.0,0.0,120.19999999999531,0.018718801996672214,0.05906821963394343,0.0,3855.4895942148996
RL-s0-b100-a1.00,rl,1.0,2,results/es_killfirst/ckpt_seed0_gen00100.npz,100,0,BT-v2,10012,1,0.5,0,1,0,collision,112.79999999999573,87.5,0.0,3.4999999999999956,112.79999999999573,0.20515097690941386,0.0674955595026643,0.05550621669626998,
RL-s0-b100-a1.00,rl,1.0,2,results/es_killfirst/ckpt_seed0_gen00100.npz,100,0,BT-v2,10013,0,1.0,1,0,0,timeout,120.19999999999531,13.75,0.0,0.5499999999999999,120.19999999999531,0.0,0.03369384359400998,0.005823627287853577,4849.167113468373
RL-s0-b100-a1.00,rl,1.0,2,results/es_killfirst/ckpt_seed0_gen00100.npz,100,0,BT-v2,10013,1,0.5,0,1,0,timeout,120.19999999999531,0.0,0.0,0.0,120.19999999999531,0.0,0.032029950083194675,0.0,
RL-s0-b100-a1.00,rl,1.0,2,results/es_killfirst/ckpt_seed0_gen00100.npz,100,0,BT-v2,10014,0,1.0,1,0,0,timeout,120.19999999999531,10.0,0.0,0.39999999999999997,120.19999999999531,0.0,0.0,0.004991680532445923,5404.256544341629
RL-s0-b100-a1.00,rl,1.0,2,results/es_killfirst/ckpt_seed0_gen00100.npz,100,0,BT-v2,10014,1,0.5,0,1,0,timeout,120.19999999999531,0.0,0.0,0.0,120.19999999999531,0.0,0.0,0.004575707154742097,
RL-s0-b100-a1.00,rl,1.0,2,results/es_killfirst/ckpt_seed0_gen00100.npz,100,0,BT-v2,10015,0,0.5,0,1,0,collision,79.8999999999976,32.5,12.5,1.3000000000000005,79.8999999999976,0.0,0.0,0.04824561403508772,4117.299292484006
RL-s0-b100-a1.00,rl,1.0,2,results/es_killfirst/ckpt_seed0_gen00100.npz,100,0,BT-v2,10015,1,0.5,0,1,0,collision,88.89999999999709,81.25,0.0,3.2499999999999964,88.89999999999709,0.0,0.0,0.033783783783783786,
RL-s0-b100-a1.00,rl,1.0,2,results/es_killfirst/ckpt_seed0_gen00100.npz,100,0,BT-v2,10016,0,1.0,1,0,0,timeout,120.19999999999531,17.5,0.0,0.7000000000000001,120.19999999999531,0.0,0.0,0.004991680532445923,4707.61034416737
RL-s0-b100-a1.00,rl,1.0,2,results/es_killfirst/ckpt_seed0_gen00100.npz,100,0,BT-v2,10016,1,0.5,0,1,0,collision,90.549999999997,15.0,5.0,0.6,90.549999999997,0.0,0.0,0.0459070796460177,
RL-s0-b100-a1.00,rl,1.0,2,results/es_killfirst/ckpt_seed0_gen00100.npz,100,0,BT-v2,10017,0,0.5,0,1,0,timeout,120.19999999999531,0.0,0.0,0.0,120.19999999999531,0.0,0.034525790349417634,0.0,4718.953291638695
RL-s0-b100-a1.00,rl,1.0,2,results/es_killfirst/ckpt_seed0_gen00100.npz,100,0,BT-v2,10017,1,1.0,1,0,0,gun_kill,30.200000000000294,100.0,0.0,3.999999999999994,30.200000000000294,0.0,0.14333333333333334,0.0,
RL-s0-b100-a1.00,rl,1.0,2,results/es_killfirst/ckpt_seed0_gen00100.npz,100,0,BT-v2,10018,0,0.5,0,1,0,timeout,120.19999999999531,0.0,0.0,0.0,120.19999999999531,0.0,0.014559068219633943,0.004991680532445923,4226.672883557434
RL-s0-b100-a1.00,rl,1.0,2,results/es_killfirst/ckpt_seed0_gen00100.npz,100,0,BT-v2,10018,1,0.5,0,1,0,collision,90.89999999999698,0.0,0.0,0.0,90.89999999999698,0.017070484581497798,0.02092511013215859,0.05011013215859031,
RL-s0-b100-a1.00,rl,1.0,2,results/es_killfirst/ckpt_seed0_gen00100.npz,100,0,BT-v2,10019,0,1.0,1,0,0,gun_kill,86.64999999999722,100.0,0.0,3.999999999999994,86.64999999999722,0.0,0.0,0.030600461893764433,4810.551605808595
RL-s0-b100-a1.00,rl,1.0,2,results/es_killfirst/ckpt_seed0_gen00100.npz,100,0,BT-v2,10019,1,1.0,1,0,0,timeout,120.19999999999531,50.0,0.0,2.000000000000001,120.19999999999531,0.0,0.0,0.019550748752079867,
RL-s0-b100-a1.00,rl,1.0,2,results/es_killfirst/ckpt_seed0_gen00100.npz,100,0,BT-v2,10020,0,1.0,1,0,0,gun_kill,90.29999999999701,100.0,0.0,3.999999999999994,90.29999999999701,0.0,0.0,0.04767184035476718,4941.052144420003
RL-s0-b100-a1.00,rl,1.0,2,results/es_killfirst/ckpt_seed0_gen00100.npz,100,0,BT-v2,10020,1,0.5,0,1,0,collision,112.19999999999577,75.0,0.0,2.9999999999999973,112.19999999999577,0.0,0.0,0.04107142857142857,
RL-s0-b100-a1.00,rl,1.0,2,results/es_killfirst/ckpt_seed0_gen00100.npz,100,0,BT-v2,10021,0,0.5,0,1,0,collision,87.24999999999719,0.0,7.5,0.0,87.24999999999719,0.0,0.0911697247706422,0.04529816513761468,4095.8661582589943
RL-s0-b100-a1.00,rl,1.0,2,results/es_killfirst/ckpt_seed0_gen00100.npz,100,0,BT-v2,10021,1,0.5,0,1,0,collision,86.09999999999725,0.0,0.0,0.0,86.09999999999725,0.0,0.09127906976744186,0.03488372093023256,
RL-s0-b100-a1.00,rl,1.0,2,results/es_killfirst/ckpt_seed0_gen00100.npz,100,0,BT-v2,10022,0,1.0,1,0,0,timeout,120.19999999999531,12.5,0.0,0.49999999999999994,120.19999999999531,0.0,0.03868552412645591,0.0,5494.706111560601
RL-s0-b100-a1.00,rl,1.0,2,results/es_killfirst/ckpt_seed0_gen00100.npz,100,0,BT-v2,10022,1,1.0,1,0,0,timeout,120.19999999999531,2.5,0.0,0.1,120.19999999999531,0.0,0.03743760399334443,0.005407653910149751,
RL-s0-b100-a1.00,rl,1.0,2,results/es_killfirst/ckpt_seed0_gen00100.npz,100,0,BT-v2,10023,0,0.5,0,1,0,timeout,120.19999999999531,0.0,0.0,0.0,120.19999999999531,0.0,0.0370216306156406,0.0,5405.735646057883
RL-s0-b100-a1.00,rl,1.0,2,results/es_killfirst/ckpt_seed0_gen00100.npz,100,0,BT-v2,10023,1,1.0,1,0,0,gun_kill,103.89999999999624,100.0,0.0,3.999999999999994,103.89999999999624,0.0,0.04094412331406551,0.03227360308285164,
RL-s0-b100-a1.00,rl,1.0,2,results/es_killfirst/ckpt_seed0_gen00100.npz,100,0,BT-v2,10024,0,1.0,1,0,0,gun_kill,74.44999999999791,100.0,0.0,3.999999999999994,74.44999999999791,0.0,0.05174731182795699,0.043682795698924734,4431.693270402967
RL-s0-b100-a1.00,rl,1.0,2,results/es_killfirst/ckpt_seed0_gen00100.npz,100,0,BT-v2,10024,1,0.0,0,0,1,gun_kill,46.74999999999948,0.0,100.0,0.0,46.74999999999948,0.0,0.07725321888412018,0.02467811158798283,
RL-s0-b100-a1.00,rl,1.0,2,results/es_killfirst/ckpt_seed0_gen00100.npz,100,0,BT-v2,10025,0,1.0,1,0,0,gun_kill,90.99999999999697,100.0,0.0,3.999999999999994,90.99999999999697,0.0,0.034691629955947136,0.036894273127753306,5740.545868241539
RL-s0-b100-a1.00,rl,1.0,2,results/es_killfirst/ckpt_seed0_gen00100.npz,100,0,BT-v2,10025,1,1.0,1,0,0,gun_kill,114.34999999999565,100.0,0.0,3.999999999999994,114.34999999999565,0.0,0.03064798598949212,0.0,
RL-s0-b100-a1.00,rl,1.0,2,results/es_killfirst/ckpt_seed0_gen00100.npz,100,0,BT-v2,10026,0,1.0,1,0,0,crash,112.79999999999573,33.75,0.0,1.3500000000000005,112.79999999999573,0.1816163410301954,0.06882770870337478,0.0,4026.5738251260077
RL-s0-b100-a1.00,rl,1.0,2,results/es_killfirst/ckpt_seed0_gen00100.npz,100,0,BT-v2,10026,1,0.5,0,1,0,timeout,120.19999999999531,0.0,0.0,0.0,120.19999999999531,0.0,0.06239600665557404,0.004159733777038269,
RL-s0-b100-a1.00,rl,1.0,2,results/es_killfirst/ckpt_seed0_gen00100.npz,100,0,BT-v2,10027,0,1.0,1,0,0,timeout,120.19999999999531,7.5,0.0,0.3,120.19999999999531,0.0,0.09775374376039933,0.03494176372712146,3826.6859793512504
RL-s0-b100-a1.00,rl,1.0,2,results/es_killfirst/ckpt_seed0_gen00100.npz,100,0,BT-v2,10027,1,0.0,0,0,1,timeout,120.19999999999531,0.0,1.25,0.0,120.19999999999531,0.0,0.07986688851913477,0.03286189683860233,
RL-s0-b100-a1.00,rl,1.0,2,results/es_killfirst/ckpt_seed0_gen00100.npz,100,0,BT-v2,10028,0,0.5,0,1,0,timeout,120.19999999999531,0.0,0.0,0.0,120.19999999999531,0.0,0.0,0.0033277870216306157,5129.586928202032
RL-s0-b100-a1.00,rl,1.0,2,results/es_killfirst/ckpt_seed0_gen00100.npz,100,0,BT-v2,10028,1,1.0,1,0,0,timeout,120.19999999999531,22.5,0.0,0.9000000000000002,120.19999999999531,0.0,0.0,0.024958402662229616,
RL-s0-b100-a1.00,rl,1.0,2,results/es_killfirst/ckpt_seed0_gen00100.npz,100,0,BT-v2,10029,0,0.5,0,1,0,timeout,120.19999999999531,0.0,0.0,0.0,120.19999999999531,0.07071547420965059,0.0,0.0,4382.718440919762
RL-s0-b100-a1.00,rl,1.0,2,results/es_killfirst/ckpt_seed0_gen00100.npz,100,0,BT-v2,10029,1,0.5,0,1,0,timeout,120.19999999999531,0.0,0.0,0.0,120.19999999999531,0.03868552412645591,0.0,0.0,
RL-s0-b100-a1.00,rl,1.0,2,results/es_killfirst/ckpt_seed0_gen00100.npz,100,0,BT-v2,10030,0,0.5,0,1,0,timeout,120.19999999999531,0.0,0.0,0.0,120.19999999999531,0.0,0.05906821963394343,0.01622296173044925,4158.1801354984855
RL-s0-b100-a1.00,rl,1.0,2,results/es_killfirst/ckpt_seed0_gen00100.npz,100,0,BT-v2,10030,1,0.5,0,1,0,timeout,120.19999999999531,0.0,0.0,0.0,120.19999999999531,0.0,0.056572379367720464,0.0066555740432612314,
RL-s0-b100-a1.00,rl,1.0,2,results/es_killfirst/ckpt_seed0_gen00100.npz,100,0,BT-v2,10031,0,0.5,0,1,0,timeout,120.19999999999531,0.0,0.0,0.0,120.19999999999531,0.0,0.06031613976705491,0.0,4665.180435030217
RL-s0-b100-a1.00,rl,1.0,2,results/es_killfirst/ckpt_seed0_gen00100.npz,100,0,BT-v2,10031,1,0.5,0,1,0,timeout,120.19999999999531,0.0,0.0,0.0,120.19999999999531,0.0,0.06031613976705491,0.0,
RL-s0-b100-a1.00,rl,1.0,2,results/es_killfirst/ckpt_seed0_gen00100.npz,100,0,BT-v2,10032,0,1.0,1,0,0,timeout,120.19999999999531,10.0,0.0,0.39999999999999997,120.19999999999531,0.0,0.0262063227953411,0.0,4681.466701527148
RL-s0-b100-a1.00,rl,1.0,2,results/es_killfirst/ckpt_seed0_gen00100.npz,100,0,BT-v2,10032,1,1.0,1,0,0,timeout,120.19999999999531,15.0,0.0,0.6,120.19999999999531,0.0,0.026622296173044926,0.0,
RL-s0-b100-a1.00,rl,1.0,2,results/es_killfirst/ckpt_seed0_gen00100.npz,100,0,BT-v2,10033,0,1.0,1,0,0,timeout,120.19999999999531,15.0,0.0,0.6,120.19999999999531,0.0,0.019966722129783693,0.0033277870216306157,5351.910438542921
RL-s0-b100-a1.00,rl,1.0,2,results/es_killfirst/ckpt_seed0_gen00100.npz,100,0,BT-v2,10033,1,0.5,0,1,0,timeout,120.19999999999531,0.0,0.0,0.0,120.19999999999531,0.0,0.018718801996672214,0.005407653910149751,
RL-s0-b100-a1.00,rl,1.0,2,results/es_killfirst/ckpt_seed0_gen00100.npz,100,0,BT-v2,10034,0,0.5,0,1,0,collision,101.74999999999636,30.0,0.0,1.2000000000000004,101.74999999999636,0.0,0.03346456692913386,0.04429133858267716,4380.811974734797
RL-s0-b100-a1.00,rl,1.0,2,results/es_killfirst/ckpt_seed0_gen00100.npz,100,0,BT-v2,10034,1,1.0,1,0,0,timeout,120.19999999999531,42.5,0.0,1.7000000000000008,120.19999999999531,0.0,0.027870216306156406,0.0,
RL-s0-b100-a1.00,rl,1.0,2,results/es_killfirst/ckpt_seed0_gen00100.npz,100,0,BT-v2,10035,0,0.0,0,0,1,timeout,120.19999999999531,0.0,65.0,0.0,120.19999999999531,0.0,0.01747088186356073,0.0066555740432612314,4381.356563027829
RL-s0-b100-a1.00,rl,1.0,2,results/es_killfirst/ckpt_seed0_gen00100.npz,100,0,BT-v2,10035,1,1.0,1,0,0,timeout,120.19999999999531,12.5,0.0,0.49999999999999994,120.19999999999531,0.0,0.019966722129783693,0.03743760399334443,
RL-s0-b100-a1.00,rl,1.0,2,results/es_killfirst/ckpt_seed0_gen00100.npz,100,0,BT-v2,10036,0,0.5,0,1,0,timeout,120.19999999999531,0.0,0.0,0.0,120.19999999999531,0.0,0.009151414309484194,0.022878535773710483,4773.584893301843
RL-s0-b100-a1.00,rl,1.0,2,results/es_killfirst/ckpt_seed0_gen00100.npz,100,0,BT-v2,10036,1,1.0,1,0,0,timeout,120.19999999999531,7.5,0.0,0.3,120.19999999999531,0.0,0.00956738768718802,0.014559068219633943,
RL-s0-b100-a1.00,rl,1.0,2,results/es_killfirst/ckpt_seed0_gen00100.npz,100,0,BT-v2,10037,0,0.5,0,1,0,timeout,120.19999999999531,0.0,0.0,0.0,120.19999999999531,0.0,0.07113144758735442,0.0,4282.219286791698
RL-s0-b100-a1.00,rl,1.0,2,results/es_killfirst/ckpt_seed0_gen00100.npz,100,0,BT-v2,10037,1,1.0,1,0,0,crash,116.9999999999955,0.0,0.0,0.0,116.9999999999955,0.1879280821917808,0.07534246575342465,0.0,
RL-s0-b100-a1.00,rl,1.0,2,results/es_killfirst/ckpt_seed0_gen00100.npz,100,0,BT-v2,10038,0,0.5,0,1,0,timeout,120.19999999999531,0.0,0.0,0.0,120.19999999999531,0.0,0.027038269550748752,0.0066555740432612314,5530.276653568559
RL-s0-b100-a1.00,rl,1.0,2,results/es_killfirst/ckpt_seed0_gen00100.npz,100,0,BT-v2,10038,1,1.0,1,0,0,timeout,120.19999999999531,33.75,0.0,1.3500000000000005,120.19999999999531,0.0,0.023710482529118136,0.004575707154742097,
RL-s0-b100-a1.00,rl,1.0,2,results/es_killfirst/ckpt_seed0_gen00100.npz,100,0,BT-v2,10039,0,0.5,0,1,0,collision,71.34999999999809,72.5,0.0,2.8999999999999977,71.34999999999809,0.08146067415730338,0.030196629213483147,0.05407303370786517,3500.0875747290747
RL-s0-b100-a1.00,rl,1.0,2,results/es_killfirst/ckpt_seed0_gen00100.npz,100,0,BT-v2,10039,1,0.0,0,0,1,timeout,120.19999999999531,0.0,11.25,0.0,120.19999999999531,0.0,0.01747088186356073,0.0,
RL-s0-b100-a1.00,rl,1.0,2,results/es_killfirst/ckpt_seed0_gen00100.npz,100,0,BT-v2,10040,0,0.0,0,0,1,gun_kill,91.34999999999695,0.0,100.0,0.0,91.34999999999695,0.0,0.0,0.03344298245614035,5662.224229202704
RL-s0-b100-a1.00,rl,1.0,2,results/es_killfirst/ckpt_seed0_gen00100.npz,100,0,BT-v2,10040,1,1.0,1,0,0,timeout,120.19999999999531,30.0,0.0,1.2000000000000004,120.19999999999531,0.0,0.0,0.012479201331114808,
RL-s0-b100-a1.00,rl,1.0,2,results/es_killfirst/ckpt_seed0_gen00100.npz,100,0,BT-v2,10041,0,0.5,0,1,0,timeout,120.19999999999531,0.0,0.0,0.0,120.19999999999531,0.14018302828618967,0.01788685524126456,0.039101497504159734,3451.4687598168616
RL-s0-b100-a1.00,rl,1.0,2,results/es_killfirst/ckpt_seed0_gen00100.npz,100,0,BT-v2,10041,1,1.0,1,0,0,timeout,120.19999999999531,3.75,0.0,0.15000000000000002,120.19999999999531,0.0,0.01747088186356073,0.006239600665557404,
RL-s0-b100-a1.00,rl,1.0,2,results/es_killfirst/ckpt_seed0_gen00100.npz,100,0,BT-v2,10042,0,0.5,0,1,0,timeout,120.19999999999531,0.0,0.0,0.0,120.19999999999531,0.0,0.049500831946755405,0.0029118136439267887,5145.473466908278
RL-s0-b100-a1.00,rl,1.0,2,results/es_killfirst/ckpt_seed0_gen00100.npz,100,0,BT-v2,10042,1,0.5,0,1,0,timeout,120.19999999999531,0.0,0.0,0.0,120.19999999999531,0.0,0.05116472545757072,0.01913477537437604,
RL-s0-b100-a1.00,rl,1.0,2,results/es_killfirst/ckpt_seed0_gen00100.npz,100,0,BT-v2,10043,0,1.0,1,0,0,timeout,120.19999999999531,18.75,0.0,0.7500000000000001,120.19999999999531,0.0,0.0,0.006239600665557404,5045.225062126133
RL-s0-b100-a1.00,rl,1.0,2,results/es_killfirst/ckpt_seed0_gen00100.npz,100,0,BT-v2,10043,1,1.0,1,0,0,timeout,120.19999999999531,96.25,0.0,3.8499999999999943,120.19999999999531,0.00041597337770382697,0.0,0.0370216306156406,
RL-s0-b100-a1.00,rl,1.0,2,results/es_killfirst/ckpt_seed0_gen00100.npz,100,0,BT-v2,10044,0,0.5,0,1,0,timeout,120.19999999999531,0.0,0.0,0.0,120.19999999999531,0.0,0.0,0.0029118136439267887,5159.614772529606
RL-s0-b100-a1.00,rl,1.0,2,results/es_killfirst/ckpt_seed0_gen00100.npz,100,0,BT-v2,10044,1,0.5,0,1,0,timeout,120.19999999999531,0.0,0.0,0.0,120.19999999999531,0.0,0.0,0.0,
RL-s0-b100-a1.00,rl,1.0,2,results/es_killfirst/ckpt_seed0_gen00100.npz,100,0,BT-v2,10045,0,0.5,0,1,0,timeout,120.19999999999531,0.0,0.0,0.0,120.19999999999531,0.0,0.03618968386023295,0.03036605657237937,4931.833086875804
RL-s0-b100-a1.00,rl,1.0,2,results/es_killfirst/ckpt_seed0_gen00100.npz,100,0,BT-v2,10045,1,0.5,0,1,0,timeout,120.19999999999531,0.0,0.0,0.0,120.19999999999531,0.0,0.0370216306156406,0.0,
RL-s0-b100-a1.00,rl,1.0,2,results/es_killfirst/ckpt_seed0_gen00100.npz,100,0,BT-v2,10046,0,0.5,0,1,0,timeout,120.19999999999531,0.0,0.0,0.0,120.19999999999531,0.0,0.09234608985024959,0.0,5391.504976445154
RL-s0-b100-a1.00,rl,1.0,2,results/es_killfirst/ckpt_seed0_gen00100.npz,100,0,BT-v2,10046,1,1.0,1,0,0,crash,114.44999999999564,0.0,0.0,0.0,114.44999999999564,0.1883741258741259,0.1097027972027972,0.0,
RL-s0-b100-a1.00,rl,1.0,2,results/es_killfirst/ckpt_seed0_gen00100.npz,100,0,BT-v2,10047,0,0.5,0,1,0,collision,67.7499999999983,71.25,0.0,2.849999999999998,67.7499999999983,0.0,0.016272189349112426,0.04363905325443787,4151.4516423321575
RL-s0-b100-a1.00,rl,1.0,2,results/es_killfirst/ckpt_seed0_gen00100.npz,100,0,BT-v2,10047,1,1.0,1,0,0,timeout,120.19999999999531,6.25,0.0,0.25,120.19999999999531,0.0,0.007903494176372712,0.005823627287853577,
RL-s0-b100-a1.00,rl,1.0,2,results/es_killfirst/ckpt_seed0_gen00100.npz,100,0,BT-v2,10048,0,0.0,0,0,1,timeout,120.19999999999531,0.0,5.0,0.0,120.19999999999531,0.17970049916805325,0.02745424292845258,0.028286189683860232,3226.934533658105
RL-s0-b100-a1.00,rl,1.0,2,results/es_killfirst/ckpt_seed0_gen00100.npz,100,0,BT-v2,10048,1,1.0,1,0,0,timeout,120.19999999999531,70.0,0.0,2.799999999999998,120.19999999999531,0.0,0.02745424292845258,0.0,
RL-s0-b100-a1.00,rl,1.0,2,results/es_killfirst/ckpt_seed0_gen00100.npz,100,0,BT-v2,10049,0,1.0,1,0,0,timeout,120.19999999999531,25.0,0.0,1.0000000000000002,120.19999999999531,0.0,0.05490848585690516,0.04201331114808652,4568.414308918138
RL-s0-b100-a1.00,rl,1.0,2,results/es_killfirst/ckpt_seed0_gen00100.npz,100,0,BT-v2,10049,1,1.0,1,0,0,timeout,120.19999999999531,41.25,0.0,1.6500000000000008,120.19999999999531,0.0,0.04658901830282862,0.004159733777038269,
RL-s0-b100-a1.00,rl,1.0,2,results/es_killfirst/ckpt_seed0_gen00100.npz,100,0,BT-v2,10050,0,1.0,1,0,0,timeout,120.19999999999531,15.0,0.0,0.6,120.19999999999531,0.0,0.022462562396006656,0.016638935108153077,4544.946075173355
RL-s0-b100-a1.00,rl,1.0,2,results/es_killfirst/ckpt_seed0_gen00100.npz,100,0,BT-v2,10050,1,0.5,0,1,0,timeout,120.19999999999531,0.0,0.0,0.0,120.19999999999531,0.0,0.024126455906821963,0.0,
RL-s0-b100-a1.00,rl,1.0,2,results/es_killfirst/ckpt_seed0_gen00100.npz,100,0,BT-v2,10051,0,0.0,0,0,1,timeout,120.19999999999531,0.0,7.5,0.0,120.19999999999531,0.0,0.06780366056572379,0.027870216306156406,4729.5374472342
RL-s0-b100-a1.00,rl,1.0,2,results/es_killfirst/ckpt_seed0_gen00100.npz,100,0,BT-v2,10051,1,1.0,1,0,0,timeout,120.19999999999531,3.75,0.0,0.15000000000000002,120.19999999999531,0.0,0.06738768718801996,0.013311148086522463,
RL-s0-b100-a1.00,rl,1.0,2,results/es_killfirst/ckpt_seed0_gen00100.npz,100,0,BT-v2,10052,0,1.0,1,0,0,timeout,120.19999999999531,15.0,0.0,0.6,120.19999999999531,0.0,0.02870216306156406,0.004991680532445923,4690.772786488283
RL-s0-b100-a1.00,rl,1.0,2,results/es_killfirst/ckpt_seed0_gen00100.npz,100,0,BT-v2,10052,1,0.5,0,1,0,timeout,120.19999999999531,0.0,0.0,0.0,120.19999999999531,0.0,0.029118136439267885,0.005407653910149751,
RL-s0-b100-a1.00,rl,1.0,2,results/es_killfirst/ckpt_seed0_gen00100.npz,100,0,BT-v2,10053,0,1.0,1,0,0,gun_kill,81.44999999999752,100.0,0.0,3.999999999999994,81.44999999999752,0.0,0.0,0.0343980343980344,5488.00248267839
RL-s0-b100-a1.00,rl,1.0,2,results/es_killfirst/ckpt_seed0_gen00100.npz,100,0,BT-v2,10053,1,0.5,0,1,0,timeout,120.19999999999531,0.0,0.0,0.0,120.19999999999531,0.0,0.0,0.005823627287853577,
RL-s0-b100-a1.00,rl,1.0,2,results/es_killfirst/ckpt_seed0_gen00100.npz,100,0,BT-v2,10054,0,1.0,1,0,0,timeout,120.19999999999531,6.25,0.0,0.25,120.19999999999531,0.0,0.0,0.006239600665557404,3983.5672682667155
RL-s0-b100-a1.00,rl,1.0,2,results/es_killfirst/ckpt_seed0_gen00100.npz,100,0,BT-v2,10054,1,0.5,0,1,0,timeout,120.19999999999531,0.0,0.0,0.0,120.19999999999531,0.0,0.0,0.0074875207986688855,
RL-s0-b100-a1.00,rl,1.0,2,results/es_killfirst/ckpt_seed0_gen00100.npz,100,0,BT-v2,10055,0,1.0,1,0,0,timeout,120.19999999999531,17.5,0.0,0.7000000000000001,120.19999999999531,0.0,0.004991680532445923,0.006239600665557404,4059.0552815139145
RL-s0-b100-a1.00,rl,1.0,2,results/es_killfirst/ckpt_seed0_gen00100.npz,100,0,BT-v2,10055,1,0.5,0,1,0,timeout,120.19999999999531,0.0,0.0,0.0,120.19999999999531,0.15391014975041598,0.004575707154742097,0.029118136439267885,
RL-s0-b100-a1.00,rl,1.0,2,results/es_killfirst/ckpt_seed0_gen00100.npz,100,0,BT-v2,10056,0,0.5,0,1,0,collision,5.349999999999989,18.75,7.5,0.7500000000000001,5.349999999999989,0.0,0.9230769230769231,0.04807692307692308,6227.391216651669
RL-s0-b100-a1.00,rl,1.0,2,results/es_killfirst/ckpt_seed0_gen00100.npz,100,0,BT-v2,10056,1,1.0,1,0,0,timeout,120.19999999999531,6.25,0.0,0.25,120.19999999999531,0.0,0.055324459234608984,0.0037437603993344427,
RL-s0-b100-a1.00,rl,1.0,2,results/es_killfirst/ckpt_seed0_gen00100.npz,100,0,BT-v2,10057,0,1.0,1,0,0,timeout,120.19999999999531,38.75,0.0,1.5500000000000007,120.19999999999531,0.0,0.0,0.0066555740432612314,4460.48211599172
RL-s0-b100-a1.00,rl,1.0,2,results/es_killfirst/ckpt_seed0_gen00100.npz,100,0,BT-v2,10057,1,0.5,0,1,0,timeout,120.19999999999531,0.0,0.0,0.0,120.19999999999531,0.0,0.0,0.0,
RL-s0-b100-a1.00,rl,1.0,2,results/es_killfirst/ckpt_seed0_gen00100.npz,100,0,BT-v2,10058,0,0.5,0,1,0,collision,88.59999999999711,21.25,0.0,0.8500000000000002,88.59999999999711,0.14592760180995476,0.0673076923076923,0.051470588235294115,3383.5147103198337
RL-s0-b100-a1.00,rl,1.0,2,results/es_killfirst/ckpt_seed0_gen00100.npz,100,0,BT-v2,10058,1,0.5,0,1,0,timeout,120.19999999999531,0.0,0.0,0.0,120.19999999999531,0.10856905158069884,0.045757071547420966,0.0,
RL-s0-b100-a1.00,rl,1.0,2,results/es_killfirst/ckpt_seed0_gen00100.npz,100,0,BT-v2,10059,0,0.5,0,1,0,timeout,120.19999999999531,0.0,0.0,0.0,120.19999999999531,0.0,0.0033277870216306157,0.0016638935108153079,5005.53549270025
RL-s0-b100-a1.00,rl,1.0,2,results/es_killfirst/ckpt_seed0_gen00100.npz,100,0,BT-v2,10059,1,0.5,0,1,0,timeout,120.19999999999531,0.0,0.0,0.0,120.19999999999531,0.0,0.0033277870216306157,0.0074875207986688855,
RL-s0-b100-a1.00,rl,1.0,2,results/es_killfirst/ckpt_seed0_gen00100.npz,100,0,BT-v2,10060,0,0.5,0,1,0,collision,110.19999999999588,15.0,0.0,0.6,110.19999999999588,0.0,0.03954545454545454,0.03363636363636364,4592.88894642721
RL-s0-b100-a1.00,rl,1.0,2,results/es_killfirst/ckpt_seed0_gen00100.npz,100,0,BT-v2,10060,1,1.0,1,0,0,timeout,120.19999999999531,3.75,0.0,0.15000000000000002,120.19999999999531,0.0,0.03494176372712146,0.0033277870216306157,
RL-s0-b100-a1.00,rl,1.0,2,results/es_killfirst/ckpt_seed0_gen00100.npz,100,0,BT-v2,10061,0,0.5,0,1,0,timeout,120.19999999999531,0.0,0.0,0.0,120.19999999999531,0.0,0.04409317803660566,0.005407653910149751,4712.769815346393
RL-s0-b100-a1.00,rl,1.0,2,results/es_killfirst/ckpt_seed0_gen00100.npz,100,0,BT-v2,10061,1,1.0,1,0,0,timeout,120.19999999999531,16.25,0.0,0.65,120.19999999999531,0.0,0.0478369384359401,0.007903494176372712,
RL-s0-b100-a1.00,rl,1.0,2,results/es_killfirst/ckpt_seed0_gen00100.npz,100,0,BT-v2,10062,0,0.5,0,1,0,collision,111.24999999999582,36.25,0.0,1.4500000000000006,111.24999999999582,0.0,0.06969424460431654,0.03911870503597122,4481.950458437533
RL-s0-b100-a1.00,rl,1.0,2,results/es_killfirst/ckpt_seed0_gen00100.npz,100,0,BT-v2,10062,1,1.0,1,0,0,timeout,120.19999999999531,10.0,0.0,0.39999999999999997,120.19999999999531,0.0,0.06364392678868552,0.0,
RL-s0-b100-a1.00,rl,1.0,2,results/es_killfirst/ckpt_seed0_gen00100.npz,100,0,BT-v2,10063,0,0.5,0,1,0,collision,117.79999999999545,0.0,6.25,0.0,117.79999999999545,0.18962585034013604,0.022534013605442178,0.034013605442176874,3251.871687462998
RL-s0-b100-a1.00,rl,1.0,2,results/es_killfirst/ckpt_seed0_gen00100.npz,100,0,BT-v2,10063,1,0.5,0,1,0,timeout,120.19999999999531,0.0,0.0,0.0,120.19999999999531,0.008319467554076539,0.02454242928452579,0.004575707154742097,
RL-s0-b100-a1.00,rl,1.0,2,results/es_killfirst/ckpt_seed0_gen00100.npz,100,0,BT-v2,10064,0,0.5,0,1,0,timeout,120.19999999999531,0.0,0.0,0.0,120.19999999999531,0.0,0.022878535773710483,0.0066555740432612314,5400.412311531135
RL-s0-b100-a1.00,rl,1.0,2,results/es_killfirst/ckpt_seed0_gen00100.npz,100,0,BT-v2,10064,1,1.0,1,0,0,gun_kill,22.10000000000018,100.0,0.0,3.999999999999994,22.10000000000018,0.0,0.11136363636363636,0.0,
RL-s0-b100-a1.00,rl,1.0,2,results/es_killfirst/ckpt_seed0_gen00100.npz,100,0,BT-v2,10065,0,1.0,1,0,0,timeout,120.19999999999531,7.5,0.0,0.3,120.19999999999531,0.0,0.027038269550748752,0.005823627287853577,4259.004907496833
RL-s0-b100-a1.00,rl,1.0,2,results/es_killfirst/ckpt_seed0_gen00100.npz,100,0,BT-v2,10065,1,0.0,0,0,1,timeout,120.19999999999531,0.0,13.75,0.0,120.19999999999531,0.0,0.02454242928452579,0.011231281198003328,
RL-s0-b100-a1.00,rl,1.0,2,results/es_killfirst/ckpt_seed0_gen00100.npz,100,0,BT-v2,10066,0,0.5,0,1,0,timeout,120.19999999999531,0.0,0.0,0.0,120.19999999999531,0.0,0.044509151414309486,0.009151414309484194,4718.549096369339
RL-s0-b100-a1.00,rl,1.0,2,results/es_killfirst/ckpt_seed0_gen00100.npz,100,0,BT-v2,10066,1,0.5,0,1,0,collision,91.94999999999692,33.75,0.0,1.3500000000000005,91.94999999999692,0.0,0.06209150326797386,0.04357298474945534,
RL-s0-b100-a1.00,rl,1.0,2,results/es_killfirst/ckpt_seed0_gen00100.npz,100,0,BT-v2,10067,0,0.5,0,1,0,timeout,120.19999999999531,0.0,0.0,0.0,120.19999999999531,0.0,0.01622296173044925,0.0,5102.395602760635
RL-s0-b100-a1.00,rl,1.0,2,results/es_killfirst/ckpt_seed0_gen00100.npz,100,0,BT-v2,10067,1,0.5,0,1,0,timeout,120.19999999999531,0.0,0.0,0.0,120.19999999999531,0.0,0.015391014975041598,0.0,
RL-s0-b100-a1.00,rl,1.0,2,results/es_killfirst/ckpt_seed0_gen00100.npz,100,0,BT-v2,10068,0,1.0,1,0,0,timeout,120.19999999999531,3.75,0.0,0.15000000000000002,120.19999999999531,0.0,0.030782029950083195,0.021630615640599003,4900.389383050935
RL-s0-b100-a1.00,rl,1.0,2,results/es_killfirst/ckpt_seed0_gen00100.npz,100,0,BT-v2,10068,1,1.0,1,0,0,timeout,120.19999999999531,5.0,0.0,0.2,120.19999999999531,0.0,0.03826955074875208,0.007071547420965058,
RL-s0-b100-a1.00,rl,1.0,2,results/es_killfirst/ckpt_seed0_gen00100.npz,100,0,BT-v2,10069,0,1.0,1,0,0,timeout,120.19999999999531,6.25,0.0,0.25,120.19999999999531,0.0,0.008319467554076539,0.0066555740432612314,4973.501030196608
RL-s0-b100-a1.00,rl,1.0,2,results/es_killfirst/ckpt_seed0_gen00100.npz,100,0,BT-v2,10069,1,0.5,0,1,0,timeout,120.19999999999531,0.0,0.0,0.0,120.19999999999531,0.0,0.008319467554076539,0.015806988352745424,
RL-s0-b100-a1.00,rl,1.0,2,results/es_killfirst/ckpt_seed0_gen00100.npz,100,0,BT-v2,10070,0,1.0,1,0,0,timeout,120.19999999999531,11.25,0.0,0.44999999999999996,120.19999999999531,0.0,0.012063227953410981,0.004575707154742097,5755.902197291836
RL-s0-b100-a1.00,rl,1.0,2,results/es_killfirst/ckpt_seed0_gen00100.npz,100,0,BT-v2,10070,1,0.5,0,1,0,timeout,120.19999999999531,0.0,0.0,0.0,120.19999999999531,0.0,0.012479201331114808,0.004991680532445923,
RL-s0-b100-a1.00,rl,1.0,2,results/es_killfirst/ckpt_seed0_gen00100.npz,100,0,BT-v2,10071,0,1.0,1,0,0,timeout,120.19999999999531,10.0,0.0,0.39999999999999997,120.19999999999531,0.0,0.0,0.012895174708818636,4720.528602942642
RL-s0-b100-a1.00,rl,1.0,2,results/es_killfirst/ckpt_seed0_gen00100.npz,100,0,BT-v2,10071,1,0.5,0,1,0,collision,95.39999999999672,21.25,0.0,0.8500000000000002,95.39999999999672,0.0,0.0,0.03571428571428571,
RL-s0-b100-a1.00,rl,1.0,2,results/es_killfirst/ckpt_seed0_gen00100.npz,100,0,BT-v2,10072,0,0.0,0,0,1,gun_kill,71.2499999999981,0.0,100.0,0.0,71.2499999999981,0.0,0.0,0.03160112359550562,5593.252422853764
RL-s0-b100-a1.00,rl,1.0,2,results/es_killfirst/ckpt_seed0_gen00100.npz,100,0,BT-v2,10072,1,0.5,0,1,0,collision,79.04999999999765,40.0,0.0,1.6000000000000008,79.04999999999765,0.0,0.0,0.04493670886075949,
RL-s0-b100-a1.00,rl,1.0,2,results/es_killfirst/ckpt_seed0_gen00100.npz,100,0,BT-v2,10073,0,0.5,0,1,0,collision,103.54999999999626,17.5,0.0,0.7000000000000001,103.54999999999626,0.0,0.033365570599613155,0.03481624758220503,4381.465641163304
RL-s0-b100-a1.00,rl,1.0,2,results/es_killfirst/ckpt_seed0_gen00100.npz,100,0,BT-v2,10073,1,0.5,0,1,0,timeout,120.19999999999531,0.0,0.0,0.0,120.19999999999531,0.0,0.030782029950083195,0.007903494176372712,
RL-s0-b100-a1.00,rl,1.0,2,results/es_killfirst/ckpt_seed0_gen00100.npz,100,0,BT-v2,10074,0,0.5,0,1,0,timeout,120.19999999999531,0.0,0.0,0.0,120.19999999999531,0.0,0.04658901830282862,0.0,5476.628099080586
RL-s0-b100-a1.00,rl,1.0,2,results/es_killfirst/ckpt_seed0_gen00100.npz,100,0,BT-v2,10074,1,0.0,0,0,1,timeout,120.19999999999531,0.0,6.25,0.0,120.19999999999531,0.0,0.04866888519134775,0.004575707154742097,
RL-s0-b100-a1.00,rl,1.0,2,results/es_killfirst/ckpt_seed0_gen00100.npz,100,0,BT-v2,10075,0,0.5,0,1,0,collision,91.84999999999692,67.5,0.0,2.6999999999999984,91.84999999999692,0.0,0.029956427015250545,0.04847494553376906,4690.643615557636
RL-s0-b100-a1.00,rl,1.0,2,results/es_killfirst/ckpt_seed0_gen00100.npz,100,0,BT-v2,10075,1,0.5,0,1,0,timeout,120.19999999999531,0.0,0.0,0.0,120.19999999999531,0.0,0.021214642262895173,0.0,
RL-s0-b100-a1.00,rl,1.0,2,results/es_killfirst/ckpt_seed0_gen00100.npz,100,0,BT-v2,10076,0,0.5,0,1,0,collision,85.99999999999726,52.5,0.0,2.1000000000000005,85.99999999999726,0.0,0.03146853146853147,0.04487179487179487,4710.906806439797
RL-s0-b100-a1.00,rl,1.0,2,results/es_killfirst/ckpt_seed0_gen00100.npz,100,0,BT-v2,10076,1,0.5,0,1,0,collision,112.04999999999578,32.5,0.0,1.3000000000000005,112.04999999999578,0.0,0.023214285714285715,0.04151785714285714,
RL-s0-b100-a1.00,rl,1.0,2,results/es_killfirst/ckpt_seed0_gen00100.npz,100,0,BT-v2,10077,0,0.5,0,1,0,timeout,120.19999999999531,0.0,0.0,0.0,120.19999999999531,0.0,0.01788685524126456,0.008735440931780365,4005.7899874582968
RL-s0-b100-a1.00,rl,1.0,2,results/es_killfirst/ckpt_seed0_gen00100.npz,100,0,BT-v2,10077,1,0.5,0,1,0,timeout,120.19999999999531,0.0,0.0,0.0,120.19999999999531,0.0,0.018718801996672214,0.0,
RL-s0-b100-a1.00,rl,1.0,2,results/es_killfirst/ckpt_seed0_gen00100.npz,100,0,BT-v2,10078,0,0.5,0,1,0,timeout,120.19999999999531,0.0,0.0,0.0,120.19999999999531,0.0,0.03868552412645591,0.0,5298.650533589825
RL-s0-b100-a1.00,rl,1.0,2,results/es_killfirst/ckpt_seed0_gen00100.npz,100,0,BT-v2,10078,1,0.5,0,1,0,collision,78.74999999999767,38.75,0.0,1.5500000000000007,78.74999999999767,0.0,0.06361323155216285,0.04262086513994911,
RL-s0-b100-a1.00,rl,1.0,2,results/es_killfirst/ckpt_seed0_gen00100.npz,100,0,BT-v2,10079,0,1.0,1,0,0,gun_kill,64.1499999999985,100.0,0.0,3.999999999999994,64.1499999999985,0.0,0.0,0.0375,4982.3169215298585
RL-s0-b100-a1.00,rl,1.0,2,results/es_killfirst/ckpt_seed0_gen00100.npz,100,0,BT-v2,10079,1,0.0,0,0,1,gun_kill,71.39999999999809,0.0,100.0,0.0,71.39999999999809,0.0,0.0,0.0351123595505618,
RL-s0-b100-a1.00,rl,1.0,2,results/es_killfirst/ckpt_seed0_gen00100.npz,100,0,BT-v2,10080,0,0.5,0,1,0,timeout,120.19999999999531,0.0,0.0,0.0,120.19999999999531,0.0,0.015806988352745424,0.0,4547.132567878903
RL-s0-b100-a1.00,rl,1.0,2,results/es_killfirst/ckpt_seed0_gen00100.npz,100,0,BT-v2,10080,1,1.0,1,0,0,timeout,120.19999999999531,13.75,0.0,0.5499999999999999,120.19999999999531,0.0,0.015391014975041598,0.018302828618968387,
RL-s0-b100-a1.00,rl,1.0,2,results/es_killfirst/ckpt_seed0_gen00100.npz,100,0,BT-v2,10081,0,1.0,1,0,0,timeout,120.19999999999531,7.5,0.0,0.3,120.19999999999531,0.0,0.0,0.007903494176372712,5540.824576384175
RL-s0-b100-a1.00,rl,1.0,2,results/es_killfirst/ckpt_seed0_gen00100.npz,100,0,BT-v2,10081,1,1.0,1,0,0,timeout,120.19999999999531,23.75,0.0,0.9500000000000003,120.19999999999531,0.0,0.0,0.010815307820299502,
RL-s0-b100-a1.00,rl,1.0,2,results/es_killfirst/ckpt_seed0_gen00100.npz,100,0,BT-v2,10082,0,1.0,1,0,0,timeout,120.19999999999531,27.5,6.25,1.1000000000000003,120.19999999999531,0.0,0.01913477537437604,0.034525790349417634,4314.833733929714
RL-s0-b100-a1.00,rl,1.0,2,results/es_killfirst/ckpt_seed0_gen00100.npz,100,0,BT-v2,10082,1,1.0,1,0,0,timeout,120.19999999999531,41.25,0.0,1.6500000000000008,120.19999999999531,0.0,0.018718801996672214,0.005823627287853577,
RL-s0-b100-a1.00,rl,1.0,2,results/es_killfirst/ckpt_seed0_gen00100.npz,100,0,BT-v2,10083,0,0.5,0,1,0,timeout,120.19999999999531,0.0,0.0,0.0,120.19999999999531,0.0,0.051580698835274545,0.0024958402662229617,5269.017554925926
RL-s0-b100-a1.00,rl,1.0,2,results/es_killfirst/ckpt_seed0_gen00100.npz,100,0,BT-v2,10083,1,0.0,0,0,1,timeout,120.19999999999531,5.0,13.75,0.2,120.19999999999531,0.0,0.050748752079866885,0.004991680532445923,
RL-s0-b100-a1.00,rl,1.0,2,results/es_killfirst/ckpt_seed0_gen00100.npz,100,0,BT-v2,10084,0,0.5,0,1,0,collision,93.14999999999685,66.25,0.0,2.6499999999999986,93.14999999999685,0.0,0.0,0.03494623655913978,4817.165303081183
RL-s0-b100-a1.00,rl,1.0,2,results/es_killfirst/ckpt_seed0_gen00100.npz,100,0,BT-v2,10084,1,0.5,0,1,0,timeout,120.19999999999531,0.0,0.0,0.0,120.19999999999531,0.0,0.0,0.005823627287853577,
RL-s0-b100-a1.00,rl,1.0,2,results/es_killfirst/ckpt_seed0_gen00100.npz,100,0,BT-v2,10085,0,1.0,1,0,0,timeout,120.19999999999531,13.75,0.0,0.5499999999999999,120.19999999999531,0.0,0.0,0.011231281198003328,4958.690395496706
RL-s0-b100-a1.00,rl,1.0,2,results/es_killfirst/ckpt_seed0_gen00100.npz,100,0,BT-v2,10085,1,1.0,1,0,0,timeout,120.19999999999531,53.75,11.25,2.1500000000000004,120.19999999999531,0.0,0.0,0.04201331114808652,
RL-s0-b100-a1.00,rl,1.0,2,results/es_killfirst/ckpt_seed0_gen00100.npz,100,0,BT-v2,10086,0,0.5,0,1,0,timeout,120.19999999999531,0.0,0.0,0.0,120.19999999999531,0.0,0.0,0.0,5068.965424747225
RL-s0-b100-a1.00,rl,1.0,2,results/es_killfirst/ckpt_seed0_gen00100.npz,100,0,BT-v2,10086,1,0.5,0,1,0,collision,76.84999999999778,20.0,0.0,0.8000000000000002,76.84999999999778,0.0,0.0,0.046223958333333336,
RL-s0-b100-a1.00,rl,1.0,2,results/es_killfirst/ckpt_seed0_gen00100.npz,100,0,BT-v2,10087,0,0.5,0,1,0,timeout,120.19999999999531,0.0,0.0,0.0,120.19999999999531,0.0,0.04409317803660566,0.004575707154742097,4839.222590393227
RL-s0-b100-a1.00,rl,1.0,2,results/es_killfirst/ckpt_seed0_gen00100.npz,100,0,BT-v2,10087,1,1.0,1,0,0,timeout,120.19999999999531,22.5,0.0,0.9000000000000002,120.19999999999531,0.0,0.04284525790349417,0.004575707154742097,
RL-s0-b100-a1.00,rl,1.0,2,results/es_killfirst/ckpt_seed0_gen00100.npz,100,0,BT-v2,10088,0,1.0,1,0,0,timeout,120.19999999999531,13.75,0.0,0.5499999999999999,120.19999999999531,0.0,0.0,0.005407653910149751,4409.3944847994535
RL-s0-b100-a1.00,rl,1.0,2,results/es_killfirst/ckpt_seed0_gen00100.npz,100,0,BT-v2,10088,1,0.5,0,1,0,collision,78.1499999999977,33.75,12.5,1.3500000000000005,78.1499999999977,0.0,0.0,0.04871794871794872,
RL-s0-b100-a1.00,rl,1.0,2,results/es_killfirst/ckpt_seed0_gen00100.npz,100,0,BT-v2,10089,0,1.0,1,0,0,timeout,120.19999999999531,1.25,0.0,0.05,120.19999999999531,0.0,0.0,0.0,6254.309949948533
RL-s0-b100-a1.00,rl,1.0,2,results/es_killfirst/ckpt_seed0_gen00100.npz,100,0,BT-v2,10089,1,0.5,0,1,0,timeout,120.19999999999531,0.0,0.0,0.0,120.19999999999531,0.0,0.0,0.0,
RL-s0-b100-a1.00,rl,1.0,2,results/es_killfirst/ckpt_seed0_gen00100.npz,100,0,BT-v2,10090,0,0.5,0,1,0,timeout,120.19999999999531,0.0,0.0,0.0,120.19999999999531,0.0,0.013311148086522463,0.0,3943.5057828956037
RL-s0-b100-a1.00,rl,1.0,2,results/es_killfirst/ckpt_seed0_gen00100.npz,100,0,BT-v2,10090,1,1.0,1,0,0,timeout,120.19999999999531,2.5,0.0,0.1,120.19999999999531,0.0,0.014559068219633943,0.0008319467554076539,
RL-s0-b100-a1.00,rl,1.0,2,results/es_killfirst/ckpt_seed0_gen00100.npz,100,0,BT-v2,10091,0,1.0,1,0,0,timeout,120.19999999999531,3.75,0.0,0.15000000000000002,120.19999999999531,0.0,0.06780366056572379,0.013311148086522463,4340.343369327343
RL-s0-b100-a1.00,rl,1.0,2,results/es_killfirst/ckpt_seed0_gen00100.npz,100,0,BT-v2,10091,1,0.5,0,1,0,timeout,120.19999999999531,0.0,0.0,0.0,120.19999999999531,0.0,0.058652246256239604,0.0,
RL-s0-b100-a1.00,rl,1.0,2,results/es_killfirst/ckpt_seed0_gen00100.npz,100,0,BT-v2,10092,0,1.0,1,0,0,gun_kill,108.74999999999596,100.0,3.75,3.999999999999994,108.74999999999596,0.0,0.0,0.046500920810313075,4662.675667269266
RL-s0-b100-a1.00,rl,1.0,2,results/es_killfirst/ckpt_seed0_gen00100.npz,100,0,BT-v2,10092,1,1.0,1,0,0,timeout,120.19999999999531,26.25,0.0,1.0500000000000003,120.19999999999531,0.0,0.0,0.005823627287853577,
RL-s0-b100-a1.00,rl,1.0,2,results/es_killfirst/ckpt_seed0_gen00100.npz,100,0,BT-v2,10093,0,1.0,1,0,0,timeout,120.19999999999531,32.5,0.0,1.3000000000000005,120.19999999999531,0.07113144758735442,0.0,0.0,4480.311804235658
RL-s0-b100-a1.00,rl,1.0,2,results/es_killfirst/ckpt_seed0_gen00100.npz,100,0,BT-v2,10093,1,0.5,0,1,0,timeout,120.19999999999531,0.0,0.0,0.0,120.19999999999531,0.0,0.0,0.00041597337770382697,
RL-s0-b100-a1.00,rl,1.0,2,results/es_killfirst/ckpt_seed0_gen00100.npz,100,0,BT-v2,10094,0,0.0,0,0,1,timeout,120.19999999999531,0.0,11.25,0.0,120.19999999999531,0.0,0.045757071547420966,0.014975041597337771,4412.170183731581
RL-s0-b100-a1.00,rl,1.0,2,results/es_killfirst/ckpt_seed0_gen00100.npz,100,0,BT-v2,10094,1,1.0,1,0,0,timeout,120.19999999999531,12.5,0.0,0.49999999999999994,120.19999999999531,0.0,0.04492512479201331,0.01747088186356073,
RL-s0-b100-a1.00,rl,1.0,2,results/es_killfirst/ckpt_seed0_gen00100.npz,100,0,BT-v2,10095,0,0.0,0,0,1,timeout,120.19999999999531,0.0,12.5,0.0,120.19999999999531,0.0,0.0,0.005407653910149751,4994.325396967723
RL-s0-b100-a1.00,rl,1.0,2,results/es_killfirst/ckpt_seed0_gen00100.npz,100,0,BT-v2,10095,1,1.0,1,0,0,gun_kill,102.04999999999634,100.0,0.0,3.999999999999994,102.04999999999634,0.0,0.0,0.012745098039215686,
RL-s0-b100-a1.00,rl,1.0,2,results/es_killfirst/ckpt_seed0_gen00100.npz,100,0,BT-v2,10096,0,0.5,0,1,0,collision,107.69999999999602,22.5,0.0,0.9000000000000002,107.69999999999602,0.20213754646840149,0.05715613382899628,0.05390334572490706,3329.63671773008
RL-s0-b100-a1.00,rl,1.0,2,results/es_killfirst/ckpt_seed0_gen00100.npz,100,0,BT-v2,10096,1,0.5,0,1,0,timeout,120.19999999999531,0.0,0.0,0.0,120.19999999999531,0.2021630615640599,0.05449251247920133,0.0,
RL-s0-b100-a1.00,rl,1.0,2,results/es_killfirst/ckpt_seed0_gen00100.npz,100,0,BT-v2,10097,0,1.0,1,0,0,timeout,120.19999999999531,6.25,0.0,0.25,120.19999999999531,0.0,0.05948419301164726,0.005823627287853577,5078.531573478842
RL-s0-b100-a1.00,rl,1.0,2,results/es_killfirst/ckpt_seed0_gen00100.npz,100,0,BT-v2,10097,1,0.5,0,1,0,timeout,120.19999999999531,0.0,0.0,0.0,120.19999999999531,0.0,0.055324459234608984,0.0,
RL-s0-b100-a1.00,rl,1.0,2,results/es_killfirst/ckpt_seed0_gen00100.npz,100,0,BT-v2,10098,0,1.0,1,0,0,timeout,120.19999999999531,6.25,0.0,0.25,120.19999999999531,0.0,0.020798668885191347,0.004575707154742097,4017.0483942659125
RL-s0-b100-a1.00,rl,1.0,2,results/es_killfirst/ckpt_seed0_gen00100.npz,100,0,BT-v2,10098,1,1.0,1,0,0,gun_kill,19.750000000000146,100.0,0.0,3.999999999999994,19.750000000000146,0.0,0.12755102040816327,0.0,
RL-s0-b100-a1.00,rl,1.0,2,results/es_killfirst/ckpt_seed0_gen00100.npz,100,0,BT-v2,10099,0,0.5,0,1,0,timeout,120.19999999999531,0.0,0.0,0.0,120.19999999999531,0.13810316139767054,0.0,0.03369384359400998,3439.4293682320695
RL-s0-b100-a1.00,rl,1.0,2,results/es_killfirst/ckpt_seed0_gen00100.npz,100,0,BT-v2,10099,1,0.5,0,1,0,timeout,120.19999999999531,0.0,0.0,0.0,120.19999999999531,0.09941763727121464,0.0,0.03369384359400998,
RL-s0-b100-a1.00,rl,1.0,2,results/es_killfirst/ckpt_seed0_gen00100.npz,100,0,BT-v3,10000,0,0.5,0,1,0,timeout,120.19999999999531,0.0,0.0,0.0,120.19999999999531,0.0,0.025790349417637273,0.0066555740432612314,5060.544799631464
RL-s0-b100-a1.00,rl,1.0,2,results/es_killfirst/ckpt_seed0_gen00100.npz,100,0,BT-v3,10000,1,1.0,1,0,0,gun_kill,93.19999999999685,100.0,0.0,3.999999999999994,93.19999999999685,0.0,0.03602150537634408,0.034408602150537634,
RL-s0-b100-a1.00,rl,1.0,2,results/es_killfirst/ckpt_seed0_gen00100.npz,100,0,BT-v3,10001,0,1.0,1,0,0,gun_kill,77.49999999999774,100.0,0.0,3.999999999999994,77.49999999999774,0.0,0.003875968992248062,0.029069767441860465,4558.307593380613
RL-s0-b100-a1.00,rl,1.0,2,results/es_killfirst/ckpt_seed0_gen00100.npz,100,0,BT-v3,10001,1,1.0,1,0,0,gun_kill,73.94999999999794,100.0,0.0,3.999999999999994,73.94999999999794,0.0,0.0,0.0,
RL-s0-b100-a1.00,rl,1.0,2,results/es_killfirst/ckpt_seed0_gen00100.npz,100,0,BT-v3,10002,0,0.5,0,1,0,timeout,120.19999999999531,0.0,0.0,0.0,120.19999999999531,0.0,0.027038269550748752,0.004991680532445923,4710.181078028967
RL-s0-b100-a1.00,rl,1.0,2,results/es_killfirst/ckpt_seed0_gen00100.npz,100,0,BT-v3,10002,1,1.0,1,0,0,timeout,120.19999999999531,11.25,0.0,0.44999999999999996,120.19999999999531,0.0,0.03161397670549085,0.0,
RL-s0-b100-a1.00,rl,1.0,2,results/es_killfirst/ckpt_seed0_gen00100.npz,100,0,BT-v3,10003,0,0.0,0,0,1,gun_kill,75.09999999999788,0.0,100.0,0.0,75.09999999999788,0.0,0.108,0.02666666666666667,5954.064215705057
RL-s0-b100-a1.00,rl,1.0,2,results/es_killfirst/ckpt_seed0_gen00100.npz,100,0,BT-v3,10003,1,1.0,1,0,0,timeout,120.19999999999531,27.5,0.0,1.1000000000000003,120.19999999999531,0.0,0.05823627287853577,0.0,
RL-s0-b100-a1.00,rl,1.0,2,results/es_killfirst/ckpt_seed0_gen00100.npz,100,0,BT-v3,10004,0,1.0,1,0,0,gun_kill,96.39999999999667,100.0,12.5,3.999999999999994,96.39999999999667,0.0,0.028066528066528068,0.033783783783783786,4058.798382968217
RL-s0-b100-a1.00,rl,1.0,2,results/es_killfirst/ckpt_seed0_gen00100.npz,100,0,BT-v3,10004,1,1.0,1,0,0,gun_kill,115.54999999999558,100.0,0.0,3.999999999999994,115.54999999999558,0.0,0.021663778162911613,0.0,
RL-s0-b100-a1.00,rl,1.0,2,results/es_killfirst/ckpt_seed0_gen00100.npz,100,0,BT-v3,10005,0,1.0,1,0,0,timeout,120.19999999999531,17.5,8.75,0.7000000000000001,120.19999999999531,0.0,0.0786189683860233,0.0033277870216306157,4808.6632026594025
RL-s0-b100-a1.00,rl,1.0,2,results/es_killfirst/ckpt_seed0_gen00100.npz,100,0,BT-v3,10005,1,1.0,1,0,0,timeout,120.19999999999531,28.75,0.0,1.1500000000000004,120.19999999999531,0.0,0.08361064891846921,0.0020798668885191347,
RL-s0-b100-a1.00,rl,1.0,2,results/es_killfirst/ckpt_seed0_gen00100.npz,100,0,BT-v3,10006,0,0.0,0,0,1,timeout,120.19999999999531,0.0,13.75,0.0,120.19999999999531,0.0,0.008319467554076539,0.010815307820299502,4928.6819409446225
RL-s0-b100-a1.00,rl,1.0,2,results/es_killfirst/ckpt_seed0_gen00100.npz,100,0,BT-v3,10006,1,1.0,1,0,0,gun_kill,85.44999999999729,100.0,0.0,3.999999999999994,85.44999999999729,0.0,0.01288056206088993,0.02576112412177986,
RL-s0-b100-a1.00,rl,1.0,2,results/es_killfirst/ckpt_seed0_gen00100.npz,100,0,BT-v3,10007,0,1.0,1,0,0,timeout,120.19999999999531,6.25,0.0,0.25,120.19999999999531,0.0,0.018718801996672214,0.0024958402662229617,4143.770962629889
RL-s0-b100-a1.00,rl,1.0,2,results/es_killfirst/ckpt_seed0_gen00100.npz,100,0,BT-v3,10007,1,1.0,1,0,0,timeout,120.19999999999531,8.75,0.0,0.35,120.19999999999531,0.0,0.021214642262895173,0.0,
RL-s0-b100-a1.00,rl,1.0,2,results/es_killfirst/ckpt_seed0_gen00100.npz,100,0,BT-v3,10008,0,0.0,0,0,1,timeout,120.19999999999531,0.0,6.25,0.0,120.19999999999531,0.0,0.034525790349417634,0.0,4855.725795207364
RL-s0-b100-a1.00,rl,1.0,2,results/es_killfirst/ckpt_seed0_gen00100.npz,100,0,BT-v3,10008,1,1.0,1,0,0,gun_kill,97.4999999999966,100.0,0.0,3.999999999999994,97.4999999999966,0.0,0.04004106776180698,0.021560574948665298,
RL-s0-b100-a1.00,rl,1.0,2,results/es_killfirst/ckpt_seed0_gen00100.npz,100,0,BT-v3,10009,0,1.0,1,0,0,gun_kill,96.34999999999667,100.0,2.5,3.999999999999994,96.34999999999667,0.0,0.034303534303534305,0.034823284823284825,4338.416326112354
RL-s0-b100-a1.00,rl,1.0,2,results/es_killfirst/ckpt_seed0_gen00100.npz,100,0,BT-v3,10009,1,1.0,1,0,0,timeout,120.19999999999531,7.5,0.0,0.3,120.19999999999531,0.0,0.023710482529118136,0.011231281198003328,
RL-s0-b100-a1.00,rl,1.0,2,results/es_killfirst/ckpt_seed0_gen00100.npz,100,0,BT-v3,10010,0,1.0,1,0,0,timeout,120.19999999999531,21.25,0.0,0.8500000000000002,120.19999999999531,0.0,0.05574043261231281,0.03286189683860233,4026.3675405749345
RL-s0-b100-a1.00,rl,1.0,2,results/es_killfirst/ckpt_seed0_gen00100.npz,100,0,BT-v3,10010,1,1.0,1,0,0,gun_kill,90.599999999997,100.0,15.0,3.999999999999994,90.599999999997,0.0,0.08296460176991151,0.025442477876106196,
RL-s0-b100-a1.00,rl,1.0,2,results/es_killfirst/ckpt_seed0_gen00100.npz,100,0,BT-v3,10011,0,1.0,1,0,0,timeout,120.19999999999531,5.0,0.0,0.2,120.19999999999531,0.0,0.0,0.0066555740432612314,5746.042011589019
RL-s0-b100-a1.00,rl,1.0,2,results/es_killfirst/ckpt_seed0_gen00100.npz,100,0,BT-v3,10011,1,1.0,1,0,0,gun_kill,78.84999999999766,100.0,0.0,3.999999999999994,78.84999999999766,0.0,0.0,0.02284263959390863,
RL-s0-b100-a1.00,rl,1.0,2,results/es_killfirst/ckpt_seed0_gen00100.npz,100,0,BT-v3,10012,0,0.5,0,1,0,collision,3.699999999999995,0.0,0.0,0.0,3.699999999999995,0.0,0.875,0.06944444444444445,6400.133115019414
RL-s0-b100-a1.00,rl,1.0,2,results/es_killfirst/ckpt_seed0_gen00100.npz,100,0,BT-v3,10012,1,1.0,1,0,0,gun_kill,102.69999999999631,100.0,0.0,3.999999999999994,102.69999999999631,0.0,0.08089668615984405,0.011208576998050682,
RL-s0-b100-a1.00,rl,1.0,2,results/es_killfirst/ckpt_seed0_gen00100.npz,100,0,BT-v3,10013,0,1.0,1,0,0,timeout,120.19999999999531,23.75,0.0,0.9500000000000003,120.19999999999531,0.0,0.03369384359400998,0.027038269550748752,4884.172423167664
RL-s0-b100-a1.00,rl,1.0,2,results/es_killfirst/ckpt_seed0_gen00100.npz,100,0,BT-v3,10013,1,0.5,0,1,0,timeout,120.19999999999531,0.0,0.0,0.0,120.19999999999531,0.0,0.032029950083194675,0.0,
RL-s0-b100-a1.00,rl,1.0,2,results/es_killfirst/ckpt_seed0_gen00100.npz,100,0,BT-v3,10014,0,1.0,1,0,0,timeout,120.19999999999531,6.25,0.0,0.25,120.19999999999531,0.0,0.0,0.0,5430.8929870539905
RL-s0-b100-a1.00,rl,1.0,2,results/es_killfirst/ckpt_seed0_gen00100.npz,100,0,BT-v3,10014,1,1.0,1,0,0,timeout,120.19999999999531,1.25,0.0,0.05,120.19999999999531,0.0,0.0,0.005407653910149751,
RL-s0-b100-a1.00,rl,1.0,2,results/es_killfirst/ckpt_seed0_gen00100.npz,100,0,BT-v3,10015,0,0.0,0,0,1,timeout,120.19999999999531,0.0,12.5,0.0,120.19999999999531,0.0,0.0,0.009983361064891847,4563.636886600324
RL-s0-b100-a1.00,rl,1.0,2,results/es_killfirst/ckpt_seed0_gen00100.npz,100,0,BT-v3,10015,1,1.0,1,0,0,timeout,120.19999999999531,12.5,0.0,0.49999999999999994,120.19999999999531,0.0,0.0,0.0037437603993344427,
RL-s0-b100-a1.00,rl,1.0,2,results/es_killfirst/ckpt_seed0_gen00100.npz,100,0,BT-v3,10016,0,1.0,1,0,0,gun_kill,69.04999999999822,100.0,0.0,3.999999999999994,69.04999999999822,0.0,0.0,0.04420289855072464,4097.862632673998
RL-s0-b100-a1.00,rl,1.0,2,results/es_killfirst/ckpt_seed0_gen00100.npz,100,0,BT-v3,10016,1,1.0,1,0,0,gun_kill,85.99999999999726,100.0,7.5,3.999999999999994,85.99999999999726,0.0,0.0,0.0472027972027972,
RL-s0-b100-a1.00,rl,1.0,2,results/es_killfirst/ckpt_seed0_gen00100.npz,100,0,BT-v3,10017,0,1.0,1,0,0,gun_kill,109.39999999999593,100.0,0.0,3.999999999999994,109.39999999999593,0.0,0.034340659340659344,0.0347985347985348,4610.923120253931
RL-s0-b100-a1.00,rl,1.0,2,results/es_killfirst/ckpt_seed0_gen00100.npz,100,0,BT-v3,10017,1,1.0,1,0,0,gun_kill,25.65000000000023,100.0,0.0,3.999999999999994,25.65000000000023,0.0,0.166015625,0.0,
RL-s0-b100-a1.00,rl,1.0,2,results/es_killfirst/ckpt_seed0_gen00100.npz,100,0,BT-v3,10018,0,0.5,0,1,0,timeout,120.19999999999531,0.0,0.0,0.0,120.19999999999531,0.0,0.014559068219633943,0.0,4489.008017381424
RL-s0-b100-a1.00,rl,1.0,2,results/es_killfirst/ckpt_seed0_gen00100.npz,100,0,BT-v3,10018,1,1.0,1,0,0,gun_kill,87.19999999999719,100.0,0.0,3.999999999999994,87.19999999999719,0.0,0.021839080459770115,0.026436781609195402,
RL-s0-b100-a1.00,rl,1.0,2,results/es_killfirst/ckpt_seed0_gen00100.npz,100,0,BT-v3,10019,0,1.0,1,0,0,gun_kill,88.44999999999712,100.0,0.0,3.999999999999994,88.44999999999712,0.0,0.0,0.02319004524886878,4859.252516720487
RL-s0-b100-a1.00,rl,1.0,2,results/es_killfirst/ckpt_seed0_gen00100.npz,100,0,BT-v3,10019,1,0.5,0,1,0,timeout,120.19999999999531,0.0,0.0,0.0,120.19999999999531,0.0,0.0,0.019550748752079867,
RL-s0-b100-a1.00,rl,1.0,2,results/es_killfirst/ckpt_seed0_gen00100.npz,100,0,BT-v3,10020,0,1.0,1,0,0,gun_kill,78.1499999999977,100.0,0.0,3.999999999999994,78.1499999999977,0.0,0.0,0.035897435897435895,5473.541212935747
RL-s0-b100-a1.00,rl,1.0,2,results/es_killfirst/ckpt_seed0_gen00100.npz,100,0,BT-v3,10020,1,1.0,1,0,0,timeout,120.19999999999531,58.75,1.25,2.3499999999999996,120.19999999999531,0.0,0.0,0.0324459234608985,
RL-s0-b100-a1.00,rl,1.0,2,results/es_killfirst/ckpt_seed0_gen00100.npz,100,0,BT-v3,10021,0,1.0,1,0,0,timeout,120.19999999999531,11.25,0.0,0.44999999999999996,120.19999999999531,0.0,0.058652246256239604,0.0262063227953411,4738.941111311385
RL-s0-b100-a1.00,rl,1.0,2,results/es_killfirst/ckpt_seed0_gen00100.npz,100,0,BT-v3,10021,1,1.0,1,0,0,gun_kill,101.99999999999635,100.0,0.0,3.999999999999994,101.99999999999635,0.14833005893909626,0.09970530451866405,0.0029469548133595285,
RL-s0-b100-a1.00,rl,1.0,2,results/es_killfirst/ckpt_seed0_gen00100.npz,100,0,BT-v3,10022,0,1.0,1,0,0,gun_kill,95.14999999999674,100.0,0.0,3.999999999999994,95.14999999999674,0.0,0.04842105263157895,0.034210526315789476,4886.364206015914
RL-s0-b100-a1.00,rl,1.0,2,results/es_killfirst/ckpt_seed0_gen00100.npz,100,0,BT-v3,10022,1,1.0,1,0,0,gun_kill,108.54999999999598,100.0,0.0,3.999999999999994,108.54999999999598,0.0,0.04151291512915129,0.04012915129151291,
RL-s0-b100-a1.00,rl,1.0,2,results/es_killfirst/ckpt_seed0_gen00100.npz,100,0,BT-v3,10023,0,0.5,0,1,0,timeout,120.19999999999531,0.0,0.0,0.0,120.19999999999531,0.0,0.036605657237936774,0.0,5432.385353234909
RL-s0-b100-a1.00,rl,1.0,2,results/es_killfirst/ckpt_seed0_gen00100.npz,100,0,BT-v3,10023,1,0.5,0,1,0,timeout,120.19999999999531,0.0,0.0,0.0,120.19999999999531,0.0,0.03494176372712146,0.0,
RL-s0-b100-a1.00,rl,1.0,2,results/es_killfirst/ckpt_seed0_gen00100.npz,100,0,BT-v3,10024,0,1.0,1,0,0,gun_kill,106.84999999999607,100.0,0.0,3.999999999999994,106.84999999999607,0.0,0.03604868913857678,0.007022471910112359,3756.555639603115
RL-s0-b100-a1.00,rl,1.0,2,results/es_killfirst/ckpt_seed0_gen00100.npz,100,0,BT-v3,10024,1,0.0,0,0,1,timeout,120.19999999999531,0.0,20.0,0.0,120.19999999999531,0.0,0.029950083194675542,0.013311148086522463,
RL-s0-b100-a1.00,rl,1.0,2,results/es_killfirst/ckpt_seed0_gen00100.npz,100,0,BT-v3,10025,0,0.5,0,1,0,timeout,120.19999999999531,0.0,0.0,0.0,120.19999999999531,0.0,0.0262063227953411,0.009151414309484194,6187.7026246177065
RL-s0-b100-a1.00,rl,1.0,2,results/es_killfirst/ckpt_seed0_gen00100.npz,100,0,BT-v3,10025,1,1.0,1,0,0,timeout,120.19999999999531,55.0,0.0,2.2,120.19999999999531,0.0,0.029118136439267885,0.0,
RL-s0-b100-a1.00,rl,1.0,2,results/es_killfirst/ckpt_seed0_gen00100.npz,100,0,BT-v3,10026,0,1.0,1,0,0,timeout,120.19999999999531,17.5,0.0,0.7000000000000001,120.19999999999531,0.0,0.064891846921797,0.009983361064891847,4444.1317715740815
RL-s0-b100-a1.00,rl,1.0,2,results/es_killfirst/ckpt_seed0_gen00100.npz,100,0,BT-v3,10026,1,1.0,1,0,0,timeout,120.19999999999531,56.25,6.25,2.25,120.19999999999531,0.0,0.057820299500831944,0.0,
RL-s0-b100-a1.00,rl,1.0,2,results/es_killfirst/ckpt_seed0_gen00100.npz,100,0,BT-v3,10027,0,1.0,1,0,0,gun_kill,42.34999999999973,100.0,0.0,3.999999999999994,42.34999999999973,0.0,0.2914691943127962,0.0,4470.269145369324
RL-s0-b100-a1.00,rl,1.0,2,results/es_killfirst/ckpt_seed0_gen00100.npz,100,0,BT-v3,10027,1,0.0,0,0,1,timeout,120.19999999999531,0.0,33.75,0.0,120.19999999999531,0.0,0.08236272878535773,0.005407653910149751,
RL-s0-b100-a1.00,rl,1.0,2,results/es_killfirst/ckpt_seed0_gen00100.npz,100,0,BT-v3,10028,0,0.0,0,0,1,gun_kill,68.29999999999826,0.0,100.0,0.0,68.29999999999826,0.0,0.0,0.03519061583577713,5462.017311055182
RL-s0-b100-a1.00,rl,1.0,2,results/es_killfirst/ckpt_seed0_gen00100.npz,100,0,BT-v3,10028,1,1.0,1,0,0,gun_kill,70.84999999999812,100.0,0.0,3.999999999999994,70.84999999999812,0.0,0.0,0.03036723163841808,
RL-s0-b100-a1.00,rl,1.0,2,results/es_killfirst/ckpt_seed0_gen00100.npz,100,0,BT-v3,10029,0,1.0,1,0,0,gun_kill,105.19999999999617,100.0,0.0,3.999999999999994,105.19999999999617,0.0,0.0,0.0,4467.424195980281
RL-s0-b100-a1.00,rl,1.0,2,results/es_killfirst/ckpt_seed0_gen00100.npz,100,0,BT-v3,10029,1,1.0,1,0,0,gun_kill,97.24999999999662,100.0,0.0,3.999999999999994,97.24999999999662,0.0,0.0,0.0,
RL-s0-b100-a1.00,rl,1.0,2,results/es_killfirst/ckpt_seed0_gen00100.npz,100,0,BT-v3,10030,0,1.0,1,0,0,timeout,120.19999999999531,55.0,12.5,2.2,120.19999999999531,0.0,0.05698835274542429,0.015391014975041598,3970.8366279847633
RL-s0-b100-a1.00,rl,1.0,2,results/es_killfirst/ckpt_seed0_gen00100.npz,100,0,BT-v3,10030,1,1.0,1,0,0,timeout,120.19999999999531,5.0,0.0,0.2,120.19999999999531,0.0,0.05615640599001664,0.005407653910149751,
RL-s0-b100-a1.00,rl,1.0,2,results/es_killfirst/ckpt_seed0_gen00100.npz,100,0,BT-v3,10031,0,0.5,0,1,0,timeout,120.19999999999531,0.0,0.0,0.0,120.19999999999531,0.0,0.05906821963394343,0.0,4821.8252186563495
RL-s0-b100-a1.00,rl,1.0,2,results/es_killfirst/ckpt_seed0_gen00100.npz,100,0,BT-v3,10031,1,0.5,0,1,0,timeout,120.19999999999531,0.0,0.0,0.0,120.19999999999531,0.0,0.05948419301164726,0.0,
RL-s0-b100-a1.00,rl,1.0,2,results/es_killfirst/ckpt_seed0_gen00100.npz,100,0,BT-v3,10032,0,0.5,0,1,0,timeout,120.19999999999531,0.0,0.0,0.0,120.19999999999531,0.0,0.0262063227953411,0.0066555740432612314,4179.095739883515
RL-s0-b100-a1.00,rl,1.0,2,results/es_killfirst/ckpt_seed0_gen00100.npz,100,0,BT-v3,10032,1,1.0,1,0,0,timeout,120.19999999999531,3.75,0.0,0.15000000000000002,120.19999999999531,0.0,0.026622296173044926,0.0066555740432612314,
RL-s0-b100-a1.00,rl,1.0,2,results/es_killfirst/ckpt_seed0_gen00100.npz,100,0,BT-v3,10033,0,1.0,1,0,0,timeout,120.19999999999531,7.5,0.0,0.3,120.19999999999531,0.0,0.018718801996672214,0.005407653910149751,5437.00813072691
RL-s0-b100-a1.00,rl,1.0,2,results/es_killfirst/ckpt_seed0_gen00100.npz,100,0,BT-v3,10033,1,1.0,1,0,0,gun_kill,87.59999999999717,100.0,3.75,3.999999999999994,87.59999999999717,0.0,0.02574370709382151,0.04290617848970252,
RL-s0-b100-a1.00,rl,1.0,2,results/es_killfirst/ckpt_seed0_gen00100.npz,100,0,BT-v3,10034,0,0.5,0,1,0,timeout,120.19999999999531,0.0,0.0,0.0,120.19999999999531,0.0,0.028286189683860232,0.007071547420965058,5122.016811748854
RL-s0-b100-a1.00,rl,1.0,2,results/es_killfirst/ckpt_seed0_gen00100.npz,100,0,BT-v3,10034,1,1.0,1,0,0,timeout,120.19999999999531,60.0,0.0,2.3999999999999995,120.19999999999531,0.0,0.027870216306156406,0.015806988352745424,
RL-s0-b100-a1.00,rl,1.0,2,results/es_killfirst/ckpt_seed0_gen00100.npz,100,0,BT-v3,10035,0,0.0,0,0,1,timeout,120.19999999999531,0.0,25.0,0.0,120.19999999999531,0.0,0.01747088186356073,0.03286189683860233,4417.841246130373
RL-s0-b100-a1.00,rl,1.0,2,results/es_killfirst/ckpt_seed0_gen00100.npz,100,0,BT-v3,10035,1,1.0,1,0,0,gun_kill,82.19999999999747,100.0,0.0,3.999999999999994,82.19999999999747,0.0,0.02926829268292683,0.03048780487804878,
RL-s0-b100-a1.00,rl,1.0,2,results/es_killfirst/ckpt_seed0_gen00100.npz,100,0,BT-v3,10036,0,0.5,0,1,0,collision,5.09999999999999,0.0,7.5,0.0,5.09999999999999,0.0,0.22,0.06,5894.722465965301
RL-s0-b100-a1.00,rl,1.0,2,results/es_killfirst/ckpt_seed0_gen00100.npz,100,0,BT-v3,10036,1,1.0,1,0,0,gun_kill,101.69999999999636,100.0,0.0,3.999999999999994,101.69999999999636,0.0,0.011318897637795276,0.040354330708661415,
RL-s0-b100-a1.00,rl,1.0,2,results/es_killfirst/ckpt_seed0_gen00100.npz,100,0,BT-v3,10037,0,1.0,1,0,0,timeout,120.19999999999531,6.25,0.0,0.25,120.19999999999531,0.0,0.07612312811980033,0.0029118136439267887,4160.389025481251
RL-s0-b100-a1.00,rl,1.0,2,results/es_killfirst/ckpt_seed0_gen00100.npz,100,0,BT-v3,10037,1,1.0,1,0,0,gun_kill,85.99999999999726,100.0,0.0,3.999999999999994,85.99999999999726,0.0,0.10431235431235432,0.005827505827505828,
RL-s0-b100-a1.00,rl,1.0,2,results/es_killfirst/ckpt_seed0_gen00100.npz,100,0,BT-v3,10038,0,1.0,1,0,0,gun_kill,98.19999999999656,100.0,0.0,3.999999999999994,98.19999999999656,0.0,0.0336734693877551,0.04030612244897959,4903.241519124324
RL-s0-b100-a1.00,rl,1.0,2,results/es_killfirst/ckpt_seed0_gen00100.npz,100,0,BT-v3,10038,1,1.0,1,0,0,timeout,120.19999999999531,37.5,0.0,1.5000000000000007,120.19999999999531,0.0,0.023710482529118136,0.007903494176372712,
RL-s0-b100-a1.00,rl,1.0,2,results/es_killfirst/ckpt_seed0_gen00100.npz,100,0,BT-v3,10039,0,1.0,1,0,0,gun_kill,52.149999999999174,100.0,0.0,3.999999999999994,52.149999999999174,0.0,0.041346153846153845,0.0125,3794.6200876781973
RL-s0-b100-a1.00,rl,1.0,2,results/es_killfirst/ckpt_seed0_gen00100.npz,100,0,BT-v3,10039,1,1.0,1,0,0,timeout,120.19999999999531,66.25,25.0,2.6499999999999986,120.19999999999531,0.0,0.01747088186356073,0.0066555740432612314,
RL-s0-b100-a1.00,rl,1.0,2,results/es_killfirst/ckpt_seed0_gen00100.npz,100,0,BT-v3,10040,0,0.0,0,0,1,gun_kill,51.19999999999923,0.0,100.0,0.0,51.19999999999923,0.0,0.0,0.03235294117647059,5947.335446671886
RL-s0-b100-a1.00,rl,1.0,2,results/es_killfirst/ckpt_seed0_gen00100.npz,100,0,BT-v3,10040,1,1.0,1,0,0,gun_kill,73.14999999999799,100.0,0.0,3.999999999999994,73.14999999999799,0.0,0.0,0.03287671232876712,
RL-s0-b100-a1.00,rl,1.0,2,results/es_killfirst/ckpt_seed0_gen00100.npz,100,0,BT-v3,10041,0,1.0,1,0,0,timeout,120.19999999999531,5.0,0.0,0.2,120.19999999999531,0.0,0.01788685524126456,0.0074875207986688855,4240.538771491919
RL-s0-b100-a1.00,rl,1.0,2,results/es_killfirst/ckpt_seed0_gen00100.npz,100,0,BT-v3,10041,1,1.0,1,0,0,timeout,120.19999999999531,1.25,0.0,0.05,120.19999999999531,0.0,0.017054908485856904,0.018302828618968387,
RL-s0-b100-a1.00,rl,1.0,2,results/es_killfirst/ckpt_seed0_gen00100.npz,100,0,BT-v3,10042,0,0.5,0,1,0,timeout,120.19999999999531,0.0,0.0,0.0,120.19999999999531,0.0,0.05449251247920133,0.004991680532445923,5178.322037584657
RL-s0-b100-a1.00,rl,1.0,2,results/es_killfirst/ckpt_seed0_gen00100.npz,100,0,BT-v3,10042,1,1.0,1,0,0,gun_kill,91.39999999999695,100.0,0.0,3.999999999999994,91.39999999999695,0.0,0.07017543859649122,0.027960526315789474,
RL-s0-b100-a1.00,rl,1.0,2,results/es_killfirst/ckpt_seed0_gen00100.npz,100,0,BT-v3,10043,0,1.0,1,0,0,timeout,120.19999999999531,10.0,0.0,0.39999999999999997,120.19999999999531,0.0,0.0,0.004159733777038269,4996.99886890578
RL-s0-b100-a1.00,rl,1.0,2,results/es_killfirst/ckpt_seed0_gen00100.npz,100,0,BT-v3,10043,1,0.5,0,1,0,timeout,120.19999999999531,0.0,0.0,0.0,120.19999999999531,0.0,0.0,0.027038269550748752,
RL-s0-b100-a1.00,rl,1.0,2,results/es_killfirst/ckpt_seed0_gen00100.npz,100,0,BT-v3,10044,0,0.5,0,1,0,timeout,120.19999999999531,0.0,0.0,0.0,120.19999999999531,0.0,0.0,0.021630615640599003,5080.966541947268
RL-s0-b100-a1.00,rl,1.0,2,results/es_killfirst/ckpt_seed0_gen00100.npz,100,0,BT-v3,10044,1,0.5,0,1,0,timeout,120.19999999999531,0.0,0.0,0.0,120.19999999999531,0.0,0.0,0.0037437603993344427,
RL-s0-b100-a1.00,rl,1.0,2,results/es_killfirst/ckpt_seed0_gen00100.npz,100,0,BT-v3,10045,0,1.0,1,0,0,gun_kill,115.79999999999556,100.0,0.0,3.999999999999994,115.79999999999556,0.0,0.03762975778546713,0.026816608996539794,4965.286642910989
RL-s0-b100-a1.00,rl,1.0,2,results/es_killfirst/ckpt_seed0_gen00100.npz,100,0,BT-v3,10045,1,1.0,1,0,0,gun_kill,71.99999999999805,100.0,0.0,3.999999999999994,71.99999999999805,0.0,0.06197771587743733,0.0,
RL-s0-b100-a1.00,rl,1.0,2,results/es_killfirst/ckpt_seed0_gen00100.npz,100,0,BT-v3,10046,0,1.0,1,0,0,gun_kill,55.849999999998964,100.0,0.0,3.999999999999994,55.849999999998964,0.0,0.24193548387096775,0.0,4530.667379457894
RL-s0-b100-a1.00,rl,1.0,2,results/es_killfirst/ckpt_seed0_gen00100.npz,100,0,BT-v3,10046,1,1.0,1,0,0,gun_kill,100.19999999999645,100.0,0.0,3.999999999999994,100.19999999999645,0.0,0.1295,0.0165,
RL-s0-b100-a1.00,rl,1.0,2,results/es_killfirst/ckpt_seed0_gen00100.npz,100,0,BT-v3,10047,0,1.0,1,0,0,gun_kill,88.89999999999709,100.0,0.0,3.999999999999994,88.89999999999709,0.0,0.012387387387387387,0.039414414414414414,3873.5960396680703
RL-s0-b100-a1.00,rl,1.0,2,results/es_killfirst/ckpt_seed0_gen00100.npz,100,0,BT-v3,10047,1,1.0,1,0,0,gun_kill,85.3499999999973,100.0,0.0,3.999999999999994,85.3499999999973,0.0,0.011150234741784037,0.0357981220657277,
RL-s0-b100-a1.00,rl,1.0,2,results/es_killfirst/ckpt_seed0_gen00100.npz,100,0,BT-v3,10048,0,1.0,1,0,0,gun_kill,91.79999999999693,100.0,0.0,3.999999999999994,91.79999999999693,0.0,0.036026200873362446,0.014192139737991267,3443.559764497517
RL-s0-b100-a1.00,rl,1.0,2,results/es_killfirst/ckpt_seed0_gen00100.npz,100,0,BT-v3,10048,1,1.0,1,0,0,gun_kill,96.29999999999667,100.0,0.0,3.999999999999994,96.29999999999667,0.0,0.034303534303534305,0.0,
RL-s0-b100-a1.00,rl,1.0,2,results/es_killfirst/ckpt_seed0_gen00100.npz,100,0,BT-v3,10049,0,0.0,0,0,1,timeout,120.19999999999531,0.0,10.0,0.0,120.19999999999531,0.0,0.05490848585690516,0.004991680532445923,5236.494141425463
RL-s0-b100-a1.00,rl,1.0,2,results/es_killfirst/ckpt_seed0_gen00100.npz,100,0,BT-v3,10049,1,1.0,1,0,0,timeout,120.19999999999531,16.25,0.0,0.65,120.19999999999531,0.0,0.04617304492512479,0.007071547420965058,
RL-s0-b100-a1.00,rl,1.0,2,results/es_killfirst/ckpt_seed0_gen00100.npz,100,0,BT-v3,10050,0,1.0,1,0,0,gun_kill,109.44999999999592,100.0,0.0,3.999999999999994,109.44999999999592,0.0,0.024680073126142597,0.035191956124314444,4595.397942201142
RL-s0-b100-a1.00,rl,1.0,2,results/es_killfirst/ckpt_seed0_gen00100.npz,100,0,BT-v3,10050,1,1.0,1,0,0,gun_kill,116.9999999999955,100.0,0.0,3.999999999999994,116.9999999999955,0.0,0.02482876712328767,0.025256849315068493,
RL-s0-b100-a1.00,rl,1.0,2,results/es_killfirst/ckpt_seed0_gen00100.npz,100,0,BT-v3,10051,0,1.0,1,0,0,timeout,120.19999999999531,57.5,0.0,2.3,120.19999999999531,0.0,0.07695507487520799,0.025374376039933443,3759.079401185026
RL-s0-b100-a1.00,rl,1.0,2,results/es_killfirst/ckpt_seed0_gen00100.npz,100,0,BT-v3,10051,1,1.0,1,0,0,timeout,120.19999999999531,33.75,0.0,1.3500000000000005,120.19999999999531,0.0,0.06905158069883527,0.004159733777038269,
RL-s0-b100-a1.00,rl,1.0,2,results/es_killfirst/ckpt_seed0_gen00100.npz,100,0,BT-v3,10052,0,1.0,1,0,0,gun_kill,90.29999999999701,100.0,0.0,3.999999999999994,90.29999999999701,0.0,0.03824833702882483,0.028824833702882482,4312.247953914861
RL-s0-b100-a1.00,rl,1.0,2,results/es_killfirst/ckpt_seed0_gen00100.npz,100,0,BT-v3,10052,1,0.5,0,1,0,timeout,120.19999999999531,0.0,0.0,0.0,120.19999999999531,0.0,0.02870216306156406,0.004575707154742097,
RL-s0-b100-a1.00,rl,1.0,2,results/es_killfirst/ckpt_seed0_gen00100.npz,100,0,BT-v3,10053,0,1.0,1,0,0,timeout,120.19999999999531,16.25,0.0,0.65,120.19999999999531,0.0,0.0,0.0020798668885191347,5623.447392127242
RL-s0-b100-a1.00,rl,1.0,2,results/es_killfirst/ckpt_seed0_gen00100.npz,100,0,BT-v3,10053,1,0.0,0,0,1,timeout,120.19999999999531,0.0,5.0,0.0,120.19999999999531,0.0,0.0,0.0029118136439267887,
RL-s0-b100-a1.00,rl,1.0,2,results/es_killfirst/ckpt_seed0_gen00100.npz,100,0,BT-v3,10054,0,1.0,1,0,0,gun_kill,94.89999999999675,100.0,0.0,3.999999999999994,94.89999999999675,0.0,0.0,0.03322784810126582,3679.051146088411
RL-s0-b100-a1.00,rl,1.0,2,results/es_killfirst/ckpt_seed0_gen00100.npz,100,0,BT-v3,10054,1,1.0,1,0,0,gun_kill,78.0999999999977,100.0,0.0,3.999999999999994,78.0999999999977,0.0,0.0,0.0391025641025641,
RL-s0-b100-a1.00,rl,1.0,2,results/es_killfirst/ckpt_seed0_gen00100.npz,100,0,BT-v3,10055,0,1.0,1,0,0,timeout,120.19999999999531,12.5,0.0,0.49999999999999994,120.19999999999531,0.0,0.004991680532445923,0.027038269550748752,4114.947944732713
RL-s0-b100-a1.00,rl,1.0,2,results/es_killfirst/ckpt_seed0_gen00100.npz,100,0,BT-v3,10055,1,0.0,0,0,1,timeout,120.19999999999531,0.0,5.0,0.0,120.19999999999531,0.0,0.004575707154742097,0.004575707154742097,
RL-s0-b100-a1.00,rl,1.0,2,results/es_killfirst/ckpt_seed0_gen00100.npz,100,0,BT-v3,10056,0,1.0,1,0,0,gun_kill,86.14999999999725,100.0,0.0,3.999999999999994,86.14999999999725,0.0,0.07848837209302326,0.04011627906976744,4061.0167717398663
RL-s0-b100-a1.00,rl,1.0,2,results/es_killfirst/ckpt_seed0_gen00100.npz,100,0,BT-v3,10056,1,1.0,1,0,0,gun_kill,119.74999999999534,100.0,0.0,3.999999999999994,119.74999999999534,0.0,0.05811036789297659,0.037207357859531776,
RL-s0-b100-a1.00,rl,1.0,2,results/es_killfirst/ckpt_seed0_gen00100.npz,100,0,BT-v3,10057,0,1.0,1,0,0,gun_kill,113.64999999999569,100.0,0.0,3.999999999999994,113.64999999999569,0.0,0.0,0.02948943661971831,4112.945757076224
RL-s0-b100-a1.00,rl,1.0,2,results/es_killfirst/ckpt_seed0_gen00100.npz,100,0,BT-v3,10057,1,0.0,0,0,1,timeout,120.19999999999531,0.0,6.25,0.0,120.19999999999531,0.0,0.0,0.005823627287853577,
RL-s0-b100-a1.00,rl,1.0,2,results/es_killfirst/ckpt_seed0_gen00100.npz,100,0,BT-v3,10058,0,1.0,1,0,0,gun_kill,77.59999999999773,100.0,0.0,3.999999999999994,77.59999999999773,0.0,0.07751937984496124,0.03811369509043928,3463.9313827130622
RL-s0-b100-a1.00,rl,1.0,2,results/es_killfirst/ckpt_seed0_gen00100.npz,100,0,BT-v3,10058,1,1.0,1,0,0,gun_kill,112.04999999999578,100.0,13.75,3.999999999999994,112.04999999999578,0.0,0.049107142857142856,0.0008928571428571428,
RL-s0-b100-a1.00,rl,1.0,2,results/es_killfirst/ckpt_seed0_gen00100.npz,100,0,BT-v3,10059,0,1.0,1,0,0,gun_kill,113.04999999999572,100.0,0.0,3.999999999999994,113.04999999999572,0.0,0.0035398230088495575,0.02566371681415929,4911.064168662121
RL-s0-b100-a1.00,rl,1.0,2,results/es_killfirst/ckpt_seed0_gen00100.npz,100,0,BT-v3,10059,1,1.0,1,0,0,gun_kill,96.49999999999666,100.0,0.0,3.999999999999994,96.49999999999666,0.0,0.004149377593360996,0.022821576763485476,
RL-s0-b100-a1.00,rl,1.0,2,results/es_killfirst/ckpt_seed0_gen00100.npz,100,0,BT-v3,10060,0,1.0,1,0,0,gun_kill,73.44999999999797,100.0,0.0,3.999999999999994,73.44999999999797,0.0,0.06335149863760219,0.036103542234332424,4988.517642330769
RL-s0-b100-a1.00,rl,1.0,2,results/es_killfirst/ckpt_seed0_gen00100.npz,100,0,BT-v3,10060,1,1.0,1,0,0,timeout,120.19999999999531,5.0,0.0,0.2,120.19999999999531,0.0,0.03494176372712146,0.0,
RL-s0-b100-a1.00,rl,1.0,2,results/es_killfirst/ckpt_seed0_gen00100.npz,100,0,BT-v3,10061,0,0.0,0,0,1,timeout,120.19999999999531,0.0,1.25,0.0,120.19999999999531,0.0,0.04409317803660566,0.0033277870216306157,4772.932257659286
RL-s0-b100-a1.00,rl,1.0,2,results/es_killfirst/ckpt_seed0_gen00100.npz,100,0,BT-v3,10061,1,1.0,1,0,0,timeout,120.19999999999531,5.0,0.0,0.2,120.19999999999531,0.0,0.04866888519134775,0.0,
RL-s0-b100-a1.00,rl,1.0,2,results/es_killfirst/ckpt_seed0_gen00100.npz,100,0,BT-v3,10062,0,0.0,0,0,1,timeout,120.19999999999531,0.0,8.75,0.0,120.19999999999531,0.0,0.064891846921797,0.0012479201331114808,5303.370525908986
RL-s0-b100-a1.00,rl,1.0,2,results/es_killfirst/ckpt_seed0_gen00100.npz,100,0,BT-v3,10062,1,1.0,1,0,0,gun_kill,84.19999999999736,100.0,0.0,3.999999999999994,84.19999999999736,0.0,0.09166666666666666,0.022023809523809525,
RL-s0-b100-a1.00,rl,1.0,2,results/es_killfirst/ckpt_seed0_gen00100.npz,100,0,BT-v3,10063,0,0.0,0,0,1,timeout,120.19999999999531,0.0,8.75,0.0,120.19999999999531,0.0,0.02204658901830283,0.009151414309484194,4201.013954103209
RL-s0-b100-a1.00,rl,1.0,2,results/es_killfirst/ckpt_seed0_gen00100.npz,100,0,BT-v3,10063,1,1.0,1,0,0,gun_kill,92.54999999999688,100.0,0.0,3.999999999999994,92.54999999999688,0.0,0.032467532467532464,0.030303030303030304,
RL-s0-b100-a1.00,rl,1.0,2,results/es_killfirst/ckpt_seed0_gen00100.npz,100,0,BT-v3,10064,0,1.0,1,0,0,gun_kill,87.49999999999717,100.0,0.0,3.999999999999994,87.49999999999717,0.0,0.031464530892448515,0.033752860411899316,4921.018319995974
RL-s0-b100-a1.00,rl,1.0,2,results/es_killfirst/ckpt_seed0_gen00100.npz,100,0,BT-v3,10064,1,1.0,1,0,0,gun_kill,114.94999999999561,100.0,0.0,3.999999999999994,114.94999999999561,0.0,0.02177700348432056,0.0,
RL-s0-b100-a1.00,rl,1.0,2,results/es_killfirst/ckpt_seed0_gen00100.npz,100,0,BT-v3,10065,0,1.0,1,0,0,timeout,120.19999999999531,25.0,0.0,1.0000000000000002,120.19999999999531,0.0,0.027038269550748752,0.004991680532445923,4361.698954206539
RL-s0-b100-a1.00,rl,1.0,2,results/es_killfirst/ckpt_seed0_gen00100.npz,100,0,BT-v3,10065,1,1.0,1,0,0,gun_kill,80.0499999999976,100.0,13.75,3.999999999999994,80.0499999999976,0.0,0.036875,0.04125,
RL-s0-b100-a1.00,rl,1.0,2,results/es_killfirst/ckpt_seed0_gen00100.npz,100,0,BT-v3,10066,0,0.0,0,0,1,gun_kill,86.74999999999721,0.0,100.0,0.0,86.74999999999721,0.0,0.0617782909930716,0.03521939953810624,5002.663258785295
RL-s0-b100-a1.00,rl,1.0,2,results/es_killfirst/ckpt_seed0_gen00100.npz,100,0,BT-v3,10066,1,1.0,1,0,0,gun_kill,60.99999999999867,100.0,0.0,3.999999999999994,60.99999999999867,0.0,0.09539473684210527,0.02631578947368421,
RL-s0-b100-a1.00,rl,1.0,2,results/es_killfirst/ckpt_seed0_gen00100.npz,100,0,BT-v3,10067,0,1.0,1,0,0,timeout,120.19999999999531,8.75,0.0,0.35,120.19999999999531,0.0,0.01622296173044925,0.024958402662229616,5026.26003911961
RL-s0-b100-a1.00,rl,1.0,2,results/es_killfirst/ckpt_seed0_gen00100.npz,100,0,BT-v3,10067,1,1.0,1,0,0,timeout,120.19999999999531,36.25,0.0,1.4500000000000006,120.19999999999531,0.0,0.015391014975041598,0.0,
RL-s0-b100-a1.00,rl,1.0,2,results/es_killfirst/ckpt_seed0_gen00100.npz,100,0,BT-v3,10068,0,1.0,1,0,0,gun_kill,119.69999999999534,100.0,0.0,3.999999999999994,119.69999999999534,0.0,0.030518394648829432,0.0,5100.836497709231
RL-s0-b100-a1.00,rl,1.0,2,results/es_killfirst/ckpt_seed0_gen00100.npz,100,0,BT-v3,10068,1,1.0,1,0,0,gun_kill,95.19999999999673,100.0,7.5,3.999999999999994,95.19999999999673,0.0,0.04842105263157895,0.025789473684210525,
RL-s0-b100-a1.00,rl,1.0,2,results/es_killfirst/ckpt_seed0_gen00100.npz,100,0,BT-v3,10069,0,1.0,1,0,0,gun_kill,119.64999999999534,100.0,0.0,3.999999999999994,119.64999999999534,0.0,0.008361204013377926,0.028428093645484948,4504.162173637146
RL-s0-b100-a1.00,rl,1.0,2,results/es_killfirst/ckpt_seed0_gen00100.npz,100,0,BT-v3,10069,1,1.0,1,0,0,timeout,120.19999999999531,6.25,0.0,0.25,120.19999999999531,0.0,0.008319467554076539,0.005407653910149751,
RL-s0-b100-a1.00,rl,1.0,2,results/es_killfirst/ckpt_seed0_gen00100.npz,100,0,BT-v3,10070,0,1.0,1,0,0,timeout,120.19999999999531,40.0,0.0,1.6000000000000008,120.19999999999531,0.0,0.012063227953410981,0.023710482529118136,5723.252694810712
RL-s0-b100-a1.00,rl,1.0,2,results/es_killfirst/ckpt_seed0_gen00100.npz,100,0,BT-v3,10070,1,1.0,1,0,0,gun_kill,91.39999999999695,100.0,7.5,3.999999999999994,91.39999999999695,0.0,0.01644736842105263,0.03508771929824561,
RL-s0-b100-a1.00,rl,1.0,2,results/es_killfirst/ckpt_seed0_gen00100.npz,100,0,BT-v3,10071,0,1.0,1,0,0,gun_kill,96.39999999999667,100.0,0.0,3.999999999999994,96.39999999999667,0.0,0.0,0.031185031185031187,4675.050561901264
RL-s0-b100-a1.00,rl,1.0,2,results/es_killfirst/ckpt_seed0_gen00100.npz,100,0,BT-v3,10071,1,1.0,1,0,0,gun_kill,92.64999999999688,100.0,0.0,3.999999999999994,92.64999999999688,0.0,0.0,0.03401727861771058,
RL-s0-b100-a1.00,rl,1.0,2,results/es_killfirst/ckpt_seed0_gen00100.npz,100,0,BT-v3,10072,0,0.0,0,0,1,timeout,120.19999999999531,0.0,92.5,0.0,120.19999999999531,0.0,0.0,0.03119800332778702,5021.1450674446505
RL-s0-b100-a1.00,rl,1.0,2,results/es_killfirst/ckpt_seed0_gen00100.npz,100,0,BT-v3,10072,1,1.0,1,0,0,gun_kill,75.04999999999788,100.0,0.0,3.999999999999994,75.04999999999788,0.0,0.0,0.018,
RL-s0-b100-a1.00,rl,1.0,2,results/es_killfirst/ckpt_seed0_gen00100.npz,100,0,BT-v3,10073,0,1.0,1,0,0,timeout,120.19999999999531,5.0,0.0,0.2,120.19999999999531,0.0,0.02870216306156406,0.007903494176372712,4880.483808619887
RL-s0-b100-a1.00,rl,1.0,2,results/es_killfirst/ckpt_seed0_gen00100.npz,100,0,BT-v3,10073,1,1.0,1,0,0,timeout,120.19999999999531,77.5,0.0,3.099999999999997,120.19999999999531,0.0,0.030782029950083195,0.032029950083194675,
RL-s0-b100-a1.00,rl,1.0,2,results/es_killfirst/ckpt_seed0_gen00100.npz,100,0,BT-v3,10074,0,1.0,1,0,0,timeout,120.19999999999531,3.75,0.0,0.15000000000000002,120.19999999999531,0.0,0.04658901830282862,0.0,5872.640936458628
RL-s0-b100-a1.00,rl,1.0,2,results/es_killfirst/ckpt_seed0_gen00100.npz,100,0,BT-v3,10074,1,1.0,1,0,0,gun_kill,93.74999999999682,100.0,0.0,3.999999999999994,93.74999999999682,0.0,0.06356837606837606,0.03632478632478633,
RL-s0-b100-a1.00,rl,1.0,2,results/es_killfirst/ckpt_seed0_gen00100.npz,100,0,BT-v3,10075,0,1.0,1,0,0,gun_kill,76.89999999999777,100.0,0.0,3.999999999999994,76.89999999999777,0.0,0.036458333333333336,0.026041666666666668,5122.742169532022
RL-s0-b100-a1.00,rl,1.0,2,results/es_killfirst/ckpt_seed0_gen00100.npz,100,0,BT-v3,10075,1,1.0,1,0,0,gun_kill,113.79999999999568,100.0,0.0,3.999999999999994,113.79999999999568,0.0,0.02244718309859155,0.01936619718309859,
RL-s0-b100-a1.00,rl,1.0,2,results/es_killfirst/ckpt_seed0_gen00100.npz,100,0,BT-v3,10076,0,0.5,0,1,0,timeout,120.19999999999531,0.0,0.0,0.0,120.19999999999531,0.0,0.02204658901830283,0.004991680532445923,5331.205701637278
RL-s0-b100-a1.00,rl,1.0,2,results/es_killfirst/ckpt_seed0_gen00100.npz,100,0,BT-v3,10076,1,1.0,1,0,0,gun_kill,93.69999999999682,100.0,0.0,3.999999999999994,93.69999999999682,0.0,0.027777777777777776,0.03739316239316239,
RL-s0-b100-a1.00,rl,1.0,2,results/es_killfirst/ckpt_seed0_gen00100.npz,100,0,BT-v3,10077,0,1.0,1,0,0,timeout,120.19999999999531,95.0,0.0,3.7999999999999945,120.19999999999531,0.0,0.01788685524126456,0.011231281198003328,3832.7401258280815
RL-s0-b100-a1.00,rl,1.0,2,results/es_killfirst/ckpt_seed0_gen00100.npz,100,0,BT-v3,10077,1,1.0,1,0,0,gun_kill,71.89999999999806,100.0,0.0,3.999999999999994,71.89999999999806,0.0,0.03203342618384401,0.03899721448467967,
RL-s0-b100-a1.00,rl,1.0,2,results/es_killfirst/ckpt_seed0_gen00100.npz,100,0,BT-v3,10078,0,0.5,0,1,0,timeout,120.19999999999531,0.0,0.0,0.0,120.19999999999531,0.0,0.039101497504159734,0.008735440931780365,5343.6209996020125
RL-s0-b100-a1.00,rl,1.0,2,results/es_killfirst/ckpt_seed0_gen00100.npz,100,0,BT-v3,10078,1,1.0,1,0,0,gun_kill,93.9499999999968,100.0,0.0,3.999999999999994,93.9499999999968,0.0,0.053304904051172705,0.03731343283582089,
RL-s0-b100-a1.00,rl,1.0,2,results/es_killfirst/ckpt_seed0_gen00100.npz,100,0,BT-v3,10079,0,1.0,1,0,0,gun_kill,78.39999999999769,100.0,0.0,3.999999999999994,78.39999999999769,0.0,0.0,0.030051150895140665,4520.142066485877
RL-s0-b100-a1.00,rl,1.0,2,results/es_killfirst/ckpt_seed0_gen00100.npz,100,0,BT-v3,10079,1,0.0,0,0,1,gun_kill,90.79999999999698,0.0,100.0,0.0,90.79999999999698,0.0,0.0,0.0347682119205298,
RL-s0-b100-a1.00,rl,1.0,2,results/es_killfirst/ckpt_seed0_gen00100.npz,100,0,BT-v3,10080,0,0.5,0,1,0,timeout,120.19999999999531,0.0,0.0,0.0,120.19999999999531,0.0,0.015391014975041598,0.0,4598.512700855594
RL-s0-b100-a1.00,rl,1.0,2,results/es_killfirst/ckpt_seed0_gen00100.npz,100,0,BT-v3,10080,1,1.0,1,0,0,timeout,120.19999999999531,86.25,0.0,3.4499999999999957,120.19999999999531,0.0,0.015391014975041598,0.037853577371048254,
RL-s0-b100-a1.00,rl,1.0,2,results/es_killfirst/ckpt_seed0_gen00100.npz,100,0,BT-v3,10081,0,1.0,1,0,0,gun_kill,91.64999999999694,100.0,0.0,3.999999999999994,91.64999999999694,0.0,0.0,0.03220524017467249,4979.113224284529
RL-s0-b100-a1.00,rl,1.0,2,results/es_killfirst/ckpt_seed0_gen00100.npz,100,0,BT-v3,10081,1,1.0,1,0,0,gun_kill,108.39999999999598,100.0,0.0,3.999999999999994,108.39999999999598,0.0,0.0,0.03234750462107209,
RL-s0-b100-a1.00,rl,1.0,2,results/es_killfirst/ckpt_seed0_gen00100.npz,100,0,BT-v3,10082,0,0.0,0,0,1,timeout,120.19999999999531,2.5,7.5,0.1,120.19999999999531,0.0,0.01913477537437604,0.010399334442595673,4879.725191246066
RL-s0-b100-a1.00,rl,1.0,2,results/es_killfirst/ckpt_seed0_gen00100.npz,100,0,BT-v3,10082,1,1.0,1,0,0,timeout,120.19999999999531,25.0,0.0,1.0000000000000002,120.19999999999531,0.0,0.018718801996672214,0.0066555740432612314,
RL-s0-b100-a1.00,rl,1.0,2,results/es_killfirst/ckpt_seed0_gen00100.npz,100,0,BT-v3,10083,0,0.5,0,1,0,timeout,120.19999999999531,0.0,0.0,0.0,120.19999999999531,0.0,0.05116472545757072,0.004991680532445923,5393.209273997815
RL-s0-b100-a1.00,rl,1.0,2,results/es_killfirst/ckpt_seed0_gen00100.npz,100,0,BT-v3,10083,1,1.0,1,0,0,timeout,120.19999999999531,11.25,0.0,0.44999999999999996,120.19999999999531,0.0,0.05615640599001664,0.026622296173044926,
RL-s0-b100-a1.00,rl,1.0,2,results/es_killfirst/ckpt_seed0_gen00100.npz,100,0,BT-v3,10084,0,1.0,1,0,0,gun_kill,58.19999999999883,100.0,0.0,3.999999999999994,58.19999999999883,0.0,0.0,0.034482758620689655,5254.4692075408475
RL-s0-b100-a1.00,rl,1.0,2,results/es_killfirst/ckpt_seed0_gen00100.npz,100,0,BT-v3,10084,1,1.0,1,0,0,timeout,120.19999999999531,2.5,0.0,0.1,120.19999999999531,0.0,0.0,0.0029118136439267887,
RL-s0-b100-a1.00,rl,1.0,2,results/es_killfirst/ckpt_seed0_gen00100.npz,100,0,BT-v3,10085,0,0.5,0,1,0,timeout,120.19999999999531,0.0,0.0,0.0,120.19999999999531,0.0,0.0,0.0,5441.578885047381
RL-s0-b100-a1.00,rl,1.0,2,results/es_killfirst/ckpt_seed0_gen00100.npz,100,0,BT-v3,10085,1,1.0,1,0,0,gun_kill,116.34999999999553,100.0,11.25,3.999999999999994,116.34999999999553,0.0,0.0,0.032271944922547334,
RL-s0-b100-a1.00,rl,1.0,2,results/es_killfirst/ckpt_seed0_gen00100.npz,100,0,BT-v3,10086,0,1.0,1,0,0,timeout,120.19999999999531,6.25,0.0,0.25,120.19999999999531,0.0,0.0,0.004159733777038269,5189.601388627196
RL-s0-b100-a1.00,rl,1.0,2,results/es_killfirst/ckpt_seed0_gen00100.npz,100,0,BT-v3,10086,1,1.0,1,0,0,gun_kill,98.49999999999655,100.0,0.0,3.999999999999994,98.49999999999655,0.0,0.0,0.024898373983739838,
RL-s0-b100-a1.00,rl,1.0,2,results/es_killfirst/ckpt_seed0_gen00100.npz,100,0,BT-v3,10087,0,0.5,0,1,0,collision,3.999999999999994,0.0,0.0,0.0,3.999999999999994,0.0,0.8947368421052632,0.06578947368421052,6498.523206804514
RL-s0-b100-a1.00,rl,1.0,2,results/es_killfirst/ckpt_seed0_gen00100.npz,100,0,BT-v3,10087,1,1.0,1,0,0,gun_kill,99.94999999999646,100.0,0.0,3.999999999999994,99.94999999999646,0.0,0.06012024048096192,0.037575150300601205,
RL-s0-b100-a1.00,rl,1.0,2,results/es_killfirst/ckpt_seed0_gen00100.npz,100,0,BT-v3,10088,0,0.5,0,1,0,timeout,120.19999999999531,0.0,0.0,0.0,120.19999999999531,0.0,0.0,0.013311148086522463,4675.401535189777
RL-s0-b100-a1.00,rl,1.0,2,results/es_killfirst/ckpt_seed0_gen00100.npz,100,0,BT-v3,10088,1,0.5,0,1,0,timeout,120.19999999999531,0.0,0.0,0.0,120.19999999999531,0.0,0.0,0.005407653910149751,
RL-s0-b100-a1.00,rl,1.0,2,results/es_killfirst/ckpt_seed0_gen00100.npz,100,0,BT-v3,10089,0,1.0,1,0,0,timeout,120.19999999999531,18.75,0.0,0.7500000000000001,120.19999999999531,0.0,0.0,0.0066555740432612314,5459.191837087173
RL-s0-b100-a1.00,rl,1.0,2,results/es_killfirst/ckpt_seed0_gen00100.npz,100,0,BT-v3,10089,1,1.0,1,0,0,timeout,120.19999999999531,67.5,0.0,2.6999999999999984,120.19999999999531,0.0,0.0,0.032029950083194675,
RL-s0-b100-a1.00,rl,1.0,2,results/es_killfirst/ckpt_seed0_gen00100.npz,100,0,BT-v3,10090,0,0.5,0,1,0,collision,77.54999999999774,31.25,0.0,1.2500000000000004,77.54999999999774,0.0,0.020671834625323,0.014857881136950904,3897.0852997772477
RL-s0-b100-a1.00,rl,1.0,2,results/es_killfirst/ckpt_seed0_gen00100.npz,100,0,BT-v3,10090,1,1.0,1,0,0,timeout,120.19999999999531,2.5,0.0,0.1,120.19999999999531,0.0,0.014559068219633943,0.02870216306156406,
RL-s0-b100-a1.00,rl,1.0,2,results/es_killfirst/ckpt_seed0_gen00100.npz,100,0,BT-v3,10091,0,1.0,1,0,0,timeout,120.19999999999531,25.0,0.0,1.0000000000000002,120.19999999999531,0.0,0.06697171381031614,0.008735440931780365,4323.175537842566
RL-s0-b100-a1.00,rl,1.0,2,results/es_killfirst/ckpt_seed0_gen00100.npz,100,0,BT-v3,10091,1,1.0,1,0,0,timeout,120.19999999999531,18.75,2.5,0.7500000000000001,120.19999999999531,0.0,0.06364392678868552,0.009151414309484194,
RL-s0-b100-a1.00,rl,1.0,2,results/es_killfirst/ckpt_seed0_gen00100.npz,100,0,BT-v3,10092,0,1.0,1,0,0,timeout,120.19999999999531,12.5,5.0,0.49999999999999994,120.19999999999531,0.0,0.0,0.024126455906821963,5538.567581694737
RL-s0-b100-a1.00,rl,1.0,2,results/es_killfirst/ckpt_seed0_gen00100.npz,100,0,BT-v3,10092,1,1.0,1,0,0,gun_kill,73.69999999999796,100.0,0.0,3.999999999999994,73.69999999999796,0.0,0.0,0.036005434782608696,
RL-s0-b100-a1.00,rl,1.0,2,results/es_killfirst/ckpt_seed0_gen00100.npz,100,0,BT-v3,10093,0,1.0,1,0,0,gun_kill,118.39999999999542,100.0,0.0,3.999999999999994,118.39999999999542,0.0,0.0,0.0,4832.5671588696705
RL-s0-b100-a1.00,rl,1.0,2,results/es_killfirst/ckpt_seed0_gen00100.npz,100,0,BT-v3,10093,1,1.0,1,0,0,gun_kill,80.49999999999757,100.0,17.5,3.999999999999994,80.49999999999757,0.0,0.0,0.029228855721393034,
RL-s0-b100-a1.00,rl,1.0,2,results/es_killfirst/ckpt_seed0_gen00100.npz,100,0,BT-v3,10094,0,0.5,0,1,0,timeout,120.19999999999531,0.0,0.0,0.0,120.19999999999531,0.0,0.044509151414309486,0.0,4210.1436499731
RL-s0-b100-a1.00,rl,1.0,2,results/es_killfirst/ckpt_seed0_gen00100.npz,100,0,BT-v3,10094,1,1.0,1,0,0,timeout,120.19999999999531,13.75,0.0,0.5499999999999999,120.19999999999531,0.0,0.044509151414309486,0.0,
RL-s0-b100-a1.00,rl,1.0,2,results/es_killfirst/ckpt_seed0_gen00100.npz,100,0,BT-v3,10095,0,1.0,1,0,0,gun_kill,94.19999999999679,100.0,0.0,3.999999999999994,94.19999999999679,0.0,0.0,0.03404255319148936,4254.569560684497
RL-s0-b100-a1.00,rl,1.0,2,results/es_killfirst/ckpt_seed0_gen00100.npz,100,0,BT-v3,10095,1,0.5,0,1,0,timeout,120.19999999999531,0.0,0.0,0.0,120.19999999999531,0.0,0.0,0.013311148086522463,
RL-s0-b100-a1.00,rl,1.0,2,results/es_killfirst/ckpt_seed0_gen00100.npz,100,0,BT-v3,10096,0,1.0,1,0,0,gun_kill,115.1499999999956,100.0,0.0,3.999999999999994,115.1499999999956,0.0,0.05434782608695652,0.0,3623.9830224951434
RL-s0-b100-a1.00,rl,1.0,2,results/es_killfirst/ckpt_seed0_gen00100.npz,100,0,BT-v3,10096,1,1.0,1,0,0,timeout,120.19999999999531,8.75,0.0,0.35,120.19999999999531,0.0,0.05490848585690516,0.0,
RL-s0-b100-a1.00,rl,1.0,2,results/es_killfirst/ckpt_seed0_gen00100.npz,100,0,BT-v3,10097,0,1.0,1,0,0,timeout,120.19999999999531,13.75,0.0,0.5499999999999999,120.19999999999531,0.0,0.06239600665557404,0.0,5046.625185155302
RL-s0-b100-a1.00,rl,1.0,2,results/es_killfirst/ckpt_seed0_gen00100.npz,100,0,BT-v3,10097,1,0.5,0,1,0,timeout,120.19999999999531,0.0,0.0,0.0,120.19999999999531,0.0,0.05615640599001664,0.0,
RL-s0-b100-a1.00,rl,1.0,2,results/es_killfirst/ckpt_seed0_gen00100.npz,100,0,BT-v3,10098,0,1.0,1,0,0,timeout,120.19999999999531,6.25,0.0,0.25,120.19999999999531,0.0,0.020798668885191347,0.019550748752079867,3861.862094759576
RL-s0-b100-a1.00,rl,1.0,2,results/es_killfirst/ckpt_seed0_gen00100.npz,100,0,BT-v3,10098,1,1.0,1,0,0,timeout,120.19999999999531,13.75,0.0,0.5499999999999999,120.19999999999531,0.0,0.020798668885191347,0.0,
RL-s0-b100-a1.00,rl,1.0,2,results/es_killfirst/ckpt_seed0_gen00100.npz,100,0,BT-v3,10099,0,0.5,0,1,0,timeout,120.19999999999531,0.0,0.0,0.0,120.19999999999531,0.0,0.0,0.012479201331114808,4170.318155785698
RL-s0-b100-a1.00,rl,1.0,2,results/es_killfirst/ckpt_seed0_gen00100.npz,100,0,BT-v3,10099,1,1.0,1,0,0,gun_kill,75.14999999999787,100.0,0.0,3.999999999999994,75.14999999999787,0.0,0.0,0.042666666666666665,
RL-s1-b100-a1.00,rl,1.0,2,results/es_killfirst/ckpt_seed1_gen00100.npz,100,1,BT-v2,10000,0,0.5,0,1,0,timeout,120.19999999999531,0.0,0.0,0.0,120.19999999999531,0.0,0.02745424292845258,0.005407653910149751,4973.0238990681855
RL-s1-b100-a1.00,rl,1.0,2,results/es_killfirst/ckpt_seed1_gen00100.npz,100,1,BT-v2,10000,1,1.0,1,0,0,timeout,120.19999999999531,2.5,0.0,0.1,120.19999999999531,0.0,0.0262063227953411,0.006239600665557404,
RL-s1-b100-a1.00,rl,1.0,2,results/es_killfirst/ckpt_seed1_gen00100.npz,100,1,BT-v2,10001,0,0.5,0,1,0,timeout,120.19999999999531,0.0,0.0,0.0,120.19999999999531,0.0,0.004159733777038269,0.0,6022.424386752362
RL-s1-b100-a1.00,rl,1.0,2,results/es_killfirst/ckpt_seed1_gen00100.npz,100,1,BT-v2,10001,1,1.0,1,0,0,timeout,120.19999999999531,30.0,0.0,1.2000000000000004,120.19999999999531,0.0,0.0,0.0,
RL-s1-b100-a1.00,rl,1.0,2,results/es_killfirst/ckpt_seed1_gen00100.npz,100,1,BT-v2,10002,0,1.0,1,0,0,timeout,120.19999999999531,6.25,0.0,0.25,120.19999999999531,0.0,0.0262063227953411,0.0,5087.865539842241
RL-s1-b100-a1.00,rl,1.0,2,results/es_killfirst/ckpt_seed1_gen00100.npz,100,1,BT-v2,10002,1,1.0,1,0,0,timeout,120.19999999999531,5.0,0.0,0.2,120.19999999999531,0.0,0.022878535773710483,0.0074875207986688855,
RL-s1-b100-a1.00,rl,1.0,2,results/es_killfirst/ckpt_seed1_gen00100.npz,100,1,BT-v2,10003,0,1.0,1,0,0,timeout,120.19999999999531,3.75,0.0,0.15000000000000002,120.19999999999531,0.0,0.04617304492512479,0.006239600665557404,5903.638478843393
RL-s1-b100-a1.00,rl,1.0,2,results/es_killfirst/ckpt_seed1_gen00100.npz,100,1,BT-v2,10003,1,1.0,1,0,0,timeout,120.19999999999531,15.0,0.0,0.6,120.19999999999531,0.0,0.051580698835274545,0.0,
RL-s1-b100-a1.00,rl,1.0,2,results/es_killfirst/ckpt_seed1_gen00100.npz,100,1,BT-v2,10004,0,0.0,0,0,1,timeout,120.19999999999531,0.0,31.25,0.0,120.19999999999531,0.0,0.022462562396006656,0.0074875207986688855,6126.530821585639
RL-s1-b100-a1.00,rl,1.0,2,results/es_killfirst/ckpt_seed1_gen00100.npz,100,1,BT-v2,10004,1,1.0,1,0,0,gun_kill,16.100000000000094,100.0,0.0,3.999999999999994,16.100000000000094,0.0,0.128125,0.0,
RL-s1-b100-a1.00,rl,1.0,2,results/es_killfirst/ckpt_seed1_gen00100.npz,100,1,BT-v2,10005,0,0.0,0,0,1,timeout,120.19999999999531,0.0,3.75,0.0,120.19999999999531,0.0,0.07487520798668885,0.0,4940.691204708825
RL-s1-b100-a1.00,rl,1.0,2,results/es_killfirst/ckpt_seed1_gen00100.npz,100,1,BT-v2,10005,1,0.5,0,1,0,timeout,120.19999999999531,0.0,0.0,0.0,120.19999999999531,0.0,0.08444259567387687,0.025790349417637273,
RL-s1-b100-a1.00,rl,1.0,2,results/es_killfirst/ckpt_seed1_gen00100.npz,100,1,BT-v2,10006,0,0.0,0,0,1,gun_kill,49.24999999999934,0.0,100.0,0.0,49.24999999999934,0.0,0.019308943089430895,0.023373983739837397,5927.1416954317465
RL-s1-b100-a1.00,rl,1.0,2,results/es_killfirst/ckpt_seed1_gen00100.npz,100,1,BT-v2,10006,1,1.0,1,0,0,timeout,120.19999999999531,10.0,0.0,0.39999999999999997,120.19999999999531,0.0,0.010815307820299502,0.033277870216306155,
RL-s1-b100-a1.00,rl,1.0,2,results/es_killfirst/ckpt_seed1_gen00100.npz,100,1,BT-v2,10007,0,0.5,0,1,0,timeout,120.19999999999531,0.0,0.0,0.0,120.19999999999531,0.0,0.018718801996672214,0.007903494176372712,5383.447087817345
RL-s1-b100-a1.00,rl,1.0,2,results/es_killfirst/ckpt_seed1_gen00100.npz,100,1,BT-v2,10007,1,1.0,1,0,0,timeout,120.19999999999531,6.25,0.0,0.25,120.19999999999531,0.0,0.017054908485856904,0.022878535773710483,
RL-s1-b100-a1.00,rl,1.0,2,results/es_killfirst/ckpt_seed1_gen00100.npz,100,1,BT-v2,10008,0,0.0,0,0,1,timeout,120.19999999999531,0.0,1.25,0.0,120.19999999999531,0.0,0.03119800332778702,0.0,6353.732426333045
RL-s1-b100-a1.00,rl,1.0,2,results/es_killfirst/ckpt_seed1_gen00100.npz,100,1,BT-v2,10008,1,0.5,0,1,0,timeout,120.19999999999531,0.0,0.0,0.0,120.19999999999531,0.0,0.025790349417637273,0.005823627287853577,
RL-s1-b100-a1.00,rl,1.0,2,results/es_killfirst/ckpt_seed1_gen00100.npz,100,1,BT-v2,10009,0,0.5,0,1,0,timeout,120.19999999999531,0.0,0.0,0.0,120.19999999999531,0.0,0.021214642262895173,0.007071547420965058,6271.36299212309
RL-s1-b100-a1.00,rl,1.0,2,results/es_killfirst/ckpt_seed1_gen00100.npz,100,1,BT-v2,10009,1,1.0,1,0,0,timeout,120.19999999999531,20.0,0.0,0.8000000000000002,120.19999999999531,0.0,0.022878535773710483,0.009983361064891847,
RL-s1-b100-a1.00,rl,1.0,2,results/es_killfirst/ckpt_seed1_gen00100.npz,100,1,BT-v2,10010,0,0.5,0,1,0,timeout,120.19999999999531,0.0,0.0,0.0,120.19999999999531,0.0,0.05574043261231281,0.029534109816971715,3855.712129855699
RL-s1-b100-a1.00,rl,1.0,2,results/es_killfirst/ckpt_seed1_gen00100.npz,100,1,BT-v2,10010,1,0.0,0,0,1,timeout,120.19999999999531,0.0,13.75,0.0,120.19999999999531,0.0,0.05199667221297837,0.004159733777038269,
RL-s1-b100-a1.00,rl,1.0,2,results/es_killfirst/ckpt_seed1_gen00100.npz,100,1,BT-v2,10011,0,1.0,1,0,0,timeout,120.19999999999531,13.75,0.0,0.5499999999999999,120.19999999999531,0.0,0.0,0.0,7763.089595020564
RL-s1-b100-a1.00,rl,1.0,2,results/es_killfirst/ckpt_seed1_gen00100.npz,100,1,BT-v2,10011,1,0.5,0,1,0,timeout,120.19999999999531,0.0,0.0,0.0,120.19999999999531,0.0,0.0,0.0,
RL-s1-b100-a1.00,rl,1.0,2,results/es_killfirst/ckpt_seed1_gen00100.npz,100,1,BT-v2,10012,0,0.5,0,1,0,timeout,120.19999999999531,0.0,0.0,0.0,120.19999999999531,0.0,0.048252911813643926,0.0,6306.193918184851
RL-s1-b100-a1.00,rl,1.0,2,results/es_killfirst/ckpt_seed1_gen00100.npz,100,1,BT-v2,10012,1,0.5,0,1,0,timeout,120.19999999999531,0.0,0.0,0.0,120.19999999999531,0.0,0.05449251247920133,0.0020798668885191347,
RL-s1-b100-a1.00,rl,1.0,2,results/es_killfirst/ckpt_seed1_gen00100.npz,100,1,BT-v2,10013,0,0.5,0,1,0,timeout,120.19999999999531,0.0,0.0,0.0,120.19999999999531,0.0,0.03743760399334443,0.0033277870216306157,4908.635937657087
RL-s1-b100-a1.00,rl,1.0,2,results/es_killfirst/ckpt_seed1_gen00100.npz,100,1,BT-v2,10013,1,0.5,0,1,0,timeout,120.19999999999531,0.0,0.0,0.0,120.19999999999531,0.0,0.02745424292845258,0.0,
RL-s1-b100-a1.00,rl,1.0,2,results/es_killfirst/ckpt_seed1_gen00100.npz,100,1,BT-v2,10014,0,0.5,0,1,0,timeout,120.19999999999531,0.0,0.0,0.0,120.19999999999531,0.0,0.0,0.0024958402662229617,5619.472892347069
RL-s1-b100-a1.00,rl,1.0,2,results/es_killfirst/ckpt_seed1_gen00100.npz,100,1,BT-v2,10014,1,1.0,1,0,0,timeout,120.19999999999531,8.75,0.0,0.35,120.19999999999531,0.0,0.0,0.0037437603993344427,
RL-s1-b100-a1.00,rl,1.0,2,results/es_killfirst/ckpt_seed1_gen00100.npz,100,1,BT-v2,10015,0,0.0,0,0,1,timeout,120.19999999999531,0.0,12.5,0.0,120.19999999999531,0.0,0.0,0.004991680532445923,5574.67100079581
RL-s1-b100-a1.00,rl,1.0,2,results/es_killfirst/ckpt_seed1_gen00100.npz,100,1,BT-v2,10015,1,1.0,1,0,0,timeout,120.19999999999531,32.5,0.0,1.3000000000000005,120.19999999999531,0.0,0.0,0.007903494176372712,
RL-s1-b100-a1.00,rl,1.0,2,results/es_killfirst/ckpt_seed1_gen00100.npz,100,1,BT-v2,10016,0,1.0,1,0,0,timeout,120.19999999999531,18.75,0.0,0.7500000000000001,120.19999999999531,0.0,0.0,0.004575707154742097,4840.462666724236
RL-s1-b100-a1.00,rl,1.0,2,results/es_killfirst/ckpt_seed1_gen00100.npz,100,1,BT-v2,10016,1,0.0,0,0,1,timeout,120.19999999999531,0.0,3.75,0.0,120.19999999999531,0.0,0.0,0.006239600665557404,
RL-s1-b100-a1.00,rl,1.0,2,results/es_killfirst/ckpt_seed1_gen00100.npz,100,1,BT-v2,10017,0,0.5,0,1,0,timeout,120.19999999999531,0.0,0.0,0.0,120.19999999999531,0.0,0.04409317803660566,0.0020798668885191347,4606.177995671491
RL-s1-b100-a1.00,rl,1.0,2,results/es_killfirst/ckpt_seed1_gen00100.npz,100,1,BT-v2,10017,1,1.0,1,0,0,gun_kill,26.200000000000237,100.0,0.0,3.999999999999994,26.200000000000237,0.0,0.14038461538461539,0.0,
RL-s1-b100-a1.00,rl,1.0,2,results/es_killfirst/ckpt_seed1_gen00100.npz,100,1,BT-v2,10018,0,1.0,1,0,0,timeout,120.19999999999531,6.25,0.0,0.25,120.19999999999531,0.0,0.012479201331114808,0.03119800332778702,4665.202085841948
RL-s1-b100-a1.00,rl,1.0,2,results/es_killfirst/ckpt_seed1_gen00100.npz,100,1,BT-v2,10018,1,0.5,0,1,0,timeout,120.19999999999531,0.0,0.0,0.0,120.19999999999531,0.0,0.01622296173044925,0.0,
RL-s1-b100-a1.00,rl,1.0,2,results/es_killfirst/ckpt_seed1_gen00100.npz,100,1,BT-v2,10019,0,0.5,0,1,0,timeout,120.19999999999531,0.0,0.0,0.0,120.19999999999531,0.0,0.0,0.007071547420965058,6358.840009493492
RL-s1-b100-a1.00,rl,1.0,2,results/es_killfirst/ckpt_seed1_gen00100.npz,100,1,BT-v2,10019,1,0.5,0,1,0,timeout,120.19999999999531,0.0,0.0,0.0,120.19999999999531,0.0,0.0,0.005823627287853577,
RL-s1-b100-a1.00,rl,1.0,2,results/es_killfirst/ckpt_seed1_gen00100.npz,100,1,BT-v2,10020,0,1.0,1,0,0,timeout,120.19999999999531,15.0,0.0,0.6,120.19999999999531,0.0,0.0,0.004991680532445923,7139.537911386257
RL-s1-b100-a1.00,rl,1.0,2,results/es_killfirst/ckpt_seed1_gen00100.npz,100,1,BT-v2,10020,1,0.5,0,1,0,timeout,120.19999999999531,0.0,0.0,0.0,120.19999999999531,0.0,0.0,0.005823627287853577,
RL-s1-b100-a1.00,rl,1.0,2,results/es_killfirst/ckpt_seed1_gen00100.npz,100,1,BT-v2,10021,0,0.5,0,1,0,timeout,120.19999999999531,0.0,0.0,0.0,120.19999999999531,0.0,0.054076539101497505,0.0,5965.755436931207
RL-s1-b100-a1.00,rl,1.0,2,results/es_killfirst/ckpt_seed1_gen00100.npz,100,1,BT-v2,10021,1,0.5,0,1,0,timeout,120.19999999999531,0.0,0.0,0.0,120.19999999999531,0.0,0.06031613976705491,0.0,
RL-s1-b100-a1.00,rl,1.0,2,results/es_killfirst/ckpt_seed1_gen00100.npz,100,1,BT-v2,10022,0,1.0,1,0,0,timeout,120.19999999999531,16.25,0.0,0.65,120.19999999999531,0.0,0.039101497504159734,0.0033277870216306157,5770.483973785269
RL-s1-b100-a1.00,rl,1.0,2,results/es_killfirst/ckpt_seed1_gen00100.npz,100,1,BT-v2,10022,1,0.5,0,1,0,timeout,120.19999999999531,0.0,0.0,0.0,120.19999999999531,0.0,0.03036605657237937,0.005823627287853577,
RL-s1-b100-a1.00,rl,1.0,2,results/es_killfirst/ckpt_seed1_gen00100.npz,100,1,BT-v2,10023,0,0.5,0,1,0,timeout,120.19999999999531,0.0,0.0,0.0,120.19999999999531,0.0,0.04076539101497504,0.0,5713.224474010216
RL-s1-b100-a1.00,rl,1.0,2,results/es_killfirst/ckpt_seed1_gen00100.npz,100,1,BT-v2,10023,1,0.5,0,1,0,timeout,120.19999999999531,0.0,0.0,0.0,120.19999999999531,0.0,0.03036605657237937,0.0,
RL-s1-b100-a1.00,rl,1.0,2,results/es_killfirst/ckpt_seed1_gen00100.npz,100,1,BT-v2,10024,0,0.5,0,1,0,timeout,120.19999999999531,0.0,0.0,0.0,120.19999999999531,0.0,0.0324459234608985,0.004991680532445923,5697.963641725298
RL-s1-b100-a1.00,rl,1.0,2,results/es_killfirst/ckpt_seed1_gen00100.npz,100,1,BT-v2,10024,1,0.0,0,0,1,gun_kill,98.44999999999655,0.0,100.0,0.0,98.44999999999655,0.0,0.028455284552845527,0.0040650406504065045,
RL-s1-b100-a1.00,rl,1.0,2,results/es_killfirst/ckpt_seed1_gen00100.npz,100,1,BT-v2,10025,0,0.5,0,1,0,timeout,120.19999999999531,0.0,0.0,0.0,120.19999999999531,0.0,0.027038269550748752,0.007071547420965058,7101.89355485162
RL-s1-b100-a1.00,rl,1.0,2,results/es_killfirst/ckpt_seed1_gen00100.npz,100,1,BT-v2,10025,1,1.0,1,0,0,timeout,120.19999999999531,33.75,0.0,1.3500000000000005,120.19999999999531,0.0,0.027038269550748752,0.0,
RL-s1-b100-a1.00,rl,1.0,2,results/es_killfirst/ckpt_seed1_gen00100.npz,100,1,BT-v2,10026,0,1.0,1,0,0,timeout,120.19999999999531,2.5,0.0,0.1,120.19999999999531,0.0,0.057820299500831944,0.008735440931780365,5321.782132435738
RL-s1-b100-a1.00,rl,1.0,2,results/es_killfirst/ckpt_seed1_gen00100.npz,100,1,BT-v2,10026,1,0.5,0,1,0,timeout,120.19999999999531,0.0,0.0,0.0,120.19999999999531,0.0,0.05948419301164726,0.004575707154742097,
RL-s1-b100-a1.00,rl,1.0,2,results/es_killfirst/ckpt_seed1_gen00100.npz,100,1,BT-v2,10027,0,1.0,1,0,0,timeout,120.19999999999531,8.75,0.0,0.35,120.19999999999531,0.0,0.0910981697171381,0.045757071547420966,3805.0622467246208
RL-s1-b100-a1.00,rl,1.0,2,results/es_killfirst/ckpt_seed1_gen00100.npz,100,1,BT-v2,10027,1,0.5,0,1,0,timeout,120.19999999999531,0.0,0.0,0.0,120.19999999999531,0.0,0.06530782029950083,0.0,
RL-s1-b100-a1.00,rl,1.0,2,results/es_killfirst/ckpt_seed1_gen00100.npz,100,1,BT-v2,10028,0,0.0,0,0,1,gun_kill,55.299999999998995,0.0,100.0,0.0,55.299999999998995,0.0,0.0,0.026268115942028984,6026.796308030327
RL-s1-b100-a1.00,rl,1.0,2,results/es_killfirst/ckpt_seed1_gen00100.npz,100,1,BT-v2,10028,1,1.0,1,0,0,timeout,120.19999999999531,5.0,0.0,0.2,120.19999999999531,0.0,0.0,0.006239600665557404,
RL-s1-b100-a1.00,rl,1.0,2,results/es_killfirst/ckpt_seed1_gen00100.npz,100,1,BT-v2,10029,0,0.0,0,0,1,gun_kill,116.24999999999554,0.0,100.0,0.0,116.24999999999554,0.0,0.0,0.0,7696.427682211206
RL-s1-b100-a1.00,rl,1.0,2,results/es_killfirst/ckpt_seed1_gen00100.npz,100,1,BT-v2,10029,1,0.5,0,1,0,timeout,120.19999999999531,0.0,0.0,0.0,120.19999999999531,0.0,0.0,0.0,
RL-s1-b100-a1.00,rl,1.0,2,results/es_killfirst/ckpt_seed1_gen00100.npz,100,1,BT-v2,10030,0,0.5,0,1,0,timeout,120.19999999999531,0.0,0.0,0.0,120.19999999999531,0.0,0.049500831946755405,0.0,6467.15422352536
RL-s1-b100-a1.00,rl,1.0,2,results/es_killfirst/ckpt_seed1_gen00100.npz,100,1,BT-v2,10030,1,0.5,0,1,0,timeout,120.19999999999531,0.0,0.0,0.0,120.19999999999531,0.0,0.06655574043261231,0.0020798668885191347,
RL-s1-b100-a1.00,rl,1.0,2,results/es_killfirst/ckpt_seed1_gen00100.npz,100,1,BT-v2,10031,0,0.5,0,1,0,timeout,120.19999999999531,0.0,0.0,0.0,120.19999999999531,0.0,0.05740432612312812,0.0,5096.127385759099
RL-s1-b100-a1.00,rl,1.0,2,results/es_killfirst/ckpt_seed1_gen00100.npz,100,1,BT-v2,10031,1,0.5,0,1,0,timeout,120.19999999999531,0.0,0.0,0.0,120.19999999999531,0.0,0.06281198003327787,0.0,
RL-s1-b100-a1.00,rl,1.0,2,results/es_killfirst/ckpt_seed1_gen00100.npz,100,1,BT-v2,10032,0,1.0,1,0,0,timeout,120.19999999999531,8.75,0.0,0.35,120.19999999999531,0.0,0.019966722129783693,0.0,6038.335884156718
RL-s1-b100-a1.00,rl,1.0,2,results/es_killfirst/ckpt_seed1_gen00100.npz,100,1,BT-v2,10032,1,0.5,0,1,0,timeout,120.19999999999531,0.0,0.0,0.0,120.19999999999531,0.0,0.02038269550748752,0.014975041597337771,
RL-s1-b100-a1.00,rl,1.0,2,results/es_killfirst/ckpt_seed1_gen00100.npz,100,1,BT-v2,10033,0,1.0,1,0,0,timeout,120.19999999999531,7.5,0.0,0.3,120.19999999999531,0.0,0.02038269550748752,0.0037437603993344427,5406.271536082407
RL-s1-b100-a1.00,rl,1.0,2,results/es_killfirst/ckpt_seed1_gen00100.npz,100,1,BT-v2,10033,1,1.0,1,0,0,timeout,120.19999999999531,1.25,0.0,0.05,120.19999999999531,0.0,0.019550748752079867,0.005823627287853577,
RL-s1-b100-a1.00,rl,1.0,2,results/es_killfirst/ckpt_seed1_gen00100.npz,100,1,BT-v2,10034,0,0.5,0,1,0,timeout,120.19999999999531,0.0,0.0,0.0,120.19999999999531,0.0,0.021630615640599003,0.007903494176372712,6307.140084617794
RL-s1-b100-a1.00,rl,1.0,2,results/es_killfirst/ckpt_seed1_gen00100.npz,100,1,BT-v2,10034,1,1.0,1,0,0,timeout,120.19999999999531,21.25,0.0,0.8500000000000002,120.19999999999531,0.0,0.021214642262895173,0.0,
RL-s1-b100-a1.00,rl,1.0,2,results/es_killfirst/ckpt_seed1_gen00100.npz,100,1,BT-v2,10035,0,0.0,0,0,1,gun_kill,91.19999999999696,0.0,100.0,0.0,91.19999999999696,0.0,0.02142857142857143,0.008241758241758242,5335.498277712171
RL-s1-b100-a1.00,rl,1.0,2,results/es_killfirst/ckpt_seed1_gen00100.npz,100,1,BT-v2,10035,1,1.0,1,0,0,timeout,120.19999999999531,28.75,0.0,1.1500000000000004,120.19999999999531,0.0,0.015806988352745424,0.04201331114808652,
RL-s1-b100-a1.00,rl,1.0,2,results/es_killfirst/ckpt_seed1_gen00100.npz,100,1,BT-v2,10036,0,0.5,0,1,0,timeout,120.19999999999531,0.0,0.0,0.0,120.19999999999531,0.0,0.008735440931780365,0.0,5233.751527720039
RL-s1-b100-a1.00,rl,1.0,2,results/es_killfirst/ckpt_seed1_gen00100.npz,100,1,BT-v2,10036,1,1.0,1,0,0,timeout,120.19999999999531,6.25,0.0,0.25,120.19999999999531,0.0,0.010815307820299502,0.010399334442595673,
RL-s1-b100-a1.00,rl,1.0,2,results/es_killfirst/ckpt_seed1_gen00100.npz,100,1,BT-v2,10037,0,0.5,0,1,0,timeout,120.19999999999531,0.0,0.0,0.0,120.19999999999531,0.0,0.08319467554076539,0.0,4238.168307866192
RL-s1-b100-a1.00,rl,1.0,2,results/es_killfirst/ckpt_seed1_gen00100.npz,100,1,BT-v2,10037,1,0.5,0,1,0,timeout,120.19999999999531,0.0,0.0,0.0,120.19999999999531,0.0,0.05449251247920133,0.0,
RL-s1-b100-a1.00,rl,1.0,2,results/es_killfirst/ckpt_seed1_gen00100.npz,100,1,BT-v2,10038,0,0.5,0,1,0,timeout,120.19999999999531,0.0,0.0,0.0,120.19999999999531,0.0,0.02038269550748752,0.005407653910149751,5605.972765879486
RL-s1-b100-a1.00,rl,1.0,2,results/es_killfirst/ckpt_seed1_gen00100.npz,100,1,BT-v2,10038,1,1.0,1,0,0,timeout,120.19999999999531,21.25,0.0,0.8500000000000002,120.19999999999531,0.0,0.021630615640599003,0.0,
RL-s1-b100-a1.00,rl,1.0,2,results/es_killfirst/ckpt_seed1_gen00100.npz,100,1,BT-v2,10039,0,1.0,1,0,0,timeout,120.19999999999531,6.25,0.0,0.25,120.19999999999531,0.0,0.014975041597337771,0.004991680532445923,4781.510240559939
RL-s1-b100-a1.00,rl,1.0,2,results/es_killfirst/ckpt_seed1_gen00100.npz,100,1,BT-v2,10039,1,0.0,0,0,1,timeout,120.19999999999531,0.0,11.25,0.0,120.19999999999531,0.0,0.014559068219633943,0.0066555740432612314,
RL-s1-b100-a1.00,rl,1.0,2,results/es_killfirst/ckpt_seed1_gen00100.npz,100,1,BT-v2,10040,0,0.0,0,0,1,gun_kill,56.49999999999893,0.0,100.0,0.0,56.49999999999893,0.0,0.0,0.0274822695035461,6342.868064803146
RL-s1-b100-a1.00,rl,1.0,2,results/es_killfirst/ckpt_seed1_gen00100.npz,100,1,BT-v2,10040,1,1.0,1,0,0,timeout,120.19999999999531,10.0,0.0,0.39999999999999997,120.19999999999531,0.0,0.0,0.021214642262895173,
RL-s1-b100-a1.00,rl,1.0,2,results/es_killfirst/ckpt_seed1_gen00100.npz,100,1,BT-v2,10041,0,1.0,1,0,0,timeout,120.19999999999531,3.75,0.0,0.15000000000000002,120.19999999999531,0.0,0.018302828618968387,0.0066555740432612314,5789.641991880683
RL-s1-b100-a1.00,rl,1.0,2,results/es_killfirst/ckpt_seed1_gen00100.npz,100,1,BT-v2,10041,1,0.5,0,1,0,timeout,120.19999999999531,0.0,0.0,0.0,120.19999999999531,0.0,0.015806988352745424,0.007903494176372712,
RL-s1-b100-a1.00,rl,1.0,2,results/es_killfirst/ckpt_seed1_gen00100.npz,100,1,BT-v2,10042,0,0.5,0,1,0,timeout,120.19999999999531,0.0,0.0,0.0,120.19999999999531,0.0,0.055324459234608984,0.004159733777038269,5145.542580625922
RL-s1-b100-a1.00,rl,1.0,2,results/es_killfirst/ckpt_seed1_gen00100.npz,100,1,BT-v2,10042,1,0.5,0,1,0,timeout,120.19999999999531,0.0,0.0,0.0,120.19999999999531,0.0,0.05199667221297837,0.004575707154742097,
RL-s1-b100-a1.00,rl,1.0,2,results/es_killfirst/ckpt_seed1_gen00100.npz,100,1,BT-v2,10043,0,0.5,0,1,0,timeout,120.19999999999531,0.0,0.0,0.0,120.19999999999531,0.0,0.0,0.007071547420965058,6058.652357035256
RL-s1-b100-a1.00,rl,1.0,2,results/es_killfirst/ckpt_seed1_gen00100.npz,100,1,BT-v2,10043,1,1.0,1,0,0,timeout,120.19999999999531,5.0,0.0,0.2,120.19999999999531,0.0,0.0,0.0066555740432612314,
RL-s1-b100-a1.00,rl,1.0,2,results/es_killfirst/ckpt_seed1_gen00100.npz,100,1,BT-v2,10044,0,0.0,0,0,1,timeout,120.19999999999531,0.0,7.5,0.0,120.19999999999531,0.0,0.0,0.0,5335.836077593354
RL-s1-b100-a1.00,rl,1.0,2,results/es_killfirst/ckpt_seed1_gen00100.npz,100,1,BT-v2,10044,1,0.5,0,1,0,timeout,120.19999999999531,0.0,0.0,0.0,120.19999999999531,0.0,0.0,0.0,
RL-s1-b100-a1.00,rl,1.0,2,results/es_killfirst/ckpt_seed1_gen00100.npz,100,1,BT-v2,10045,0,0.5,0,1,0,timeout,120.19999999999531,0.0,0.0,0.0,120.19999999999531,0.0,0.034525790349417634,0.0016638935108153079,7086.622434554476
RL-s1-b100-a1.00,rl,1.0,2,results/es_killfirst/ckpt_seed1_gen00100.npz,100,1,BT-v2,10045,1,1.0,1,0,0,timeout,120.19999999999531,17.5,0.0,0.7000000000000001,120.19999999999531,0.0,0.027870216306156406,0.0,
RL-s1-b100-a1.00,rl,1.0,2,results/es_killfirst/ckpt_seed1_gen00100.npz,100,1,BT-v2,10046,0,0.5,0,1,0,timeout,120.19999999999531,0.0,0.0,0.0,120.19999999999531,0.0,0.12895174708818635,0.0,4211.787965247625
RL-s1-b100-a1.00,rl,1.0,2,results/es_killfirst/ckpt_seed1_gen00100.npz,100,1,BT-v2,10046,1,0.5,0,1,0,timeout,120.19999999999531,0.0,0.0,0.0,120.19999999999531,0.0,0.07570715474209651,0.0,
RL-s1-b100-a1.00,rl,1.0,2,results/es_killfirst/ckpt_seed1_gen00100.npz,100,1,BT-v2,10047,0,0.0,0,0,1,timeout,120.19999999999531,0.0,11.25,0.0,120.19999999999531,0.0,0.0074875207986688855,0.0012479201331114808,4938.917699254657
RL-s1-b100-a1.00,rl,1.0,2,results/es_killfirst/ckpt_seed1_gen00100.npz,100,1,BT-v2,10047,1,0.5,0,1,0,timeout,120.19999999999531,0.0,0.0,0.0,120.19999999999531,0.0,0.008319467554076539,0.008735440931780365,
RL-s1-b100-a1.00,rl,1.0,2,results/es_killfirst/ckpt_seed1_gen00100.npz,100,1,BT-v2,10048,0,0.5,0,1,0,timeout,120.19999999999531,0.0,0.0,0.0,120.19999999999531,0.0,0.028286189683860232,0.0,5454.700962130111
RL-s1-b100-a1.00,rl,1.0,2,results/es_killfirst/ckpt_seed1_gen00100.npz,100,1,BT-v2,10048,1,1.0,1,0,0,gun_kill,15.550000000000086,100.0,0.0,3.999999999999994,15.550000000000086,0.0,0.16883116883116883,0.0,
RL-s1-b100-a1.00,rl,1.0,2,results/es_killfirst/ckpt_seed1_gen00100.npz,100,1,BT-v2,10049,0,0.5,0,1,0,timeout,120.19999999999531,0.0,0.0,0.0,120.19999999999531,0.0,0.036605657237936774,0.006239600665557404,5424.0217607553495
RL-s1-b100-a1.00,rl,1.0,2,results/es_killfirst/ckpt_seed1_gen00100.npz,100,1,BT-v2,10049,1,1.0,1,0,0,timeout,120.19999999999531,30.0,0.0,1.2000000000000004,120.19999999999531,0.0,0.04159733777038269,0.005407653910149751,
RL-s1-b100-a1.00,rl,1.0,2,results/es_killfirst/ckpt_seed1_gen00100.npz,100,1,BT-v2,10050,0,0.5,0,1,0,timeout,120.19999999999531,0.0,0.0,0.0,120.19999999999531,0.0,0.024126455906821963,0.0016638935108153079,4556.459530042177
RL-s1-b100-a1.00,rl,1.0,2,results/es_killfirst/ckpt_seed1_gen00100.npz,100,1,BT-v2,10050,1,0.5,0,1,0,timeout,120.19999999999531,0.0,0.0,0.0,120.19999999999531,0.0,0.021214642262895173,0.0,
RL-s1-b100-a1.00,rl,1.0,2,results/es_killfirst/ckpt_seed1_gen00100.npz,100,1,BT-v2,10051,0,1.0,1,0,0,timeout,120.19999999999531,45.0,7.5,1.800000000000001,120.19999999999531,0.0,0.06988352745424292,0.04367720465890183,4679.0396424611035
RL-s1-b100-a1.00,rl,1.0,2,results/es_killfirst/ckpt_seed1_gen00100.npz,100,1,BT-v2,10051,1,0.5,0,1,0,timeout,120.19999999999531,0.0,0.0,0.0,120.19999999999531,0.0,0.07653910149750416,0.02870216306156406,
RL-s1-b100-a1.00,rl,1.0,2,results/es_killfirst/ckpt_seed1_gen00100.npz,100,1,BT-v2,10052,0,0.5,0,1,0,timeout,120.19999999999531,0.0,0.0,0.0,120.19999999999531,0.0,0.024126455906821963,0.004575707154742097,4895.395306426169
RL-s1-b100-a1.00,rl,1.0,2,results/es_killfirst/ckpt_seed1_gen00100.npz,100,1,BT-v2,10052,1,1.0,1,0,0,timeout,120.19999999999531,3.75,0.0,0.15000000000000002,120.19999999999531,0.0,0.030782029950083195,0.006239600665557404,
RL-s1-b100-a1.00,rl,1.0,2,results/es_killfirst/ckpt_seed1_gen00100.npz,100,1,BT-v2,10053,0,1.0,1,0,0,timeout,120.19999999999531,23.75,0.0,0.9500000000000003,120.19999999999531,0.0,0.0,0.0066555740432612314,5863.623835483046
RL-s1-b100-a1.00,rl,1.0,2,results/es_killfirst/ckpt_seed1_gen00100.npz,100,1,BT-v2,10053,1,0.5,0,1,0,timeout,120.19999999999531,0.0,0.0,0.0,120.19999999999531,0.0,0.0,0.0074875207986688855,
RL-s1-b100-a1.00,rl,1.0,2,results/es_killfirst/ckpt_seed1_gen00100.npz,100,1,BT-v2,10054,0,1.0,1,0,0,timeout,120.19999999999531,8.75,0.0,0.35,120.19999999999531,0.0,0.0,0.0074875207986688855,5682.764039293649
RL-s1-b100-a1.00,rl,1.0,2,results/es_killfirst/ckpt_seed1_gen00100.npz,100,1,BT-v2,10054,1,0.5,0,1,0,timeout,120.19999999999531,0.0,0.0,0.0,120.19999999999531,0.0,0.0,0.006239600665557404,
RL-s1-b100-a1.00,rl,1.0,2,results/es_killfirst/ckpt_seed1_gen00100.npz,100,1,BT-v2,10055,0,0.5,0,1,0,timeout,120.19999999999531,0.0,0.0,0.0,120.19999999999531,0.0,0.004159733777038269,0.0024958402662229617,4232.2100648594005
RL-s1-b100-a1.00,rl,1.0,2,results/es_killfirst/ckpt_seed1_gen00100.npz,100,1,BT-v2,10055,1,1.0,1,0,0,timeout,120.19999999999531,6.25,0.0,0.25,120.19999999999531,0.0,0.004575707154742097,0.0037437603993344427,
RL-s1-b100-a1.00,rl,1.0,2,results/es_killfirst/ckpt_seed1_gen00100.npz,100,1,BT-v2,10056,0,1.0,1,0,0,timeout,120.19999999999531,12.5,6.25,0.49999999999999994,120.19999999999531,0.0,0.054076539101497505,0.005823627287853577,6007.444532009391
RL-s1-b100-a1.00,rl,1.0,2,results/es_killfirst/ckpt_seed1_gen00100.npz,100,1,BT-v2,10056,1,0.5,0,1,0,timeout,120.19999999999531,2.5,2.5,0.1,120.19999999999531,0.0,0.0524126455906822,0.005407653910149751,
RL-s1-b100-a1.00,rl,1.0,2,results/es_killfirst/ckpt_seed1_gen00100.npz,100,1,BT-v2,10057,0,0.5,0,1,0,timeout,120.19999999999531,0.0,0.0,0.0,120.19999999999531,0.0,0.0,0.004991680532445923,6260.975377800754
RL-s1-b100-a1.00,rl,1.0,2,results/es_killfirst/ckpt_seed1_gen00100.npz,100,1,BT-v2,10057,1,0.5,0,1,0,timeout,120.19999999999531,0.0,0.0,0.0,120.19999999999531,0.0,0.0,0.0,
RL-s1-b100-a1.00,rl,1.0,2,results/es_killfirst/ckpt_seed1_gen00100.npz,100,1,BT-v2,10058,0,1.0,1,0,0,timeout,120.19999999999531,2.5,0.0,0.1,120.19999999999531,0.0,0.03410981697171381,0.006239600665557404,5076.9168082856395
RL-s1-b100-a1.00,rl,1.0,2,results/es_killfirst/ckpt_seed1_gen00100.npz,100,1,BT-v2,10058,1,0.5,0,1,0,timeout,120.19999999999531,0.0,0.0,0.0,120.19999999999531,0.0,0.03119800332778702,0.006239600665557404,
RL-s1-b100-a1.00,rl,1.0,2,results/es_killfirst/ckpt_seed1_gen00100.npz,100,1,BT-v2,10059,0,0.5,0,1,0,timeout,120.19999999999531,0.0,0.0,0.0,120.19999999999531,0.0,0.0024958402662229617,0.0,7286.538948265056
RL-s1-b100-a1.00,rl,1.0,2,results/es_killfirst/ckpt_seed1_gen00100.npz,100,1,BT-v2,10059,1,0.5,0,1,0,timeout,120.19999999999531,0.0,0.0,0.0,120.19999999999531,0.0,0.0029118136439267887,0.0,
RL-s1-b100-a1.00,rl,1.0,2,results/es_killfirst/ckpt_seed1_gen00100.npz,100,1,BT-v2,10060,0,0.5,0,1,0,timeout,120.19999999999531,0.0,0.0,0.0,120.19999999999531,0.0,0.036605657237936774,0.0029118136439267887,6700.015548550538
RL-s1-b100-a1.00,rl,1.0,2,results/es_killfirst/ckpt_seed1_gen00100.npz,100,1,BT-v2,10060,1,1.0,1,0,0,timeout,120.19999999999531,3.75,0.0,0.15000000000000002,120.19999999999531,0.0,0.027870216306156406,0.005823627287853577,
RL-s1-b100-a1.00,rl,1.0,2,results/es_killfirst/ckpt_seed1_gen00100.npz,100,1,BT-v2,10061,0,0.5,0,1,0,timeout,120.19999999999531,0.0,0.0,0.0,120.19999999999531,0.0,0.04284525790349417,0.005823627287853577,4771.78959181351
RL-s1-b100-a1.00,rl,1.0,2,results/es_killfirst/ckpt_seed1_gen00100.npz,100,1,BT-v2,10061,1,0.5,0,1,0,timeout,120.19999999999531,0.0,0.0,0.0,120.19999999999531,0.0,0.03161397670549085,0.007071547420965058,
RL-s1-b100-a1.00,rl,1.0,2,results/es_killfirst/ckpt_seed1_gen00100.npz,100,1,BT-v2,10062,0,0.5,0,1,0,timeout,120.19999999999531,0.0,0.0,0.0,120.19999999999531,0.0,0.06198003327787022,0.006239600665557404,6679.602171587829
RL-s1-b100-a1.00,rl,1.0,2,results/es_killfirst/ckpt_seed1_gen00100.npz,100,1,BT-v2,10062,1,0.5,0,1,0,timeout,120.19999999999531,0.0,0.0,0.0,120.19999999999531,0.0,0.04866888519134775,0.004575707154742097,
RL-s1-b100-a1.00,rl,1.0,2,results/es_killfirst/ckpt_seed1_gen00100.npz,100,1,BT-v2,10063,0,0.5,0,1,0,timeout,120.19999999999531,6.25,6.25,0.25,120.19999999999531,0.0,0.023710482529118136,0.004575707154742097,5221.943347987283
RL-s1-b100-a1.00,rl,1.0,2,results/es_killfirst/ckpt_seed1_gen00100.npz,100,1,BT-v2,10063,1,0.5,0,1,0,timeout,120.19999999999531,0.0,0.0,0.0,120.19999999999531,0.0,0.023710482529118136,0.004159733777038269,
RL-s1-b100-a1.00,rl,1.0,2,results/es_killfirst/ckpt_seed1_gen00100.npz,100,1,BT-v2,10064,0,0.5,0,1,0,timeout,120.19999999999531,0.0,0.0,0.0,120.19999999999531,0.0,0.01788685524126456,0.0074875207986688855,5411.263656382552
RL-s1-b100-a1.00,rl,1.0,2,results/es_killfirst/ckpt_seed1_gen00100.npz,100,1,BT-v2,10064,1,1.0,1,0,0,timeout,120.19999999999531,36.25,0.0,1.4500000000000006,120.19999999999531,0.0,0.017054908485856904,0.0,
RL-s1-b100-a1.00,rl,1.0,2,results/es_killfirst/ckpt_seed1_gen00100.npz,100,1,BT-v2,10065,0,1.0,1,0,0,timeout,120.19999999999531,31.25,0.0,1.2500000000000004,120.19999999999531,0.0,0.024958402662229616,0.007071547420965058,4748.14320168537
RL-s1-b100-a1.00,rl,1.0,2,results/es_killfirst/ckpt_seed1_gen00100.npz,100,1,BT-v2,10065,1,0.0,0,0,1,timeout,120.19999999999531,0.0,8.75,0.0,120.19999999999531,0.0,0.024958402662229616,0.008735440931780365,
RL-s1-b100-a1.00,rl,1.0,2,results/es_killfirst/ckpt_seed1_gen00100.npz,100,1,BT-v2,10066,0,0.5,0,1,0,timeout,120.19999999999531,0.0,0.0,0.0,120.19999999999531,0.0,0.03119800332778702,0.007903494176372712,5763.704519457446
RL-s1-b100-a1.00,rl,1.0,2,results/es_killfirst/ckpt_seed1_gen00100.npz,100,1,BT-v2,10066,1,0.5,0,1,0,timeout,120.19999999999531,0.0,0.0,0.0,120.19999999999531,0.0,0.04076539101497504,0.005823627287853577,
RL-s1-b100-a1.00,rl,1.0,2,results/es_killfirst/ckpt_seed1_gen00100.npz,100,1,BT-v2,10067,0,0.5,0,1,0,timeout,120.19999999999531,0.0,0.0,0.0,120.19999999999531,0.0,0.016638935108153077,0.0,5198.420152003471
RL-s1-b100-a1.00,rl,1.0,2,results/es_killfirst/ckpt_seed1_gen00100.npz,100,1,BT-v2,10067,1,0.5,0,1,0,timeout,120.19999999999531,0.0,0.0,0.0,120.19999999999531,0.0,0.014143094841930116,0.0,
RL-s1-b100-a1.00,rl,1.0,2,results/es_killfirst/ckpt_seed1_gen00100.npz,100,1,BT-v2,10068,0,1.0,1,0,0,timeout,120.19999999999531,23.75,0.0,0.9500000000000003,120.19999999999531,0.0,0.029950083194675542,0.0,6078.580321384015
RL-s1-b100-a1.00,rl,1.0,2,results/es_killfirst/ckpt_seed1_gen00100.npz,100,1,BT-v2,10068,1,1.0,1,0,0,timeout,120.19999999999531,11.25,0.0,0.44999999999999996,120.19999999999531,0.0,0.026622296173044926,0.007071547420965058,
RL-s1-b100-a1.00,rl,1.0,2,results/es_killfirst/ckpt_seed1_gen00100.npz,100,1,BT-v2,10069,0,1.0,1,0,0,timeout,120.19999999999531,13.75,0.0,0.5499999999999999,120.19999999999531,0.0,0.007903494176372712,0.0,6780.062898379126
RL-s1-b100-a1.00,rl,1.0,2,results/es_killfirst/ckpt_seed1_gen00100.npz,100,1,BT-v2,10069,1,1.0,1,0,0,timeout,120.19999999999531,15.0,0.0,0.6,120.19999999999531,0.0,0.007071547420965058,0.0033277870216306157,
RL-s1-b100-a1.00,rl,1.0,2,results/es_killfirst/ckpt_seed1_gen00100.npz,100,1,BT-v2,10070,0,0.5,0,1,0,timeout,120.19999999999531,0.0,0.0,0.0,120.19999999999531,0.0,0.011231281198003328,0.0033277870216306157,5835.865978958927
RL-s1-b100-a1.00,rl,1.0,2,results/es_killfirst/ckpt_seed1_gen00100.npz,100,1,BT-v2,10070,1,0.5,0,1,0,timeout,120.19999999999531,0.0,0.0,0.0,120.19999999999531,0.0,0.011231281198003328,0.0,
RL-s1-b100-a1.00,rl,1.0,2,results/es_killfirst/ckpt_seed1_gen00100.npz,100,1,BT-v2,10071,0,1.0,1,0,0,timeout,120.19999999999531,6.25,0.0,0.25,120.19999999999531,0.0,0.0,0.022462562396006656,5254.935937844827
RL-s1-b100-a1.00,rl,1.0,2,results/es_killfirst/ckpt_seed1_gen00100.npz,100,1,BT-v2,10071,1,0.5,0,1,0,timeout,120.19999999999531,0.0,0.0,0.0,120.19999999999531,0.0,0.0,0.004991680532445923,
RL-s1-b100-a1.00,rl,1.0,2,results/es_killfirst/ckpt_seed1_gen00100.npz,100,1,BT-v2,10072,0,0.0,0,0,1,gun_kill,92.84999999999687,0.0,100.0,0.0,92.84999999999687,0.0,0.0,0.010237068965517241,6713.814487208955
RL-s1-b100-a1.00,rl,1.0,2,results/es_killfirst/ckpt_seed1_gen00100.npz,100,1,BT-v2,10072,1,1.0,1,0,0,timeout,120.19999999999531,6.25,0.0,0.25,120.19999999999531,0.0,0.0,0.006239600665557404,
RL-s1-b100-a1.00,rl,1.0,2,results/es_killfirst/ckpt_seed1_gen00100.npz,100,1,BT-v2,10073,0,0.5,0,1,0,timeout,120.19999999999531,0.0,0.0,0.0,120.19999999999531,0.0,0.03036605657237937,0.007903494176372712,5844.4267155584785
RL-s1-b100-a1.00,rl,1.0,2,results/es_killfirst/ckpt_seed1_gen00100.npz,100,1,BT-v2,10073,1,1.0,1,0,0,timeout,120.19999999999531,3.75,0.0,0.15000000000000002,120.19999999999531,0.0,0.029118136439267885,0.0,
RL-s1-b100-a1.00,rl,1.0,2,results/es_killfirst/ckpt_seed1_gen00100.npz,100,1,BT-v2,10074,0,1.0,1,0,0,timeout,120.19999999999531,22.5,0.0,0.9000000000000002,120.19999999999531,0.0,0.033277870216306155,0.0,6957.016515631793
RL-s1-b100-a1.00,rl,1.0,2,results/es_killfirst/ckpt_seed1_gen00100.npz,100,1,BT-v2,10074,1,0.0,0,0,1,timeout,120.19999999999531,0.0,10.0,0.0,120.19999999999531,0.0,0.04742096505823627,0.004159733777038269,
RL-s1-b100-a1.00,rl,1.0,2,results/es_killfirst/ckpt_seed1_gen00100.npz,100,1,BT-v2,10075,0,1.0,1,0,0,timeout,120.19999999999531,7.5,0.0,0.3,120.19999999999531,0.0,0.02204658901830283,0.0037437603993344427,6853.2790397352
RL-s1-b100-a1.00,rl,1.0,2,results/es_killfirst/ckpt_seed1_gen00100.npz,100,1,BT-v2,10075,1,0.0,0,0,1,timeout,120.19999999999531,0.0,18.75,0.0,120.19999999999531,0.0,0.01788685524126456,0.004991680532445923,
RL-s1-b100-a1.00,rl,1.0,2,results/es_killfirst/ckpt_seed1_gen00100.npz,100,1,BT-v2,10076,0,0.5,0,1,0,timeout,120.19999999999531,0.0,0.0,0.0,120.19999999999531,0.0,0.023710482529118136,0.004991680532445923,6647.4368015609125
RL-s1-b100-a1.00,rl,1.0,2,results/es_killfirst/ckpt_seed1_gen00100.npz,100,1,BT-v2,10076,1,0.5,0,1,0,timeout,120.19999999999531,0.0,0.0,0.0,120.19999999999531,0.0,0.01788685524126456,0.0074875207986688855,
RL-s1-b100-a1.00,rl,1.0,2,results/es_killfirst/ckpt_seed1_gen00100.npz,100,1,BT-v2,10077,0,0.5,0,1,0,timeout,120.19999999999531,0.0,0.0,0.0,120.19999999999531,0.0,0.015391014975041598,0.005407653910149751,5642.478128402437
RL-s1-b100-a1.00,rl,1.0,2,results/es_killfirst/ckpt_seed1_gen00100.npz,100,1,BT-v2,10077,1,0.5,0,1,0,timeout,120.19999999999531,0.0,0.0,0.0,120.19999999999531,0.0,0.01788685524126456,0.0,
RL-s1-b100-a1.00,rl,1.0,2,results/es_killfirst/ckpt_seed1_gen00100.npz,100,1,BT-v2,10078,0,1.0,1,0,0,timeout,120.19999999999531,7.5,0.0,0.3,120.19999999999531,0.0,0.02870216306156406,0.0033277870216306157,7181.997776150059
RL-s1-b100-a1.00,rl,1.0,2,results/es_killfirst/ckpt_seed1_gen00100.npz,100,1,BT-v2,10078,1,0.5,0,1,0,timeout,120.19999999999531,0.0,0.0,0.0,120.19999999999531,0.0,0.037853577371048254,0.0,
RL-s1-b100-a1.00,rl,1.0,2,results/es_killfirst/ckpt_seed1_gen00100.npz,100,1,BT-v2,10079,0,1.0,1,0,0,timeout,120.19999999999531,17.5,0.0,0.7000000000000001,120.19999999999531,0.0,0.0,0.0037437603993344427,6070.93748831439
RL-s1-b100-a1.00,rl,1.0,2,results/es_killfirst/ckpt_seed1_gen00100.npz,100,1,BT-v2,10079,1,0.5,0,1,0,timeout,120.19999999999531,0.0,0.0,0.0,120.19999999999531,0.0,0.0,0.009151414309484194,
RL-s1-b100-a1.00,rl,1.0,2,results/es_killfirst/ckpt_seed1_gen00100.npz,100,1,BT-v2,10080,0,0.0,0,0,1,timeout,120.19999999999531,0.0,7.5,0.0,120.19999999999531,0.0,0.014975041597337771,0.0,4778.549525268222
RL-s1-b100-a1.00,rl,1.0,2,results/es_killfirst/ckpt_seed1_gen00100.npz,100,1,BT-v2,10080,1,1.0,1,0,0,timeout,120.19999999999531,6.25,0.0,0.25,120.19999999999531,0.0,0.015806988352745424,0.019966722129783693,
RL-s1-b100-a1.00,rl,1.0,2,results/es_killfirst/ckpt_seed1_gen00100.npz,100,1,BT-v2,10081,0,1.0,1,0,0,timeout,120.19999999999531,26.25,0.0,1.0500000000000003,120.19999999999531,0.0,0.0,0.008319467554076539,7111.3728305504
RL-s1-b100-a1.00,rl,1.0,2,results/es_killfirst/ckpt_seed1_gen00100.npz,100,1,BT-v2,10081,1,1.0,1,0,0,timeout,120.19999999999531,15.0,0.0,0.6,120.19999999999531,0.0,0.0,0.007071547420965058,
RL-s1-b100-a1.00,rl,1.0,2,results/es_killfirst/ckpt_seed1_gen00100.npz,100,1,BT-v2,10082,0,0.0,0,0,1,timeout,120.19999999999531,0.0,3.75,0.0,120.19999999999531,0.0,0.015806988352745424,0.007071547420965058,6370.019581915032
RL-s1-b100-a1.00,rl,1.0,2,results/es_killfirst/ckpt_seed1_gen00100.npz,100,1,BT-v2,10082,1,1.0,1,0,0,timeout,120.19999999999531,2.5,0.0,0.1,120.19999999999531,0.0,0.015806988352745424,0.012895174708818636,
RL-s1-b100-a1.00,rl,1.0,2,results/es_killfirst/ckpt_seed1_gen00100.npz,100,1,BT-v2,10083,0,0.5,0,1,0,timeout,120.19999999999531,0.0,0.0,0.0,120.19999999999531,0.0,0.049500831946755405,0.0,5556.139170435035
RL-s1-b100-a1.00,rl,1.0,2,results/es_killfirst/ckpt_seed1_gen00100.npz,100,1,BT-v2,10083,1,0.0,0,0,1,timeout,120.19999999999531,0.0,11.25,0.0,120.19999999999531,0.0,0.0478369384359401,0.004159733777038269,
RL-s1-b100-a1.00,rl,1.0,2,results/es_killfirst/ckpt_seed1_gen00100.npz,100,1,BT-v2,10084,0,1.0,1,0,0,timeout,120.19999999999531,6.25,0.0,0.25,120.19999999999531,0.0,0.0,0.004575707154742097,6736.559557737061
RL-s1-b100-a1.00,rl,1.0,2,results/es_killfirst/ckpt_seed1_gen00100.npz,100,1,BT-v2,10084,1,0.5,0,1,0,timeout,120.19999999999531,0.0,0.0,0.0,120.19999999999531,0.0,0.0,0.0,
RL-s1-b100-a1.00,rl,1.0,2,results/es_killfirst/ckpt_seed1_gen00100.npz,100,1,BT-v2,10085,0,0.5,0,1,0,timeout,120.19999999999531,0.0,0.0,0.0,120.19999999999531,0.0,0.0,0.0033277870216306157,4983.209613471092
RL-s1-b100-a1.00,rl,1.0,2,results/es_killfirst/ckpt_seed1_gen00100.npz,100,1,BT-v2,10085,1,0.5,0,1,0,timeout,120.19999999999531,0.0,0.0,0.0,120.19999999999531,0.0,0.0,0.0,
RL-s1-b100-a1.00,rl,1.0,2,results/es_killfirst/ckpt_seed1_gen00100.npz,100,1,BT-v2,10086,0,0.0,0,0,1,timeout,120.19999999999531,0.0,3.75,0.0,120.19999999999531,0.0,0.0,0.006239600665557404,6083.805069663025
RL-s1-b100-a1.00,rl,1.0,2,results/es_killfirst/ckpt_seed1_gen00100.npz,100,1,BT-v2,10086,1,0.5,0,1,0,timeout,120.19999999999531,0.0,0.0,0.0,120.19999999999531,0.0,0.0,0.0033277870216306157,
RL-s1-b100-a1.00,rl,1.0,2,results/es_killfirst/ckpt_seed1_gen00100.npz,100,1,BT-v2,10087,0,0.5,0,1,0,timeout,120.19999999999531,0.0,0.0,0.0,120.19999999999531,0.0,0.057820299500831944,0.004159733777038269,4646.456449020538
RL-s1-b100-a1.00,rl,1.0,2,results/es_killfirst/ckpt_seed1_gen00100.npz,100,1,BT-v2,10087,1,0.5,0,1,0,timeout,120.19999999999531,0.0,0.0,0.0,120.19999999999531,0.0,0.04326123128119801,0.0,
RL-s1-b100-a1.00,rl,1.0,2,results/es_killfirst/ckpt_seed1_gen00100.npz,100,1,BT-v2,10088,0,1.0,1,0,0,timeout,120.19999999999531,20.0,0.0,0.8000000000000002,120.19999999999531,0.0,0.0,0.0066555740432612314,6227.201077748445
RL-s1-b100-a1.00,rl,1.0,2,results/es_killfirst/ckpt_seed1_gen00100.npz,100,1,BT-v2,10088,1,0.0,0,0,1,timeout,120.19999999999531,0.0,15.0,0.0,120.19999999999531,0.0,0.0,0.0,
RL-s1-b100-a1.00,rl,1.0,2,results/es_killfirst/ckpt_seed1_gen00100.npz,100,1,BT-v2,10089,0,0.5,0,1,0,timeout,120.19999999999531,0.0,0.0,0.0,120.19999999999531,0.0,0.0,0.0,7516.069054041735
RL-s1-b100-a1.00,rl,1.0,2,results/es_killfirst/ckpt_seed1_gen00100.npz,100,1,BT-v2,10089,1,0.5,0,1,0,timeout,120.19999999999531,0.0,0.0,0.0,120.19999999999531,0.0,0.0,0.004159733777038269,
RL-s1-b100-a1.00,rl,1.0,2,results/es_killfirst/ckpt_seed1_gen00100.npz,100,1,BT-v2,10090,0,0.5,0,1,0,timeout,120.19999999999531,0.0,0.0,0.0,120.19999999999531,0.0,0.012479201331114808,0.006239600665557404,4272.903524011939
RL-s1-b100-a1.00,rl,1.0,2,results/es_killfirst/ckpt_seed1_gen00100.npz,100,1,BT-v2,10090,1,0.5,0,1,0,timeout,120.19999999999531,0.0,0.0,0.0,120.19999999999531,0.0,0.012063227953410981,0.004159733777038269,
RL-s1-b100-a1.00,rl,1.0,2,results/es_killfirst/ckpt_seed1_gen00100.npz,100,1,BT-v2,10091,0,0.0,0,0,1,timeout,120.19999999999531,0.0,10.0,0.0,120.19999999999531,0.0,0.06821963394342762,0.005823627287853577,4350.667885422489
RL-s1-b100-a1.00,rl,1.0,2,results/es_killfirst/ckpt_seed1_gen00100.npz,100,1,BT-v2,10091,1,0.5,0,1,0,timeout,120.19999999999531,0.0,0.0,0.0,120.19999999999531,0.0,0.05490848585690516,0.0033277870216306157,
RL-s1-b100-a1.00,rl,1.0,2,results/es_killfirst/ckpt_seed1_gen00100.npz,100,1,BT-v2,10092,0,0.0,0,0,1,timeout,120.19999999999531,0.0,2.5,0.0,120.19999999999531,0.0,0.0,0.004159733777038269,5615.734049123823
RL-s1-b100-a1.00,rl,1.0,2,results/es_killfirst/ckpt_seed1_gen00100.npz,100,1,BT-v2,10092,1,1.0,1,0,0,timeout,120.19999999999531,7.5,0.0,0.3,120.19999999999531,0.0,0.0,0.007071547420965058,
RL-s1-b100-a1.00,rl,1.0,2,results/es_killfirst/ckpt_seed1_gen00100.npz,100,1,BT-v2,10093,0,1.0,1,0,0,timeout,120.19999999999531,21.25,0.0,0.8500000000000002,120.19999999999531,0.0,0.0,0.0,7156.122792499944
RL-s1-b100-a1.00,rl,1.0,2,results/es_killfirst/ckpt_seed1_gen00100.npz,100,1,BT-v2,10093,1,0.5,0,1,0,timeout,120.19999999999531,0.0,0.0,0.0,120.19999999999531,0.0,0.0,0.0,
RL-s1-b100-a1.00,rl,1.0,2,results/es_killfirst/ckpt_seed1_gen00100.npz,100,1,BT-v2,10094,0,0.5,0,1,0,collision,10.15000000000001,0.0,12.5,0.0,10.15000000000001,0.0,0.49,0.04,5675.916616161918
RL-s1-b100-a1.00,rl,1.0,2,results/es_killfirst/ckpt_seed1_gen00100.npz,100,1,BT-v2,10094,1,1.0,1,0,0,timeout,120.19999999999531,5.0,0.0,0.2,120.19999999999531,0.0,0.05324459234608985,0.026622296173044926,
RL-s1-b100-a1.00,rl,1.0,2,results/es_killfirst/ckpt_seed1_gen00100.npz,100,1,BT-v2,10095,0,0.0,0,0,1,timeout,120.19999999999531,0.0,13.75,0.0,120.19999999999531,0.0,0.0,0.006239600665557404,5077.35040921626
RL-s1-b100-a1.00,rl,1.0,2,results/es_killfirst/ckpt_seed1_gen00100.npz,100,1,BT-v2,10095,1,1.0,1,0,0,timeout,120.19999999999531,23.75,0.0,0.9500000000000003,120.19999999999531,0.0,0.0,0.005823627287853577,
RL-s1-b100-a1.00,rl,1.0,2,results/es_killfirst/ckpt_seed1_gen00100.npz,100,1,BT-v2,10096,0,0.0,0,0,1,timeout,120.19999999999531,0.0,10.0,0.0,120.19999999999531,0.0,0.05116472545757072,0.007071547420965058,6068.290107430917
RL-s1-b100-a1.00,rl,1.0,2,results/es_killfirst/ckpt_seed1_gen00100.npz,100,1,BT-v2,10096,1,1.0,1,0,0,timeout,120.19999999999531,3.75,0.0,0.15000000000000002,120.19999999999531,0.0,0.034525790349417634,0.0,
RL-s1-b100-a1.00,rl,1.0,2,results/es_killfirst/ckpt_seed1_gen00100.npz,100,1,BT-v2,10097,0,0.5,0,1,0,timeout,120.19999999999531,0.0,0.0,0.0,120.19999999999531,0.0,0.06156405990016639,0.0066555740432612314,5096.267974706793
RL-s1-b100-a1.00,rl,1.0,2,results/es_killfirst/ckpt_seed1_gen00100.npz,100,1,BT-v2,10097,1,0.5,0,1,0,timeout,120.19999999999531,0.0,0.0,0.0,120.19999999999531,0.0,0.045757071547420966,0.0,
RL-s1-b100-a1.00,rl,1.0,2,results/es_killfirst/ckpt_seed1_gen00100.npz,100,1,BT-v2,10098,0,1.0,1,0,0,timeout,120.19999999999531,7.5,0.0,0.3,120.19999999999531,0.0,0.016638935108153077,0.009151414309484194,5583.752863168954
RL-s1-b100-a1.00,rl,1.0,2,results/es_killfirst/ckpt_seed1_gen00100.npz,100,1,BT-v2,10098,1,1.0,1,0,0,timeout,120.19999999999531,20.0,0.0,0.8000000000000002,120.19999999999531,0.0,0.016638935108153077,0.02038269550748752,
RL-s1-b100-a1.00,rl,1.0,2,results/es_killfirst/ckpt_seed1_gen00100.npz,100,1,BT-v2,10099,0,1.0,1,0,0,timeout,120.19999999999531,5.0,0.0,0.2,120.19999999999531,0.0,0.0,0.010399334442595673,4759.544085376808
RL-s1-b100-a1.00,rl,1.0,2,results/es_killfirst/ckpt_seed1_gen00100.npz,100,1,BT-v2,10099,1,0.5,0,1,0,timeout,120.19999999999531,0.0,0.0,0.0,120.19999999999531,0.0,0.0,0.004991680532445923,
RL-s1-b100-a1.00,rl,1.0,2,results/es_killfirst/ckpt_seed1_gen00100.npz,100,1,BT-v3,10000,0,0.5,0,1,0,timeout,120.19999999999531,0.0,0.0,0.0,120.19999999999531,0.0,0.027870216306156406,0.012895174708818636,4885.127749163589
RL-s1-b100-a1.00,rl,1.0,2,results/es_killfirst/ckpt_seed1_gen00100.npz,100,1,BT-v3,10000,1,0.5,0,1,0,timeout,120.19999999999531,0.0,0.0,0.0,120.19999999999531,0.0,0.026622296173044926,0.006239600665557404,
RL-s1-b100-a1.00,rl,1.0,2,results/es_killfirst/ckpt_seed1_gen00100.npz,100,1,BT-v3,10001,0,0.5,0,1,0,timeout,120.19999999999531,0.0,0.0,0.0,120.19999999999531,0.0,0.004159733777038269,0.0,6221.658850335969
RL-s1-b100-a1.00,rl,1.0,2,results/es_killfirst/ckpt_seed1_gen00100.npz,100,1,BT-v3,10001,1,1.0,1,0,0,timeout,120.19999999999531,36.25,0.0,1.4500000000000006,120.19999999999531,0.0,0.0,0.0,
RL-s1-b100-a1.00,rl,1.0,2,results/es_killfirst/ckpt_seed1_gen00100.npz,100,1,BT-v3,10002,0,0.5,0,1,0,timeout,120.19999999999531,0.0,0.0,0.0,120.19999999999531,0.0,0.0262063227953411,0.005823627287853577,5865.550375549475
RL-s1-b100-a1.00,rl,1.0,2,results/es_killfirst/ckpt_seed1_gen00100.npz,100,1,BT-v3,10002,1,0.5,0,1,0,timeout,120.19999999999531,0.0,0.0,0.0,120.19999999999531,0.0,0.022878535773710483,0.006239600665557404,
RL-s1-b100-a1.00,rl,1.0,2,results/es_killfirst/ckpt_seed1_gen00100.npz,100,1,BT-v3,10003,0,0.5,0,1,0,timeout,120.19999999999531,0.0,0.0,0.0,120.19999999999531,0.0,0.047004991680532446,0.005407653910149751,6908.38400982691
RL-s1-b100-a1.00,rl,1.0,2,results/es_killfirst/ckpt_seed1_gen00100.npz,100,1,BT-v3,10003,1,1.0,1,0,0,timeout,120.19999999999531,23.75,0.0,0.9500000000000003,120.19999999999531,0.0,0.051580698835274545,0.0,
RL-s1-b100-a1.00,rl,1.0,2,results/es_killfirst/ckpt_seed1_gen00100.npz,100,1,BT-v3,10004,0,0.0,0,0,1,gun_kill,119.79999999999534,0.0,100.0,0.0,119.79999999999534,0.0,0.0225752508361204,0.005016722408026756,6103.57337947387
RL-s1-b100-a1.00,rl,1.0,2,results/es_killfirst/ckpt_seed1_gen00100.npz,100,1,BT-v3,10004,1,0.0,0,0,1,gun_kill,118.04999999999544,97.5,100.0,3.899999999999994,118.04999999999544,0.0,0.0576271186440678,0.0,
RL-s1-b100-a1.00,rl,1.0,2,results/es_killfirst/ckpt_seed1_gen00100.npz,100,1,BT-v3,10005,0,1.0,1,0,0,timeout,120.19999999999531,25.0,7.5,1.0000000000000002,120.19999999999531,0.0,0.07695507487520799,0.005407653910149751,4966.079126266844
RL-s1-b100-a1.00,rl,1.0,2,results/es_killfirst/ckpt_seed1_gen00100.npz,100,1,BT-v3,10005,1,1.0,1,0,0,timeout,120.19999999999531,22.5,0.0,0.9000000000000002,120.19999999999531,0.0,0.0910981697171381,0.004159733777038269,
RL-s1-b100-a1.00,rl,1.0,2,results/es_killfirst/ckpt_seed1_gen00100.npz,100,1,BT-v3,10006,0,0.0,0,0,1,gun_kill,118.84999999999539,0.0,100.0,0.0,118.84999999999539,0.0,0.007996632996632997,0.003367003367003367,5804.663271425978
RL-s1-b100-a1.00,rl,1.0,2,results/es_killfirst/ckpt_seed1_gen00100.npz,100,1,BT-v3,10006,1,1.0,1,0,0,timeout,120.19999999999531,20.0,0.0,0.8000000000000002,120.19999999999531,0.0,0.010815307820299502,0.010815307820299502,
RL-s1-b100-a1.00,rl,1.0,2,results/es_killfirst/ckpt_seed1_gen00100.npz,100,1,BT-v3,10007,0,1.0,1,0,0,timeout,120.19999999999531,86.25,0.0,3.4499999999999957,120.19999999999531,0.0,0.018718801996672214,0.029950083194675542,4249.502564821097
RL-s1-b100-a1.00,rl,1.0,2,results/es_killfirst/ckpt_seed1_gen00100.npz,100,1,BT-v3,10007,1,1.0,1,0,0,timeout,120.19999999999531,12.5,0.0,0.49999999999999994,120.19999999999531,0.0,0.017054908485856904,0.0066555740432612314,
RL-s1-b100-a1.00,rl,1.0,2,results/es_killfirst/ckpt_seed1_gen00100.npz,100,1,BT-v3,10008,0,0.0,0,0,1,timeout,120.19999999999531,0.0,11.25,0.0,120.19999999999531,0.0,0.03161397670549085,0.0,5212.876405874936
RL-s1-b100-a1.00,rl,1.0,2,results/es_killfirst/ckpt_seed1_gen00100.npz,100,1,BT-v3,10008,1,0.5,0,1,0,timeout,120.19999999999531,0.0,0.0,0.0,120.19999999999531,0.0,0.025790349417637273,0.005823627287853577,
RL-s1-b100-a1.00,rl,1.0,2,results/es_killfirst/ckpt_seed1_gen00100.npz,100,1,BT-v3,10009,0,0.5,0,1,0,timeout,120.19999999999531,0.0,0.0,0.0,120.19999999999531,0.0,0.021214642262895173,0.006239600665557404,6290.870157716094
RL-s1-b100-a1.00,rl,1.0,2,results/es_killfirst/ckpt_seed1_gen00100.npz,100,1,BT-v3,10009,1,1.0,1,0,0,timeout,120.19999999999531,47.5,0.0,1.900000000000001,120.19999999999531,0.0,0.022878535773710483,0.0,
RL-s1-b100-a1.00,rl,1.0,2,results/es_killfirst/ckpt_seed1_gen00100.npz,100,1,BT-v3,10010,0,1.0,1,0,0,timeout,120.19999999999531,38.75,0.0,1.5500000000000007,120.19999999999531,0.0,0.056572379367720464,0.034525790349417634,3905.7025975712895
RL-s1-b100-a1.00,rl,1.0,2,results/es_killfirst/ckpt_seed1_gen00100.npz,100,1,BT-v3,10010,1,0.0,0,0,1,timeout,120.19999999999531,5.0,13.75,0.2,120.19999999999531,0.0,0.05823627287853577,0.023710482529118136,
RL-s1-b100-a1.00,rl,1.0,2,results/es_killfirst/ckpt_seed1_gen00100.npz,100,1,BT-v3,10011,0,1.0,1,0,0,timeout,120.19999999999531,8.75,0.0,0.35,120.19999999999531,0.0,0.0,0.008319467554076539,6129.229057745172
RL-s1-b100-a1.00,rl,1.0,2,results/es_killfirst/ckpt_seed1_gen00100.npz,100,1,BT-v3,10011,1,1.0,1,0,0,timeout,120.19999999999531,22.5,0.0,0.9000000000000002,120.19999999999531,0.0,0.0,0.0024958402662229617,
RL-s1-b100-a1.00,rl,1.0,2,results/es_killfirst/ckpt_seed1_gen00100.npz,100,1,BT-v3,10012,0,0.0,0,0,1,timeout,120.19999999999531,0.0,10.0,0.0,120.19999999999531,0.0,0.05698835274542429,0.004991680532445923,5887.269743952771
RL-s1-b100-a1.00,rl,1.0,2,results/es_killfirst/ckpt_seed1_gen00100.npz,100,1,BT-v3,10012,1,1.0,1,0,0,timeout,120.19999999999531,26.25,0.0,1.0500000000000003,120.19999999999531,0.0,0.0632279534109817,0.006239600665557404,
RL-s1-b100-a1.00,rl,1.0,2,results/es_killfirst/ckpt_seed1_gen00100.npz,100,1,BT-v3,10013,0,1.0,1,0,0,timeout,120.19999999999531,5.0,0.0,0.2,120.19999999999531,0.0,0.0370216306156406,0.023710482529118136,4833.042379411298
RL-s1-b100-a1.00,rl,1.0,2,results/es_killfirst/ckpt_seed1_gen00100.npz,100,1,BT-v3,10013,1,1.0,1,0,0,timeout,120.19999999999531,46.25,0.0,1.850000000000001,120.19999999999531,0.0,0.02745424292845258,0.006239600665557404,
RL-s1-b100-a1.00,rl,1.0,2,results/es_killfirst/ckpt_seed1_gen00100.npz,100,1,BT-v3,10014,0,1.0,1,0,0,timeout,120.19999999999531,73.75,0.0,2.9499999999999975,120.19999999999531,0.0,0.0,0.030782029950083195,5544.2078338848805
RL-s1-b100-a1.00,rl,1.0,2,results/es_killfirst/ckpt_seed1_gen00100.npz,100,1,BT-v3,10014,1,1.0,1,0,0,timeout,120.19999999999531,76.25,6.25,3.049999999999997,120.19999999999531,0.0,0.0,0.0262063227953411,
RL-s1-b100-a1.00,rl,1.0,2,results/es_killfirst/ckpt_seed1_gen00100.npz,100,1,BT-v3,10015,0,0.0,0,0,1,timeout,120.19999999999531,0.0,8.75,0.0,120.19999999999531,0.0,0.0,0.01372712146422629,4508.5749495223645
RL-s1-b100-a1.00,rl,1.0,2,results/es_killfirst/ckpt_seed1_gen00100.npz,100,1,BT-v3,10015,1,1.0,1,0,0,timeout,120.19999999999531,72.5,0.0,2.8999999999999977,120.19999999999531,0.0,0.0,0.032029950083194675,
RL-s1-b100-a1.00,rl,1.0,2,results/es_killfirst/ckpt_seed1_gen00100.npz,100,1,BT-v3,10016,0,1.0,1,0,0,timeout,120.19999999999531,20.0,0.0,0.8000000000000002,120.19999999999531,0.0,0.0,0.004991680532445923,5998.335225393804
RL-s1-b100-a1.00,rl,1.0,2,results/es_killfirst/ckpt_seed1_gen00100.npz,100,1,BT-v3,10016,1,0.0,0,0,1,timeout,120.19999999999531,0.0,7.5,0.0,120.19999999999531,0.0,0.0,0.0020798668885191347,
RL-s1-b100-a1.00,rl,1.0,2,results/es_killfirst/ckpt_seed1_gen00100.npz,100,1,BT-v3,10017,0,0.5,0,1,0,timeout,120.19999999999531,0.0,0.0,0.0,120.19999999999531,0.0,0.044509151414309486,0.011647254575707155,4363.056992496441
RL-s1-b100-a1.00,rl,1.0,2,results/es_killfirst/ckpt_seed1_gen00100.npz,100,1,BT-v3,10017,1,1.0,1,0,0,timeout,120.19999999999531,51.25,0.0,2.0500000000000007,120.19999999999531,0.0,0.03036605657237937,0.0,
RL-s1-b100-a1.00,rl,1.0,2,results/es_killfirst/ckpt_seed1_gen00100.npz,100,1,BT-v3,10018,0,1.0,1,0,0,timeout,120.19999999999531,15.0,0.0,0.6,120.19999999999531,0.0,0.012479201331114808,0.005823627287853577,5899.086047180726
RL-s1-b100-a1.00,rl,1.0,2,results/es_killfirst/ckpt_seed1_gen00100.npz,100,1,BT-v3,10018,1,0.5,0,1,0,timeout,120.19999999999531,0.0,0.0,0.0,120.19999999999531,0.0,0.01622296173044925,0.0,
RL-s1-b100-a1.00,rl,1.0,2,results/es_killfirst/ckpt_seed1_gen00100.npz,100,1,BT-v3,10019,0,1.0,1,0,0,timeout,120.19999999999531,13.75,0.0,0.5499999999999999,120.19999999999531,0.0,0.0,0.005823627287853577,6412.766261979542
RL-s1-b100-a1.00,rl,1.0,2,results/es_killfirst/ckpt_seed1_gen00100.npz,100,1,BT-v3,10019,1,1.0,1,0,0,timeout,120.19999999999531,25.0,0.0,1.0000000000000002,120.19999999999531,0.0,0.0,0.023710482529118136,
RL-s1-b100-a1.00,rl,1.0,2,results/es_killfirst/ckpt_seed1_gen00100.npz,100,1,BT-v3,10020,0,1.0,1,0,0,timeout,120.19999999999531,15.0,0.0,0.6,120.19999999999531,0.0,0.0,0.005407653910149751,7380.470333772419
RL-s1-b100-a1.00,rl,1.0,2,results/es_killfirst/ckpt_seed1_gen00100.npz,100,1,BT-v3,10020,1,1.0,1,0,0,timeout,120.19999999999531,63.75,1.25,2.549999999999999,120.19999999999531,0.0,0.0,0.029534109816971715,
RL-s1-b100-a1.00,rl,1.0,2,results/es_killfirst/ckpt_seed1_gen00100.npz,100,1,BT-v3,10021,0,1.0,1,0,0,timeout,120.19999999999531,47.5,0.0,1.900000000000001,120.19999999999531,0.0,0.05490848585690516,0.029534109816971715,4692.081222973064
RL-s1-b100-a1.00,rl,1.0,2,results/es_killfirst/ckpt_seed1_gen00100.npz,100,1,BT-v3,10021,1,1.0,1,0,0,timeout,120.19999999999531,25.0,0.0,1.0000000000000002,120.19999999999531,0.0,0.06031613976705491,0.02329450915141431,
RL-s1-b100-a1.00,rl,1.0,2,results/es_killfirst/ckpt_seed1_gen00100.npz,100,1,BT-v3,10022,0,0.5,0,1,0,timeout,120.19999999999531,0.0,0.0,0.0,120.19999999999531,0.0,0.03826955074875208,0.004991680532445923,7047.376348949628
RL-s1-b100-a1.00,rl,1.0,2,results/es_killfirst/ckpt_seed1_gen00100.npz,100,1,BT-v3,10022,1,0.5,0,1,0,timeout,120.19999999999531,0.0,0.0,0.0,120.19999999999531,0.0,0.03036605657237937,0.004159733777038269,
RL-s1-b100-a1.00,rl,1.0,2,results/es_killfirst/ckpt_seed1_gen00100.npz,100,1,BT-v3,10023,0,0.5,0,1,0,timeout,120.19999999999531,0.0,0.0,0.0,120.19999999999531,0.0,0.04118136439267887,0.0,5242.435660093644
RL-s1-b100-a1.00,rl,1.0,2,results/es_killfirst/ckpt_seed1_gen00100.npz,100,1,BT-v3,10023,1,1.0,1,0,0,timeout,120.19999999999531,7.5,0.0,0.3,120.19999999999531,0.0,0.029950083194675542,0.0,
RL-s1-b100-a1.00,rl,1.0,2,results/es_killfirst/ckpt_seed1_gen00100.npz,100,1,BT-v3,10024,0,1.0,1,0,0,timeout,120.19999999999531,11.25,0.0,0.44999999999999996,120.19999999999531,0.0,0.0324459234608985,0.0,5731.322890380417
RL-s1-b100-a1.00,rl,1.0,2,results/es_killfirst/ckpt_seed1_gen00100.npz,100,1,BT-v3,10024,1,0.0,0,0,1,gun_kill,98.19999999999656,0.0,100.0,0.0,98.19999999999656,0.0,0.02857142857142857,0.003061224489795918,
RL-s1-b100-a1.00,rl,1.0,2,results/es_killfirst/ckpt_seed1_gen00100.npz,100,1,BT-v3,10025,0,0.5,0,1,0,timeout,120.19999999999531,0.0,0.0,0.0,120.19999999999531,0.0,0.027038269550748752,0.0,7064.79006652468
RL-s1-b100-a1.00,rl,1.0,2,results/es_killfirst/ckpt_seed1_gen00100.npz,100,1,BT-v3,10025,1,1.0,1,0,0,timeout,120.19999999999531,36.25,0.0,1.4500000000000006,120.19999999999531,0.0,0.027038269550748752,0.0,
RL-s1-b100-a1.00,rl,1.0,2,results/es_killfirst/ckpt_seed1_gen00100.npz,100,1,BT-v3,10026,0,0.5,0,1,0,timeout,120.19999999999531,0.0,0.0,0.0,120.19999999999531,0.0,0.05740432612312812,0.004159733777038269,6122.383711585432
RL-s1-b100-a1.00,rl,1.0,2,results/es_killfirst/ckpt_seed1_gen00100.npz,100,1,BT-v3,10026,1,0.0,0,0,1,timeout,120.19999999999531,0.0,2.5,0.0,120.19999999999531,0.0,0.0632279534109817,0.0037437603993344427,
RL-s1-b100-a1.00,rl,1.0,2,results/es_killfirst/ckpt_seed1_gen00100.npz,100,1,BT-v3,10027,0,1.0,1,0,0,timeout,120.19999999999531,82.5,0.0,3.2999999999999963,120.19999999999531,0.0,0.09900166389351081,0.0,3350.6822160509128
RL-s1-b100-a1.00,rl,1.0,2,results/es_killfirst/ckpt_seed1_gen00100.npz,100,1,BT-v3,10027,1,0.0,0,0,1,timeout,120.19999999999531,0.0,15.0,0.0,120.19999999999531,0.0,0.06572379367720466,0.0,
RL-s1-b100-a1.00,rl,1.0,2,results/es_killfirst/ckpt_seed1_gen00100.npz,100,1,BT-v3,10028,0,0.0,0,0,1,gun_kill,55.149999999999004,0.0,100.0,0.0,55.149999999999004,0.0,0.0,0.022727272727272728,6034.275664657715
RL-s1-b100-a1.00,rl,1.0,2,results/es_killfirst/ckpt_seed1_gen00100.npz,100,1,BT-v3,10028,1,1.0,1,0,0,timeout,120.19999999999531,37.5,0.0,1.5000000000000007,120.19999999999531,0.0,0.0,0.013311148086522463,
RL-s1-b100-a1.00,rl,1.0,2,results/es_killfirst/ckpt_seed1_gen00100.npz,100,1,BT-v3,10029,0,0.0,0,0,1,gun_kill,113.84999999999567,0.0,100.0,0.0,113.84999999999567,0.0,0.0,0.0,7697.705669653926
RL-s1-b100-a1.00,rl,1.0,2,results/es_killfirst/ckpt_seed1_gen00100.npz,100,1,BT-v3,10029,1,0.5,0,1,0,timeout,120.19999999999531,0.0,0.0,0.0,120.19999999999531,0.0,0.0,0.0,
RL-s1-b100-a1.00,rl,1.0,2,results/es_killfirst/ckpt_seed1_gen00100.npz,100,1,BT-v3,10030,0,0.0,0,0,1,timeout,120.19999999999531,3.75,12.5,0.15000000000000002,120.19999999999531,0.0,0.04908485856905158,0.004159733777038269,6222.576539823584
RL-s1-b100-a1.00,rl,1.0,2,results/es_killfirst/ckpt_seed1_gen00100.npz,100,1,BT-v3,10030,1,1.0,1,0,0,timeout,120.19999999999531,6.25,0.0,0.25,120.19999999999531,0.0,0.06572379367720466,0.004575707154742097,
RL-s1-b100-a1.00,rl,1.0,2,results/es_killfirst/ckpt_seed1_gen00100.npz,100,1,BT-v3,10031,0,0.5,0,1,0,timeout,120.19999999999531,0.0,0.0,0.0,120.19999999999531,0.0,0.05698835274542429,0.0,5091.130536276149
RL-s1-b100-a1.00,rl,1.0,2,results/es_killfirst/ckpt_seed1_gen00100.npz,100,1,BT-v3,10031,1,1.0,1,0,0,timeout,120.19999999999531,12.5,0.0,0.49999999999999994,120.19999999999531,0.0,0.06239600665557404,0.017054908485856904,
RL-s1-b100-a1.00,rl,1.0,2,results/es_killfirst/ckpt_seed1_gen00100.npz,100,1,BT-v3,10032,0,0.5,0,1,0,timeout,120.19999999999531,0.0,0.0,0.0,120.19999999999531,0.0,0.019966722129783693,0.018718801996672214,4633.740589040737
RL-s1-b100-a1.00,rl,1.0,2,results/es_killfirst/ckpt_seed1_gen00100.npz,100,1,BT-v3,10032,1,0.5,0,1,0,timeout,120.19999999999531,0.0,0.0,0.0,120.19999999999531,0.0,0.02038269550748752,0.0074875207986688855,
RL-s1-b100-a1.00,rl,1.0,2,results/es_killfirst/ckpt_seed1_gen00100.npz,100,1,BT-v3,10033,0,1.0,1,0,0,timeout,120.19999999999531,33.75,0.0,1.3500000000000005,120.19999999999531,0.0,0.020798668885191347,0.021214642262895173,5353.831556969382
RL-s1-b100-a1.00,rl,1.0,2,results/es_killfirst/ckpt_seed1_gen00100.npz,100,1,BT-v3,10033,1,0.0,0,0,1,timeout,120.19999999999531,0.0,2.5,0.0,120.19999999999531,0.0,0.019550748752079867,0.0037437603993344427,
RL-s1-b100-a1.00,rl,1.0,2,results/es_killfirst/ckpt_seed1_gen00100.npz,100,1,BT-v3,10034,0,1.0,1,0,0,timeout,120.19999999999531,91.25,0.0,3.649999999999995,120.19999999999531,0.0,0.021630615640599003,0.033277870216306155,5229.25683517303
RL-s1-b100-a1.00,rl,1.0,2,results/es_killfirst/ckpt_seed1_gen00100.npz,100,1,BT-v3,10034,1,0.0,0,0,1,gun_kill,94.84999999999675,17.5,100.0,0.7000000000000001,94.84999999999675,0.0,0.02689873417721519,0.0,
RL-s1-b100-a1.00,rl,1.0,2,results/es_killfirst/ckpt_seed1_gen00100.npz,100,1,BT-v3,10035,0,0.0,0,0,1,gun_kill,61.59999999999864,0.0,100.0,0.0,61.59999999999864,0.0,0.03175895765472313,0.02280130293159609,5472.961142663659
RL-s1-b100-a1.00,rl,1.0,2,results/es_killfirst/ckpt_seed1_gen00100.npz,100,1,BT-v3,10035,1,1.0,1,0,0,timeout,120.19999999999531,33.75,0.0,1.3500000000000005,120.19999999999531,0.0,0.015806988352745424,0.012063227953410981,
RL-s1-b100-a1.00,rl,1.0,2,results/es_killfirst/ckpt_seed1_gen00100.npz,100,1,BT-v3,10036,0,0.5,0,1,0,collision,5.1999999999999895,0.0,45.0,0.0,5.1999999999999895,0.0,0.21,0.07,5900.236379659468
RL-s1-b100-a1.00,rl,1.0,2,results/es_killfirst/ckpt_seed1_gen00100.npz,100,1,BT-v3,10036,1,1.0,1,0,0,timeout,120.19999999999531,65.0,0.0,2.5999999999999988,120.19999999999531,0.0,0.011231281198003328,0.032029950083194675,
RL-s1-b100-a1.00,rl,1.0,2,results/es_killfirst/ckpt_seed1_gen00100.npz,100,1,BT-v3,10037,0,0.5,0,1,0,timeout,120.19999999999531,0.0,0.0,0.0,120.19999999999531,0.0,0.08485856905158069,0.0,4255.267071871804
RL-s1-b100-a1.00,rl,1.0,2,results/es_killfirst/ckpt_seed1_gen00100.npz,100,1,BT-v3,10037,1,0.5,0,1,0,timeout,120.19999999999531,0.0,0.0,0.0,120.19999999999531,0.0,0.054076539101497505,0.0,
RL-s1-b100-a1.00,rl,1.0,2,results/es_killfirst/ckpt_seed1_gen00100.npz,100,1,BT-v3,10038,0,0.5,0,1,0,timeout,120.19999999999531,0.0,0.0,0.0,120.19999999999531,0.0,0.02038269550748752,0.0066555740432612314,6855.696543993822
RL-s1-b100-a1.00,rl,1.0,2,results/es_killfirst/ckpt_seed1_gen00100.npz,100,1,BT-v3,10038,1,1.0,1,0,0,timeout,120.19999999999531,26.25,0.0,1.0500000000000003,120.19999999999531,0.0,0.021630615640599003,0.0,
RL-s1-b100-a1.00,rl,1.0,2,results/es_killfirst/ckpt_seed1_gen00100.npz,100,1,BT-v3,10039,0,1.0,1,0,0,timeout,120.19999999999531,7.5,0.0,0.3,120.19999999999531,0.0,0.014975041597337771,0.0,4781.351070057892
RL-s1-b100-a1.00,rl,1.0,2,results/es_killfirst/ckpt_seed1_gen00100.npz,100,1,BT-v3,10039,1,0.0,0,0,1,gun_kill,94.44999999999678,0.0,100.0,0.0,94.44999999999678,0.0,0.018538135593220338,0.00423728813559322,
RL-s1-b100-a1.00,rl,1.0,2,results/es_killfirst/ckpt_seed1_gen00100.npz,100,1,BT-v3,10040,0,0.0,0,0,1,gun_kill,57.34999999999888,0.0,100.0,0.0,57.34999999999888,0.0,0.0,0.027097902097902096,6382.876344383982
RL-s1-b100-a1.00,rl,1.0,2,results/es_killfirst/ckpt_seed1_gen00100.npz,100,1,BT-v3,10040,1,1.0,1,0,0,timeout,120.19999999999531,87.5,0.0,3.4999999999999956,120.19999999999531,0.0,0.0,0.027038269550748752,
RL-s1-b100-a1.00,rl,1.0,2,results/es_killfirst/ckpt_seed1_gen00100.npz,100,1,BT-v3,10041,0,1.0,1,0,0,timeout,120.19999999999531,5.0,0.0,0.2,120.19999999999531,0.0,0.018302828618968387,0.006239600665557404,4686.797421933928
RL-s1-b100-a1.00,rl,1.0,2,results/es_killfirst/ckpt_seed1_gen00100.npz,100,1,BT-v3,10041,1,0.5,0,1,0,timeout,120.19999999999531,0.0,0.0,0.0,120.19999999999531,0.0,0.015806988352745424,0.0066555740432612314,
RL-s1-b100-a1.00,rl,1.0,2,results/es_killfirst/ckpt_seed1_gen00100.npz,100,1,BT-v3,10042,0,1.0,1,0,0,timeout,120.19999999999531,3.75,0.0,0.15000000000000002,120.19999999999531,0.0,0.055324459234608984,0.0020798668885191347,6505.993991758677
RL-s1-b100-a1.00,rl,1.0,2,results/es_killfirst/ckpt_seed1_gen00100.npz,100,1,BT-v3,10042,1,0.5,0,1,0,timeout,120.19999999999531,0.0,0.0,0.0,120.19999999999531,0.0,0.052828618968386025,0.0024958402662229617,
RL-s1-b100-a1.00,rl,1.0,2,results/es_killfirst/ckpt_seed1_gen00100.npz,100,1,BT-v3,10043,0,1.0,1,0,0,timeout,120.19999999999531,12.5,0.0,0.49999999999999994,120.19999999999531,0.0,0.0,0.0,6922.149861501801
RL-s1-b100-a1.00,rl,1.0,2,results/es_killfirst/ckpt_seed1_gen00100.npz,100,1,BT-v3,10043,1,0.5,0,1,0,timeout,120.19999999999531,0.0,0.0,0.0,120.19999999999531,0.0,0.0,0.005823627287853577,
RL-s1-b100-a1.00,rl,1.0,2,results/es_killfirst/ckpt_seed1_gen00100.npz,100,1,BT-v3,10044,0,1.0,1,0,0,timeout,120.19999999999531,46.25,0.0,1.850000000000001,120.19999999999531,0.0,0.0,0.026622296173044926,5015.32572216645
RL-s1-b100-a1.00,rl,1.0,2,results/es_killfirst/ckpt_seed1_gen00100.npz,100,1,BT-v3,10044,1,0.5,0,1,0,timeout,120.19999999999531,0.0,0.0,0.0,120.19999999999531,0.0,0.0,0.0,
RL-s1-b100-a1.00,rl,1.0,2,results/es_killfirst/ckpt_seed1_gen00100.npz,100,1,BT-v3,10045,0,1.0,1,0,0,timeout,120.19999999999531,1.25,0.0,0.05,120.19999999999531,0.0,0.03743760399334443,0.0016638935108153079,6774.819461678256
RL-s1-b100-a1.00,rl,1.0,2,results/es_killfirst/ckpt_seed1_gen00100.npz,100,1,BT-v3,10045,1,1.0,1,0,0,timeout,120.19999999999531,15.0,0.0,0.6,120.19999999999531,0.0,0.027870216306156406,0.0,
RL-s1-b100-a1.00,rl,1.0,2,results/es_killfirst/ckpt_seed1_gen00100.npz,100,1,BT-v3,10046,0,1.0,1,0,0,gun_kill,57.89999999999885,100.0,0.0,3.999999999999994,57.89999999999885,0.0,0.2768166089965398,0.004325259515570935,4414.960773136649
RL-s1-b100-a1.00,rl,1.0,2,results/es_killfirst/ckpt_seed1_gen00100.npz,100,1,BT-v3,10046,1,0.5,0,1,0,timeout,120.19999999999531,0.0,0.0,0.0,120.19999999999531,0.0,0.07362728785357738,0.0,
RL-s1-b100-a1.00,rl,1.0,2,results/es_killfirst/ckpt_seed1_gen00100.npz,100,1,BT-v3,10047,0,0.5,0,1,0,timeout,120.19999999999531,0.0,0.0,0.0,120.19999999999531,0.0,0.0074875207986688855,0.016638935108153077,4356.290010341576
RL-s1-b100-a1.00,rl,1.0,2,results/es_killfirst/ckpt_seed1_gen00100.npz,100,1,BT-v3,10047,1,0.5,0,1,0,timeout,120.19999999999531,0.0,0.0,0.0,120.19999999999531,0.0,0.008319467554076539,0.005407653910149751,
RL-s1-b100-a1.00,rl,1.0,2,results/es_killfirst/ckpt_seed1_gen00100.npz,100,1,BT-v3,10048,0,0.5,0,1,0,timeout,120.19999999999531,0.0,0.0,0.0,120.19999999999531,0.0,0.028286189683860232,0.0,5176.936956198969
RL-s1-b100-a1.00,rl,1.0,2,results/es_killfirst/ckpt_seed1_gen00100.npz,100,1,BT-v3,10048,1,1.0,1,0,0,timeout,120.19999999999531,35.0,0.0,1.4000000000000006,120.19999999999531,0.0,0.021630615640599003,0.007071547420965058,
RL-s1-b100-a1.00,rl,1.0,2,results/es_killfirst/ckpt_seed1_gen00100.npz,100,1,BT-v3,10049,0,0.0,0,0,1,timeout,120.19999999999531,0.0,13.75,0.0,120.19999999999531,0.0,0.0370216306156406,0.005407653910149751,6711.036650486189
RL-s1-b100-a1.00,rl,1.0,2,results/es_killfirst/ckpt_seed1_gen00100.npz,100,1,BT-v3,10049,1,1.0,1,0,0,timeout,120.19999999999531,11.25,0.0,0.44999999999999996,120.19999999999531,0.0,0.04159733777038269,0.0008319467554076539,
RL-s1-b100-a1.00,rl,1.0,2,results/es_killfirst/ckpt_seed1_gen00100.npz,100,1,BT-v3,10050,0,1.0,1,0,0,timeout,120.19999999999531,46.25,0.0,1.850000000000001,120.19999999999531,0.0,0.024126455906821963,0.026622296173044926,4594.468702554653
RL-s1-b100-a1.00,rl,1.0,2,results/es_killfirst/ckpt_seed1_gen00100.npz,100,1,BT-v3,10050,1,0.5,0,1,0,timeout,120.19999999999531,0.0,0.0,0.0,120.19999999999531,0.0,0.021214642262895173,0.007071547420965058,
RL-s1-b100-a1.00,rl,1.0,2,results/es_killfirst/ckpt_seed1_gen00100.npz,100,1,BT-v3,10051,0,1.0,1,0,0,timeout,120.19999999999531,16.25,0.0,0.65,120.19999999999531,0.0,0.0632279534109817,0.008735440931780365,5812.562785314816
RL-s1-b100-a1.00,rl,1.0,2,results/es_killfirst/ckpt_seed1_gen00100.npz,100,1,BT-v3,10051,1,1.0,1,0,0,timeout,120.19999999999531,3.75,0.0,0.15000000000000002,120.19999999999531,0.0,0.07778702163061564,0.005407653910149751,
RL-s1-b100-a1.00,rl,1.0,2,results/es_killfirst/ckpt_seed1_gen00100.npz,100,1,BT-v3,10052,0,0.5,0,1,0,timeout,120.19999999999531,0.0,0.0,0.0,120.19999999999531,0.0,0.024126455906821963,0.005823627287853577,6654.01635076934
RL-s1-b100-a1.00,rl,1.0,2,results/es_killfirst/ckpt_seed1_gen00100.npz,100,1,BT-v3,10052,1,0.5,0,1,0,timeout,120.19999999999531,0.0,0.0,0.0,120.19999999999531,0.0,0.029534109816971715,0.017054908485856904,
RL-s1-b100-a1.00,rl,1.0,2,results/es_killfirst/ckpt_seed1_gen00100.npz,100,1,BT-v3,10053,0,1.0,1,0,0,timeout,120.19999999999531,48.75,0.0,1.950000000000001,120.19999999999531,0.0,0.0,0.024958402662229616,5648.07941124857
RL-s1-b100-a1.00,rl,1.0,2,results/es_killfirst/ckpt_seed1_gen00100.npz,100,1,BT-v3,10053,1,0.5,0,1,0,timeout,120.19999999999531,0.0,0.0,0.0,120.19999999999531,0.0,0.0,0.0066555740432612314,
RL-s1-b100-a1.00,rl,1.0,2,results/es_killfirst/ckpt_seed1_gen00100.npz,100,1,BT-v3,10054,0,1.0,1,0,0,timeout,120.19999999999531,1.25,0.0,0.05,120.19999999999531,0.0,0.0,0.01372712146422629,4241.973170570533
RL-s1-b100-a1.00,rl,1.0,2,results/es_killfirst/ckpt_seed1_gen00100.npz,100,1,BT-v3,10054,1,0.5,0,1,0,timeout,120.19999999999531,0.0,0.0,0.0,120.19999999999531,0.0,0.0,0.006239600665557404,
RL-s1-b100-a1.00,rl,1.0,2,results/es_killfirst/ckpt_seed1_gen00100.npz,100,1,BT-v3,10055,0,1.0,1,0,0,timeout,120.19999999999531,61.25,0.0,2.4499999999999993,120.19999999999531,0.0,0.004159733777038269,0.03161397670549085,4092.503071436851
RL-s1-b100-a1.00,rl,1.0,2,results/es_killfirst/ckpt_seed1_gen00100.npz,100,1,BT-v3,10055,1,1.0,1,0,0,timeout,120.19999999999531,6.25,3.75,0.25,120.19999999999531,0.0,0.004575707154742097,0.004991680532445923,
RL-s1-b100-a1.00,rl,1.0,2,results/es_killfirst/ckpt_seed1_gen00100.npz,100,1,BT-v3,10056,0,1.0,1,0,0,timeout,120.19999999999531,8.75,0.0,0.35,120.19999999999531,0.0,0.05740432612312812,0.0020798668885191347,5527.170315920346
RL-s1-b100-a1.00,rl,1.0,2,results/es_killfirst/ckpt_seed1_gen00100.npz,100,1,BT-v3,10056,1,0.5,0,1,0,timeout,120.19999999999531,6.25,6.25,0.25,120.19999999999531,0.0,0.04658901830282862,0.005823627287853577,
RL-s1-b100-a1.00,rl,1.0,2,results/es_killfirst/ckpt_seed1_gen00100.npz,100,1,BT-v3,10057,0,1.0,1,0,0,timeout,120.19999999999531,55.0,0.0,2.2,120.19999999999531,0.0,0.0,0.029118136439267885,4645.366618474629
RL-s1-b100-a1.00,rl,1.0,2,results/es_killfirst/ckpt_seed1_gen00100.npz,100,1,BT-v3,10057,1,0.0,0,0,1,timeout,120.19999999999531,0.0,11.25,0.0,120.19999999999531,0.0,0.0,0.0,
RL-s1-b100-a1.00,rl,1.0,2,results/es_killfirst/ckpt_seed1_gen00100.npz,100,1,BT-v3,10058,0,1.0,1,0,0,timeout,120.19999999999531,11.25,0.0,0.44999999999999996,120.19999999999531,0.0,0.034525790349417634,0.005407653910149751,4946.530277621192
RL-s1-b100-a1.00,rl,1.0,2,results/es_killfirst/ckpt_seed1_gen00100.npz,100,1,BT-v3,10058,1,0.0,0,0,1,timeout,120.19999999999531,0.0,11.25,0.0,120.19999999999531,0.0,0.03119800332778702,0.0033277870216306157,
RL-s1-b100-a1.00,rl,1.0,2,results/es_killfirst/ckpt_seed1_gen00100.npz,100,1,BT-v3,10059,0,0.5,0,1,0,timeout,120.19999999999531,0.0,0.0,0.0,120.19999999999531,0.0,0.0024958402662229617,0.0,7338.4351452858655
RL-s1-b100-a1.00,rl,1.0,2,results/es_killfirst/ckpt_seed1_gen00100.npz,100,1,BT-v3,10059,1,0.5,0,1,0,timeout,120.19999999999531,0.0,0.0,0.0,120.19999999999531,0.0,0.0029118136439267887,0.0,
RL-s1-b100-a1.00,rl,1.0,2,results/es_killfirst/ckpt_seed1_gen00100.npz,100,1,BT-v3,10060,0,0.5,0,1,0,timeout,120.19999999999531,0.0,0.0,0.0,120.19999999999531,0.0,0.037853577371048254,0.0,6902.27411116032
RL-s1-b100-a1.00,rl,1.0,2,results/es_killfirst/ckpt_seed1_gen00100.npz,100,1,BT-v3,10060,1,0.5,0,1,0,timeout,120.19999999999531,6.25,6.25,0.25,120.19999999999531,0.0,0.027870216306156406,0.004991680532445923,
RL-s1-b100-a1.00,rl,1.0,2,results/es_killfirst/ckpt_seed1_gen00100.npz,100,1,BT-v3,10061,0,0.5,0,1,0,timeout,120.19999999999531,0.0,0.0,0.0,120.19999999999531,0.0,0.04284525790349417,0.004575707154742097,4794.200663278592
RL-s1-b100-a1.00,rl,1.0,2,results/es_killfirst/ckpt_seed1_gen00100.npz,100,1,BT-v3,10061,1,0.5,0,1,0,timeout,120.19999999999531,0.0,0.0,0.0,120.19999999999531,0.0,0.03161397670549085,0.004991680532445923,
RL-s1-b100-a1.00,rl,1.0,2,results/es_killfirst/ckpt_seed1_gen00100.npz,100,1,BT-v3,10062,0,0.0,0,0,1,timeout,120.19999999999531,0.0,8.75,0.0,120.19999999999531,0.0,0.06405990016638935,0.0020798668885191347,5214.553728995505
RL-s1-b100-a1.00,rl,1.0,2,results/es_killfirst/ckpt_seed1_gen00100.npz,100,1,BT-v3,10062,1,0.5,0,1,0,timeout,120.19999999999531,0.0,0.0,0.0,120.19999999999531,0.0,0.049500831946755405,0.004575707154742097,
RL-s1-b100-a1.00,rl,1.0,2,results/es_killfirst/ckpt_seed1_gen00100.npz,100,1,BT-v3,10063,0,0.0,0,0,1,timeout,120.19999999999531,6.25,10.0,0.25,120.19999999999531,0.0,0.024126455906821963,0.018302828618968387,4181.748615700266
RL-s1-b100-a1.00,rl,1.0,2,results/es_killfirst/ckpt_seed1_gen00100.npz,100,1,BT-v3,10063,1,1.0,1,0,0,timeout,120.19999999999531,17.5,0.0,0.7000000000000001,120.19999999999531,0.0,0.023710482529118136,0.004991680532445923,
RL-s1-b100-a1.00,rl,1.0,2,results/es_killfirst/ckpt_seed1_gen00100.npz,100,1,BT-v3,10064,0,1.0,1,0,0,timeout,120.19999999999531,76.25,0.0,3.049999999999997,120.19999999999531,0.0,0.01788685524126456,0.030782029950083195,5310.802469458705
RL-s1-b100-a1.00,rl,1.0,2,results/es_killfirst/ckpt_seed1_gen00100.npz,100,1,BT-v3,10064,1,1.0,1,0,0,timeout,120.19999999999531,46.25,0.0,1.850000000000001,120.19999999999531,0.0,0.017054908485856904,0.0,
RL-s1-b100-a1.00,rl,1.0,2,results/es_killfirst/ckpt_seed1_gen00100.npz,100,1,BT-v3,10065,0,1.0,1,0,0,timeout,120.19999999999531,38.75,0.0,1.5500000000000007,120.19999999999531,0.0,0.024958402662229616,0.005407653910149751,5264.34523216964
RL-s1-b100-a1.00,rl,1.0,2,results/es_killfirst/ckpt_seed1_gen00100.npz,100,1,BT-v3,10065,1,0.0,0,0,1,timeout,120.19999999999531,0.0,15.0,0.0,120.19999999999531,0.0,0.024958402662229616,0.0066555740432612314,
RL-s1-b100-a1.00,rl,1.0,2,results/es_killfirst/ckpt_seed1_gen00100.npz,100,1,BT-v3,10066,0,0.5,0,1,0,timeout,120.19999999999531,0.0,0.0,0.0,120.19999999999531,0.0,0.03119800332778702,0.0066555740432612314,7038.1447768881
RL-s1-b100-a1.00,rl,1.0,2,results/es_killfirst/ckpt_seed1_gen00100.npz,100,1,BT-v3,10066,1,1.0,1,0,0,timeout,120.19999999999531,17.5,0.0,0.7000000000000001,120.19999999999531,0.0,0.04118136439267887,0.004575707154742097,
RL-s1-b100-a1.00,rl,1.0,2,results/es_killfirst/ckpt_seed1_gen00100.npz,100,1,BT-v3,10067,0,0.5,0,1,0,timeout,120.19999999999531,0.0,0.0,0.0,120.19999999999531,0.0,0.016638935108153077,0.010399334442595673,5036.878110109196
RL-s1-b100-a1.00,rl,1.0,2,results/es_killfirst/ckpt_seed1_gen00100.npz,100,1,BT-v3,10067,1,0.5,0,1,0,timeout,120.19999999999531,0.0,0.0,0.0,120.19999999999531,0.0,0.014143094841930116,0.0,
RL-s1-b100-a1.00,rl,1.0,2,results/es_killfirst/ckpt_seed1_gen00100.npz,100,1,BT-v3,10068,0,1.0,1,0,0,timeout,120.19999999999531,21.25,0.0,0.8500000000000002,120.19999999999531,0.0,0.029950083194675542,0.0,6417.243330767185
RL-s1-b100-a1.00,rl,1.0,2,results/es_killfirst/ckpt_seed1_gen00100.npz,100,1,BT-v3,10068,1,1.0,1,0,0,timeout,120.19999999999531,8.75,0.0,0.35,120.19999999999531,0.0,0.026622296173044926,0.0,
RL-s1-b100-a1.00,rl,1.0,2,results/es_killfirst/ckpt_seed1_gen00100.npz,100,1,BT-v3,10069,0,0.5,0,1,0,timeout,120.19999999999531,0.0,0.0,0.0,120.19999999999531,0.0,0.007903494176372712,0.005823627287853577,6519.746123783791
RL-s1-b100-a1.00,rl,1.0,2,results/es_killfirst/ckpt_seed1_gen00100.npz,100,1,BT-v3,10069,1,0.5,0,1,0,timeout,120.19999999999531,0.0,0.0,0.0,120.19999999999531,0.0,0.007071547420965058,0.021214642262895173,
RL-s1-b100-a1.00,rl,1.0,2,results/es_killfirst/ckpt_seed1_gen00100.npz,100,1,BT-v3,10070,0,1.0,1,0,0,timeout,120.19999999999531,51.25,0.0,2.0500000000000007,120.19999999999531,0.0,0.011231281198003328,0.02870216306156406,5714.619454361213
RL-s1-b100-a1.00,rl,1.0,2,results/es_killfirst/ckpt_seed1_gen00100.npz,100,1,BT-v3,10070,1,0.0,0,0,1,timeout,120.19999999999531,0.0,8.75,0.0,120.19999999999531,0.0,0.011231281198003328,0.004159733777038269,
RL-s1-b100-a1.00,rl,1.0,2,results/es_killfirst/ckpt_seed1_gen00100.npz,100,1,BT-v3,10071,0,0.5,0,1,0,timeout,120.19999999999531,0.0,0.0,0.0,120.19999999999531,0.0,0.0,0.004575707154742097,6716.017519347647
RL-s1-b100-a1.00,rl,1.0,2,results/es_killfirst/ckpt_seed1_gen00100.npz,100,1,BT-v3,10071,1,0.5,0,1,0,timeout,120.19999999999531,0.0,0.0,0.0,120.19999999999531,0.0,0.0,0.004575707154742097,
RL-s1-b100-a1.00,rl,1.0,2,results/es_killfirst/ckpt_seed1_gen00100.npz,100,1,BT-v3,10072,0,0.0,0,0,1,gun_kill,64.29999999999849,0.0,100.0,0.0,64.29999999999849,0.0,0.0,0.010903426791277258,6477.4206480578505
RL-s1-b100-a1.00,rl,1.0,2,results/es_killfirst/ckpt_seed1_gen00100.npz,100,1,BT-v3,10072,1,1.0,1,0,0,timeout,120.19999999999531,12.5,0.0,0.49999999999999994,120.19999999999531,0.0,0.0,0.0,
RL-s1-b100-a1.00,rl,1.0,2,results/es_killfirst/ckpt_seed1_gen00100.npz,100,1,BT-v3,10073,0,1.0,1,0,0,timeout,120.19999999999531,7.5,0.0,0.3,120.19999999999531,0.0,0.03036605657237937,0.007071547420965058,5043.87933913857
RL-s1-b100-a1.00,rl,1.0,2,results/es_killfirst/ckpt_seed1_gen00100.npz,100,1,BT-v3,10073,1,1.0,1,0,0,timeout,120.19999999999531,18.75,0.0,0.7500000000000001,120.19999999999531,0.0,0.029118136439267885,0.0,
RL-s1-b100-a1.00,rl,1.0,2,results/es_killfirst/ckpt_seed1_gen00100.npz,100,1,BT-v3,10074,0,1.0,1,0,0,timeout,120.19999999999531,2.5,0.0,0.1,120.19999999999531,0.0,0.033277870216306155,0.005407653910149751,6021.04483707972
RL-s1-b100-a1.00,rl,1.0,2,results/es_killfirst/ckpt_seed1_gen00100.npz,100,1,BT-v3,10074,1,0.5,0,1,0,timeout,120.19999999999531,0.0,0.0,0.0,120.19999999999531,0.0,0.04742096505823627,0.0,
RL-s1-b100-a1.00,rl,1.0,2,results/es_killfirst/ckpt_seed1_gen00100.npz,100,1,BT-v3,10075,0,1.0,1,0,0,timeout,120.19999999999531,6.25,0.0,0.25,120.19999999999531,0.0,0.02204658901830283,0.0024958402662229617,6736.913796470121
RL-s1-b100-a1.00,rl,1.0,2,results/es_killfirst/ckpt_seed1_gen00100.npz,100,1,BT-v3,10075,1,0.0,0,0,1,timeout,120.19999999999531,0.0,6.25,0.0,120.19999999999531,0.0,0.01788685524126456,0.010399334442595673,
RL-s1-b100-a1.00,rl,1.0,2,results/es_killfirst/ckpt_seed1_gen00100.npz,100,1,BT-v3,10076,0,1.0,1,0,0,timeout,120.19999999999531,5.0,0.0,0.2,120.19999999999531,0.0,0.02329450915141431,0.005407653910149751,5419.057308283543
RL-s1-b100-a1.00,rl,1.0,2,results/es_killfirst/ckpt_seed1_gen00100.npz,100,1,BT-v3,10076,1,0.5,0,1,0,timeout,120.19999999999531,0.0,0.0,0.0,120.19999999999531,0.0,0.01788685524126456,0.004575707154742097,
RL-s1-b100-a1.00,rl,1.0,2,results/es_killfirst/ckpt_seed1_gen00100.npz,100,1,BT-v3,10077,0,0.5,0,1,0,timeout,120.19999999999531,0.0,0.0,0.0,120.19999999999531,0.0,0.015391014975041598,0.004575707154742097,6016.481728023623
RL-s1-b100-a1.00,rl,1.0,2,results/es_killfirst/ckpt_seed1_gen00100.npz,100,1,BT-v3,10077,1,0.5,0,1,0,timeout,120.19999999999531,0.0,0.0,0.0,120.19999999999531,0.0,0.018302828618968387,0.0,
RL-s1-b100-a1.00,rl,1.0,2,results/es_killfirst/ckpt_seed1_gen00100.npz,100,1,BT-v3,10078,0,1.0,1,0,0,timeout,120.19999999999531,21.25,0.0,0.8500000000000002,120.19999999999531,0.0,0.02870216306156406,0.0024958402662229617,6135.248707605889
RL-s1-b100-a1.00,rl,1.0,2,results/es_killfirst/ckpt_seed1_gen00100.npz,100,1,BT-v3,10078,1,1.0,1,0,0,timeout,120.19999999999531,7.5,0.0,0.3,120.19999999999531,0.0,0.039101497504159734,0.0029118136439267887,
RL-s1-b100-a1.00,rl,1.0,2,results/es_killfirst/ckpt_seed1_gen00100.npz,100,1,BT-v3,10079,0,1.0,1,0,0,timeout,120.19999999999531,23.75,0.0,0.9500000000000003,120.19999999999531,0.0,0.0,0.0,6052.944984369202
RL-s1-b100-a1.00,rl,1.0,2,results/es_killfirst/ckpt_seed1_gen00100.npz,100,1,BT-v3,10079,1,0.0,0,0,1,gun_kill,96.54999999999666,0.0,100.0,0.0,96.54999999999666,0.0,0.0,0.008817427385892116,
RL-s1-b100-a1.00,rl,1.0,2,results/es_killfirst/ckpt_seed1_gen00100.npz,100,1,BT-v3,10080,0,0.5,0,1,0,timeout,120.19999999999531,0.0,0.0,0.0,120.19999999999531,0.0,0.014975041597337771,0.0,4799.324995408062
RL-s1-b100-a1.00,rl,1.0,2,results/es_killfirst/ckpt_seed1_gen00100.npz,100,1,BT-v3,10080,1,1.0,1,0,0,timeout,120.19999999999531,97.5,0.0,3.899999999999994,120.19999999999531,0.0,0.015806988352745424,0.03951747088186356,
RL-s1-b100-a1.00,rl,1.0,2,results/es_killfirst/ckpt_seed1_gen00100.npz,100,1,BT-v3,10081,0,1.0,1,0,0,timeout,120.19999999999531,17.5,0.0,0.7000000000000001,120.19999999999531,0.0,0.0,0.006239600665557404,7038.652135233959
RL-s1-b100-a1.00,rl,1.0,2,results/es_killfirst/ckpt_seed1_gen00100.npz,100,1,BT-v3,10081,1,1.0,1,0,0,timeout,120.19999999999531,20.0,0.0,0.8000000000000002,120.19999999999531,0.0,0.0,0.0037437603993344427,
RL-s1-b100-a1.00,rl,1.0,2,results/es_killfirst/ckpt_seed1_gen00100.npz,100,1,BT-v3,10082,0,1.0,1,0,0,timeout,120.19999999999531,68.75,12.5,2.7499999999999982,120.19999999999531,0.0,0.015806988352745424,0.03369384359400998,5128.641961537851
RL-s1-b100-a1.00,rl,1.0,2,results/es_killfirst/ckpt_seed1_gen00100.npz,100,1,BT-v3,10082,1,0.5,0,1,0,timeout,120.19999999999531,0.0,0.0,0.0,120.19999999999531,0.0,0.015806988352745424,0.005823627287853577,
RL-s1-b100-a1.00,rl,1.0,2,results/es_killfirst/ckpt_seed1_gen00100.npz,100,1,BT-v3,10083,0,0.5,0,1,0,timeout,120.19999999999531,0.0,0.0,0.0,120.19999999999531,0.0,0.050748752079866885,0.01747088186356073,5357.215677946985
RL-s1-b100-a1.00,rl,1.0,2,results/es_killfirst/ckpt_seed1_gen00100.npz,100,1,BT-v3,10083,1,1.0,1,0,0,timeout,120.19999999999531,67.5,0.0,2.6999999999999984,120.19999999999531,0.0,0.05698835274542429,0.0370216306156406,
RL-s1-b100-a1.00,rl,1.0,2,results/es_killfirst/ckpt_seed1_gen00100.npz,100,1,BT-v3,10084,0,1.0,1,0,0,timeout,120.19999999999531,6.25,0.0,0.25,120.19999999999531,0.0,0.0,0.0,6794.105867861072
RL-s1-b100-a1.00,rl,1.0,2,results/es_killfirst/ckpt_seed1_gen00100.npz,100,1,BT-v3,10084,1,1.0,1,0,0,timeout,120.19999999999531,47.5,0.0,1.900000000000001,120.19999999999531,0.0,0.0,0.020798668885191347,
RL-s1-b100-a1.00,rl,1.0,2,results/es_killfirst/ckpt_seed1_gen00100.npz,100,1,BT-v3,10085,0,1.0,1,0,0,timeout,120.19999999999531,43.75,0.0,1.7500000000000009,120.19999999999531,0.0,0.0,0.01913477537437604,5276.691079162733
RL-s1-b100-a1.00,rl,1.0,2,results/es_killfirst/ckpt_seed1_gen00100.npz,100,1,BT-v3,10085,1,1.0,1,0,0,timeout,120.19999999999531,83.75,0.0,3.349999999999996,120.19999999999531,0.0,0.0,0.0,
RL-s1-b100-a1.00,rl,1.0,2,results/es_killfirst/ckpt_seed1_gen00100.npz,100,1,BT-v3,10086,0,1.0,1,0,0,timeout,120.19999999999531,12.5,0.0,0.49999999999999994,120.19999999999531,0.0,0.0,0.014975041597337771,5547.609662765664
RL-s1-b100-a1.00,rl,1.0,2,results/es_killfirst/ckpt_seed1_gen00100.npz,100,1,BT-v3,10086,1,0.5,0,1,0,timeout,120.19999999999531,0.0,0.0,0.0,120.19999999999531,0.0,0.0,0.0,
RL-s1-b100-a1.00,rl,1.0,2,results/es_killfirst/ckpt_seed1_gen00100.npz,100,1,BT-v3,10087,0,0.5,0,1,0,timeout,120.19999999999531,0.0,0.0,0.0,120.19999999999531,0.0,0.04201331114808652,0.01372712146422629,4926.113645665183
RL-s1-b100-a1.00,rl,1.0,2,results/es_killfirst/ckpt_seed1_gen00100.npz,100,1,BT-v3,10087,1,1.0,1,0,0,timeout,120.19999999999531,42.5,0.0,1.7000000000000008,120.19999999999531,0.0,0.04617304492512479,0.025790349417637273,
RL-s1-b100-a1.00,rl,1.0,2,results/es_killfirst/ckpt_seed1_gen00100.npz,100,1,BT-v3,10088,0,1.0,1,0,0,timeout,120.19999999999531,10.0,0.0,0.39999999999999997,120.19999999999531,0.0,0.0,0.0033277870216306157,6134.914418894491
RL-s1-b100-a1.00,rl,1.0,2,results/es_killfirst/ckpt_seed1_gen00100.npz,100,1,BT-v3,10088,1,0.5,0,1,0,timeout,120.19999999999531,0.0,0.0,0.0,120.19999999999531,0.0,0.0,0.0029118136439267887,
RL-s1-b100-a1.00,rl,1.0,2,results/es_killfirst/ckpt_seed1_gen00100.npz,100,1,BT-v3,10089,0,0.5,0,1,0,timeout,120.19999999999531,0.0,0.0,0.0,120.19999999999531,0.0,0.0,0.0,7512.2833304944215
RL-s1-b100-a1.00,rl,1.0,2,results/es_killfirst/ckpt_seed1_gen00100.npz,100,1,BT-v3,10089,1,1.0,1,0,0,timeout,120.19999999999531,65.0,0.0,2.5999999999999988,120.19999999999531,0.0,0.0,0.02454242928452579,
RL-s1-b100-a1.00,rl,1.0,2,results/es_killfirst/ckpt_seed1_gen00100.npz,100,1,BT-v3,10090,0,0.5,0,1,0,timeout,120.19999999999531,0.0,0.0,0.0,120.19999999999531,0.0,0.012479201331114808,0.004575707154742097,4285.836757571482
RL-s1-b100-a1.00,rl,1.0,2,results/es_killfirst/ckpt_seed1_gen00100.npz,100,1,BT-v3,10090,1,1.0,1,0,0,gun_kill,100.24999999999645,100.0,0.0,3.999999999999994,100.24999999999645,0.0,0.014471057884231538,0.04091816367265469,
RL-s1-b100-a1.00,rl,1.0,2,results/es_killfirst/ckpt_seed1_gen00100.npz,100,1,BT-v3,10091,0,1.0,1,0,0,timeout,120.19999999999531,20.0,0.0,0.8000000000000002,120.19999999999531,0.0,0.06613976705490848,0.020798668885191347,4355.8478539580865
RL-s1-b100-a1.00,rl,1.0,2,results/es_killfirst/ckpt_seed1_gen00100.npz,100,1,BT-v3,10091,1,1.0,1,0,0,timeout,120.19999999999531,61.25,3.75,2.4499999999999993,120.19999999999531,0.0,0.05948419301164726,0.027870216306156406,
RL-s1-b100-a1.00,rl,1.0,2,results/es_killfirst/ckpt_seed1_gen00100.npz,100,1,BT-v3,10092,0,1.0,1,0,0,timeout,120.19999999999531,97.5,6.25,3.899999999999994,120.19999999999531,0.0,0.0,0.02745424292845258,5569.808702392034
RL-s1-b100-a1.00,rl,1.0,2,results/es_killfirst/ckpt_seed1_gen00100.npz,100,1,BT-v3,10092,1,1.0,1,0,0,timeout,120.19999999999531,6.25,0.0,0.25,120.19999999999531,0.0,0.0,0.005407653910149751,
RL-s1-b100-a1.00,rl,1.0,2,results/es_killfirst/ckpt_seed1_gen00100.npz,100,1,BT-v3,10093,0,1.0,1,0,0,timeout,120.19999999999531,35.0,0.0,1.4000000000000006,120.19999999999531,0.0,0.0,0.0,7095.248116889323
RL-s1-b100-a1.00,rl,1.0,2,results/es_killfirst/ckpt_seed1_gen00100.npz,100,1,BT-v3,10093,1,0.0,0,0,1,timeout,120.19999999999531,0.0,17.5,0.0,120.19999999999531,0.0,0.0,0.0,
RL-s1-b100-a1.00,rl,1.0,2,results/es_killfirst/ckpt_seed1_gen00100.npz,100,1,BT-v3,10094,0,0.5,0,1,0,timeout,120.19999999999531,0.0,0.0,0.0,120.19999999999531,0.0,0.040349417637271213,0.0,4959.7175683519845
RL-s1-b100-a1.00,rl,1.0,2,results/es_killfirst/ckpt_seed1_gen00100.npz,100,1,BT-v3,10094,1,1.0,1,0,0,timeout,120.19999999999531,27.5,0.0,1.1000000000000003,120.19999999999531,0.0,0.052828618968386025,0.024126455906821963,
RL-s1-b100-a1.00,rl,1.0,2,results/es_killfirst/ckpt_seed1_gen00100.npz,100,1,BT-v3,10095,0,0.5,0,1,0,timeout,120.19999999999531,0.0,0.0,0.0,120.19999999999531,0.0,0.0,0.0,6207.6714771545385
RL-s1-b100-a1.00,rl,1.0,2,results/es_killfirst/ckpt_seed1_gen00100.npz,100,1,BT-v3,10095,1,0.5,0,1,0,timeout,120.19999999999531,0.0,0.0,0.0,120.19999999999531,0.0,0.0,0.004575707154742097,
RL-s1-b100-a1.00,rl,1.0,2,results/es_killfirst/ckpt_seed1_gen00100.npz,100,1,BT-v3,10096,0,1.0,1,0,0,gun_kill,101.34999999999638,100.0,6.25,3.999999999999994,101.34999999999638,0.0,0.06027667984189723,0.03804347826086957,4544.787733311856
RL-s1-b100-a1.00,rl,1.0,2,results/es_killfirst/ckpt_seed1_gen00100.npz,100,1,BT-v3,10096,1,1.0,1,0,0,timeout,120.19999999999531,3.75,0.0,0.15000000000000002,120.19999999999531,0.0,0.034525790349417634,0.0020798668885191347,
RL-s1-b100-a1.00,rl,1.0,2,results/es_killfirst/ckpt_seed1_gen00100.npz,100,1,BT-v3,10097,0,1.0,1,0,0,timeout,120.19999999999531,41.25,0.0,1.6500000000000008,120.19999999999531,0.0,0.064891846921797,0.018718801996672214,4961.609422106226
RL-s1-b100-a1.00,rl,1.0,2,results/es_killfirst/ckpt_seed1_gen00100.npz,100,1,BT-v3,10097,1,0.5,0,1,0,timeout,120.19999999999531,0.0,0.0,0.0,120.19999999999531,0.0,0.045757071547420966,0.0,
RL-s1-b100-a1.00,rl,1.0,2,results/es_killfirst/ckpt_seed1_gen00100.npz,100,1,BT-v3,10098,0,1.0,1,0,0,timeout,120.19999999999531,16.25,0.0,0.65,120.19999999999531,0.0,0.016638935108153077,0.0,5967.911498233141
RL-s1-b100-a1.00,rl,1.0,2,results/es_killfirst/ckpt_seed1_gen00100.npz,100,1,BT-v3,10098,1,0.5,0,1,0,timeout,120.19999999999531,0.0,0.0,0.0,120.19999999999531,0.0,0.016638935108153077,0.007071547420965058,
RL-s1-b100-a1.00,rl,1.0,2,results/es_killfirst/ckpt_seed1_gen00100.npz,100,1,BT-v3,10099,0,1.0,1,0,0,timeout,120.19999999999531,5.0,0.0,0.2,120.19999999999531,0.0,0.0,0.0074875207986688855,5833.860735172818
RL-s1-b100-a1.00,rl,1.0,2,results/es_killfirst/ckpt_seed1_gen00100.npz,100,1,BT-v3,10099,1,0.5,0,1,0,timeout,120.19999999999531,0.0,0.0,0.0,120.19999999999531,0.0,0.0,0.0,
RL-s0-b200-a1.00,rl,1.0,2,results/es_killfirst/ckpt_seed0_gen00200.npz,200,0,BT-v2,10000,0,1.0,1,0,0,timeout,120.19999999999531,5.0,0.0,0.2,120.19999999999531,0.0,0.02870216306156406,0.010815307820299502,4221.480555309561
RL-s0-b200-a1.00,rl,1.0,2,results/es_killfirst/ckpt_seed0_gen00200.npz,200,0,BT-v2,10000,1,1.0,1,0,0,timeout,120.19999999999531,6.25,0.0,0.25,120.19999999999531,0.0,0.025790349417637273,0.005823627287853577,
RL-s0-b200-a1.00,rl,1.0,2,results/es_killfirst/ckpt_seed0_gen00200.npz,200,0,BT-v2,10001,0,0.0,0,0,1,timeout,120.19999999999531,0.0,15.0,0.0,120.19999999999531,0.0,0.0033277870216306157,0.005823627287853577,5700.854675216813
RL-s0-b200-a1.00,rl,1.0,2,results/es_killfirst/ckpt_seed0_gen00200.npz,200,0,BT-v2,10001,1,0.5,0,1,0,collision,26.50000000000024,18.75,0.0,0.7500000000000001,26.50000000000024,0.0,0.0,0.017045454545454544,
RL-s0-b200-a1.00,rl,1.0,2,results/es_killfirst/ckpt_seed0_gen00200.npz,200,0,BT-v2,10002,0,1.0,1,0,0,timeout,120.19999999999531,11.25,0.0,0.44999999999999996,120.19999999999531,0.0,0.03494176372712146,0.005823627287853577,4057.5678177206405
RL-s0-b200-a1.00,rl,1.0,2,results/es_killfirst/ckpt_seed0_gen00200.npz,200,0,BT-v2,10002,1,0.5,0,1,0,collision,24.95000000000022,30.0,0.0,1.2000000000000004,24.95000000000022,0.0,0.1028225806451613,0.02217741935483871,
RL-s0-b200-a1.00,rl,1.0,2,results/es_killfirst/ckpt_seed0_gen00200.npz,200,0,BT-v2,10003,0,0.5,0,1,0,timeout,120.19999999999531,0.0,0.0,0.0,120.19999999999531,0.0,0.04617304492512479,0.021630615640599003,5186.625162978284
RL-s0-b200-a1.00,rl,1.0,2,results/es_killfirst/ckpt_seed0_gen00200.npz,200,0,BT-v2,10003,1,0.0,0,0,1,gun_kill,117.34999999999548,41.25,100.0,1.6500000000000008,117.34999999999548,0.0,0.07849829351535836,0.004266211604095563,
RL-s0-b200-a1.00,rl,1.0,2,results/es_killfirst/ckpt_seed0_gen00200.npz,200,0,BT-v2,10004,0,0.0,0,0,1,timeout,120.19999999999531,0.0,2.5,0.0,120.19999999999531,0.0,0.02329450915141431,0.005823627287853577,4477.4589955246865
RL-s0-b200-a1.00,rl,1.0,2,results/es_killfirst/ckpt_seed0_gen00200.npz,200,0,BT-v2,10004,1,1.0,1,0,0,timeout,120.19999999999531,90.0,0.0,3.599999999999995,120.19999999999531,0.0,0.015806988352745424,0.0,
RL-s0-b200-a1.00,rl,1.0,2,results/es_killfirst/ckpt_seed0_gen00200.npz,200,0,BT-v2,10005,0,0.0,0,0,1,timeout,120.19999999999531,0.0,5.0,0.0,120.19999999999531,0.0,0.09276206322795341,0.0,4163.990876275677
RL-s0-b200-a1.00,rl,1.0,2,results/es_killfirst/ckpt_seed0_gen00200.npz,200,0,BT-v2,10005,1,1.0,1,0,0,timeout,120.19999999999531,5.0,0.0,0.2,120.19999999999531,0.0,0.08777038269550749,0.040349417637271213,
RL-s0-b200-a1.00,rl,1.0,2,results/es_killfirst/ckpt_seed0_gen00200.npz,200,0,BT-v2,10006,0,0.5,0,1,0,timeout,120.19999999999531,0.0,0.0,0.0,120.19999999999531,0.0,0.008735440931780365,0.0,4912.6215378038005
RL-s0-b200-a1.00,rl,1.0,2,results/es_killfirst/ckpt_seed0_gen00200.npz,200,0,BT-v2,10006,1,1.0,1,0,0,timeout,120.19999999999531,8.75,0.0,0.35,120.19999999999531,0.0,0.00956738768718802,0.037853577371048254,
RL-s0-b200-a1.00,rl,1.0,2,results/es_killfirst/ckpt_seed0_gen00200.npz,200,0,BT-v2,10007,0,1.0,1,0,0,timeout,120.19999999999531,20.0,0.0,0.8000000000000002,120.19999999999531,0.0,0.021630615640599003,0.036605657237936774,4326.260237326153
RL-s0-b200-a1.00,rl,1.0,2,results/es_killfirst/ckpt_seed0_gen00200.npz,200,0,BT-v2,10007,1,1.0,1,0,0,timeout,120.19999999999531,12.5,0.0,0.49999999999999994,120.19999999999531,0.0,0.015391014975041598,0.014975041597337771,
RL-s0-b200-a1.00,rl,1.0,2,results/es_killfirst/ckpt_seed0_gen00200.npz,200,0,BT-v2,10008,0,0.5,0,1,0,timeout,120.19999999999531,0.0,0.0,0.0,120.19999999999531,0.0,0.03161397670549085,0.006239600665557404,6938.21406764163
RL-s0-b200-a1.00,rl,1.0,2,results/es_killfirst/ckpt_seed0_gen00200.npz,200,0,BT-v2,10008,1,1.0,1,0,0,timeout,120.19999999999531,12.5,0.0,0.49999999999999994,120.19999999999531,0.0,0.02454242928452579,0.0037437603993344427,
RL-s0-b200-a1.00,rl,1.0,2,results/es_killfirst/ckpt_seed0_gen00200.npz,200,0,BT-v2,10009,0,1.0,1,0,0,timeout,120.19999999999531,10.0,0.0,0.39999999999999997,120.19999999999531,0.0,0.019550748752079867,0.009983361064891847,5795.605255717857
RL-s0-b200-a1.00,rl,1.0,2,results/es_killfirst/ckpt_seed0_gen00200.npz,200,0,BT-v2,10009,1,1.0,1,0,0,timeout,120.19999999999531,50.0,0.0,2.000000000000001,120.19999999999531,0.0,0.02870216306156406,0.005823627287853577,
RL-s0-b200-a1.00,rl,1.0,2,results/es_killfirst/ckpt_seed0_gen00200.npz,200,0,BT-v2,10010,0,0.5,0,1,0,collision,71.69999999999807,48.75,0.0,1.950000000000001,71.69999999999807,0.0,0.10614525139664804,0.04539106145251397,3928.145830478208
RL-s0-b200-a1.00,rl,1.0,2,results/es_killfirst/ckpt_seed0_gen00200.npz,200,0,BT-v2,10010,1,0.0,0,0,1,timeout,120.19999999999531,0.0,10.0,0.0,120.19999999999531,0.0,0.06073211314475874,0.0016638935108153079,
RL-s0-b200-a1.00,rl,1.0,2,results/es_killfirst/ckpt_seed0_gen00200.npz,200,0,BT-v2,10011,0,0.5,0,1,0,collision,24.850000000000218,16.25,0.0,0.65,24.850000000000218,0.0,0.0,0.020161290322580645,6560.695433706495
RL-s0-b200-a1.00,rl,1.0,2,results/es_killfirst/ckpt_seed0_gen00200.npz,200,0,BT-v2,10011,1,0.0,0,0,1,timeout,120.19999999999531,0.0,10.0,0.0,120.19999999999531,0.0,0.0,0.0,
RL-s0-b200-a1.00,rl,1.0,2,results/es_killfirst/ckpt_seed0_gen00200.npz,200,0,BT-v2,10012,0,0.5,0,1,0,timeout,120.19999999999531,0.0,0.0,0.0,120.19999999999531,0.0,0.050748752079866885,0.0020798668885191347,6869.723790159498
RL-s0-b200-a1.00,rl,1.0,2,results/es_killfirst/ckpt_seed0_gen00200.npz,200,0,BT-v2,10012,1,1.0,1,0,0,timeout,120.19999999999531,17.5,0.0,0.7000000000000001,120.19999999999531,0.0,0.054076539101497505,0.0024958402662229617,
RL-s0-b200-a1.00,rl,1.0,2,results/es_killfirst/ckpt_seed0_gen00200.npz,200,0,BT-v2,10013,0,0.5,0,1,0,timeout,120.19999999999531,0.0,0.0,0.0,120.19999999999531,0.0,0.03826955074875208,0.0,4522.4393387957
RL-s0-b200-a1.00,rl,1.0,2,results/es_killfirst/ckpt_seed0_gen00200.npz,200,0,BT-v2,10013,1,0.0,0,0,1,timeout,120.19999999999531,0.0,5.0,0.0,120.19999999999531,0.0,0.04076539101497504,0.0024958402662229617,
RL-s0-b200-a1.00,rl,1.0,2,results/es_killfirst/ckpt_seed0_gen00200.npz,200,0,BT-v2,10014,0,0.5,0,1,0,collision,12.250000000000039,0.0,15.0,0.0,12.250000000000039,0.0,0.0,0.03278688524590164,6522.7204807334865
RL-s0-b200-a1.00,rl,1.0,2,results/es_killfirst/ckpt_seed0_gen00200.npz,200,0,BT-v2,10014,1,0.0,0,0,1,gun_kill,115.99999999999555,0.0,100.0,0.0,115.99999999999555,0.0,0.0,0.0,
RL-s0-b200-a1.00,rl,1.0,2,results/es_killfirst/ckpt_seed0_gen00200.npz,200,0,BT-v2,10015,0,0.0,0,0,1,timeout,120.19999999999531,0.0,13.75,0.0,120.19999999999531,0.0,0.0,0.005823627287853577,6250.318998058518
RL-s0-b200-a1.00,rl,1.0,2,results/es_killfirst/ckpt_seed0_gen00200.npz,200,0,BT-v2,10015,1,1.0,1,0,0,timeout,120.19999999999531,8.75,0.0,0.35,120.19999999999531,0.0,0.0,0.014143094841930116,
RL-s0-b200-a1.00,rl,1.0,2,results/es_killfirst/ckpt_seed0_gen00200.npz,200,0,BT-v2,10016,0,1.0,1,0,0,timeout,120.19999999999531,16.25,0.0,0.65,120.19999999999531,0.0,0.0,0.004159733777038269,4146.433789562135
RL-s0-b200-a1.00,rl,1.0,2,results/es_killfirst/ckpt_seed0_gen00200.npz,200,0,BT-v2,10016,1,0.0,0,0,1,timeout,120.19999999999531,0.0,5.0,0.0,120.19999999999531,0.0,0.0,0.007071547420965058,
RL-s0-b200-a1.00,rl,1.0,2,results/es_killfirst/ckpt_seed0_gen00200.npz,200,0,BT-v2,10017,0,0.5,0,1,0,timeout,120.19999999999531,0.0,0.0,0.0,120.19999999999531,0.0,0.03577371048252912,0.007071547420965058,4010.7303934593256
RL-s0-b200-a1.00,rl,1.0,2,results/es_killfirst/ckpt_seed0_gen00200.npz,200,0,BT-v2,10017,1,1.0,1,0,0,gun_kill,27.650000000000258,100.0,0.0,3.999999999999994,27.650000000000258,0.0,0.19746376811594202,0.0,
RL-s0-b200-a1.00,rl,1.0,2,results/es_killfirst/ckpt_seed0_gen00200.npz,200,0,BT-v2,10018,0,1.0,1,0,0,timeout,120.19999999999531,12.5,0.0,0.49999999999999994,120.19999999999531,0.0,0.011647254575707155,0.0074875207986688855,6283.778766418145
RL-s0-b200-a1.00,rl,1.0,2,results/es_killfirst/ckpt_seed0_gen00200.npz,200,0,BT-v2,10018,1,0.5,0,1,0,timeout,120.19999999999531,0.0,0.0,0.0,120.19999999999531,0.0,0.01913477537437604,0.004159733777038269,
RL-s0-b200-a1.00,rl,1.0,2,results/es_killfirst/ckpt_seed0_gen00200.npz,200,0,BT-v2,10019,0,1.0,1,0,0,timeout,120.19999999999531,52.5,5.0,2.1000000000000005,120.19999999999531,0.0,0.0,0.013311148086522463,5350.456334866341
RL-s0-b200-a1.00,rl,1.0,2,results/es_killfirst/ckpt_seed0_gen00200.npz,200,0,BT-v2,10019,1,1.0,1,0,0,timeout,120.19999999999531,10.0,0.0,0.39999999999999997,120.19999999999531,0.0,0.0,0.005823627287853577,
RL-s0-b200-a1.00,rl,1.0,2,results/es_killfirst/ckpt_seed0_gen00200.npz,200,0,BT-v2,10020,0,1.0,1,0,0,timeout,120.19999999999531,8.75,0.0,0.35,120.19999999999531,0.0,0.0,0.004991680532445923,7841.229111630956
RL-s0-b200-a1.00,rl,1.0,2,results/es_killfirst/ckpt_seed0_gen00200.npz,200,0,BT-v2,10020,1,0.5,0,1,0,timeout,120.19999999999531,0.0,0.0,0.0,120.19999999999531,0.0,0.0,0.006239600665557404,
RL-s0-b200-a1.00,rl,1.0,2,results/es_killfirst/ckpt_seed0_gen00200.npz,200,0,BT-v2,10021,0,0.5,0,1,0,timeout,120.19999999999531,0.0,0.0,0.0,120.19999999999531,0.0,0.049500831946755405,0.0,6832.632635973459
RL-s0-b200-a1.00,rl,1.0,2,results/es_killfirst/ckpt_seed0_gen00200.npz,200,0,BT-v2,10021,1,0.5,0,1,0,timeout,120.19999999999531,0.0,0.0,0.0,120.19999999999531,0.0,0.05366056572379368,0.0,
RL-s0-b200-a1.00,rl,1.0,2,results/es_killfirst/ckpt_seed0_gen00200.npz,200,0,BT-v2,10022,0,1.0,1,0,0,timeout,120.19999999999531,20.0,0.0,0.8000000000000002,120.19999999999531,0.0,0.04326123128119801,0.0,4802.011871290017
RL-s0-b200-a1.00,rl,1.0,2,results/es_killfirst/ckpt_seed0_gen00200.npz,200,0,BT-v2,10022,1,1.0,1,0,0,timeout,120.19999999999531,7.5,0.0,0.3,120.19999999999531,0.0,0.032029950083194675,0.005407653910149751,
RL-s0-b200-a1.00,rl,1.0,2,results/es_killfirst/ckpt_seed0_gen00200.npz,200,0,BT-v2,10023,0,0.5,0,1,0,timeout,120.19999999999531,0.0,0.0,0.0,120.19999999999531,0.0,0.04201331114808652,0.004575707154742097,4764.770699307876
RL-s0-b200-a1.00,rl,1.0,2,results/es_killfirst/ckpt_seed0_gen00200.npz,200,0,BT-v2,10023,1,1.0,1,0,0,timeout,120.19999999999531,5.0,0.0,0.2,120.19999999999531,0.0,0.04367720465890183,0.0,
RL-s0-b200-a1.00,rl,1.0,2,results/es_killfirst/ckpt_seed0_gen00200.npz,200,0,BT-v2,10024,0,1.0,1,0,0,timeout,120.19999999999531,26.25,0.0,1.0500000000000003,120.19999999999531,0.0,0.03577371048252912,0.006239600665557404,6660.745191114402
RL-s0-b200-a1.00,rl,1.0,2,results/es_killfirst/ckpt_seed0_gen00200.npz,200,0,BT-v2,10024,1,0.0,0,0,1,timeout,120.19999999999531,0.0,31.25,0.0,120.19999999999531,0.0,0.021214642262895173,0.0,
RL-s0-b200-a1.00,rl,1.0,2,results/es_killfirst/ckpt_seed0_gen00200.npz,200,0,BT-v2,10025,0,0.0,0,0,1,timeout,120.19999999999531,0.0,6.25,0.0,120.19999999999531,0.0,0.03161397670549085,0.007071547420965058,5856.196590667537
RL-s0-b200-a1.00,rl,1.0,2,results/es_killfirst/ckpt_seed0_gen00200.npz,200,0,BT-v2,10025,1,1.0,1,0,0,timeout,120.19999999999531,11.25,0.0,0.44999999999999996,120.19999999999531,0.0,0.03826955074875208,0.0,
RL-s0-b200-a1.00,rl,1.0,2,results/es_killfirst/ckpt_seed0_gen00200.npz,200,0,BT-v2,10026,0,1.0,1,0,0,timeout,120.19999999999531,13.75,0.0,0.5499999999999999,120.19999999999531,0.0,0.06281198003327787,0.007071547420965058,5074.341947088093
RL-s0-b200-a1.00,rl,1.0,2,results/es_killfirst/ckpt_seed0_gen00200.npz,200,0,BT-v2,10026,1,0.5,0,1,0,timeout,120.19999999999531,0.0,0.0,0.0,120.19999999999531,0.0,0.0632279534109817,0.0,
RL-s0-b200-a1.00,rl,1.0,2,results/es_killfirst/ckpt_seed0_gen00200.npz,200,0,BT-v2,10027,0,1.0,1,0,0,timeout,120.19999999999531,6.25,0.0,0.25,120.19999999999531,0.0,0.09068219633943428,0.042429284525790346,3401.4130289453446
RL-s0-b200-a1.00,rl,1.0,2,results/es_killfirst/ckpt_seed0_gen00200.npz,200,0,BT-v2,10027,1,0.0,0,0,1,timeout,120.19999999999531,0.0,12.5,0.0,120.19999999999531,0.0,0.09608985024958402,0.004991680532445923,
RL-s0-b200-a1.00,rl,1.0,2,results/es_killfirst/ckpt_seed0_gen00200.npz,200,0,BT-v2,10028,0,0.5,0,1,0,timeout,120.19999999999531,0.0,0.0,0.0,120.19999999999531,0.0,0.0,0.005407653910149751,4687.347003442164
RL-s0-b200-a1.00,rl,1.0,2,results/es_killfirst/ckpt_seed0_gen00200.npz,200,0,BT-v2,10028,1,1.0,1,0,0,timeout,120.19999999999531,27.5,0.0,1.1000000000000003,120.19999999999531,0.0,0.0,0.04658901830282862,
RL-s0-b200-a1.00,rl,1.0,2,results/es_killfirst/ckpt_seed0_gen00200.npz,200,0,BT-v2,10029,0,0.0,0,0,1,gun_kill,86.59999999999722,0.0,100.0,0.0,86.59999999999722,0.0,0.0,0.0,7594.862557846933
RL-s0-b200-a1.00,rl,1.0,2,results/es_killfirst/ckpt_seed0_gen00200.npz,200,0,BT-v2,10029,1,0.5,0,1,0,timeout,120.19999999999531,0.0,0.0,0.0,120.19999999999531,0.0,0.0,0.0,
RL-s0-b200-a1.00,rl,1.0,2,results/es_killfirst/ckpt_seed0_gen00200.npz,200,0,BT-v2,10030,0,1.0,1,0,0,timeout,120.19999999999531,3.75,0.0,0.15000000000000002,120.19999999999531,0.0,0.08153078202995008,0.0074875207986688855,6139.212573137432
RL-s0-b200-a1.00,rl,1.0,2,results/es_killfirst/ckpt_seed0_gen00200.npz,200,0,BT-v2,10030,1,1.0,1,0,0,timeout,120.19999999999531,3.75,0.0,0.15000000000000002,120.19999999999531,0.0,0.07362728785357738,0.032029950083194675,
RL-s0-b200-a1.00,rl,1.0,2,results/es_killfirst/ckpt_seed0_gen00200.npz,200,0,BT-v2,10031,0,0.5,0,1,0,timeout,120.19999999999531,0.0,0.0,0.0,120.19999999999531,0.0,0.07279534109816972,0.0,4192.098202748479
RL-s0-b200-a1.00,rl,1.0,2,results/es_killfirst/ckpt_seed0_gen00200.npz,200,0,BT-v2,10031,1,0.5,0,1,0,timeout,120.19999999999531,0.0,0.0,0.0,120.19999999999531,0.0,0.07154742096505824,0.0,
RL-s0-b200-a1.00,rl,1.0,2,results/es_killfirst/ckpt_seed0_gen00200.npz,200,0,BT-v2,10032,0,0.0,0,0,1,timeout,120.19999999999531,65.0,81.25,2.5999999999999988,120.19999999999531,0.0,0.018302828618968387,0.014143094841930116,4916.701720864159
RL-s0-b200-a1.00,rl,1.0,2,results/es_killfirst/ckpt_seed0_gen00200.npz,200,0,BT-v2,10032,1,1.0,1,0,0,timeout,120.19999999999531,11.25,0.0,0.44999999999999996,120.19999999999531,0.0,0.018718801996672214,0.010399334442595673,
RL-s0-b200-a1.00,rl,1.0,2,results/es_killfirst/ckpt_seed0_gen00200.npz,200,0,BT-v2,10033,0,1.0,1,0,0,timeout,120.19999999999531,7.5,0.0,0.3,120.19999999999531,0.0,0.021214642262895173,0.0024958402662229617,4749.082974171336
RL-s0-b200-a1.00,rl,1.0,2,results/es_killfirst/ckpt_seed0_gen00200.npz,200,0,BT-v2,10033,1,0.5,0,1,0,timeout,120.19999999999531,0.0,0.0,0.0,120.19999999999531,0.0,0.018718801996672214,0.007071547420965058,
RL-s0-b200-a1.00,rl,1.0,2,results/es_killfirst/ckpt_seed0_gen00200.npz,200,0,BT-v2,10034,0,0.5,0,1,0,timeout,120.19999999999531,0.0,0.0,0.0,120.19999999999531,0.0,0.019550748752079867,0.0074875207986688855,6869.406931578522
RL-s0-b200-a1.00,rl,1.0,2,results/es_killfirst/ckpt_seed0_gen00200.npz,200,0,BT-v2,10034,1,0.5,0,1,0,collision,28.55000000000027,60.0,0.0,2.3999999999999995,28.55000000000027,0.0,0.08098591549295775,0.04225352112676056,
RL-s0-b200-a1.00,rl,1.0,2,results/es_killfirst/ckpt_seed0_gen00200.npz,200,0,BT-v2,10035,0,0.0,0,0,1,timeout,120.19999999999531,0.0,22.5,0.0,120.19999999999531,0.0,0.02038269550748752,0.004991680532445923,3986.22422725604
RL-s0-b200-a1.00,rl,1.0,2,results/es_killfirst/ckpt_seed0_gen00200.npz,200,0,BT-v2,10035,1,0.5,0,1,0,collision,112.89999999999573,65.0,0.0,2.5999999999999988,112.89999999999573,0.0,0.016843971631205674,0.05053191489361702,
RL-s0-b200-a1.00,rl,1.0,2,results/es_killfirst/ckpt_seed0_gen00200.npz,200,0,BT-v2,10036,0,0.5,0,1,0,timeout,120.19999999999531,0.0,0.0,0.0,120.19999999999531,0.0,0.009983361064891847,0.0,4332.696137564441
RL-s0-b200-a1.00,rl,1.0,2,results/es_killfirst/ckpt_seed0_gen00200.npz,200,0,BT-v2,10036,1,1.0,1,0,0,timeout,120.19999999999531,6.25,0.0,0.25,120.19999999999531,0.0,0.00956738768718802,0.008319467554076539,
RL-s0-b200-a1.00,rl,1.0,2,results/es_killfirst/ckpt_seed0_gen00200.npz,200,0,BT-v2,10037,0,0.5,0,1,0,timeout,120.19999999999531,0.0,0.0,0.0,120.19999999999531,0.0,0.0723793677204659,0.0,4312.209417942177
RL-s0-b200-a1.00,rl,1.0,2,results/es_killfirst/ckpt_seed0_gen00200.npz,200,0,BT-v2,10037,1,0.5,0,1,0,timeout,120.19999999999531,0.0,0.0,0.0,120.19999999999531,0.0,0.09151414309484193,0.0,
RL-s0-b200-a1.00,rl,1.0,2,results/es_killfirst/ckpt_seed0_gen00200.npz,200,0,BT-v2,10038,0,0.5,0,1,0,timeout,120.19999999999531,0.0,0.0,0.0,120.19999999999531,0.0,0.020798668885191347,0.007071547420965058,7447.999733834907
RL-s0-b200-a1.00,rl,1.0,2,results/es_killfirst/ckpt_seed0_gen00200.npz,200,0,BT-v2,10038,1,1.0,1,0,0,timeout,120.19999999999531,28.75,0.0,1.1500000000000004,120.19999999999531,0.0,0.03036605657237937,0.006239600665557404,
RL-s0-b200-a1.00,rl,1.0,2,results/es_killfirst/ckpt_seed0_gen00200.npz,200,0,BT-v2,10039,0,1.0,1,0,0,timeout,120.19999999999531,12.5,0.0,0.49999999999999994,120.19999999999531,0.0,0.01372712146422629,0.00041597337770382697,5917.67001456849
RL-s0-b200-a1.00,rl,1.0,2,results/es_killfirst/ckpt_seed0_gen00200.npz,200,0,BT-v2,10039,1,0.5,0,1,0,timeout,120.19999999999531,0.0,0.0,0.0,120.19999999999531,0.0,0.013311148086522463,0.0,
RL-s0-b200-a1.00,rl,1.0,2,results/es_killfirst/ckpt_seed0_gen00200.npz,200,0,BT-v2,10040,0,0.0,0,0,1,timeout,120.19999999999531,0.0,23.75,0.0,120.19999999999531,0.0,0.0,0.005823627287853577,4945.13380906119
RL-s0-b200-a1.00,rl,1.0,2,results/es_killfirst/ckpt_seed0_gen00200.npz,200,0,BT-v2,10040,1,1.0,1,0,0,timeout,120.19999999999531,18.75,0.0,0.7500000000000001,120.19999999999531,0.0,0.0,0.03951747088186356,
RL-s0-b200-a1.00,rl,1.0,2,results/es_killfirst/ckpt_seed0_gen00200.npz,200,0,BT-v2,10041,0,1.0,1,0,0,timeout,120.19999999999531,6.25,0.0,0.25,120.19999999999531,0.0,0.02038269550748752,0.004991680532445923,3703.6957200435786
RL-s0-b200-a1.00,rl,1.0,2,results/es_killfirst/ckpt_seed0_gen00200.npz,200,0,BT-v2,10041,1,1.0,1,0,0,timeout,120.19999999999531,16.25,0.0,0.65,120.19999999999531,0.0,0.015806988352745424,0.012479201331114808,
RL-s0-b200-a1.00,rl,1.0,2,results/es_killfirst/ckpt_seed0_gen00200.npz,200,0,BT-v2,10042,0,0.5,0,1,0,timeout,120.19999999999531,0.0,0.0,0.0,120.19999999999531,0.0,0.04908485856905158,0.0024958402662229617,4628.121211499327
RL-s0-b200-a1.00,rl,1.0,2,results/es_killfirst/ckpt_seed0_gen00200.npz,200,0,BT-v2,10042,1,0.5,0,1,0,timeout,120.19999999999531,0.0,0.0,0.0,120.19999999999531,0.0,0.051580698835274545,0.004159733777038269,
RL-s0-b200-a1.00,rl,1.0,2,results/es_killfirst/ckpt_seed0_gen00200.npz,200,0,BT-v2,10043,0,0.0,0,0,1,timeout,120.19999999999531,36.25,47.5,1.4500000000000006,120.19999999999531,0.0,0.0,0.012479201331114808,5659.751146113513
RL-s0-b200-a1.00,rl,1.0,2,results/es_killfirst/ckpt_seed0_gen00200.npz,200,0,BT-v2,10043,1,1.0,1,0,0,timeout,120.19999999999531,7.5,0.0,0.3,120.19999999999531,0.0,0.0,0.007071547420965058,
RL-s0-b200-a1.00,rl,1.0,2,results/es_killfirst/ckpt_seed0_gen00200.npz,200,0,BT-v2,10044,0,0.0,0,0,1,timeout,120.19999999999531,0.0,8.75,0.0,120.19999999999531,0.0,0.0,0.006239600665557404,4598.45946645759
RL-s0-b200-a1.00,rl,1.0,2,results/es_killfirst/ckpt_seed0_gen00200.npz,200,0,BT-v2,10044,1,1.0,1,0,0,timeout,120.19999999999531,3.75,0.0,0.15000000000000002,120.19999999999531,0.0,0.0,0.004575707154742097,
RL-s0-b200-a1.00,rl,1.0,2,results/es_killfirst/ckpt_seed0_gen00200.npz,200,0,BT-v2,10045,0,0.0,0,0,1,gun_kill,110.44999999999587,0.0,100.0,0.0,110.44999999999587,0.0,0.043478260869565216,0.0,7737.551521986861
RL-s0-b200-a1.00,rl,1.0,2,results/es_killfirst/ckpt_seed0_gen00200.npz,200,0,BT-v2,10045,1,0.5,0,1,0,collision,21.850000000000176,11.25,0.0,0.44999999999999996,21.850000000000176,0.0,0.14220183486238533,0.020642201834862386,
RL-s0-b200-a1.00,rl,1.0,2,results/es_killfirst/ckpt_seed0_gen00200.npz,200,0,BT-v2,10046,0,0.5,0,1,0,timeout,120.19999999999531,0.0,0.0,0.0,120.19999999999531,0.0,0.10316139767054909,0.0,6464.442949410708
RL-s0-b200-a1.00,rl,1.0,2,results/es_killfirst/ckpt_seed0_gen00200.npz,200,0,BT-v2,10046,1,0.0,0,0,1,timeout,120.19999999999531,0.0,1.25,0.0,120.19999999999531,0.0,0.14018302828618967,0.022462562396006656,
RL-s0-b200-a1.00,rl,1.0,2,results/es_killfirst/ckpt_seed0_gen00200.npz,200,0,BT-v2,10047,0,1.0,1,0,0,timeout,120.19999999999531,5.0,0.0,0.2,120.19999999999531,0.0,0.008319467554076539,0.007071547420965058,3697.467447358594
RL-s0-b200-a1.00,rl,1.0,2,results/es_killfirst/ckpt_seed0_gen00200.npz,200,0,BT-v2,10047,1,1.0,1,0,0,timeout,120.19999999999531,11.25,0.0,0.44999999999999996,120.19999999999531,0.0,0.009151414309484194,0.014559068219633943,
RL-s0-b200-a1.00,rl,1.0,2,results/es_killfirst/ckpt_seed0_gen00200.npz,200,0,BT-v2,10048,0,1.0,1,0,0,gun_kill,47.84999999999942,100.0,40.0,3.999999999999994,47.84999999999942,0.0,0.06380753138075314,0.0,5227.85373950254
RL-s0-b200-a1.00,rl,1.0,2,results/es_killfirst/ckpt_seed0_gen00200.npz,200,0,BT-v2,10048,1,1.0,1,0,0,gun_kill,18.850000000000133,100.0,0.0,3.999999999999994,18.850000000000133,0.0,0.12234042553191489,0.0,
RL-s0-b200-a1.00,rl,1.0,2,results/es_killfirst/ckpt_seed0_gen00200.npz,200,0,BT-v2,10049,0,1.0,1,0,0,timeout,120.19999999999531,3.75,0.0,0.15000000000000002,120.19999999999531,0.0,0.03743760399334443,0.015391014975041598,4926.753142306614
RL-s0-b200-a1.00,rl,1.0,2,results/es_killfirst/ckpt_seed0_gen00200.npz,200,0,BT-v2,10049,1,1.0,1,0,0,timeout,120.19999999999531,7.5,0.0,0.3,120.19999999999531,0.0,0.061148086522462564,0.005407653910149751,
RL-s0-b200-a1.00,rl,1.0,2,results/es_killfirst/ckpt_seed0_gen00200.npz,200,0,BT-v2,10050,0,0.5,0,1,0,timeout,120.19999999999531,0.0,0.0,0.0,120.19999999999531,0.0,0.026622296173044926,0.0008319467554076539,4158.222137951504
RL-s0-b200-a1.00,rl,1.0,2,results/es_killfirst/ckpt_seed0_gen00200.npz,200,0,BT-v2,10050,1,0.0,0,0,1,gun_kill,103.09999999999629,0.0,100.0,0.0,103.09999999999629,0.0,0.03495145631067961,0.0,
RL-s0-b200-a1.00,rl,1.0,2,results/es_killfirst/ckpt_seed0_gen00200.npz,200,0,BT-v2,10051,0,0.5,0,1,0,timeout,120.19999999999531,5.0,5.0,0.2,120.19999999999531,0.0,0.07986688851913477,0.03743760399334443,4084.6215024054236
RL-s0-b200-a1.00,rl,1.0,2,results/es_killfirst/ckpt_seed0_gen00200.npz,200,0,BT-v2,10051,1,1.0,1,0,0,timeout,120.19999999999531,3.75,0.0,0.15000000000000002,120.19999999999531,0.0,0.07903494176372712,0.040349417637271213,
RL-s0-b200-a1.00,rl,1.0,2,results/es_killfirst/ckpt_seed0_gen00200.npz,200,0,BT-v2,10052,0,1.0,1,0,0,timeout,120.19999999999531,8.75,0.0,0.35,120.19999999999531,0.0,0.023710482529118136,0.014975041597337771,4128.149722152896
RL-s0-b200-a1.00,rl,1.0,2,results/es_killfirst/ckpt_seed0_gen00200.npz,200,0,BT-v2,10052,1,1.0,1,0,0,timeout,120.19999999999531,17.5,0.0,0.7000000000000001,120.19999999999531,0.0,0.03161397670549085,0.0037437603993344427,
RL-s0-b200-a1.00,rl,1.0,2,results/es_killfirst/ckpt_seed0_gen00200.npz,200,0,BT-v2,10053,0,1.0,1,0,0,timeout,120.19999999999531,27.5,0.0,1.1000000000000003,120.19999999999531,0.0,0.0,0.011647254575707155,5953.034943809643
RL-s0-b200-a1.00,rl,1.0,2,results/es_killfirst/ckpt_seed0_gen00200.npz,200,0,BT-v2,10053,1,0.0,0,0,1,gun_kill,118.7499999999954,21.25,100.0,0.8500000000000002,118.7499999999954,0.0,0.0,0.0054806070826306915,
RL-s0-b200-a1.00,rl,1.0,2,results/es_killfirst/ckpt_seed0_gen00200.npz,200,0,BT-v2,10054,0,1.0,1,0,0,timeout,120.19999999999531,37.5,0.0,1.5000000000000007,120.19999999999531,0.0,0.0,0.033277870216306155,3361.1127205329335
RL-s0-b200-a1.00,rl,1.0,2,results/es_killfirst/ckpt_seed0_gen00200.npz,200,0,BT-v2,10054,1,1.0,1,0,0,timeout,120.19999999999531,28.75,0.0,1.1500000000000004,120.19999999999531,0.0,0.0,0.012479201331114808,
RL-s0-b200-a1.00,rl,1.0,2,results/es_killfirst/ckpt_seed0_gen00200.npz,200,0,BT-v2,10055,0,1.0,1,0,0,timeout,120.19999999999531,1.25,0.0,0.05,120.19999999999531,0.0,0.0037437603993344427,0.04492512479201331,3634.622268093774
RL-s0-b200-a1.00,rl,1.0,2,results/es_killfirst/ckpt_seed0_gen00200.npz,200,0,BT-v2,10055,1,0.5,0,1,0,timeout,120.19999999999531,0.0,0.0,0.0,120.19999999999531,0.0,0.005407653910149751,0.0,
RL-s0-b200-a1.00,rl,1.0,2,results/es_killfirst/ckpt_seed0_gen00200.npz,200,0,BT-v2,10056,0,0.5,0,1,0,collision,5.349999999999989,12.5,8.75,0.49999999999999994,5.349999999999989,0.0,0.9230769230769231,0.04807692307692308,6234.770438899629
RL-s0-b200-a1.00,rl,1.0,2,results/es_killfirst/ckpt_seed0_gen00200.npz,200,0,BT-v2,10056,1,1.0,1,0,0,timeout,120.19999999999531,10.0,2.5,0.39999999999999997,120.19999999999531,0.0,0.049500831946755405,0.004991680532445923,
RL-s0-b200-a1.00,rl,1.0,2,results/es_killfirst/ckpt_seed0_gen00200.npz,200,0,BT-v2,10057,0,0.5,0,1,0,timeout,120.19999999999531,0.0,0.0,0.0,120.19999999999531,0.0,0.0,0.006239600665557404,6813.8155037214365
RL-s0-b200-a1.00,rl,1.0,2,results/es_killfirst/ckpt_seed0_gen00200.npz,200,0,BT-v2,10057,1,0.5,0,1,0,timeout,120.19999999999531,0.0,0.0,0.0,120.19999999999531,0.0,0.0,0.0037437603993344427,
RL-s0-b200-a1.00,rl,1.0,2,results/es_killfirst/ckpt_seed0_gen00200.npz,200,0,BT-v2,10058,0,1.0,1,0,0,timeout,120.19999999999531,15.0,0.0,0.6,120.19999999999531,0.0,0.033277870216306155,0.0066555740432612314,5947.637294275987
RL-s0-b200-a1.00,rl,1.0,2,results/es_killfirst/ckpt_seed0_gen00200.npz,200,0,BT-v2,10058,1,0.5,0,1,0,timeout,120.19999999999531,0.0,0.0,0.0,120.19999999999531,0.0,0.027870216306156406,0.006239600665557404,
RL-s0-b200-a1.00,rl,1.0,2,results/es_killfirst/ckpt_seed0_gen00200.npz,200,0,BT-v2,10059,0,0.0,0,0,1,gun_kill,113.04999999999572,0.0,100.0,0.0,113.04999999999572,0.0,0.002654867256637168,0.0,7928.1274670281255
RL-s0-b200-a1.00,rl,1.0,2,results/es_killfirst/ckpt_seed0_gen00200.npz,200,0,BT-v2,10059,1,0.0,0,0,1,gun_kill,115.49999999999558,0.0,100.0,0.0,115.49999999999558,0.0,0.0025996533795493936,0.0,
RL-s0-b200-a1.00,rl,1.0,2,results/es_killfirst/ckpt_seed0_gen00200.npz,200,0,BT-v2,10060,0,1.0,1,0,0,timeout,120.19999999999531,6.25,0.0,0.25,120.19999999999531,0.0,0.03868552412645591,0.004991680532445923,7419.759566501126
RL-s0-b200-a1.00,rl,1.0,2,results/es_killfirst/ckpt_seed0_gen00200.npz,200,0,BT-v2,10060,1,0.5,0,1,0,timeout,120.19999999999531,0.0,0.0,0.0,120.19999999999531,0.0,0.027038269550748752,0.010399334442595673,
RL-s0-b200-a1.00,rl,1.0,2,results/es_killfirst/ckpt_seed0_gen00200.npz,200,0,BT-v2,10061,0,0.5,0,1,0,timeout,120.19999999999531,0.0,0.0,0.0,120.19999999999531,0.0,0.054076539101497505,0.0074875207986688855,4374.775318610938
RL-s0-b200-a1.00,rl,1.0,2,results/es_killfirst/ckpt_seed0_gen00200.npz,200,0,BT-v2,10061,1,0.5,0,1,0,collision,22.85000000000019,21.25,0.0,0.8500000000000002,22.85000000000019,0.0,0.16228070175438597,0.021929824561403508,
RL-s0-b200-a1.00,rl,1.0,2,results/es_killfirst/ckpt_seed0_gen00200.npz,200,0,BT-v2,10062,0,0.5,0,1,0,timeout,120.19999999999531,0.0,0.0,0.0,120.19999999999531,0.0,0.0694675540765391,0.005823627287853577,7111.742408593053
RL-s0-b200-a1.00,rl,1.0,2,results/es_killfirst/ckpt_seed0_gen00200.npz,200,0,BT-v2,10062,1,1.0,1,0,0,timeout,120.19999999999531,25.0,0.0,1.0000000000000002,120.19999999999531,0.0,0.051580698835274545,0.009983361064891847,
RL-s0-b200-a1.00,rl,1.0,2,results/es_killfirst/ckpt_seed0_gen00200.npz,200,0,BT-v2,10063,0,0.0,0,0,1,timeout,120.19999999999531,6.25,7.5,0.25,120.19999999999531,0.0,0.024126455906821963,0.005407653910149751,6081.2518983640975
RL-s0-b200-a1.00,rl,1.0,2,results/es_killfirst/ckpt_seed0_gen00200.npz,200,0,BT-v2,10063,1,0.5,0,1,0,timeout,120.19999999999531,0.0,0.0,0.0,120.19999999999531,0.0,0.027038269550748752,0.0,
RL-s0-b200-a1.00,rl,1.0,2,results/es_killfirst/ckpt_seed0_gen00200.npz,200,0,BT-v2,10064,0,0.5,0,1,0,timeout,120.19999999999531,0.0,0.0,0.0,120.19999999999531,0.0,0.01913477537437604,0.010815307820299502,4783.936679381334
RL-s0-b200-a1.00,rl,1.0,2,results/es_killfirst/ckpt_seed0_gen00200.npz,200,0,BT-v2,10064,1,1.0,1,0,0,timeout,120.19999999999531,76.25,0.0,3.049999999999997,120.19999999999531,0.0,0.015391014975041598,0.024958402662229616,
RL-s0-b200-a1.00,rl,1.0,2,results/es_killfirst/ckpt_seed0_gen00200.npz,200,0,BT-v2,10065,0,1.0,1,0,0,timeout,120.19999999999531,7.5,3.75,0.3,120.19999999999531,0.0,0.034525790349417634,0.012895174708818636,4549.224008238438
RL-s0-b200-a1.00,rl,1.0,2,results/es_killfirst/ckpt_seed0_gen00200.npz,200,0,BT-v2,10065,1,0.0,0,0,1,timeout,120.19999999999531,0.0,11.25,0.0,120.19999999999531,0.0,0.029118136439267885,0.02745424292845258,
RL-s0-b200-a1.00,rl,1.0,2,results/es_killfirst/ckpt_seed0_gen00200.npz,200,0,BT-v2,10066,0,0.5,0,1,0,timeout,120.19999999999531,0.0,0.0,0.0,120.19999999999531,0.0,0.028286189683860232,0.008319467554076539,5104.4237974801845
RL-s0-b200-a1.00,rl,1.0,2,results/es_killfirst/ckpt_seed0_gen00200.npz,200,0,BT-v2,10066,1,1.0,1,0,0,timeout,120.19999999999531,16.25,0.0,0.65,120.19999999999531,0.0,0.042429284525790346,0.005407653910149751,
RL-s0-b200-a1.00,rl,1.0,2,results/es_killfirst/ckpt_seed0_gen00200.npz,200,0,BT-v2,10067,0,0.5,0,1,0,timeout,120.19999999999531,0.0,0.0,0.0,120.19999999999531,0.0,0.01622296173044925,0.027870216306156406,4479.880823967662
RL-s0-b200-a1.00,rl,1.0,2,results/es_killfirst/ckpt_seed0_gen00200.npz,200,0,BT-v2,10067,1,1.0,1,0,0,timeout,120.19999999999531,85.0,0.0,3.399999999999996,120.19999999999531,0.0,0.01788685524126456,0.0,
RL-s0-b200-a1.00,rl,1.0,2,results/es_killfirst/ckpt_seed0_gen00200.npz,200,0,BT-v2,10068,0,0.0,0,0,1,timeout,120.19999999999531,0.0,6.25,0.0,120.19999999999531,0.0,0.03993344425956739,0.0,5164.37941401209
RL-s0-b200-a1.00,rl,1.0,2,results/es_killfirst/ckpt_seed0_gen00200.npz,200,0,BT-v2,10068,1,1.0,1,0,0,timeout,120.19999999999531,70.0,0.0,2.799999999999998,120.19999999999531,0.0,0.023710482529118136,0.014975041597337771,
RL-s0-b200-a1.00,rl,1.0,2,results/es_killfirst/ckpt_seed0_gen00200.npz,200,0,BT-v2,10069,0,0.5,0,1,0,timeout,120.19999999999531,0.0,0.0,0.0,120.19999999999531,0.0,0.009983361064891847,0.007903494176372712,6871.2808613823145
RL-s0-b200-a1.00,rl,1.0,2,results/es_killfirst/ckpt_seed0_gen00200.npz,200,0,BT-v2,10069,1,0.5,0,1,0,timeout,120.19999999999531,0.0,0.0,0.0,120.19999999999531,0.0,0.0066555740432612314,0.0066555740432612314,
RL-s0-b200-a1.00,rl,1.0,2,results/es_killfirst/ckpt_seed0_gen00200.npz,200,0,BT-v2,10070,0,1.0,1,0,0,timeout,120.19999999999531,2.5,0.0,0.1,120.19999999999531,0.0,0.011647254575707155,0.008735440931780365,5160.422600204092
RL-s0-b200-a1.00,rl,1.0,2,results/es_killfirst/ckpt_seed0_gen00200.npz,200,0,BT-v2,10070,1,0.5,0,1,0,collision,15.350000000000083,0.0,0.0,0.0,15.350000000000083,0.0,0.10855263157894737,0.02631578947368421,
RL-s0-b200-a1.00,rl,1.0,2,results/es_killfirst/ckpt_seed0_gen00200.npz,200,0,BT-v2,10071,0,1.0,1,0,0,timeout,120.19999999999531,10.0,0.0,0.39999999999999997,120.19999999999531,0.0,0.0,0.006239600665557404,7266.167589322422
RL-s0-b200-a1.00,rl,1.0,2,results/es_killfirst/ckpt_seed0_gen00200.npz,200,0,BT-v2,10071,1,1.0,1,0,0,timeout,120.19999999999531,5.0,0.0,0.2,120.19999999999531,0.0,0.0,0.006239600665557404,
RL-s0-b200-a1.00,rl,1.0,2,results/es_killfirst/ckpt_seed0_gen00200.npz,200,0,BT-v2,10072,0,0.0,0,0,1,timeout,120.19999999999531,0.0,46.25,0.0,120.19999999999531,0.0,0.0,0.005823627287853577,5335.932136067956
RL-s0-b200-a1.00,rl,1.0,2,results/es_killfirst/ckpt_seed0_gen00200.npz,200,0,BT-v2,10072,1,1.0,1,0,0,timeout,120.19999999999531,31.25,0.0,1.2500000000000004,120.19999999999531,0.0,0.0,0.004575707154742097,
RL-s0-b200-a1.00,rl,1.0,2,results/es_killfirst/ckpt_seed0_gen00200.npz,200,0,BT-v2,10073,0,0.5,0,1,0,timeout,120.19999999999531,0.0,0.0,0.0,120.19999999999531,0.0,0.035357737104825294,0.00956738768718802,4337.76845842561
RL-s0-b200-a1.00,rl,1.0,2,results/es_killfirst/ckpt_seed0_gen00200.npz,200,0,BT-v2,10073,1,1.0,1,0,0,timeout,120.19999999999531,11.25,0.0,0.44999999999999996,120.19999999999531,0.0,0.039101497504159734,0.007903494176372712,
RL-s0-b200-a1.00,rl,1.0,2,results/es_killfirst/ckpt_seed0_gen00200.npz,200,0,BT-v2,10074,0,1.0,1,0,0,timeout,120.19999999999531,2.5,0.0,0.1,120.19999999999531,0.0,0.03161397670549085,0.0,6023.018927792796
RL-s0-b200-a1.00,rl,1.0,2,results/es_killfirst/ckpt_seed0_gen00200.npz,200,0,BT-v2,10074,1,0.0,0,0,1,timeout,120.19999999999531,0.0,18.75,0.0,120.19999999999531,0.0,0.050748752079866885,0.0,
RL-s0-b200-a1.00,rl,1.0,2,results/es_killfirst/ckpt_seed0_gen00200.npz,200,0,BT-v2,10075,0,1.0,1,0,0,timeout,120.19999999999531,17.5,0.0,0.7000000000000001,120.19999999999531,0.0,0.024126455906821963,0.005407653910149751,7554.534499747998
RL-s0-b200-a1.00,rl,1.0,2,results/es_killfirst/ckpt_seed0_gen00200.npz,200,0,BT-v2,10075,1,0.0,0,0,1,timeout,120.19999999999531,0.0,18.75,0.0,120.19999999999531,0.0,0.016638935108153077,0.014143094841930116,
RL-s0-b200-a1.00,rl,1.0,2,results/es_killfirst/ckpt_seed0_gen00200.npz,200,0,BT-v2,10076,0,1.0,1,0,0,timeout,120.19999999999531,28.75,0.0,1.1500000000000004,120.19999999999531,0.0,0.025790349417637273,0.005407653910149751,7057.036404981207
RL-s0-b200-a1.00,rl,1.0,2,results/es_killfirst/ckpt_seed0_gen00200.npz,200,0,BT-v2,10076,1,1.0,1,0,0,timeout,120.19999999999531,7.5,0.0,0.3,120.19999999999531,0.0,0.01788685524126456,0.004575707154742097,
RL-s0-b200-a1.00,rl,1.0,2,results/es_killfirst/ckpt_seed0_gen00200.npz,200,0,BT-v2,10077,0,0.5,0,1,0,collision,17.35000000000011,18.75,0.0,0.7500000000000001,17.35000000000011,0.0,0.10174418604651163,0.02616279069767442,4872.643707756332
RL-s0-b200-a1.00,rl,1.0,2,results/es_killfirst/ckpt_seed0_gen00200.npz,200,0,BT-v2,10077,1,0.0,0,0,1,timeout,120.19999999999531,0.0,5.0,0.0,120.19999999999531,0.0,0.019966722129783693,0.004991680532445923,
RL-s0-b200-a1.00,rl,1.0,2,results/es_killfirst/ckpt_seed0_gen00200.npz,200,0,BT-v2,10078,0,1.0,1,0,0,timeout,120.19999999999531,47.5,0.0,1.900000000000001,120.19999999999531,0.0,0.0262063227953411,0.01372712146422629,6073.854007954592
RL-s0-b200-a1.00,rl,1.0,2,results/es_killfirst/ckpt_seed0_gen00200.npz,200,0,BT-v2,10078,1,0.5,0,1,0,timeout,120.19999999999531,0.0,0.0,0.0,120.19999999999531,0.0,0.04076539101497504,0.0024958402662229617,
RL-s0-b200-a1.00,rl,1.0,2,results/es_killfirst/ckpt_seed0_gen00200.npz,200,0,BT-v2,10079,0,1.0,1,0,0,timeout,120.19999999999531,25.0,0.0,1.0000000000000002,120.19999999999531,0.0,0.0,0.007071547420965058,6890.867956943277
RL-s0-b200-a1.00,rl,1.0,2,results/es_killfirst/ckpt_seed0_gen00200.npz,200,0,BT-v2,10079,1,0.0,0,0,1,timeout,120.19999999999531,0.0,7.5,0.0,120.19999999999531,0.0,0.0,0.0029118136439267887,
RL-s0-b200-a1.00,rl,1.0,2,results/es_killfirst/ckpt_seed0_gen00200.npz,200,0,BT-v2,10080,0,0.0,0,0,1,timeout,120.19999999999531,0.0,3.75,0.0,120.19999999999531,0.0,0.016638935108153077,0.0,4036.093870184368
RL-s0-b200-a1.00,rl,1.0,2,results/es_killfirst/ckpt_seed0_gen00200.npz,200,0,BT-v2,10080,1,1.0,1,0,0,timeout,120.19999999999531,6.25,0.0,0.25,120.19999999999531,0.0,0.017054908485856904,0.04159733777038269,
RL-s0-b200-a1.00,rl,1.0,2,results/es_killfirst/ckpt_seed0_gen00200.npz,200,0,BT-v2,10081,0,1.0,1,0,0,timeout,120.19999999999531,48.75,0.0,1.950000000000001,120.19999999999531,0.0,0.0,0.013311148086522463,6990.44023646396
RL-s0-b200-a1.00,rl,1.0,2,results/es_killfirst/ckpt_seed0_gen00200.npz,200,0,BT-v2,10081,1,1.0,1,0,0,timeout,120.19999999999531,52.5,0.0,2.1000000000000005,120.19999999999531,0.0,0.0,0.0066555740432612314,
RL-s0-b200-a1.00,rl,1.0,2,results/es_killfirst/ckpt_seed0_gen00200.npz,200,0,BT-v2,10082,0,0.5,0,1,0,timeout,120.19999999999531,0.0,0.0,0.0,120.19999999999531,0.0,0.014559068219633943,0.005823627287853577,7038.6195059373895
RL-s0-b200-a1.00,rl,1.0,2,results/es_killfirst/ckpt_seed0_gen00200.npz,200,0,BT-v2,10082,1,1.0,1,0,0,timeout,120.19999999999531,11.25,0.0,0.44999999999999996,120.19999999999531,0.0,0.014559068219633943,0.006239600665557404,
RL-s0-b200-a1.00,rl,1.0,2,results/es_killfirst/ckpt_seed0_gen00200.npz,200,0,BT-v2,10083,0,0.5,0,1,0,timeout,120.19999999999531,0.0,0.0,0.0,120.19999999999531,0.0,0.05116472545757072,0.0,7417.856443001103
RL-s0-b200-a1.00,rl,1.0,2,results/es_killfirst/ckpt_seed0_gen00200.npz,200,0,BT-v2,10083,1,0.5,0,1,0,collision,5.09999999999999,6.25,12.5,0.25,5.09999999999999,0.0,0.91,0.06,
RL-s0-b200-a1.00,rl,1.0,2,results/es_killfirst/ckpt_seed0_gen00200.npz,200,0,BT-v2,10084,0,0.0,0,0,1,gun_kill,114.94999999999561,0.0,100.0,0.0,114.94999999999561,0.0,0.0,0.0,7578.944359623397
RL-s0-b200-a1.00,rl,1.0,2,results/es_killfirst/ckpt_seed0_gen00200.npz,200,0,BT-v2,10084,1,0.0,0,0,1,gun_kill,107.94999999999601,0.0,100.0,0.0,107.94999999999601,0.0,0.0,0.0,
RL-s0-b200-a1.00,rl,1.0,2,results/es_killfirst/ckpt_seed0_gen00200.npz,200,0,BT-v2,10085,0,0.5,0,1,0,timeout,120.19999999999531,0.0,0.0,0.0,120.19999999999531,0.0,0.0,0.0,5032.452653131224
RL-s0-b200-a1.00,rl,1.0,2,results/es_killfirst/ckpt_seed0_gen00200.npz,200,0,BT-v2,10085,1,1.0,1,0,0,timeout,120.19999999999531,5.0,0.0,0.2,120.19999999999531,0.0,0.0,0.0,
RL-s0-b200-a1.00,rl,1.0,2,results/es_killfirst/ckpt_seed0_gen00200.npz,200,0,BT-v2,10086,0,0.0,0,0,1,gun_kill,114.14999999999566,6.25,100.0,0.25,114.14999999999566,0.0,0.0,0.007456140350877193,7126.340224381826
RL-s0-b200-a1.00,rl,1.0,2,results/es_killfirst/ckpt_seed0_gen00200.npz,200,0,BT-v2,10086,1,0.5,0,1,0,timeout,120.19999999999531,0.0,0.0,0.0,120.19999999999531,0.0,0.0,0.0,
RL-s0-b200-a1.00,rl,1.0,2,results/es_killfirst/ckpt_seed0_gen00200.npz,200,0,BT-v2,10087,0,1.0,1,0,0,timeout,120.19999999999531,1.25,0.0,0.05,120.19999999999531,0.0,0.04866888519134775,0.01747088186356073,4219.276885510049
RL-s0-b200-a1.00,rl,1.0,2,results/es_killfirst/ckpt_seed0_gen00200.npz,200,0,BT-v2,10087,1,0.5,0,1,0,timeout,120.19999999999531,0.0,0.0,0.0,120.19999999999531,0.0,0.04326123128119801,0.005407653910149751,
RL-s0-b200-a1.00,rl,1.0,2,results/es_killfirst/ckpt_seed0_gen00200.npz,200,0,BT-v2,10088,0,0.5,0,1,0,timeout,120.19999999999531,0.0,0.0,0.0,120.19999999999531,0.0,0.0,0.0024958402662229617,4178.316762212276
RL-s0-b200-a1.00,rl,1.0,2,results/es_killfirst/ckpt_seed0_gen00200.npz,200,0,BT-v2,10088,1,0.0,0,0,1,timeout,120.19999999999531,0.0,15.0,0.0,120.19999999999531,0.0,0.0,0.0037437603993344427,
RL-s0-b200-a1.00,rl,1.0,2,results/es_killfirst/ckpt_seed0_gen00200.npz,200,0,BT-v2,10089,0,0.0,0,0,1,timeout,120.19999999999531,3.75,50.0,0.15000000000000002,120.19999999999531,0.0,0.0,0.0029118136439267887,6356.338438939726
RL-s0-b200-a1.00,rl,1.0,2,results/es_killfirst/ckpt_seed0_gen00200.npz,200,0,BT-v2,10089,1,0.5,0,1,0,timeout,120.19999999999531,0.0,0.0,0.0,120.19999999999531,0.0,0.0,0.016638935108153077,
RL-s0-b200-a1.00,rl,1.0,2,results/es_killfirst/ckpt_seed0_gen00200.npz,200,0,BT-v2,10090,0,0.5,0,1,0,collision,17.25000000000011,0.0,0.0,0.0,17.25000000000011,0.0,0.10755813953488372,0.020348837209302327,4501.413671327441
RL-s0-b200-a1.00,rl,1.0,2,results/es_killfirst/ckpt_seed0_gen00200.npz,200,0,BT-v2,10090,1,0.5,0,1,0,timeout,120.19999999999531,0.0,0.0,0.0,120.19999999999531,0.0,0.011647254575707155,0.015391014975041598,
RL-s0-b200-a1.00,rl,1.0,2,results/es_killfirst/ckpt_seed0_gen00200.npz,200,0,BT-v2,10091,0,0.5,0,1,0,timeout,120.19999999999531,0.0,0.0,0.0,120.19999999999531,0.0,0.07903494176372712,0.032029950083194675,3761.758338410949
RL-s0-b200-a1.00,rl,1.0,2,results/es_killfirst/ckpt_seed0_gen00200.npz,200,0,BT-v2,10091,1,0.5,0,1,0,timeout,120.19999999999531,0.0,0.0,0.0,120.19999999999531,0.0,0.06364392678868552,0.006239600665557404,
RL-s0-b200-a1.00,rl,1.0,2,results/es_killfirst/ckpt_seed0_gen00200.npz,200,0,BT-v2,10092,0,0.5,0,1,0,timeout,120.19999999999531,5.0,5.0,0.2,120.19999999999531,0.0,0.0,0.0066555740432612314,7723.86369697835
RL-s0-b200-a1.00,rl,1.0,2,results/es_killfirst/ckpt_seed0_gen00200.npz,200,0,BT-v2,10092,1,1.0,1,0,0,timeout,120.19999999999531,3.75,0.0,0.15000000000000002,120.19999999999531,0.0,0.0,0.020798668885191347,
RL-s0-b200-a1.00,rl,1.0,2,results/es_killfirst/ckpt_seed0_gen00200.npz,200,0,BT-v2,10093,0,0.0,0,0,1,timeout,120.19999999999531,25.0,50.0,1.0000000000000002,120.19999999999531,0.0,0.0,0.013311148086522463,5950.119039100186
RL-s0-b200-a1.00,rl,1.0,2,results/es_killfirst/ckpt_seed0_gen00200.npz,200,0,BT-v2,10093,1,0.5,0,1,0,timeout,120.19999999999531,0.0,0.0,0.0,120.19999999999531,0.0,0.0,0.018718801996672214,
RL-s0-b200-a1.00,rl,1.0,2,results/es_killfirst/ckpt_seed0_gen00200.npz,200,0,BT-v2,10094,0,0.0,0,0,1,timeout,120.19999999999531,0.0,12.5,0.0,120.19999999999531,0.0,0.05698835274542429,0.010815307820299502,3836.360922330048
RL-s0-b200-a1.00,rl,1.0,2,results/es_killfirst/ckpt_seed0_gen00200.npz,200,0,BT-v2,10094,1,1.0,1,0,0,timeout,120.19999999999531,27.5,0.0,1.1000000000000003,120.19999999999531,0.0,0.059900166389351084,0.04866888519134775,
RL-s0-b200-a1.00,rl,1.0,2,results/es_killfirst/ckpt_seed0_gen00200.npz,200,0,BT-v2,10095,0,0.0,0,0,1,timeout,120.19999999999531,0.0,16.25,0.0,120.19999999999531,0.0,0.0,0.005407653910149751,6856.692859199832
RL-s0-b200-a1.00,rl,1.0,2,results/es_killfirst/ckpt_seed0_gen00200.npz,200,0,BT-v2,10095,1,0.5,0,1,0,collision,24.650000000000215,32.5,0.0,1.3000000000000005,24.650000000000215,0.0,0.0,0.022357723577235773,
RL-s0-b200-a1.00,rl,1.0,2,results/es_killfirst/ckpt_seed0_gen00200.npz,200,0,BT-v2,10096,0,0.0,0,0,1,timeout,120.19999999999531,0.0,3.75,0.0,120.19999999999531,0.0,0.05948419301164726,0.0,3626.9443121662985
RL-s0-b200-a1.00,rl,1.0,2,results/es_killfirst/ckpt_seed0_gen00200.npz,200,0,BT-v2,10096,1,1.0,1,0,0,timeout,120.19999999999531,42.5,11.25,1.7000000000000008,120.19999999999531,0.0,0.0324459234608985,0.01622296173044925,
RL-s0-b200-a1.00,rl,1.0,2,results/es_killfirst/ckpt_seed0_gen00200.npz,200,0,BT-v2,10097,0,1.0,1,0,0,timeout,120.19999999999531,8.75,0.0,0.35,120.19999999999531,0.0,0.06073211314475874,0.019550748752079867,4542.856819305258
RL-s0-b200-a1.00,rl,1.0,2,results/es_killfirst/ckpt_seed0_gen00200.npz,200,0,BT-v2,10097,1,0.0,0,0,1,timeout,120.19999999999531,0.0,6.25,0.0,120.19999999999531,0.0,0.06780366056572379,0.0,
RL-s0-b200-a1.00,rl,1.0,2,results/es_killfirst/ckpt_seed0_gen00200.npz,200,0,BT-v2,10098,0,1.0,1,0,0,timeout,120.19999999999531,10.0,0.0,0.39999999999999997,120.19999999999531,0.0,0.014975041597337771,0.008319467554076539,6054.436381739581
RL-s0-b200-a1.00,rl,1.0,2,results/es_killfirst/ckpt_seed0_gen00200.npz,200,0,BT-v2,10098,1,1.0,1,0,0,timeout,120.19999999999531,21.25,0.0,0.8500000000000002,120.19999999999531,0.0,0.014975041597337771,0.015391014975041598,
RL-s0-b200-a1.00,rl,1.0,2,results/es_killfirst/ckpt_seed0_gen00200.npz,200,0,BT-v2,10099,0,1.0,1,0,0,timeout,120.19999999999531,13.75,0.0,0.5499999999999999,120.19999999999531,0.0,0.0,0.007071547420965058,5929.269937369726
RL-s0-b200-a1.00,rl,1.0,2,results/es_killfirst/ckpt_seed0_gen00200.npz,200,0,BT-v2,10099,1,0.5,0,1,0,timeout,120.19999999999531,0.0,0.0,0.0,120.19999999999531,0.0,0.0,0.011231281198003328,
RL-s0-b200-a1.00,rl,1.0,2,results/es_killfirst/ckpt_seed0_gen00200.npz,200,0,BT-v3,10000,0,0.5,0,1,0,timeout,120.19999999999531,0.0,0.0,0.0,120.19999999999531,0.0,0.028286189683860232,0.004991680532445923,6908.332981931072
RL-s0-b200-a1.00,rl,1.0,2,results/es_killfirst/ckpt_seed0_gen00200.npz,200,0,BT-v3,10000,1,1.0,1,0,0,timeout,120.19999999999531,3.75,0.0,0.15000000000000002,120.19999999999531,0.0,0.025790349417637273,0.005407653910149751,
RL-s0-b200-a1.00,rl,1.0,2,results/es_killfirst/ckpt_seed0_gen00200.npz,200,0,BT-v3,10001,0,0.0,0,0,1,gun_kill,106.99999999999606,0.0,100.0,0.0,106.99999999999606,0.0,0.003745318352059925,0.0,6713.195688336414
RL-s0-b200-a1.00,rl,1.0,2,results/es_killfirst/ckpt_seed0_gen00200.npz,200,0,BT-v3,10001,1,1.0,1,0,0,timeout,120.19999999999531,35.0,0.0,1.4000000000000006,120.19999999999531,0.0,0.0,0.0,
RL-s0-b200-a1.00,rl,1.0,2,results/es_killfirst/ckpt_seed0_gen00200.npz,200,0,BT-v3,10002,0,0.0,0,0,1,timeout,120.19999999999531,0.0,2.5,0.0,120.19999999999531,0.0,0.03494176372712146,0.005823627287853577,5175.614887452771
RL-s0-b200-a1.00,rl,1.0,2,results/es_killfirst/ckpt_seed0_gen00200.npz,200,0,BT-v3,10002,1,0.0,0,0,1,gun_kill,112.39999999999576,7.5,100.0,0.3,112.39999999999576,0.0,0.022727272727272728,0.004010695187165776,
RL-s0-b200-a1.00,rl,1.0,2,results/es_killfirst/ckpt_seed0_gen00200.npz,200,0,BT-v3,10003,0,0.5,0,1,0,timeout,120.19999999999531,0.0,0.0,0.0,120.19999999999531,0.0,0.04658901830282862,0.01372712146422629,5354.937542450742
RL-s0-b200-a1.00,rl,1.0,2,results/es_killfirst/ckpt_seed0_gen00200.npz,200,0,BT-v3,10003,1,1.0,1,0,0,timeout,120.19999999999531,6.25,0.0,0.25,120.19999999999531,0.0,0.07653910149750416,0.0024958402662229617,
RL-s0-b200-a1.00,rl,1.0,2,results/es_killfirst/ckpt_seed0_gen00200.npz,200,0,BT-v3,10004,0,0.0,0,0,1,gun_kill,103.99999999999623,0.0,100.0,0.0,103.99999999999623,0.0,0.02697495183044316,0.0024084778420038534,6285.046364238578
RL-s0-b200-a1.00,rl,1.0,2,results/es_killfirst/ckpt_seed0_gen00200.npz,200,0,BT-v3,10004,1,1.0,1,0,0,timeout,120.19999999999531,30.0,0.0,1.2000000000000004,120.19999999999531,0.0,0.015806988352745424,0.0,
RL-s0-b200-a1.00,rl,1.0,2,results/es_killfirst/ckpt_seed0_gen00200.npz,200,0,BT-v3,10005,0,1.0,1,0,0,gun_kill,61.19999999999866,100.0,6.25,3.999999999999994,61.19999999999866,0.0,0.1860655737704918,0.001639344262295082,4671.189172338125
RL-s0-b200-a1.00,rl,1.0,2,results/es_killfirst/ckpt_seed0_gen00200.npz,200,0,BT-v3,10005,1,1.0,1,0,0,timeout,120.19999999999531,13.75,0.0,0.5499999999999999,120.19999999999531,0.0,0.09400998336106489,0.019966722129783693,
RL-s0-b200-a1.00,rl,1.0,2,results/es_killfirst/ckpt_seed0_gen00200.npz,200,0,BT-v3,10006,0,0.0,0,0,1,timeout,120.19999999999531,0.0,15.0,0.0,120.19999999999531,0.0,0.008735440931780365,0.0033277870216306157,4411.002133216227
RL-s0-b200-a1.00,rl,1.0,2,results/es_killfirst/ckpt_seed0_gen00200.npz,200,0,BT-v3,10006,1,1.0,1,0,0,gun_kill,95.19999999999673,100.0,0.0,3.999999999999994,95.19999999999673,0.0,0.012105263157894737,0.03315789473684211,
RL-s0-b200-a1.00,rl,1.0,2,results/es_killfirst/ckpt_seed0_gen00200.npz,200,0,BT-v3,10007,0,0.0,0,0,1,gun_kill,90.84999999999698,0.0,100.0,0.0,90.84999999999698,0.0,0.028634361233480177,0.0,5745.308145527905
RL-s0-b200-a1.00,rl,1.0,2,results/es_killfirst/ckpt_seed0_gen00200.npz,200,0,BT-v3,10007,1,1.0,1,0,0,timeout,120.19999999999531,28.75,0.0,1.1500000000000004,120.19999999999531,0.0,0.015391014975041598,0.0,
RL-s0-b200-a1.00,rl,1.0,2,results/es_killfirst/ckpt_seed0_gen00200.npz,200,0,BT-v3,10008,0,1.0,1,0,0,timeout,120.19999999999531,78.75,7.5,3.149999999999997,120.19999999999531,0.0,0.032029950083194675,0.042429284525790346,4179.29104609185
RL-s0-b200-a1.00,rl,1.0,2,results/es_killfirst/ckpt_seed0_gen00200.npz,200,0,BT-v3,10008,1,1.0,1,0,0,timeout,120.19999999999531,96.25,0.0,3.8499999999999943,120.19999999999531,0.0,0.02454242928452579,0.03369384359400998,
RL-s0-b200-a1.00,rl,1.0,2,results/es_killfirst/ckpt_seed0_gen00200.npz,200,0,BT-v3,10009,0,1.0,1,0,0,timeout,120.19999999999531,96.25,0.0,3.8499999999999943,120.19999999999531,0.0,0.019550748752079867,0.03951747088186356,4907.411242578351
RL-s0-b200-a1.00,rl,1.0,2,results/es_killfirst/ckpt_seed0_gen00200.npz,200,0,BT-v3,10009,1,1.0,1,0,0,timeout,120.19999999999531,36.25,0.0,1.4500000000000006,120.19999999999531,0.0,0.02870216306156406,0.0033277870216306157,
RL-s0-b200-a1.00,rl,1.0,2,results/es_killfirst/ckpt_seed0_gen00200.npz,200,0,BT-v3,10010,0,1.0,1,0,0,gun_kill,108.49999999999598,100.0,0.0,3.999999999999994,108.49999999999598,0.0,0.06688191881918819,0.03413284132841329,3410.592240087808
RL-s0-b200-a1.00,rl,1.0,2,results/es_killfirst/ckpt_seed0_gen00200.npz,200,0,BT-v3,10010,1,0.0,0,0,1,timeout,120.19999999999531,0.0,13.75,0.0,120.19999999999531,0.0,0.055324459234608984,0.004159733777038269,
RL-s0-b200-a1.00,rl,1.0,2,results/es_killfirst/ckpt_seed0_gen00200.npz,200,0,BT-v3,10011,0,1.0,1,0,0,timeout,120.19999999999531,12.5,0.0,0.49999999999999994,120.19999999999531,0.0,0.0,0.00956738768718802,6763.246125368101
RL-s0-b200-a1.00,rl,1.0,2,results/es_killfirst/ckpt_seed0_gen00200.npz,200,0,BT-v3,10011,1,0.5,0,1,0,timeout,120.19999999999531,0.0,0.0,0.0,120.19999999999531,0.0,0.0,0.0,
RL-s0-b200-a1.00,rl,1.0,2,results/es_killfirst/ckpt_seed0_gen00200.npz,200,0,BT-v3,10012,0,0.0,0,0,1,gun_kill,94.59999999999677,0.0,100.0,0.0,94.59999999999677,0.0,0.06514830508474577,0.0015889830508474577,6511.265581309174
RL-s0-b200-a1.00,rl,1.0,2,results/es_killfirst/ckpt_seed0_gen00200.npz,200,0,BT-v3,10012,1,1.0,1,0,0,timeout,120.19999999999531,41.25,0.0,1.6500000000000008,120.19999999999531,0.0,0.054076539101497505,0.009151414309484194,
RL-s0-b200-a1.00,rl,1.0,2,results/es_killfirst/ckpt_seed0_gen00200.npz,200,0,BT-v3,10013,0,1.0,1,0,0,gun_kill,117.29999999999548,100.0,0.0,3.999999999999994,117.29999999999548,0.0,0.038822525597269626,0.04052901023890785,4156.564217608536
RL-s0-b200-a1.00,rl,1.0,2,results/es_killfirst/ckpt_seed0_gen00200.npz,200,0,BT-v3,10013,1,0.5,0,1,0,timeout,120.19999999999531,0.0,0.0,0.0,120.19999999999531,0.0,0.04076539101497504,0.0,
RL-s0-b200-a1.00,rl,1.0,2,results/es_killfirst/ckpt_seed0_gen00200.npz,200,0,BT-v3,10014,0,1.0,1,0,0,gun_kill,108.34999999999599,100.0,0.0,3.999999999999994,108.34999999999599,0.0,0.0,0.03512014787430684,5139.903466845819
RL-s0-b200-a1.00,rl,1.0,2,results/es_killfirst/ckpt_seed0_gen00200.npz,200,0,BT-v3,10014,1,1.0,1,0,0,timeout,120.19999999999531,67.5,0.0,2.6999999999999984,120.19999999999531,0.0,0.0,0.027870216306156406,
RL-s0-b200-a1.00,rl,1.0,2,results/es_killfirst/ckpt_seed0_gen00200.npz,200,0,BT-v3,10015,0,1.0,1,0,0,timeout,120.19999999999531,91.25,5.0,3.649999999999995,120.19999999999531,0.0,0.0,0.036605657237936774,3842.1480642446136
RL-s0-b200-a1.00,rl,1.0,2,results/es_killfirst/ckpt_seed0_gen00200.npz,200,0,BT-v3,10015,1,1.0,1,0,0,gun_kill,106.74999999999608,100.0,0.0,3.999999999999994,106.74999999999608,0.0,0.0,0.036585365853658534,
RL-s0-b200-a1.00,rl,1.0,2,results/es_killfirst/ckpt_seed0_gen00200.npz,200,0,BT-v3,10016,0,1.0,1,0,0,timeout,120.19999999999531,18.75,0.0,0.7500000000000001,120.19999999999531,0.0,0.0,0.006239600665557404,6658.880554596988
RL-s0-b200-a1.00,rl,1.0,2,results/es_killfirst/ckpt_seed0_gen00200.npz,200,0,BT-v3,10016,1,0.0,0,0,1,timeout,120.19999999999531,0.0,7.5,0.0,120.19999999999531,0.0,0.0,0.006239600665557404,
RL-s0-b200-a1.00,rl,1.0,2,results/es_killfirst/ckpt_seed0_gen00200.npz,200,0,BT-v3,10017,0,1.0,1,0,0,timeout,120.19999999999531,62.5,0.0,2.499999999999999,120.19999999999531,0.0,0.03577371048252912,0.03494176372712146,3902.88090210725
RL-s0-b200-a1.00,rl,1.0,2,results/es_killfirst/ckpt_seed0_gen00200.npz,200,0,BT-v3,10017,1,1.0,1,0,0,gun_kill,40.199999999999854,100.0,0.0,3.999999999999994,40.199999999999854,0.0,0.13375,0.0,
RL-s0-b200-a1.00,rl,1.0,2,results/es_killfirst/ckpt_seed0_gen00200.npz,200,0,BT-v3,10018,0,1.0,1,0,0,timeout,120.19999999999531,13.75,0.0,0.5499999999999999,120.19999999999531,0.0,0.011647254575707155,0.008735440931780365,6338.519508968325
RL-s0-b200-a1.00,rl,1.0,2,results/es_killfirst/ckpt_seed0_gen00200.npz,200,0,BT-v3,10018,1,0.5,0,1,0,timeout,120.19999999999531,0.0,0.0,0.0,120.19999999999531,0.0,0.018718801996672214,0.0,
RL-s0-b200-a1.00,rl,1.0,2,results/es_killfirst/ckpt_seed0_gen00200.npz,200,0,BT-v3,10019,0,1.0,1,0,0,timeout,120.19999999999531,36.25,0.0,1.4500000000000006,120.19999999999531,0.0,0.0,0.0008319467554076539,6274.806570255378
RL-s0-b200-a1.00,rl,1.0,2,results/es_killfirst/ckpt_seed0_gen00200.npz,200,0,BT-v3,10019,1,0.5,0,1,0,timeout,120.19999999999531,0.0,0.0,0.0,120.19999999999531,0.0,0.0,0.006239600665557404,
RL-s0-b200-a1.00,rl,1.0,2,results/es_killfirst/ckpt_seed0_gen00200.npz,200,0,BT-v3,10020,0,1.0,1,0,0,timeout,120.19999999999531,25.0,0.0,1.0000000000000002,120.19999999999531,0.0,0.0,0.004991680532445923,7996.715393108201
RL-s0-b200-a1.00,rl,1.0,2,results/es_killfirst/ckpt_seed0_gen00200.npz,200,0,BT-v3,10020,1,1.0,1,0,0,timeout,120.19999999999531,91.25,1.25,3.649999999999995,120.19999999999531,0.0,0.0,0.03577371048252912,
RL-s0-b200-a1.00,rl,1.0,2,results/es_killfirst/ckpt_seed0_gen00200.npz,200,0,BT-v3,10021,0,0.0,0,0,1,timeout,120.19999999999531,0.0,22.5,0.0,120.19999999999531,0.0,0.05324459234608985,0.0,6757.724502662725
RL-s0-b200-a1.00,rl,1.0,2,results/es_killfirst/ckpt_seed0_gen00200.npz,200,0,BT-v3,10021,1,0.5,0,1,0,timeout,120.19999999999531,0.0,0.0,0.0,120.19999999999531,0.0,0.05366056572379368,0.0,
RL-s0-b200-a1.00,rl,1.0,2,results/es_killfirst/ckpt_seed0_gen00200.npz,200,0,BT-v3,10022,0,1.0,1,0,0,timeout,120.19999999999531,16.25,0.0,0.65,120.19999999999531,0.0,0.04326123128119801,0.0,7483.293884818933
RL-s0-b200-a1.00,rl,1.0,2,results/es_killfirst/ckpt_seed0_gen00200.npz,200,0,BT-v3,10022,1,1.0,1,0,0,gun_kill,119.24999999999537,100.0,0.0,3.999999999999994,119.24999999999537,0.0,0.03271812080536913,0.034395973154362415,
RL-s0-b200-a1.00,rl,1.0,2,results/es_killfirst/ckpt_seed0_gen00200.npz,200,0,BT-v3,10023,0,0.5,0,1,0,timeout,120.19999999999531,0.0,0.0,0.0,120.19999999999531,0.0,0.04159733777038269,0.022878535773710483,4715.25334208894
RL-s0-b200-a1.00,rl,1.0,2,results/es_killfirst/ckpt_seed0_gen00200.npz,200,0,BT-v3,10023,1,0.0,0,0,1,timeout,120.19999999999531,2.5,96.25,0.1,120.19999999999531,0.0,0.04409317803660566,0.0,
RL-s0-b200-a1.00,rl,1.0,2,results/es_killfirst/ckpt_seed0_gen00200.npz,200,0,BT-v3,10024,0,1.0,1,0,0,timeout,120.19999999999531,33.75,0.0,1.3500000000000005,120.19999999999531,0.0,0.03577371048252912,0.0,6587.826412794856
RL-s0-b200-a1.00,rl,1.0,2,results/es_killfirst/ckpt_seed0_gen00200.npz,200,0,BT-v3,10024,1,0.0,0,0,1,timeout,120.19999999999531,0.0,5.0,0.0,120.19999999999531,0.0,0.021214642262895173,0.005407653910149751,
RL-s0-b200-a1.00,rl,1.0,2,results/es_killfirst/ckpt_seed0_gen00200.npz,200,0,BT-v3,10025,0,0.0,0,0,1,timeout,120.19999999999531,6.25,95.0,0.25,120.19999999999531,0.0,0.03161397670549085,0.005823627287853577,7620.89834397843
RL-s0-b200-a1.00,rl,1.0,2,results/es_killfirst/ckpt_seed0_gen00200.npz,200,0,BT-v3,10025,1,1.0,1,0,0,timeout,120.19999999999531,22.5,0.0,0.9000000000000002,120.19999999999531,0.0,0.037853577371048254,0.0,
RL-s0-b200-a1.00,rl,1.0,2,results/es_killfirst/ckpt_seed0_gen00200.npz,200,0,BT-v3,10026,0,1.0,1,0,0,timeout,120.19999999999531,27.5,0.0,1.1000000000000003,120.19999999999531,0.0,0.06405990016638935,0.0024958402662229617,6404.147845709172
RL-s0-b200-a1.00,rl,1.0,2,results/es_killfirst/ckpt_seed0_gen00200.npz,200,0,BT-v3,10026,1,0.0,0,0,1,gun_kill,44.89999999999959,0.0,100.0,0.0,44.89999999999959,0.0,0.14620535714285715,0.0,
RL-s0-b200-a1.00,rl,1.0,2,results/es_killfirst/ckpt_seed0_gen00200.npz,200,0,BT-v3,10027,0,1.0,1,0,0,gun_kill,46.29999999999951,100.0,0.0,3.999999999999994,46.29999999999951,0.0,0.25865800865800864,0.0,4292.0916067676135
RL-s0-b200-a1.00,rl,1.0,2,results/es_killfirst/ckpt_seed0_gen00200.npz,200,0,BT-v3,10027,1,1.0,1,0,0,gun_kill,53.29999999999911,100.0,22.5,3.999999999999994,53.29999999999911,0.0,0.24154135338345864,0.006578947368421052,
RL-s0-b200-a1.00,rl,1.0,2,results/es_killfirst/ckpt_seed0_gen00200.npz,200,0,BT-v3,10028,0,0.0,0,0,1,timeout,120.19999999999531,0.0,16.25,0.0,120.19999999999531,0.0,0.0,0.0,4614.331055488283
RL-s0-b200-a1.00,rl,1.0,2,results/es_killfirst/ckpt_seed0_gen00200.npz,200,0,BT-v3,10028,1,1.0,1,0,0,gun_kill,101.0499999999964,100.0,0.0,3.999999999999994,101.0499999999964,0.0,0.0,0.03762376237623762,
RL-s0-b200-a1.00,rl,1.0,2,results/es_killfirst/ckpt_seed0_gen00200.npz,200,0,BT-v3,10029,0,0.0,0,0,1,gun_kill,87.0999999999972,0.0,100.0,0.0,87.0999999999972,0.0,0.0,0.0,7634.2435514672425
RL-s0-b200-a1.00,rl,1.0,2,results/es_killfirst/ckpt_seed0_gen00200.npz,200,0,BT-v3,10029,1,0.5,0,1,0,timeout,120.19999999999531,0.0,0.0,0.0,120.19999999999531,0.0,0.0,0.0,
RL-s0-b200-a1.00,rl,1.0,2,results/es_killfirst/ckpt_seed0_gen00200.npz,200,0,BT-v3,10030,0,1.0,1,0,0,timeout,120.19999999999531,28.75,8.75,1.1500000000000004,120.19999999999531,0.0,0.08236272878535773,0.033277870216306155,4003.4435153779327
RL-s0-b200-a1.00,rl,1.0,2,results/es_killfirst/ckpt_seed0_gen00200.npz,200,0,BT-v3,10030,1,0.5,0,1,0,timeout,120.19999999999531,0.0,0.0,0.0,120.19999999999531,0.0,0.07196339434276207,0.030782029950083195,
RL-s0-b200-a1.00,rl,1.0,2,results/es_killfirst/ckpt_seed0_gen00200.npz,200,0,BT-v3,10031,0,0.5,0,1,0,timeout,120.19999999999531,0.0,0.0,0.0,120.19999999999531,0.0,0.07113144758735442,0.0,4073.473822296539
RL-s0-b200-a1.00,rl,1.0,2,results/es_killfirst/ckpt_seed0_gen00200.npz,200,0,BT-v3,10031,1,1.0,1,0,0,gun_kill,118.89999999999539,100.0,0.0,3.999999999999994,118.89999999999539,0.0,0.07196969696969698,0.013468013468013467,
RL-s0-b200-a1.00,rl,1.0,2,results/es_killfirst/ckpt_seed0_gen00200.npz,200,0,BT-v3,10032,0,1.0,1,0,0,timeout,120.19999999999531,37.5,0.0,1.5000000000000007,120.19999999999531,0.0,0.018302828618968387,0.0,5901.4695517854225
RL-s0-b200-a1.00,rl,1.0,2,results/es_killfirst/ckpt_seed0_gen00200.npz,200,0,BT-v3,10032,1,1.0,1,0,0,timeout,120.19999999999531,20.0,0.0,0.8000000000000002,120.19999999999531,0.0,0.018718801996672214,0.0066555740432612314,
RL-s0-b200-a1.00,rl,1.0,2,results/es_killfirst/ckpt_seed0_gen00200.npz,200,0,BT-v3,10033,0,1.0,1,0,0,gun_kill,115.39999999999559,100.0,0.0,3.999999999999994,115.39999999999559,0.0,0.021701388888888888,0.03689236111111111,4722.516953208786
RL-s0-b200-a1.00,rl,1.0,2,results/es_killfirst/ckpt_seed0_gen00200.npz,200,0,BT-v3,10033,1,0.0,0,0,1,timeout,120.19999999999531,0.0,3.75,0.0,120.19999999999531,0.0,0.01913477537437604,0.004575707154742097,
RL-s0-b200-a1.00,rl,1.0,2,results/es_killfirst/ckpt_seed0_gen00200.npz,200,0,BT-v3,10034,0,1.0,1,0,0,timeout,120.19999999999531,15.0,0.0,0.6,120.19999999999531,0.0,0.019550748752079867,0.008319467554076539,6066.917711812268
RL-s0-b200-a1.00,rl,1.0,2,results/es_killfirst/ckpt_seed0_gen00200.npz,200,0,BT-v3,10034,1,1.0,1,0,0,timeout,120.19999999999531,70.0,0.0,2.799999999999998,120.19999999999531,0.0,0.01913477537437604,0.00956738768718802,
RL-s0-b200-a1.00,rl,1.0,2,results/es_killfirst/ckpt_seed0_gen00200.npz,200,0,BT-v3,10035,0,0.0,0,0,1,timeout,120.19999999999531,0.0,26.25,0.0,120.19999999999531,0.0,0.02038269550748752,0.004575707154742097,3935.222816152649
RL-s0-b200-a1.00,rl,1.0,2,results/es_killfirst/ckpt_seed0_gen00200.npz,200,0,BT-v3,10035,1,1.0,1,0,0,gun_kill,111.79999999999579,100.0,0.0,3.999999999999994,111.79999999999579,0.0,0.017025089605734768,0.036738351254480286,
RL-s0-b200-a1.00,rl,1.0,2,results/es_killfirst/ckpt_seed0_gen00200.npz,200,0,BT-v3,10036,0,0.5,0,1,0,collision,5.14999999999999,0.0,18.75,0.0,5.14999999999999,0.0,0.24,0.07,5889.379785838835
RL-s0-b200-a1.00,rl,1.0,2,results/es_killfirst/ckpt_seed0_gen00200.npz,200,0,BT-v3,10036,1,1.0,1,0,0,gun_kill,110.99999999999584,100.0,0.0,3.999999999999994,110.99999999999584,0.0,0.010379061371841155,0.04332129963898917,
RL-s0-b200-a1.00,rl,1.0,2,results/es_killfirst/ckpt_seed0_gen00200.npz,200,0,BT-v3,10037,0,0.5,0,1,0,timeout,120.19999999999531,0.0,0.0,0.0,120.19999999999531,0.0,0.07653910149750416,0.0,3788.9489316953036
RL-s0-b200-a1.00,rl,1.0,2,results/es_killfirst/ckpt_seed0_gen00200.npz,200,0,BT-v3,10037,1,1.0,1,0,0,gun_kill,64.94999999999845,100.0,7.5,3.999999999999994,64.94999999999845,0.0,0.18441358024691357,0.0,
RL-s0-b200-a1.00,rl,1.0,2,results/es_killfirst/ckpt_seed0_gen00200.npz,200,0,BT-v3,10038,0,1.0,1,0,0,timeout,120.19999999999531,90.0,0.0,3.599999999999995,120.19999999999531,0.0,0.020798668885191347,0.03826955074875208,4960.70724584346
RL-s0-b200-a1.00,rl,1.0,2,results/es_killfirst/ckpt_seed0_gen00200.npz,200,0,BT-v3,10038,1,1.0,1,0,0,timeout,120.19999999999531,13.75,0.0,0.5499999999999999,120.19999999999531,0.0,0.030782029950083195,0.0,
RL-s0-b200-a1.00,rl,1.0,2,results/es_killfirst/ckpt_seed0_gen00200.npz,200,0,BT-v3,10039,0,1.0,1,0,0,timeout,120.19999999999531,17.5,0.0,0.7000000000000001,120.19999999999531,0.0,0.01372712146422629,0.0,5859.416350125101
RL-s0-b200-a1.00,rl,1.0,2,results/es_killfirst/ckpt_seed0_gen00200.npz,200,0,BT-v3,10039,1,0.0,0,0,1,timeout,120.19999999999531,0.0,21.25,0.0,120.19999999999531,0.0,0.013311148086522463,0.006239600665557404,
RL-s0-b200-a1.00,rl,1.0,2,results/es_killfirst/ckpt_seed0_gen00200.npz,200,0,BT-v3,10040,0,0.0,0,0,1,timeout,120.19999999999531,0.0,23.75,0.0,120.19999999999531,0.0,0.0,0.0066555740432612314,4873.440552033833
RL-s0-b200-a1.00,rl,1.0,2,results/es_killfirst/ckpt_seed0_gen00200.npz,200,0,BT-v3,10040,1,1.0,1,0,0,gun_kill,104.29999999999622,100.0,0.0,3.999999999999994,104.29999999999622,0.0,0.0,0.036468330134357005,
RL-s0-b200-a1.00,rl,1.0,2,results/es_killfirst/ckpt_seed0_gen00200.npz,200,0,BT-v3,10041,0,1.0,1,0,0,gun_kill,114.64999999999563,100.0,0.0,3.999999999999994,114.64999999999563,0.0,0.02137870855148342,0.034031413612565446,3663.209544400542
RL-s0-b200-a1.00,rl,1.0,2,results/es_killfirst/ckpt_seed0_gen00200.npz,200,0,BT-v3,10041,1,0.5,0,1,0,timeout,120.19999999999531,0.0,0.0,0.0,120.19999999999531,0.0,0.015806988352745424,0.005823627287853577,
RL-s0-b200-a1.00,rl,1.0,2,results/es_killfirst/ckpt_seed0_gen00200.npz,200,0,BT-v3,10042,0,0.5,0,1,0,timeout,120.19999999999531,0.0,0.0,0.0,120.19999999999531,0.0,0.04617304492512479,0.004575707154742097,4825.640604070539
RL-s0-b200-a1.00,rl,1.0,2,results/es_killfirst/ckpt_seed0_gen00200.npz,200,0,BT-v3,10042,1,0.5,0,1,0,timeout,120.19999999999531,0.0,0.0,0.0,120.19999999999531,0.0,0.05366056572379368,0.004575707154742097,
RL-s0-b200-a1.00,rl,1.0,2,results/es_killfirst/ckpt_seed0_gen00200.npz,200,0,BT-v3,10043,0,1.0,1,0,0,timeout,120.19999999999531,23.75,0.0,0.9500000000000003,120.19999999999531,0.0,0.0,0.008735440931780365,5829.897746103149
RL-s0-b200-a1.00,rl,1.0,2,results/es_killfirst/ckpt_seed0_gen00200.npz,200,0,BT-v3,10043,1,1.0,1,0,0,timeout,120.19999999999531,6.25,0.0,0.25,120.19999999999531,0.0,0.0,0.024126455906821963,
RL-s0-b200-a1.00,rl,1.0,2,results/es_killfirst/ckpt_seed0_gen00200.npz,200,0,BT-v3,10044,0,1.0,1,0,0,gun_kill,119.99999999999532,100.0,0.0,3.999999999999994,119.99999999999532,0.0,0.0,0.035058430717863104,4478.568158765664
RL-s0-b200-a1.00,rl,1.0,2,results/es_killfirst/ckpt_seed0_gen00200.npz,200,0,BT-v3,10044,1,1.0,1,0,0,timeout,120.19999999999531,2.5,0.0,0.1,120.19999999999531,0.0,0.0,0.005823627287853577,
RL-s0-b200-a1.00,rl,1.0,2,results/es_killfirst/ckpt_seed0_gen00200.npz,200,0,BT-v3,10045,0,0.0,0,0,1,gun_kill,106.89999999999607,0.0,100.0,0.0,106.89999999999607,0.0,0.046348314606741575,0.0,7599.512773584088
RL-s0-b200-a1.00,rl,1.0,2,results/es_killfirst/ckpt_seed0_gen00200.npz,200,0,BT-v3,10045,1,1.0,1,0,0,timeout,120.19999999999531,18.75,0.0,0.7500000000000001,120.19999999999531,0.0,0.025790349417637273,0.00041597337770382697,
RL-s0-b200-a1.00,rl,1.0,2,results/es_killfirst/ckpt_seed0_gen00200.npz,200,0,BT-v3,10046,0,1.0,1,0,0,timeout,120.19999999999531,57.5,0.0,2.3,120.19999999999531,0.0,0.15141430948419302,0.0,3492.7543888970085
RL-s0-b200-a1.00,rl,1.0,2,results/es_killfirst/ckpt_seed0_gen00200.npz,200,0,BT-v3,10046,1,1.0,1,0,0,timeout,120.19999999999531,21.25,0.0,0.8500000000000002,120.19999999999531,0.0,0.14725457570715475,0.0,
RL-s0-b200-a1.00,rl,1.0,2,results/es_killfirst/ckpt_seed0_gen00200.npz,200,0,BT-v3,10047,0,1.0,1,0,0,timeout,120.19999999999531,8.75,0.0,0.35,120.19999999999531,0.0,0.008319467554076539,0.0037437603993344427,5823.979273967498
RL-s0-b200-a1.00,rl,1.0,2,results/es_killfirst/ckpt_seed0_gen00200.npz,200,0,BT-v3,10047,1,1.0,1,0,0,timeout,120.19999999999531,10.0,0.0,0.39999999999999997,120.19999999999531,0.0,0.009151414309484194,0.007903494176372712,
RL-s0-b200-a1.00,rl,1.0,2,results/es_killfirst/ckpt_seed0_gen00200.npz,200,0,BT-v3,10048,0,0.5,0,1,0,timeout,120.19999999999531,0.0,0.0,0.0,120.19999999999531,0.0,0.02870216306156406,0.0,5807.083357488807
RL-s0-b200-a1.00,rl,1.0,2,results/es_killfirst/ckpt_seed0_gen00200.npz,200,0,BT-v3,10048,1,1.0,1,0,0,timeout,120.19999999999531,22.5,0.0,0.9000000000000002,120.19999999999531,0.0,0.01913477537437604,0.0,
RL-s0-b200-a1.00,rl,1.0,2,results/es_killfirst/ckpt_seed0_gen00200.npz,200,0,BT-v3,10049,0,1.0,1,0,0,timeout,120.19999999999531,38.75,6.25,1.5500000000000007,120.19999999999531,0.0,0.03743760399334443,0.030782029950083195,4819.488171538278
RL-s0-b200-a1.00,rl,1.0,2,results/es_killfirst/ckpt_seed0_gen00200.npz,200,0,BT-v3,10049,1,1.0,1,0,0,timeout,120.19999999999531,16.25,0.0,0.65,120.19999999999531,0.0,0.06198003327787022,0.0,
RL-s0-b200-a1.00,rl,1.0,2,results/es_killfirst/ckpt_seed0_gen00200.npz,200,0,BT-v3,10050,0,1.0,1,0,0,gun_kill,100.49999999999643,100.0,0.0,3.999999999999994,100.49999999999643,0.0,0.03187250996015936,0.03884462151394422,4085.7412051362508
RL-s0-b200-a1.00,rl,1.0,2,results/es_killfirst/ckpt_seed0_gen00200.npz,200,0,BT-v3,10050,1,0.0,0,0,1,gun_kill,115.0499999999956,0.0,100.0,0.0,115.0499999999956,0.0,0.03130434782608696,0.0026086956521739132,
RL-s0-b200-a1.00,rl,1.0,2,results/es_killfirst/ckpt_seed0_gen00200.npz,200,0,BT-v3,10051,0,0.0,0,0,1,timeout,120.19999999999531,0.0,90.0,0.0,120.19999999999531,0.0,0.06198003327787022,0.0012479201331114808,6784.302245779161
RL-s0-b200-a1.00,rl,1.0,2,results/es_killfirst/ckpt_seed0_gen00200.npz,200,0,BT-v3,10051,1,1.0,1,0,0,timeout,120.19999999999531,25.0,0.0,1.0000000000000002,120.19999999999531,0.0,0.08153078202995008,0.005407653910149751,
RL-s0-b200-a1.00,rl,1.0,2,results/es_killfirst/ckpt_seed0_gen00200.npz,200,0,BT-v3,10052,0,1.0,1,0,0,timeout,120.19999999999531,8.75,0.0,0.35,120.19999999999531,0.0,0.023710482529118136,0.004159733777038269,6894.27039331366
RL-s0-b200-a1.00,rl,1.0,2,results/es_killfirst/ckpt_seed0_gen00200.npz,200,0,BT-v3,10052,1,1.0,1,0,0,timeout,120.19999999999531,41.25,0.0,1.6500000000000008,120.19999999999531,0.0,0.03161397670549085,0.03161397670549085,
RL-s0-b200-a1.00,rl,1.0,2,results/es_killfirst/ckpt_seed0_gen00200.npz,200,0,BT-v3,10053,0,0.0,0,0,1,gun_kill,114.69999999999563,23.75,100.0,0.9500000000000003,114.69999999999563,0.0,0.0,0.0,7168.693942729693
RL-s0-b200-a1.00,rl,1.0,2,results/es_killfirst/ckpt_seed0_gen00200.npz,200,0,BT-v3,10053,1,0.0,0,0,1,timeout,120.19999999999531,0.0,86.25,0.0,120.19999999999531,0.0,0.0,0.007071547420965058,
RL-s0-b200-a1.00,rl,1.0,2,results/es_killfirst/ckpt_seed0_gen00200.npz,200,0,BT-v3,10054,0,1.0,1,0,0,timeout,120.19999999999531,25.0,0.0,1.0000000000000002,120.19999999999531,0.0,0.0,0.006239600665557404,5836.59798037018
RL-s0-b200-a1.00,rl,1.0,2,results/es_killfirst/ckpt_seed0_gen00200.npz,200,0,BT-v3,10054,1,0.5,0,1,0,timeout,120.19999999999531,0.0,0.0,0.0,120.19999999999531,0.0,0.0,0.005823627287853577,
RL-s0-b200-a1.00,rl,1.0,2,results/es_killfirst/ckpt_seed0_gen00200.npz,200,0,BT-v3,10055,0,1.0,1,0,0,gun_kill,113.24999999999571,100.0,0.0,3.999999999999994,113.24999999999571,0.0,0.003975265017667844,0.03975265017667844,3632.10585498416
RL-s0-b200-a1.00,rl,1.0,2,results/es_killfirst/ckpt_seed0_gen00200.npz,200,0,BT-v3,10055,1,1.0,1,0,0,timeout,120.19999999999531,98.75,3.75,3.949999999999994,120.19999999999531,0.0,0.005407653910149751,0.029534109816971715,
RL-s0-b200-a1.00,rl,1.0,2,results/es_killfirst/ckpt_seed0_gen00200.npz,200,0,BT-v3,10056,0,1.0,1,0,0,timeout,120.19999999999531,6.25,0.0,0.25,120.19999999999531,0.0,0.057820299500831944,0.004575707154742097,6265.181531750234
RL-s0-b200-a1.00,rl,1.0,2,results/es_killfirst/ckpt_seed0_gen00200.npz,200,0,BT-v3,10056,1,1.0,1,0,0,timeout,120.19999999999531,82.5,7.5,3.2999999999999963,120.19999999999531,0.0,0.061148086522462564,0.03951747088186356,
RL-s0-b200-a1.00,rl,1.0,2,results/es_killfirst/ckpt_seed0_gen00200.npz,200,0,BT-v3,10057,0,1.0,1,0,0,timeout,120.19999999999531,10.0,0.0,0.39999999999999997,120.19999999999531,0.0,0.0,0.004991680532445923,6871.33519341844
RL-s0-b200-a1.00,rl,1.0,2,results/es_killfirst/ckpt_seed0_gen00200.npz,200,0,BT-v3,10057,1,0.0,0,0,1,timeout,120.19999999999531,0.0,8.75,0.0,120.19999999999531,0.0,0.0,0.0,
RL-s0-b200-a1.00,rl,1.0,2,results/es_killfirst/ckpt_seed0_gen00200.npz,200,0,BT-v3,10058,0,1.0,1,0,0,timeout,120.19999999999531,17.5,0.0,0.7000000000000001,120.19999999999531,0.0,0.03369384359400998,0.0,6043.227032357118
RL-s0-b200-a1.00,rl,1.0,2,results/es_killfirst/ckpt_seed0_gen00200.npz,200,0,BT-v3,10058,1,0.5,0,1,0,timeout,120.19999999999531,0.0,0.0,0.0,120.19999999999531,0.0,0.027870216306156406,0.0,
RL-s0-b200-a1.00,rl,1.0,2,results/es_killfirst/ckpt_seed0_gen00200.npz,200,0,BT-v3,10059,0,0.0,0,0,1,gun_kill,115.1999999999956,0.0,100.0,0.0,115.1999999999956,0.0,0.0026086956521739132,0.0,8014.315756936174
RL-s0-b200-a1.00,rl,1.0,2,results/es_killfirst/ckpt_seed0_gen00200.npz,200,0,BT-v3,10059,1,0.0,0,0,1,gun_kill,114.54999999999563,0.0,100.0,0.0,114.54999999999563,0.0,0.0026223776223776225,0.0,
RL-s0-b200-a1.00,rl,1.0,2,results/es_killfirst/ckpt_seed0_gen00200.npz,200,0,BT-v3,10060,0,1.0,1,0,0,timeout,120.19999999999531,2.5,0.0,0.1,120.19999999999531,0.0,0.039101497504159734,0.0024958402662229617,7447.886813207362
RL-s0-b200-a1.00,rl,1.0,2,results/es_killfirst/ckpt_seed0_gen00200.npz,200,0,BT-v3,10060,1,0.0,0,0,1,timeout,120.19999999999531,0.0,1.25,0.0,120.19999999999531,0.0,0.027038269550748752,0.0037437603993344427,
RL-s0-b200-a1.00,rl,1.0,2,results/es_killfirst/ckpt_seed0_gen00200.npz,200,0,BT-v3,10061,0,0.5,0,1,0,timeout,120.19999999999531,0.0,0.0,0.0,120.19999999999531,0.0,0.05490848585690516,0.004991680532445923,6533.254164854028
RL-s0-b200-a1.00,rl,1.0,2,results/es_killfirst/ckpt_seed0_gen00200.npz,200,0,BT-v3,10061,1,1.0,1,0,0,timeout,120.19999999999531,5.0,0.0,0.2,120.19999999999531,0.0,0.030782029950083195,0.024126455906821963,
RL-s0-b200-a1.00,rl,1.0,2,results/es_killfirst/ckpt_seed0_gen00200.npz,200,0,BT-v3,10062,0,1.0,1,0,0,gun_kill,115.49999999999558,100.0,10.0,3.999999999999994,115.49999999999558,0.0,0.08102253032928942,0.03422876949740035,4538.123668349982
RL-s0-b200-a1.00,rl,1.0,2,results/es_killfirst/ckpt_seed0_gen00200.npz,200,0,BT-v3,10062,1,1.0,1,0,0,timeout,120.19999999999531,23.75,0.0,0.9500000000000003,120.19999999999531,0.0,0.052828618968386025,0.0016638935108153079,
RL-s0-b200-a1.00,rl,1.0,2,results/es_killfirst/ckpt_seed0_gen00200.npz,200,0,BT-v3,10063,0,1.0,1,0,0,gun_kill,109.19999999999594,100.0,6.25,3.999999999999994,109.19999999999594,0.0,0.026605504587155965,0.03486238532110092,3560.7167934232743
RL-s0-b200-a1.00,rl,1.0,2,results/es_killfirst/ckpt_seed0_gen00200.npz,200,0,BT-v3,10063,1,0.5,0,1,0,timeout,120.19999999999531,0.0,0.0,0.0,120.19999999999531,0.0,0.027038269550748752,0.0033277870216306157,
RL-s0-b200-a1.00,rl,1.0,2,results/es_killfirst/ckpt_seed0_gen00200.npz,200,0,BT-v3,10064,0,0.5,0,1,0,timeout,120.19999999999531,0.0,0.0,0.0,120.19999999999531,0.0,0.01913477537437604,0.007071547420965058,6964.27932198881
RL-s0-b200-a1.00,rl,1.0,2,results/es_killfirst/ckpt_seed0_gen00200.npz,200,0,BT-v3,10064,1,1.0,1,0,0,timeout,120.19999999999531,11.25,0.0,0.44999999999999996,120.19999999999531,0.0,0.015391014975041598,0.0,
RL-s0-b200-a1.00,rl,1.0,2,results/es_killfirst/ckpt_seed0_gen00200.npz,200,0,BT-v3,10065,0,1.0,1,0,0,timeout,120.19999999999531,52.5,0.0,2.1000000000000005,120.19999999999531,0.0,0.034525790349417634,0.027038269550748752,3663.3779531656587
RL-s0-b200-a1.00,rl,1.0,2,results/es_killfirst/ckpt_seed0_gen00200.npz,200,0,BT-v3,10065,1,0.0,0,0,1,timeout,120.19999999999531,0.0,11.25,0.0,120.19999999999531,0.0,0.029118136439267885,0.005823627287853577,
RL-s0-b200-a1.00,rl,1.0,2,results/es_killfirst/ckpt_seed0_gen00200.npz,200,0,BT-v3,10066,0,0.0,0,0,1,timeout,120.19999999999531,0.0,40.0,0.0,120.19999999999531,0.0,0.028286189683860232,0.012063227953410981,6931.319094144291
RL-s0-b200-a1.00,rl,1.0,2,results/es_killfirst/ckpt_seed0_gen00200.npz,200,0,BT-v3,10066,1,1.0,1,0,0,timeout,120.19999999999531,8.75,0.0,0.35,120.19999999999531,0.0,0.04284525790349417,0.0,
RL-s0-b200-a1.00,rl,1.0,2,results/es_killfirst/ckpt_seed0_gen00200.npz,200,0,BT-v3,10067,0,1.0,1,0,0,gun_kill,103.19999999999628,100.0,0.0,3.999999999999994,103.19999999999628,0.0,0.018932038834951457,0.0354368932038835,4547.20921190534
RL-s0-b200-a1.00,rl,1.0,2,results/es_killfirst/ckpt_seed0_gen00200.npz,200,0,BT-v3,10067,1,1.0,1,0,0,timeout,120.19999999999531,5.0,0.0,0.2,120.19999999999531,0.0,0.01788685524126456,0.0,
RL-s0-b200-a1.00,rl,1.0,2,results/es_killfirst/ckpt_seed0_gen00200.npz,200,0,BT-v3,10068,0,1.0,1,0,0,timeout,120.19999999999531,20.0,0.0,0.8000000000000002,120.19999999999531,0.0,0.03951747088186356,0.0,6302.7310448916705
RL-s0-b200-a1.00,rl,1.0,2,results/es_killfirst/ckpt_seed0_gen00200.npz,200,0,BT-v3,10068,1,1.0,1,0,0,timeout,120.19999999999531,16.25,0.0,0.65,120.19999999999531,0.0,0.023710482529118136,0.0029118136439267887,
RL-s0-b200-a1.00,rl,1.0,2,results/es_killfirst/ckpt_seed0_gen00200.npz,200,0,BT-v3,10069,0,0.0,0,0,1,gun_kill,118.24999999999542,10.0,100.0,0.39999999999999997,118.24999999999542,0.0,0.01015228426395939,0.0012690355329949238,6454.742259205339
RL-s0-b200-a1.00,rl,1.0,2,results/es_killfirst/ckpt_seed0_gen00200.npz,200,0,BT-v3,10069,1,1.0,1,0,0,timeout,120.19999999999531,23.75,0.0,0.9500000000000003,120.19999999999531,0.0,0.0066555740432612314,0.0,
RL-s0-b200-a1.00,rl,1.0,2,results/es_killfirst/ckpt_seed0_gen00200.npz,200,0,BT-v3,10070,0,1.0,1,0,0,gun_kill,117.64999999999546,100.0,0.0,3.999999999999994,117.64999999999546,0.0,0.011904761904761904,0.03486394557823129,4970.418303950088
RL-s0-b200-a1.00,rl,1.0,2,results/es_killfirst/ckpt_seed0_gen00200.npz,200,0,BT-v3,10070,1,0.0,0,0,1,timeout,120.19999999999531,0.0,6.25,0.0,120.19999999999531,0.0,0.01372712146422629,0.004575707154742097,
RL-s0-b200-a1.00,rl,1.0,2,results/es_killfirst/ckpt_seed0_gen00200.npz,200,0,BT-v3,10071,0,0.0,0,0,1,gun_kill,113.4499999999957,7.5,100.0,0.3,113.4499999999957,0.0,0.0,0.005291005291005291,7334.732935505553
RL-s0-b200-a1.00,rl,1.0,2,results/es_killfirst/ckpt_seed0_gen00200.npz,200,0,BT-v3,10071,1,1.0,1,0,0,timeout,120.19999999999531,3.75,0.0,0.15000000000000002,120.19999999999531,0.0,0.0,0.0029118136439267887,
RL-s0-b200-a1.00,rl,1.0,2,results/es_killfirst/ckpt_seed0_gen00200.npz,200,0,BT-v3,10072,0,0.0,0,0,1,timeout,120.19999999999531,0.0,61.25,0.0,120.19999999999531,0.0,0.0,0.013311148086522463,5279.094785636109
RL-s0-b200-a1.00,rl,1.0,2,results/es_killfirst/ckpt_seed0_gen00200.npz,200,0,BT-v3,10072,1,1.0,1,0,0,timeout,120.19999999999531,10.0,0.0,0.39999999999999997,120.19999999999531,0.0,0.0,0.0033277870216306157,
RL-s0-b200-a1.00,rl,1.0,2,results/es_killfirst/ckpt_seed0_gen00200.npz,200,0,BT-v3,10073,0,0.0,0,0,1,timeout,120.19999999999531,0.0,6.25,0.0,120.19999999999531,0.0,0.035357737104825294,0.004159733777038269,6700.599398751045
RL-s0-b200-a1.00,rl,1.0,2,results/es_killfirst/ckpt_seed0_gen00200.npz,200,0,BT-v3,10073,1,1.0,1,0,0,timeout,120.19999999999531,22.5,0.0,0.9000000000000002,120.19999999999531,0.0,0.03868552412645591,0.0,
RL-s0-b200-a1.00,rl,1.0,2,results/es_killfirst/ckpt_seed0_gen00200.npz,200,0,BT-v3,10074,0,1.0,1,0,0,timeout,120.19999999999531,76.25,0.0,3.049999999999997,120.19999999999531,0.0,0.032029950083194675,0.024126455906821963,5394.579098126063
RL-s0-b200-a1.00,rl,1.0,2,results/es_killfirst/ckpt_seed0_gen00200.npz,200,0,BT-v3,10074,1,0.0,0,0,1,gun_kill,102.64999999999631,0.0,100.0,0.0,102.64999999999631,0.0,0.060916179337231965,0.0,
RL-s0-b200-a1.00,rl,1.0,2,results/es_killfirst/ckpt_seed0_gen00200.npz,200,0,BT-v3,10075,0,1.0,1,0,0,timeout,120.19999999999531,18.75,0.0,0.7500000000000001,120.19999999999531,0.0,0.02454242928452579,0.004575707154742097,7565.444755195347
RL-s0-b200-a1.00,rl,1.0,2,results/es_killfirst/ckpt_seed0_gen00200.npz,200,0,BT-v3,10075,1,0.0,0,0,1,gun_kill,109.8999999999959,0.0,100.0,0.0,109.8999999999959,0.0,0.018214936247723135,0.004553734061930784,
RL-s0-b200-a1.00,rl,1.0,2,results/es_killfirst/ckpt_seed0_gen00200.npz,200,0,BT-v3,10076,0,1.0,1,0,0,timeout,120.19999999999531,95.0,0.0,3.7999999999999945,120.19999999999531,0.0,0.024958402662229616,0.03494176372712146,4656.872439016998
RL-s0-b200-a1.00,rl,1.0,2,results/es_killfirst/ckpt_seed0_gen00200.npz,200,0,BT-v3,10076,1,0.5,0,1,0,timeout,120.19999999999531,0.0,0.0,0.0,120.19999999999531,0.0,0.01788685524126456,0.0037437603993344427,
RL-s0-b200-a1.00,rl,1.0,2,results/es_killfirst/ckpt_seed0_gen00200.npz,200,0,BT-v3,10077,0,1.0,1,0,0,timeout,120.19999999999531,8.75,0.0,0.35,120.19999999999531,0.0,0.014559068219633943,0.0033277870216306157,6369.973138705405
RL-s0-b200-a1.00,rl,1.0,2,results/es_killfirst/ckpt_seed0_gen00200.npz,200,0,BT-v3,10077,1,0.5,0,1,0,timeout,120.19999999999531,0.0,0.0,0.0,120.19999999999531,0.0,0.02038269550748752,0.004575707154742097,
RL-s0-b200-a1.00,rl,1.0,2,results/es_killfirst/ckpt_seed0_gen00200.npz,200,0,BT-v3,10078,0,1.0,1,0,0,timeout,120.19999999999531,12.5,0.0,0.49999999999999994,120.19999999999531,0.0,0.0262063227953411,0.004575707154742097,6681.599733793329
RL-s0-b200-a1.00,rl,1.0,2,results/es_killfirst/ckpt_seed0_gen00200.npz,200,0,BT-v3,10078,1,0.0,0,0,1,timeout,120.19999999999531,0.0,90.0,0.0,120.19999999999531,0.0,0.04159733777038269,0.004159733777038269,
RL-s0-b200-a1.00,rl,1.0,2,results/es_killfirst/ckpt_seed0_gen00200.npz,200,0,BT-v3,10079,0,1.0,1,0,0,timeout,120.19999999999531,17.5,0.0,0.7000000000000001,120.19999999999531,0.0,0.0,0.0,6948.349699782045
RL-s0-b200-a1.00,rl,1.0,2,results/es_killfirst/ckpt_seed0_gen00200.npz,200,0,BT-v3,10079,1,0.5,0,1,0,collision,28.150000000000265,0.0,0.0,0.0,28.150000000000265,0.0,0.0,0.01607142857142857,
RL-s0-b200-a1.00,rl,1.0,2,results/es_killfirst/ckpt_seed0_gen00200.npz,200,0,BT-v3,10080,0,0.5,0,1,0,timeout,120.19999999999531,0.0,0.0,0.0,120.19999999999531,0.0,0.016638935108153077,0.0,3982.553637433924
RL-s0-b200-a1.00,rl,1.0,2,results/es_killfirst/ckpt_seed0_gen00200.npz,200,0,BT-v3,10080,1,1.0,1,0,0,gun_kill,114.59999999999563,100.0,0.0,3.999999999999994,114.59999999999563,0.0,0.01791958041958042,0.04283216783216783,
RL-s0-b200-a1.00,rl,1.0,2,results/es_killfirst/ckpt_seed0_gen00200.npz,200,0,BT-v3,10081,0,1.0,1,0,0,timeout,120.19999999999531,13.75,0.0,0.5499999999999999,120.19999999999531,0.0,0.0,0.0,6640.115877128566
RL-s0-b200-a1.00,rl,1.0,2,results/es_killfirst/ckpt_seed0_gen00200.npz,200,0,BT-v3,10081,1,1.0,1,0,0,timeout,120.19999999999531,2.5,0.0,0.1,120.19999999999531,0.0,0.0,0.0074875207986688855,
RL-s0-b200-a1.00,rl,1.0,2,results/es_killfirst/ckpt_seed0_gen00200.npz,200,0,BT-v3,10082,0,0.0,0,0,1,timeout,120.19999999999531,0.0,15.0,0.0,120.19999999999531,0.0,0.014559068219633943,0.005407653910149751,6960.342636959163
RL-s0-b200-a1.00,rl,1.0,2,results/es_killfirst/ckpt_seed0_gen00200.npz,200,0,BT-v3,10082,1,1.0,1,0,0,timeout,120.19999999999531,35.0,0.0,1.4000000000000006,120.19999999999531,0.0,0.014559068219633943,0.004991680532445923,
RL-s0-b200-a1.00,rl,1.0,2,results/es_killfirst/ckpt_seed0_gen00200.npz,200,0,BT-v3,10083,0,1.0,1,0,0,gun_kill,117.29999999999548,100.0,0.0,3.999999999999994,117.29999999999548,0.0,0.05460750853242321,0.025170648464163822,4797.7247591718515
RL-s0-b200-a1.00,rl,1.0,2,results/es_killfirst/ckpt_seed0_gen00200.npz,200,0,BT-v3,10083,1,1.0,1,0,0,gun_kill,114.84999999999562,100.0,0.0,3.999999999999994,114.84999999999562,0.0,0.05444250871080139,0.036585365853658534,
RL-s0-b200-a1.00,rl,1.0,2,results/es_killfirst/ckpt_seed0_gen00200.npz,200,0,BT-v3,10084,0,0.5,0,1,0,timeout,120.19999999999531,0.0,0.0,0.0,120.19999999999531,0.0,0.0,0.0037437603993344427,7550.158888739442
RL-s0-b200-a1.00,rl,1.0,2,results/es_killfirst/ckpt_seed0_gen00200.npz,200,0,BT-v3,10084,1,1.0,1,0,0,gun_kill,119.24999999999537,100.0,0.0,3.999999999999994,119.24999999999537,0.0,0.0,0.03313758389261745,
RL-s0-b200-a1.00,rl,1.0,2,results/es_killfirst/ckpt_seed0_gen00200.npz,200,0,BT-v3,10085,0,0.5,0,1,0,timeout,120.19999999999531,0.0,0.0,0.0,120.19999999999531,0.0,0.0,0.007903494176372712,4958.049293205136
RL-s0-b200-a1.00,rl,1.0,2,results/es_killfirst/ckpt_seed0_gen00200.npz,200,0,BT-v3,10085,1,1.0,1,0,0,gun_kill,18.300000000000125,100.0,0.0,3.999999999999994,18.300000000000125,0.0,0.0,0.0,
RL-s0-b200-a1.00,rl,1.0,2,results/es_killfirst/ckpt_seed0_gen00200.npz,200,0,BT-v3,10086,0,0.0,0,0,1,timeout,120.19999999999531,20.0,43.75,0.8000000000000002,120.19999999999531,0.0,0.0,0.004991680532445923,6290.064412344943
RL-s0-b200-a1.00,rl,1.0,2,results/es_killfirst/ckpt_seed0_gen00200.npz,200,0,BT-v3,10086,1,0.0,0,0,1,gun_kill,105.99999999999612,0.0,100.0,0.0,105.99999999999612,0.0,0.0,0.0,
RL-s0-b200-a1.00,rl,1.0,2,results/es_killfirst/ckpt_seed0_gen00200.npz,200,0,BT-v3,10087,0,0.5,0,1,0,collision,3.999999999999994,1.25,0.0,0.05,3.999999999999994,0.0,0.8947368421052632,0.07894736842105263,6500.670395038562
RL-s0-b200-a1.00,rl,1.0,2,results/es_killfirst/ckpt_seed0_gen00200.npz,200,0,BT-v3,10087,1,1.0,1,0,0,timeout,120.19999999999531,90.0,0.0,3.599999999999995,120.19999999999531,0.0,0.048252911813643926,0.04201331114808652,
RL-s0-b200-a1.00,rl,1.0,2,results/es_killfirst/ckpt_seed0_gen00200.npz,200,0,BT-v3,10088,0,1.0,1,0,0,timeout,120.19999999999531,78.75,0.0,3.149999999999997,120.19999999999531,0.0,0.0,0.034525790349417634,3996.7981574650826
RL-s0-b200-a1.00,rl,1.0,2,results/es_killfirst/ckpt_seed0_gen00200.npz,200,0,BT-v3,10088,1,1.0,1,0,0,timeout,120.19999999999531,66.25,0.0,2.6499999999999986,120.19999999999531,0.0,0.0,0.039101497504159734,
RL-s0-b200-a1.00,rl,1.0,2,results/es_killfirst/ckpt_seed0_gen00200.npz,200,0,BT-v3,10089,0,1.0,1,0,0,timeout,120.19999999999531,5.0,0.0,0.2,120.19999999999531,0.0,0.0,0.0,6494.758275393693
RL-s0-b200-a1.00,rl,1.0,2,results/es_killfirst/ckpt_seed0_gen00200.npz,200,0,BT-v3,10089,1,1.0,1,0,0,timeout,120.19999999999531,17.5,0.0,0.7000000000000001,120.19999999999531,0.0,0.0,0.02038269550748752,
RL-s0-b200-a1.00,rl,1.0,2,results/es_killfirst/ckpt_seed0_gen00200.npz,200,0,BT-v3,10090,0,0.5,0,1,0,timeout,120.19999999999531,0.0,0.0,0.0,120.19999999999531,0.0,0.015391014975041598,0.0,5930.087415893177
RL-s0-b200-a1.00,rl,1.0,2,results/es_killfirst/ckpt_seed0_gen00200.npz,200,0,BT-v3,10090,1,1.0,1,0,0,gun_kill,105.54999999999615,100.0,0.0,3.999999999999994,105.54999999999615,0.0,0.013282732447817837,0.028937381404174574,
RL-s0-b200-a1.00,rl,1.0,2,results/es_killfirst/ckpt_seed0_gen00200.npz,200,0,BT-v3,10091,0,1.0,1,0,0,timeout,120.19999999999531,91.25,0.0,3.649999999999995,120.19999999999531,0.0,0.07445923460898503,0.016638935108153077,3612.223348201968
RL-s0-b200-a1.00,rl,1.0,2,results/es_killfirst/ckpt_seed0_gen00200.npz,200,0,BT-v3,10091,1,1.0,1,0,0,gun_kill,71.0999999999981,100.0,2.5,3.999999999999994,71.0999999999981,0.0,0.12253521126760564,0.005633802816901409,
RL-s0-b200-a1.00,rl,1.0,2,results/es_killfirst/ckpt_seed0_gen00200.npz,200,0,BT-v3,10092,0,1.0,1,0,0,gun_kill,119.04999999999538,100.0,6.25,3.999999999999994,119.04999999999538,0.0,0.0,0.03907563025210084,4899.814508498185
RL-s0-b200-a1.00,rl,1.0,2,results/es_killfirst/ckpt_seed0_gen00200.npz,200,0,BT-v3,10092,1,0.5,0,1,0,timeout,120.19999999999531,0.0,0.0,0.0,120.19999999999531,0.0,0.0,0.005823627287853577,
RL-s0-b200-a1.00,rl,1.0,2,results/es_killfirst/ckpt_seed0_gen00200.npz,200,0,BT-v3,10093,0,1.0,1,0,0,timeout,120.19999999999531,33.75,0.0,1.3500000000000005,120.19999999999531,0.0,0.0,0.005823627287853577,6926.325918009737
RL-s0-b200-a1.00,rl,1.0,2,results/es_killfirst/ckpt_seed0_gen00200.npz,200,0,BT-v3,10093,1,0.0,0,0,1,timeout,120.19999999999531,0.0,17.5,0.0,120.19999999999531,0.0,0.0,0.005407653910149751,
RL-s0-b200-a1.00,rl,1.0,2,results/es_killfirst/ckpt_seed0_gen00200.npz,200,0,BT-v3,10094,0,0.5,0,1,0,timeout,120.19999999999531,0.0,0.0,0.0,120.19999999999531,0.0,0.05615640599001664,0.0,3658.682601559325
RL-s0-b200-a1.00,rl,1.0,2,results/es_killfirst/ckpt_seed0_gen00200.npz,200,0,BT-v3,10094,1,1.0,1,0,0,gun_kill,116.29999999999553,100.0,0.0,3.999999999999994,116.29999999999553,0.0,0.06196213425129088,0.019793459552495698,
RL-s0-b200-a1.00,rl,1.0,2,results/es_killfirst/ckpt_seed0_gen00200.npz,200,0,BT-v3,10095,0,0.5,0,1,0,timeout,120.19999999999531,0.0,0.0,0.0,120.19999999999531,0.0,0.0,0.004159733777038269,6905.497550304566
RL-s0-b200-a1.00,rl,1.0,2,results/es_killfirst/ckpt_seed0_gen00200.npz,200,0,BT-v3,10095,1,1.0,1,0,0,gun_kill,109.09999999999594,100.0,0.0,3.999999999999994,109.09999999999594,0.0,0.0,0.034403669724770644,
RL-s0-b200-a1.00,rl,1.0,2,results/es_killfirst/ckpt_seed0_gen00200.npz,200,0,BT-v3,10096,0,0.0,0,0,1,timeout,120.19999999999531,0.0,1.25,0.0,120.19999999999531,0.0,0.06073211314475874,0.0,4512.523819294812
RL-s0-b200-a1.00,rl,1.0,2,results/es_killfirst/ckpt_seed0_gen00200.npz,200,0,BT-v3,10096,1,1.0,1,0,0,timeout,120.19999999999531,18.75,0.0,0.7500000000000001,120.19999999999531,0.0,0.0324459234608985,0.0,
RL-s0-b200-a1.00,rl,1.0,2,results/es_killfirst/ckpt_seed0_gen00200.npz,200,0,BT-v3,10097,0,0.5,0,1,0,timeout,120.19999999999531,0.0,0.0,0.0,120.19999999999531,0.0,0.05199667221297837,0.0,4750.696589778214
RL-s0-b200-a1.00,rl,1.0,2,results/es_killfirst/ckpt_seed0_gen00200.npz,200,0,BT-v3,10097,1,0.0,0,0,1,timeout,120.19999999999531,0.0,11.25,0.0,120.19999999999531,0.0,0.06697171381031614,0.0,
RL-s0-b200-a1.00,rl,1.0,2,results/es_killfirst/ckpt_seed0_gen00200.npz,200,0,BT-v3,10098,0,1.0,1,0,0,timeout,120.19999999999531,38.75,0.0,1.5500000000000007,120.19999999999531,0.0,0.014975041597337771,0.005407653910149751,5931.067218277046
RL-s0-b200-a1.00,rl,1.0,2,results/es_killfirst/ckpt_seed0_gen00200.npz,200,0,BT-v3,10098,1,1.0,1,0,0,timeout,120.19999999999531,16.25,0.0,0.65,120.19999999999531,0.0,0.014975041597337771,0.011231281198003328,
RL-s0-b200-a1.00,rl,1.0,2,results/es_killfirst/ckpt_seed0_gen00200.npz,200,0,BT-v3,10099,0,1.0,1,0,0,timeout,120.19999999999531,21.25,0.0,0.8500000000000002,120.19999999999531,0.0,0.0,0.008319467554076539,5662.129533735086
RL-s0-b200-a1.00,rl,1.0,2,results/es_killfirst/ckpt_seed0_gen00200.npz,200,0,BT-v3,10099,1,0.5,0,1,0,timeout,120.19999999999531,0.0,0.0,0.0,120.19999999999531,0.0,0.0,0.005823627287853577,
RL-s1-b200-a1.00,rl,1.0,2,results/es_killfirst/ckpt_seed1_gen00200.npz,200,1,BT-v2,10000,0,1.0,1,0,0,timeout,120.19999999999531,20.0,0.0,0.8000000000000002,120.19999999999531,0.0,0.03161397670549085,0.0033277870216306157,5755.142347104897
RL-s1-b200-a1.00,rl,1.0,2,results/es_killfirst/ckpt_seed1_gen00200.npz,200,1,BT-v2,10000,1,0.5,0,1,0,timeout,120.19999999999531,0.0,0.0,0.0,120.19999999999531,0.0,0.03410981697171381,0.0,
RL-s1-b200-a1.00,rl,1.0,2,results/es_killfirst/ckpt_seed1_gen00200.npz,200,1,BT-v2,10001,0,0.0,0,0,1,timeout,120.19999999999531,0.0,17.5,0.0,120.19999999999531,0.0,0.004159733777038269,0.009151414309484194,4608.286149527381
RL-s1-b200-a1.00,rl,1.0,2,results/es_killfirst/ckpt_seed1_gen00200.npz,200,1,BT-v2,10001,1,0.5,0,1,0,timeout,120.19999999999531,0.0,0.0,0.0,120.19999999999531,0.0,0.0,0.0,
RL-s1-b200-a1.00,rl,1.0,2,results/es_killfirst/ckpt_seed1_gen00200.npz,200,1,BT-v2,10002,0,1.0,1,0,0,timeout,120.19999999999531,18.75,0.0,0.7500000000000001,120.19999999999531,0.0,0.022462562396006656,0.0,4855.679241213434
RL-s1-b200-a1.00,rl,1.0,2,results/es_killfirst/ckpt_seed1_gen00200.npz,200,1,BT-v2,10002,1,1.0,1,0,0,timeout,120.19999999999531,30.0,0.0,1.2000000000000004,120.19999999999531,0.0,0.027870216306156406,0.0,
RL-s1-b200-a1.00,rl,1.0,2,results/es_killfirst/ckpt_seed1_gen00200.npz,200,1,BT-v2,10003,0,1.0,1,0,0,timeout,120.19999999999531,5.0,0.0,0.2,120.19999999999531,0.0,0.0723793677204659,0.007903494176372712,4935.770281347517
RL-s1-b200-a1.00,rl,1.0,2,results/es_killfirst/ckpt_seed1_gen00200.npz,200,1,BT-v2,10003,1,1.0,1,0,0,timeout,120.19999999999531,31.25,0.0,1.2500000000000004,120.19999999999531,0.0,0.04201331114808652,0.0,
RL-s1-b200-a1.00,rl,1.0,2,results/es_killfirst/ckpt_seed1_gen00200.npz,200,1,BT-v2,10004,0,0.5,0,1,0,timeout,120.19999999999531,0.0,0.0,0.0,120.19999999999531,0.0,0.023710482529118136,0.006239600665557404,5442.260223124712
RL-s1-b200-a1.00,rl,1.0,2,results/es_killfirst/ckpt_seed1_gen00200.npz,200,1,BT-v2,10004,1,1.0,1,0,0,timeout,120.19999999999531,95.0,0.0,3.7999999999999945,120.19999999999531,0.0,0.02038269550748752,0.0,
RL-s1-b200-a1.00,rl,1.0,2,results/es_killfirst/ckpt_seed1_gen00200.npz,200,1,BT-v2,10005,0,0.0,0,0,1,timeout,120.19999999999531,0.0,3.75,0.0,120.19999999999531,0.0,0.06988352745424292,0.0,5916.9732651347185
RL-s1-b200-a1.00,rl,1.0,2,results/es_killfirst/ckpt_seed1_gen00200.npz,200,1,BT-v2,10005,1,0.5,0,1,0,timeout,120.19999999999531,0.0,0.0,0.0,120.19999999999531,0.0,0.07196339434276207,0.004159733777038269,
RL-s1-b200-a1.00,rl,1.0,2,results/es_killfirst/ckpt_seed1_gen00200.npz,200,1,BT-v2,10006,0,0.0,0,0,1,timeout,120.19999999999531,0.0,45.0,0.0,120.19999999999531,0.0,0.0074875207986688855,0.019550748752079867,5252.276838388928
RL-s1-b200-a1.00,rl,1.0,2,results/es_killfirst/ckpt_seed1_gen00200.npz,200,1,BT-v2,10006,1,1.0,1,0,0,timeout,120.19999999999531,8.75,0.0,0.35,120.19999999999531,0.0,0.010399334442595673,0.0,
RL-s1-b200-a1.00,rl,1.0,2,results/es_killfirst/ckpt_seed1_gen00200.npz,200,1,BT-v2,10007,0,1.0,1,0,0,timeout,120.19999999999531,37.5,0.0,1.5000000000000007,120.19999999999531,0.0,0.01622296173044925,0.0,4405.816113677786
RL-s1-b200-a1.00,rl,1.0,2,results/es_killfirst/ckpt_seed1_gen00200.npz,200,1,BT-v2,10007,1,1.0,1,0,0,timeout,120.19999999999531,51.25,0.0,2.0500000000000007,120.19999999999531,0.0,0.01913477537437604,0.0,
RL-s1-b200-a1.00,rl,1.0,2,results/es_killfirst/ckpt_seed1_gen00200.npz,200,1,BT-v2,10008,0,1.0,1,0,0,timeout,120.19999999999531,17.5,0.0,0.7000000000000001,120.19999999999531,0.0,0.04201331114808652,0.009983361064891847,4200.47341512361
RL-s1-b200-a1.00,rl,1.0,2,results/es_killfirst/ckpt_seed1_gen00200.npz,200,1,BT-v2,10008,1,0.5,0,1,0,timeout,120.19999999999531,0.0,0.0,0.0,120.19999999999531,0.0,0.04326123128119801,0.0,
RL-s1-b200-a1.00,rl,1.0,2,results/es_killfirst/ckpt_seed1_gen00200.npz,200,1,BT-v2,10009,0,0.5,0,1,0,timeout,120.19999999999531,0.0,0.0,0.0,120.19999999999531,0.0,0.024958402662229616,0.0066555740432612314,5933.5613650768155
RL-s1-b200-a1.00,rl,1.0,2,results/es_killfirst/ckpt_seed1_gen00200.npz,200,1,BT-v2,10009,1,0.5,0,1,0,timeout,120.19999999999531,0.0,0.0,0.0,120.19999999999531,0.0,0.019966722129783693,0.0,
RL-s1-b200-a1.00,rl,1.0,2,results/es_killfirst/ckpt_seed1_gen00200.npz,200,1,BT-v2,10010,0,0.5,0,1,0,timeout,120.19999999999531,0.0,0.0,0.0,120.19999999999531,0.0,0.05366056572379368,0.0,4658.1045193858945
RL-s1-b200-a1.00,rl,1.0,2,results/es_killfirst/ckpt_seed1_gen00200.npz,200,1,BT-v2,10010,1,0.0,0,0,1,timeout,120.19999999999531,0.0,11.25,0.0,120.19999999999531,0.0,0.058652246256239604,0.005823627287853577,
RL-s1-b200-a1.00,rl,1.0,2,results/es_killfirst/ckpt_seed1_gen00200.npz,200,1,BT-v2,10011,0,0.5,0,1,0,timeout,120.19999999999531,0.0,0.0,0.0,120.19999999999531,0.0,0.0,0.0,5667.896754011095
RL-s1-b200-a1.00,rl,1.0,2,results/es_killfirst/ckpt_seed1_gen00200.npz,200,1,BT-v2,10011,1,1.0,1,0,0,timeout,120.19999999999531,8.75,0.0,0.35,120.19999999999531,0.0,0.0,0.014975041597337771,
RL-s1-b200-a1.00,rl,1.0,2,results/es_killfirst/ckpt_seed1_gen00200.npz,200,1,BT-v2,10012,0,0.5,0,1,0,timeout,120.19999999999531,0.0,0.0,0.0,120.19999999999531,0.0,0.0740432612312812,0.007071547420965058,3831.391165549027
RL-s1-b200-a1.00,rl,1.0,2,results/es_killfirst/ckpt_seed1_gen00200.npz,200,1,BT-v2,10012,1,1.0,1,0,0,timeout,120.19999999999531,3.75,0.0,0.15000000000000002,120.19999999999531,0.0,0.07529118136439268,0.03119800332778702,
RL-s1-b200-a1.00,rl,1.0,2,results/es_killfirst/ckpt_seed1_gen00200.npz,200,1,BT-v2,10013,0,1.0,1,0,0,timeout,120.19999999999531,27.5,0.0,1.1000000000000003,120.19999999999531,0.0,0.03618968386023295,0.004159733777038269,5739.689143177631
RL-s1-b200-a1.00,rl,1.0,2,results/es_killfirst/ckpt_seed1_gen00200.npz,200,1,BT-v2,10013,1,0.5,0,1,0,timeout,120.19999999999531,0.0,0.0,0.0,120.19999999999531,0.0,0.02329450915141431,0.0,
RL-s1-b200-a1.00,rl,1.0,2,results/es_killfirst/ckpt_seed1_gen00200.npz,200,1,BT-v2,10014,0,1.0,1,0,0,timeout,120.19999999999531,25.0,0.0,1.0000000000000002,120.19999999999531,0.0,0.0,0.005407653910149751,6340.371771007104
RL-s1-b200-a1.00,rl,1.0,2,results/es_killfirst/ckpt_seed1_gen00200.npz,200,1,BT-v2,10014,1,0.5,0,1,0,timeout,120.19999999999531,0.0,0.0,0.0,120.19999999999531,0.0,0.0,0.0020798668885191347,
RL-s1-b200-a1.00,rl,1.0,2,results/es_killfirst/ckpt_seed1_gen00200.npz,200,1,BT-v2,10015,0,1.0,1,0,0,timeout,120.19999999999531,5.0,0.0,0.2,120.19999999999531,0.0,0.0,0.0066555740432612314,5356.1997569529685
RL-s1-b200-a1.00,rl,1.0,2,results/es_killfirst/ckpt_seed1_gen00200.npz,200,1,BT-v2,10015,1,0.5,0,1,0,timeout,120.19999999999531,0.0,0.0,0.0,120.19999999999531,0.0,0.0,0.0,
RL-s1-b200-a1.00,rl,1.0,2,results/es_killfirst/ckpt_seed1_gen00200.npz,200,1,BT-v2,10016,0,0.5,0,1,0,timeout,120.19999999999531,0.0,0.0,0.0,120.19999999999531,0.0,0.0,0.0029118136439267887,5673.568658579935
RL-s1-b200-a1.00,rl,1.0,2,results/es_killfirst/ckpt_seed1_gen00200.npz,200,1,BT-v2,10016,1,1.0,1,0,0,timeout,120.19999999999531,25.0,5.0,1.0000000000000002,120.19999999999531,0.0,0.0,0.01913477537437604,
RL-s1-b200-a1.00,rl,1.0,2,results/es_killfirst/ckpt_seed1_gen00200.npz,200,1,BT-v2,10017,0,0.5,0,1,0,timeout,120.19999999999531,0.0,0.0,0.0,120.19999999999531,0.0,0.03951747088186356,0.0037437603993344427,5302.217170061171
RL-s1-b200-a1.00,rl,1.0,2,results/es_killfirst/ckpt_seed1_gen00200.npz,200,1,BT-v2,10017,1,0.5,0,1,0,timeout,120.19999999999531,0.0,0.0,0.0,120.19999999999531,0.0,0.025790349417637273,0.0,
RL-s1-b200-a1.00,rl,1.0,2,results/es_killfirst/ckpt_seed1_gen00200.npz,200,1,BT-v2,10018,0,0.5,0,1,0,timeout,120.19999999999531,0.0,0.0,0.0,120.19999999999531,0.0,0.014143094841930116,0.0,4371.413465454402
RL-s1-b200-a1.00,rl,1.0,2,results/es_killfirst/ckpt_seed1_gen00200.npz,200,1,BT-v2,10018,1,0.5,0,1,0,timeout,120.19999999999531,0.0,0.0,0.0,120.19999999999531,0.0,0.016638935108153077,0.017054908485856904,
RL-s1-b200-a1.00,rl,1.0,2,results/es_killfirst/ckpt_seed1_gen00200.npz,200,1,BT-v2,10019,0,1.0,1,0,0,timeout,120.19999999999531,37.5,0.0,1.5000000000000007,120.19999999999531,0.0,0.0,0.013311148086522463,4853.311519149588
RL-s1-b200-a1.00,rl,1.0,2,results/es_killfirst/ckpt_seed1_gen00200.npz,200,1,BT-v2,10019,1,1.0,1,0,0,timeout,120.19999999999531,12.5,0.0,0.49999999999999994,120.19999999999531,0.0,0.0,0.01747088186356073,
RL-s1-b200-a1.00,rl,1.0,2,results/es_killfirst/ckpt_seed1_gen00200.npz,200,1,BT-v2,10020,0,1.0,1,0,0,timeout,120.19999999999531,6.25,0.0,0.25,120.19999999999531,0.0,0.0,0.010815307820299502,4950.54493593074
RL-s1-b200-a1.00,rl,1.0,2,results/es_killfirst/ckpt_seed1_gen00200.npz,200,1,BT-v2,10020,1,1.0,1,0,0,timeout,120.19999999999531,15.0,0.0,0.6,120.19999999999531,0.0,0.0,0.007071547420965058,
RL-s1-b200-a1.00,rl,1.0,2,results/es_killfirst/ckpt_seed1_gen00200.npz,200,1,BT-v2,10021,0,0.5,0,1,0,timeout,120.19999999999531,0.0,0.0,0.0,120.19999999999531,0.0,0.06780366056572379,0.0,5347.248323643264
RL-s1-b200-a1.00,rl,1.0,2,results/es_killfirst/ckpt_seed1_gen00200.npz,200,1,BT-v2,10021,1,0.5,0,1,0,timeout,120.19999999999531,0.0,0.0,0.0,120.19999999999531,0.0,0.06821963394342762,0.026622296173044926,
RL-s1-b200-a1.00,rl,1.0,2,results/es_killfirst/ckpt_seed1_gen00200.npz,200,1,BT-v2,10022,0,1.0,1,0,0,timeout,120.19999999999531,21.25,0.0,0.8500000000000002,120.19999999999531,0.0,0.04118136439267887,0.0024958402662229617,6485.488399955299
RL-s1-b200-a1.00,rl,1.0,2,results/es_killfirst/ckpt_seed1_gen00200.npz,200,1,BT-v2,10022,1,1.0,1,0,0,timeout,120.19999999999531,13.75,0.0,0.5499999999999999,120.19999999999531,0.0,0.04492512479201331,0.0,
RL-s1-b200-a1.00,rl,1.0,2,results/es_killfirst/ckpt_seed1_gen00200.npz,200,1,BT-v2,10023,0,0.5,0,1,0,timeout,120.19999999999531,0.0,0.0,0.0,120.19999999999531,0.0,0.03951747088186356,0.005823627287853577,6188.23770591361
RL-s1-b200-a1.00,rl,1.0,2,results/es_killfirst/ckpt_seed1_gen00200.npz,200,1,BT-v2,10023,1,0.5,0,1,0,timeout,120.19999999999531,0.0,0.0,0.0,120.19999999999531,0.0,0.025790349417637273,0.0,
RL-s1-b200-a1.00,rl,1.0,2,results/es_killfirst/ckpt_seed1_gen00200.npz,200,1,BT-v2,10024,0,0.5,0,1,0,timeout,120.19999999999531,0.0,0.0,0.0,120.19999999999531,0.0,0.033277870216306155,0.034525790349417634,4192.904185682632
RL-s1-b200-a1.00,rl,1.0,2,results/es_killfirst/ckpt_seed1_gen00200.npz,200,1,BT-v2,10024,1,0.0,0,0,1,gun_kill,47.199999999999456,0.0,100.0,0.0,47.199999999999456,0.0,0.07234042553191489,0.02446808510638298,
RL-s1-b200-a1.00,rl,1.0,2,results/es_killfirst/ckpt_seed1_gen00200.npz,200,1,BT-v2,10025,0,1.0,1,0,0,timeout,120.19999999999531,40.0,0.0,1.6000000000000008,120.19999999999531,0.0,0.022878535773710483,0.004991680532445923,7087.361255922023
RL-s1-b200-a1.00,rl,1.0,2,results/es_killfirst/ckpt_seed1_gen00200.npz,200,1,BT-v2,10025,1,0.5,0,1,0,timeout,120.19999999999531,0.0,0.0,0.0,120.19999999999531,0.0,0.022878535773710483,0.0,
RL-s1-b200-a1.00,rl,1.0,2,results/es_killfirst/ckpt_seed1_gen00200.npz,200,1,BT-v2,10026,0,0.5,0,1,0,collision,117.39999999999547,46.25,0.0,1.850000000000001,117.39999999999547,0.0,0.07551194539249147,0.010238907849829351,4629.188680448338
RL-s1-b200-a1.00,rl,1.0,2,results/es_killfirst/ckpt_seed1_gen00200.npz,200,1,BT-v2,10026,1,1.0,1,0,0,timeout,120.19999999999531,5.0,0.0,0.2,120.19999999999531,0.0,0.07570715474209651,0.0066555740432612314,
RL-s1-b200-a1.00,rl,1.0,2,results/es_killfirst/ckpt_seed1_gen00200.npz,200,1,BT-v2,10027,0,1.0,1,0,0,timeout,120.19999999999531,8.75,0.0,0.35,120.19999999999531,0.0,0.09941763727121464,0.011231281198003328,4482.910745968317
RL-s1-b200-a1.00,rl,1.0,2,results/es_killfirst/ckpt_seed1_gen00200.npz,200,1,BT-v2,10027,1,0.5,0,1,0,timeout,120.19999999999531,0.0,0.0,0.0,120.19999999999531,0.0,0.051580698835274545,0.005823627287853577,
RL-s1-b200-a1.00,rl,1.0,2,results/es_killfirst/ckpt_seed1_gen00200.npz,200,1,BT-v2,10028,0,0.0,0,0,1,timeout,120.19999999999531,0.0,37.5,0.0,120.19999999999531,0.0,0.0,0.005823627287853577,6666.928086736036
RL-s1-b200-a1.00,rl,1.0,2,results/es_killfirst/ckpt_seed1_gen00200.npz,200,1,BT-v2,10028,1,1.0,1,0,0,timeout,120.19999999999531,40.0,0.0,1.6000000000000008,120.19999999999531,0.0,0.0,0.0066555740432612314,
RL-s1-b200-a1.00,rl,1.0,2,results/es_killfirst/ckpt_seed1_gen00200.npz,200,1,BT-v2,10029,0,0.5,0,1,0,timeout,120.19999999999531,0.0,0.0,0.0,120.19999999999531,0.0,0.0,0.0,5384.6653860525485
RL-s1-b200-a1.00,rl,1.0,2,results/es_killfirst/ckpt_seed1_gen00200.npz,200,1,BT-v2,10029,1,0.5,0,1,0,timeout,120.19999999999531,0.0,0.0,0.0,120.19999999999531,0.0,0.0,0.0,
RL-s1-b200-a1.00,rl,1.0,2,results/es_killfirst/ckpt_seed1_gen00200.npz,200,1,BT-v2,10030,0,0.5,0,1,0,timeout,120.19999999999531,0.0,0.0,0.0,120.19999999999531,0.0,0.03868552412645591,0.0,5131.595777987716
RL-s1-b200-a1.00,rl,1.0,2,results/es_killfirst/ckpt_seed1_gen00200.npz,200,1,BT-v2,10030,1,0.5,0,1,0,timeout,120.19999999999531,0.0,0.0,0.0,120.19999999999531,0.0,0.04991680532445923,0.0033277870216306157,
RL-s1-b200-a1.00,rl,1.0,2,results/es_killfirst/ckpt_seed1_gen00200.npz,200,1,BT-v2,10031,0,0.5,0,1,0,timeout,120.19999999999531,0.0,0.0,0.0,120.19999999999531,0.0,0.051580698835274545,0.0,6101.3620174790685
RL-s1-b200-a1.00,rl,1.0,2,results/es_killfirst/ckpt_seed1_gen00200.npz,200,1,BT-v2,10031,1,0.5,0,1,0,timeout,120.19999999999531,0.0,0.0,0.0,120.19999999999531,0.0,0.05574043261231281,0.0,
RL-s1-b200-a1.00,rl,1.0,2,results/es_killfirst/ckpt_seed1_gen00200.npz,200,1,BT-v2,10032,0,1.0,1,0,0,timeout,120.19999999999531,56.25,0.0,2.25,120.19999999999531,0.0,0.0262063227953411,0.0,4951.797528817216
RL-s1-b200-a1.00,rl,1.0,2,results/es_killfirst/ckpt_seed1_gen00200.npz,200,1,BT-v2,10032,1,1.0,1,0,0,timeout,120.19999999999531,6.25,0.0,0.25,120.19999999999531,0.0,0.027870216306156406,0.005407653910149751,
RL-s1-b200-a1.00,rl,1.0,2,results/es_killfirst/ckpt_seed1_gen00200.npz,200,1,BT-v2,10033,0,0.5,0,1,0,timeout,120.19999999999531,0.0,0.0,0.0,120.19999999999531,0.0,0.02329450915141431,0.0,6267.05116306254
RL-s1-b200-a1.00,rl,1.0,2,results/es_killfirst/ckpt_seed1_gen00200.npz,200,1,BT-v2,10033,1,1.0,1,0,0,timeout,120.19999999999531,21.25,0.0,0.8500000000000002,120.19999999999531,0.0,0.019966722129783693,0.005823627287853577,
RL-s1-b200-a1.00,rl,1.0,2,results/es_killfirst/ckpt_seed1_gen00200.npz,200,1,BT-v2,10034,0,1.0,1,0,0,timeout,120.19999999999531,11.25,0.0,0.44999999999999996,120.19999999999531,0.0,0.027038269550748752,0.005407653910149751,5776.322327432445
RL-s1-b200-a1.00,rl,1.0,2,results/es_killfirst/ckpt_seed1_gen00200.npz,200,1,BT-v2,10034,1,0.5,0,1,0,timeout,120.19999999999531,0.0,0.0,0.0,120.19999999999531,0.0,0.0262063227953411,0.0,
RL-s1-b200-a1.00,rl,1.0,2,results/es_killfirst/ckpt_seed1_gen00200.npz,200,1,BT-v2,10035,0,0.0,0,0,1,timeout,120.19999999999531,0.0,82.5,0.0,120.19999999999531,0.0,0.014559068219633943,0.0,6107.979869238041
RL-s1-b200-a1.00,rl,1.0,2,results/es_killfirst/ckpt_seed1_gen00200.npz,200,1,BT-v2,10035,1,0.5,0,1,0,timeout,120.19999999999531,0.0,0.0,0.0,120.19999999999531,0.0,0.022462562396006656,0.0074875207986688855,
RL-s1-b200-a1.00,rl,1.0,2,results/es_killfirst/ckpt_seed1_gen00200.npz,200,1,BT-v2,10036,0,0.0,0,0,1,timeout,120.19999999999531,0.0,5.0,0.0,120.19999999999531,0.0,0.008319467554076539,0.0,5977.397302227921
RL-s1-b200-a1.00,rl,1.0,2,results/es_killfirst/ckpt_seed1_gen00200.npz,200,1,BT-v2,10036,1,0.5,0,1,0,timeout,120.19999999999531,0.0,0.0,0.0,120.19999999999531,0.0,0.009151414309484194,0.0037437603993344427,
RL-s1-b200-a1.00,rl,1.0,2,results/es_killfirst/ckpt_seed1_gen00200.npz,200,1,BT-v2,10037,0,1.0,1,0,0,timeout,120.19999999999531,13.75,0.0,0.5499999999999999,120.19999999999531,0.0,0.0802828618968386,0.0033277870216306157,4958.141284942793
RL-s1-b200-a1.00,rl,1.0,2,results/es_killfirst/ckpt_seed1_gen00200.npz,200,1,BT-v2,10037,1,0.5,0,1,0,timeout,120.19999999999531,0.0,0.0,0.0,120.19999999999531,0.0,0.04284525790349417,0.0,
RL-s1-b200-a1.00,rl,1.0,2,results/es_killfirst/ckpt_seed1_gen00200.npz,200,1,BT-v2,10038,0,1.0,1,0,0,timeout,120.19999999999531,6.25,0.0,0.25,120.19999999999531,0.0,0.03286189683860233,0.009983361064891847,4773.983344607856
RL-s1-b200-a1.00,rl,1.0,2,results/es_killfirst/ckpt_seed1_gen00200.npz,200,1,BT-v2,10038,1,1.0,1,0,0,timeout,120.19999999999531,12.5,0.0,0.49999999999999994,120.19999999999531,0.0,0.019550748752079867,0.0,
RL-s1-b200-a1.00,rl,1.0,2,results/es_killfirst/ckpt_seed1_gen00200.npz,200,1,BT-v2,10039,0,1.0,1,0,0,timeout,120.19999999999531,16.25,0.0,0.65,120.19999999999531,0.059900166389351084,0.01788685524126456,0.04367720465890183,3378.318545417814
RL-s1-b200-a1.00,rl,1.0,2,results/es_killfirst/ckpt_seed1_gen00200.npz,200,1,BT-v2,10039,1,0.0,0,0,1,gun_kill,83.94999999999737,0.0,100.0,0.0,83.94999999999737,0.0,0.02386634844868735,0.019689737470167064,
RL-s1-b200-a1.00,rl,1.0,2,results/es_killfirst/ckpt_seed1_gen00200.npz,200,1,BT-v2,10040,0,0.0,0,0,1,gun_kill,95.29999999999673,0.0,100.0,0.0,95.29999999999673,0.0,0.0,0.0,6571.240712960144
RL-s1-b200-a1.00,rl,1.0,2,results/es_killfirst/ckpt_seed1_gen00200.npz,200,1,BT-v2,10040,1,1.0,1,0,0,timeout,120.19999999999531,50.0,0.0,2.000000000000001,120.19999999999531,0.0,0.0,0.005823627287853577,
RL-s1-b200-a1.00,rl,1.0,2,results/es_killfirst/ckpt_seed1_gen00200.npz,200,1,BT-v2,10041,0,1.0,1,0,0,timeout,120.19999999999531,27.5,0.0,1.1000000000000003,120.19999999999531,0.0,0.021214642262895173,0.0,4902.514080153279
RL-s1-b200-a1.00,rl,1.0,2,results/es_killfirst/ckpt_seed1_gen00200.npz,200,1,BT-v2,10041,1,1.0,1,0,0,timeout,120.19999999999531,6.25,0.0,0.25,120.19999999999531,0.0,0.022462562396006656,0.0029118136439267887,
RL-s1-b200-a1.00,rl,1.0,2,results/es_killfirst/ckpt_seed1_gen00200.npz,200,1,BT-v2,10042,0,1.0,1,0,0,timeout,120.19999999999531,12.5,0.0,0.49999999999999994,120.19999999999531,0.0,0.05366056572379368,0.0037437603993344427,6033.818078805793
RL-s1-b200-a1.00,rl,1.0,2,results/es_killfirst/ckpt_seed1_gen00200.npz,200,1,BT-v2,10042,1,1.0,1,0,0,timeout,120.19999999999531,1.25,0.0,0.05,120.19999999999531,0.0,0.05490848585690516,0.0,
RL-s1-b200-a1.00,rl,1.0,2,results/es_killfirst/ckpt_seed1_gen00200.npz,200,1,BT-v2,10043,0,1.0,1,0,0,timeout,120.19999999999531,1.25,0.0,0.05,120.19999999999531,0.0,0.0,0.007071547420965058,5756.592120140384
RL-s1-b200-a1.00,rl,1.0,2,results/es_killfirst/ckpt_seed1_gen00200.npz,200,1,BT-v2,10043,1,1.0,1,0,0,timeout,120.19999999999531,31.25,0.0,1.2500000000000004,120.19999999999531,0.0,0.0,0.005823627287853577,
RL-s1-b200-a1.00,rl,1.0,2,results/es_killfirst/ckpt_seed1_gen00200.npz,200,1,BT-v2,10044,0,0.0,0,0,1,timeout,120.19999999999531,0.0,10.0,0.0,120.19999999999531,0.0,0.0,0.0066555740432612314,6024.106796291819
RL-s1-b200-a1.00,rl,1.0,2,results/es_killfirst/ckpt_seed1_gen00200.npz,200,1,BT-v2,10044,1,1.0,1,0,0,timeout,120.19999999999531,2.5,0.0,0.1,120.19999999999531,0.0,0.0,0.024958402662229616,
RL-s1-b200-a1.00,rl,1.0,2,results/es_killfirst/ckpt_seed1_gen00200.npz,200,1,BT-v2,10045,0,1.0,1,0,0,timeout,120.19999999999531,10.0,0.0,0.39999999999999997,120.19999999999531,0.0,0.04159733777038269,0.007071547420965058,5052.1919121288165
RL-s1-b200-a1.00,rl,1.0,2,results/es_killfirst/ckpt_seed1_gen00200.npz,200,1,BT-v2,10045,1,0.5,0,1,0,timeout,120.19999999999531,0.0,0.0,0.0,120.19999999999531,0.0,0.03826955074875208,0.0,
RL-s1-b200-a1.00,rl,1.0,2,results/es_killfirst/ckpt_seed1_gen00200.npz,200,1,BT-v2,10046,0,0.5,0,1,0,timeout,120.19999999999531,0.0,0.0,0.0,120.19999999999531,0.0,0.1064891846921797,0.0033277870216306157,5061.643534295529
RL-s1-b200-a1.00,rl,1.0,2,results/es_killfirst/ckpt_seed1_gen00200.npz,200,1,BT-v2,10046,1,0.5,0,1,0,timeout,120.19999999999531,0.0,0.0,0.0,120.19999999999531,0.0,0.056572379367720464,0.0,
RL-s1-b200-a1.00,rl,1.0,2,results/es_killfirst/ckpt_seed1_gen00200.npz,200,1,BT-v2,10047,0,1.0,1,0,0,timeout,120.19999999999531,38.75,0.0,1.5500000000000007,120.19999999999531,0.0,0.008735440931780365,0.0,5218.267443594712
RL-s1-b200-a1.00,rl,1.0,2,results/es_killfirst/ckpt_seed1_gen00200.npz,200,1,BT-v2,10047,1,1.0,1,0,0,timeout,120.19999999999531,13.75,0.0,0.5499999999999999,120.19999999999531,0.0,0.010399334442595673,0.03161397670549085,
RL-s1-b200-a1.00,rl,1.0,2,results/es_killfirst/ckpt_seed1_gen00200.npz,200,1,BT-v2,10048,0,0.5,0,1,0,timeout,120.19999999999531,0.0,0.0,0.0,120.19999999999531,0.0,0.03119800332778702,0.01372712146422629,3467.240070701471
RL-s1-b200-a1.00,rl,1.0,2,results/es_killfirst/ckpt_seed1_gen00200.npz,200,1,BT-v2,10048,1,1.0,1,0,0,gun_kill,29.050000000000278,100.0,0.0,3.999999999999994,29.050000000000278,0.0,0.10689655172413794,0.0,
RL-s1-b200-a1.00,rl,1.0,2,results/es_killfirst/ckpt_seed1_gen00200.npz,200,1,BT-v2,10049,0,0.5,0,1,0,timeout,120.19999999999531,0.0,0.0,0.0,120.19999999999531,0.0,0.05823627287853577,0.004991680532445923,4672.820737562161
RL-s1-b200-a1.00,rl,1.0,2,results/es_killfirst/ckpt_seed1_gen00200.npz,200,1,BT-v2,10049,1,0.5,0,1,0,timeout,120.19999999999531,0.0,0.0,0.0,120.19999999999531,0.0,0.03494176372712146,0.0,
RL-s1-b200-a1.00,rl,1.0,2,results/es_killfirst/ckpt_seed1_gen00200.npz,200,1,BT-v2,10050,0,0.5,0,1,0,timeout,120.19999999999531,0.0,0.0,0.0,120.19999999999531,0.0,0.021630615640599003,0.0020798668885191347,5400.789936924907
RL-s1-b200-a1.00,rl,1.0,2,results/es_killfirst/ckpt_seed1_gen00200.npz,200,1,BT-v2,10050,1,0.5,0,1,0,timeout,120.19999999999531,0.0,0.0,0.0,120.19999999999531,0.0,0.018718801996672214,0.00956738768718802,
RL-s1-b200-a1.00,rl,1.0,2,results/es_killfirst/ckpt_seed1_gen00200.npz,200,1,BT-v2,10051,0,0.0,0,0,1,timeout,120.19999999999531,0.0,6.25,0.0,120.19999999999531,0.0,0.06572379367720466,0.0,5635.428942407491
RL-s1-b200-a1.00,rl,1.0,2,results/es_killfirst/ckpt_seed1_gen00200.npz,200,1,BT-v2,10051,1,0.5,0,1,0,timeout,120.19999999999531,0.0,0.0,0.0,120.19999999999531,0.0,0.06530782029950083,0.0,
RL-s1-b200-a1.00,rl,1.0,2,results/es_killfirst/ckpt_seed1_gen00200.npz,200,1,BT-v2,10052,0,0.5,0,1,0,timeout,120.19999999999531,0.0,0.0,0.0,120.19999999999531,0.0,0.036605657237936774,0.019550748752079867,4184.740789591781
RL-s1-b200-a1.00,rl,1.0,2,results/es_killfirst/ckpt_seed1_gen00200.npz,200,1,BT-v2,10052,1,1.0,1,0,0,timeout,120.19999999999531,11.25,0.0,0.44999999999999996,120.19999999999531,0.0,0.0324459234608985,0.012895174708818636,
RL-s1-b200-a1.00,rl,1.0,2,results/es_killfirst/ckpt_seed1_gen00200.npz,200,1,BT-v2,10053,0,1.0,1,0,0,timeout,120.19999999999531,50.0,0.0,2.000000000000001,120.19999999999531,0.0,0.0,0.005823627287853577,6709.8933046329685
RL-s1-b200-a1.00,rl,1.0,2,results/es_killfirst/ckpt_seed1_gen00200.npz,200,1,BT-v2,10053,1,1.0,1,0,0,timeout,120.19999999999531,2.5,0.0,0.1,120.19999999999531,0.0,0.0,0.007071547420965058,
RL-s1-b200-a1.00,rl,1.0,2,results/es_killfirst/ckpt_seed1_gen00200.npz,200,1,BT-v2,10054,0,1.0,1,0,0,timeout,120.19999999999531,35.0,0.0,1.4000000000000006,120.19999999999531,0.0,0.0,0.025790349417637273,3706.2263902194236
RL-s1-b200-a1.00,rl,1.0,2,results/es_killfirst/ckpt_seed1_gen00200.npz,200,1,BT-v2,10054,1,1.0,1,0,0,timeout,120.19999999999531,2.5,0.0,0.1,120.19999999999531,0.0,0.0,0.0066555740432612314,
RL-s1-b200-a1.00,rl,1.0,2,results/es_killfirst/ckpt_seed1_gen00200.npz,200,1,BT-v2,10055,0,0.5,0,1,0,timeout,120.19999999999531,0.0,0.0,0.0,120.19999999999531,0.0,0.004575707154742097,0.005407653910149751,4911.3280590148925
RL-s1-b200-a1.00,rl,1.0,2,results/es_killfirst/ckpt_seed1_gen00200.npz,200,1,BT-v2,10055,1,0.5,0,1,0,timeout,120.19999999999531,0.0,0.0,0.0,120.19999999999531,0.0,0.004159733777038269,0.010815307820299502,
RL-s1-b200-a1.00,rl,1.0,2,results/es_killfirst/ckpt_seed1_gen00200.npz,200,1,BT-v2,10056,0,0.0,0,0,1,timeout,120.19999999999531,0.0,6.25,0.0,120.19999999999531,0.0,0.05823627287853577,0.004575707154742097,5346.144777239113
RL-s1-b200-a1.00,rl,1.0,2,results/es_killfirst/ckpt_seed1_gen00200.npz,200,1,BT-v2,10056,1,0.5,0,1,0,timeout,120.19999999999531,0.0,0.0,0.0,120.19999999999531,0.0,0.06364392678868552,0.0,
RL-s1-b200-a1.00,rl,1.0,2,results/es_killfirst/ckpt_seed1_gen00200.npz,200,1,BT-v2,10057,0,0.5,0,1,0,timeout,120.19999999999531,0.0,0.0,0.0,120.19999999999531,0.0,0.0,0.0037437603993344427,5495.26048752448
RL-s1-b200-a1.00,rl,1.0,2,results/es_killfirst/ckpt_seed1_gen00200.npz,200,1,BT-v2,10057,1,0.5,0,1,0,timeout,120.19999999999531,0.0,0.0,0.0,120.19999999999531,0.0,0.0,0.0024958402662229617,
RL-s1-b200-a1.00,rl,1.0,2,results/es_killfirst/ckpt_seed1_gen00200.npz,200,1,BT-v2,10058,0,1.0,1,0,0,timeout,120.19999999999531,6.25,0.0,0.25,120.19999999999531,0.0,0.05449251247920133,0.01913477537437604,3381.565660236556
RL-s1-b200-a1.00,rl,1.0,2,results/es_killfirst/ckpt_seed1_gen00200.npz,200,1,BT-v2,10058,1,0.0,0,0,1,timeout,120.19999999999531,0.0,10.0,0.0,120.19999999999531,0.0,0.04326123128119801,0.0012479201331114808,
RL-s1-b200-a1.00,rl,1.0,2,results/es_killfirst/ckpt_seed1_gen00200.npz,200,1,BT-v2,10059,0,0.5,0,1,0,timeout,120.19999999999531,0.0,0.0,0.0,120.19999999999531,0.0,0.0033277870216306157,0.0,5026.694746993909
RL-s1-b200-a1.00,rl,1.0,2,results/es_killfirst/ckpt_seed1_gen00200.npz,200,1,BT-v2,10059,1,0.5,0,1,0,timeout,120.19999999999531,0.0,0.0,0.0,120.19999999999531,0.0,0.0033277870216306157,0.0,
RL-s1-b200-a1.00,rl,1.0,2,results/es_killfirst/ckpt_seed1_gen00200.npz,200,1,BT-v2,10060,0,1.0,1,0,0,timeout,120.19999999999531,7.5,0.0,0.3,120.19999999999531,0.0,0.04118136439267887,0.013311148086522463,4709.434847478867
RL-s1-b200-a1.00,rl,1.0,2,results/es_killfirst/ckpt_seed1_gen00200.npz,200,1,BT-v2,10060,1,0.0,0,0,1,gun_kill,83.89999999999738,0.0,100.0,0.0,83.89999999999738,0.0,0.06861575178997613,0.030429594272076373,
RL-s1-b200-a1.00,rl,1.0,2,results/es_killfirst/ckpt_seed1_gen00200.npz,200,1,BT-v2,10061,0,1.0,1,0,0,timeout,120.19999999999531,17.5,0.0,0.7000000000000001,120.19999999999531,0.0,0.036605657237936774,0.014143094841930116,4257.696658934376
RL-s1-b200-a1.00,rl,1.0,2,results/es_killfirst/ckpt_seed1_gen00200.npz,200,1,BT-v2,10061,1,0.5,0,1,0,timeout,120.19999999999531,0.0,0.0,0.0,120.19999999999531,0.0,0.045757071547420966,0.0,
RL-s1-b200-a1.00,rl,1.0,2,results/es_killfirst/ckpt_seed1_gen00200.npz,200,1,BT-v2,10062,0,1.0,1,0,0,timeout,120.19999999999531,10.0,0.0,0.39999999999999997,120.19999999999531,0.0,0.06821963394342762,0.0066555740432612314,4692.704897645981
RL-s1-b200-a1.00,rl,1.0,2,results/es_killfirst/ckpt_seed1_gen00200.npz,200,1,BT-v2,10062,1,0.5,0,1,0,timeout,120.19999999999531,0.0,0.0,0.0,120.19999999999531,0.0,0.07154742096505824,0.024958402662229616,
RL-s1-b200-a1.00,rl,1.0,2,results/es_killfirst/ckpt_seed1_gen00200.npz,200,1,BT-v2,10063,0,0.0,0,0,1,timeout,120.19999999999531,5.0,7.5,0.2,120.19999999999531,0.0,0.026622296173044926,0.03494176372712146,3395.886519558732
RL-s1-b200-a1.00,rl,1.0,2,results/es_killfirst/ckpt_seed1_gen00200.npz,200,1,BT-v2,10063,1,0.5,0,1,0,timeout,120.19999999999531,0.0,0.0,0.0,120.19999999999531,0.0,0.02745424292845258,0.011231281198003328,
RL-s1-b200-a1.00,rl,1.0,2,results/es_killfirst/ckpt_seed1_gen00200.npz,200,1,BT-v2,10064,0,1.0,1,0,0,timeout,120.19999999999531,8.75,0.0,0.35,120.19999999999531,0.0,0.025790349417637273,0.007071547420965058,5835.32065630755
RL-s1-b200-a1.00,rl,1.0,2,results/es_killfirst/ckpt_seed1_gen00200.npz,200,1,BT-v2,10064,1,1.0,1,0,0,gun_kill,39.24999999999991,100.0,0.0,3.999999999999994,39.24999999999991,0.0,0.05994897959183673,0.0,
RL-s1-b200-a1.00,rl,1.0,2,results/es_killfirst/ckpt_seed1_gen00200.npz,200,1,BT-v2,10065,0,0.5,0,1,0,timeout,120.19999999999531,0.0,0.0,0.0,120.19999999999531,0.0,0.020798668885191347,0.0,4706.926282613452
RL-s1-b200-a1.00,rl,1.0,2,results/es_killfirst/ckpt_seed1_gen00200.npz,200,1,BT-v2,10065,1,1.0,1,0,0,timeout,120.19999999999531,12.5,0.0,0.49999999999999994,120.19999999999531,0.0,0.021214642262895173,0.03161397670549085,
RL-s1-b200-a1.00,rl,1.0,2,results/es_killfirst/ckpt_seed1_gen00200.npz,200,1,BT-v2,10066,0,0.5,0,1,0,timeout,120.19999999999531,0.0,0.0,0.0,120.19999999999531,0.0,0.04159733777038269,0.010815307820299502,4766.941146917795
RL-s1-b200-a1.00,rl,1.0,2,results/es_killfirst/ckpt_seed1_gen00200.npz,200,1,BT-v2,10066,1,1.0,1,0,0,timeout,120.19999999999531,8.75,0.0,0.35,120.19999999999531,0.0,0.05033277870216306,0.033277870216306155,
RL-s1-b200-a1.00,rl,1.0,2,results/es_killfirst/ckpt_seed1_gen00200.npz,200,1,BT-v2,10067,0,0.5,0,1,0,timeout,120.19999999999531,0.0,0.0,0.0,120.19999999999531,0.0,0.019966722129783693,0.0024958402662229617,5900.22299283424
RL-s1-b200-a1.00,rl,1.0,2,results/es_killfirst/ckpt_seed1_gen00200.npz,200,1,BT-v2,10067,1,0.5,0,1,0,timeout,120.19999999999531,0.0,0.0,0.0,120.19999999999531,0.0,0.012895174708818636,0.0024958402662229617,
RL-s1-b200-a1.00,rl,1.0,2,results/es_killfirst/ckpt_seed1_gen00200.npz,200,1,BT-v2,10068,0,1.0,1,0,0,timeout,120.19999999999531,43.75,0.0,1.7500000000000009,120.19999999999531,0.0,0.024958402662229616,0.007071547420965058,5982.362722595324
RL-s1-b200-a1.00,rl,1.0,2,results/es_killfirst/ckpt_seed1_gen00200.npz,200,1,BT-v2,10068,1,1.0,1,0,0,timeout,120.19999999999531,33.75,0.0,1.3500000000000005,120.19999999999531,0.0,0.03286189683860233,0.018718801996672214,
RL-s1-b200-a1.00,rl,1.0,2,results/es_killfirst/ckpt_seed1_gen00200.npz,200,1,BT-v2,10069,0,1.0,1,0,0,timeout,120.19999999999531,28.75,0.0,1.1500000000000004,120.19999999999531,0.0,0.0074875207986688855,0.0,5707.274205972675
RL-s1-b200-a1.00,rl,1.0,2,results/es_killfirst/ckpt_seed1_gen00200.npz,200,1,BT-v2,10069,1,1.0,1,0,0,timeout,120.19999999999531,10.0,0.0,0.39999999999999997,120.19999999999531,0.0,0.008319467554076539,0.013311148086522463,
RL-s1-b200-a1.00,rl,1.0,2,results/es_killfirst/ckpt_seed1_gen00200.npz,200,1,BT-v2,10070,0,1.0,1,0,0,timeout,120.19999999999531,8.75,0.0,0.35,120.19999999999531,0.0,0.012895174708818636,0.0033277870216306157,6737.178417215876
RL-s1-b200-a1.00,rl,1.0,2,results/es_killfirst/ckpt_seed1_gen00200.npz,200,1,BT-v2,10070,1,0.5,0,1,0,timeout,120.19999999999531,0.0,0.0,0.0,120.19999999999531,0.0,0.013311148086522463,0.0,
RL-s1-b200-a1.00,rl,1.0,2,results/es_killfirst/ckpt_seed1_gen00200.npz,200,1,BT-v2,10071,0,0.5,0,1,0,timeout,120.19999999999531,0.0,0.0,0.0,120.19999999999531,0.0,0.0,0.0,4731.6309105840965
RL-s1-b200-a1.00,rl,1.0,2,results/es_killfirst/ckpt_seed1_gen00200.npz,200,1,BT-v2,10071,1,1.0,1,0,0,timeout,120.19999999999531,7.5,3.75,0.3,120.19999999999531,0.0,0.0,0.016638935108153077,
RL-s1-b200-a1.00,rl,1.0,2,results/es_killfirst/ckpt_seed1_gen00200.npz,200,1,BT-v2,10072,0,0.0,0,0,1,timeout,120.19999999999531,0.0,32.5,0.0,120.19999999999531,0.0,0.0,0.0,5005.509441091876
RL-s1-b200-a1.00,rl,1.0,2,results/es_killfirst/ckpt_seed1_gen00200.npz,200,1,BT-v2,10072,1,1.0,1,0,0,timeout,120.19999999999531,21.25,0.0,0.8500000000000002,120.19999999999531,0.0,0.0,0.02454242928452579,
RL-s1-b200-a1.00,rl,1.0,2,results/es_killfirst/ckpt_seed1_gen00200.npz,200,1,BT-v2,10073,0,1.0,1,0,0,timeout,120.19999999999531,6.25,0.0,0.25,120.19999999999531,0.0,0.024958402662229616,0.01372712146422629,4358.912486720472
RL-s1-b200-a1.00,rl,1.0,2,results/es_killfirst/ckpt_seed1_gen00200.npz,200,1,BT-v2,10073,1,1.0,1,0,0,timeout,120.19999999999531,37.5,0.0,1.5000000000000007,120.19999999999531,0.0,0.02454242928452579,0.0,
RL-s1-b200-a1.00,rl,1.0,2,results/es_killfirst/ckpt_seed1_gen00200.npz,200,1,BT-v2,10074,0,0.5,0,1,0,timeout,120.19999999999531,0.0,0.0,0.0,120.19999999999531,0.0,0.05615640599001664,0.0,5778.7877204380875
RL-s1-b200-a1.00,rl,1.0,2,results/es_killfirst/ckpt_seed1_gen00200.npz,200,1,BT-v2,10074,1,0.0,0,0,1,timeout,120.19999999999531,0.0,8.75,0.0,120.19999999999531,0.0,0.051580698835274545,0.004575707154742097,
RL-s1-b200-a1.00,rl,1.0,2,results/es_killfirst/ckpt_seed1_gen00200.npz,200,1,BT-v2,10075,0,1.0,1,0,0,timeout,120.19999999999531,6.25,0.0,0.25,120.19999999999531,0.0,0.02454242928452579,0.027870216306156406,4810.902402182955
RL-s1-b200-a1.00,rl,1.0,2,results/es_killfirst/ckpt_seed1_gen00200.npz,200,1,BT-v2,10075,1,0.0,0,0,1,gun_kill,102.39999999999633,0.0,100.0,0.0,102.39999999999633,0.0,0.026418786692759294,0.024951076320939333,
RL-s1-b200-a1.00,rl,1.0,2,results/es_killfirst/ckpt_seed1_gen00200.npz,200,1,BT-v2,10076,0,1.0,1,0,0,timeout,120.19999999999531,6.25,0.0,0.25,120.19999999999531,0.0,0.025374376039933443,0.011231281198003328,4582.299565250248
RL-s1-b200-a1.00,rl,1.0,2,results/es_killfirst/ckpt_seed1_gen00200.npz,200,1,BT-v2,10076,1,1.0,1,0,0,timeout,120.19999999999531,6.25,0.0,0.25,120.19999999999531,0.0,0.029118136439267885,0.0029118136439267887,
RL-s1-b200-a1.00,rl,1.0,2,results/es_killfirst/ckpt_seed1_gen00200.npz,200,1,BT-v2,10077,0,0.5,0,1,0,timeout,120.19999999999531,0.0,0.0,0.0,120.19999999999531,0.0,0.019966722129783693,0.0,4050.466327305058
RL-s1-b200-a1.00,rl,1.0,2,results/es_killfirst/ckpt_seed1_gen00200.npz,200,1,BT-v2,10077,1,0.0,0,0,1,timeout,120.19999999999531,0.0,5.0,0.0,120.19999999999531,0.0,0.02038269550748752,0.004575707154742097,
RL-s1-b200-a1.00,rl,1.0,2,results/es_killfirst/ckpt_seed1_gen00200.npz,200,1,BT-v2,10078,0,0.5,0,1,0,timeout,120.19999999999531,0.0,0.0,0.0,120.19999999999531,0.0,0.03826955074875208,0.0,5453.585928574537
RL-s1-b200-a1.00,rl,1.0,2,results/es_killfirst/ckpt_seed1_gen00200.npz,200,1,BT-v2,10078,1,1.0,1,0,0,timeout,120.19999999999531,3.75,0.0,0.15000000000000002,120.19999999999531,0.0,0.04534109816971714,0.0033277870216306157,
RL-s1-b200-a1.00,rl,1.0,2,results/es_killfirst/ckpt_seed1_gen00200.npz,200,1,BT-v2,10079,0,1.0,1,0,0,timeout,120.19999999999531,16.25,0.0,0.65,120.19999999999531,0.0,0.0,0.0262063227953411,4477.4994864553455
RL-s1-b200-a1.00,rl,1.0,2,results/es_killfirst/ckpt_seed1_gen00200.npz,200,1,BT-v2,10079,1,0.0,0,0,1,timeout,120.19999999999531,0.0,25.0,0.0,120.19999999999531,0.0,0.0,0.0020798668885191347,
RL-s1-b200-a1.00,rl,1.0,2,results/es_killfirst/ckpt_seed1_gen00200.npz,200,1,BT-v2,10080,0,0.0,0,0,1,timeout,120.19999999999531,0.0,13.75,0.0,120.19999999999531,0.0,0.01372712146422629,0.0,5721.834417049105
RL-s1-b200-a1.00,rl,1.0,2,results/es_killfirst/ckpt_seed1_gen00200.npz,200,1,BT-v2,10080,1,0.5,0,1,0,timeout,120.19999999999531,0.0,0.0,0.0,120.19999999999531,0.0,0.014143094841930116,0.007071547420965058,
RL-s1-b200-a1.00,rl,1.0,2,results/es_killfirst/ckpt_seed1_gen00200.npz,200,1,BT-v2,10081,0,1.0,1,0,0,timeout,120.19999999999531,80.0,0.0,3.1999999999999966,120.19999999999531,0.0,0.0,0.0,6469.2311541579775
RL-s1-b200-a1.00,rl,1.0,2,results/es_killfirst/ckpt_seed1_gen00200.npz,200,1,BT-v2,10081,1,1.0,1,0,0,timeout,120.19999999999531,23.75,0.0,0.9500000000000003,120.19999999999531,0.0,0.0,0.029534109816971715,
RL-s1-b200-a1.00,rl,1.0,2,results/es_killfirst/ckpt_seed1_gen00200.npz,200,1,BT-v2,10082,0,1.0,1,0,0,timeout,120.19999999999531,27.5,0.0,1.1000000000000003,120.19999999999531,0.0,0.019966722129783693,0.01372712146422629,4407.217918885595
RL-s1-b200-a1.00,rl,1.0,2,results/es_killfirst/ckpt_seed1_gen00200.npz,200,1,BT-v2,10082,1,0.5,0,1,0,timeout,120.19999999999531,0.0,0.0,0.0,120.19999999999531,0.0,0.01913477537437604,0.004991680532445923,
RL-s1-b200-a1.00,rl,1.0,2,results/es_killfirst/ckpt_seed1_gen00200.npz,200,1,BT-v2,10083,0,0.5,0,1,0,timeout,120.19999999999531,0.0,0.0,0.0,120.19999999999531,0.0,0.05324459234608985,0.0,6127.636687935778
RL-s1-b200-a1.00,rl,1.0,2,results/es_killfirst/ckpt_seed1_gen00200.npz,200,1,BT-v2,10083,1,0.0,0,0,1,timeout,120.19999999999531,0.0,5.0,0.0,120.19999999999531,0.0,0.05823627287853577,0.014559068219633943,
RL-s1-b200-a1.00,rl,1.0,2,results/es_killfirst/ckpt_seed1_gen00200.npz,200,1,BT-v2,10084,0,0.5,0,1,0,timeout,120.19999999999531,0.0,0.0,0.0,120.19999999999531,0.0,0.0,0.019966722129783693,4787.753896430059
RL-s1-b200-a1.00,rl,1.0,2,results/es_killfirst/ckpt_seed1_gen00200.npz,200,1,BT-v2,10084,1,0.5,0,1,0,timeout,120.19999999999531,0.0,0.0,0.0,120.19999999999531,0.0,0.0,0.0,
RL-s1-b200-a1.00,rl,1.0,2,results/es_killfirst/ckpt_seed1_gen00200.npz,200,1,BT-v2,10085,0,1.0,1,0,0,timeout,120.19999999999531,7.5,0.0,0.3,120.19999999999531,0.0,0.0,0.005407653910149751,5827.407158873592
RL-s1-b200-a1.00,rl,1.0,2,results/es_killfirst/ckpt_seed1_gen00200.npz,200,1,BT-v2,10085,1,0.5,0,1,0,timeout,120.19999999999531,0.0,0.0,0.0,120.19999999999531,0.0,0.0,0.0,
RL-s1-b200-a1.00,rl,1.0,2,results/es_killfirst/ckpt_seed1_gen00200.npz,200,1,BT-v2,10086,0,0.5,0,1,0,timeout,120.19999999999531,0.0,0.0,0.0,120.19999999999531,0.0,0.0,0.0,4676.785468251465
RL-s1-b200-a1.00,rl,1.0,2,results/es_killfirst/ckpt_seed1_gen00200.npz,200,1,BT-v2,10086,1,1.0,1,0,0,timeout,120.19999999999531,10.0,0.0,0.39999999999999997,120.19999999999531,0.0,0.0,0.02038269550748752,
RL-s1-b200-a1.00,rl,1.0,2,results/es_killfirst/ckpt_seed1_gen00200.npz,200,1,BT-v2,10087,0,0.5,0,1,0,timeout,120.19999999999531,0.0,0.0,0.0,120.19999999999531,0.0,0.04658901830282862,0.004991680532445923,5745.520750933275
RL-s1-b200-a1.00,rl,1.0,2,results/es_killfirst/ckpt_seed1_gen00200.npz,200,1,BT-v2,10087,1,0.5,0,1,0,timeout,120.19999999999531,0.0,0.0,0.0,120.19999999999531,0.0,0.045757071547420966,0.013311148086522463,
RL-s1-b200-a1.00,rl,1.0,2,results/es_killfirst/ckpt_seed1_gen00200.npz,200,1,BT-v2,10088,0,0.5,0,1,0,timeout,120.19999999999531,0.0,0.0,0.0,120.19999999999531,0.0,0.0,0.005407653910149751,5758.99569195135
RL-s1-b200-a1.00,rl,1.0,2,results/es_killfirst/ckpt_seed1_gen00200.npz,200,1,BT-v2,10088,1,0.0,0,0,1,timeout,120.19999999999531,0.0,12.5,0.0,120.19999999999531,0.0,0.0,0.0074875207986688855,
RL-s1-b200-a1.00,rl,1.0,2,results/es_killfirst/ckpt_seed1_gen00200.npz,200,1,BT-v2,10089,0,0.5,0,1,0,timeout,120.19999999999531,0.0,0.0,0.0,120.19999999999531,0.0,0.0,0.0,5775.723747068114
RL-s1-b200-a1.00,rl,1.0,2,results/es_killfirst/ckpt_seed1_gen00200.npz,200,1,BT-v2,10089,1,1.0,1,0,0,timeout,120.19999999999531,8.75,0.0,0.35,120.19999999999531,0.0,0.0,0.004991680532445923,
RL-s1-b200-a1.00,rl,1.0,2,results/es_killfirst/ckpt_seed1_gen00200.npz,200,1,BT-v2,10090,0,0.5,0,1,0,timeout,120.19999999999531,0.0,0.0,0.0,120.19999999999531,0.0,0.011647254575707155,0.0,4945.930871173647
RL-s1-b200-a1.00,rl,1.0,2,results/es_killfirst/ckpt_seed1_gen00200.npz,200,1,BT-v2,10090,1,1.0,1,0,0,timeout,120.19999999999531,12.5,0.0,0.49999999999999994,120.19999999999531,0.0,0.014143094841930116,0.0024958402662229617,
RL-s1-b200-a1.00,rl,1.0,2,results/es_killfirst/ckpt_seed1_gen00200.npz,200,1,BT-v2,10091,0,1.0,1,0,0,timeout,120.19999999999531,10.0,0.0,0.39999999999999997,120.19999999999531,0.0,0.06198003327787022,0.004575707154742097,5135.2524057704295
RL-s1-b200-a1.00,rl,1.0,2,results/es_killfirst/ckpt_seed1_gen00200.npz,200,1,BT-v2,10091,1,0.5,0,1,0,timeout,120.19999999999531,0.0,0.0,0.0,120.19999999999531,0.0,0.06031613976705491,0.0,
RL-s1-b200-a1.00,rl,1.0,2,results/es_killfirst/ckpt_seed1_gen00200.npz,200,1,BT-v2,10092,0,0.0,0,0,1,timeout,120.19999999999531,0.0,5.0,0.0,120.19999999999531,0.0,0.0,0.008735440931780365,4946.623645588691
RL-s1-b200-a1.00,rl,1.0,2,results/es_killfirst/ckpt_seed1_gen00200.npz,200,1,BT-v2,10092,1,0.5,0,1,0,timeout,120.19999999999531,0.0,0.0,0.0,120.19999999999531,0.0,0.0,0.004991680532445923,
RL-s1-b200-a1.00,rl,1.0,2,results/es_killfirst/ckpt_seed1_gen00200.npz,200,1,BT-v2,10093,0,0.5,0,1,0,timeout,120.19999999999531,0.0,0.0,0.0,120.19999999999531,0.0,0.0,0.0,5476.5761828478135
RL-s1-b200-a1.00,rl,1.0,2,results/es_killfirst/ckpt_seed1_gen00200.npz,200,1,BT-v2,10093,1,0.5,0,1,0,timeout,120.19999999999531,0.0,0.0,0.0,120.19999999999531,0.0,0.0,0.009983361064891847,
RL-s1-b200-a1.00,rl,1.0,2,results/es_killfirst/ckpt_seed1_gen00200.npz,200,1,BT-v2,10094,0,0.0,0,0,1,timeout,120.19999999999531,0.0,12.5,0.0,120.19999999999531,0.0,0.03286189683860233,0.0,5711.385261239527
RL-s1-b200-a1.00,rl,1.0,2,results/es_killfirst/ckpt_seed1_gen00200.npz,200,1,BT-v2,10094,1,1.0,1,0,0,timeout,120.19999999999531,18.75,0.0,0.7500000000000001,120.19999999999531,0.0,0.04159733777038269,0.005407653910149751,
RL-s1-b200-a1.00,rl,1.0,2,results/es_killfirst/ckpt_seed1_gen00200.npz,200,1,BT-v2,10095,0,0.0,0,0,1,timeout,120.19999999999531,0.0,12.5,0.0,120.19999999999531,0.0,0.0,0.005407653910149751,5842.837313900946
RL-s1-b200-a1.00,rl,1.0,2,results/es_killfirst/ckpt_seed1_gen00200.npz,200,1,BT-v2,10095,1,0.5,0,1,0,timeout,120.19999999999531,0.0,0.0,0.0,120.19999999999531,0.0,0.0,0.0,
RL-s1-b200-a1.00,rl,1.0,2,results/es_killfirst/ckpt_seed1_gen00200.npz,200,1,BT-v2,10096,0,1.0,1,0,0,timeout,120.19999999999531,15.0,0.0,0.6,120.19999999999531,0.0,0.04991680532445923,0.006239600665557404,4854.510527667427
RL-s1-b200-a1.00,rl,1.0,2,results/es_killfirst/ckpt_seed1_gen00200.npz,200,1,BT-v2,10096,1,0.5,0,1,0,timeout,120.19999999999531,0.0,0.0,0.0,120.19999999999531,0.0,0.048252911813643926,0.0,
RL-s1-b200-a1.00,rl,1.0,2,results/es_killfirst/ckpt_seed1_gen00200.npz,200,1,BT-v2,10097,0,0.5,0,1,0,timeout,120.19999999999531,0.0,0.0,0.0,120.19999999999531,0.0,0.06447587354409318,0.0037437603993344427,6085.287350480895
RL-s1-b200-a1.00,rl,1.0,2,results/es_killfirst/ckpt_seed1_gen00200.npz,200,1,BT-v2,10097,1,1.0,1,0,0,timeout,120.19999999999531,3.75,0.0,0.15000000000000002,120.19999999999531,0.0,0.03743760399334443,0.0,
RL-s1-b200-a1.00,rl,1.0,2,results/es_killfirst/ckpt_seed1_gen00200.npz,200,1,BT-v2,10098,0,1.0,1,0,0,timeout,120.19999999999531,6.25,0.0,0.25,120.19999999999531,0.0,0.019550748752079867,0.007071547420965058,4766.56894835513
RL-s1-b200-a1.00,rl,1.0,2,results/es_killfirst/ckpt_seed1_gen00200.npz,200,1,BT-v2,10098,1,1.0,1,0,0,timeout,120.19999999999531,20.0,0.0,0.8000000000000002,120.19999999999531,0.0,0.019550748752079867,0.0074875207986688855,
RL-s1-b200-a1.00,rl,1.0,2,results/es_killfirst/ckpt_seed1_gen00200.npz,200,1,BT-v2,10099,0,1.0,1,0,0,timeout,120.19999999999531,42.5,0.0,1.7000000000000008,120.19999999999531,0.0,0.0,0.005823627287853577,5173.017598627669
RL-s1-b200-a1.00,rl,1.0,2,results/es_killfirst/ckpt_seed1_gen00200.npz,200,1,BT-v2,10099,1,1.0,1,0,0,timeout,120.19999999999531,6.25,0.0,0.25,120.19999999999531,0.0,0.0,0.022462562396006656,
RL-s1-b200-a1.00,rl,1.0,2,results/es_killfirst/ckpt_seed1_gen00200.npz,200,1,BT-v3,10000,0,1.0,1,0,0,timeout,120.19999999999531,20.0,0.0,0.8000000000000002,120.19999999999531,0.0,0.03161397670549085,0.025374376039933443,4250.3390390729355
RL-s1-b200-a1.00,rl,1.0,2,results/es_killfirst/ckpt_seed1_gen00200.npz,200,1,BT-v3,10000,1,1.0,1,0,0,timeout,120.19999999999531,11.25,0.0,0.44999999999999996,120.19999999999531,0.0,0.03410981697171381,0.012895174708818636,
RL-s1-b200-a1.00,rl,1.0,2,results/es_killfirst/ckpt_seed1_gen00200.npz,200,1,BT-v3,10001,0,1.0,1,0,0,timeout,120.19999999999531,1.25,0.0,0.05,120.19999999999531,0.0,0.004159733777038269,0.01622296173044925,4478.423661887977
RL-s1-b200-a1.00,rl,1.0,2,results/es_killfirst/ckpt_seed1_gen00200.npz,200,1,BT-v3,10001,1,0.5,0,1,0,timeout,120.19999999999531,0.0,0.0,0.0,120.19999999999531,0.0,0.0,0.0008319467554076539,
RL-s1-b200-a1.00,rl,1.0,2,results/es_killfirst/ckpt_seed1_gen00200.npz,200,1,BT-v3,10002,0,1.0,1,0,0,timeout,120.19999999999531,23.75,0.0,0.9500000000000003,120.19999999999531,0.0,0.022462562396006656,0.012895174708818636,4239.980315207458
RL-s1-b200-a1.00,rl,1.0,2,results/es_killfirst/ckpt_seed1_gen00200.npz,200,1,BT-v3,10002,1,1.0,1,0,0,timeout,120.19999999999531,25.0,0.0,1.0000000000000002,120.19999999999531,0.0,0.027870216306156406,0.0033277870216306157,
RL-s1-b200-a1.00,rl,1.0,2,results/es_killfirst/ckpt_seed1_gen00200.npz,200,1,BT-v3,10003,0,0.0,0,0,1,timeout,120.19999999999531,0.0,8.75,0.0,120.19999999999531,0.0,0.07154742096505824,0.004159733777038269,6444.850116200944
RL-s1-b200-a1.00,rl,1.0,2,results/es_killfirst/ckpt_seed1_gen00200.npz,200,1,BT-v3,10003,1,1.0,1,0,0,timeout,120.19999999999531,73.75,0.0,2.9499999999999975,120.19999999999531,0.0,0.042429284525790346,0.015806988352745424,
RL-s1-b200-a1.00,rl,1.0,2,results/es_killfirst/ckpt_seed1_gen00200.npz,200,1,BT-v3,10004,0,0.0,0,0,1,timeout,120.19999999999531,0.0,11.25,0.0,120.19999999999531,0.0,0.024126455906821963,0.01747088186356073,4187.740590207351
RL-s1-b200-a1.00,rl,1.0,2,results/es_killfirst/ckpt_seed1_gen00200.npz,200,1,BT-v3,10004,1,0.5,0,1,0,timeout,120.19999999999531,0.0,0.0,0.0,120.19999999999531,0.0,0.02038269550748752,0.0,
RL-s1-b200-a1.00,rl,1.0,2,results/es_killfirst/ckpt_seed1_gen00200.npz,200,1,BT-v3,10005,0,0.0,0,0,1,timeout,120.19999999999531,0.0,5.0,0.0,120.19999999999531,0.0,0.07154742096505824,0.0,5767.43952469137
RL-s1-b200-a1.00,rl,1.0,2,results/es_killfirst/ckpt_seed1_gen00200.npz,200,1,BT-v3,10005,1,1.0,1,0,0,timeout,120.19999999999531,5.0,0.0,0.2,120.19999999999531,0.0,0.07570715474209651,0.0,
RL-s1-b200-a1.00,rl,1.0,2,results/es_killfirst/ckpt_seed1_gen00200.npz,200,1,BT-v3,10006,0,0.0,0,0,1,timeout,120.19999999999531,0.0,88.75,0.0,120.19999999999531,0.0,0.0074875207986688855,0.012063227953410981,5861.624406226383
RL-s1-b200-a1.00,rl,1.0,2,results/es_killfirst/ckpt_seed1_gen00200.npz,200,1,BT-v3,10006,1,1.0,1,0,0,timeout,120.19999999999531,30.0,0.0,1.2000000000000004,120.19999999999531,0.0,0.010399334442595673,0.0029118136439267887,
RL-s1-b200-a1.00,rl,1.0,2,results/es_killfirst/ckpt_seed1_gen00200.npz,200,1,BT-v3,10007,0,1.0,1,0,0,timeout,120.19999999999531,15.0,0.0,0.6,120.19999999999531,0.0,0.01622296173044925,0.022878535773710483,3919.580747692334
RL-s1-b200-a1.00,rl,1.0,2,results/es_killfirst/ckpt_seed1_gen00200.npz,200,1,BT-v3,10007,1,1.0,1,0,0,timeout,120.19999999999531,7.5,0.0,0.3,120.19999999999531,0.0,0.01913477537437604,0.0,
RL-s1-b200-a1.00,rl,1.0,2,results/es_killfirst/ckpt_seed1_gen00200.npz,200,1,BT-v3,10008,0,1.0,1,0,0,timeout,120.19999999999531,11.25,7.5,0.44999999999999996,120.19999999999531,0.0,0.04159733777038269,0.004575707154742097,5660.227636293815
RL-s1-b200-a1.00,rl,1.0,2,results/es_killfirst/ckpt_seed1_gen00200.npz,200,1,BT-v3,10008,1,0.5,0,1,0,timeout,120.19999999999531,0.0,0.0,0.0,120.19999999999531,0.0,0.04367720465890183,0.0,
RL-s1-b200-a1.00,rl,1.0,2,results/es_killfirst/ckpt_seed1_gen00200.npz,200,1,BT-v3,10009,0,0.5,0,1,0,timeout,120.19999999999531,0.0,0.0,0.0,120.19999999999531,0.0,0.024958402662229616,0.014559068219633943,4473.9093034824
RL-s1-b200-a1.00,rl,1.0,2,results/es_killfirst/ckpt_seed1_gen00200.npz,200,1,BT-v3,10009,1,0.5,0,1,0,timeout,120.19999999999531,0.0,0.0,0.0,120.19999999999531,0.0,0.019966722129783693,0.004159733777038269,
RL-s1-b200-a1.00,rl,1.0,2,results/es_killfirst/ckpt_seed1_gen00200.npz,200,1,BT-v3,10010,0,1.0,1,0,0,timeout,120.19999999999531,25.0,0.0,1.0000000000000002,120.19999999999531,0.0,0.05449251247920133,0.004991680532445923,4806.8642630204995
RL-s1-b200-a1.00,rl,1.0,2,results/es_killfirst/ckpt_seed1_gen00200.npz,200,1,BT-v3,10010,1,1.0,1,0,0,timeout,120.19999999999531,26.25,15.0,1.0500000000000003,120.19999999999531,0.0,0.06198003327787022,0.012895174708818636,
RL-s1-b200-a1.00,rl,1.0,2,results/es_killfirst/ckpt_seed1_gen00200.npz,200,1,BT-v3,10011,0,0.5,0,1,0,timeout,120.19999999999531,0.0,0.0,0.0,120.19999999999531,0.0,0.0,0.0020798668885191347,5862.691392075442
RL-s1-b200-a1.00,rl,1.0,2,results/es_killfirst/ckpt_seed1_gen00200.npz,200,1,BT-v3,10011,1,1.0,1,0,0,timeout,120.19999999999531,20.0,0.0,0.8000000000000002,120.19999999999531,0.0,0.0,0.023710482529118136,
RL-s1-b200-a1.00,rl,1.0,2,results/es_killfirst/ckpt_seed1_gen00200.npz,200,1,BT-v3,10012,0,1.0,1,0,0,timeout,120.19999999999531,20.0,0.0,0.8000000000000002,120.19999999999531,0.0,0.07445923460898503,0.014975041597337771,3819.5433696894124
RL-s1-b200-a1.00,rl,1.0,2,results/es_killfirst/ckpt_seed1_gen00200.npz,200,1,BT-v3,10012,1,1.0,1,0,0,timeout,120.19999999999531,33.75,0.0,1.3500000000000005,120.19999999999531,0.0,0.0723793677204659,0.004575707154742097,
RL-s1-b200-a1.00,rl,1.0,2,results/es_killfirst/ckpt_seed1_gen00200.npz,200,1,BT-v3,10013,0,1.0,1,0,0,timeout,120.19999999999531,6.25,0.0,0.25,120.19999999999531,0.0,0.03618968386023295,0.005823627287853577,5823.719275522084
RL-s1-b200-a1.00,rl,1.0,2,results/es_killfirst/ckpt_seed1_gen00200.npz,200,1,BT-v3,10013,1,1.0,1,0,0,timeout,120.19999999999531,7.5,0.0,0.3,120.19999999999531,0.0,0.02329450915141431,0.0,
RL-s1-b200-a1.00,rl,1.0,2,results/es_killfirst/ckpt_seed1_gen00200.npz,200,1,BT-v3,10014,0,1.0,1,0,0,timeout,120.19999999999531,17.5,0.0,0.7000000000000001,120.19999999999531,0.0,0.0,0.005407653910149751,6252.1793295802845
RL-s1-b200-a1.00,rl,1.0,2,results/es_killfirst/ckpt_seed1_gen00200.npz,200,1,BT-v3,10014,1,0.5,0,1,0,timeout,120.19999999999531,0.0,0.0,0.0,120.19999999999531,0.0,0.0,0.0033277870216306157,
RL-s1-b200-a1.00,rl,1.0,2,results/es_killfirst/ckpt_seed1_gen00200.npz,200,1,BT-v3,10015,0,0.0,0,0,1,timeout,120.19999999999531,0.0,15.0,0.0,120.19999999999531,0.0,0.0,0.0074875207986688855,5317.220912477203
RL-s1-b200-a1.00,rl,1.0,2,results/es_killfirst/ckpt_seed1_gen00200.npz,200,1,BT-v3,10015,1,0.5,0,1,0,timeout,120.19999999999531,0.0,0.0,0.0,120.19999999999531,0.0,0.0,0.0066555740432612314,
RL-s1-b200-a1.00,rl,1.0,2,results/es_killfirst/ckpt_seed1_gen00200.npz,200,1,BT-v3,10016,0,1.0,1,0,0,timeout,120.19999999999531,5.0,0.0,0.2,120.19999999999531,0.0,0.0,0.03577371048252912,3958.1056195288174
RL-s1-b200-a1.00,rl,1.0,2,results/es_killfirst/ckpt_seed1_gen00200.npz,200,1,BT-v3,10016,1,1.0,1,0,0,timeout,120.19999999999531,18.75,8.75,0.7500000000000001,120.19999999999531,0.0,0.0,0.040349417637271213,
RL-s1-b200-a1.00,rl,1.0,2,results/es_killfirst/ckpt_seed1_gen00200.npz,200,1,BT-v3,10017,0,0.5,0,1,0,timeout,120.19999999999531,0.0,0.0,0.0,120.19999999999531,0.0,0.03743760399334443,0.0,5375.757475211834
RL-s1-b200-a1.00,rl,1.0,2,results/es_killfirst/ckpt_seed1_gen00200.npz,200,1,BT-v3,10017,1,1.0,1,0,0,gun_kill,117.34999999999548,100.0,0.0,3.999999999999994,117.34999999999548,0.0,0.026450511945392493,0.0,
RL-s1-b200-a1.00,rl,1.0,2,results/es_killfirst/ckpt_seed1_gen00200.npz,200,1,BT-v3,10018,0,0.5,0,1,0,timeout,120.19999999999531,0.0,0.0,0.0,120.19999999999531,0.0,0.014143094841930116,0.029950083194675542,4081.373787517885
RL-s1-b200-a1.00,rl,1.0,2,results/es_killfirst/ckpt_seed1_gen00200.npz,200,1,BT-v3,10018,1,1.0,1,0,0,timeout,120.19999999999531,15.0,0.0,0.6,120.19999999999531,0.0,0.016638935108153077,0.03410981697171381,
RL-s1-b200-a1.00,rl,1.0,2,results/es_killfirst/ckpt_seed1_gen00200.npz,200,1,BT-v3,10019,0,1.0,1,0,0,timeout,120.19999999999531,67.5,0.0,2.6999999999999984,120.19999999999531,0.0,0.0,0.029118136439267885,4921.799442198563
RL-s1-b200-a1.00,rl,1.0,2,results/es_killfirst/ckpt_seed1_gen00200.npz,200,1,BT-v3,10019,1,0.5,0,1,0,timeout,120.19999999999531,0.0,0.0,0.0,120.19999999999531,0.0,0.0,0.005823627287853577,
RL-s1-b200-a1.00,rl,1.0,2,results/es_killfirst/ckpt_seed1_gen00200.npz,200,1,BT-v3,10020,0,1.0,1,0,0,timeout,120.19999999999531,2.5,0.0,0.1,120.19999999999531,0.0,0.0,0.029118136439267885,5175.615491564121
RL-s1-b200-a1.00,rl,1.0,2,results/es_killfirst/ckpt_seed1_gen00200.npz,200,1,BT-v3,10020,1,1.0,1,0,0,timeout,120.19999999999531,13.75,1.25,0.5499999999999999,120.19999999999531,0.0,0.0,0.004991680532445923,
RL-s1-b200-a1.00,rl,1.0,2,results/es_killfirst/ckpt_seed1_gen00200.npz,200,1,BT-v3,10021,0,0.5,0,1,0,timeout,120.19999999999531,0.0,0.0,0.0,120.19999999999531,0.0,0.064891846921797,0.0,5589.364959822463
RL-s1-b200-a1.00,rl,1.0,2,results/es_killfirst/ckpt_seed1_gen00200.npz,200,1,BT-v3,10021,1,1.0,1,0,0,timeout,120.19999999999531,82.5,0.0,3.2999999999999963,120.19999999999531,0.0,0.06905158069883527,0.014975041597337771,
RL-s1-b200-a1.00,rl,1.0,2,results/es_killfirst/ckpt_seed1_gen00200.npz,200,1,BT-v3,10022,0,1.0,1,0,0,timeout,120.19999999999531,11.25,0.0,0.44999999999999996,120.19999999999531,0.0,0.04076539101497504,0.010815307820299502,4941.189668749386
RL-s1-b200-a1.00,rl,1.0,2,results/es_killfirst/ckpt_seed1_gen00200.npz,200,1,BT-v3,10022,1,1.0,1,0,0,timeout,120.19999999999531,7.5,0.0,0.3,120.19999999999531,0.0,0.04534109816971714,0.0008319467554076539,
RL-s1-b200-a1.00,rl,1.0,2,results/es_killfirst/ckpt_seed1_gen00200.npz,200,1,BT-v3,10023,0,1.0,1,0,0,timeout,120.19999999999531,25.0,0.0,1.0000000000000002,120.19999999999531,0.0,0.039101497504159734,0.0029118136439267887,6181.957925241221
RL-s1-b200-a1.00,rl,1.0,2,results/es_killfirst/ckpt_seed1_gen00200.npz,200,1,BT-v3,10023,1,0.5,0,1,0,timeout,120.19999999999531,0.0,0.0,0.0,120.19999999999531,0.0,0.025790349417637273,0.0016638935108153079,
RL-s1-b200-a1.00,rl,1.0,2,results/es_killfirst/ckpt_seed1_gen00200.npz,200,1,BT-v3,10024,0,1.0,1,0,0,timeout,120.19999999999531,8.75,0.0,0.35,120.19999999999531,0.0,0.033277870216306155,0.03618968386023295,4115.656914173739
RL-s1-b200-a1.00,rl,1.0,2,results/es_killfirst/ckpt_seed1_gen00200.npz,200,1,BT-v3,10024,1,0.0,0,0,1,timeout,120.19999999999531,0.0,72.5,0.0,120.19999999999531,0.0,0.028286189683860232,0.021214642262895173,
RL-s1-b200-a1.00,rl,1.0,2,results/es_killfirst/ckpt_seed1_gen00200.npz,200,1,BT-v3,10025,0,0.5,0,1,0,timeout,120.19999999999531,0.0,0.0,0.0,120.19999999999531,0.0,0.022878535773710483,0.004991680532445923,6991.409726551554
RL-s1-b200-a1.00,rl,1.0,2,results/es_killfirst/ckpt_seed1_gen00200.npz,200,1,BT-v3,10025,1,1.0,1,0,0,timeout,120.19999999999531,25.0,0.0,1.0000000000000002,120.19999999999531,0.0,0.022878535773710483,0.004575707154742097,
RL-s1-b200-a1.00,rl,1.0,2,results/es_killfirst/ckpt_seed1_gen00200.npz,200,1,BT-v3,10026,0,1.0,1,0,0,timeout,120.19999999999531,93.75,0.0,3.7499999999999947,120.19999999999531,0.0,0.0740432612312812,0.012063227953410981,3943.498008114879
RL-s1-b200-a1.00,rl,1.0,2,results/es_killfirst/ckpt_seed1_gen00200.npz,200,1,BT-v3,10026,1,1.0,1,0,0,timeout,120.19999999999531,3.75,0.0,0.15000000000000002,120.19999999999531,0.0,0.07362728785357738,0.004159733777038269,
RL-s1-b200-a1.00,rl,1.0,2,results/es_killfirst/ckpt_seed1_gen00200.npz,200,1,BT-v3,10027,0,1.0,1,0,0,timeout,120.19999999999531,83.75,0.0,3.349999999999996,120.19999999999531,0.0,0.10856905158069884,0.0,3567.986847899785
RL-s1-b200-a1.00,rl,1.0,2,results/es_killfirst/ckpt_seed1_gen00200.npz,200,1,BT-v3,10027,1,0.0,0,0,1,timeout,120.19999999999531,6.25,8.75,0.25,120.19999999999531,0.0,0.0524126455906822,0.008735440931780365,
RL-s1-b200-a1.00,rl,1.0,2,results/es_killfirst/ckpt_seed1_gen00200.npz,200,1,BT-v3,10028,0,0.0,0,0,1,timeout,120.19999999999531,0.0,16.25,0.0,120.19999999999531,0.0,0.0,0.012479201331114808,6298.322616117537
RL-s1-b200-a1.00,rl,1.0,2,results/es_killfirst/ckpt_seed1_gen00200.npz,200,1,BT-v3,10028,1,0.5,0,1,0,timeout,120.19999999999531,0.0,0.0,0.0,120.19999999999531,0.0,0.0,0.0033277870216306157,
RL-s1-b200-a1.00,rl,1.0,2,results/es_killfirst/ckpt_seed1_gen00200.npz,200,1,BT-v3,10029,0,0.5,0,1,0,timeout,120.19999999999531,0.0,0.0,0.0,120.19999999999531,0.0,0.0,0.0,5105.166055209974
RL-s1-b200-a1.00,rl,1.0,2,results/es_killfirst/ckpt_seed1_gen00200.npz,200,1,BT-v3,10029,1,0.5,0,1,0,timeout,120.19999999999531,0.0,0.0,0.0,120.19999999999531,0.0,0.0,0.0,
RL-s1-b200-a1.00,rl,1.0,2,results/es_killfirst/ckpt_seed1_gen00200.npz,200,1,BT-v3,10030,0,0.0,0,0,1,timeout,120.19999999999531,0.0,6.25,0.0,120.19999999999531,0.0,0.03868552412645591,0.0,6069.311190445819
RL-s1-b200-a1.00,rl,1.0,2,results/es_killfirst/ckpt_seed1_gen00200.npz,200,1,BT-v3,10030,1,0.5,0,1,0,timeout,120.19999999999531,0.0,0.0,0.0,120.19999999999531,0.0,0.05033277870216306,0.0,
RL-s1-b200-a1.00,rl,1.0,2,results/es_killfirst/ckpt_seed1_gen00200.npz,200,1,BT-v3,10031,0,0.5,0,1,0,timeout,120.19999999999531,0.0,0.0,0.0,120.19999999999531,0.0,0.050748752079866885,0.0,6121.491925169094
RL-s1-b200-a1.00,rl,1.0,2,results/es_killfirst/ckpt_seed1_gen00200.npz,200,1,BT-v3,10031,1,0.5,0,1,0,timeout,120.19999999999531,0.0,0.0,0.0,120.19999999999531,0.0,0.05490848585690516,0.0,
RL-s1-b200-a1.00,rl,1.0,2,results/es_killfirst/ckpt_seed1_gen00200.npz,200,1,BT-v3,10032,0,1.0,1,0,0,timeout,120.19999999999531,38.75,0.0,1.5500000000000007,120.19999999999531,0.0,0.0262063227953411,0.0029118136439267887,4064.3776567995915
RL-s1-b200-a1.00,rl,1.0,2,results/es_killfirst/ckpt_seed1_gen00200.npz,200,1,BT-v3,10032,1,0.5,0,1,0,timeout,120.19999999999531,0.0,0.0,0.0,120.19999999999531,0.0,0.02745424292845258,0.005823627287853577,
RL-s1-b200-a1.00,rl,1.0,2,results/es_killfirst/ckpt_seed1_gen00200.npz,200,1,BT-v3,10033,0,0.5,0,1,0,timeout,120.19999999999531,0.0,0.0,0.0,120.19999999999531,0.0,0.023710482529118136,0.0,6325.644132100886
RL-s1-b200-a1.00,rl,1.0,2,results/es_killfirst/ckpt_seed1_gen00200.npz,200,1,BT-v3,10033,1,1.0,1,0,0,timeout,120.19999999999531,35.0,3.75,1.4000000000000006,120.19999999999531,0.0,0.020798668885191347,0.040349417637271213,
RL-s1-b200-a1.00,rl,1.0,2,results/es_killfirst/ckpt_seed1_gen00200.npz,200,1,BT-v3,10034,0,1.0,1,0,0,timeout,120.19999999999531,7.5,0.0,0.3,120.19999999999531,0.0,0.027038269550748752,0.017054908485856904,4487.605507632873
RL-s1-b200-a1.00,rl,1.0,2,results/es_killfirst/ckpt_seed1_gen00200.npz,200,1,BT-v3,10034,1,1.0,1,0,0,timeout,120.19999999999531,8.75,0.0,0.35,120.19999999999531,0.0,0.0262063227953411,0.0,
RL-s1-b200-a1.00,rl,1.0,2,results/es_killfirst/ckpt_seed1_gen00200.npz,200,1,BT-v3,10035,0,0.0,0,0,1,timeout,120.19999999999531,6.25,27.5,0.25,120.19999999999531,0.0,0.014559068219633943,0.0370216306156406,4774.621523115731
RL-s1-b200-a1.00,rl,1.0,2,results/es_killfirst/ckpt_seed1_gen00200.npz,200,1,BT-v3,10035,1,0.5,0,1,0,timeout,120.19999999999531,0.0,0.0,0.0,120.19999999999531,0.0,0.022462562396006656,0.004575707154742097,
RL-s1-b200-a1.00,rl,1.0,2,results/es_killfirst/ckpt_seed1_gen00200.npz,200,1,BT-v3,10036,0,0.0,0,0,1,timeout,120.19999999999531,0.0,18.75,0.0,120.19999999999531,0.0,0.008319467554076539,0.010815307820299502,5755.283783842875
RL-s1-b200-a1.00,rl,1.0,2,results/es_killfirst/ckpt_seed1_gen00200.npz,200,1,BT-v3,10036,1,0.5,0,1,0,timeout,120.19999999999531,0.0,0.0,0.0,120.19999999999531,0.0,0.009151414309484194,0.005823627287853577,
RL-s1-b200-a1.00,rl,1.0,2,results/es_killfirst/ckpt_seed1_gen00200.npz,200,1,BT-v3,10037,0,0.5,0,1,0,timeout,120.19999999999531,0.0,0.0,0.0,120.19999999999531,0.0,0.07903494176372712,0.0037437603993344427,4971.320708583288
RL-s1-b200-a1.00,rl,1.0,2,results/es_killfirst/ckpt_seed1_gen00200.npz,200,1,BT-v3,10037,1,0.5,0,1,0,timeout,120.19999999999531,0.0,0.0,0.0,120.19999999999531,0.0,0.04284525790349417,0.0,
RL-s1-b200-a1.00,rl,1.0,2,results/es_killfirst/ckpt_seed1_gen00200.npz,200,1,BT-v3,10038,0,1.0,1,0,0,timeout,120.19999999999531,5.0,0.0,0.2,120.19999999999531,0.0,0.0324459234608985,0.02454242928452579,4823.538854073738
RL-s1-b200-a1.00,rl,1.0,2,results/es_killfirst/ckpt_seed1_gen00200.npz,200,1,BT-v3,10038,1,1.0,1,0,0,timeout,120.19999999999531,16.25,0.0,0.65,120.19999999999531,0.0,0.019550748752079867,0.0,
RL-s1-b200-a1.00,rl,1.0,2,results/es_killfirst/ckpt_seed1_gen00200.npz,200,1,BT-v3,10039,0,1.0,1,0,0,gun_kill,114.24999999999565,100.0,0.0,3.999999999999994,114.24999999999565,0.0,0.01882661996497373,0.03152364273204904,3398.734889730279
RL-s1-b200-a1.00,rl,1.0,2,results/es_killfirst/ckpt_seed1_gen00200.npz,200,1,BT-v3,10039,1,0.0,0,0,1,gun_kill,47.34999999999945,0.0,100.0,0.0,47.34999999999945,0.0,0.0423728813559322,0.029661016949152543,
RL-s1-b200-a1.00,rl,1.0,2,results/es_killfirst/ckpt_seed1_gen00200.npz,200,1,BT-v3,10040,0,0.0,0,0,1,timeout,120.19999999999531,6.25,57.5,0.25,120.19999999999531,0.0,0.0,0.01372712146422629,6724.58035899092
RL-s1-b200-a1.00,rl,1.0,2,results/es_killfirst/ckpt_seed1_gen00200.npz,200,1,BT-v3,10040,1,1.0,1,0,0,timeout,120.19999999999531,31.25,0.0,1.2500000000000004,120.19999999999531,0.0,0.0,0.004575707154742097,
RL-s1-b200-a1.00,rl,1.0,2,results/es_killfirst/ckpt_seed1_gen00200.npz,200,1,BT-v3,10041,0,1.0,1,0,0,timeout,120.19999999999531,16.25,0.0,0.65,120.19999999999531,0.0,0.021214642262895173,0.02204658901830283,3927.7363080320592
RL-s1-b200-a1.00,rl,1.0,2,results/es_killfirst/ckpt_seed1_gen00200.npz,200,1,BT-v3,10041,1,1.0,1,0,0,timeout,120.19999999999531,85.0,0.0,3.399999999999996,120.19999999999531,0.0,0.022462562396006656,0.0262063227953411,
RL-s1-b200-a1.00,rl,1.0,2,results/es_killfirst/ckpt_seed1_gen00200.npz,200,1,BT-v3,10042,0,1.0,1,0,0,timeout,120.19999999999531,6.25,0.0,0.25,120.19999999999531,0.0,0.05698835274542429,0.0,6223.951335880118
RL-s1-b200-a1.00,rl,1.0,2,results/es_killfirst/ckpt_seed1_gen00200.npz,200,1,BT-v3,10042,1,0.5,0,1,0,timeout,120.19999999999531,0.0,0.0,0.0,120.19999999999531,0.0,0.05740432612312812,0.0,
RL-s1-b200-a1.00,rl,1.0,2,results/es_killfirst/ckpt_seed1_gen00200.npz,200,1,BT-v3,10043,0,1.0,1,0,0,timeout,120.19999999999531,2.5,0.0,0.1,120.19999999999531,0.0,0.0,0.02454242928452579,4483.4793939844185
RL-s1-b200-a1.00,rl,1.0,2,results/es_killfirst/ckpt_seed1_gen00200.npz,200,1,BT-v3,10043,1,1.0,1,0,0,timeout,120.19999999999531,28.75,0.0,1.1500000000000004,120.19999999999531,0.0,0.0,0.02204658901830283,
RL-s1-b200-a1.00,rl,1.0,2,results/es_killfirst/ckpt_seed1_gen00200.npz,200,1,BT-v3,10044,0,1.0,1,0,0,timeout,120.19999999999531,10.0,0.0,0.39999999999999997,120.19999999999531,0.0,0.0,0.0033277870216306157,6040.608014643975
RL-s1-b200-a1.00,rl,1.0,2,results/es_killfirst/ckpt_seed1_gen00200.npz,200,1,BT-v3,10044,1,0.5,0,1,0,timeout,120.19999999999531,0.0,0.0,0.0,120.19999999999531,0.0,0.0,0.005407653910149751,
RL-s1-b200-a1.00,rl,1.0,2,results/es_killfirst/ckpt_seed1_gen00200.npz,200,1,BT-v3,10045,0,1.0,1,0,0,timeout,120.19999999999531,16.25,0.0,0.65,120.19999999999531,0.0,0.04367720465890183,0.02870216306156406,5042.065132299971
RL-s1-b200-a1.00,rl,1.0,2,results/es_killfirst/ckpt_seed1_gen00200.npz,200,1,BT-v3,10045,1,0.5,0,1,0,timeout,120.19999999999531,0.0,0.0,0.0,120.19999999999531,0.0,0.03868552412645591,0.0,
RL-s1-b200-a1.00,rl,1.0,2,results/es_killfirst/ckpt_seed1_gen00200.npz,200,1,BT-v3,10046,0,1.0,1,0,0,gun_kill,56.04999999999895,100.0,0.0,3.999999999999994,56.04999999999895,0.0,0.2517857142857143,0.0,4663.53710719281
RL-s1-b200-a1.00,rl,1.0,2,results/es_killfirst/ckpt_seed1_gen00200.npz,200,1,BT-v3,10046,1,0.5,0,1,0,timeout,120.19999999999531,0.0,0.0,0.0,120.19999999999531,0.0,0.05574043261231281,0.0,
RL-s1-b200-a1.00,rl,1.0,2,results/es_killfirst/ckpt_seed1_gen00200.npz,200,1,BT-v3,10047,0,1.0,1,0,0,timeout,120.19999999999531,56.25,0.0,2.25,120.19999999999531,0.0,0.008735440931780365,0.033277870216306155,3672.7387821055186
RL-s1-b200-a1.00,rl,1.0,2,results/es_killfirst/ckpt_seed1_gen00200.npz,200,1,BT-v3,10047,1,1.0,1,0,0,timeout,120.19999999999531,86.25,0.0,3.4499999999999957,120.19999999999531,0.0,0.010399334442595673,0.025790349417637273,
RL-s1-b200-a1.00,rl,1.0,2,results/es_killfirst/ckpt_seed1_gen00200.npz,200,1,BT-v3,10048,0,1.0,1,0,0,gun_kill,117.64999999999546,100.0,0.0,3.999999999999994,117.64999999999546,0.0,0.031037414965986394,0.022534013605442178,3414.2181959515947
RL-s1-b200-a1.00,rl,1.0,2,results/es_killfirst/ckpt_seed1_gen00200.npz,200,1,BT-v3,10048,1,0.5,0,1,0,timeout,120.19999999999531,0.0,0.0,0.0,120.19999999999531,0.0,0.0262063227953411,0.0,
RL-s1-b200-a1.00,rl,1.0,2,results/es_killfirst/ckpt_seed1_gen00200.npz,200,1,BT-v3,10049,0,0.0,0,0,1,timeout,120.19999999999531,0.0,8.75,0.0,120.19999999999531,0.0,0.05740432612312812,0.011231281198003328,4422.684834941866
RL-s1-b200-a1.00,rl,1.0,2,results/es_killfirst/ckpt_seed1_gen00200.npz,200,1,BT-v3,10049,1,1.0,1,0,0,timeout,120.19999999999531,5.0,0.0,0.2,120.19999999999531,0.0,0.03494176372712146,0.009151414309484194,
RL-s1-b200-a1.00,rl,1.0,2,results/es_killfirst/ckpt_seed1_gen00200.npz,200,1,BT-v3,10050,0,1.0,1,0,0,timeout,120.19999999999531,32.5,0.0,1.3000000000000005,120.19999999999531,0.0,0.021630615640599003,0.005407653910149751,5431.1496815196
RL-s1-b200-a1.00,rl,1.0,2,results/es_killfirst/ckpt_seed1_gen00200.npz,200,1,BT-v3,10050,1,0.5,0,1,0,timeout,120.19999999999531,0.0,0.0,0.0,120.19999999999531,0.0,0.018718801996672214,0.0,
RL-s1-b200-a1.00,rl,1.0,2,results/es_killfirst/ckpt_seed1_gen00200.npz,200,1,BT-v3,10051,0,1.0,1,0,0,timeout,120.19999999999531,31.25,6.25,1.2500000000000004,120.19999999999531,0.0,0.06530782029950083,0.005407653910149751,5751.378350357759
RL-s1-b200-a1.00,rl,1.0,2,results/es_killfirst/ckpt_seed1_gen00200.npz,200,1,BT-v3,10051,1,1.0,1,0,0,timeout,120.19999999999531,33.75,0.0,1.3500000000000005,120.19999999999531,0.0,0.06572379367720466,0.030782029950083195,
RL-s1-b200-a1.00,rl,1.0,2,results/es_killfirst/ckpt_seed1_gen00200.npz,200,1,BT-v3,10052,0,1.0,1,0,0,timeout,120.19999999999531,3.75,0.0,0.15000000000000002,120.19999999999531,0.0,0.036605657237936774,0.01788685524126456,4211.561507951524
RL-s1-b200-a1.00,rl,1.0,2,results/es_killfirst/ckpt_seed1_gen00200.npz,200,1,BT-v3,10052,1,1.0,1,0,0,timeout,120.19999999999531,3.75,0.0,0.15000000000000002,120.19999999999531,0.0,0.0324459234608985,0.005407653910149751,
RL-s1-b200-a1.00,rl,1.0,2,results/es_killfirst/ckpt_seed1_gen00200.npz,200,1,BT-v3,10053,0,1.0,1,0,0,timeout,120.19999999999531,23.75,0.0,0.9500000000000003,120.19999999999531,0.0,0.0,0.0,6445.004990844545
RL-s1-b200-a1.00,rl,1.0,2,results/es_killfirst/ckpt_seed1_gen00200.npz,200,1,BT-v3,10053,1,0.5,0,1,0,timeout,120.19999999999531,0.0,0.0,0.0,120.19999999999531,0.0,0.0,0.005407653910149751,
RL-s1-b200-a1.00,rl,1.0,2,results/es_killfirst/ckpt_seed1_gen00200.npz,200,1,BT-v3,10054,0,1.0,1,0,0,timeout,120.19999999999531,21.25,0.0,0.8500000000000002,120.19999999999531,0.0,0.0,0.004991680532445923,5044.220390486805
RL-s1-b200-a1.00,rl,1.0,2,results/es_killfirst/ckpt_seed1_gen00200.npz,200,1,BT-v3,10054,1,1.0,1,0,0,timeout,120.19999999999531,32.5,0.0,1.3000000000000005,120.19999999999531,0.0,0.0,0.005823627287853577,
RL-s1-b200-a1.00,rl,1.0,2,results/es_killfirst/ckpt_seed1_gen00200.npz,200,1,BT-v3,10055,0,0.5,0,1,0,timeout,120.19999999999531,0.0,0.0,0.0,120.19999999999531,0.0,0.004575707154742097,0.004575707154742097,4913.435823561436
RL-s1-b200-a1.00,rl,1.0,2,results/es_killfirst/ckpt_seed1_gen00200.npz,200,1,BT-v3,10055,1,0.0,0,0,1,timeout,120.19999999999531,0.0,1.25,0.0,120.19999999999531,0.0,0.004159733777038269,0.03993344425956739,
RL-s1-b200-a1.00,rl,1.0,2,results/es_killfirst/ckpt_seed1_gen00200.npz,200,1,BT-v3,10056,0,1.0,1,0,0,timeout,120.19999999999531,33.75,0.0,1.3500000000000005,120.19999999999531,0.0,0.06738768718801996,0.0033277870216306157,3948.816000536533
RL-s1-b200-a1.00,rl,1.0,2,results/es_killfirst/ckpt_seed1_gen00200.npz,200,1,BT-v3,10056,1,0.5,0,1,0,timeout,120.19999999999531,0.0,0.0,0.0,120.19999999999531,0.0,0.06198003327787022,0.0,
RL-s1-b200-a1.00,rl,1.0,2,results/es_killfirst/ckpt_seed1_gen00200.npz,200,1,BT-v3,10057,0,0.5,0,1,0,timeout,120.19999999999531,0.0,0.0,0.0,120.19999999999531,0.0,0.0,0.0012479201331114808,5485.846034443539
RL-s1-b200-a1.00,rl,1.0,2,results/es_killfirst/ckpt_seed1_gen00200.npz,200,1,BT-v3,10057,1,0.0,0,0,1,timeout,120.19999999999531,0.0,2.5,0.0,120.19999999999531,0.0,0.0,0.03036605657237937,
RL-s1-b200-a1.00,rl,1.0,2,results/es_killfirst/ckpt_seed1_gen00200.npz,200,1,BT-v3,10058,0,1.0,1,0,0,gun_kill,114.74999999999562,100.0,0.0,3.999999999999994,114.74999999999562,0.0,0.056282722513089,0.0231239092495637,3339.812780925279
RL-s1-b200-a1.00,rl,1.0,2,results/es_killfirst/ckpt_seed1_gen00200.npz,200,1,BT-v3,10058,1,0.0,0,0,1,timeout,120.19999999999531,0.0,13.75,0.0,120.19999999999531,0.0,0.04367720465890183,0.00041597337770382697,
RL-s1-b200-a1.00,rl,1.0,2,results/es_killfirst/ckpt_seed1_gen00200.npz,200,1,BT-v3,10059,0,0.5,0,1,0,timeout,120.19999999999531,0.0,0.0,0.0,120.19999999999531,0.0,0.0033277870216306157,0.01372712146422629,4820.962599523536
RL-s1-b200-a1.00,rl,1.0,2,results/es_killfirst/ckpt_seed1_gen00200.npz,200,1,BT-v3,10059,1,0.5,0,1,0,timeout,120.19999999999531,0.0,0.0,0.0,120.19999999999531,0.0,0.0033277870216306157,0.014559068219633943,
RL-s1-b200-a1.00,rl,1.0,2,results/es_killfirst/ckpt_seed1_gen00200.npz,200,1,BT-v3,10060,0,1.0,1,0,0,timeout,120.19999999999531,16.25,0.0,0.65,120.19999999999531,0.0,0.04118136439267887,0.029534109816971715,4714.481729228596
RL-s1-b200-a1.00,rl,1.0,2,results/es_killfirst/ckpt_seed1_gen00200.npz,200,1,BT-v3,10060,1,0.5,0,1,0,timeout,120.19999999999531,0.0,0.0,0.0,120.19999999999531,0.0,0.04742096505823627,0.0,
RL-s1-b200-a1.00,rl,1.0,2,results/es_killfirst/ckpt_seed1_gen00200.npz,200,1,BT-v3,10061,0,1.0,1,0,0,timeout,120.19999999999531,13.75,0.0,0.5499999999999999,120.19999999999531,0.0,0.0370216306156406,0.0074875207986688855,4311.833605478004
RL-s1-b200-a1.00,rl,1.0,2,results/es_killfirst/ckpt_seed1_gen00200.npz,200,1,BT-v3,10061,1,1.0,1,0,0,timeout,120.19999999999531,27.5,0.0,1.1000000000000003,120.19999999999531,0.0,0.04617304492512479,0.006239600665557404,
RL-s1-b200-a1.00,rl,1.0,2,results/es_killfirst/ckpt_seed1_gen00200.npz,200,1,BT-v3,10062,0,0.0,0,0,1,timeout,120.19999999999531,7.5,10.0,0.3,120.19999999999531,0.0,0.07071547420965059,0.004991680532445923,6196.7792246372055
RL-s1-b200-a1.00,rl,1.0,2,results/es_killfirst/ckpt_seed1_gen00200.npz,200,1,BT-v3,10062,1,0.5,0,1,0,timeout,120.19999999999531,0.0,0.0,0.0,120.19999999999531,0.0,0.07196339434276207,0.0,
RL-s1-b200-a1.00,rl,1.0,2,results/es_killfirst/ckpt_seed1_gen00200.npz,200,1,BT-v3,10063,0,1.0,1,0,0,timeout,120.19999999999531,11.25,6.25,0.44999999999999996,120.19999999999531,0.0,0.026622296173044926,0.005407653910149751,5018.796232947947
RL-s1-b200-a1.00,rl,1.0,2,results/es_killfirst/ckpt_seed1_gen00200.npz,200,1,BT-v3,10063,1,0.5,0,1,0,timeout,120.19999999999531,0.0,0.0,0.0,120.19999999999531,0.0,0.02745424292845258,0.01913477537437604,
RL-s1-b200-a1.00,rl,1.0,2,results/es_killfirst/ckpt_seed1_gen00200.npz,200,1,BT-v3,10064,0,1.0,1,0,0,timeout,120.19999999999531,5.0,0.0,0.2,120.19999999999531,0.0,0.025790349417637273,0.02454242928452579,4743.287938412135
RL-s1-b200-a1.00,rl,1.0,2,results/es_killfirst/ckpt_seed1_gen00200.npz,200,1,BT-v3,10064,1,1.0,1,0,0,timeout,120.19999999999531,22.5,0.0,0.9000000000000002,120.19999999999531,0.0,0.019550748752079867,0.0,
RL-s1-b200-a1.00,rl,1.0,2,results/es_killfirst/ckpt_seed1_gen00200.npz,200,1,BT-v3,10065,0,0.5,0,1,0,timeout,120.19999999999531,0.0,0.0,0.0,120.19999999999531,0.0,0.020798668885191347,0.004159733777038269,5395.654093266362
RL-s1-b200-a1.00,rl,1.0,2,results/es_killfirst/ckpt_seed1_gen00200.npz,200,1,BT-v3,10065,1,0.0,0,0,1,timeout,120.19999999999531,6.25,8.75,0.25,120.19999999999531,0.0,0.021214642262895173,0.0066555740432612314,
RL-s1-b200-a1.00,rl,1.0,2,results/es_killfirst/ckpt_seed1_gen00200.npz,200,1,BT-v3,10066,0,0.5,0,1,0,timeout,120.19999999999531,0.0,0.0,0.0,120.19999999999531,0.0,0.04159733777038269,0.013311148086522463,4693.808139031943
RL-s1-b200-a1.00,rl,1.0,2,results/es_killfirst/ckpt_seed1_gen00200.npz,200,1,BT-v3,10066,1,1.0,1,0,0,timeout,120.19999999999531,16.25,0.0,0.65,120.19999999999531,0.0,0.050748752079866885,0.037853577371048254,
RL-s1-b200-a1.00,rl,1.0,2,results/es_killfirst/ckpt_seed1_gen00200.npz,200,1,BT-v3,10067,0,1.0,1,0,0,timeout,120.19999999999531,10.0,0.0,0.39999999999999997,120.19999999999531,0.0,0.019966722129783693,0.0020798668885191347,5898.792386714547
RL-s1-b200-a1.00,rl,1.0,2,results/es_killfirst/ckpt_seed1_gen00200.npz,200,1,BT-v3,10067,1,0.5,0,1,0,timeout,120.19999999999531,0.0,0.0,0.0,120.19999999999531,0.0,0.012895174708818636,0.005823627287853577,
RL-s1-b200-a1.00,rl,1.0,2,results/es_killfirst/ckpt_seed1_gen00200.npz,200,1,BT-v3,10068,0,1.0,1,0,0,timeout,120.19999999999531,22.5,0.0,0.9000000000000002,120.19999999999531,0.0,0.024958402662229616,0.0,6240.993987780685
RL-s1-b200-a1.00,rl,1.0,2,results/es_killfirst/ckpt_seed1_gen00200.npz,200,1,BT-v3,10068,1,1.0,1,0,0,timeout,120.19999999999531,8.75,0.0,0.35,120.19999999999531,0.0,0.03286189683860233,0.018302828618968387,
RL-s1-b200-a1.00,rl,1.0,2,results/es_killfirst/ckpt_seed1_gen00200.npz,200,1,BT-v3,10069,0,0.5,0,1,0,timeout,120.19999999999531,0.0,0.0,0.0,120.19999999999531,0.0,0.0074875207986688855,0.015806988352745424,4377.445168789821
RL-s1-b200-a1.00,rl,1.0,2,results/es_killfirst/ckpt_seed1_gen00200.npz,200,1,BT-v3,10069,1,1.0,1,0,0,timeout,120.19999999999531,26.25,0.0,1.0500000000000003,120.19999999999531,0.0,0.008319467554076539,0.0,
RL-s1-b200-a1.00,rl,1.0,2,results/es_killfirst/ckpt_seed1_gen00200.npz,200,1,BT-v3,10070,0,1.0,1,0,0,timeout,120.19999999999531,17.5,0.0,0.7000000000000001,120.19999999999531,0.0,0.012895174708818636,0.0033277870216306157,6676.077346420667
RL-s1-b200-a1.00,rl,1.0,2,results/es_killfirst/ckpt_seed1_gen00200.npz,200,1,BT-v3,10070,1,1.0,1,0,0,timeout,120.19999999999531,23.75,7.5,0.9500000000000003,120.19999999999531,0.0,0.013311148086522463,0.03826955074875208,
RL-s1-b200-a1.00,rl,1.0,2,results/es_killfirst/ckpt_seed1_gen00200.npz,200,1,BT-v3,10071,0,0.5,0,1,0,timeout,120.19999999999531,0.0,0.0,0.0,120.19999999999531,0.0,0.0,0.008735440931780365,4574.22754874562
RL-s1-b200-a1.00,rl,1.0,2,results/es_killfirst/ckpt_seed1_gen00200.npz,200,1,BT-v3,10071,1,1.0,1,0,0,timeout,120.19999999999531,20.0,0.0,0.8000000000000002,120.19999999999531,0.0,0.0,0.034525790349417634,
RL-s1-b200-a1.00,rl,1.0,2,results/es_killfirst/ckpt_seed1_gen00200.npz,200,1,BT-v3,10072,0,0.0,0,0,1,gun_kill,50.24999999999928,0.0,100.0,0.0,50.24999999999928,0.0,0.0,0.03386454183266932,5558.533848689369
RL-s1-b200-a1.00,rl,1.0,2,results/es_killfirst/ckpt_seed1_gen00200.npz,200,1,BT-v3,10072,1,1.0,1,0,0,timeout,120.19999999999531,26.25,0.0,1.0500000000000003,120.19999999999531,0.0,0.0,0.036605657237936774,
RL-s1-b200-a1.00,rl,1.0,2,results/es_killfirst/ckpt_seed1_gen00200.npz,200,1,BT-v3,10073,0,1.0,1,0,0,gun_kill,103.74999999999625,100.0,0.0,3.999999999999994,103.74999999999625,0.0,0.02895752895752896,0.011583011583011582,4949.743719469733
RL-s1-b200-a1.00,rl,1.0,2,results/es_killfirst/ckpt_seed1_gen00200.npz,200,1,BT-v3,10073,1,1.0,1,0,0,timeout,120.19999999999531,31.25,0.0,1.2500000000000004,120.19999999999531,0.0,0.02454242928452579,0.005823627287853577,
RL-s1-b200-a1.00,rl,1.0,2,results/es_killfirst/ckpt_seed1_gen00200.npz,200,1,BT-v3,10074,0,0.5,0,1,0,timeout,120.19999999999531,0.0,0.0,0.0,120.19999999999531,0.0,0.05740432612312812,0.0,5446.701962001158
RL-s1-b200-a1.00,rl,1.0,2,results/es_killfirst/ckpt_seed1_gen00200.npz,200,1,BT-v3,10074,1,1.0,1,0,0,timeout,120.19999999999531,6.25,0.0,0.25,120.19999999999531,0.0,0.05324459234608985,0.01372712146422629,
RL-s1-b200-a1.00,rl,1.0,2,results/es_killfirst/ckpt_seed1_gen00200.npz,200,1,BT-v3,10075,0,1.0,1,0,0,timeout,120.19999999999531,75.0,0.0,2.9999999999999973,120.19999999999531,0.0,0.02454242928452579,0.03577371048252912,4896.245907119352
RL-s1-b200-a1.00,rl,1.0,2,results/es_killfirst/ckpt_seed1_gen00200.npz,200,1,BT-v3,10075,1,0.5,0,1,0,timeout,120.19999999999531,0.0,0.0,0.0,120.19999999999531,0.0,0.022462562396006656,0.00956738768718802,
RL-s1-b200-a1.00,rl,1.0,2,results/es_killfirst/ckpt_seed1_gen00200.npz,200,1,BT-v3,10076,0,1.0,1,0,0,timeout,120.19999999999531,8.75,0.0,0.35,120.19999999999531,0.0,0.025374376039933443,0.018302828618968387,4658.061250479348
RL-s1-b200-a1.00,rl,1.0,2,results/es_killfirst/ckpt_seed1_gen00200.npz,200,1,BT-v3,10076,1,1.0,1,0,0,timeout,120.19999999999531,18.75,0.0,0.7500000000000001,120.19999999999531,0.0,0.029118136439267885,0.016638935108153077,
RL-s1-b200-a1.00,rl,1.0,2,results/es_killfirst/ckpt_seed1_gen00200.npz,200,1,BT-v3,10077,0,0.5,0,1,0,timeout,120.19999999999531,0.0,0.0,0.0,120.19999999999531,0.0,0.019966722129783693,0.0,4999.124340111591
RL-s1-b200-a1.00,rl,1.0,2,results/es_killfirst/ckpt_seed1_gen00200.npz,200,1,BT-v3,10077,1,1.0,1,0,0,timeout,120.19999999999531,67.5,0.0,2.6999999999999984,120.19999999999531,0.0,0.02038269550748752,0.021630615640599003,
RL-s1-b200-a1.00,rl,1.0,2,results/es_killfirst/ckpt_seed1_gen00200.npz,200,1,BT-v3,10078,0,0.5,0,1,0,timeout,120.19999999999531,0.0,0.0,0.0,120.19999999999531,0.0,0.03868552412645591,0.0,5235.486021544225
RL-s1-b200-a1.00,rl,1.0,2,results/es_killfirst/ckpt_seed1_gen00200.npz,200,1,BT-v3,10078,1,1.0,1,0,0,timeout,120.19999999999531,7.5,0.0,0.3,120.19999999999531,0.0,0.047004991680532446,0.015391014975041598,
RL-s1-b200-a1.00,rl,1.0,2,results/es_killfirst/ckpt_seed1_gen00200.npz,200,1,BT-v3,10079,0,1.0,1,0,0,timeout,120.19999999999531,56.25,0.0,2.25,120.19999999999531,0.0,0.0,0.036605657237936774,4489.425535840743
RL-s1-b200-a1.00,rl,1.0,2,results/es_killfirst/ckpt_seed1_gen00200.npz,200,1,BT-v3,10079,1,0.0,0,0,1,timeout,120.19999999999531,0.0,96.25,0.0,120.19999999999531,0.0,0.0,0.018718801996672214,
RL-s1-b200-a1.00,rl,1.0,2,results/es_killfirst/ckpt_seed1_gen00200.npz,200,1,BT-v3,10080,0,0.5,0,1,0,timeout,120.19999999999531,0.0,0.0,0.0,120.19999999999531,0.0,0.01372712146422629,0.0,5858.56459698881
RL-s1-b200-a1.00,rl,1.0,2,results/es_killfirst/ckpt_seed1_gen00200.npz,200,1,BT-v3,10080,1,1.0,1,0,0,timeout,120.19999999999531,10.0,0.0,0.39999999999999997,120.19999999999531,0.0,0.014143094841930116,0.005823627287853577,
RL-s1-b200-a1.00,rl,1.0,2,results/es_killfirst/ckpt_seed1_gen00200.npz,200,1,BT-v3,10081,0,1.0,1,0,0,timeout,120.19999999999531,37.5,0.0,1.5000000000000007,120.19999999999531,0.0,0.0,0.0008319467554076539,5578.131689290942
RL-s1-b200-a1.00,rl,1.0,2,results/es_killfirst/ckpt_seed1_gen00200.npz,200,1,BT-v3,10081,1,1.0,1,0,0,timeout,120.19999999999531,60.0,0.0,2.3999999999999995,120.19999999999531,0.0,0.0,0.0,
RL-s1-b200-a1.00,rl,1.0,2,results/es_killfirst/ckpt_seed1_gen00200.npz,200,1,BT-v3,10082,0,1.0,1,0,0,timeout,120.19999999999531,13.75,11.25,0.5499999999999999,120.19999999999531,0.0,0.019966722129783693,0.004991680532445923,5779.580296419346
RL-s1-b200-a1.00,rl,1.0,2,results/es_killfirst/ckpt_seed1_gen00200.npz,200,1,BT-v3,10082,1,0.5,0,1,0,timeout,120.19999999999531,0.0,0.0,0.0,120.19999999999531,0.0,0.01913477537437604,0.0,
RL-s1-b200-a1.00,rl,1.0,2,results/es_killfirst/ckpt_seed1_gen00200.npz,200,1,BT-v3,10083,0,0.5,0,1,0,timeout,120.19999999999531,0.0,0.0,0.0,120.19999999999531,0.0,0.052828618968386025,0.0,6236.059031304555
RL-s1-b200-a1.00,rl,1.0,2,results/es_killfirst/ckpt_seed1_gen00200.npz,200,1,BT-v3,10083,1,0.5,0,1,0,timeout,120.19999999999531,0.0,0.0,0.0,120.19999999999531,0.0,0.055324459234608984,0.004575707154742097,
RL-s1-b200-a1.00,rl,1.0,2,results/es_killfirst/ckpt_seed1_gen00200.npz,200,1,BT-v3,10084,0,1.0,1,0,0,timeout,120.19999999999531,11.25,0.0,0.44999999999999996,120.19999999999531,0.0,0.0,0.0370216306156406,4782.35086810519
RL-s1-b200-a1.00,rl,1.0,2,results/es_killfirst/ckpt_seed1_gen00200.npz,200,1,BT-v3,10084,1,0.5,0,1,0,timeout,120.19999999999531,0.0,0.0,0.0,120.19999999999531,0.0,0.0,0.0,
RL-s1-b200-a1.00,rl,1.0,2,results/es_killfirst/ckpt_seed1_gen00200.npz,200,1,BT-v3,10085,0,1.0,1,0,0,timeout,120.19999999999531,3.75,0.0,0.15000000000000002,120.19999999999531,0.0,0.0,0.004575707154742097,5895.255694620471
RL-s1-b200-a1.00,rl,1.0,2,results/es_killfirst/ckpt_seed1_gen00200.npz,200,1,BT-v3,10085,1,1.0,1,0,0,timeout,120.19999999999531,73.75,0.0,2.9499999999999975,120.19999999999531,0.0,0.0,0.012895174708818636,
RL-s1-b200-a1.00,rl,1.0,2,results/es_killfirst/ckpt_seed1_gen00200.npz,200,1,BT-v3,10086,0,0.5,0,1,0,timeout,120.19999999999531,0.0,0.0,0.0,120.19999999999531,0.0,0.0,0.0,4728.146347842676
RL-s1-b200-a1.00,rl,1.0,2,results/es_killfirst/ckpt_seed1_gen00200.npz,200,1,BT-v3,10086,1,1.0,1,0,0,timeout,120.19999999999531,51.25,0.0,2.0500000000000007,120.19999999999531,0.0,0.0,0.03618968386023295,
RL-s1-b200-a1.00,rl,1.0,2,results/es_killfirst/ckpt_seed1_gen00200.npz,200,1,BT-v3,10087,0,0.5,0,1,0,collision,4.049999999999994,0.0,0.0,0.0,4.049999999999994,0.0,0.875,0.075,6476.752612699619
RL-s1-b200-a1.00,rl,1.0,2,results/es_killfirst/ckpt_seed1_gen00200.npz,200,1,BT-v3,10087,1,0.5,0,1,0,timeout,120.19999999999531,0.0,0.0,0.0,120.19999999999531,0.0,0.04658901830282862,0.0,
RL-s1-b200-a1.00,rl,1.0,2,results/es_killfirst/ckpt_seed1_gen00200.npz,200,1,BT-v3,10088,0,0.5,0,1,0,timeout,120.19999999999531,0.0,0.0,0.0,120.19999999999531,0.0,0.0,0.0029118136439267887,5850.299273542135
RL-s1-b200-a1.00,rl,1.0,2,results/es_killfirst/ckpt_seed1_gen00200.npz,200,1,BT-v3,10088,1,0.5,0,1,0,timeout,120.19999999999531,0.0,0.0,0.0,120.19999999999531,0.0,0.0,0.006239600665557404,
RL-s1-b200-a1.00,rl,1.0,2,results/es_killfirst/ckpt_seed1_gen00200.npz,200,1,BT-v3,10089,0,0.5,0,1,0,timeout,120.19999999999531,0.0,0.0,0.0,120.19999999999531,0.0,0.0,0.006239600665557404,5866.01517064832
RL-s1-b200-a1.00,rl,1.0,2,results/es_killfirst/ckpt_seed1_gen00200.npz,200,1,BT-v3,10089,1,1.0,1,0,0,timeout,120.19999999999531,8.75,0.0,0.35,120.19999999999531,0.0,0.0,0.0020798668885191347,
RL-s1-b200-a1.00,rl,1.0,2,results/es_killfirst/ckpt_seed1_gen00200.npz,200,1,BT-v3,10090,0,0.5,0,1,0,timeout,120.19999999999531,0.0,0.0,0.0,120.19999999999531,0.0,0.011647254575707155,0.0,5069.132100560773
RL-s1-b200-a1.00,rl,1.0,2,results/es_killfirst/ckpt_seed1_gen00200.npz,200,1,BT-v3,10090,1,1.0,1,0,0,timeout,120.19999999999531,12.5,0.0,0.49999999999999994,120.19999999999531,0.0,0.014143094841930116,0.0037437603993344427,
RL-s1-b200-a1.00,rl,1.0,2,results/es_killfirst/ckpt_seed1_gen00200.npz,200,1,BT-v3,10091,0,1.0,1,0,0,timeout,120.19999999999531,41.25,0.0,1.6500000000000008,120.19999999999531,0.0,0.06281198003327787,0.0066555740432612314,5189.04478053993
RL-s1-b200-a1.00,rl,1.0,2,results/es_killfirst/ckpt_seed1_gen00200.npz,200,1,BT-v3,10091,1,1.0,1,0,0,timeout,120.19999999999531,37.5,1.25,1.5000000000000007,120.19999999999531,0.0,0.06198003327787022,0.0066555740432612314,
RL-s1-b200-a1.00,rl,1.0,2,results/es_killfirst/ckpt_seed1_gen00200.npz,200,1,BT-v3,10092,0,0.0,0,0,1,timeout,120.19999999999531,0.0,6.25,0.0,120.19999999999531,0.0,0.0,0.005407653910149751,6690.258611814754
RL-s1-b200-a1.00,rl,1.0,2,results/es_killfirst/ckpt_seed1_gen00200.npz,200,1,BT-v3,10092,1,1.0,1,0,0,timeout,120.19999999999531,41.25,0.0,1.6500000000000008,120.19999999999531,0.0,0.0,0.03743760399334443,
RL-s1-b200-a1.00,rl,1.0,2,results/es_killfirst/ckpt_seed1_gen00200.npz,200,1,BT-v3,10093,0,1.0,1,0,0,timeout,120.19999999999531,3.75,0.0,0.15000000000000002,120.19999999999531,0.0,0.0,0.011647254575707155,5036.712343047254
RL-s1-b200-a1.00,rl,1.0,2,results/es_killfirst/ckpt_seed1_gen00200.npz,200,1,BT-v3,10093,1,0.0,0,0,1,timeout,120.19999999999531,0.0,15.0,0.0,120.19999999999531,0.0,0.0,0.005823627287853577,
RL-s1-b200-a1.00,rl,1.0,2,results/es_killfirst/ckpt_seed1_gen00200.npz,200,1,BT-v3,10094,0,1.0,1,0,0,timeout,120.19999999999531,1.25,0.0,0.05,120.19999999999531,0.0,0.0324459234608985,0.029118136439267885,4426.237006607425
RL-s1-b200-a1.00,rl,1.0,2,results/es_killfirst/ckpt_seed1_gen00200.npz,200,1,BT-v3,10094,1,1.0,1,0,0,timeout,120.19999999999531,23.75,0.0,0.9500000000000003,120.19999999999531,0.0,0.04159733777038269,0.0024958402662229617,
RL-s1-b200-a1.00,rl,1.0,2,results/es_killfirst/ckpt_seed1_gen00200.npz,200,1,BT-v3,10095,0,0.5,0,1,0,timeout,120.19999999999531,0.0,0.0,0.0,120.19999999999531,0.0,0.0,0.01747088186356073,4352.434034344317
RL-s1-b200-a1.00,rl,1.0,2,results/es_killfirst/ckpt_seed1_gen00200.npz,200,1,BT-v3,10095,1,0.5,0,1,0,timeout,120.19999999999531,0.0,0.0,0.0,120.19999999999531,0.0,0.0,0.0066555740432612314,
RL-s1-b200-a1.00,rl,1.0,2,results/es_killfirst/ckpt_seed1_gen00200.npz,200,1,BT-v3,10096,0,0.5,0,1,0,timeout,120.19999999999531,0.0,0.0,0.0,120.19999999999531,0.0,0.04866888519134775,0.004575707154742097,4769.373340367181
RL-s1-b200-a1.00,rl,1.0,2,results/es_killfirst/ckpt_seed1_gen00200.npz,200,1,BT-v3,10096,1,1.0,1,0,0,timeout,120.19999999999531,71.25,0.0,2.849999999999998,120.19999999999531,0.0,0.048252911813643926,0.009983361064891847,
RL-s1-b200-a1.00,rl,1.0,2,results/es_killfirst/ckpt_seed1_gen00200.npz,200,1,BT-v3,10097,0,1.0,1,0,0,timeout,120.19999999999531,5.0,0.0,0.2,120.19999999999531,0.0,0.06780366056572379,0.0,5894.49071933264
RL-s1-b200-a1.00,rl,1.0,2,results/es_killfirst/ckpt_seed1_gen00200.npz,200,1,BT-v3,10097,1,0.5,0,1,0,timeout,120.19999999999531,0.0,0.0,0.0,120.19999999999531,0.0,0.0370216306156406,0.0,
RL-s1-b200-a1.00,rl,1.0,2,results/es_killfirst/ckpt_seed1_gen00200.npz,200,1,BT-v3,10098,0,1.0,1,0,0,gun_kill,28.800000000000274,100.0,0.0,3.999999999999994,28.800000000000274,0.0,0.08216783216783216,0.0,4495.269149002698
RL-s1-b200-a1.00,rl,1.0,2,results/es_killfirst/ckpt_seed1_gen00200.npz,200,1,BT-v3,10098,1,1.0,1,0,0,timeout,120.19999999999531,16.25,0.0,0.65,120.19999999999531,0.0,0.019550748752079867,0.02454242928452579,
RL-s1-b200-a1.00,rl,1.0,2,results/es_killfirst/ckpt_seed1_gen00200.npz,200,1,BT-v3,10099,0,1.0,1,0,0,timeout,120.19999999999531,7.5,0.0,0.3,120.19999999999531,0.0,0.0,0.009151414309484194,3997.594196100456
RL-s1-b200-a1.00,rl,1.0,2,results/es_killfirst/ckpt_seed1_gen00200.npz,200,1,BT-v3,10099,1,1.0,1,0,0,timeout,120.19999999999531,61.25,0.0,2.4499999999999993,120.19999999999531,0.0,0.0,0.03494176372712146,
RL-s0-b300-a1.00,rl,1.0,2,results/es_killfirst/ckpt_seed0_gen00300.npz,300,0,BT-v2,10000,0,1.0,1,0,0,timeout,120.19999999999531,1.25,0.0,0.05,120.19999999999531,0.0,0.026622296173044926,0.004991680532445923,5998.281027481199
RL-s0-b300-a1.00,rl,1.0,2,results/es_killfirst/ckpt_seed0_gen00300.npz,300,0,BT-v2,10000,1,1.0,1,0,0,timeout,120.19999999999531,13.75,0.0,0.5499999999999999,120.19999999999531,0.0,0.030782029950083195,0.0,
RL-s0-b300-a1.00,rl,1.0,2,results/es_killfirst/ckpt_seed0_gen00300.npz,300,0,BT-v2,10001,0,0.0,0,0,1,timeout,120.19999999999531,0.0,10.0,0.0,120.19999999999531,0.0,0.0008319467554076539,0.030782029950083195,4180.98970917452
RL-s0-b300-a1.00,rl,1.0,2,results/es_killfirst/ckpt_seed0_gen00300.npz,300,0,BT-v2,10001,1,1.0,1,0,0,timeout,120.19999999999531,13.75,0.0,0.5499999999999999,120.19999999999531,0.0,0.0,0.0,
RL-s0-b300-a1.00,rl,1.0,2,results/es_killfirst/ckpt_seed0_gen00300.npz,300,0,BT-v2,10002,0,1.0,1,0,0,timeout,120.19999999999531,26.25,0.0,1.0500000000000003,120.19999999999531,0.0,0.025374376039933443,0.0,4472.536327782221
RL-s0-b300-a1.00,rl,1.0,2,results/es_killfirst/ckpt_seed0_gen00300.npz,300,0,BT-v2,10002,1,1.0,1,0,0,timeout,120.19999999999531,35.0,0.0,1.4000000000000006,120.19999999999531,0.10149750415973377,0.029534109816971715,0.03119800332778702,
RL-s0-b300-a1.00,rl,1.0,2,results/es_killfirst/ckpt_seed0_gen00300.npz,300,0,BT-v2,10003,0,0.5,0,1,0,timeout,120.19999999999531,0.0,0.0,0.0,120.19999999999531,0.0,0.0694675540765391,0.004575707154742097,5288.756352980039
RL-s0-b300-a1.00,rl,1.0,2,results/es_killfirst/ckpt_seed0_gen00300.npz,300,0,BT-v2,10003,1,0.5,0,1,0,timeout,120.19999999999531,0.0,0.0,0.0,120.19999999999531,0.0,0.05033277870216306,0.0,
RL-s0-b300-a1.00,rl,1.0,2,results/es_killfirst/ckpt_seed0_gen00300.npz,300,0,BT-v2,10004,0,0.5,0,1,0,timeout,120.19999999999531,0.0,0.0,0.0,120.19999999999531,0.0,0.019966722129783693,0.042429284525790346,4005.019325417754
RL-s0-b300-a1.00,rl,1.0,2,results/es_killfirst/ckpt_seed0_gen00300.npz,300,0,BT-v2,10004,1,1.0,1,0,0,timeout,120.19999999999531,15.0,0.0,0.6,120.19999999999531,0.0,0.02038269550748752,0.0,
RL-s0-b300-a1.00,rl,1.0,2,results/es_killfirst/ckpt_seed0_gen00300.npz,300,0,BT-v2,10005,0,0.0,0,0,1,timeout,120.19999999999531,0.0,3.75,0.0,120.19999999999531,0.0,0.06364392678868552,0.0,6229.964583814639
RL-s0-b300-a1.00,rl,1.0,2,results/es_killfirst/ckpt_seed0_gen00300.npz,300,0,BT-v2,10005,1,0.5,0,1,0,timeout,120.19999999999531,0.0,0.0,0.0,120.19999999999531,0.0,0.06905158069883527,0.0,
RL-s0-b300-a1.00,rl,1.0,2,results/es_killfirst/ckpt_seed0_gen00300.npz,300,0,BT-v2,10006,0,0.0,0,0,1,gun_kill,110.14999999999588,0.0,100.0,0.0,110.14999999999588,0.0,0.007727272727272728,0.0027272727272727275,6484.0489419552405
RL-s0-b300-a1.00,rl,1.0,2,results/es_killfirst/ckpt_seed0_gen00300.npz,300,0,BT-v2,10006,1,1.0,1,0,0,timeout,120.19999999999531,1.25,0.0,0.05,120.19999999999531,0.0,0.008735440931780365,0.005407653910149751,
RL-s0-b300-a1.00,rl,1.0,2,results/es_killfirst/ckpt_seed0_gen00300.npz,300,0,BT-v2,10007,0,1.0,1,0,0,timeout,120.19999999999531,13.75,0.0,0.5499999999999999,120.19999999999531,0.0,0.01747088186356073,0.01747088186356073,4052.38957904341
RL-s0-b300-a1.00,rl,1.0,2,results/es_killfirst/ckpt_seed0_gen00300.npz,300,0,BT-v2,10007,1,1.0,1,0,0,timeout,120.19999999999531,38.75,0.0,1.5500000000000007,120.19999999999531,0.11688851913477537,0.019966722129783693,0.0,
RL-s0-b300-a1.00,rl,1.0,2,results/es_killfirst/ckpt_seed0_gen00300.npz,300,0,BT-v2,10008,0,1.0,1,0,0,timeout,120.19999999999531,3.75,0.0,0.15000000000000002,120.19999999999531,0.0,0.03577371048252912,0.014975041597337771,4126.111602696431
RL-s0-b300-a1.00,rl,1.0,2,results/es_killfirst/ckpt_seed0_gen00300.npz,300,0,BT-v2,10008,1,1.0,1,0,0,timeout,120.19999999999531,3.75,0.0,0.15000000000000002,120.19999999999531,0.0,0.03743760399334443,0.0,
RL-s0-b300-a1.00,rl,1.0,2,results/es_killfirst/ckpt_seed0_gen00300.npz,300,0,BT-v2,10009,0,0.5,0,1,0,timeout,120.19999999999531,0.0,0.0,0.0,120.19999999999531,0.0,0.025790349417637273,0.006239600665557404,6007.740972334411
RL-s0-b300-a1.00,rl,1.0,2,results/es_killfirst/ckpt_seed0_gen00300.npz,300,0,BT-v2,10009,1,1.0,1,0,0,timeout,120.19999999999531,8.75,0.0,0.35,120.19999999999531,0.0,0.021630615640599003,0.0,
RL-s0-b300-a1.00,rl,1.0,2,results/es_killfirst/ckpt_seed0_gen00300.npz,300,0,BT-v2,10010,0,1.0,1,0,0,timeout,120.19999999999531,7.5,0.0,0.3,120.19999999999531,0.0,0.05116472545757072,0.0,5261.255463752748
RL-s0-b300-a1.00,rl,1.0,2,results/es_killfirst/ckpt_seed0_gen00300.npz,300,0,BT-v2,10010,1,0.5,0,1,0,collision,4.099999999999993,3.75,13.75,0.15000000000000002,4.099999999999993,0.0,0.8875,0.075,
RL-s0-b300-a1.00,rl,1.0,2,results/es_killfirst/ckpt_seed0_gen00300.npz,300,0,BT-v2,10011,0,0.5,0,1,0,timeout,120.19999999999531,0.0,0.0,0.0,120.19999999999531,0.0,0.0,0.0,5572.878566955063
RL-s0-b300-a1.00,rl,1.0,2,results/es_killfirst/ckpt_seed0_gen00300.npz,300,0,BT-v2,10011,1,0.5,0,1,0,timeout,120.19999999999531,0.0,0.0,0.0,120.19999999999531,0.0,0.0,0.014975041597337771,
RL-s0-b300-a1.00,rl,1.0,2,results/es_killfirst/ckpt_seed0_gen00300.npz,300,0,BT-v2,10012,0,0.5,0,1,0,timeout,120.19999999999531,0.0,0.0,0.0,120.19999999999531,0.0,0.06405990016638935,0.004575707154742097,3897.9643149442254
RL-s0-b300-a1.00,rl,1.0,2,results/es_killfirst/ckpt_seed0_gen00300.npz,300,0,BT-v2,10012,1,1.0,1,0,0,timeout,120.19999999999531,83.75,0.0,3.349999999999996,120.19999999999531,0.22337770382695507,0.06239600665557404,0.05366056572379368,
RL-s0-b300-a1.00,rl,1.0,2,results/es_killfirst/ckpt_seed0_gen00300.npz,300,0,BT-v2,10013,0,1.0,1,0,0,timeout,120.19999999999531,8.75,0.0,0.35,120.19999999999531,0.0,0.0324459234608985,0.0033277870216306157,6040.853096421356
RL-s0-b300-a1.00,rl,1.0,2,results/es_killfirst/ckpt_seed0_gen00300.npz,300,0,BT-v2,10013,1,1.0,1,0,0,timeout,120.19999999999531,6.25,0.0,0.25,120.19999999999531,0.0,0.025790349417637273,0.0,
RL-s0-b300-a1.00,rl,1.0,2,results/es_killfirst/ckpt_seed0_gen00300.npz,300,0,BT-v2,10014,0,1.0,1,0,0,timeout,120.19999999999531,26.25,0.0,1.0500000000000003,120.19999999999531,0.0,0.0,0.006239600665557404,6397.928968130352
RL-s0-b300-a1.00,rl,1.0,2,results/es_killfirst/ckpt_seed0_gen00300.npz,300,0,BT-v2,10014,1,1.0,1,0,0,timeout,120.19999999999531,3.75,0.0,0.15000000000000002,120.19999999999531,0.0,0.0,0.03161397670549085,
RL-s0-b300-a1.00,rl,1.0,2,results/es_killfirst/ckpt_seed0_gen00300.npz,300,0,BT-v2,10015,0,0.0,0,0,1,timeout,120.19999999999531,0.0,6.25,0.0,120.19999999999531,0.0,0.0,0.007903494176372712,5660.258638936505
RL-s0-b300-a1.00,rl,1.0,2,results/es_killfirst/ckpt_seed0_gen00300.npz,300,0,BT-v2,10015,1,1.0,1,0,0,timeout,120.19999999999531,22.5,0.0,0.9000000000000002,120.19999999999531,0.0,0.0,0.0,
RL-s0-b300-a1.00,rl,1.0,2,results/es_killfirst/ckpt_seed0_gen00300.npz,300,0,BT-v2,10016,0,1.0,1,0,0,timeout,120.19999999999531,15.0,0.0,0.6,120.19999999999531,0.0,0.0,0.0,4331.540102840428
RL-s0-b300-a1.00,rl,1.0,2,results/es_killfirst/ckpt_seed0_gen00300.npz,300,0,BT-v2,10016,1,1.0,1,0,0,timeout,120.19999999999531,13.75,5.0,0.5499999999999999,120.19999999999531,0.0,0.0,0.010815307820299502,
RL-s0-b300-a1.00,rl,1.0,2,results/es_killfirst/ckpt_seed0_gen00300.npz,300,0,BT-v2,10017,0,0.0,0,0,1,timeout,120.19999999999531,0.0,53.75,0.0,120.19999999999531,0.0,0.02870216306156406,0.0,4799.525309991616
RL-s0-b300-a1.00,rl,1.0,2,results/es_killfirst/ckpt_seed0_gen00300.npz,300,0,BT-v2,10017,1,1.0,1,0,0,timeout,120.19999999999531,22.5,0.0,0.9000000000000002,120.19999999999531,0.0,0.029118136439267885,0.0,
RL-s0-b300-a1.00,rl,1.0,2,results/es_killfirst/ckpt_seed0_gen00300.npz,300,0,BT-v2,10018,0,1.0,1,0,0,timeout,120.19999999999531,21.25,0.0,0.8500000000000002,120.19999999999531,0.0819467554076539,0.014143094841930116,0.033277870216306155,3822.503470017351
RL-s0-b300-a1.00,rl,1.0,2,results/es_killfirst/ckpt_seed0_gen00300.npz,300,0,BT-v2,10018,1,0.5,0,1,0,timeout,120.19999999999531,0.0,0.0,0.0,120.19999999999531,0.01747088186356073,0.015391014975041598,0.010399334442595673,
RL-s0-b300-a1.00,rl,1.0,2,results/es_killfirst/ckpt_seed0_gen00300.npz,300,0,BT-v2,10019,0,1.0,1,0,0,timeout,120.19999999999531,22.5,0.0,0.9000000000000002,120.19999999999531,0.0,0.0,0.0016638935108153079,6103.8676645420555
RL-s0-b300-a1.00,rl,1.0,2,results/es_killfirst/ckpt_seed0_gen00300.npz,300,0,BT-v2,10019,1,1.0,1,0,0,timeout,120.19999999999531,36.25,0.0,1.4500000000000006,120.19999999999531,0.0,0.0,0.010399334442595673,
RL-s0-b300-a1.00,rl,1.0,2,results/es_killfirst/ckpt_seed0_gen00300.npz,300,0,BT-v2,10020,0,1.0,1,0,0,timeout,120.19999999999531,17.5,0.0,0.7000000000000001,120.19999999999531,0.0,0.0,0.024958402662229616,5076.169237250861
RL-s0-b300-a1.00,rl,1.0,2,results/es_killfirst/ckpt_seed0_gen00300.npz,300,0,BT-v2,10020,1,1.0,1,0,0,timeout,120.19999999999531,15.0,0.0,0.6,120.19999999999531,0.0,0.0,0.026622296173044926,
RL-s0-b300-a1.00,rl,1.0,2,results/es_killfirst/ckpt_seed0_gen00300.npz,300,0,BT-v2,10021,0,0.5,0,1,0,timeout,120.19999999999531,0.0,0.0,0.0,120.19999999999531,0.0,0.05740432612312812,0.004159733777038269,5846.726300546534
RL-s0-b300-a1.00,rl,1.0,2,results/es_killfirst/ckpt_seed0_gen00300.npz,300,0,BT-v2,10021,1,1.0,1,0,0,timeout,120.19999999999531,7.5,0.0,0.3,120.19999999999531,0.14018302828618967,0.06572379367720466,0.0037437603993344427,
RL-s0-b300-a1.00,rl,1.0,2,results/es_killfirst/ckpt_seed0_gen00300.npz,300,0,BT-v2,10022,0,1.0,1,0,0,timeout,120.19999999999531,25.0,0.0,1.0000000000000002,120.19999999999531,0.0,0.03618968386023295,0.0012479201331114808,5147.953887124876
RL-s0-b300-a1.00,rl,1.0,2,results/es_killfirst/ckpt_seed0_gen00300.npz,300,0,BT-v2,10022,1,1.0,1,0,0,timeout,120.19999999999531,22.5,0.0,0.9000000000000002,120.19999999999531,0.0,0.04159733777038269,0.0037437603993344427,
RL-s0-b300-a1.00,rl,1.0,2,results/es_killfirst/ckpt_seed0_gen00300.npz,300,0,BT-v2,10023,0,0.0,0,0,1,gun_kill,48.099999999999405,0.0,100.0,0.0,48.099999999999405,0.0,0.08958333333333333,0.0,6461.89327497851
RL-s0-b300-a1.00,rl,1.0,2,results/es_killfirst/ckpt_seed0_gen00300.npz,300,0,BT-v2,10023,1,1.0,1,0,0,timeout,120.19999999999531,28.75,0.0,1.1500000000000004,120.19999999999531,0.0,0.02745424292845258,0.029534109816971715,
RL-s0-b300-a1.00,rl,1.0,2,results/es_killfirst/ckpt_seed0_gen00300.npz,300,0,BT-v2,10024,0,1.0,1,0,0,timeout,120.19999999999531,53.75,0.0,2.1500000000000004,120.19999999999531,0.13851913477537436,0.029950083194675542,0.03743760399334443,3830.5574486348687
RL-s0-b300-a1.00,rl,1.0,2,results/es_killfirst/ckpt_seed0_gen00300.npz,300,0,BT-v2,10024,1,0.0,0,0,1,timeout,120.19999999999531,0.0,63.75,0.0,120.19999999999531,0.0,0.02870216306156406,0.004991680532445923,
RL-s0-b300-a1.00,rl,1.0,2,results/es_killfirst/ckpt_seed0_gen00300.npz,300,0,BT-v2,10025,0,1.0,1,0,0,timeout,120.19999999999531,21.25,0.0,0.8500000000000002,120.19999999999531,0.0,0.02454242928452579,0.01747088186356073,5813.425489099184
RL-s0-b300-a1.00,rl,1.0,2,results/es_killfirst/ckpt_seed0_gen00300.npz,300,0,BT-v2,10025,1,0.5,0,1,0,timeout,120.19999999999531,0.0,0.0,0.0,120.19999999999531,0.0,0.025790349417637273,0.0,
RL-s0-b300-a1.00,rl,1.0,2,results/es_killfirst/ckpt_seed0_gen00300.npz,300,0,BT-v2,10026,0,0.5,0,1,0,timeout,120.19999999999531,0.0,0.0,0.0,120.19999999999531,0.040349417637271213,0.06988352745424292,0.0,4134.882184464131
RL-s0-b300-a1.00,rl,1.0,2,results/es_killfirst/ckpt_seed0_gen00300.npz,300,0,BT-v2,10026,1,1.0,1,0,0,timeout,120.19999999999531,3.75,0.0,0.15000000000000002,120.19999999999531,0.02745424292845258,0.0694675540765391,0.007903494176372712,
RL-s0-b300-a1.00,rl,1.0,2,results/es_killfirst/ckpt_seed0_gen00300.npz,300,0,BT-v2,10027,0,1.0,1,0,0,timeout,120.19999999999531,8.75,0.0,0.35,120.19999999999531,0.0,0.09359400998336107,0.0037437603993344427,4894.182966343379
RL-s0-b300-a1.00,rl,1.0,2,results/es_killfirst/ckpt_seed0_gen00300.npz,300,0,BT-v2,10027,1,0.5,0,1,0,timeout,120.19999999999531,0.0,0.0,0.0,120.19999999999531,0.0,0.06031613976705491,0.006239600665557404,
RL-s0-b300-a1.00,rl,1.0,2,results/es_killfirst/ckpt_seed0_gen00300.npz,300,0,BT-v2,10028,0,0.0,0,0,1,gun_kill,33.40000000000024,0.0,100.0,0.0,33.40000000000024,0.0,0.0,0.025602409638554216,6218.923713800373
RL-s0-b300-a1.00,rl,1.0,2,results/es_killfirst/ckpt_seed0_gen00300.npz,300,0,BT-v2,10028,1,1.0,1,0,0,timeout,120.19999999999531,18.75,0.0,0.7500000000000001,120.19999999999531,0.0,0.0,0.0074875207986688855,
RL-s0-b300-a1.00,rl,1.0,2,results/es_killfirst/ckpt_seed0_gen00300.npz,300,0,BT-v2,10029,0,0.5,0,1,0,timeout,120.19999999999531,0.0,0.0,0.0,120.19999999999531,0.0,0.0,0.0,4949.314683334036
RL-s0-b300-a1.00,rl,1.0,2,results/es_killfirst/ckpt_seed0_gen00300.npz,300,0,BT-v2,10029,1,0.5,0,1,0,timeout,120.19999999999531,0.0,0.0,0.0,120.19999999999531,0.0,0.0,0.0,
RL-s0-b300-a1.00,rl,1.0,2,results/es_killfirst/ckpt_seed0_gen00300.npz,300,0,BT-v2,10030,0,1.0,1,0,0,timeout,120.19999999999531,5.0,0.0,0.2,120.19999999999531,0.0,0.04409317803660566,0.007903494176372712,4573.639713954347
RL-s0-b300-a1.00,rl,1.0,2,results/es_killfirst/ckpt_seed0_gen00300.npz,300,0,BT-v2,10030,1,0.5,0,1,0,timeout,120.19999999999531,0.0,0.0,0.0,120.19999999999531,0.0,0.0478369384359401,0.005823627287853577,
RL-s0-b300-a1.00,rl,1.0,2,results/es_killfirst/ckpt_seed0_gen00300.npz,300,0,BT-v2,10031,0,0.5,0,1,0,timeout,120.19999999999531,0.0,0.0,0.0,120.19999999999531,0.0,0.04742096505823627,0.0,6417.161032129735
RL-s0-b300-a1.00,rl,1.0,2,results/es_killfirst/ckpt_seed0_gen00300.npz,300,0,BT-v2,10031,1,0.5,0,1,0,timeout,120.19999999999531,0.0,0.0,0.0,120.19999999999531,0.0,0.049500831946755405,0.0,
RL-s0-b300-a1.00,rl,1.0,2,results/es_killfirst/ckpt_seed0_gen00300.npz,300,0,BT-v2,10032,0,1.0,1,0,0,gun_kill,22.25000000000018,100.0,0.0,3.999999999999994,22.25000000000018,0.0,0.13288288288288289,0.0,4575.657287250231
RL-s0-b300-a1.00,rl,1.0,2,results/es_killfirst/ckpt_seed0_gen00300.npz,300,0,BT-v2,10032,1,1.0,1,0,0,timeout,120.19999999999531,13.75,0.0,0.5499999999999999,120.19999999999531,0.0,0.025374376039933443,0.0,
RL-s0-b300-a1.00,rl,1.0,2,results/es_killfirst/ckpt_seed0_gen00300.npz,300,0,BT-v2,10033,0,1.0,1,0,0,timeout,120.19999999999531,18.75,0.0,0.7500000000000001,120.19999999999531,0.0,0.019966722129783693,0.004575707154742097,6575.38030597933
RL-s0-b300-a1.00,rl,1.0,2,results/es_killfirst/ckpt_seed0_gen00300.npz,300,0,BT-v2,10033,1,1.0,1,0,0,timeout,120.19999999999531,17.5,0.0,0.7000000000000001,120.19999999999531,0.0,0.021214642262895173,0.004575707154742097,
RL-s0-b300-a1.00,rl,1.0,2,results/es_killfirst/ckpt_seed0_gen00300.npz,300,0,BT-v2,10034,0,1.0,1,0,0,timeout,120.19999999999531,26.25,0.0,1.0500000000000003,120.19999999999531,0.0,0.026622296173044926,0.011231281198003328,4675.337228138745
RL-s0-b300-a1.00,rl,1.0,2,results/es_killfirst/ckpt_seed0_gen00300.npz,300,0,BT-v2,10034,1,1.0,1,0,0,timeout,120.19999999999531,5.0,0.0,0.2,120.19999999999531,0.0,0.025790349417637273,0.0,
RL-s0-b300-a1.00,rl,1.0,2,results/es_killfirst/ckpt_seed0_gen00300.npz,300,0,BT-v2,10035,0,0.0,0,0,1,timeout,120.19999999999531,0.0,45.0,0.0,120.19999999999531,0.0,0.015391014975041598,0.0029118136439267887,6125.652005550675
RL-s0-b300-a1.00,rl,1.0,2,results/es_killfirst/ckpt_seed0_gen00300.npz,300,0,BT-v2,10035,1,1.0,1,0,0,timeout,120.19999999999531,15.0,0.0,0.6,120.19999999999531,0.0,0.02038269550748752,0.0066555740432612314,
RL-s0-b300-a1.00,rl,1.0,2,results/es_killfirst/ckpt_seed0_gen00300.npz,300,0,BT-v2,10036,0,0.0,0,0,1,timeout,120.19999999999531,0.0,11.25,0.0,120.19999999999531,0.0,0.0074875207986688855,0.004575707154742097,6176.590263304155
RL-s0-b300-a1.00,rl,1.0,2,results/es_killfirst/ckpt_seed0_gen00300.npz,300,0,BT-v2,10036,1,0.5,0,1,0,timeout,120.19999999999531,0.0,0.0,0.0,120.19999999999531,0.0,0.00956738768718802,0.005823627287853577,
RL-s0-b300-a1.00,rl,1.0,2,results/es_killfirst/ckpt_seed0_gen00300.npz,300,0,BT-v2,10037,0,0.5,0,1,0,timeout,120.19999999999531,0.0,0.0,0.0,120.19999999999531,0.0,0.07029950083194675,0.005407653910149751,5200.860546946537
RL-s0-b300-a1.00,rl,1.0,2,results/es_killfirst/ckpt_seed0_gen00300.npz,300,0,BT-v2,10037,1,1.0,1,0,0,timeout,120.19999999999531,6.25,0.0,0.25,120.19999999999531,0.0,0.0524126455906822,0.0,
RL-s0-b300-a1.00,rl,1.0,2,results/es_killfirst/ckpt_seed0_gen00300.npz,300,0,BT-v2,10038,0,0.5,0,1,0,timeout,120.19999999999531,0.0,0.0,0.0,120.19999999999531,0.0,0.028286189683860232,0.016638935108153077,4928.063737665307
RL-s0-b300-a1.00,rl,1.0,2,results/es_killfirst/ckpt_seed0_gen00300.npz,300,0,BT-v2,10038,1,1.0,1,0,0,timeout,120.19999999999531,13.75,0.0,0.5499999999999999,120.19999999999531,0.0,0.021630615640599003,0.0,
RL-s0-b300-a1.00,rl,1.0,2,results/es_killfirst/ckpt_seed0_gen00300.npz,300,0,BT-v2,10039,0,1.0,1,0,0,crash,112.74999999999574,33.75,0.0,1.3500000000000005,112.74999999999574,0.2824156305506217,0.018650088809946713,0.023090586145648313,3058.2819697240175
RL-s0-b300-a1.00,rl,1.0,2,results/es_killfirst/ckpt_seed0_gen00300.npz,300,0,BT-v2,10039,1,0.0,0,0,1,timeout,120.19999999999531,0.0,42.5,0.0,120.19999999999531,0.0,0.017054908485856904,0.018302828618968387,
RL-s0-b300-a1.00,rl,1.0,2,results/es_killfirst/ckpt_seed0_gen00300.npz,300,0,BT-v2,10040,0,0.0,0,0,1,gun_kill,119.39999999999536,0.0,100.0,0.0,119.39999999999536,0.0,0.0,0.008808724832214765,6966.320986690051
RL-s0-b300-a1.00,rl,1.0,2,results/es_killfirst/ckpt_seed0_gen00300.npz,300,0,BT-v2,10040,1,1.0,1,0,0,timeout,120.19999999999531,13.75,0.0,0.5499999999999999,120.19999999999531,0.0,0.0,0.0066555740432612314,
RL-s0-b300-a1.00,rl,1.0,2,results/es_killfirst/ckpt_seed0_gen00300.npz,300,0,BT-v2,10041,0,1.0,1,0,0,timeout,120.19999999999531,5.0,0.0,0.2,120.19999999999531,0.0,0.014559068219633943,0.006239600665557404,3878.5547988806734
RL-s0-b300-a1.00,rl,1.0,2,results/es_killfirst/ckpt_seed0_gen00300.npz,300,0,BT-v2,10041,1,0.5,0,1,0,timeout,120.19999999999531,0.0,0.0,0.0,120.19999999999531,0.0,0.01913477537437604,0.006239600665557404,
RL-s0-b300-a1.00,rl,1.0,2,results/es_killfirst/ckpt_seed0_gen00300.npz,300,0,BT-v2,10042,0,1.0,1,0,0,timeout,120.19999999999531,3.75,0.0,0.15000000000000002,120.19999999999531,0.0,0.054076539101497505,0.004159733777038269,4710.868196597584
RL-s0-b300-a1.00,rl,1.0,2,results/es_killfirst/ckpt_seed0_gen00300.npz,300,0,BT-v2,10042,1,1.0,1,0,0,timeout,120.19999999999531,18.75,0.0,0.7500000000000001,120.19999999999531,0.0,0.05490848585690516,0.0478369384359401,
RL-s0-b300-a1.00,rl,1.0,2,results/es_killfirst/ckpt_seed0_gen00300.npz,300,0,BT-v2,10043,0,1.0,1,0,0,timeout,120.19999999999531,11.25,0.0,0.44999999999999996,120.19999999999531,0.0,0.0,0.0,5933.8476504159225
RL-s0-b300-a1.00,rl,1.0,2,results/es_killfirst/ckpt_seed0_gen00300.npz,300,0,BT-v2,10043,1,1.0,1,0,0,timeout,120.19999999999531,38.75,0.0,1.5500000000000007,120.19999999999531,0.0,0.0,0.0262063227953411,
RL-s0-b300-a1.00,rl,1.0,2,results/es_killfirst/ckpt_seed0_gen00300.npz,300,0,BT-v2,10044,0,0.0,0,0,1,timeout,120.19999999999531,0.0,11.25,0.0,120.19999999999531,0.0,0.0,0.0066555740432612314,6158.116491643866
RL-s0-b300-a1.00,rl,1.0,2,results/es_killfirst/ckpt_seed0_gen00300.npz,300,0,BT-v2,10044,1,1.0,1,0,0,timeout,120.19999999999531,6.25,0.0,0.25,120.19999999999531,0.0,0.0,0.0012479201331114808,
RL-s0-b300-a1.00,rl,1.0,2,results/es_killfirst/ckpt_seed0_gen00300.npz,300,0,BT-v2,10045,0,0.5,0,1,0,timeout,120.19999999999531,0.0,0.0,0.0,120.19999999999531,0.0,0.040349417637271213,0.010399334442595673,5061.806734379893
RL-s0-b300-a1.00,rl,1.0,2,results/es_killfirst/ckpt_seed0_gen00300.npz,300,0,BT-v2,10045,1,0.5,0,1,0,timeout,120.19999999999531,0.0,0.0,0.0,120.19999999999531,0.0,0.03826955074875208,0.0,
RL-s0-b300-a1.00,rl,1.0,2,results/es_killfirst/ckpt_seed0_gen00300.npz,300,0,BT-v2,10046,0,0.0,0,0,1,gun_kill,87.54999999999717,0.0,100.0,0.0,87.54999999999717,0.0,0.12471395881006865,0.0,5340.047339249736
RL-s0-b300-a1.00,rl,1.0,2,results/es_killfirst/ckpt_seed0_gen00300.npz,300,0,BT-v2,10046,1,1.0,1,0,0,timeout,120.19999999999531,12.5,0.0,0.49999999999999994,120.19999999999531,0.0,0.0740432612312812,0.0,
RL-s0-b300-a1.00,rl,1.0,2,results/es_killfirst/ckpt_seed0_gen00300.npz,300,0,BT-v2,10047,0,1.0,1,0,0,timeout,120.19999999999531,3.75,0.0,0.15000000000000002,120.19999999999531,0.0,0.008319467554076539,0.0,4168.522697092403
RL-s0-b300-a1.00,rl,1.0,2,results/es_killfirst/ckpt_seed0_gen00300.npz,300,0,BT-v2,10047,1,0.5,0,1,0,timeout,120.19999999999531,0.0,0.0,0.0,120.19999999999531,0.0,0.007903494176372712,0.0,
RL-s0-b300-a1.00,rl,1.0,2,results/es_killfirst/ckpt_seed0_gen00300.npz,300,0,BT-v2,10048,0,0.5,0,1,0,timeout,120.19999999999531,0.0,0.0,0.0,120.19999999999531,0.19217970049916805,0.027870216306156406,0.029534109816971715,3146.0708980919353
RL-s0-b300-a1.00,rl,1.0,2,results/es_killfirst/ckpt_seed0_gen00300.npz,300,0,BT-v2,10048,1,1.0,1,0,0,gun_kill,25.550000000000228,100.0,0.0,3.999999999999994,25.550000000000228,0.0,0.1220472440944882,0.0,
RL-s0-b300-a1.00,rl,1.0,2,results/es_killfirst/ckpt_seed0_gen00300.npz,300,0,BT-v2,10049,0,0.5,0,1,0,timeout,120.19999999999531,0.0,0.0,0.0,120.19999999999531,0.0,0.05574043261231281,0.004991680532445923,4858.35176436978
RL-s0-b300-a1.00,rl,1.0,2,results/es_killfirst/ckpt_seed0_gen00300.npz,300,0,BT-v2,10049,1,1.0,1,0,0,timeout,120.19999999999531,2.5,0.0,0.1,120.19999999999531,0.0,0.04118136439267887,0.029950083194675542,
RL-s0-b300-a1.00,rl,1.0,2,results/es_killfirst/ckpt_seed0_gen00300.npz,300,0,BT-v2,10050,0,1.0,1,0,0,timeout,120.19999999999531,17.5,0.0,0.7000000000000001,120.19999999999531,0.0,0.02038269550748752,0.007071547420965058,5554.363344397803
RL-s0-b300-a1.00,rl,1.0,2,results/es_killfirst/ckpt_seed0_gen00300.npz,300,0,BT-v2,10050,1,0.5,0,1,0,timeout,120.19999999999531,0.0,0.0,0.0,120.19999999999531,0.0,0.02038269550748752,0.017054908485856904,
RL-s0-b300-a1.00,rl,1.0,2,results/es_killfirst/ckpt_seed0_gen00300.npz,300,0,BT-v2,10051,0,0.0,0,0,1,timeout,120.19999999999531,0.0,5.0,0.0,120.19999999999531,0.0,0.06405990016638935,0.0020798668885191347,5783.348725646203
RL-s0-b300-a1.00,rl,1.0,2,results/es_killfirst/ckpt_seed0_gen00300.npz,300,0,BT-v2,10051,1,0.5,0,1,0,timeout,120.19999999999531,0.0,0.0,0.0,120.19999999999531,0.0,0.06198003327787022,0.0,
RL-s0-b300-a1.00,rl,1.0,2,results/es_killfirst/ckpt_seed0_gen00300.npz,300,0,BT-v2,10052,0,1.0,1,0,0,timeout,120.19999999999531,20.0,0.0,0.8000000000000002,120.19999999999531,0.0,0.03161397670549085,0.007071547420965058,4294.060366712429
RL-s0-b300-a1.00,rl,1.0,2,results/es_killfirst/ckpt_seed0_gen00300.npz,300,0,BT-v2,10052,1,0.5,0,1,0,timeout,120.19999999999531,0.0,0.0,0.0,120.19999999999531,0.0,0.026622296173044926,0.0029118136439267887,
RL-s0-b300-a1.00,rl,1.0,2,results/es_killfirst/ckpt_seed0_gen00300.npz,300,0,BT-v2,10053,0,0.0,0,0,1,timeout,120.19999999999531,0.0,31.25,0.0,120.19999999999531,0.0,0.0,0.0008319467554076539,5684.1549596852155
RL-s0-b300-a1.00,rl,1.0,2,results/es_killfirst/ckpt_seed0_gen00300.npz,300,0,BT-v2,10053,1,1.0,1,0,0,timeout,120.19999999999531,27.5,0.0,1.1000000000000003,120.19999999999531,0.0,0.0,0.03036605657237937,
RL-s0-b300-a1.00,rl,1.0,2,results/es_killfirst/ckpt_seed0_gen00300.npz,300,0,BT-v2,10054,0,1.0,1,0,0,timeout,120.19999999999531,25.0,0.0,1.0000000000000002,120.19999999999531,0.050748752079866885,0.0,0.024126455906821963,3676.044331725602
RL-s0-b300-a1.00,rl,1.0,2,results/es_killfirst/ckpt_seed0_gen00300.npz,300,0,BT-v2,10054,1,1.0,1,0,0,timeout,120.19999999999531,5.0,0.0,0.2,120.19999999999531,0.04201331114808652,0.0,0.022462562396006656,
RL-s0-b300-a1.00,rl,1.0,2,results/es_killfirst/ckpt_seed0_gen00300.npz,300,0,BT-v2,10055,0,1.0,1,0,0,timeout,120.19999999999531,16.25,0.0,0.65,120.19999999999531,0.0,0.004991680532445923,0.005407653910149751,5241.919650662726
RL-s0-b300-a1.00,rl,1.0,2,results/es_killfirst/ckpt_seed0_gen00300.npz,300,0,BT-v2,10055,1,1.0,1,0,0,timeout,120.19999999999531,1.25,0.0,0.05,120.19999999999531,0.050748752079866885,0.004159733777038269,0.014559068219633943,
RL-s0-b300-a1.00,rl,1.0,2,results/es_killfirst/ckpt_seed0_gen00300.npz,300,0,BT-v2,10056,0,0.5,0,1,0,collision,5.449999999999989,5.0,10.0,0.2,5.449999999999989,0.0,0.9074074074074074,0.05555555555555555,6202.430531329673
RL-s0-b300-a1.00,rl,1.0,2,results/es_killfirst/ckpt_seed0_gen00300.npz,300,0,BT-v2,10056,1,0.5,0,1,0,timeout,120.19999999999531,0.0,0.0,0.0,120.19999999999531,0.0,0.05449251247920133,0.0,
RL-s0-b300-a1.00,rl,1.0,2,results/es_killfirst/ckpt_seed0_gen00300.npz,300,0,BT-v2,10057,0,1.0,1,0,0,timeout,120.19999999999531,13.75,0.0,0.5499999999999999,120.19999999999531,0.0,0.0,0.0016638935108153079,5910.735256611624
RL-s0-b300-a1.00,rl,1.0,2,results/es_killfirst/ckpt_seed0_gen00300.npz,300,0,BT-v2,10057,1,0.5,0,1,0,timeout,120.19999999999531,0.0,0.0,0.0,120.19999999999531,0.0,0.0,0.005823627287853577,
RL-s0-b300-a1.00,rl,1.0,2,results/es_killfirst/ckpt_seed0_gen00300.npz,300,0,BT-v2,10058,0,1.0,1,0,0,timeout,120.19999999999531,17.5,0.0,0.7000000000000001,120.19999999999531,0.16014975041597337,0.04991680532445923,0.02038269550748752,3369.326292359664
RL-s0-b300-a1.00,rl,1.0,2,results/es_killfirst/ckpt_seed0_gen00300.npz,300,0,BT-v2,10058,1,0.5,0,1,0,timeout,120.19999999999531,0.0,0.0,0.0,120.19999999999531,0.01747088186356073,0.04326123128119801,0.0,
RL-s0-b300-a1.00,rl,1.0,2,results/es_killfirst/ckpt_seed0_gen00300.npz,300,0,BT-v2,10059,0,0.5,0,1,0,timeout,120.19999999999531,0.0,0.0,0.0,120.19999999999531,0.0,0.0033277870216306157,0.0,5157.473232769748
RL-s0-b300-a1.00,rl,1.0,2,results/es_killfirst/ckpt_seed0_gen00300.npz,300,0,BT-v2,10059,1,0.5,0,1,0,timeout,120.19999999999531,0.0,0.0,0.0,120.19999999999531,0.0,0.0033277870216306157,0.0,
RL-s0-b300-a1.00,rl,1.0,2,results/es_killfirst/ckpt_seed0_gen00300.npz,300,0,BT-v2,10060,0,0.5,0,1,0,timeout,120.19999999999531,0.0,0.0,0.0,120.19999999999531,0.0,0.034525790349417634,0.02038269550748752,4517.633414935664
RL-s0-b300-a1.00,rl,1.0,2,results/es_killfirst/ckpt_seed0_gen00300.npz,300,0,BT-v2,10060,1,0.5,0,1,0,timeout,120.19999999999531,0.0,0.0,0.0,120.19999999999531,0.0,0.04076539101497504,0.0,
RL-s0-b300-a1.00,rl,1.0,2,results/es_killfirst/ckpt_seed0_gen00300.npz,300,0,BT-v2,10061,0,0.5,0,1,0,timeout,120.19999999999531,0.0,0.0,0.0,120.19999999999531,0.0,0.04076539101497504,0.0066555740432612314,5868.212590400793
RL-s0-b300-a1.00,rl,1.0,2,results/es_killfirst/ckpt_seed0_gen00300.npz,300,0,BT-v2,10061,1,1.0,1,0,0,timeout,120.19999999999531,18.75,0.0,0.7500000000000001,120.19999999999531,0.012895174708818636,0.047004991680532446,0.0,
RL-s0-b300-a1.00,rl,1.0,2,results/es_killfirst/ckpt_seed0_gen00300.npz,300,0,BT-v2,10062,0,1.0,1,0,0,timeout,120.19999999999531,3.75,0.0,0.15000000000000002,120.19999999999531,0.0,0.06239600665557404,0.0029118136439267887,6380.920537893657
RL-s0-b300-a1.00,rl,1.0,2,results/es_killfirst/ckpt_seed0_gen00300.npz,300,0,BT-v2,10062,1,0.5,0,1,0,timeout,120.19999999999531,0.0,0.0,0.0,120.19999999999531,0.0,0.06655574043261231,0.0,
RL-s0-b300-a1.00,rl,1.0,2,results/es_killfirst/ckpt_seed0_gen00300.npz,300,0,BT-v2,10063,0,0.5,0,1,0,timeout,120.19999999999531,6.25,6.25,0.25,120.19999999999531,0.11397670549084858,0.022462562396006656,0.011647254575707155,3415.2337129683115
RL-s0-b300-a1.00,rl,1.0,2,results/es_killfirst/ckpt_seed0_gen00300.npz,300,0,BT-v2,10063,1,1.0,1,0,0,timeout,120.19999999999531,18.75,0.0,0.7500000000000001,120.19999999999531,0.008319467554076539,0.02038269550748752,0.004991680532445923,
RL-s0-b300-a1.00,rl,1.0,2,results/es_killfirst/ckpt_seed0_gen00300.npz,300,0,BT-v2,10064,0,0.5,0,1,0,timeout,120.19999999999531,0.0,0.0,0.0,120.19999999999531,0.0,0.02329450915141431,0.006239600665557404,6053.625944313277
RL-s0-b300-a1.00,rl,1.0,2,results/es_killfirst/ckpt_seed0_gen00300.npz,300,0,BT-v2,10064,1,1.0,1,0,0,gun_kill,19.30000000000014,100.0,0.0,3.999999999999994,19.30000000000014,0.0,0.125,0.0,
RL-s0-b300-a1.00,rl,1.0,2,results/es_killfirst/ckpt_seed0_gen00300.npz,300,0,BT-v2,10065,0,1.0,1,0,0,timeout,120.19999999999531,21.25,0.0,0.8500000000000002,120.19999999999531,0.0,0.02329450915141431,0.0066555740432612314,4146.193561365701
RL-s0-b300-a1.00,rl,1.0,2,results/es_killfirst/ckpt_seed0_gen00300.npz,300,0,BT-v2,10065,1,0.0,0,0,1,timeout,120.19999999999531,0.0,3.75,0.0,120.19999999999531,0.11647254575707154,0.022462562396006656,0.014143094841930116,
RL-s0-b300-a1.00,rl,1.0,2,results/es_killfirst/ckpt_seed0_gen00300.npz,300,0,BT-v2,10066,0,0.5,0,1,0,timeout,120.19999999999531,0.0,0.0,0.0,120.19999999999531,0.0,0.04201331114808652,0.010399334442595673,4698.671101394905
RL-s0-b300-a1.00,rl,1.0,2,results/es_killfirst/ckpt_seed0_gen00300.npz,300,0,BT-v2,10066,1,1.0,1,0,0,timeout,120.19999999999531,20.0,0.0,0.8000000000000002,120.19999999999531,0.07737104825291181,0.04991680532445923,0.03826955074875208,
RL-s0-b300-a1.00,rl,1.0,2,results/es_killfirst/ckpt_seed0_gen00300.npz,300,0,BT-v2,10067,0,0.5,0,1,0,timeout,120.19999999999531,0.0,0.0,0.0,120.19999999999531,0.0,0.01622296173044925,0.0,6238.710216202763
RL-s0-b300-a1.00,rl,1.0,2,results/es_killfirst/ckpt_seed0_gen00300.npz,300,0,BT-v2,10067,1,1.0,1,0,0,timeout,120.19999999999531,6.25,0.0,0.25,120.19999999999531,0.0,0.01372712146422629,0.0,
RL-s0-b300-a1.00,rl,1.0,2,results/es_killfirst/ckpt_seed0_gen00300.npz,300,0,BT-v2,10068,0,1.0,1,0,0,timeout,120.19999999999531,96.25,0.0,3.8499999999999943,120.19999999999531,0.0,0.02745424292845258,0.04118136439267887,4320.581665078369
RL-s0-b300-a1.00,rl,1.0,2,results/es_killfirst/ckpt_seed0_gen00300.npz,300,0,BT-v2,10068,1,1.0,1,0,0,timeout,120.19999999999531,28.75,0.0,1.1500000000000004,120.19999999999531,0.0,0.03410981697171381,0.0,
RL-s0-b300-a1.00,rl,1.0,2,results/es_killfirst/ckpt_seed0_gen00300.npz,300,0,BT-v2,10069,0,0.0,0,0,1,timeout,120.19999999999531,11.25,50.0,0.44999999999999996,120.19999999999531,0.0,0.007903494176372712,0.011647254575707155,4808.136491733942
RL-s0-b300-a1.00,rl,1.0,2,results/es_killfirst/ckpt_seed0_gen00300.npz,300,0,BT-v2,10069,1,1.0,1,0,0,timeout,120.19999999999531,12.5,0.0,0.49999999999999994,120.19999999999531,0.0,0.008319467554076539,0.03161397670549085,
RL-s0-b300-a1.00,rl,1.0,2,results/es_killfirst/ckpt_seed0_gen00300.npz,300,0,BT-v2,10070,0,0.5,0,1,0,timeout,120.19999999999531,0.0,0.0,0.0,120.19999999999531,0.0,0.011647254575707155,0.004575707154742097,6977.119041027137
RL-s0-b300-a1.00,rl,1.0,2,results/es_killfirst/ckpt_seed0_gen00300.npz,300,0,BT-v2,10070,1,1.0,1,0,0,timeout,120.19999999999531,5.0,0.0,0.2,120.19999999999531,0.0,0.010815307820299502,0.009151414309484194,
RL-s0-b300-a1.00,rl,1.0,2,results/es_killfirst/ckpt_seed0_gen00300.npz,300,0,BT-v2,10071,0,0.5,0,1,0,timeout,120.19999999999531,0.0,0.0,0.0,120.19999999999531,0.0,0.0,0.0,4961.683727738575
RL-s0-b300-a1.00,rl,1.0,2,results/es_killfirst/ckpt_seed0_gen00300.npz,300,0,BT-v2,10071,1,0.5,0,1,0,timeout,120.19999999999531,0.0,0.0,0.0,120.19999999999531,0.0,0.0,0.03410981697171381,
RL-s0-b300-a1.00,rl,1.0,2,results/es_killfirst/ckpt_seed0_gen00300.npz,300,0,BT-v2,10072,0,0.0,0,0,1,timeout,120.19999999999531,0.0,17.5,0.0,120.19999999999531,0.0,0.0,0.008735440931780365,4994.869496981983
RL-s0-b300-a1.00,rl,1.0,2,results/es_killfirst/ckpt_seed0_gen00300.npz,300,0,BT-v2,10072,1,1.0,1,0,0,timeout,120.19999999999531,13.75,0.0,0.5499999999999999,120.19999999999531,0.0,0.0,0.03993344425956739,
RL-s0-b300-a1.00,rl,1.0,2,results/es_killfirst/ckpt_seed0_gen00300.npz,300,0,BT-v2,10073,0,1.0,1,0,0,timeout,120.19999999999531,5.0,0.0,0.2,120.19999999999531,0.0,0.025790349417637273,0.024126455906821963,4141.725270831047
RL-s0-b300-a1.00,rl,1.0,2,results/es_killfirst/ckpt_seed0_gen00300.npz,300,0,BT-v2,10073,1,1.0,1,0,0,timeout,120.19999999999531,28.75,0.0,1.1500000000000004,120.19999999999531,0.0,0.0262063227953411,0.0,
RL-s0-b300-a1.00,rl,1.0,2,results/es_killfirst/ckpt_seed0_gen00300.npz,300,0,BT-v2,10074,0,1.0,1,0,0,timeout,120.19999999999531,6.25,0.0,0.25,120.19999999999531,0.0,0.05116472545757072,0.0,5545.959236181642
RL-s0-b300-a1.00,rl,1.0,2,results/es_killfirst/ckpt_seed0_gen00300.npz,300,0,BT-v2,10074,1,0.0,0,0,1,timeout,120.19999999999531,0.0,7.5,0.0,120.19999999999531,0.0,0.04658901830282862,0.005823627287853577,
RL-s0-b300-a1.00,rl,1.0,2,results/es_killfirst/ckpt_seed0_gen00300.npz,300,0,BT-v2,10075,0,1.0,1,0,0,timeout,120.19999999999531,10.0,0.0,0.39999999999999997,120.19999999999531,0.0,0.021630615640599003,0.019550748752079867,4748.9870751656335
RL-s0-b300-a1.00,rl,1.0,2,results/es_killfirst/ckpt_seed0_gen00300.npz,300,0,BT-v2,10075,1,0.5,0,1,0,collision,6.149999999999986,0.0,10.0,0.0,6.149999999999986,0.0,0.45,0.05,
RL-s0-b300-a1.00,rl,1.0,2,results/es_killfirst/ckpt_seed0_gen00300.npz,300,0,BT-v2,10076,0,1.0,1,0,0,timeout,120.19999999999531,5.0,0.0,0.2,120.19999999999531,0.0,0.019550748752079867,0.0,5090.3522236844965
RL-s0-b300-a1.00,rl,1.0,2,results/es_killfirst/ckpt_seed0_gen00300.npz,300,0,BT-v2,10076,1,1.0,1,0,0,timeout,120.19999999999531,12.5,0.0,0.49999999999999994,120.19999999999531,0.0,0.024958402662229616,0.0,
RL-s0-b300-a1.00,rl,1.0,2,results/es_killfirst/ckpt_seed0_gen00300.npz,300,0,BT-v2,10077,0,1.0,1,0,0,timeout,120.19999999999531,3.75,0.0,0.15000000000000002,120.19999999999531,0.0,0.019550748752079867,0.0,5238.700217816535
RL-s0-b300-a1.00,rl,1.0,2,results/es_killfirst/ckpt_seed0_gen00300.npz,300,0,BT-v2,10077,1,0.0,0,0,1,timeout,120.19999999999531,0.0,5.0,0.0,120.19999999999531,0.0,0.019966722129783693,0.004991680532445923,
RL-s0-b300-a1.00,rl,1.0,2,results/es_killfirst/ckpt_seed0_gen00300.npz,300,0,BT-v2,10078,0,0.5,0,1,0,timeout,120.19999999999531,0.0,0.0,0.0,120.19999999999531,0.0,0.03868552412645591,0.0,5473.757227226059
RL-s0-b300-a1.00,rl,1.0,2,results/es_killfirst/ckpt_seed0_gen00300.npz,300,0,BT-v2,10078,1,0.5,0,1,0,timeout,120.19999999999531,0.0,0.0,0.0,120.19999999999531,0.0,0.04201331114808652,0.009983361064891847,
RL-s0-b300-a1.00,rl,1.0,2,results/es_killfirst/ckpt_seed0_gen00300.npz,300,0,BT-v2,10079,0,1.0,1,0,0,timeout,120.19999999999531,15.0,0.0,0.6,120.19999999999531,0.0,0.0,0.032029950083194675,4254.691758584663
RL-s0-b300-a1.00,rl,1.0,2,results/es_killfirst/ckpt_seed0_gen00300.npz,300,0,BT-v2,10079,1,0.0,0,0,1,timeout,120.19999999999531,0.0,23.75,0.0,120.19999999999531,0.0,0.0,0.004159733777038269,
RL-s0-b300-a1.00,rl,1.0,2,results/es_killfirst/ckpt_seed0_gen00300.npz,300,0,BT-v2,10080,0,0.0,0,0,1,timeout,120.19999999999531,0.0,15.0,0.0,120.19999999999531,0.0,0.013311148086522463,0.0,6010.9478227823865
RL-s0-b300-a1.00,rl,1.0,2,results/es_killfirst/ckpt_seed0_gen00300.npz,300,0,BT-v2,10080,1,1.0,1,0,0,timeout,120.19999999999531,15.0,0.0,0.6,120.19999999999531,0.0,0.013311148086522463,0.007071547420965058,
RL-s0-b300-a1.00,rl,1.0,2,results/es_killfirst/ckpt_seed0_gen00300.npz,300,0,BT-v2,10081,0,0.0,0,0,1,timeout,120.19999999999531,36.25,66.25,1.4500000000000006,120.19999999999531,0.0,0.0,0.014559068219633943,5393.502298249086
RL-s0-b300-a1.00,rl,1.0,2,results/es_killfirst/ckpt_seed0_gen00300.npz,300,0,BT-v2,10081,1,1.0,1,0,0,timeout,120.19999999999531,46.25,0.0,1.850000000000001,120.19999999999531,0.0,0.0,0.005823627287853577,
RL-s0-b300-a1.00,rl,1.0,2,results/es_killfirst/ckpt_seed0_gen00300.npz,300,0,BT-v2,10082,0,1.0,1,0,0,timeout,120.19999999999531,21.25,6.25,0.8500000000000002,120.19999999999531,0.0,0.018718801996672214,0.014975041597337771,4538.541307726499
RL-s0-b300-a1.00,rl,1.0,2,results/es_killfirst/ckpt_seed0_gen00300.npz,300,0,BT-v2,10082,1,1.0,1,0,0,timeout,120.19999999999531,35.0,0.0,1.4000000000000006,120.19999999999531,0.0,0.018302828618968387,0.0074875207986688855,
RL-s0-b300-a1.00,rl,1.0,2,results/es_killfirst/ckpt_seed0_gen00300.npz,300,0,BT-v2,10083,0,1.0,1,0,0,timeout,120.19999999999531,3.75,0.0,0.15000000000000002,120.19999999999531,0.0,0.04742096505823627,0.0,6714.338588058125
RL-s0-b300-a1.00,rl,1.0,2,results/es_killfirst/ckpt_seed0_gen00300.npz,300,0,BT-v2,10083,1,0.0,0,0,1,timeout,120.19999999999531,0.0,8.75,0.0,120.19999999999531,0.0,0.054076539101497505,0.013311148086522463,
RL-s0-b300-a1.00,rl,1.0,2,results/es_killfirst/ckpt_seed0_gen00300.npz,300,0,BT-v2,10084,0,0.5,0,1,0,timeout,120.19999999999531,0.0,0.0,0.0,120.19999999999531,0.0,0.0,0.019550748752079867,4787.299661882165
RL-s0-b300-a1.00,rl,1.0,2,results/es_killfirst/ckpt_seed0_gen00300.npz,300,0,BT-v2,10084,1,1.0,1,0,0,timeout,120.19999999999531,11.25,0.0,0.44999999999999996,120.19999999999531,0.0,0.0,0.005823627287853577,
RL-s0-b300-a1.00,rl,1.0,2,results/es_killfirst/ckpt_seed0_gen00300.npz,300,0,BT-v2,10085,0,1.0,1,0,0,timeout,120.19999999999531,1.25,0.0,0.05,120.19999999999531,0.0,0.0,0.005407653910149751,6052.038547770277
RL-s0-b300-a1.00,rl,1.0,2,results/es_killfirst/ckpt_seed0_gen00300.npz,300,0,BT-v2,10085,1,1.0,1,0,0,timeout,120.19999999999531,6.25,0.0,0.25,120.19999999999531,0.0,0.0,0.0,
RL-s0-b300-a1.00,rl,1.0,2,results/es_killfirst/ckpt_seed0_gen00300.npz,300,0,BT-v2,10086,0,0.5,0,1,0,timeout,120.19999999999531,0.0,0.0,0.0,120.19999999999531,0.0,0.0,0.0029118136439267887,4827.8170120217965
RL-s0-b300-a1.00,rl,1.0,2,results/es_killfirst/ckpt_seed0_gen00300.npz,300,0,BT-v2,10086,1,0.5,0,1,0,timeout,120.19999999999531,0.0,0.0,0.0,120.19999999999531,0.0,0.0,0.009983361064891847,
RL-s0-b300-a1.00,rl,1.0,2,results/es_killfirst/ckpt_seed0_gen00300.npz,300,0,BT-v2,10087,0,1.0,1,0,0,timeout,120.19999999999531,1.25,0.0,0.05,120.19999999999531,0.0,0.04367720465890183,0.004575707154742097,6095.326312629987
RL-s0-b300-a1.00,rl,1.0,2,results/es_killfirst/ckpt_seed0_gen00300.npz,300,0,BT-v2,10087,1,1.0,1,0,0,timeout,120.19999999999531,21.25,0.0,0.8500000000000002,120.19999999999531,0.0,0.04284525790349417,0.0,
RL-s0-b300-a1.00,rl,1.0,2,results/es_killfirst/ckpt_seed0_gen00300.npz,300,0,BT-v2,10088,0,1.0,1,0,0,timeout,120.19999999999531,12.5,0.0,0.49999999999999994,120.19999999999531,0.0,0.0,0.006239600665557404,5860.4933876974455
RL-s0-b300-a1.00,rl,1.0,2,results/es_killfirst/ckpt_seed0_gen00300.npz,300,0,BT-v2,10088,1,0.0,0,0,1,timeout,120.19999999999531,0.0,16.25,0.0,120.19999999999531,0.0,0.0,0.005407653910149751,
RL-s0-b300-a1.00,rl,1.0,2,results/es_killfirst/ckpt_seed0_gen00300.npz,300,0,BT-v2,10089,0,1.0,1,0,0,timeout,120.19999999999531,7.5,0.0,0.3,120.19999999999531,0.0,0.0,0.0,5980.371545810513
RL-s0-b300-a1.00,rl,1.0,2,results/es_killfirst/ckpt_seed0_gen00300.npz,300,0,BT-v2,10089,1,1.0,1,0,0,timeout,120.19999999999531,11.25,0.0,0.44999999999999996,120.19999999999531,0.0,0.0,0.005823627287853577,
RL-s0-b300-a1.00,rl,1.0,2,results/es_killfirst/ckpt_seed0_gen00300.npz,300,0,BT-v2,10090,0,1.0,1,0,0,timeout,120.19999999999531,6.25,0.0,0.25,120.19999999999531,0.0,0.012479201331114808,0.0033277870216306157,5143.4925310918725
RL-s0-b300-a1.00,rl,1.0,2,results/es_killfirst/ckpt_seed0_gen00300.npz,300,0,BT-v2,10090,1,1.0,1,0,0,timeout,120.19999999999531,16.25,0.0,0.65,120.19999999999531,0.0,0.014143094841930116,0.0029118136439267887,
RL-s0-b300-a1.00,rl,1.0,2,results/es_killfirst/ckpt_seed0_gen00300.npz,300,0,BT-v2,10091,0,0.0,0,0,1,timeout,120.19999999999531,0.0,6.25,0.0,120.19999999999531,0.0,0.06821963394342762,0.007903494176372712,5298.0959491319645
RL-s0-b300-a1.00,rl,1.0,2,results/es_killfirst/ckpt_seed0_gen00300.npz,300,0,BT-v2,10091,1,1.0,1,0,0,timeout,120.19999999999531,1.25,0.0,0.05,120.19999999999531,0.059900166389351084,0.0524126455906822,0.03993344425956739,
RL-s0-b300-a1.00,rl,1.0,2,results/es_killfirst/ckpt_seed0_gen00300.npz,300,0,BT-v2,10092,0,0.0,0,0,1,timeout,120.19999999999531,0.0,6.25,0.0,120.19999999999531,0.0,0.0,0.02329450915141431,4932.915332671548
RL-s0-b300-a1.00,rl,1.0,2,results/es_killfirst/ckpt_seed0_gen00300.npz,300,0,BT-v2,10092,1,1.0,1,0,0,timeout,120.19999999999531,26.25,0.0,1.0500000000000003,120.19999999999531,0.0,0.0,0.004991680532445923,
RL-s0-b300-a1.00,rl,1.0,2,results/es_killfirst/ckpt_seed0_gen00300.npz,300,0,BT-v2,10093,0,0.5,0,1,0,timeout,120.19999999999531,0.0,0.0,0.0,120.19999999999531,0.0,0.0,0.0,5201.616215102164
RL-s0-b300-a1.00,rl,1.0,2,results/es_killfirst/ckpt_seed0_gen00300.npz,300,0,BT-v2,10093,1,0.5,0,1,0,timeout,120.19999999999531,0.0,0.0,0.0,120.19999999999531,0.0,0.0,0.02329450915141431,
RL-s0-b300-a1.00,rl,1.0,2,results/es_killfirst/ckpt_seed0_gen00300.npz,300,0,BT-v2,10094,0,0.0,0,0,1,timeout,120.19999999999531,0.0,12.5,0.0,120.19999999999531,0.0,0.034525790349417634,0.0,5984.224740194105
RL-s0-b300-a1.00,rl,1.0,2,results/es_killfirst/ckpt_seed0_gen00300.npz,300,0,BT-v2,10094,1,1.0,1,0,0,timeout,120.19999999999531,30.0,0.0,1.2000000000000004,120.19999999999531,0.0,0.0370216306156406,0.0066555740432612314,
RL-s0-b300-a1.00,rl,1.0,2,results/es_killfirst/ckpt_seed0_gen00300.npz,300,0,BT-v2,10095,0,0.0,0,0,1,timeout,120.19999999999531,0.0,11.25,0.0,120.19999999999531,0.0,0.0,0.0066555740432612314,5993.40834380979
RL-s0-b300-a1.00,rl,1.0,2,results/es_killfirst/ckpt_seed0_gen00300.npz,300,0,BT-v2,10095,1,0.5,0,1,0,timeout,120.19999999999531,0.0,0.0,0.0,120.19999999999531,0.0,0.0,0.0,
RL-s0-b300-a1.00,rl,1.0,2,results/es_killfirst/ckpt_seed0_gen00300.npz,300,0,BT-v2,10096,0,0.5,0,1,0,timeout,120.19999999999531,0.0,0.0,0.0,120.19999999999531,0.0,0.048252911813643926,0.007071547420965058,5318.357495471082
RL-s0-b300-a1.00,rl,1.0,2,results/es_killfirst/ckpt_seed0_gen00300.npz,300,0,BT-v2,10096,1,0.5,0,1,0,timeout,120.19999999999531,0.0,0.0,0.0,120.19999999999531,0.0037437603993344427,0.04991680532445923,0.0,
RL-s0-b300-a1.00,rl,1.0,2,results/es_killfirst/ckpt_seed0_gen00300.npz,300,0,BT-v2,10097,0,0.5,0,1,0,timeout,120.19999999999531,0.0,0.0,0.0,120.19999999999531,0.0,0.052828618968386025,0.0,6607.342244346787
RL-s0-b300-a1.00,rl,1.0,2,results/es_killfirst/ckpt_seed0_gen00300.npz,300,0,BT-v2,10097,1,1.0,1,0,0,timeout,120.19999999999531,80.0,0.0,3.1999999999999966,120.19999999999531,0.0,0.04284525790349417,0.03826955074875208,
RL-s0-b300-a1.00,rl,1.0,2,results/es_killfirst/ckpt_seed0_gen00300.npz,300,0,BT-v2,10098,0,0.0,0,0,1,timeout,120.19999999999531,21.25,23.75,0.8500000000000002,120.19999999999531,0.0,0.019550748752079867,0.015391014975041598,4027.4582743597102
RL-s0-b300-a1.00,rl,1.0,2,results/es_killfirst/ckpt_seed0_gen00300.npz,300,0,BT-v2,10098,1,1.0,1,0,0,timeout,120.19999999999531,6.25,0.0,0.25,120.19999999999531,0.0,0.019550748752079867,0.007071547420965058,
RL-s0-b300-a1.00,rl,1.0,2,results/es_killfirst/ckpt_seed0_gen00300.npz,300,0,BT-v2,10099,0,1.0,1,0,0,timeout,120.19999999999531,6.25,0.0,0.25,120.19999999999531,0.0,0.0,0.0066555740432612314,5231.1003741433615
RL-s0-b300-a1.00,rl,1.0,2,results/es_killfirst/ckpt_seed0_gen00300.npz,300,0,BT-v2,10099,1,0.5,0,1,0,timeout,120.19999999999531,0.0,0.0,0.0,120.19999999999531,0.0,0.0,0.0066555740432612314,
RL-s0-b300-a1.00,rl,1.0,2,results/es_killfirst/ckpt_seed0_gen00300.npz,300,0,BT-v3,10000,0,0.5,0,1,0,timeout,120.19999999999531,0.0,0.0,0.0,120.19999999999531,0.0,0.026622296173044926,0.004575707154742097,6027.192804642344
RL-s0-b300-a1.00,rl,1.0,2,results/es_killfirst/ckpt_seed0_gen00300.npz,300,0,BT-v3,10000,1,1.0,1,0,0,timeout,120.19999999999531,7.5,0.0,0.3,120.19999999999531,0.0,0.03161397670549085,0.0,
RL-s0-b300-a1.00,rl,1.0,2,results/es_killfirst/ckpt_seed0_gen00300.npz,300,0,BT-v3,10001,0,1.0,1,0,0,gun_kill,83.74999999999739,100.0,0.0,3.999999999999994,83.74999999999739,0.0,0.0011961722488038277,0.02751196172248804,4739.2205259987895
RL-s0-b300-a1.00,rl,1.0,2,results/es_killfirst/ckpt_seed0_gen00300.npz,300,0,BT-v3,10001,1,0.5,0,1,0,timeout,120.19999999999531,0.0,0.0,0.0,120.19999999999531,0.0,0.0,0.0,
RL-s0-b300-a1.00,rl,1.0,2,results/es_killfirst/ckpt_seed0_gen00300.npz,300,0,BT-v3,10002,0,1.0,1,0,0,timeout,120.19999999999531,86.25,0.0,3.4499999999999957,120.19999999999531,0.0,0.024958402662229616,0.02454242928452579,4138.295788887552
RL-s0-b300-a1.00,rl,1.0,2,results/es_killfirst/ckpt_seed0_gen00300.npz,300,0,BT-v3,10002,1,1.0,1,0,0,timeout,120.19999999999531,7.5,0.0,0.3,120.19999999999531,0.0,0.029534109816971715,0.004575707154742097,
RL-s0-b300-a1.00,rl,1.0,2,results/es_killfirst/ckpt_seed0_gen00300.npz,300,0,BT-v3,10003,0,1.0,1,0,0,timeout,120.19999999999531,40.0,13.75,1.6000000000000008,120.19999999999531,0.0,0.06821963394342762,0.021630615640599003,4927.970903278336
RL-s0-b300-a1.00,rl,1.0,2,results/es_killfirst/ckpt_seed0_gen00300.npz,300,0,BT-v3,10003,1,1.0,1,0,0,timeout,120.19999999999531,17.5,0.0,0.7000000000000001,120.19999999999531,0.0,0.050748752079866885,0.0,
RL-s0-b300-a1.00,rl,1.0,2,results/es_killfirst/ckpt_seed0_gen00300.npz,300,0,BT-v3,10004,0,1.0,1,0,0,gun_kill,82.69999999999744,100.0,11.25,3.999999999999994,82.69999999999744,0.0,0.029055690072639227,0.035108958837772396,4368.923895138511
RL-s0-b300-a1.00,rl,1.0,2,results/es_killfirst/ckpt_seed0_gen00300.npz,300,0,BT-v3,10004,1,0.5,0,1,0,timeout,120.19999999999531,0.0,0.0,0.0,120.19999999999531,0.0,0.02038269550748752,0.0,
RL-s0-b300-a1.00,rl,1.0,2,results/es_killfirst/ckpt_seed0_gen00300.npz,300,0,BT-v3,10005,0,0.5,0,1,0,timeout,120.19999999999531,0.0,0.0,0.0,120.19999999999531,0.0,0.06738768718801996,0.004575707154742097,5948.722302018047
RL-s0-b300-a1.00,rl,1.0,2,results/es_killfirst/ckpt_seed0_gen00300.npz,300,0,BT-v3,10005,1,1.0,1,0,0,timeout,120.19999999999531,33.75,0.0,1.3500000000000005,120.19999999999531,0.0,0.07321131447587355,0.0016638935108153079,
RL-s0-b300-a1.00,rl,1.0,2,results/es_killfirst/ckpt_seed0_gen00300.npz,300,0,BT-v3,10006,0,0.0,0,0,1,gun_kill,82.94999999999743,0.0,100.0,0.0,82.94999999999743,0.0,0.010265700483091788,0.0,6381.899417396469
RL-s0-b300-a1.00,rl,1.0,2,results/es_killfirst/ckpt_seed0_gen00300.npz,300,0,BT-v3,10006,1,1.0,1,0,0,timeout,120.19999999999531,15.0,0.0,0.6,120.19999999999531,0.0,0.008735440931780365,0.0,
RL-s0-b300-a1.00,rl,1.0,2,results/es_killfirst/ckpt_seed0_gen00300.npz,300,0,BT-v3,10007,0,1.0,1,0,0,gun_kill,77.94999999999771,100.0,0.0,3.999999999999994,77.94999999999771,0.0,0.02699228791773779,0.02313624678663239,4158.192307468525
RL-s0-b300-a1.00,rl,1.0,2,results/es_killfirst/ckpt_seed0_gen00300.npz,300,0,BT-v3,10007,1,1.0,1,0,0,timeout,120.19999999999531,12.5,0.0,0.49999999999999994,120.19999999999531,0.0,0.019966722129783693,0.0,
RL-s0-b300-a1.00,rl,1.0,2,results/es_killfirst/ckpt_seed0_gen00300.npz,300,0,BT-v3,10008,0,0.0,0,0,1,timeout,120.19999999999531,0.0,7.5,0.0,120.19999999999531,0.0,0.036605657237936774,0.005407653910149751,5845.802364318334
RL-s0-b300-a1.00,rl,1.0,2,results/es_killfirst/ckpt_seed0_gen00300.npz,300,0,BT-v3,10008,1,0.5,0,1,0,timeout,120.19999999999531,0.0,0.0,0.0,120.19999999999531,0.0,0.03826955074875208,0.0016638935108153079,
RL-s0-b300-a1.00,rl,1.0,2,results/es_killfirst/ckpt_seed0_gen00300.npz,300,0,BT-v3,10009,0,1.0,1,0,0,gun_kill,66.99999999999834,100.0,2.5,3.999999999999994,66.99999999999834,0.0,0.04640718562874251,0.027694610778443114,4955.710999300114
RL-s0-b300-a1.00,rl,1.0,2,results/es_killfirst/ckpt_seed0_gen00300.npz,300,0,BT-v3,10009,1,0.0,0,0,1,timeout,120.19999999999531,12.5,25.0,0.49999999999999994,120.19999999999531,0.0,0.021214642262895173,0.014559068219633943,
RL-s0-b300-a1.00,rl,1.0,2,results/es_killfirst/ckpt_seed0_gen00300.npz,300,0,BT-v3,10010,0,1.0,1,0,0,timeout,120.19999999999531,3.75,0.0,0.15000000000000002,120.19999999999531,0.0,0.051580698835274545,0.005407653910149751,4928.4197771721665
RL-s0-b300-a1.00,rl,1.0,2,results/es_killfirst/ckpt_seed0_gen00300.npz,300,0,BT-v3,10010,1,0.0,0,0,1,timeout,120.19999999999531,0.0,13.75,0.0,120.19999999999531,0.0,0.05199667221297837,0.0020798668885191347,
RL-s0-b300-a1.00,rl,1.0,2,results/es_killfirst/ckpt_seed0_gen00300.npz,300,0,BT-v3,10011,0,0.5,0,1,0,timeout,120.19999999999531,0.0,0.0,0.0,120.19999999999531,0.0,0.0,0.005407653910149751,6804.632767476254
RL-s0-b300-a1.00,rl,1.0,2,results/es_killfirst/ckpt_seed0_gen00300.npz,300,0,BT-v3,10011,1,1.0,1,0,0,gun_kill,64.34999999999849,100.0,0.0,3.999999999999994,64.34999999999849,0.0,0.0,0.02881619937694704,
RL-s0-b300-a1.00,rl,1.0,2,results/es_killfirst/ckpt_seed0_gen00300.npz,300,0,BT-v3,10012,0,1.0,1,0,0,gun_kill,107.44999999999604,100.0,0.0,3.999999999999994,107.44999999999604,0.0,0.07076350093109869,0.031191806331471134,4096.3795068213285
RL-s0-b300-a1.00,rl,1.0,2,results/es_killfirst/ckpt_seed0_gen00300.npz,300,0,BT-v3,10012,1,1.0,1,0,0,gun_kill,88.14999999999714,100.0,0.0,3.999999999999994,88.14999999999714,0.0,0.08636363636363636,0.033522727272727273,
RL-s0-b300-a1.00,rl,1.0,2,results/es_killfirst/ckpt_seed0_gen00300.npz,300,0,BT-v3,10013,0,1.0,1,0,0,timeout,120.19999999999531,15.0,0.0,0.6,120.19999999999531,0.0,0.0324459234608985,0.005823627287853577,5974.616317039726
RL-s0-b300-a1.00,rl,1.0,2,results/es_killfirst/ckpt_seed0_gen00300.npz,300,0,BT-v3,10013,1,1.0,1,0,0,timeout,120.19999999999531,66.25,0.0,2.6499999999999986,120.19999999999531,0.0,0.025374376039933443,0.021630615640599003,
RL-s0-b300-a1.00,rl,1.0,2,results/es_killfirst/ckpt_seed0_gen00300.npz,300,0,BT-v3,10014,0,1.0,1,0,0,timeout,120.19999999999531,21.25,0.0,0.8500000000000002,120.19999999999531,0.0,0.0,0.0037437603993344427,6391.402290708629
RL-s0-b300-a1.00,rl,1.0,2,results/es_killfirst/ckpt_seed0_gen00300.npz,300,0,BT-v3,10014,1,1.0,1,0,0,gun_kill,89.49999999999706,100.0,8.75,3.999999999999994,89.49999999999706,0.0,0.0,0.024608501118568233,
RL-s0-b300-a1.00,rl,1.0,2,results/es_killfirst/ckpt_seed0_gen00300.npz,300,0,BT-v3,10015,0,0.0,0,0,1,timeout,120.19999999999531,0.0,12.5,0.0,120.19999999999531,0.0,0.0,0.0029118136439267887,5537.247759667181
RL-s0-b300-a1.00,rl,1.0,2,results/es_killfirst/ckpt_seed0_gen00300.npz,300,0,BT-v3,10015,1,0.0,0,0,1,timeout,120.19999999999531,23.75,27.5,0.9500000000000003,120.19999999999531,0.0,0.0,0.019966722129783693,
RL-s0-b300-a1.00,rl,1.0,2,results/es_killfirst/ckpt_seed0_gen00300.npz,300,0,BT-v3,10016,0,1.0,1,0,0,gun_kill,57.64999999999886,100.0,0.0,3.999999999999994,57.64999999999886,0.0,0.0,0.027777777777777776,4684.92933974781
RL-s0-b300-a1.00,rl,1.0,2,results/es_killfirst/ckpt_seed0_gen00300.npz,300,0,BT-v3,10016,1,1.0,1,0,0,gun_kill,75.44999999999786,100.0,8.75,3.999999999999994,75.44999999999786,0.0,0.0,0.020557029177718834,
RL-s0-b300-a1.00,rl,1.0,2,results/es_killfirst/ckpt_seed0_gen00300.npz,300,0,BT-v3,10017,0,1.0,1,0,0,timeout,120.19999999999531,13.75,0.0,0.5499999999999999,120.19999999999531,0.0,0.029118136439267885,0.005823627287853577,5554.547000375725
RL-s0-b300-a1.00,rl,1.0,2,results/es_killfirst/ckpt_seed0_gen00300.npz,300,0,BT-v3,10017,1,1.0,1,0,0,gun_kill,24.95000000000022,100.0,0.0,3.999999999999994,24.95000000000022,0.0,0.14112903225806453,0.0,
RL-s0-b300-a1.00,rl,1.0,2,results/es_killfirst/ckpt_seed0_gen00300.npz,300,0,BT-v3,10018,0,0.5,0,1,0,timeout,120.19999999999531,0.0,0.0,0.0,120.19999999999531,0.0,0.014143094841930116,0.0,5801.698950153637
RL-s0-b300-a1.00,rl,1.0,2,results/es_killfirst/ckpt_seed0_gen00300.npz,300,0,BT-v3,10018,1,1.0,1,0,0,gun_kill,43.99999999999964,100.0,0.0,3.999999999999994,43.99999999999964,0.0,0.04223744292237443,0.03424657534246575,
RL-s0-b300-a1.00,rl,1.0,2,results/es_killfirst/ckpt_seed0_gen00300.npz,300,0,BT-v3,10019,0,1.0,1,0,0,gun_kill,62.39999999999859,100.0,0.0,3.999999999999994,62.39999999999859,0.0,0.0,0.013665594855305467,5367.144029321846
RL-s0-b300-a1.00,rl,1.0,2,results/es_killfirst/ckpt_seed0_gen00300.npz,300,0,BT-v3,10019,1,1.0,1,0,0,timeout,120.19999999999531,42.5,0.0,1.7000000000000008,120.19999999999531,0.0,0.0,0.0037437603993344427,
RL-s0-b300-a1.00,rl,1.0,2,results/es_killfirst/ckpt_seed0_gen00300.npz,300,0,BT-v3,10020,0,1.0,1,0,0,gun_kill,99.64999999999648,100.0,0.0,3.999999999999994,99.64999999999648,0.0,0.0,0.018072289156626505,5526.980593250849
RL-s0-b300-a1.00,rl,1.0,2,results/es_killfirst/ckpt_seed0_gen00300.npz,300,0,BT-v3,10020,1,1.0,1,0,0,timeout,120.19999999999531,21.25,1.25,0.8500000000000002,120.19999999999531,0.0,0.0,0.005823627287853577,
RL-s0-b300-a1.00,rl,1.0,2,results/es_killfirst/ckpt_seed0_gen00300.npz,300,0,BT-v3,10021,0,0.5,0,1,0,timeout,120.19999999999531,0.0,0.0,0.0,120.19999999999531,0.0,0.057820299500831944,0.0033277870216306157,5750.644527866191
RL-s0-b300-a1.00,rl,1.0,2,results/es_killfirst/ckpt_seed0_gen00300.npz,300,0,BT-v3,10021,1,1.0,1,0,0,gun_kill,54.949999999999015,100.0,0.0,3.999999999999994,54.949999999999015,0.0,0.145985401459854,0.02737226277372263,
RL-s0-b300-a1.00,rl,1.0,2,results/es_killfirst/ckpt_seed0_gen00300.npz,300,0,BT-v3,10022,0,1.0,1,0,0,timeout,120.19999999999531,11.25,0.0,0.44999999999999996,120.19999999999531,0.0,0.035357737104825294,0.004159733777038269,6747.727241410556
RL-s0-b300-a1.00,rl,1.0,2,results/es_killfirst/ckpt_seed0_gen00300.npz,300,0,BT-v3,10022,1,1.0,1,0,0,gun_kill,113.19999999999571,100.0,0.0,3.999999999999994,113.19999999999571,0.0,0.04513274336283186,0.01991150442477876,
RL-s0-b300-a1.00,rl,1.0,2,results/es_killfirst/ckpt_seed0_gen00300.npz,300,0,BT-v3,10023,0,1.0,1,0,0,timeout,120.19999999999531,16.25,0.0,0.65,120.19999999999531,0.0,0.03577371048252912,0.0037437603993344427,6336.104539112898
RL-s0-b300-a1.00,rl,1.0,2,results/es_killfirst/ckpt_seed0_gen00300.npz,300,0,BT-v3,10023,1,1.0,1,0,0,timeout,120.19999999999531,6.25,0.0,0.25,120.19999999999531,0.0,0.02745424292845258,0.0,
RL-s0-b300-a1.00,rl,1.0,2,results/es_killfirst/ckpt_seed0_gen00300.npz,300,0,BT-v3,10024,0,1.0,1,0,0,gun_kill,76.69999999999779,100.0,0.0,3.999999999999994,76.69999999999779,0.0,0.04699738903394256,0.0,4593.5002490002125
RL-s0-b300-a1.00,rl,1.0,2,results/es_killfirst/ckpt_seed0_gen00300.npz,300,0,BT-v3,10024,1,0.0,0,0,1,timeout,120.19999999999531,0.0,72.5,0.0,120.19999999999531,0.0,0.02870216306156406,0.03036605657237937,
RL-s0-b300-a1.00,rl,1.0,2,results/es_killfirst/ckpt_seed0_gen00300.npz,300,0,BT-v3,10025,0,1.0,1,0,0,timeout,120.19999999999531,25.0,0.0,1.0000000000000002,120.19999999999531,0.0,0.02454242928452579,0.0,7066.574836213514
RL-s0-b300-a1.00,rl,1.0,2,results/es_killfirst/ckpt_seed0_gen00300.npz,300,0,BT-v3,10025,1,0.5,0,1,0,timeout,120.19999999999531,0.0,0.0,0.0,120.19999999999531,0.0,0.025790349417637273,0.004991680532445923,
RL-s0-b300-a1.00,rl,1.0,2,results/es_killfirst/ckpt_seed0_gen00300.npz,300,0,BT-v3,10026,0,1.0,1,0,0,gun_kill,112.64999999999574,100.0,0.0,3.999999999999994,112.64999999999574,0.0,0.0741563055062167,0.0,4090.9662808971966
RL-s0-b300-a1.00,rl,1.0,2,results/es_killfirst/ckpt_seed0_gen00300.npz,300,0,BT-v3,10026,1,1.0,1,0,0,gun_kill,104.99999999999618,100.0,0.0,3.999999999999994,104.99999999999618,0.0,0.0868320610687023,0.02051526717557252,
RL-s0-b300-a1.00,rl,1.0,2,results/es_killfirst/ckpt_seed0_gen00300.npz,300,0,BT-v3,10027,0,1.0,1,0,0,timeout,120.19999999999531,58.75,0.0,2.3499999999999996,120.19999999999531,0.0,0.10024958402662229,0.0,4364.607401603334
RL-s0-b300-a1.00,rl,1.0,2,results/es_killfirst/ckpt_seed0_gen00300.npz,300,0,BT-v3,10027,1,0.0,0,0,1,timeout,120.19999999999531,0.0,21.25,0.0,120.19999999999531,0.0,0.06198003327787022,0.0,
RL-s0-b300-a1.00,rl,1.0,2,results/es_killfirst/ckpt_seed0_gen00300.npz,300,0,BT-v3,10028,0,0.0,0,0,1,gun_kill,59.84999999999874,0.0,100.0,0.0,59.84999999999874,0.0,0.0,0.008361204013377926,6355.721640205204
RL-s0-b300-a1.00,rl,1.0,2,results/es_killfirst/ckpt_seed0_gen00300.npz,300,0,BT-v3,10028,1,1.0,1,0,0,timeout,120.19999999999531,8.75,0.0,0.35,120.19999999999531,0.0,0.0,0.0,
RL-s0-b300-a1.00,rl,1.0,2,results/es_killfirst/ckpt_seed0_gen00300.npz,300,0,BT-v3,10029,0,0.5,0,1,0,timeout,120.19999999999531,0.0,0.0,0.0,120.19999999999531,0.0,0.0,0.0,4834.087299656356
RL-s0-b300-a1.00,rl,1.0,2,results/es_killfirst/ckpt_seed0_gen00300.npz,300,0,BT-v3,10029,1,0.5,0,1,0,timeout,120.19999999999531,0.0,0.0,0.0,120.19999999999531,0.0,0.0,0.0,
RL-s0-b300-a1.00,rl,1.0,2,results/es_killfirst/ckpt_seed0_gen00300.npz,300,0,BT-v3,10030,0,0.0,0,0,1,timeout,120.19999999999531,0.0,13.75,0.0,120.19999999999531,0.0,0.04367720465890183,0.0024958402662229617,5999.372360328623
RL-s0-b300-a1.00,rl,1.0,2,results/es_killfirst/ckpt_seed0_gen00300.npz,300,0,BT-v3,10030,1,1.0,1,0,0,timeout,120.19999999999531,18.75,0.0,0.7500000000000001,120.19999999999531,0.0,0.048252911813643926,0.0,
RL-s0-b300-a1.00,rl,1.0,2,results/es_killfirst/ckpt_seed0_gen00300.npz,300,0,BT-v3,10031,0,0.5,0,1,0,timeout,120.19999999999531,0.0,0.0,0.0,120.19999999999531,0.0,0.04658901830282862,0.0,6442.171391440919
RL-s0-b300-a1.00,rl,1.0,2,results/es_killfirst/ckpt_seed0_gen00300.npz,300,0,BT-v3,10031,1,0.5,0,1,0,timeout,120.19999999999531,0.0,0.0,0.0,120.19999999999531,0.0,0.04908485856905158,0.0,
RL-s0-b300-a1.00,rl,1.0,2,results/es_killfirst/ckpt_seed0_gen00300.npz,300,0,BT-v3,10032,0,1.0,1,0,0,gun_kill,92.99999999999686,100.0,0.0,3.999999999999994,92.99999999999686,0.0,0.03178879310344827,0.0,4039.171761943668
RL-s0-b300-a1.00,rl,1.0,2,results/es_killfirst/ckpt_seed0_gen00300.npz,300,0,BT-v3,10032,1,1.0,1,0,0,timeout,120.19999999999531,5.0,0.0,0.2,120.19999999999531,0.0,0.025374376039933443,0.004991680532445923,
RL-s0-b300-a1.00,rl,1.0,2,results/es_killfirst/ckpt_seed0_gen00300.npz,300,0,BT-v3,10033,0,1.0,1,0,0,timeout,120.19999999999531,10.0,0.0,0.39999999999999997,120.19999999999531,0.0,0.019966722129783693,0.004991680532445923,6751.203254483816
RL-s0-b300-a1.00,rl,1.0,2,results/es_killfirst/ckpt_seed0_gen00300.npz,300,0,BT-v3,10033,1,1.0,1,0,0,gun_kill,60.64999999999869,100.0,3.75,3.999999999999994,60.64999999999869,0.0,0.04207920792079208,0.018151815181518153,
RL-s0-b300-a1.00,rl,1.0,2,results/es_killfirst/ckpt_seed0_gen00300.npz,300,0,BT-v3,10034,0,1.0,1,0,0,timeout,120.19999999999531,6.25,0.0,0.25,120.19999999999531,0.0,0.026622296173044926,0.0,5916.667903892474
RL-s0-b300-a1.00,rl,1.0,2,results/es_killfirst/ckpt_seed0_gen00300.npz,300,0,BT-v3,10034,1,1.0,1,0,0,timeout,120.19999999999531,32.5,0.0,1.3000000000000005,120.19999999999531,0.0,0.025790349417637273,0.0,
RL-s0-b300-a1.00,rl,1.0,2,results/es_killfirst/ckpt_seed0_gen00300.npz,300,0,BT-v3,10035,0,0.0,0,0,1,gun_kill,108.39999999999598,0.0,100.0,0.0,108.39999999999598,0.0,0.017097966728280962,0.006469500924214418,6069.611914889039
RL-s0-b300-a1.00,rl,1.0,2,results/es_killfirst/ckpt_seed0_gen00300.npz,300,0,BT-v3,10035,1,1.0,1,0,0,timeout,120.19999999999531,18.75,0.0,0.7500000000000001,120.19999999999531,0.0,0.02038269550748752,0.0016638935108153079,
RL-s0-b300-a1.00,rl,1.0,2,results/es_killfirst/ckpt_seed0_gen00300.npz,300,0,BT-v3,10036,0,0.0,0,0,1,timeout,120.19999999999531,0.0,15.0,0.0,120.19999999999531,0.0,0.0074875207986688855,0.004991680532445923,6281.074213192838
RL-s0-b300-a1.00,rl,1.0,2,results/es_killfirst/ckpt_seed0_gen00300.npz,300,0,BT-v3,10036,1,0.5,0,1,0,timeout,120.19999999999531,0.0,0.0,0.0,120.19999999999531,0.0,0.00956738768718802,0.004575707154742097,
RL-s0-b300-a1.00,rl,1.0,2,results/es_killfirst/ckpt_seed0_gen00300.npz,300,0,BT-v3,10037,0,1.0,1,0,0,timeout,120.19999999999531,23.75,0.0,0.9500000000000003,120.19999999999531,0.0,0.06863560732113144,0.004575707154742097,5250.963757159803
RL-s0-b300-a1.00,rl,1.0,2,results/es_killfirst/ckpt_seed0_gen00300.npz,300,0,BT-v3,10037,1,1.0,1,0,0,timeout,120.19999999999531,6.25,0.0,0.25,120.19999999999531,0.0,0.0524126455906822,0.0,
RL-s0-b300-a1.00,rl,1.0,2,results/es_killfirst/ckpt_seed0_gen00300.npz,300,0,BT-v3,10038,0,0.5,0,1,0,timeout,120.19999999999531,0.0,0.0,0.0,120.19999999999531,0.0,0.028286189683860232,0.004991680532445923,6518.091253867766
RL-s0-b300-a1.00,rl,1.0,2,results/es_killfirst/ckpt_seed0_gen00300.npz,300,0,BT-v3,10038,1,1.0,1,0,0,timeout,120.19999999999531,77.5,0.0,3.099999999999997,120.19999999999531,0.0,0.02204658901830283,0.02038269550748752,
RL-s0-b300-a1.00,rl,1.0,2,results/es_killfirst/ckpt_seed0_gen00300.npz,300,0,BT-v3,10039,0,1.0,1,0,0,gun_kill,56.59999999999892,100.0,0.0,3.999999999999994,56.59999999999892,0.0,0.03723404255319149,0.0,3927.2061025445287
RL-s0-b300-a1.00,rl,1.0,2,results/es_killfirst/ckpt_seed0_gen00300.npz,300,0,BT-v3,10039,1,1.0,1,0,0,timeout,120.19999999999531,60.0,26.25,2.3999999999999995,120.19999999999531,0.0,0.017054908485856904,0.024958402662229616,
RL-s0-b300-a1.00,rl,1.0,2,results/es_killfirst/ckpt_seed0_gen00300.npz,300,0,BT-v3,10040,0,0.0,0,0,1,gun_kill,61.04999999999867,0.0,100.0,0.0,61.04999999999867,0.0,0.0,0.014754098360655738,6638.090885687928
RL-s0-b300-a1.00,rl,1.0,2,results/es_killfirst/ckpt_seed0_gen00300.npz,300,0,BT-v3,10040,1,1.0,1,0,0,timeout,120.19999999999531,23.75,0.0,0.9500000000000003,120.19999999999531,0.0,0.0,0.006239600665557404,
RL-s0-b300-a1.00,rl,1.0,2,results/es_killfirst/ckpt_seed0_gen00300.npz,300,0,BT-v3,10041,0,0.5,0,1,0,timeout,120.19999999999531,0.0,0.0,0.0,120.19999999999531,0.0,0.014559068219633943,0.019550748752079867,4067.85390999594
RL-s0-b300-a1.00,rl,1.0,2,results/es_killfirst/ckpt_seed0_gen00300.npz,300,0,BT-v3,10041,1,1.0,1,0,0,timeout,120.19999999999531,10.0,0.0,0.39999999999999997,120.19999999999531,0.0,0.01913477537437604,0.004575707154742097,
RL-s0-b300-a1.00,rl,1.0,2,results/es_killfirst/ckpt_seed0_gen00300.npz,300,0,BT-v3,10042,0,1.0,1,0,0,gun_kill,110.84999999999584,100.0,0.0,3.999999999999994,110.84999999999584,0.0,0.05956678700361011,0.01895306859205776,4549.169196462525
RL-s0-b300-a1.00,rl,1.0,2,results/es_killfirst/ckpt_seed0_gen00300.npz,300,0,BT-v3,10042,1,1.0,1,0,0,timeout,120.19999999999531,2.5,0.0,0.1,120.19999999999531,0.0,0.05574043261231281,0.0012479201331114808,
RL-s0-b300-a1.00,rl,1.0,2,results/es_killfirst/ckpt_seed0_gen00300.npz,300,0,BT-v3,10043,0,1.0,1,0,0,timeout,120.19999999999531,21.25,0.0,0.8500000000000002,120.19999999999531,0.0,0.0,0.0,5996.709185572583
RL-s0-b300-a1.00,rl,1.0,2,results/es_killfirst/ckpt_seed0_gen00300.npz,300,0,BT-v3,10043,1,1.0,1,0,0,timeout,120.19999999999531,85.0,0.0,3.399999999999996,120.19999999999531,0.0,0.0,0.011647254575707155,
RL-s0-b300-a1.00,rl,1.0,2,results/es_killfirst/ckpt_seed0_gen00300.npz,300,0,BT-v3,10044,0,1.0,1,0,0,timeout,120.19999999999531,5.0,0.0,0.2,120.19999999999531,0.0,0.0,0.0037437603993344427,6114.0835968441925
RL-s0-b300-a1.00,rl,1.0,2,results/es_killfirst/ckpt_seed0_gen00300.npz,300,0,BT-v3,10044,1,1.0,1,0,0,timeout,120.19999999999531,6.25,0.0,0.25,120.19999999999531,0.0,0.0,0.0024958402662229617,
RL-s0-b300-a1.00,rl,1.0,2,results/es_killfirst/ckpt_seed0_gen00300.npz,300,0,BT-v3,10045,0,1.0,1,0,0,gun_kill,81.54999999999751,100.0,0.0,3.999999999999994,81.54999999999751,0.0,0.060196560196560195,0.029484029484029485,5414.1384090687025
RL-s0-b300-a1.00,rl,1.0,2,results/es_killfirst/ckpt_seed0_gen00300.npz,300,0,BT-v3,10045,1,0.5,0,1,0,timeout,120.19999999999531,0.0,0.0,0.0,120.19999999999531,0.0,0.03826955074875208,0.0,
RL-s0-b300-a1.00,rl,1.0,2,results/es_killfirst/ckpt_seed0_gen00300.npz,300,0,BT-v3,10046,0,1.0,1,0,0,timeout,120.19999999999531,23.75,0.0,0.9500000000000003,120.19999999999531,0.0,0.0910981697171381,0.0,5186.642178447827
RL-s0-b300-a1.00,rl,1.0,2,results/es_killfirst/ckpt_seed0_gen00300.npz,300,0,BT-v3,10046,1,0.0,0,0,1,timeout,120.19999999999531,6.25,36.25,0.25,120.19999999999531,0.0,0.07321131447587355,0.01788685524126456,
RL-s0-b300-a1.00,rl,1.0,2,results/es_killfirst/ckpt_seed0_gen00300.npz,300,0,BT-v3,10047,0,0.5,0,1,0,timeout,120.19999999999531,0.0,0.0,0.0,120.19999999999531,0.0,0.008319467554076539,0.0,4191.2155796902
RL-s0-b300-a1.00,rl,1.0,2,results/es_killfirst/ckpt_seed0_gen00300.npz,300,0,BT-v3,10047,1,1.0,1,0,0,gun_kill,95.29999999999673,100.0,0.0,3.999999999999994,95.29999999999673,0.0,0.009978991596638655,0.028361344537815126,
RL-s0-b300-a1.00,rl,1.0,2,results/es_killfirst/ckpt_seed0_gen00300.npz,300,0,BT-v3,10048,0,1.0,1,0,0,gun_kill,62.2999999999986,100.0,0.0,3.999999999999994,62.2999999999986,0.0,0.05305466237942122,0.03054662379421222,3903.2529408103665
RL-s0-b300-a1.00,rl,1.0,2,results/es_killfirst/ckpt_seed0_gen00300.npz,300,0,BT-v3,10048,1,1.0,1,0,0,gun_kill,113.4499999999957,100.0,0.0,3.999999999999994,113.4499999999957,0.0,0.027336860670194002,0.0,
RL-s0-b300-a1.00,rl,1.0,2,results/es_killfirst/ckpt_seed0_gen00300.npz,300,0,BT-v3,10049,0,1.0,1,0,0,gun_kill,114.49999999999564,100.0,16.25,3.999999999999994,114.49999999999564,0.0,0.05725524475524475,0.039335664335664336,4272.03897614367
RL-s0-b300-a1.00,rl,1.0,2,results/es_killfirst/ckpt_seed0_gen00300.npz,300,0,BT-v3,10049,1,1.0,1,0,0,gun_kill,91.24999999999696,100.0,0.0,3.999999999999994,91.24999999999696,0.0,0.05482456140350877,0.006030701754385965,
RL-s0-b300-a1.00,rl,1.0,2,results/es_killfirst/ckpt_seed0_gen00300.npz,300,0,BT-v3,10050,0,0.5,0,1,0,timeout,120.19999999999531,0.0,0.0,0.0,120.19999999999531,0.0,0.020798668885191347,0.0,5790.548802234319
RL-s0-b300-a1.00,rl,1.0,2,results/es_killfirst/ckpt_seed0_gen00300.npz,300,0,BT-v3,10050,1,1.0,1,0,0,timeout,120.19999999999531,63.75,0.0,2.549999999999999,120.19999999999531,0.0,0.02038269550748752,0.02454242928452579,
RL-s0-b300-a1.00,rl,1.0,2,results/es_killfirst/ckpt_seed0_gen00300.npz,300,0,BT-v3,10051,0,1.0,1,0,0,timeout,120.19999999999531,18.75,10.0,0.7500000000000001,120.19999999999531,0.0,0.06572379367720466,0.009983361064891847,5804.1732990298115
RL-s0-b300-a1.00,rl,1.0,2,results/es_killfirst/ckpt_seed0_gen00300.npz,300,0,BT-v3,10051,1,1.0,1,0,0,timeout,120.19999999999531,38.75,0.0,1.5500000000000007,120.19999999999531,0.0,0.06364392678868552,0.004991680532445923,
RL-s0-b300-a1.00,rl,1.0,2,results/es_killfirst/ckpt_seed0_gen00300.npz,300,0,BT-v3,10052,0,1.0,1,0,0,timeout,120.19999999999531,21.25,0.0,0.8500000000000002,120.19999999999531,0.0,0.032029950083194675,0.01622296173044925,4445.025944465613
RL-s0-b300-a1.00,rl,1.0,2,results/es_killfirst/ckpt_seed0_gen00300.npz,300,0,BT-v3,10052,1,0.5,0,1,0,timeout,120.19999999999531,0.0,0.0,0.0,120.19999999999531,0.0,0.027038269550748752,0.005407653910149751,
RL-s0-b300-a1.00,rl,1.0,2,results/es_killfirst/ckpt_seed0_gen00300.npz,300,0,BT-v3,10053,0,1.0,1,0,0,gun_kill,113.2999999999957,100.0,0.0,3.999999999999994,113.2999999999957,0.0,0.0,0.011484098939929329,5414.103626384051
RL-s0-b300-a1.00,rl,1.0,2,results/es_killfirst/ckpt_seed0_gen00300.npz,300,0,BT-v3,10053,1,1.0,1,0,0,gun_kill,93.29999999999684,100.0,1.25,3.999999999999994,93.29999999999684,0.0,0.0,0.021995708154506438,
RL-s0-b300-a1.00,rl,1.0,2,results/es_killfirst/ckpt_seed0_gen00300.npz,300,0,BT-v3,10054,0,1.0,1,0,0,gun_kill,63.949999999998504,100.0,0.0,3.999999999999994,63.949999999998504,0.0,0.0,0.025078369905956112,4192.627455708501
RL-s0-b300-a1.00,rl,1.0,2,results/es_killfirst/ckpt_seed0_gen00300.npz,300,0,BT-v3,10054,1,0.5,0,1,0,timeout,120.19999999999531,0.0,0.0,0.0,120.19999999999531,0.0,0.0,0.0066555740432612314,
RL-s0-b300-a1.00,rl,1.0,2,results/es_killfirst/ckpt_seed0_gen00300.npz,300,0,BT-v3,10055,0,1.0,1,0,0,timeout,120.19999999999531,13.75,0.0,0.5499999999999999,120.19999999999531,0.0,0.004991680532445923,0.004159733777038269,5208.516387981586
RL-s0-b300-a1.00,rl,1.0,2,results/es_killfirst/ckpt_seed0_gen00300.npz,300,0,BT-v3,10055,1,1.0,1,0,0,gun_kill,77.39999999999775,100.0,2.5,3.999999999999994,77.39999999999775,0.0,0.006476683937823834,0.027202072538860103,
RL-s0-b300-a1.00,rl,1.0,2,results/es_killfirst/ckpt_seed0_gen00300.npz,300,0,BT-v3,10056,0,1.0,1,0,0,gun_kill,70.79999999999812,100.0,0.0,3.999999999999994,70.79999999999812,0.0,0.10835694050991501,0.04320113314447592,4183.537867689917
RL-s0-b300-a1.00,rl,1.0,2,results/es_killfirst/ckpt_seed0_gen00300.npz,300,0,BT-v3,10056,1,0.5,0,1,0,timeout,120.19999999999531,0.0,0.0,0.0,120.19999999999531,0.0,0.05740432612312812,0.009151414309484194,
RL-s0-b300-a1.00,rl,1.0,2,results/es_killfirst/ckpt_seed0_gen00300.npz,300,0,BT-v3,10057,0,1.0,1,0,0,timeout,120.19999999999531,10.0,0.0,0.39999999999999997,120.19999999999531,0.0,0.0,0.0008319467554076539,5839.506079850634
RL-s0-b300-a1.00,rl,1.0,2,results/es_killfirst/ckpt_seed0_gen00300.npz,300,0,BT-v3,10057,1,1.0,1,0,0,gun_kill,73.69999999999796,100.0,1.25,3.999999999999994,73.69999999999796,0.0,0.0,0.034646739130434784,
RL-s0-b300-a1.00,rl,1.0,2,results/es_killfirst/ckpt_seed0_gen00300.npz,300,0,BT-v3,10058,0,1.0,1,0,0,gun_kill,73.79999999999795,100.0,0.0,3.999999999999994,73.79999999999795,0.0,0.08152173913043478,0.03940217391304348,3581.8682885993376
RL-s0-b300-a1.00,rl,1.0,2,results/es_killfirst/ckpt_seed0_gen00300.npz,300,0,BT-v3,10058,1,1.0,1,0,0,timeout,120.19999999999531,61.25,13.75,2.4499999999999993,120.19999999999531,0.0,0.04284525790349417,0.0,
RL-s0-b300-a1.00,rl,1.0,2,results/es_killfirst/ckpt_seed0_gen00300.npz,300,0,BT-v3,10059,0,1.0,1,0,0,timeout,120.19999999999531,72.5,0.0,2.8999999999999977,120.19999999999531,0.0,0.0033277870216306157,0.021630615640599003,5024.653778011945
RL-s0-b300-a1.00,rl,1.0,2,results/es_killfirst/ckpt_seed0_gen00300.npz,300,0,BT-v3,10059,1,1.0,1,0,0,timeout,120.19999999999531,88.75,0.0,3.5499999999999954,120.19999999999531,0.0,0.0033277870216306157,0.025374376039933443,
RL-s0-b300-a1.00,rl,1.0,2,results/es_killfirst/ckpt_seed0_gen00300.npz,300,0,BT-v3,10060,0,1.0,1,0,0,gun_kill,93.24999999999685,100.0,0.0,3.999999999999994,93.24999999999685,0.0,0.04560085836909871,0.015021459227467811,4837.151973395777
RL-s0-b300-a1.00,rl,1.0,2,results/es_killfirst/ckpt_seed0_gen00300.npz,300,0,BT-v3,10060,1,0.5,0,1,0,timeout,120.19999999999531,0.0,0.0,0.0,120.19999999999531,0.0,0.04118136439267887,0.0029118136439267887,
RL-s0-b300-a1.00,rl,1.0,2,results/es_killfirst/ckpt_seed0_gen00300.npz,300,0,BT-v3,10061,0,0.5,0,1,0,timeout,120.19999999999531,0.0,0.0,0.0,120.19999999999531,0.0,0.04118136439267887,0.005823627287853577,5968.964158538672
RL-s0-b300-a1.00,rl,1.0,2,results/es_killfirst/ckpt_seed0_gen00300.npz,300,0,BT-v3,10061,1,1.0,1,0,0,timeout,120.19999999999531,23.75,0.0,0.9500000000000003,120.19999999999531,0.0,0.04742096505823627,0.0,
RL-s0-b300-a1.00,rl,1.0,2,results/es_killfirst/ckpt_seed0_gen00300.npz,300,0,BT-v3,10062,0,0.0,0,0,1,timeout,120.19999999999531,0.0,7.5,0.0,120.19999999999531,0.0,0.0632279534109817,0.0029118136439267887,6334.850473095178
RL-s0-b300-a1.00,rl,1.0,2,results/es_killfirst/ckpt_seed0_gen00300.npz,300,0,BT-v3,10062,1,0.5,0,1,0,timeout,120.19999999999531,0.0,0.0,0.0,120.19999999999531,0.0,0.06780366056572379,0.0,
RL-s0-b300-a1.00,rl,1.0,2,results/es_killfirst/ckpt_seed0_gen00300.npz,300,0,BT-v3,10063,0,0.0,0,0,1,timeout,120.19999999999531,5.0,8.75,0.2,120.19999999999531,0.0,0.022878535773710483,0.006239600665557404,5372.659952760434
RL-s0-b300-a1.00,rl,1.0,2,results/es_killfirst/ckpt_seed0_gen00300.npz,300,0,BT-v3,10063,1,1.0,1,0,0,timeout,120.19999999999531,11.25,0.0,0.44999999999999996,120.19999999999531,0.0,0.02038269550748752,0.004991680532445923,
RL-s0-b300-a1.00,rl,1.0,2,results/es_killfirst/ckpt_seed0_gen00300.npz,300,0,BT-v3,10064,0,1.0,1,0,0,gun_kill,102.64999999999631,100.0,0.0,3.999999999999994,102.64999999999631,0.0,0.027777777777777776,0.030214424951267055,4545.727941384036
RL-s0-b300-a1.00,rl,1.0,2,results/es_killfirst/ckpt_seed0_gen00300.npz,300,0,BT-v3,10064,1,0.5,0,1,0,timeout,120.19999999999531,0.0,0.0,0.0,120.19999999999531,0.0,0.019966722129783693,0.0,
RL-s0-b300-a1.00,rl,1.0,2,results/es_killfirst/ckpt_seed0_gen00300.npz,300,0,BT-v3,10065,0,1.0,1,0,0,gun_kill,83.5999999999974,100.0,0.0,3.999999999999994,83.5999999999974,0.0,0.03357314148681055,0.03237410071942446,4233.342017217958
RL-s0-b300-a1.00,rl,1.0,2,results/es_killfirst/ckpt_seed0_gen00300.npz,300,0,BT-v3,10065,1,0.0,0,0,1,timeout,120.19999999999531,0.0,15.0,0.0,120.19999999999531,0.0,0.022462562396006656,0.005823627287853577,
RL-s0-b300-a1.00,rl,1.0,2,results/es_killfirst/ckpt_seed0_gen00300.npz,300,0,BT-v3,10066,0,0.0,0,0,1,timeout,120.19999999999531,0.0,58.75,0.0,120.19999999999531,0.0,0.04201331114808652,0.012063227953410981,4513.868080189153
RL-s0-b300-a1.00,rl,1.0,2,results/es_killfirst/ckpt_seed0_gen00300.npz,300,0,BT-v3,10066,1,1.0,1,0,0,gun_kill,97.6499999999966,100.0,0.0,3.999999999999994,97.6499999999966,0.0,0.06147540983606557,0.020491803278688523,
RL-s0-b300-a1.00,rl,1.0,2,results/es_killfirst/ckpt_seed0_gen00300.npz,300,0,BT-v3,10067,0,1.0,1,0,0,timeout,120.19999999999531,8.75,0.0,0.35,120.19999999999531,0.0,0.01622296173044925,0.0,6142.146967657561
RL-s0-b300-a1.00,rl,1.0,2,results/es_killfirst/ckpt_seed0_gen00300.npz,300,0,BT-v3,10067,1,1.0,1,0,0,timeout,120.19999999999531,7.5,0.0,0.3,120.19999999999531,0.0,0.01372712146422629,0.0,
RL-s0-b300-a1.00,rl,1.0,2,results/es_killfirst/ckpt_seed0_gen00300.npz,300,0,BT-v3,10068,0,1.0,1,0,0,timeout,120.19999999999531,18.75,0.0,0.7500000000000001,120.19999999999531,0.0,0.02745424292845258,0.0,5114.97698860641
RL-s0-b300-a1.00,rl,1.0,2,results/es_killfirst/ckpt_seed0_gen00300.npz,300,0,BT-v3,10068,1,1.0,1,0,0,timeout,120.19999999999531,12.5,0.0,0.49999999999999994,120.19999999999531,0.0,0.03410981697171381,0.0,
RL-s0-b300-a1.00,rl,1.0,2,results/es_killfirst/ckpt_seed0_gen00300.npz,300,0,BT-v3,10069,0,1.0,1,0,0,gun_kill,57.19999999999889,100.0,0.0,3.999999999999994,57.19999999999889,0.0,0.016666666666666666,0.0043859649122807015,5172.231218161089
RL-s0-b300-a1.00,rl,1.0,2,results/es_killfirst/ckpt_seed0_gen00300.npz,300,0,BT-v3,10069,1,1.0,1,0,0,timeout,120.19999999999531,55.0,0.0,2.2,120.19999999999531,0.0,0.008319467554076539,0.021630615640599003,
RL-s0-b300-a1.00,rl,1.0,2,results/es_killfirst/ckpt_seed0_gen00300.npz,300,0,BT-v3,10070,0,0.5,0,1,0,timeout,120.19999999999531,0.0,0.0,0.0,120.19999999999531,0.0,0.011647254575707155,0.0033277870216306157,6957.848943580394
RL-s0-b300-a1.00,rl,1.0,2,results/es_killfirst/ckpt_seed0_gen00300.npz,300,0,BT-v3,10070,1,1.0,1,0,0,gun_kill,79.14999999999765,100.0,10.0,3.999999999999994,79.14999999999765,0.0,0.016455696202531647,0.026582278481012658,
RL-s0-b300-a1.00,rl,1.0,2,results/es_killfirst/ckpt_seed0_gen00300.npz,300,0,BT-v3,10071,0,1.0,1,0,0,timeout,120.19999999999531,76.25,0.0,3.049999999999997,120.19999999999531,0.0,0.0,0.01747088186356073,4840.75808414925
RL-s0-b300-a1.00,rl,1.0,2,results/es_killfirst/ckpt_seed0_gen00300.npz,300,0,BT-v3,10071,1,1.0,1,0,0,gun_kill,78.54999999999768,100.0,0.0,3.999999999999994,78.54999999999768,0.0,0.0,0.02040816326530612,
RL-s0-b300-a1.00,rl,1.0,2,results/es_killfirst/ckpt_seed0_gen00300.npz,300,0,BT-v3,10072,0,0.0,0,0,1,timeout,120.19999999999531,0.0,55.0,0.0,120.19999999999531,0.0,0.0,0.012895174708818636,4967.874795515232
RL-s0-b300-a1.00,rl,1.0,2,results/es_killfirst/ckpt_seed0_gen00300.npz,300,0,BT-v3,10072,1,1.0,1,0,0,gun_kill,62.59999999999858,100.0,0.0,3.999999999999994,62.59999999999858,0.0,0.0,0.010416666666666666,
RL-s0-b300-a1.00,rl,1.0,2,results/es_killfirst/ckpt_seed0_gen00300.npz,300,0,BT-v3,10073,0,1.0,1,0,0,timeout,120.19999999999531,78.75,0.0,3.149999999999997,120.19999999999531,0.0,0.025790349417637273,0.021630615640599003,4411.868660915677
RL-s0-b300-a1.00,rl,1.0,2,results/es_killfirst/ckpt_seed0_gen00300.npz,300,0,BT-v3,10073,1,1.0,1,0,0,gun_kill,63.949999999998504,100.0,0.0,3.999999999999994,63.949999999998504,0.0,0.0493730407523511,0.0,
RL-s0-b300-a1.00,rl,1.0,2,results/es_killfirst/ckpt_seed0_gen00300.npz,300,0,BT-v3,10074,0,0.5,0,1,0,timeout,120.19999999999531,0.0,0.0,0.0,120.19999999999531,0.0,0.051580698835274545,0.0,5464.541415686685
RL-s0-b300-a1.00,rl,1.0,2,results/es_killfirst/ckpt_seed0_gen00300.npz,300,0,BT-v3,10074,1,0.5,0,1,0,collision,84.44999999999735,51.25,0.0,2.0500000000000007,84.44999999999735,0.0,0.06753554502369669,0.023696682464454975,
RL-s0-b300-a1.00,rl,1.0,2,results/es_killfirst/ckpt_seed0_gen00300.npz,300,0,BT-v3,10075,0,1.0,1,0,0,gun_kill,79.9999999999976,100.0,0.0,3.999999999999994,79.9999999999976,0.0,0.03383458646616541,0.022556390977443608,5334.362104924011
RL-s0-b300-a1.00,rl,1.0,2,results/es_killfirst/ckpt_seed0_gen00300.npz,300,0,BT-v3,10075,1,1.0,1,0,0,timeout,120.19999999999531,48.75,0.0,1.950000000000001,120.19999999999531,0.0,0.022462562396006656,0.018302828618968387,
RL-s0-b300-a1.00,rl,1.0,2,results/es_killfirst/ckpt_seed0_gen00300.npz,300,0,BT-v3,10076,0,1.0,1,0,0,gun_kill,114.39999999999564,100.0,0.0,3.999999999999994,114.39999999999564,0.0,0.021015761821366025,0.017513134851138354,4671.620117291638
RL-s0-b300-a1.00,rl,1.0,2,results/es_killfirst/ckpt_seed0_gen00300.npz,300,0,BT-v3,10076,1,1.0,1,0,0,gun_kill,99.2499999999965,100.0,0.0,3.999999999999994,99.2499999999965,0.0,0.03024193548387097,0.01965725806451613,
RL-s0-b300-a1.00,rl,1.0,2,results/es_killfirst/ckpt_seed0_gen00300.npz,300,0,BT-v3,10077,0,0.5,0,1,0,timeout,120.19999999999531,0.0,0.0,0.0,120.19999999999531,0.0,0.019550748752079867,0.0012479201331114808,5364.051219039678
RL-s0-b300-a1.00,rl,1.0,2,results/es_killfirst/ckpt_seed0_gen00300.npz,300,0,BT-v3,10077,1,1.0,1,0,0,gun_kill,74.09999999999793,100.0,0.0,3.999999999999994,74.09999999999793,0.0,0.03175675675675676,0.0222972972972973,
RL-s0-b300-a1.00,rl,1.0,2,results/es_killfirst/ckpt_seed0_gen00300.npz,300,0,BT-v3,10078,0,0.5,0,1,0,timeout,120.19999999999531,0.0,0.0,0.0,120.19999999999531,0.0,0.03868552412645591,0.0037437603993344427,5316.294912241585
RL-s0-b300-a1.00,rl,1.0,2,results/es_killfirst/ckpt_seed0_gen00300.npz,300,0,BT-v3,10078,1,1.0,1,0,0,gun_kill,116.8999999999955,100.0,0.0,3.999999999999994,116.8999999999955,0.0,0.04409246575342466,0.02440068493150685,
RL-s0-b300-a1.00,rl,1.0,2,results/es_killfirst/ckpt_seed0_gen00300.npz,300,0,BT-v3,10079,0,1.0,1,0,0,gun_kill,64.69999999999847,100.0,0.0,3.999999999999994,64.69999999999847,0.0,0.0,0.02321981424148607,4937.902743168543
RL-s0-b300-a1.00,rl,1.0,2,results/es_killfirst/ckpt_seed0_gen00300.npz,300,0,BT-v3,10079,1,0.0,0,0,1,timeout,120.19999999999531,0.0,65.0,0.0,120.19999999999531,0.0,0.0,0.014975041597337771,
RL-s0-b300-a1.00,rl,1.0,2,results/es_killfirst/ckpt_seed0_gen00300.npz,300,0,BT-v3,10080,0,0.5,0,1,0,timeout,120.19999999999531,0.0,0.0,0.0,120.19999999999531,0.0,0.013311148086522463,0.0,6015.300569429317
RL-s0-b300-a1.00,rl,1.0,2,results/es_killfirst/ckpt_seed0_gen00300.npz,300,0,BT-v3,10080,1,1.0,1,0,0,timeout,120.19999999999531,13.75,0.0,0.5499999999999999,120.19999999999531,0.0,0.013311148086522463,0.0066555740432612314,
RL-s0-b300-a1.00,rl,1.0,2,results/es_killfirst/ckpt_seed0_gen00300.npz,300,0,BT-v3,10081,0,1.0,1,0,0,gun_kill,115.49999999999558,100.0,0.0,3.999999999999994,115.49999999999558,0.0,0.0,0.012564991334488735,5200.150708344901
RL-s0-b300-a1.00,rl,1.0,2,results/es_killfirst/ckpt_seed0_gen00300.npz,300,0,BT-v3,10081,1,1.0,1,0,0,gun_kill,100.49999999999643,100.0,0.0,3.999999999999994,100.49999999999643,0.0,0.0,0.018924302788844622,
RL-s0-b300-a1.00,rl,1.0,2,results/es_killfirst/ckpt_seed0_gen00300.npz,300,0,BT-v3,10082,0,0.0,0,0,1,timeout,120.19999999999531,0.0,8.75,0.0,120.19999999999531,0.0,0.018718801996672214,0.005407653910149751,5948.50805722528
RL-s0-b300-a1.00,rl,1.0,2,results/es_killfirst/ckpt_seed0_gen00300.npz,300,0,BT-v3,10082,1,1.0,1,0,0,timeout,120.19999999999531,27.5,0.0,1.1000000000000003,120.19999999999531,0.0,0.018302828618968387,0.004991680532445923,
RL-s0-b300-a1.00,rl,1.0,2,results/es_killfirst/ckpt_seed0_gen00300.npz,300,0,BT-v3,10083,0,1.0,1,0,0,timeout,120.19999999999531,3.75,0.0,0.15000000000000002,120.19999999999531,0.0,0.04908485856905158,0.0037437603993344427,6600.994300779941
RL-s0-b300-a1.00,rl,1.0,2,results/es_killfirst/ckpt_seed0_gen00300.npz,300,0,BT-v3,10083,1,1.0,1,0,0,timeout,120.19999999999531,12.5,0.0,0.49999999999999994,120.19999999999531,0.0,0.05366056572379368,0.004575707154742097,
RL-s0-b300-a1.00,rl,1.0,2,results/es_killfirst/ckpt_seed0_gen00300.npz,300,0,BT-v3,10084,0,1.0,1,0,0,gun_kill,78.44999999999769,100.0,0.0,3.999999999999994,78.44999999999769,0.0,0.0,0.013392857142857142,5255.370402132899
RL-s0-b300-a1.00,rl,1.0,2,results/es_killfirst/ckpt_seed0_gen00300.npz,300,0,BT-v3,10084,1,0.5,0,1,0,timeout,120.19999999999531,0.0,0.0,0.0,120.19999999999531,0.0,0.0,0.0024958402662229617,
RL-s0-b300-a1.00,rl,1.0,2,results/es_killfirst/ckpt_seed0_gen00300.npz,300,0,BT-v3,10085,0,1.0,1,0,0,timeout,120.19999999999531,17.5,0.0,0.7000000000000001,120.19999999999531,0.0,0.0,0.006239600665557404,5977.457650943113
RL-s0-b300-a1.00,rl,1.0,2,results/es_killfirst/ckpt_seed0_gen00300.npz,300,0,BT-v3,10085,1,1.0,1,0,0,gun_kill,82.44999999999746,100.0,0.0,3.999999999999994,82.44999999999746,0.0,0.0,0.0,
RL-s0-b300-a1.00,rl,1.0,2,results/es_killfirst/ckpt_seed0_gen00300.npz,300,0,BT-v3,10086,0,0.5,0,1,0,timeout,120.19999999999531,0.0,0.0,0.0,120.19999999999531,0.0,0.0,0.0037437603993344427,6334.254043754292
RL-s0-b300-a1.00,rl,1.0,2,results/es_killfirst/ckpt_seed0_gen00300.npz,300,0,BT-v3,10086,1,1.0,1,0,0,gun_kill,78.64999999999768,100.0,0.0,3.999999999999994,78.64999999999768,0.0,0.0,0.03244274809160305,
RL-s0-b300-a1.00,rl,1.0,2,results/es_killfirst/ckpt_seed0_gen00300.npz,300,0,BT-v3,10087,0,0.5,0,1,0,collision,4.049999999999994,3.75,0.0,0.15000000000000002,4.049999999999994,0.0,0.875,0.075,6474.885829551241
RL-s0-b300-a1.00,rl,1.0,2,results/es_killfirst/ckpt_seed0_gen00300.npz,300,0,BT-v3,10087,1,0.5,0,1,0,timeout,120.19999999999531,0.0,0.0,0.0,120.19999999999531,0.0,0.04991680532445923,0.005823627287853577,
RL-s0-b300-a1.00,rl,1.0,2,results/es_killfirst/ckpt_seed0_gen00300.npz,300,0,BT-v3,10088,0,1.0,1,0,0,gun_kill,59.24999999999877,100.0,0.0,3.999999999999994,59.24999999999877,0.0,0.0,0.004222972972972973,5088.678031438433
RL-s0-b300-a1.00,rl,1.0,2,results/es_killfirst/ckpt_seed0_gen00300.npz,300,0,BT-v3,10088,1,0.0,0,0,1,timeout,120.19999999999531,8.75,10.0,0.35,120.19999999999531,0.0,0.0,0.007071547420965058,
RL-s0-b300-a1.00,rl,1.0,2,results/es_killfirst/ckpt_seed0_gen00300.npz,300,0,BT-v3,10089,0,1.0,1,0,0,gun_kill,79.54999999999762,100.0,0.0,3.999999999999994,79.54999999999762,0.0,0.0,0.009445843828715366,5755.354110858524
RL-s0-b300-a1.00,rl,1.0,2,results/es_killfirst/ckpt_seed0_gen00300.npz,300,0,BT-v3,10089,1,1.0,1,0,0,timeout,120.19999999999531,2.5,0.0,0.1,120.19999999999531,0.0,0.0,0.004991680532445923,
RL-s0-b300-a1.00,rl,1.0,2,results/es_killfirst/ckpt_seed0_gen00300.npz,300,0,BT-v3,10090,0,1.0,1,0,0,timeout,120.19999999999531,6.25,0.0,0.25,120.19999999999531,0.0,0.012479201331114808,0.0,5110.2422853095295
RL-s0-b300-a1.00,rl,1.0,2,results/es_killfirst/ckpt_seed0_gen00300.npz,300,0,BT-v3,10090,1,1.0,1,0,0,timeout,120.19999999999531,17.5,0.0,0.7000000000000001,120.19999999999531,0.0,0.014143094841930116,0.005823627287853577,
RL-s0-b300-a1.00,rl,1.0,2,results/es_killfirst/ckpt_seed0_gen00300.npz,300,0,BT-v3,10091,0,1.0,1,0,0,timeout,120.19999999999531,21.25,0.0,0.8500000000000002,120.19999999999531,0.0,0.06572379367720466,0.009151414309484194,5323.709892805347
RL-s0-b300-a1.00,rl,1.0,2,results/es_killfirst/ckpt_seed0_gen00300.npz,300,0,BT-v3,10091,1,1.0,1,0,0,timeout,120.19999999999531,25.0,3.75,1.0000000000000002,120.19999999999531,0.0,0.06239600665557404,0.007071547420965058,
RL-s0-b300-a1.00,rl,1.0,2,results/es_killfirst/ckpt_seed0_gen00300.npz,300,0,BT-v3,10092,0,0.0,0,0,1,timeout,120.19999999999531,0.0,6.25,0.0,120.19999999999531,0.0,0.0,0.006239600665557404,6761.135941618161
RL-s0-b300-a1.00,rl,1.0,2,results/es_killfirst/ckpt_seed0_gen00300.npz,300,0,BT-v3,10092,1,1.0,1,0,0,gun_kill,79.79999999999761,100.0,0.0,3.999999999999994,79.79999999999761,0.0,0.0,0.026381909547738693,
RL-s0-b300-a1.00,rl,1.0,2,results/es_killfirst/ckpt_seed0_gen00300.npz,300,0,BT-v3,10093,0,1.0,1,0,0,timeout,120.19999999999531,6.25,0.0,0.25,120.19999999999531,0.0,0.0,0.0,5128.301176892755
RL-s0-b300-a1.00,rl,1.0,2,results/es_killfirst/ckpt_seed0_gen00300.npz,300,0,BT-v3,10093,1,1.0,1,0,0,gun_kill,65.64999999999841,100.0,17.5,3.999999999999994,65.64999999999841,0.0,0.0,0.02972560975609756,
RL-s0-b300-a1.00,rl,1.0,2,results/es_killfirst/ckpt_seed0_gen00300.npz,300,0,BT-v3,10094,0,0.5,0,1,0,timeout,120.19999999999531,0.0,0.0,0.0,120.19999999999531,0.0,0.03410981697171381,0.0,5862.496770720943
RL-s0-b300-a1.00,rl,1.0,2,results/es_killfirst/ckpt_seed0_gen00300.npz,300,0,BT-v3,10094,1,1.0,1,0,0,timeout,120.19999999999531,27.5,0.0,1.1000000000000003,120.19999999999531,0.0,0.0370216306156406,0.006239600665557404,
RL-s0-b300-a1.00,rl,1.0,2,results/es_killfirst/ckpt_seed0_gen00300.npz,300,0,BT-v3,10095,0,1.0,1,0,0,gun_kill,80.69999999999756,100.0,0.0,3.999999999999994,80.69999999999756,0.0,0.0,0.034739454094292806,4587.538024000181
RL-s0-b300-a1.00,rl,1.0,2,results/es_killfirst/ckpt_seed0_gen00300.npz,300,0,BT-v3,10095,1,0.5,0,1,0,timeout,120.19999999999531,0.0,0.0,0.0,120.19999999999531,0.0,0.0,0.0016638935108153079,
RL-s0-b300-a1.00,rl,1.0,2,results/es_killfirst/ckpt_seed0_gen00300.npz,300,0,BT-v3,10096,0,1.0,1,0,0,gun_kill,100.79999999999642,100.0,0.0,3.999999999999994,100.79999999999642,0.0,0.05765407554671968,0.01242544731610338,3593.1269334505405
RL-s0-b300-a1.00,rl,1.0,2,results/es_killfirst/ckpt_seed0_gen00300.npz,300,0,BT-v3,10096,1,1.0,1,0,0,gun_kill,110.44999999999587,100.0,0.0,3.999999999999994,110.44999999999587,0.0,0.05480072463768116,0.0,
RL-s0-b300-a1.00,rl,1.0,2,results/es_killfirst/ckpt_seed0_gen00300.npz,300,0,BT-v3,10097,0,1.0,1,0,0,timeout,120.19999999999531,15.0,0.0,0.6,120.19999999999531,0.0,0.051580698835274545,0.004991680532445923,6225.345423751905
RL-s0-b300-a1.00,rl,1.0,2,results/es_killfirst/ckpt_seed0_gen00300.npz,300,0,BT-v3,10097,1,0.5,0,1,0,timeout,120.19999999999531,0.0,0.0,0.0,120.19999999999531,0.0,0.04284525790349417,0.0,
RL-s0-b300-a1.00,rl,1.0,2,results/es_killfirst/ckpt_seed0_gen00300.npz,300,0,BT-v3,10098,0,1.0,1,0,0,gun_kill,115.34999999999559,100.0,0.0,3.999999999999994,115.34999999999559,0.0,0.020399305555555556,0.0,4132.188057636401
RL-s0-b300-a1.00,rl,1.0,2,results/es_killfirst/ckpt_seed0_gen00300.npz,300,0,BT-v3,10098,1,1.0,1,0,0,gun_kill,93.84999999999681,100.0,0.0,3.999999999999994,93.84999999999681,0.0,0.025053304904051173,0.018656716417910446,
RL-s0-b300-a1.00,rl,1.0,2,results/es_killfirst/ckpt_seed0_gen00300.npz,300,0,BT-v3,10099,0,1.0,1,0,0,gun_kill,99.09999999999651,100.0,0.0,3.999999999999994,99.09999999999651,0.0,0.0,0.021212121212121213,3972.092618061714
RL-s0-b300-a1.00,rl,1.0,2,results/es_killfirst/ckpt_seed0_gen00300.npz,300,0,BT-v3,10099,1,1.0,1,0,0,gun_kill,76.19999999999781,100.0,0.0,3.999999999999994,76.19999999999781,0.0,0.0,0.03223684210526316,
RL-s1-b300-a1.00,rl,1.0,2,results/es_killfirst/ckpt_seed1_gen00300.npz,300,1,BT-v2,10000,0,0.5,0,1,0,timeout,120.19999999999531,0.0,0.0,0.0,120.19999999999531,0.0,0.027038269550748752,0.004575707154742097,5875.292372833303
RL-s1-b300-a1.00,rl,1.0,2,results/es_killfirst/ckpt_seed1_gen00300.npz,300,1,BT-v2,10000,1,0.0,0,0,1,crash,90.39999999999701,16.25,0.0,0.65,90.39999999999701,0.22560975609756098,0.05598669623059867,0.008314855875831485,
RL-s1-b300-a1.00,rl,1.0,2,results/es_killfirst/ckpt_seed1_gen00300.npz,300,1,BT-v2,10001,0,0.0,0,0,1,crash,100.89999999999641,2.5,3.75,0.1,100.89999999999641,0.18700396825396826,0.006944444444444444,0.013392857142857142,4039.777912850212
RL-s1-b300-a1.00,rl,1.0,2,results/es_killfirst/ckpt_seed1_gen00300.npz,300,1,BT-v2,10001,1,1.0,1,0,0,gun_kill,92.3999999999969,100.0,61.25,3.999999999999994,92.3999999999969,0.0,0.0,0.0,
RL-s1-b300-a1.00,rl,1.0,2,results/es_killfirst/ckpt_seed1_gen00300.npz,300,1,BT-v2,10002,0,1.0,1,0,0,timeout,120.19999999999531,8.75,0.0,0.35,120.19999999999531,0.0,0.025374376039933443,0.005407653910149751,5297.936332696139
RL-s1-b300-a1.00,rl,1.0,2,results/es_killfirst/ckpt_seed1_gen00300.npz,300,1,BT-v2,10002,1,0.0,0,0,1,crash,93.19999999999685,32.5,0.0,1.3000000000000005,93.19999999999685,0.2118279569892473,0.0553763440860215,0.002688172043010753,
RL-s1-b300-a1.00,rl,1.0,2,results/es_killfirst/ckpt_seed1_gen00300.npz,300,1,BT-v2,10003,0,0.0,0,0,1,crash,103.54999999999626,0.0,0.0,0.0,103.54999999999626,0.172147001934236,0.07785299806576403,0.010638297872340425,4326.742525198471
RL-s1-b300-a1.00,rl,1.0,2,results/es_killfirst/ckpt_seed1_gen00300.npz,300,1,BT-v2,10003,1,1.0,1,0,0,timeout,120.19999999999531,6.25,0.0,0.25,120.19999999999531,0.0,0.05116472545757072,0.0,
RL-s1-b300-a1.00,rl,1.0,2,results/es_killfirst/ckpt_seed1_gen00300.npz,300,1,BT-v2,10004,0,0.0,0,0,1,crash,88.09999999999714,5.0,0.0,0.2,88.09999999999714,0.19772727272727272,0.04602272727272727,0.006818181818181818,3778.2700235566163
RL-s1-b300-a1.00,rl,1.0,2,results/es_killfirst/ckpt_seed1_gen00300.npz,300,1,BT-v2,10004,1,0.0,0,0,1,gun_kill,107.29999999999605,0.0,100.0,0.0,107.29999999999605,0.0,0.024720149253731342,0.0,
RL-s1-b300-a1.00,rl,1.0,2,results/es_killfirst/ckpt_seed1_gen00300.npz,300,1,BT-v2,10005,0,0.0,0,0,1,crash,89.64999999999705,0.0,5.0,0.0,89.64999999999705,0.21037946428571427,0.08426339285714286,0.0,4038.992259509782
RL-s1-b300-a1.00,rl,1.0,2,results/es_killfirst/ckpt_seed1_gen00300.npz,300,1,BT-v2,10005,1,0.5,0,1,0,timeout,120.19999999999531,0.0,0.0,0.0,120.19999999999531,0.0,0.07445923460898503,0.0,
RL-s1-b300-a1.00,rl,1.0,2,results/es_killfirst/ckpt_seed1_gen00300.npz,300,1,BT-v2,10006,0,0.0,0,0,1,timeout,120.19999999999531,0.0,10.0,0.0,120.19999999999531,0.0,0.007071547420965058,0.0,6643.9415882588755
RL-s1-b300-a1.00,rl,1.0,2,results/es_killfirst/ckpt_seed1_gen00300.npz,300,1,BT-v2,10006,1,0.5,0,1,0,timeout,120.19999999999531,0.0,0.0,0.0,120.19999999999531,0.0,0.009983361064891847,0.0029118136439267887,
RL-s1-b300-a1.00,rl,1.0,2,results/es_killfirst/ckpt_seed1_gen00300.npz,300,1,BT-v2,10007,0,1.0,1,0,0,timeout,120.19999999999531,27.5,0.0,1.1000000000000003,120.19999999999531,0.0,0.01747088186356073,0.0,4809.447814429074
RL-s1-b300-a1.00,rl,1.0,2,results/es_killfirst/ckpt_seed1_gen00300.npz,300,1,BT-v2,10007,1,1.0,1,0,0,timeout,120.19999999999531,20.0,0.0,0.8000000000000002,120.19999999999531,0.0,0.021214642262895173,0.004575707154742097,
RL-s1-b300-a1.00,rl,1.0,2,results/es_killfirst/ckpt_seed1_gen00300.npz,300,1,BT-v2,10008,0,1.0,1,0,0,crash,119.79999999999534,13.75,1.25,0.5499999999999999,119.79999999999534,0.2717391304347826,0.028846153846153848,0.04222408026755853,3500.2842390076385
RL-s1-b300-a1.00,rl,1.0,2,results/es_killfirst/ckpt_seed1_gen00300.npz,300,1,BT-v2,10008,1,0.0,0,0,1,crash,49.64999999999932,0.0,30.0,0.0,49.64999999999932,0.23286290322580644,0.6925403225806451,0.0,
RL-s1-b300-a1.00,rl,1.0,2,results/es_killfirst/ckpt_seed1_gen00300.npz,300,1,BT-v2,10009,0,1.0,1,0,0,timeout,120.19999999999531,6.25,0.0,0.25,120.19999999999531,0.0,0.027038269550748752,0.007071547420965058,5699.688137871234
RL-s1-b300-a1.00,rl,1.0,2,results/es_killfirst/ckpt_seed1_gen00300.npz,300,1,BT-v2,10009,1,1.0,1,0,0,timeout,120.19999999999531,33.75,0.0,1.3500000000000005,120.19999999999531,0.0,0.021630615640599003,0.0,
RL-s1-b300-a1.00,rl,1.0,2,results/es_killfirst/ckpt_seed1_gen00300.npz,300,1,BT-v2,10010,0,0.5,0,1,0,timeout,120.19999999999531,0.0,0.0,0.0,120.19999999999531,0.0,0.05199667221297837,0.0029118136439267887,4747.562163353457
RL-s1-b300-a1.00,rl,1.0,2,results/es_killfirst/ckpt_seed1_gen00300.npz,300,1,BT-v2,10010,1,0.0,0,0,1,timeout,120.19999999999531,0.0,50.0,0.0,120.19999999999531,0.0,0.06738768718801996,0.0,
RL-s1-b300-a1.00,rl,1.0,2,results/es_killfirst/ckpt_seed1_gen00300.npz,300,1,BT-v2,10011,0,0.0,0,0,1,gun_kill,113.59999999999569,0.0,100.0,0.0,113.59999999999569,0.0,0.0,0.0,6242.675712598247
RL-s1-b300-a1.00,rl,1.0,2,results/es_killfirst/ckpt_seed1_gen00300.npz,300,1,BT-v2,10011,1,1.0,1,0,0,timeout,120.19999999999531,36.25,0.0,1.4500000000000006,120.19999999999531,0.11480865224625623,0.0,0.03577371048252912,
RL-s1-b300-a1.00,rl,1.0,2,results/es_killfirst/ckpt_seed1_gen00300.npz,300,1,BT-v2,10012,0,0.0,0,0,1,crash,29.20000000000028,0.0,0.0,0.0,29.20000000000028,0.15344827586206897,0.9655172413793104,0.0,6019.40183618195
RL-s1-b300-a1.00,rl,1.0,2,results/es_killfirst/ckpt_seed1_gen00300.npz,300,1,BT-v2,10012,1,1.0,1,0,0,crash,85.44999999999729,16.25,0.0,0.65,85.44999999999729,0.15807962529274006,0.17096018735362997,0.00936768149882904,
RL-s1-b300-a1.00,rl,1.0,2,results/es_killfirst/ckpt_seed1_gen00300.npz,300,1,BT-v2,10013,0,0.5,0,1,0,timeout,120.19999999999531,0.0,0.0,0.0,120.19999999999531,0.0,0.03743760399334443,0.007071547420965058,5580.500432594372
RL-s1-b300-a1.00,rl,1.0,2,results/es_killfirst/ckpt_seed1_gen00300.npz,300,1,BT-v2,10013,1,0.5,0,1,0,timeout,120.19999999999531,0.0,0.0,0.0,120.19999999999531,0.0,0.024958402662229616,0.0,
RL-s1-b300-a1.00,rl,1.0,2,results/es_killfirst/ckpt_seed1_gen00300.npz,300,1,BT-v2,10014,0,0.5,0,1,0,timeout,120.19999999999531,0.0,0.0,0.0,120.19999999999531,0.0,0.0,0.0,6479.312058653363
RL-s1-b300-a1.00,rl,1.0,2,results/es_killfirst/ckpt_seed1_gen00300.npz,300,1,BT-v2,10014,1,0.0,0,0,1,crash,102.8499999999963,0.0,0.0,0.0,102.8499999999963,0.17363813229571984,0.020428015564202335,0.006809338521400778,
RL-s1-b300-a1.00,rl,1.0,2,results/es_killfirst/ckpt_seed1_gen00300.npz,300,1,BT-v2,10015,0,0.0,0,0,1,timeout,120.19999999999531,3.75,7.5,0.15000000000000002,120.19999999999531,0.0,0.0,0.007071547420965058,5392.806144569513
RL-s1-b300-a1.00,rl,1.0,2,results/es_killfirst/ckpt_seed1_gen00300.npz,300,1,BT-v2,10015,1,0.0,0,0,1,crash,50.94999999999924,0.0,60.0,0.0,50.94999999999924,0.20964566929133857,0.36220472440944884,0.0,
RL-s1-b300-a1.00,rl,1.0,2,results/es_killfirst/ckpt_seed1_gen00300.npz,300,1,BT-v2,10016,0,1.0,1,0,0,timeout,120.19999999999531,18.75,0.0,0.7500000000000001,120.19999999999531,0.0,0.0,0.004991680532445923,5924.197558959929
RL-s1-b300-a1.00,rl,1.0,2,results/es_killfirst/ckpt_seed1_gen00300.npz,300,1,BT-v2,10016,1,0.0,0,0,1,crash,116.09999999999555,11.25,3.75,0.44999999999999996,116.09999999999555,0.27586206896551724,0.0,0.05086206896551724,
RL-s1-b300-a1.00,rl,1.0,2,results/es_killfirst/ckpt_seed1_gen00300.npz,300,1,BT-v2,10017,0,0.5,0,1,0,timeout,120.19999999999531,0.0,0.0,0.0,120.19999999999531,0.0,0.03826955074875208,0.005823627287853577,5317.077432694869
RL-s1-b300-a1.00,rl,1.0,2,results/es_killfirst/ckpt_seed1_gen00300.npz,300,1,BT-v2,10017,1,1.0,1,0,0,timeout,120.19999999999531,66.25,0.0,2.6499999999999986,120.19999999999531,0.0,0.027870216306156406,0.0,
RL-s1-b300-a1.00,rl,1.0,2,results/es_killfirst/ckpt_seed1_gen00300.npz,300,1,BT-v2,10018,0,0.0,0,0,1,gun_kill,21.250000000000167,0.0,100.0,0.0,21.250000000000167,0.0,0.1650943396226415,0.0,4785.207557310908
RL-s1-b300-a1.00,rl,1.0,2,results/es_killfirst/ckpt_seed1_gen00300.npz,300,1,BT-v2,10018,1,1.0,1,0,0,crash,108.29999999999599,10.0,0.0,0.39999999999999997,108.29999999999599,0.2476894639556377,0.019408502772643253,0.038817005545286505,
RL-s1-b300-a1.00,rl,1.0,2,results/es_killfirst/ckpt_seed1_gen00300.npz,300,1,BT-v2,10019,0,1.0,1,0,0,timeout,120.19999999999531,30.0,0.0,1.2000000000000004,120.19999999999531,0.0,0.0,0.0066555740432612314,6088.523592117185
RL-s1-b300-a1.00,rl,1.0,2,results/es_killfirst/ckpt_seed1_gen00300.npz,300,1,BT-v2,10019,1,1.0,1,0,0,timeout,120.19999999999531,26.25,0.0,1.0500000000000003,120.19999999999531,0.08361064891846921,0.0,0.028286189683860232,
RL-s1-b300-a1.00,rl,1.0,2,results/es_killfirst/ckpt_seed1_gen00300.npz,300,1,BT-v2,10020,0,0.0,0,0,1,crash,85.39999999999729,3.75,5.0,0.15000000000000002,85.39999999999729,0.19131455399061034,0.031103286384976527,0.00528169014084507,4320.03571904943
RL-s1-b300-a1.00,rl,1.0,2,results/es_killfirst/ckpt_seed1_gen00300.npz,300,1,BT-v2,10020,1,1.0,1,0,0,timeout,120.19999999999531,7.5,5.0,0.3,120.19999999999531,0.0,0.0,0.0066555740432612314,
RL-s1-b300-a1.00,rl,1.0,2,results/es_killfirst/ckpt_seed1_gen00300.npz,300,1,BT-v2,10021,0,0.0,0,0,1,crash,31.850000000000318,0.0,5.0,0.0,31.850000000000318,0.16037735849056603,0.9842767295597484,0.0,5646.106446796144
RL-s1-b300-a1.00,rl,1.0,2,results/es_killfirst/ckpt_seed1_gen00300.npz,300,1,BT-v2,10021,1,1.0,1,0,0,crash,87.54999999999717,0.0,0.0,0.0,87.54999999999717,0.20995423340961097,0.16304347826086957,0.014302059496567507,
RL-s1-b300-a1.00,rl,1.0,2,results/es_killfirst/ckpt_seed1_gen00300.npz,300,1,BT-v2,10022,0,1.0,1,0,0,timeout,120.19999999999531,7.5,0.0,0.3,120.19999999999531,0.0,0.03868552412645591,0.004575707154742097,6614.818013587443
RL-s1-b300-a1.00,rl,1.0,2,results/es_killfirst/ckpt_seed1_gen00300.npz,300,1,BT-v2,10022,1,0.5,0,1,0,timeout,120.19999999999531,0.0,0.0,0.0,120.19999999999531,0.0,0.05033277870216306,0.0,
RL-s1-b300-a1.00,rl,1.0,2,results/es_killfirst/ckpt_seed1_gen00300.npz,300,1,BT-v2,10023,0,0.5,0,1,0,timeout,120.19999999999531,0.0,0.0,0.0,120.19999999999531,0.0,0.04076539101497504,0.004991680532445923,6235.171574411816
RL-s1-b300-a1.00,rl,1.0,2,results/es_killfirst/ckpt_seed1_gen00300.npz,300,1,BT-v2,10023,1,1.0,1,0,0,timeout,120.19999999999531,25.0,0.0,1.0000000000000002,120.19999999999531,0.0,0.027038269550748752,0.0,
RL-s1-b300-a1.00,rl,1.0,2,results/es_killfirst/ckpt_seed1_gen00300.npz,300,1,BT-v2,10024,0,1.0,1,0,0,crash,112.39999999999576,2.5,0.0,0.1,112.39999999999576,0.25267379679144386,0.035650623885918005,0.012923351158645277,3469.3639750963953
RL-s1-b300-a1.00,rl,1.0,2,results/es_killfirst/ckpt_seed1_gen00300.npz,300,1,BT-v2,10024,1,0.0,0,0,1,crash,72.54999999999802,0.0,8.75,0.0,72.54999999999802,0.2548342541436464,0.05386740331491713,0.0,
RL-s1-b300-a1.00,rl,1.0,2,results/es_killfirst/ckpt_seed1_gen00300.npz,300,1,BT-v2,10025,0,0.0,0,0,1,crash,104.89999999999618,8.75,2.5,0.35,104.89999999999618,0.1736641221374046,0.029103053435114504,0.004293893129770993,4611.9120108212155
RL-s1-b300-a1.00,rl,1.0,2,results/es_killfirst/ckpt_seed1_gen00300.npz,300,1,BT-v2,10025,1,1.0,1,0,0,timeout,120.19999999999531,25.0,0.0,1.0000000000000002,120.19999999999531,0.04118136439267887,0.04742096505823627,0.01622296173044925,
RL-s1-b300-a1.00,rl,1.0,2,results/es_killfirst/ckpt_seed1_gen00300.npz,300,1,BT-v2,10026,0,0.0,0,0,1,gun_kill,33.80000000000022,0.0,100.0,0.0,33.80000000000022,0.0,0.9895833333333334,0.0,5087.780143983428
RL-s1-b300-a1.00,rl,1.0,2,results/es_killfirst/ckpt_seed1_gen00300.npz,300,1,BT-v2,10026,1,1.0,1,0,0,crash,86.79999999999721,18.75,0.0,0.7500000000000001,86.79999999999721,0.22921478060046188,0.12182448036951501,0.011547344110854504,
RL-s1-b300-a1.00,rl,1.0,2,results/es_killfirst/ckpt_seed1_gen00300.npz,300,1,BT-v2,10027,0,1.0,1,0,0,timeout,120.19999999999531,18.75,0.0,0.7500000000000001,120.19999999999531,0.0,0.10066555740432612,0.004991680532445923,4825.46941290913
RL-s1-b300-a1.00,rl,1.0,2,results/es_killfirst/ckpt_seed1_gen00300.npz,300,1,BT-v2,10027,1,0.5,0,1,0,timeout,120.19999999999531,0.0,0.0,0.0,120.19999999999531,0.0,0.05740432612312812,0.0,
RL-s1-b300-a1.00,rl,1.0,2,results/es_killfirst/ckpt_seed1_gen00300.npz,300,1,BT-v2,10028,0,0.0,0,0,1,timeout,120.19999999999531,0.0,47.5,0.0,120.19999999999531,0.0,0.0,0.0,6806.058929246644
RL-s1-b300-a1.00,rl,1.0,2,results/es_killfirst/ckpt_seed1_gen00300.npz,300,1,BT-v2,10028,1,1.0,1,0,0,timeout,120.19999999999531,6.25,0.0,0.25,120.19999999999531,0.0,0.0,0.005407653910149751,
RL-s1-b300-a1.00,rl,1.0,2,results/es_killfirst/ckpt_seed1_gen00300.npz,300,1,BT-v2,10029,0,0.0,0,0,1,crash,90.34999999999701,0.0,0.0,0.0,90.34999999999701,0.2278270509977827,0.0,0.0,3915.522851818833
RL-s1-b300-a1.00,rl,1.0,2,results/es_killfirst/ckpt_seed1_gen00300.npz,300,1,BT-v2,10029,1,0.0,0,0,1,crash,81.14999999999753,0.0,0.0,0.0,81.14999999999753,0.21296296296296297,0.015432098765432098,0.0,
RL-s1-b300-a1.00,rl,1.0,2,results/es_killfirst/ckpt_seed1_gen00300.npz,300,1,BT-v2,10030,0,0.5,0,1,0,timeout,120.19999999999531,0.0,0.0,0.0,120.19999999999531,0.0,0.04284525790349417,0.0,5889.85670702945
RL-s1-b300-a1.00,rl,1.0,2,results/es_killfirst/ckpt_seed1_gen00300.npz,300,1,BT-v2,10030,1,0.5,0,1,0,timeout,120.19999999999531,0.0,0.0,0.0,120.19999999999531,0.0,0.06198003327787022,0.0037437603993344427,
RL-s1-b300-a1.00,rl,1.0,2,results/es_killfirst/ckpt_seed1_gen00300.npz,300,1,BT-v2,10031,0,0.5,0,1,0,timeout,120.19999999999531,0.0,0.0,0.0,120.19999999999531,0.0,0.048252911813643926,0.0,6231.434467164223
RL-s1-b300-a1.00,rl,1.0,2,results/es_killfirst/ckpt_seed1_gen00300.npz,300,1,BT-v2,10031,1,0.5,0,1,0,timeout,120.19999999999531,0.0,0.0,0.0,120.19999999999531,0.0,0.05490848585690516,0.0,
RL-s1-b300-a1.00,rl,1.0,2,results/es_killfirst/ckpt_seed1_gen00300.npz,300,1,BT-v2,10032,0,1.0,1,0,0,timeout,120.19999999999531,20.0,0.0,0.8000000000000002,120.19999999999531,0.0,0.03036605657237937,0.0,4648.218861083105
RL-s1-b300-a1.00,rl,1.0,2,results/es_killfirst/ckpt_seed1_gen00300.npz,300,1,BT-v2,10032,1,1.0,1,0,0,timeout,120.19999999999531,12.5,0.0,0.49999999999999994,120.19999999999531,0.0,0.029950083194675542,0.0033277870216306157,
RL-s1-b300-a1.00,rl,1.0,2,results/es_killfirst/ckpt_seed1_gen00300.npz,300,1,BT-v2,10033,0,1.0,1,0,0,timeout,120.19999999999531,13.75,0.0,0.5499999999999999,120.19999999999531,0.0,0.02038269550748752,0.004575707154742097,6413.201095783426
RL-s1-b300-a1.00,rl,1.0,2,results/es_killfirst/ckpt_seed1_gen00300.npz,300,1,BT-v2,10033,1,1.0,1,0,0,timeout,120.19999999999531,7.5,0.0,0.3,120.19999999999531,0.0,0.015391014975041598,0.005407653910149751,
RL-s1-b300-a1.00,rl,1.0,2,results/es_killfirst/ckpt_seed1_gen00300.npz,300,1,BT-v2,10034,0,1.0,1,0,0,timeout,120.19999999999531,17.5,0.0,0.7000000000000001,120.19999999999531,0.0,0.029534109816971715,0.0066555740432612314,5837.169855100691
RL-s1-b300-a1.00,rl,1.0,2,results/es_killfirst/ckpt_seed1_gen00300.npz,300,1,BT-v2,10034,1,0.0,0,0,1,timeout,120.19999999999531,0.0,90.0,0.0,120.19999999999531,0.0,0.03036605657237937,0.0,
RL-s1-b300-a1.00,rl,1.0,2,results/es_killfirst/ckpt_seed1_gen00300.npz,300,1,BT-v2,10035,0,0.0,0,0,1,timeout,120.19999999999531,0.0,16.25,0.0,120.19999999999531,0.0,0.014975041597337771,0.0,6156.383089389393
RL-s1-b300-a1.00,rl,1.0,2,results/es_killfirst/ckpt_seed1_gen00300.npz,300,1,BT-v2,10035,1,1.0,1,0,0,timeout,120.19999999999531,15.0,0.0,0.6,120.19999999999531,0.0,0.019966722129783693,0.004991680532445923,
RL-s1-b300-a1.00,rl,1.0,2,results/es_killfirst/ckpt_seed1_gen00300.npz,300,1,BT-v2,10036,0,0.0,0,0,1,timeout,120.19999999999531,0.0,8.75,0.0,120.19999999999531,0.0,0.007903494176372712,0.004575707154742097,6179.140338590423
RL-s1-b300-a1.00,rl,1.0,2,results/es_killfirst/ckpt_seed1_gen00300.npz,300,1,BT-v2,10036,1,1.0,1,0,0,timeout,120.19999999999531,8.75,0.0,0.35,120.19999999999531,0.0,0.009983361064891847,0.0066555740432612314,
RL-s1-b300-a1.00,rl,1.0,2,results/es_killfirst/ckpt_seed1_gen00300.npz,300,1,BT-v2,10037,0,0.5,0,1,0,timeout,120.19999999999531,0.0,0.0,0.0,120.19999999999531,0.0,0.07778702163061564,0.0037437603993344427,5014.6402411108365
RL-s1-b300-a1.00,rl,1.0,2,results/es_killfirst/ckpt_seed1_gen00300.npz,300,1,BT-v2,10037,1,1.0,1,0,0,timeout,120.19999999999531,72.5,0.0,2.8999999999999977,120.19999999999531,0.0,0.04991680532445923,0.0,
RL-s1-b300-a1.00,rl,1.0,2,results/es_killfirst/ckpt_seed1_gen00300.npz,300,1,BT-v2,10038,0,0.0,0,0,1,crash,96.79999999999664,6.25,5.0,0.25,96.79999999999664,0.18115942028985507,0.07194616977225674,0.009316770186335404,4344.387231849805
RL-s1-b300-a1.00,rl,1.0,2,results/es_killfirst/ckpt_seed1_gen00300.npz,300,1,BT-v2,10038,1,1.0,1,0,0,timeout,120.19999999999531,10.0,0.0,0.39999999999999997,120.19999999999531,0.0,0.021214642262895173,0.0,
RL-s1-b300-a1.00,rl,1.0,2,results/es_killfirst/ckpt_seed1_gen00300.npz,300,1,BT-v2,10039,0,1.0,1,0,0,crash,89.94999999999703,0.0,0.0,0.0,89.94999999999703,0.3134743875278396,0.02505567928730512,0.037305122494432075,3064.608167995556
RL-s1-b300-a1.00,rl,1.0,2,results/es_killfirst/ckpt_seed1_gen00300.npz,300,1,BT-v2,10039,1,0.0,0,0,1,crash,59.64999999999875,0.0,35.0,0.0,59.64999999999875,0.3213087248322148,0.03691275167785235,0.0,
RL-s1-b300-a1.00,rl,1.0,2,results/es_killfirst/ckpt_seed1_gen00300.npz,300,1,BT-v2,10040,0,0.0,0,0,1,timeout,120.19999999999531,0.0,38.75,0.0,120.19999999999531,0.0,0.0,0.0,7087.974263460285
RL-s1-b300-a1.00,rl,1.0,2,results/es_killfirst/ckpt_seed1_gen00300.npz,300,1,BT-v2,10040,1,0.5,0,1,0,timeout,120.19999999999531,0.0,0.0,0.0,120.19999999999531,0.0,0.0,0.0033277870216306157,
RL-s1-b300-a1.00,rl,1.0,2,results/es_killfirst/ckpt_seed1_gen00300.npz,300,1,BT-v2,10041,0,1.0,1,0,0,timeout,120.19999999999531,7.5,0.0,0.3,120.19999999999531,0.0,0.01747088186356073,0.0066555740432612314,4966.048204741892
RL-s1-b300-a1.00,rl,1.0,2,results/es_killfirst/ckpt_seed1_gen00300.npz,300,1,BT-v2,10041,1,1.0,1,0,0,timeout,120.19999999999531,1.25,0.0,0.05,120.19999999999531,0.0,0.01622296173044925,0.005823627287853577,
RL-s1-b300-a1.00,rl,1.0,2,results/es_killfirst/ckpt_seed1_gen00300.npz,300,1,BT-v2,10042,0,1.0,1,0,0,timeout,120.19999999999531,3.75,0.0,0.15000000000000002,120.19999999999531,0.0,0.050748752079866885,0.0,6242.4405502778445
RL-s1-b300-a1.00,rl,1.0,2,results/es_killfirst/ckpt_seed1_gen00300.npz,300,1,BT-v2,10042,1,1.0,1,0,0,crash,88.8499999999971,11.25,0.0,0.44999999999999996,88.8499999999971,0.22297297297297297,0.10810810810810811,0.0005630630630630631,
RL-s1-b300-a1.00,rl,1.0,2,results/es_killfirst/ckpt_seed1_gen00300.npz,300,1,BT-v2,10043,0,1.0,1,0,0,timeout,120.19999999999531,36.25,0.0,1.4500000000000006,120.19999999999531,0.0,0.0,0.0,5584.055831705183
RL-s1-b300-a1.00,rl,1.0,2,results/es_killfirst/ckpt_seed1_gen00300.npz,300,1,BT-v2,10043,1,1.0,1,0,0,timeout,120.19999999999531,2.5,0.0,0.1,120.19999999999531,0.0,0.0,0.007071547420965058,
RL-s1-b300-a1.00,rl,1.0,2,results/es_killfirst/ckpt_seed1_gen00300.npz,300,1,BT-v2,10044,0,0.5,0,1,0,collision,19.100000000000136,1.25,10.0,0.05,19.100000000000136,0.0,0.0,0.06842105263157895,5929.335607533032
RL-s1-b300-a1.00,rl,1.0,2,results/es_killfirst/ckpt_seed1_gen00300.npz,300,1,BT-v2,10044,1,1.0,1,0,0,timeout,120.19999999999531,21.25,0.0,0.8500000000000002,120.19999999999531,0.0,0.0,0.0,
RL-s1-b300-a1.00,rl,1.0,2,results/es_killfirst/ckpt_seed1_gen00300.npz,300,1,BT-v2,10045,0,0.5,0,1,0,timeout,120.19999999999531,0.0,0.0,0.0,120.19999999999531,0.0,0.03410981697171381,0.0,5099.3919220786975
RL-s1-b300-a1.00,rl,1.0,2,results/es_killfirst/ckpt_seed1_gen00300.npz,300,1,BT-v2,10045,1,0.0,0,0,1,crash,107.14999999999606,0.0,70.0,0.0,107.14999999999606,0.10700934579439253,0.2803738317757009,0.007476635514018692,
RL-s1-b300-a1.00,rl,1.0,2,results/es_killfirst/ckpt_seed1_gen00300.npz,300,1,BT-v2,10046,0,0.5,0,1,0,timeout,120.19999999999531,0.0,0.0,0.0,120.19999999999531,0.0,0.13311148086522462,0.0033277870216306157,4915.09976196423
RL-s1-b300-a1.00,rl,1.0,2,results/es_killfirst/ckpt_seed1_gen00300.npz,300,1,BT-v2,10046,1,1.0,1,0,0,timeout,120.19999999999531,70.0,0.0,2.799999999999998,120.19999999999531,0.0,0.06905158069883527,0.0,
RL-s1-b300-a1.00,rl,1.0,2,results/es_killfirst/ckpt_seed1_gen00300.npz,300,1,BT-v2,10047,0,0.0,0,0,1,crash,62.54999999999858,2.5,0.0,0.1,62.54999999999858,0.22435897435897437,0.14022435897435898,0.011217948717948718,3604.221532912551
RL-s1-b300-a1.00,rl,1.0,2,results/es_killfirst/ckpt_seed1_gen00300.npz,300,1,BT-v2,10047,1,1.0,1,0,0,timeout,120.19999999999531,5.0,0.0,0.2,120.19999999999531,0.0,0.008319467554076539,0.0,
RL-s1-b300-a1.00,rl,1.0,2,results/es_killfirst/ckpt_seed1_gen00300.npz,300,1,BT-v2,10048,0,0.0,0,0,1,crash,102.24999999999633,0.0,0.0,0.0,102.24999999999633,0.30332681017612523,0.03424657534246575,0.015655577299412915,3050.366368510159
RL-s1-b300-a1.00,rl,1.0,2,results/es_killfirst/ckpt_seed1_gen00300.npz,300,1,BT-v2,10048,1,1.0,1,0,0,gun_kill,28.250000000000266,100.0,0.0,3.999999999999994,28.250000000000266,0.0,0.14893617021276595,0.0,
RL-s1-b300-a1.00,rl,1.0,2,results/es_killfirst/ckpt_seed1_gen00300.npz,300,1,BT-v2,10049,0,1.0,1,0,0,timeout,120.19999999999531,8.75,0.0,0.35,120.19999999999531,0.16638935108153077,0.052828618968386025,0.03951747088186356,3842.019888083708
RL-s1-b300-a1.00,rl,1.0,2,results/es_killfirst/ckpt_seed1_gen00300.npz,300,1,BT-v2,10049,1,1.0,1,0,0,timeout,120.19999999999531,11.25,0.0,0.44999999999999996,120.19999999999531,0.0,0.04118136439267887,0.0066555740432612314,
RL-s1-b300-a1.00,rl,1.0,2,results/es_killfirst/ckpt_seed1_gen00300.npz,300,1,BT-v2,10050,0,1.0,1,0,0,timeout,120.19999999999531,11.25,0.0,0.44999999999999996,120.19999999999531,0.0,0.024958402662229616,0.005823627287853577,5437.871304355977
RL-s1-b300-a1.00,rl,1.0,2,results/es_killfirst/ckpt_seed1_gen00300.npz,300,1,BT-v2,10050,1,0.5,0,1,0,timeout,120.19999999999531,0.0,0.0,0.0,120.19999999999531,0.0,0.019550748752079867,0.0024958402662229617,
RL-s1-b300-a1.00,rl,1.0,2,results/es_killfirst/ckpt_seed1_gen00300.npz,300,1,BT-v2,10051,0,0.0,0,0,1,timeout,120.19999999999531,0.0,6.25,0.0,120.19999999999531,0.0,0.06613976705490848,0.0,6032.571664625004
RL-s1-b300-a1.00,rl,1.0,2,results/es_killfirst/ckpt_seed1_gen00300.npz,300,1,BT-v2,10051,1,0.0,0,0,1,gun_kill,41.64999999999977,0.0,100.0,0.0,41.64999999999977,0.13221153846153846,0.9867788461538461,0.0,
RL-s1-b300-a1.00,rl,1.0,2,results/es_killfirst/ckpt_seed1_gen00300.npz,300,1,BT-v2,10052,0,0.5,0,1,0,timeout,120.19999999999531,0.0,0.0,0.0,120.19999999999531,0.0,0.04367720465890183,0.0,5889.782383074426
RL-s1-b300-a1.00,rl,1.0,2,results/es_killfirst/ckpt_seed1_gen00300.npz,300,1,BT-v2,10052,1,1.0,1,0,0,timeout,120.19999999999531,3.75,0.0,0.15000000000000002,120.19999999999531,0.0,0.024958402662229616,0.005407653910149751,
RL-s1-b300-a1.00,rl,1.0,2,results/es_killfirst/ckpt_seed1_gen00300.npz,300,1,BT-v2,10053,0,0.0,0,0,1,crash,111.5999999999958,21.25,6.25,0.8500000000000002,111.5999999999958,0.14093357271095153,0.0,0.01526032315978456,4549.602137172445
RL-s1-b300-a1.00,rl,1.0,2,results/es_killfirst/ckpt_seed1_gen00300.npz,300,1,BT-v2,10053,1,0.0,0,0,1,crash,100.74999999999642,17.5,5.0,0.7000000000000001,100.74999999999642,0.17246520874751492,0.04473161033797217,0.0044731610337972166,
RL-s1-b300-a1.00,rl,1.0,2,results/es_killfirst/ckpt_seed1_gen00300.npz,300,1,BT-v2,10054,0,1.0,1,0,0,timeout,120.19999999999531,25.0,0.0,1.0000000000000002,120.19999999999531,0.0,0.0,0.0066555740432612314,5150.293337207678
RL-s1-b300-a1.00,rl,1.0,2,results/es_killfirst/ckpt_seed1_gen00300.npz,300,1,BT-v2,10054,1,1.0,1,0,0,crash,80.89999999999755,10.0,0.0,0.39999999999999997,80.89999999999755,0.21844059405940594,0.039603960396039604,0.008044554455445545,
RL-s1-b300-a1.00,rl,1.0,2,results/es_killfirst/ckpt_seed1_gen00300.npz,300,1,BT-v2,10055,0,1.0,1,0,0,timeout,120.19999999999531,10.0,0.0,0.39999999999999997,120.19999999999531,0.0,0.004575707154742097,0.004991680532445923,5128.3773523249465
RL-s1-b300-a1.00,rl,1.0,2,results/es_killfirst/ckpt_seed1_gen00300.npz,300,1,BT-v2,10055,1,0.0,0,0,1,crash,100.64999999999642,0.0,0.0,0.0,100.64999999999642,0.3394632206759443,0.014910536779324055,0.01143141153081511,
RL-s1-b300-a1.00,rl,1.0,2,results/es_killfirst/ckpt_seed1_gen00300.npz,300,1,BT-v2,10056,0,0.0,0,0,1,crash,75.44999999999786,6.25,15.0,0.25,75.44999999999786,0.2354111405835544,0.13395225464190982,0.013262599469496022,3736.74861406815
RL-s1-b300-a1.00,rl,1.0,2,results/es_killfirst/ckpt_seed1_gen00300.npz,300,1,BT-v2,10056,1,0.0,0,0,1,gun_kill,33.40000000000024,0.0,100.0,0.0,33.40000000000024,0.10542168674698796,0.9894578313253012,0.0,
RL-s1-b300-a1.00,rl,1.0,2,results/es_killfirst/ckpt_seed1_gen00300.npz,300,1,BT-v2,10057,0,0.0,0,0,1,crash,45.999999999999524,0.0,0.0,0.0,45.999999999999524,0.2390829694323144,0.5283842794759825,0.0,3719.750106804111
RL-s1-b300-a1.00,rl,1.0,2,results/es_killfirst/ckpt_seed1_gen00300.npz,300,1,BT-v2,10057,1,0.5,0,1,0,timeout,120.19999999999531,0.0,0.0,0.0,120.19999999999531,0.0,0.0,0.005407653910149751,
RL-s1-b300-a1.00,rl,1.0,2,results/es_killfirst/ckpt_seed1_gen00300.npz,300,1,BT-v2,10058,0,0.0,0,0,1,crash,69.99999999999817,0.0,0.0,0.0,69.99999999999817,0.2191977077363897,0.1840974212034384,0.0007163323782234957,3426.2997695767476
RL-s1-b300-a1.00,rl,1.0,2,results/es_killfirst/ckpt_seed1_gen00300.npz,300,1,BT-v2,10058,1,0.0,0,0,1,crash,51.99999999999918,0.0,0.0,0.0,51.99999999999918,0.2528957528957529,0.41795366795366795,0.0,
RL-s1-b300-a1.00,rl,1.0,2,results/es_killfirst/ckpt_seed1_gen00300.npz,300,1,BT-v2,10059,0,0.0,0,0,1,crash,56.699999999998916,0.0,0.0,0.0,56.699999999998916,0.22084805653710246,0.26060070671378094,0.0,4101.253435720947
RL-s1-b300-a1.00,rl,1.0,2,results/es_killfirst/ckpt_seed1_gen00300.npz,300,1,BT-v2,10059,1,0.0,0,0,1,crash,49.849999999999305,0.0,0.0,0.0,49.849999999999305,0.21285140562248997,0.6375502008032129,0.0,
RL-s1-b300-a1.00,rl,1.0,2,results/es_killfirst/ckpt_seed1_gen00300.npz,300,1,BT-v2,10060,0,0.0,0,0,1,crash,83.89999999999738,0.0,6.25,0.0,83.89999999999738,0.18496420047732698,0.06026252983293556,0.0029832935560859188,4240.052978336232
RL-s1-b300-a1.00,rl,1.0,2,results/es_killfirst/ckpt_seed1_gen00300.npz,300,1,BT-v2,10060,1,0.0,0,0,1,crash,54.09999999999906,0.0,41.25,0.0,54.09999999999906,0.21203703703703702,0.6194444444444445,0.0,
RL-s1-b300-a1.00,rl,1.0,2,results/es_killfirst/ckpt_seed1_gen00300.npz,300,1,BT-v2,10061,0,1.0,1,0,0,timeout,120.19999999999531,5.0,0.0,0.2,120.19999999999531,0.0,0.04367720465890183,0.004991680532445923,5454.6900079223315
RL-s1-b300-a1.00,rl,1.0,2,results/es_killfirst/ckpt_seed1_gen00300.npz,300,1,BT-v2,10061,1,0.0,0,0,1,timeout,120.19999999999531,0.0,98.75,0.0,120.19999999999531,0.0,0.06738768718801996,0.0,
RL-s1-b300-a1.00,rl,1.0,2,results/es_killfirst/ckpt_seed1_gen00300.npz,300,1,BT-v2,10062,0,0.0,0,0,1,crash,83.09999999999742,11.25,0.0,0.44999999999999996,83.09999999999742,0.186144578313253,0.09578313253012048,0.006626506024096385,4276.260068376702
RL-s1-b300-a1.00,rl,1.0,2,results/es_killfirst/ckpt_seed1_gen00300.npz,300,1,BT-v2,10062,1,0.0,0,0,1,crash,59.699999999998745,0.0,96.25,0.0,59.699999999998745,0.23238255033557048,0.5478187919463087,0.0,
RL-s1-b300-a1.00,rl,1.0,2,results/es_killfirst/ckpt_seed1_gen00300.npz,300,1,BT-v2,10063,0,0.0,0,0,1,crash,99.1999999999965,8.75,7.5,0.35,99.1999999999965,0.3277777777777778,0.023232323232323233,0.051515151515151514,3074.703469935709
RL-s1-b300-a1.00,rl,1.0,2,results/es_killfirst/ckpt_seed1_gen00300.npz,300,1,BT-v2,10063,1,1.0,1,0,0,crash,101.29999999999639,0.0,0.0,0.0,101.29999999999639,0.2845849802371542,0.024703557312252964,0.04940711462450593,
RL-s1-b300-a1.00,rl,1.0,2,results/es_killfirst/ckpt_seed1_gen00300.npz,300,1,BT-v2,10064,0,1.0,1,0,0,timeout,120.19999999999531,3.75,0.0,0.15000000000000002,120.19999999999531,0.037853577371048254,0.03618968386023295,0.008319467554076539,3951.3887033755705
RL-s1-b300-a1.00,rl,1.0,2,results/es_killfirst/ckpt_seed1_gen00300.npz,300,1,BT-v2,10064,1,0.0,0,0,1,gun_kill,65.8999999999984,0.0,100.0,0.0,65.8999999999984,0.0,0.03875379939209726,0.0,
RL-s1-b300-a1.00,rl,1.0,2,results/es_killfirst/ckpt_seed1_gen00300.npz,300,1,BT-v2,10065,0,0.5,0,1,0,timeout,120.19999999999531,0.0,0.0,0.0,120.19999999999531,0.0,0.022462562396006656,0.0066555740432612314,5190.937024430081
RL-s1-b300-a1.00,rl,1.0,2,results/es_killfirst/ckpt_seed1_gen00300.npz,300,1,BT-v2,10065,1,1.0,1,0,0,timeout,120.19999999999531,10.0,7.5,0.39999999999999997,120.19999999999531,0.0,0.02329450915141431,0.007071547420965058,
RL-s1-b300-a1.00,rl,1.0,2,results/es_killfirst/ckpt_seed1_gen00300.npz,300,1,BT-v2,10066,0,0.0,0,0,1,crash,75.89999999999783,0.0,0.0,0.0,75.89999999999783,0.23878627968337732,0.07981530343007916,0.0,3704.230526402915
RL-s1-b300-a1.00,rl,1.0,2,results/es_killfirst/ckpt_seed1_gen00300.npz,300,1,BT-v2,10066,1,0.0,0,0,1,crash,88.39999999999712,0.0,0.0,0.0,88.39999999999712,0.2165532879818594,0.07256235827664399,0.00510204081632653,
RL-s1-b300-a1.00,rl,1.0,2,results/es_killfirst/ckpt_seed1_gen00300.npz,300,1,BT-v2,10067,0,0.5,0,1,0,timeout,120.19999999999531,0.0,0.0,0.0,120.19999999999531,0.0,0.01747088186356073,0.004991680532445923,5932.705267175119
RL-s1-b300-a1.00,rl,1.0,2,results/es_killfirst/ckpt_seed1_gen00300.npz,300,1,BT-v2,10067,1,1.0,1,0,0,timeout,120.19999999999531,27.5,0.0,1.1000000000000003,120.19999999999531,0.0,0.013311148086522463,0.0,
RL-s1-b300-a1.00,rl,1.0,2,results/es_killfirst/ckpt_seed1_gen00300.npz,300,1,BT-v2,10068,0,1.0,1,0,0,timeout,120.19999999999531,12.5,0.0,0.49999999999999994,120.19999999999531,0.0,0.027870216306156406,0.0,5678.2646019763715
RL-s1-b300-a1.00,rl,1.0,2,results/es_killfirst/ckpt_seed1_gen00300.npz,300,1,BT-v2,10068,1,1.0,1,0,0,timeout,120.19999999999531,20.0,0.0,0.8000000000000002,120.19999999999531,0.0,0.03868552412645591,0.004575707154742097,
RL-s1-b300-a1.00,rl,1.0,2,results/es_killfirst/ckpt_seed1_gen00300.npz,300,1,BT-v2,10069,0,1.0,1,0,0,timeout,120.19999999999531,6.25,0.0,0.25,120.19999999999531,0.0,0.0074875207986688855,0.0029118136439267887,5677.041289632355
RL-s1-b300-a1.00,rl,1.0,2,results/es_killfirst/ckpt_seed1_gen00300.npz,300,1,BT-v2,10069,1,1.0,1,0,0,timeout,120.19999999999531,5.0,0.0,0.2,120.19999999999531,0.0,0.008319467554076539,0.005823627287853577,
RL-s1-b300-a1.00,rl,1.0,2,results/es_killfirst/ckpt_seed1_gen00300.npz,300,1,BT-v2,10070,0,1.0,1,0,0,timeout,120.19999999999531,3.75,0.0,0.15000000000000002,120.19999999999531,0.0,0.007903494176372712,0.005407653910149751,6760.234545095193
RL-s1-b300-a1.00,rl,1.0,2,results/es_killfirst/ckpt_seed1_gen00300.npz,300,1,BT-v2,10070,1,0.0,0,0,1,crash,84.64999999999733,0.0,0.0,0.0,84.64999999999733,0.18617021276595744,0.0,0.004728132387706856,
RL-s1-b300-a1.00,rl,1.0,2,results/es_killfirst/ckpt_seed1_gen00300.npz,300,1,BT-v2,10071,0,0.0,0,0,1,gun_kill,20.15000000000015,0.0,100.0,0.0,20.15000000000015,0.0,0.05,0.0,5479.951760480128
RL-s1-b300-a1.00,rl,1.0,2,results/es_killfirst/ckpt_seed1_gen00300.npz,300,1,BT-v2,10071,1,0.0,0,0,1,crash,82.99999999999743,0.0,0.0,0.0,82.99999999999743,0.18297101449275363,0.01932367149758454,0.006642512077294686,
RL-s1-b300-a1.00,rl,1.0,2,results/es_killfirst/ckpt_seed1_gen00300.npz,300,1,BT-v2,10072,0,0.0,0,0,1,crash,69.4499999999982,0.0,22.5,0.0,69.4499999999982,0.2420749279538905,0.0,0.0,3760.0530140865026
RL-s1-b300-a1.00,rl,1.0,2,results/es_killfirst/ckpt_seed1_gen00300.npz,300,1,BT-v2,10072,1,0.0,0,0,1,crash,88.94999999999709,0.0,0.0,0.0,88.94999999999709,0.21058558558558557,0.00563063063063063,0.007882882882882882,
RL-s1-b300-a1.00,rl,1.0,2,results/es_killfirst/ckpt_seed1_gen00300.npz,300,1,BT-v2,10073,0,1.0,1,0,0,timeout,120.19999999999531,7.5,0.0,0.3,120.19999999999531,0.0,0.028286189683860232,0.00956738768718802,5329.856965537211
RL-s1-b300-a1.00,rl,1.0,2,results/es_killfirst/ckpt_seed1_gen00300.npz,300,1,BT-v2,10073,1,1.0,1,0,0,timeout,120.19999999999531,7.5,0.0,0.3,120.19999999999531,0.0,0.0262063227953411,0.0074875207986688855,
RL-s1-b300-a1.00,rl,1.0,2,results/es_killfirst/ckpt_seed1_gen00300.npz,300,1,BT-v2,10074,0,0.0,0,0,1,gun_kill,19.750000000000146,0.0,100.0,0.0,19.750000000000146,0.0,0.6173469387755102,0.0,6303.272039676269
RL-s1-b300-a1.00,rl,1.0,2,results/es_killfirst/ckpt_seed1_gen00300.npz,300,1,BT-v2,10074,1,0.0,0,0,1,timeout,120.19999999999531,0.0,10.0,0.0,120.19999999999531,0.0,0.047004991680532446,0.005823627287853577,
RL-s1-b300-a1.00,rl,1.0,2,results/es_killfirst/ckpt_seed1_gen00300.npz,300,1,BT-v2,10075,0,0.0,0,0,1,crash,98.99999999999652,8.75,0.0,0.35,98.99999999999652,0.17661943319838055,0.02631578947368421,0.013157894736842105,4216.194162772319
RL-s1-b300-a1.00,rl,1.0,2,results/es_killfirst/ckpt_seed1_gen00300.npz,300,1,BT-v2,10075,1,0.0,0,0,1,crash,68.94999999999823,0.0,6.25,0.0,68.94999999999823,0.2063953488372093,0.15334302325581395,0.0,
RL-s1-b300-a1.00,rl,1.0,2,results/es_killfirst/ckpt_seed1_gen00300.npz,300,1,BT-v2,10076,0,0.5,0,1,0,timeout,120.19999999999531,0.0,0.0,0.0,120.19999999999531,0.0,0.022462562396006656,0.005823627287853577,6270.528288721958
RL-s1-b300-a1.00,rl,1.0,2,results/es_killfirst/ckpt_seed1_gen00300.npz,300,1,BT-v2,10076,1,1.0,1,0,0,timeout,120.19999999999531,3.75,0.0,0.15000000000000002,120.19999999999531,0.0,0.03036605657237937,0.004575707154742097,
RL-s1-b300-a1.00,rl,1.0,2,results/es_killfirst/ckpt_seed1_gen00300.npz,300,1,BT-v2,10077,0,0.0,0,0,1,crash,39.649999999999885,0.0,30.0,0.0,39.649999999999885,0.26641414141414144,0.5441919191919192,0.0,3399.20574531386
RL-s1-b300-a1.00,rl,1.0,2,results/es_killfirst/ckpt_seed1_gen00300.npz,300,1,BT-v2,10077,1,0.0,0,0,1,timeout,120.19999999999531,0.0,12.5,0.0,120.19999999999531,0.0,0.017054908485856904,0.006239600665557404,
RL-s1-b300-a1.00,rl,1.0,2,results/es_killfirst/ckpt_seed1_gen00300.npz,300,1,BT-v2,10078,0,0.0,0,0,1,crash,60.34999999999871,0.0,53.75,0.0,60.34999999999871,0.17940199335548174,0.42857142857142855,0.0,4357.926847649464
RL-s1-b300-a1.00,rl,1.0,2,results/es_killfirst/ckpt_seed1_gen00300.npz,300,1,BT-v2,10078,1,1.0,1,0,0,timeout,120.19999999999531,8.75,0.0,0.35,120.19999999999531,0.14226289517470883,0.03743760399334443,0.04076539101497504,
RL-s1-b300-a1.00,rl,1.0,2,results/es_killfirst/ckpt_seed1_gen00300.npz,300,1,BT-v2,10079,0,1.0,1,0,0,crash,98.89999999999652,12.5,0.0,0.49999999999999994,98.89999999999652,0.21862348178137653,0.0,0.009109311740890687,3982.8464676528774
RL-s1-b300-a1.00,rl,1.0,2,results/es_killfirst/ckpt_seed1_gen00300.npz,300,1,BT-v2,10079,1,0.0,0,0,1,crash,67.6999999999983,0.0,6.25,0.0,67.6999999999983,0.21449704142011836,0.058431952662721894,0.0,
RL-s1-b300-a1.00,rl,1.0,2,results/es_killfirst/ckpt_seed1_gen00300.npz,300,1,BT-v2,10080,0,0.0,0,0,1,timeout,120.19999999999531,0.0,13.75,0.0,120.19999999999531,0.0,0.01372712146422629,0.0,5892.267068945842
RL-s1-b300-a1.00,rl,1.0,2,results/es_killfirst/ckpt_seed1_gen00300.npz,300,1,BT-v2,10080,1,0.5,0,1,0,timeout,120.19999999999531,0.0,0.0,0.0,120.19999999999531,0.0,0.014559068219633943,0.0066555740432612314,
RL-s1-b300-a1.00,rl,1.0,2,results/es_killfirst/ckpt_seed1_gen00300.npz,300,1,BT-v2,10081,0,1.0,1,0,0,timeout,120.19999999999531,41.25,0.0,1.6500000000000008,120.19999999999531,0.0,0.0,0.0066555740432612314,5976.548019510078
RL-s1-b300-a1.00,rl,1.0,2,results/es_killfirst/ckpt_seed1_gen00300.npz,300,1,BT-v2,10081,1,1.0,1,0,0,timeout,120.19999999999531,8.75,0.0,0.35,120.19999999999531,0.0,0.0,0.005823627287853577,
RL-s1-b300-a1.00,rl,1.0,2,results/es_killfirst/ckpt_seed1_gen00300.npz,300,1,BT-v2,10082,0,1.0,1,0,0,timeout,120.19999999999531,18.75,0.0,0.7500000000000001,120.19999999999531,0.0,0.021214642262895173,0.006239600665557404,5716.710498213759
RL-s1-b300-a1.00,rl,1.0,2,results/es_killfirst/ckpt_seed1_gen00300.npz,300,1,BT-v2,10082,1,0.0,0,0,1,crash,49.9999999999993,0.0,63.75,0.0,49.9999999999993,0.21887550200803213,0.48694779116465864,0.0,
RL-s1-b300-a1.00,rl,1.0,2,results/es_killfirst/ckpt_seed1_gen00300.npz,300,1,BT-v2,10083,0,0.5,0,1,0,timeout,120.19999999999531,0.0,0.0,0.0,120.19999999999531,0.0,0.04991680532445923,0.0,6522.230979135454
RL-s1-b300-a1.00,rl,1.0,2,results/es_killfirst/ckpt_seed1_gen00300.npz,300,1,BT-v2,10083,1,0.0,0,0,1,timeout,120.19999999999531,0.0,6.25,0.0,120.19999999999531,0.0,0.05490848585690516,0.004575707154742097,
RL-s1-b300-a1.00,rl,1.0,2,results/es_killfirst/ckpt_seed1_gen00300.npz,300,1,BT-v2,10084,0,0.0,0,0,1,crash,85.39999999999729,6.25,0.0,0.25,85.39999999999729,0.2106807511737089,0.0528169014084507,0.006455399061032864,4180.857258659025
RL-s1-b300-a1.00,rl,1.0,2,results/es_killfirst/ckpt_seed1_gen00300.npz,300,1,BT-v2,10084,1,0.0,0,0,1,crash,74.09999999999793,0.0,3.75,0.0,74.09999999999793,0.23783783783783785,0.0,0.0,
RL-s1-b300-a1.00,rl,1.0,2,results/es_killfirst/ckpt_seed1_gen00300.npz,300,1,BT-v2,10085,0,0.5,0,1,0,timeout,120.19999999999531,0.0,0.0,0.0,120.19999999999531,0.0,0.0,0.004159733777038269,5960.417316145213
RL-s1-b300-a1.00,rl,1.0,2,results/es_killfirst/ckpt_seed1_gen00300.npz,300,1,BT-v2,10085,1,0.5,0,1,0,timeout,120.19999999999531,0.0,0.0,0.0,120.19999999999531,0.0,0.0,0.0,
RL-s1-b300-a1.00,rl,1.0,2,results/es_killfirst/ckpt_seed1_gen00300.npz,300,1,BT-v2,10086,0,0.0,0,0,1,crash,52.69999999999914,0.0,41.25,0.0,52.69999999999914,0.1958174904942966,0.4049429657794677,0.0,4018.0515586273177
RL-s1-b300-a1.00,rl,1.0,2,results/es_killfirst/ckpt_seed1_gen00300.npz,300,1,BT-v2,10086,1,0.5,0,1,0,timeout,120.19999999999531,0.0,0.0,0.0,120.19999999999531,0.23710482529118138,0.0,0.04159733777038269,
RL-s1-b300-a1.00,rl,1.0,2,results/es_killfirst/ckpt_seed1_gen00300.npz,300,1,BT-v2,10087,0,0.5,0,1,0,timeout,120.19999999999531,0.0,0.0,0.0,120.19999999999531,0.0,0.05449251247920133,0.004575707154742097,5539.5867677831775
RL-s1-b300-a1.00,rl,1.0,2,results/es_killfirst/ckpt_seed1_gen00300.npz,300,1,BT-v2,10087,1,0.0,0,0,1,crash,55.74999999999897,0.0,81.25,0.0,55.74999999999897,0.20053956834532374,0.5251798561151079,0.0,
RL-s1-b300-a1.00,rl,1.0,2,results/es_killfirst/ckpt_seed1_gen00300.npz,300,1,BT-v2,10088,0,0.0,0,0,1,crash,77.04999999999777,5.0,3.75,0.2,77.04999999999777,0.18636363636363637,0.07142857142857142,0.00909090909090909,4091.3118192691786
RL-s1-b300-a1.00,rl,1.0,2,results/es_killfirst/ckpt_seed1_gen00300.npz,300,1,BT-v2,10088,1,0.0,0,0,1,timeout,120.19999999999531,1.25,12.5,0.05,120.19999999999531,0.24750415973377704,0.0,0.020798668885191347,
RL-s1-b300-a1.00,rl,1.0,2,results/es_killfirst/ckpt_seed1_gen00300.npz,300,1,BT-v2,10089,0,1.0,1,0,0,timeout,120.19999999999531,5.0,0.0,0.2,120.19999999999531,0.0,0.0,0.0,7226.981835208965
RL-s1-b300-a1.00,rl,1.0,2,results/es_killfirst/ckpt_seed1_gen00300.npz,300,1,BT-v2,10089,1,0.5,0,1,0,timeout,120.19999999999531,0.0,0.0,0.0,120.19999999999531,0.0,0.0,0.004575707154742097,
RL-s1-b300-a1.00,rl,1.0,2,results/es_killfirst/ckpt_seed1_gen00300.npz,300,1,BT-v2,10090,0,0.5,0,1,0,timeout,120.19999999999531,0.0,0.0,0.0,120.19999999999531,0.0,0.012063227953410981,0.0,5053.642575085115
RL-s1-b300-a1.00,rl,1.0,2,results/es_killfirst/ckpt_seed1_gen00300.npz,300,1,BT-v2,10090,1,0.5,0,1,0,timeout,120.19999999999531,0.0,0.0,0.0,120.19999999999531,0.0,0.01372712146422629,0.004575707154742097,
RL-s1-b300-a1.00,rl,1.0,2,results/es_killfirst/ckpt_seed1_gen00300.npz,300,1,BT-v2,10091,0,0.5,0,1,0,collision,4.449999999999992,6.25,10.0,0.25,4.449999999999992,0.0,0.3181818181818182,0.056818181818181816,6266.579088787103
RL-s1-b300-a1.00,rl,1.0,2,results/es_killfirst/ckpt_seed1_gen00300.npz,300,1,BT-v2,10091,1,0.0,0,0,1,timeout,120.19999999999531,0.0,23.75,0.0,120.19999999999531,0.0,0.09525790349417637,0.0,
RL-s1-b300-a1.00,rl,1.0,2,results/es_killfirst/ckpt_seed1_gen00300.npz,300,1,BT-v2,10092,0,0.0,0,0,1,crash,95.54999999999671,15.0,18.75,0.6,95.54999999999671,0.16561844863731656,0.009958071278825996,0.014675052410901468,4314.827787548824
RL-s1-b300-a1.00,rl,1.0,2,results/es_killfirst/ckpt_seed1_gen00300.npz,300,1,BT-v2,10092,1,1.0,1,0,0,timeout,120.19999999999531,16.25,0.0,0.65,120.19999999999531,0.0,0.0,0.004991680532445923,
RL-s1-b300-a1.00,rl,1.0,2,results/es_killfirst/ckpt_seed1_gen00300.npz,300,1,BT-v2,10093,0,0.0,0,0,1,crash,56.199999999998944,0.0,25.0,0.0,56.199999999998944,0.18839285714285714,0.39464285714285713,0.0,4038.6615972231834
RL-s1-b300-a1.00,rl,1.0,2,results/es_killfirst/ckpt_seed1_gen00300.npz,300,1,BT-v2,10093,1,0.5,0,1,0,timeout,120.19999999999531,0.0,0.0,0.0,120.19999999999531,0.0,0.0,0.0066555740432612314,
RL-s1-b300-a1.00,rl,1.0,2,results/es_killfirst/ckpt_seed1_gen00300.npz,300,1,BT-v2,10094,0,0.0,0,0,1,timeout,120.19999999999531,0.0,12.5,0.0,120.19999999999531,0.0,0.034525790349417634,0.0,5755.870511261811
RL-s1-b300-a1.00,rl,1.0,2,results/es_killfirst/ckpt_seed1_gen00300.npz,300,1,BT-v2,10094,1,1.0,1,0,0,timeout,120.19999999999531,15.0,0.0,0.6,120.19999999999531,0.0,0.04742096505823627,0.0066555740432612314,
RL-s1-b300-a1.00,rl,1.0,2,results/es_killfirst/ckpt_seed1_gen00300.npz,300,1,BT-v2,10095,0,0.0,0,0,1,timeout,120.19999999999531,0.0,10.0,0.0,120.19999999999531,0.0,0.0,0.005823627287853577,5839.226198239034
RL-s1-b300-a1.00,rl,1.0,2,results/es_killfirst/ckpt_seed1_gen00300.npz,300,1,BT-v2,10095,1,0.0,0,0,1,crash,54.69999999999903,0.0,42.5,0.0,54.69999999999903,0.1978021978021978,0.40476190476190477,0.0,
RL-s1-b300-a1.00,rl,1.0,2,results/es_killfirst/ckpt_seed1_gen00300.npz,300,1,BT-v2,10096,0,1.0,1,0,0,timeout,120.19999999999531,1.25,0.0,0.05,120.19999999999531,0.0,0.051580698835274545,0.0066555740432612314,4948.987717316749
RL-s1-b300-a1.00,rl,1.0,2,results/es_killfirst/ckpt_seed1_gen00300.npz,300,1,BT-v2,10096,1,0.0,0,0,1,gun_kill,55.44999999999899,0.0,100.0,0.0,55.44999999999899,0.0,0.17418772563176896,0.0,
RL-s1-b300-a1.00,rl,1.0,2,results/es_killfirst/ckpt_seed1_gen00300.npz,300,1,BT-v2,10097,0,1.0,1,0,0,timeout,120.19999999999531,20.0,0.0,0.8000000000000002,120.19999999999531,0.0,0.05033277870216306,0.004575707154742097,6194.120943261634
RL-s1-b300-a1.00,rl,1.0,2,results/es_killfirst/ckpt_seed1_gen00300.npz,300,1,BT-v2,10097,1,0.5,0,1,0,timeout,120.19999999999531,0.0,0.0,0.0,120.19999999999531,0.0,0.04201331114808652,0.0,
RL-s1-b300-a1.00,rl,1.0,2,results/es_killfirst/ckpt_seed1_gen00300.npz,300,1,BT-v2,10098,0,1.0,1,0,0,timeout,120.19999999999531,6.25,0.0,0.25,120.19999999999531,0.0,0.021630615640599003,0.005823627287853577,4536.637265112548
RL-s1-b300-a1.00,rl,1.0,2,results/es_killfirst/ckpt_seed1_gen00300.npz,300,1,BT-v2,10098,1,1.0,1,0,0,timeout,120.19999999999531,7.5,0.0,0.3,120.19999999999531,0.0,0.021630615640599003,0.0,
RL-s1-b300-a1.00,rl,1.0,2,results/es_killfirst/ckpt_seed1_gen00300.npz,300,1,BT-v2,10099,0,0.0,0,0,1,crash,70.09999999999816,10.0,1.25,0.39999999999999997,70.09999999999816,0.22071428571428572,0.062142857142857146,0.017142857142857144,3510.2353531927342
RL-s1-b300-a1.00,rl,1.0,2,results/es_killfirst/ckpt_seed1_gen00300.npz,300,1,BT-v2,10099,1,0.0,0,0,1,crash,80.94999999999754,16.25,0.0,0.65,80.94999999999754,0.1844059405940594,0.0426980198019802,0.008663366336633664,
RL-s1-b300-a1.00,rl,1.0,2,results/es_killfirst/ckpt_seed1_gen00300.npz,300,1,BT-v3,10000,0,0.5,0,1,0,timeout,120.19999999999531,0.0,0.0,0.0,120.19999999999531,0.0,0.027870216306156406,0.004159733777038269,5746.311861280182
RL-s1-b300-a1.00,rl,1.0,2,results/es_killfirst/ckpt_seed1_gen00300.npz,300,1,BT-v3,10000,1,1.0,1,0,0,timeout,120.19999999999531,46.25,0.0,1.850000000000001,120.19999999999531,0.0,0.050748752079866885,0.0037437603993344427,
RL-s1-b300-a1.00,rl,1.0,2,results/es_killfirst/ckpt_seed1_gen00300.npz,300,1,BT-v3,10001,0,1.0,1,0,0,gun_kill,97.04999999999663,100.0,0.0,3.999999999999994,97.04999999999663,0.0,0.003092783505154639,0.031958762886597936,4348.862995381016
RL-s1-b300-a1.00,rl,1.0,2,results/es_killfirst/ckpt_seed1_gen00300.npz,300,1,BT-v3,10001,1,0.0,0,0,1,timeout,120.19999999999531,0.0,76.25,0.0,120.19999999999531,0.0,0.0,0.01622296173044925,
RL-s1-b300-a1.00,rl,1.0,2,results/es_killfirst/ckpt_seed1_gen00300.npz,300,1,BT-v3,10002,0,1.0,1,0,0,timeout,120.19999999999531,7.5,0.0,0.3,120.19999999999531,0.0,0.024958402662229616,0.005407653910149751,5544.995400556732
RL-s1-b300-a1.00,rl,1.0,2,results/es_killfirst/ckpt_seed1_gen00300.npz,300,1,BT-v3,10002,1,1.0,1,0,0,timeout,120.19999999999531,25.0,0.0,1.0000000000000002,120.19999999999531,0.0,0.03036605657237937,0.004991680532445923,
RL-s1-b300-a1.00,rl,1.0,2,results/es_killfirst/ckpt_seed1_gen00300.npz,300,1,BT-v3,10003,0,1.0,1,0,0,gun_kill,86.09999999999725,100.0,13.75,3.999999999999994,86.09999999999725,0.0,0.10058139534883721,0.006395348837209302,4582.677298944134
RL-s1-b300-a1.00,rl,1.0,2,results/es_killfirst/ckpt_seed1_gen00300.npz,300,1,BT-v3,10003,1,1.0,1,0,0,timeout,120.19999999999531,17.5,0.0,0.7000000000000001,120.19999999999531,0.0,0.05199667221297837,0.0,
RL-s1-b300-a1.00,rl,1.0,2,results/es_killfirst/ckpt_seed1_gen00300.npz,300,1,BT-v3,10004,0,0.0,0,0,1,timeout,120.19999999999531,7.5,10.0,0.3,120.19999999999531,0.0,0.02204658901830283,0.005407653910149751,5445.302231038099
RL-s1-b300-a1.00,rl,1.0,2,results/es_killfirst/ckpt_seed1_gen00300.npz,300,1,BT-v3,10004,1,1.0,1,0,0,gun_kill,92.59999999999688,100.0,77.5,3.999999999999994,92.59999999999688,0.0,0.02867965367965368,0.024350649350649352,
RL-s1-b300-a1.00,rl,1.0,2,results/es_killfirst/ckpt_seed1_gen00300.npz,300,1,BT-v3,10005,0,0.0,0,0,1,timeout,120.19999999999531,0.0,5.0,0.0,120.19999999999531,0.0,0.06780366056572379,0.0,6143.3273087532725
RL-s1-b300-a1.00,rl,1.0,2,results/es_killfirst/ckpt_seed1_gen00300.npz,300,1,BT-v3,10005,1,1.0,1,0,0,timeout,120.19999999999531,18.75,0.0,0.7500000000000001,120.19999999999531,0.0,0.07737104825291181,0.0,
RL-s1-b300-a1.00,rl,1.0,2,results/es_killfirst/ckpt_seed1_gen00300.npz,300,1,BT-v3,10006,0,0.0,0,0,1,gun_kill,116.14999999999554,0.0,100.0,0.0,116.14999999999554,0.0,0.007327586206896552,0.0,6718.979987257458
RL-s1-b300-a1.00,rl,1.0,2,results/es_killfirst/ckpt_seed1_gen00300.npz,300,1,BT-v3,10006,1,1.0,1,0,0,timeout,120.19999999999531,20.0,0.0,0.8000000000000002,120.19999999999531,0.0,0.009983361064891847,0.0033277870216306157,
RL-s1-b300-a1.00,rl,1.0,2,results/es_killfirst/ckpt_seed1_gen00300.npz,300,1,BT-v3,10007,0,1.0,1,0,0,gun_kill,106.84999999999607,100.0,0.0,3.999999999999994,106.84999999999607,0.0,0.019662921348314606,0.010767790262172285,3571.2170007271916
RL-s1-b300-a1.00,rl,1.0,2,results/es_killfirst/ckpt_seed1_gen00300.npz,300,1,BT-v3,10007,1,1.0,1,0,0,timeout,120.19999999999531,7.5,0.0,0.3,120.19999999999531,0.0,0.021214642262895173,0.0,
RL-s1-b300-a1.00,rl,1.0,2,results/es_killfirst/ckpt_seed1_gen00300.npz,300,1,BT-v3,10008,0,0.0,0,0,1,timeout,120.19999999999531,0.0,13.75,0.0,120.19999999999531,0.0,0.03119800332778702,0.005407653910149751,5969.840229438445
RL-s1-b300-a1.00,rl,1.0,2,results/es_killfirst/ckpt_seed1_gen00300.npz,300,1,BT-v3,10008,1,0.0,0,0,1,timeout,120.19999999999531,0.0,88.75,0.0,120.19999999999531,0.0,0.29242928452579037,0.0,
RL-s1-b300-a1.00,rl,1.0,2,results/es_killfirst/ckpt_seed1_gen00300.npz,300,1,BT-v3,10009,0,1.0,1,0,0,gun_kill,113.3999999999957,100.0,1.25,3.999999999999994,113.3999999999957,0.0,0.02871024734982332,0.029151943462897525,4127.445610336325
RL-s1-b300-a1.00,rl,1.0,2,results/es_killfirst/ckpt_seed1_gen00300.npz,300,1,BT-v3,10009,1,1.0,1,0,0,gun_kill,68.54999999999825,100.0,0.0,3.999999999999994,68.54999999999825,0.0,0.038011695906432746,0.03216374269005848,
RL-s1-b300-a1.00,rl,1.0,2,results/es_killfirst/ckpt_seed1_gen00300.npz,300,1,BT-v3,10010,0,1.0,1,0,0,timeout,120.19999999999531,30.0,0.0,1.2000000000000004,120.19999999999531,0.0,0.05366056572379368,0.0074875207986688855,4846.973989322779
RL-s1-b300-a1.00,rl,1.0,2,results/es_killfirst/ckpt_seed1_gen00300.npz,300,1,BT-v3,10010,1,1.0,1,0,0,gun_kill,92.14999999999691,100.0,15.0,3.999999999999994,92.14999999999691,0.0,0.06847826086956521,0.0,
RL-s1-b300-a1.00,rl,1.0,2,results/es_killfirst/ckpt_seed1_gen00300.npz,300,1,BT-v3,10011,0,1.0,1,0,0,gun_kill,83.29999999999741,100.0,6.25,3.999999999999994,83.29999999999741,0.0,0.0,0.0,3856.6521096821716
RL-s1-b300-a1.00,rl,1.0,2,results/es_killfirst/ckpt_seed1_gen00300.npz,300,1,BT-v3,10011,1,1.0,1,0,0,gun_kill,97.14999999999662,100.0,0.0,3.999999999999994,97.14999999999662,0.0,0.0,0.032989690721649485,
RL-s1-b300-a1.00,rl,1.0,2,results/es_killfirst/ckpt_seed1_gen00300.npz,300,1,BT-v3,10012,0,0.0,0,0,1,timeout,120.19999999999531,0.0,5.0,0.0,120.19999999999531,0.19093178036605657,0.9900166389351082,0.0,7928.245196891491
RL-s1-b300-a1.00,rl,1.0,2,results/es_killfirst/ckpt_seed1_gen00300.npz,300,1,BT-v3,10012,1,1.0,1,0,0,gun_kill,87.0999999999972,100.0,0.0,3.999999999999994,87.0999999999972,0.0,0.12816091954022987,0.004022988505747126,
RL-s1-b300-a1.00,rl,1.0,2,results/es_killfirst/ckpt_seed1_gen00300.npz,300,1,BT-v3,10013,0,1.0,1,0,0,timeout,120.19999999999531,2.5,0.0,0.1,120.19999999999531,0.0,0.03743760399334443,0.004575707154742097,5889.827275102055
RL-s1-b300-a1.00,rl,1.0,2,results/es_killfirst/ckpt_seed1_gen00300.npz,300,1,BT-v3,10013,1,0.5,0,1,0,timeout,120.19999999999531,0.0,0.0,0.0,120.19999999999531,0.0,0.02454242928452579,0.0,
RL-s1-b300-a1.00,rl,1.0,2,results/es_killfirst/ckpt_seed1_gen00300.npz,300,1,BT-v3,10014,0,1.0,1,0,0,timeout,120.19999999999531,10.0,0.0,0.39999999999999997,120.19999999999531,0.0,0.0,0.0,6328.892154845004
RL-s1-b300-a1.00,rl,1.0,2,results/es_killfirst/ckpt_seed1_gen00300.npz,300,1,BT-v3,10014,1,0.5,0,1,0,timeout,120.19999999999531,0.0,0.0,0.0,120.19999999999531,0.0,0.0,0.0008319467554076539,
RL-s1-b300-a1.00,rl,1.0,2,results/es_killfirst/ckpt_seed1_gen00300.npz,300,1,BT-v3,10015,0,0.0,0,0,1,timeout,120.19999999999531,10.0,12.5,0.39999999999999997,120.19999999999531,0.0,0.0,0.005823627287853577,5398.9001437903535
RL-s1-b300-a1.00,rl,1.0,2,results/es_killfirst/ckpt_seed1_gen00300.npz,300,1,BT-v3,10015,1,1.0,1,0,0,gun_kill,95.7999999999967,100.0,71.25,3.999999999999994,95.7999999999967,0.0,0.0,0.021443514644351465,
RL-s1-b300-a1.00,rl,1.0,2,results/es_killfirst/ckpt_seed1_gen00300.npz,300,1,BT-v3,10016,0,1.0,1,0,0,gun_kill,88.7999999999971,100.0,0.0,3.999999999999994,88.7999999999971,0.0,0.0,0.039503386004514675,3892.478287271902
RL-s1-b300-a1.00,rl,1.0,2,results/es_killfirst/ckpt_seed1_gen00300.npz,300,1,BT-v3,10016,1,1.0,1,0,0,gun_kill,90.29999999999701,100.0,8.75,3.999999999999994,90.29999999999701,0.0,0.0,0.04212860310421286,
RL-s1-b300-a1.00,rl,1.0,2,results/es_killfirst/ckpt_seed1_gen00300.npz,300,1,BT-v3,10017,0,1.0,1,0,0,timeout,120.19999999999531,11.25,0.0,0.44999999999999996,120.19999999999531,0.0,0.03826955074875208,0.0,5360.748648049946
RL-s1-b300-a1.00,rl,1.0,2,results/es_killfirst/ckpt_seed1_gen00300.npz,300,1,BT-v3,10017,1,1.0,1,0,0,timeout,120.19999999999531,78.75,0.0,3.149999999999997,120.19999999999531,0.0,0.027870216306156406,0.0,
RL-s1-b300-a1.00,rl,1.0,2,results/es_killfirst/ckpt_seed1_gen00300.npz,300,1,BT-v3,10018,0,1.0,1,0,0,gun_kill,104.04999999999623,100.0,22.5,3.999999999999994,104.04999999999623,0.0,0.02548076923076923,0.01826923076923077,3314.903840571921
RL-s1-b300-a1.00,rl,1.0,2,results/es_killfirst/ckpt_seed1_gen00300.npz,300,1,BT-v3,10018,1,1.0,1,0,0,gun_kill,92.2999999999969,100.0,0.0,3.999999999999994,92.2999999999969,0.0,0.0227765726681128,0.03036876355748373,
RL-s1-b300-a1.00,rl,1.0,2,results/es_killfirst/ckpt_seed1_gen00300.npz,300,1,BT-v3,10019,0,1.0,1,0,0,timeout,120.19999999999531,37.5,0.0,1.5000000000000007,120.19999999999531,0.0,0.0,0.006239600665557404,5978.688812624377
RL-s1-b300-a1.00,rl,1.0,2,results/es_killfirst/ckpt_seed1_gen00300.npz,300,1,BT-v3,10019,1,1.0,1,0,0,gun_kill,100.94999999999641,100.0,0.0,3.999999999999994,100.94999999999641,0.0,0.0,0.03422619047619048,
RL-s1-b300-a1.00,rl,1.0,2,results/es_killfirst/ckpt_seed1_gen00300.npz,300,1,BT-v3,10020,0,1.0,1,0,0,gun_kill,77.04999999999777,100.0,0.0,3.999999999999994,77.04999999999777,0.0,0.0,0.03506493506493506,5394.457378249779
RL-s1-b300-a1.00,rl,1.0,2,results/es_killfirst/ckpt_seed1_gen00300.npz,300,1,BT-v3,10020,1,0.0,0,0,1,timeout,120.19999999999531,0.0,1.25,0.0,120.19999999999531,0.0,0.0,0.005407653910149751,
RL-s1-b300-a1.00,rl,1.0,2,results/es_killfirst/ckpt_seed1_gen00300.npz,300,1,BT-v3,10021,0,0.5,0,1,0,timeout,120.19999999999531,0.0,0.0,0.0,120.19999999999531,0.0008319467554076539,0.9954242928452579,0.0,7782.200061655236
RL-s1-b300-a1.00,rl,1.0,2,results/es_killfirst/ckpt_seed1_gen00300.npz,300,1,BT-v3,10021,1,1.0,1,0,0,gun_kill,101.64999999999637,100.0,0.0,3.999999999999994,101.64999999999637,0.0,0.09251968503937008,0.013779527559055118,
RL-s1-b300-a1.00,rl,1.0,2,results/es_killfirst/ckpt_seed1_gen00300.npz,300,1,BT-v3,10022,0,1.0,1,0,0,gun_kill,93.44999999999683,100.0,0.0,3.999999999999994,93.44999999999683,0.0,0.0487152034261242,0.03961456102783726,4739.927929051328
RL-s1-b300-a1.00,rl,1.0,2,results/es_killfirst/ckpt_seed1_gen00300.npz,300,1,BT-v3,10022,1,1.0,1,0,0,timeout,120.19999999999531,2.5,0.0,0.1,120.19999999999531,0.0,0.048252911813643926,0.0,
RL-s1-b300-a1.00,rl,1.0,2,results/es_killfirst/ckpt_seed1_gen00300.npz,300,1,BT-v3,10023,0,0.5,0,1,0,timeout,120.19999999999531,0.0,0.0,0.0,120.19999999999531,0.0,0.04118136439267887,0.0,6271.853741874255
RL-s1-b300-a1.00,rl,1.0,2,results/es_killfirst/ckpt_seed1_gen00300.npz,300,1,BT-v3,10023,1,0.5,0,1,0,timeout,120.19999999999531,0.0,0.0,0.0,120.19999999999531,0.0,0.027038269550748752,0.0,
RL-s1-b300-a1.00,rl,1.0,2,results/es_killfirst/ckpt_seed1_gen00300.npz,300,1,BT-v3,10024,0,1.0,1,0,0,gun_kill,93.69999999999682,100.0,0.0,3.999999999999994,93.69999999999682,0.0,0.042735042735042736,0.0,4009.4434097359067
RL-s1-b300-a1.00,rl,1.0,2,results/es_killfirst/ckpt_seed1_gen00300.npz,300,1,BT-v3,10024,1,1.0,1,0,0,gun_kill,86.64999999999722,100.0,18.75,3.999999999999994,86.64999999999722,0.0,0.04503464203233257,0.0,
RL-s1-b300-a1.00,rl,1.0,2,results/es_killfirst/ckpt_seed1_gen00300.npz,300,1,BT-v3,10025,0,1.0,1,0,0,timeout,120.19999999999531,20.0,0.0,0.8000000000000002,120.19999999999531,0.0,0.025374376039933443,0.006239600665557404,7082.364286941192
RL-s1-b300-a1.00,rl,1.0,2,results/es_killfirst/ckpt_seed1_gen00300.npz,300,1,BT-v3,10025,1,1.0,1,0,0,timeout,120.19999999999531,7.5,0.0,0.3,120.19999999999531,0.0,0.02454242928452579,0.0,
RL-s1-b300-a1.00,rl,1.0,2,results/es_killfirst/ckpt_seed1_gen00300.npz,300,1,BT-v3,10026,0,0.0,0,0,1,crash,29.10000000000028,0.0,71.25,0.0,29.10000000000028,0.20689655172413793,0.9844827586206897,0.0,5772.629399406918
RL-s1-b300-a1.00,rl,1.0,2,results/es_killfirst/ckpt_seed1_gen00300.npz,300,1,BT-v3,10026,1,1.0,1,0,0,gun_kill,90.19999999999702,100.0,0.0,3.999999999999994,90.19999999999702,0.0,0.1272222222222222,0.024444444444444446,
RL-s1-b300-a1.00,rl,1.0,2,results/es_killfirst/ckpt_seed1_gen00300.npz,300,1,BT-v3,10027,0,1.0,1,0,0,gun_kill,45.74999999999954,100.0,0.0,3.999999999999994,45.74999999999954,0.0,0.26864035087719296,0.0,4453.968223202391
RL-s1-b300-a1.00,rl,1.0,2,results/es_killfirst/ckpt_seed1_gen00300.npz,300,1,BT-v3,10027,1,0.0,0,0,1,timeout,120.19999999999531,0.0,31.25,0.0,120.19999999999531,0.0,0.07196339434276207,0.005407653910149751,
RL-s1-b300-a1.00,rl,1.0,2,results/es_killfirst/ckpt_seed1_gen00300.npz,300,1,BT-v3,10028,0,0.0,0,0,1,timeout,120.19999999999531,0.0,7.5,0.0,120.19999999999531,0.0,0.0,0.0,6879.8803509533955
RL-s1-b300-a1.00,rl,1.0,2,results/es_killfirst/ckpt_seed1_gen00300.npz,300,1,BT-v3,10028,1,0.5,0,1,0,timeout,120.19999999999531,0.0,0.0,0.0,120.19999999999531,0.0,0.0,0.0,
RL-s1-b300-a1.00,rl,1.0,2,results/es_killfirst/ckpt_seed1_gen00300.npz,300,1,BT-v3,10029,0,1.0,1,0,0,timeout,120.19999999999531,52.5,0.0,2.1000000000000005,120.19999999999531,0.08153078202995008,0.01913477537437604,0.0,3527.7088114934627
RL-s1-b300-a1.00,rl,1.0,2,results/es_killfirst/ckpt_seed1_gen00300.npz,300,1,BT-v3,10029,1,1.0,1,0,0,gun_kill,100.79999999999642,100.0,0.0,3.999999999999994,100.79999999999642,0.0,0.0,0.0,
RL-s1-b300-a1.00,rl,1.0,2,results/es_killfirst/ckpt_seed1_gen00300.npz,300,1,BT-v3,10030,0,0.0,0,0,1,timeout,120.19999999999531,0.0,11.25,0.0,120.19999999999531,0.0,0.042429284525790346,0.0,6032.705527643624
RL-s1-b300-a1.00,rl,1.0,2,results/es_killfirst/ckpt_seed1_gen00300.npz,300,1,BT-v3,10030,1,1.0,1,0,0,timeout,120.19999999999531,18.75,0.0,0.7500000000000001,120.19999999999531,0.0,0.06364392678868552,0.004159733777038269,
RL-s1-b300-a1.00,rl,1.0,2,results/es_killfirst/ckpt_seed1_gen00300.npz,300,1,BT-v3,10031,0,0.5,0,1,0,timeout,120.19999999999531,0.0,0.0,0.0,120.19999999999531,0.0,0.04742096505823627,0.0,6264.854390582716
RL-s1-b300-a1.00,rl,1.0,2,results/es_killfirst/ckpt_seed1_gen00300.npz,300,1,BT-v3,10031,1,0.5,0,1,0,timeout,120.19999999999531,0.0,0.0,0.0,120.19999999999531,0.0,0.055324459234608984,0.0,
RL-s1-b300-a1.00,rl,1.0,2,results/es_killfirst/ckpt_seed1_gen00300.npz,300,1,BT-v3,10032,0,1.0,1,0,0,timeout,120.19999999999531,6.25,0.0,0.25,120.19999999999531,0.0,0.03036605657237937,0.0,4360.770063130494
RL-s1-b300-a1.00,rl,1.0,2,results/es_killfirst/ckpt_seed1_gen00300.npz,300,1,BT-v3,10032,1,1.0,1,0,0,timeout,120.19999999999531,6.25,0.0,0.25,120.19999999999531,0.0,0.029534109816971715,0.006239600665557404,
RL-s1-b300-a1.00,rl,1.0,2,results/es_killfirst/ckpt_seed1_gen00300.npz,300,1,BT-v3,10033,0,1.0,1,0,0,timeout,120.19999999999531,7.5,0.0,0.3,120.19999999999531,0.0,0.021214642262895173,0.004575707154742097,6354.604146326899
RL-s1-b300-a1.00,rl,1.0,2,results/es_killfirst/ckpt_seed1_gen00300.npz,300,1,BT-v3,10033,1,1.0,1,0,0,gun_kill,105.49999999999615,100.0,3.75,3.999999999999994,105.49999999999615,0.0,0.016603415559772294,0.03700189753320683,
RL-s1-b300-a1.00,rl,1.0,2,results/es_killfirst/ckpt_seed1_gen00300.npz,300,1,BT-v3,10034,0,1.0,1,0,0,gun_kill,116.09999999999555,100.0,0.0,3.999999999999994,116.09999999999555,0.0,0.03017241379310345,0.03189655172413793,4100.832915598586
RL-s1-b300-a1.00,rl,1.0,2,results/es_killfirst/ckpt_seed1_gen00300.npz,300,1,BT-v3,10034,1,0.0,0,0,1,timeout,120.19999999999531,0.0,56.25,0.0,120.19999999999531,0.0,0.03036605657237937,0.0037437603993344427,
RL-s1-b300-a1.00,rl,1.0,2,results/es_killfirst/ckpt_seed1_gen00300.npz,300,1,BT-v3,10035,0,0.0,0,0,1,timeout,120.19999999999531,0.0,27.5,0.0,120.19999999999531,0.0,0.014975041597337771,0.0,6243.139257231374
RL-s1-b300-a1.00,rl,1.0,2,results/es_killfirst/ckpt_seed1_gen00300.npz,300,1,BT-v3,10035,1,1.0,1,0,0,timeout,120.19999999999531,41.25,0.0,1.6500000000000008,120.19999999999531,0.0,0.019966722129783693,0.006239600665557404,
RL-s1-b300-a1.00,rl,1.0,2,results/es_killfirst/ckpt_seed1_gen00300.npz,300,1,BT-v3,10036,0,0.0,0,0,1,timeout,120.19999999999531,0.0,15.0,0.0,120.19999999999531,0.0,0.007903494176372712,0.0,6264.637005846305
RL-s1-b300-a1.00,rl,1.0,2,results/es_killfirst/ckpt_seed1_gen00300.npz,300,1,BT-v3,10036,1,1.0,1,0,0,timeout,120.19999999999531,8.75,0.0,0.35,120.19999999999531,0.0,0.009983361064891847,0.006239600665557404,
RL-s1-b300-a1.00,rl,1.0,2,results/es_killfirst/ckpt_seed1_gen00300.npz,300,1,BT-v3,10037,0,1.0,1,0,0,timeout,120.19999999999531,6.25,0.0,0.25,120.19999999999531,0.0,0.07820299500831947,0.0024958402662229617,5102.767906034353
RL-s1-b300-a1.00,rl,1.0,2,results/es_killfirst/ckpt_seed1_gen00300.npz,300,1,BT-v3,10037,1,0.5,0,1,0,timeout,120.19999999999531,0.0,0.0,0.0,120.19999999999531,0.0,0.049500831946755405,0.0,
RL-s1-b300-a1.00,rl,1.0,2,results/es_killfirst/ckpt_seed1_gen00300.npz,300,1,BT-v3,10038,0,1.0,1,0,0,gun_kill,97.99999999999658,100.0,0.0,3.999999999999994,97.99999999999658,0.0,0.034764826175869123,0.034764826175869123,4764.918041640212
RL-s1-b300-a1.00,rl,1.0,2,results/es_killfirst/ckpt_seed1_gen00300.npz,300,1,BT-v3,10038,1,1.0,1,0,0,timeout,120.19999999999531,90.0,0.0,3.599999999999995,120.19999999999531,0.0,0.021214642262895173,0.03494176372712146,
RL-s1-b300-a1.00,rl,1.0,2,results/es_killfirst/ckpt_seed1_gen00300.npz,300,1,BT-v3,10039,0,1.0,1,0,0,gun_kill,75.64999999999785,100.0,0.0,3.999999999999994,75.64999999999785,0.0,0.0291005291005291,0.0,3533.755908847427
RL-s1-b300-a1.00,rl,1.0,2,results/es_killfirst/ckpt_seed1_gen00300.npz,300,1,BT-v3,10039,1,1.0,1,0,0,gun_kill,72.74999999999801,100.0,15.0,3.999999999999994,72.74999999999801,0.0,0.030303030303030304,0.0,
RL-s1-b300-a1.00,rl,1.0,2,results/es_killfirst/ckpt_seed1_gen00300.npz,300,1,BT-v3,10040,0,0.0,0,0,1,gun_kill,95.24999999999673,0.0,100.0,0.0,95.24999999999673,0.0,0.0,0.0,7020.540323381251
RL-s1-b300-a1.00,rl,1.0,2,results/es_killfirst/ckpt_seed1_gen00300.npz,300,1,BT-v3,10040,1,0.5,0,1,0,timeout,120.19999999999531,0.0,0.0,0.0,120.19999999999531,0.0,0.0,0.0,
RL-s1-b300-a1.00,rl,1.0,2,results/es_killfirst/ckpt_seed1_gen00300.npz,300,1,BT-v3,10041,0,0.5,0,1,0,timeout,120.19999999999531,0.0,0.0,0.0,120.19999999999531,0.0,0.01747088186356073,0.004991680532445923,5239.167369749597
RL-s1-b300-a1.00,rl,1.0,2,results/es_killfirst/ckpt_seed1_gen00300.npz,300,1,BT-v3,10041,1,0.5,0,1,0,timeout,120.19999999999531,0.0,0.0,0.0,120.19999999999531,0.0,0.017054908485856904,0.004991680532445923,
RL-s1-b300-a1.00,rl,1.0,2,results/es_killfirst/ckpt_seed1_gen00300.npz,300,1,BT-v3,10042,0,1.0,1,0,0,timeout,120.19999999999531,10.0,0.0,0.39999999999999997,120.19999999999531,0.0,0.052828618968386025,0.0033277870216306157,6127.16535000273
RL-s1-b300-a1.00,rl,1.0,2,results/es_killfirst/ckpt_seed1_gen00300.npz,300,1,BT-v3,10042,1,1.0,1,0,0,timeout,120.19999999999531,75.0,2.5,2.9999999999999973,120.19999999999531,0.11605657237936771,0.05740432612312812,0.008735440931780365,
RL-s1-b300-a1.00,rl,1.0,2,results/es_killfirst/ckpt_seed1_gen00300.npz,300,1,BT-v3,10043,0,1.0,1,0,0,gun_kill,117.94999999999544,100.0,0.0,3.999999999999994,117.94999999999544,0.0,0.009762308998302207,0.0,4082.6201811377687
RL-s1-b300-a1.00,rl,1.0,2,results/es_killfirst/ckpt_seed1_gen00300.npz,300,1,BT-v3,10043,1,1.0,1,0,0,timeout,120.19999999999531,20.0,0.0,0.8000000000000002,120.19999999999531,0.0,0.0,0.006239600665557404,
RL-s1-b300-a1.00,rl,1.0,2,results/es_killfirst/ckpt_seed1_gen00300.npz,300,1,BT-v3,10044,0,0.5,0,1,0,timeout,120.19999999999531,0.0,0.0,0.0,120.19999999999531,0.0,0.0,0.0033277870216306157,6027.293180145384
RL-s1-b300-a1.00,rl,1.0,2,results/es_killfirst/ckpt_seed1_gen00300.npz,300,1,BT-v3,10044,1,1.0,1,0,0,timeout,120.19999999999531,13.75,0.0,0.5499999999999999,120.19999999999531,0.0,0.0,0.0,
RL-s1-b300-a1.00,rl,1.0,2,results/es_killfirst/ckpt_seed1_gen00300.npz,300,1,BT-v3,10045,0,1.0,1,0,0,gun_kill,64.1999999999985,100.0,0.0,3.999999999999994,64.1999999999985,0.0,0.06484375,0.0296875,5639.443047927523
RL-s1-b300-a1.00,rl,1.0,2,results/es_killfirst/ckpt_seed1_gen00300.npz,300,1,BT-v3,10045,1,1.0,1,0,0,timeout,120.19999999999531,61.25,7.5,2.4499999999999993,120.19999999999531,0.0,0.0894342762063228,0.0,
RL-s1-b300-a1.00,rl,1.0,2,results/es_killfirst/ckpt_seed1_gen00300.npz,300,1,BT-v3,10046,0,1.0,1,0,0,timeout,120.19999999999531,48.75,0.0,1.950000000000001,120.19999999999531,0.0,0.13727121464226288,0.0,3872.9033248077835
RL-s1-b300-a1.00,rl,1.0,2,results/es_killfirst/ckpt_seed1_gen00300.npz,300,1,BT-v3,10046,1,1.0,1,0,0,timeout,120.19999999999531,3.75,0.0,0.15000000000000002,120.19999999999531,0.0,0.06738768718801996,0.0,
RL-s1-b300-a1.00,rl,1.0,2,results/es_killfirst/ckpt_seed1_gen00300.npz,300,1,BT-v3,10047,0,1.0,1,0,0,timeout,120.19999999999531,7.5,0.0,0.3,120.19999999999531,0.0,0.004575707154742097,0.005407653910149751,5258.477856615149
RL-s1-b300-a1.00,rl,1.0,2,results/es_killfirst/ckpt_seed1_gen00300.npz,300,1,BT-v3,10047,1,1.0,1,0,0,gun_kill,90.34999999999701,100.0,0.0,3.999999999999994,90.34999999999701,0.0,0.011086474501108648,0.03159645232815964,
RL-s1-b300-a1.00,rl,1.0,2,results/es_killfirst/ckpt_seed1_gen00300.npz,300,1,BT-v3,10048,0,1.0,1,0,0,gun_kill,96.39999999999667,100.0,0.0,3.999999999999994,96.39999999999667,0.0,0.036382536382536385,0.02598752598752599,3339.119601833069
RL-s1-b300-a1.00,rl,1.0,2,results/es_killfirst/ckpt_seed1_gen00300.npz,300,1,BT-v3,10048,1,0.5,0,1,0,timeout,120.19999999999531,0.0,0.0,0.0,120.19999999999531,0.0,0.034525790349417634,0.0,
RL-s1-b300-a1.00,rl,1.0,2,results/es_killfirst/ckpt_seed1_gen00300.npz,300,1,BT-v3,10049,0,0.0,0,0,1,timeout,120.19999999999531,5.0,12.5,0.2,120.19999999999531,0.0,0.054076539101497505,0.012479201331114808,4396.193681017416
RL-s1-b300-a1.00,rl,1.0,2,results/es_killfirst/ckpt_seed1_gen00300.npz,300,1,BT-v3,10049,1,1.0,1,0,0,timeout,120.19999999999531,7.5,0.0,0.3,120.19999999999531,0.0,0.04201331114808652,0.0024958402662229617,
RL-s1-b300-a1.00,rl,1.0,2,results/es_killfirst/ckpt_seed1_gen00300.npz,300,1,BT-v3,10050,0,1.0,1,0,0,timeout,120.19999999999531,12.5,0.0,0.49999999999999994,120.19999999999531,0.0,0.024958402662229616,0.005407653910149751,5417.777368612166
RL-s1-b300-a1.00,rl,1.0,2,results/es_killfirst/ckpt_seed1_gen00300.npz,300,1,BT-v3,10050,1,1.0,1,0,0,gun_kill,100.59999999999643,100.0,0.0,3.999999999999994,100.59999999999643,0.0,0.023406374501992032,0.02440239043824701,
RL-s1-b300-a1.00,rl,1.0,2,results/es_killfirst/ckpt_seed1_gen00300.npz,300,1,BT-v3,10051,0,1.0,1,0,0,timeout,120.19999999999531,18.75,6.25,0.7500000000000001,120.19999999999531,0.0,0.06988352745424292,0.0033277870216306157,5791.750272701868
RL-s1-b300-a1.00,rl,1.0,2,results/es_killfirst/ckpt_seed1_gen00300.npz,300,1,BT-v3,10051,1,0.5,0,1,0,timeout,120.19999999999531,0.0,0.0,0.0,120.19999999999531,0.0,0.08153078202995008,0.0,
RL-s1-b300-a1.00,rl,1.0,2,results/es_killfirst/ckpt_seed1_gen00300.npz,300,1,BT-v3,10052,0,0.5,0,1,0,timeout,120.19999999999531,0.0,0.0,0.0,120.19999999999531,0.0,0.04326123128119801,0.0,5072.060516227429
RL-s1-b300-a1.00,rl,1.0,2,results/es_killfirst/ckpt_seed1_gen00300.npz,300,1,BT-v3,10052,1,1.0,1,0,0,timeout,120.19999999999531,3.75,0.0,0.15000000000000002,120.19999999999531,0.0,0.02329450915141431,0.004575707154742097,
RL-s1-b300-a1.00,rl,1.0,2,results/es_killfirst/ckpt_seed1_gen00300.npz,300,1,BT-v3,10053,0,1.0,1,0,0,timeout,120.19999999999531,6.25,0.0,0.25,120.19999999999531,0.0,0.0,0.005823627287853577,6817.8070890973195
RL-s1-b300-a1.00,rl,1.0,2,results/es_killfirst/ckpt_seed1_gen00300.npz,300,1,BT-v3,10053,1,1.0,1,0,0,gun_kill,102.64999999999631,100.0,2.5,3.999999999999994,102.64999999999631,0.0,0.0,0.03654970760233918,
RL-s1-b300-a1.00,rl,1.0,2,results/es_killfirst/ckpt_seed1_gen00300.npz,300,1,BT-v3,10054,0,1.0,1,0,0,timeout,120.19999999999531,23.75,0.0,0.9500000000000003,120.19999999999531,0.0,0.0,0.005823627287853577,5218.701854298575
RL-s1-b300-a1.00,rl,1.0,2,results/es_killfirst/ckpt_seed1_gen00300.npz,300,1,BT-v3,10054,1,1.0,1,0,0,gun_kill,78.74999999999767,100.0,0.0,3.999999999999994,78.74999999999767,0.0,0.0,0.03880407124681934,
RL-s1-b300-a1.00,rl,1.0,2,results/es_killfirst/ckpt_seed1_gen00300.npz,300,1,BT-v3,10055,0,0.5,0,1,0,timeout,120.19999999999531,0.0,0.0,0.0,120.19999999999531,0.0,0.004575707154742097,0.0033277870216306157,4967.450676929023
RL-s1-b300-a1.00,rl,1.0,2,results/es_killfirst/ckpt_seed1_gen00300.npz,300,1,BT-v3,10055,1,1.0,1,0,0,gun_kill,89.39999999999706,100.0,0.0,3.999999999999994,89.39999999999706,0.0,0.005044843049327354,0.030269058295964126,
RL-s1-b300-a1.00,rl,1.0,2,results/es_killfirst/ckpt_seed1_gen00300.npz,300,1,BT-v3,10056,0,1.0,1,0,0,gun_kill,112.14999999999577,100.0,0.0,3.999999999999994,112.14999999999577,0.0,0.07678571428571429,0.004464285714285714,3519.1236082397386
RL-s1-b300-a1.00,rl,1.0,2,results/es_killfirst/ckpt_seed1_gen00300.npz,300,1,BT-v3,10056,1,0.0,0,0,1,timeout,120.19999999999531,0.0,5.0,0.0,120.19999999999531,0.0,0.15349417637271215,0.0,
RL-s1-b300-a1.00,rl,1.0,2,results/es_killfirst/ckpt_seed1_gen00300.npz,300,1,BT-v3,10057,0,1.0,1,0,0,gun_kill,57.19999999999889,100.0,0.0,3.999999999999994,57.19999999999889,0.0,0.0,0.0,3520.422550824739
RL-s1-b300-a1.00,rl,1.0,2,results/es_killfirst/ckpt_seed1_gen00300.npz,300,1,BT-v3,10057,1,1.0,1,0,0,gun_kill,73.09999999999799,100.0,3.75,3.999999999999994,73.09999999999799,0.0,0.0,0.03972602739726028,
RL-s1-b300-a1.00,rl,1.0,2,results/es_killfirst/ckpt_seed1_gen00300.npz,300,1,BT-v3,10058,0,1.0,1,0,0,gun_kill,76.59999999999779,100.0,0.0,3.999999999999994,76.59999999999779,0.0,0.07657068062827226,0.012434554973821989,3457.3693853962595
RL-s1-b300-a1.00,rl,1.0,2,results/es_killfirst/ckpt_seed1_gen00300.npz,300,1,BT-v3,10058,1,1.0,1,0,0,timeout,120.19999999999531,60.0,10.0,2.3999999999999995,120.19999999999531,0.0,0.09692179700499168,0.0,
RL-s1-b300-a1.00,rl,1.0,2,results/es_killfirst/ckpt_seed1_gen00300.npz,300,1,BT-v3,10059,0,1.0,1,0,0,gun_kill,100.29999999999644,100.0,0.0,3.999999999999994,100.29999999999644,0.0,0.006487025948103792,0.0,3648.661321451685
RL-s1-b300-a1.00,rl,1.0,2,results/es_killfirst/ckpt_seed1_gen00300.npz,300,1,BT-v3,10059,1,1.0,1,0,0,gun_kill,72.19999999999804,100.0,0.0,3.999999999999994,72.19999999999804,0.0,0.052083333333333336,0.0,
RL-s1-b300-a1.00,rl,1.0,2,results/es_killfirst/ckpt_seed1_gen00300.npz,300,1,BT-v3,10060,0,1.0,1,0,0,gun_kill,75.84999999999783,100.0,0.0,3.999999999999994,75.84999999999783,0.0,0.06266490765171503,0.029023746701846966,4968.728048028443
RL-s1-b300-a1.00,rl,1.0,2,results/es_killfirst/ckpt_seed1_gen00300.npz,300,1,BT-v3,10060,1,1.0,1,0,0,gun_kill,74.99999999999788,100.0,0.0,3.999999999999994,74.99999999999788,0.0,0.16911764705882354,0.0,
RL-s1-b300-a1.00,rl,1.0,2,results/es_killfirst/ckpt_seed1_gen00300.npz,300,1,BT-v3,10061,0,1.0,1,0,0,gun_kill,113.84999999999567,100.0,0.0,3.999999999999994,113.84999999999567,0.0,0.04657293497363796,0.0210896309314587,3858.274812486345
RL-s1-b300-a1.00,rl,1.0,2,results/es_killfirst/ckpt_seed1_gen00300.npz,300,1,BT-v3,10061,1,0.5,0,1,0,timeout,120.19999999999531,0.0,0.0,0.0,120.19999999999531,0.0,0.059900166389351084,0.0,
RL-s1-b300-a1.00,rl,1.0,2,results/es_killfirst/ckpt_seed1_gen00300.npz,300,1,BT-v3,10062,0,0.0,0,0,1,timeout,120.19999999999531,0.0,15.0,0.0,120.19999999999531,0.0,0.06863560732113144,0.004991680532445923,6236.434130581575
RL-s1-b300-a1.00,rl,1.0,2,results/es_killfirst/ckpt_seed1_gen00300.npz,300,1,BT-v3,10062,1,0.0,0,0,1,crash,33.60000000000023,0.0,6.25,0.0,33.60000000000023,0.21107784431137724,0.9895209580838323,0.0,
RL-s1-b300-a1.00,rl,1.0,2,results/es_killfirst/ckpt_seed1_gen00300.npz,300,1,BT-v3,10063,0,1.0,1,0,0,timeout,120.19999999999531,7.5,6.25,0.3,120.19999999999531,0.0,0.019966722129783693,0.005823627287853577,5132.163846612566
RL-s1-b300-a1.00,rl,1.0,2,results/es_killfirst/ckpt_seed1_gen00300.npz,300,1,BT-v3,10063,1,0.5,0,1,0,timeout,120.19999999999531,0.0,0.0,0.0,120.19999999999531,0.0,0.019550748752079867,0.0,
RL-s1-b300-a1.00,rl,1.0,2,results/es_killfirst/ckpt_seed1_gen00300.npz,300,1,BT-v3,10064,0,1.0,1,0,0,gun_kill,113.4499999999957,100.0,0.0,3.999999999999994,113.4499999999957,0.0,0.02292768959435626,0.0291005291005291,4176.347284863327
RL-s1-b300-a1.00,rl,1.0,2,results/es_killfirst/ckpt_seed1_gen00300.npz,300,1,BT-v3,10064,1,0.0,0,0,1,timeout,120.19999999999531,0.0,47.5,0.0,120.19999999999531,0.0,0.021214642262895173,0.007071547420965058,
RL-s1-b300-a1.00,rl,1.0,2,results/es_killfirst/ckpt_seed1_gen00300.npz,300,1,BT-v3,10065,0,0.5,0,1,0,timeout,120.19999999999531,0.0,0.0,0.0,120.19999999999531,0.0,0.022462562396006656,0.004991680532445923,5289.317063095242
RL-s1-b300-a1.00,rl,1.0,2,results/es_killfirst/ckpt_seed1_gen00300.npz,300,1,BT-v3,10065,1,1.0,1,0,0,gun_kill,99.04999999999652,100.0,13.75,3.999999999999994,99.04999999999652,0.0,0.028282828282828285,0.024242424242424242,
RL-s1-b300-a1.00,rl,1.0,2,results/es_killfirst/ckpt_seed1_gen00300.npz,300,1,BT-v3,10066,0,1.0,1,0,0,timeout,120.19999999999531,31.25,3.75,1.2500000000000004,120.19999999999531,0.0,0.05033277870216306,0.0,3309.5536313453613
RL-s1-b300-a1.00,rl,1.0,2,results/es_killfirst/ckpt_seed1_gen00300.npz,300,1,BT-v3,10066,1,1.0,1,0,0,gun_kill,96.44999999999666,100.0,0.0,3.999999999999994,96.44999999999666,0.0,0.056016597510373446,0.021265560165975105,
RL-s1-b300-a1.00,rl,1.0,2,results/es_killfirst/ckpt_seed1_gen00300.npz,300,1,BT-v3,10067,0,0.5,0,1,0,timeout,120.19999999999531,0.0,0.0,0.0,120.19999999999531,0.0,0.01747088186356073,0.0,5948.131261704702
RL-s1-b300-a1.00,rl,1.0,2,results/es_killfirst/ckpt_seed1_gen00300.npz,300,1,BT-v3,10067,1,1.0,1,0,0,timeout,120.19999999999531,2.5,0.0,0.1,120.19999999999531,0.0,0.013311148086522463,0.004575707154742097,
RL-s1-b300-a1.00,rl,1.0,2,results/es_killfirst/ckpt_seed1_gen00300.npz,300,1,BT-v3,10068,0,1.0,1,0,0,timeout,120.19999999999531,7.5,0.0,0.3,120.19999999999531,0.0,0.027870216306156406,0.0,5320.78371312346
RL-s1-b300-a1.00,rl,1.0,2,results/es_killfirst/ckpt_seed1_gen00300.npz,300,1,BT-v3,10068,1,1.0,1,0,0,timeout,120.19999999999531,21.25,0.0,0.8500000000000002,120.19999999999531,0.0,0.039101497504159734,0.0,
RL-s1-b300-a1.00,rl,1.0,2,results/es_killfirst/ckpt_seed1_gen00300.npz,300,1,BT-v3,10069,0,1.0,1,0,0,timeout,120.19999999999531,10.0,0.0,0.39999999999999997,120.19999999999531,0.0,0.0074875207986688855,0.004991680532445923,6057.31749229509
RL-s1-b300-a1.00,rl,1.0,2,results/es_killfirst/ckpt_seed1_gen00300.npz,300,1,BT-v3,10069,1,1.0,1,0,0,timeout,120.19999999999531,5.0,0.0,0.2,120.19999999999531,0.0,0.008319467554076539,0.005823627287853577,
RL-s1-b300-a1.00,rl,1.0,2,results/es_killfirst/ckpt_seed1_gen00300.npz,300,1,BT-v3,10070,0,0.5,0,1,0,timeout,120.19999999999531,0.0,0.0,0.0,120.19999999999531,0.0,0.007903494176372712,0.004159733777038269,6743.963919935192
RL-s1-b300-a1.00,rl,1.0,2,results/es_killfirst/ckpt_seed1_gen00300.npz,300,1,BT-v3,10070,1,1.0,1,0,0,gun_kill,76.4999999999978,100.0,6.25,3.999999999999994,76.4999999999978,0.0,0.0,0.037303664921465966,
RL-s1-b300-a1.00,rl,1.0,2,results/es_killfirst/ckpt_seed1_gen00300.npz,300,1,BT-v3,10071,0,0.0,0,0,1,timeout,120.19999999999531,0.0,3.75,0.0,120.19999999999531,0.0,0.05449251247920133,0.0,3226.1357614299386
RL-s1-b300-a1.00,rl,1.0,2,results/es_killfirst/ckpt_seed1_gen00300.npz,300,1,BT-v3,10071,1,1.0,1,0,0,gun_kill,78.1999999999977,100.0,0.0,3.999999999999994,78.1999999999977,0.0,0.0,0.03333333333333333,
RL-s1-b300-a1.00,rl,1.0,2,results/es_killfirst/ckpt_seed1_gen00300.npz,300,1,BT-v3,10072,0,1.0,1,0,0,gun_kill,94.24999999999679,100.0,26.25,3.999999999999994,94.24999999999679,0.0,0.0,0.0,3599.7111690302036
RL-s1-b300-a1.00,rl,1.0,2,results/es_killfirst/ckpt_seed1_gen00300.npz,300,1,BT-v3,10072,1,1.0,1,0,0,gun_kill,64.0499999999985,100.0,0.0,3.999999999999994,64.0499999999985,0.0,0.0,0.02265625,
RL-s1-b300-a1.00,rl,1.0,2,results/es_killfirst/ckpt_seed1_gen00300.npz,300,1,BT-v3,10073,0,1.0,1,0,0,timeout,120.19999999999531,16.25,0.0,0.65,120.19999999999531,0.0,0.028286189683860232,0.008319467554076539,5466.450003562656
RL-s1-b300-a1.00,rl,1.0,2,results/es_killfirst/ckpt_seed1_gen00300.npz,300,1,BT-v3,10073,1,1.0,1,0,0,timeout,120.19999999999531,26.25,0.0,1.0500000000000003,120.19999999999531,0.0,0.0262063227953411,0.0,
RL-s1-b300-a1.00,rl,1.0,2,results/es_killfirst/ckpt_seed1_gen00300.npz,300,1,BT-v3,10074,0,1.0,1,0,0,gun_kill,109.44999999999592,100.0,0.0,3.999999999999994,109.44999999999592,0.0,0.126599634369287,0.0,4319.9768773592305
RL-s1-b300-a1.00,rl,1.0,2,results/es_killfirst/ckpt_seed1_gen00300.npz,300,1,BT-v3,10074,1,1.0,1,0,0,gun_kill,78.84999999999766,100.0,0.0,3.999999999999994,78.84999999999766,0.0,0.07360406091370558,0.03553299492385787,
RL-s1-b300-a1.00,rl,1.0,2,results/es_killfirst/ckpt_seed1_gen00300.npz,300,1,BT-v3,10075,0,1.0,1,0,0,gun_kill,92.79999999999687,100.0,0.0,3.999999999999994,92.79999999999687,0.0,0.028617710583153346,0.03725701943844492,4712.126728597763
RL-s1-b300-a1.00,rl,1.0,2,results/es_killfirst/ckpt_seed1_gen00300.npz,300,1,BT-v3,10075,1,1.0,1,0,0,gun_kill,86.44999999999723,100.0,0.0,3.999999999999994,86.44999999999723,0.0,0.09780092592592593,0.0,
RL-s1-b300-a1.00,rl,1.0,2,results/es_killfirst/ckpt_seed1_gen00300.npz,300,1,BT-v3,10076,0,1.0,1,0,0,timeout,120.19999999999531,5.0,0.0,0.2,120.19999999999531,0.0,0.02204658901830283,0.0033277870216306157,6443.7084347240425
RL-s1-b300-a1.00,rl,1.0,2,results/es_killfirst/ckpt_seed1_gen00300.npz,300,1,BT-v3,10076,1,0.5,0,1,0,collision,36.300000000000075,18.75,0.0,0.7500000000000001,36.300000000000075,0.0,0.10220994475138122,0.017955801104972375,
RL-s1-b300-a1.00,rl,1.0,2,results/es_killfirst/ckpt_seed1_gen00300.npz,300,1,BT-v3,10077,0,1.0,1,0,0,gun_kill,107.14999999999606,100.0,71.25,3.999999999999994,107.14999999999606,0.0,0.058878504672897194,0.027570093457943926,3003.315180837367
RL-s1-b300-a1.00,rl,1.0,2,results/es_killfirst/ckpt_seed1_gen00300.npz,300,1,BT-v3,10077,1,1.0,1,0,0,gun_kill,91.04999999999697,100.0,0.0,3.999999999999994,91.04999999999697,0.0,0.022527472527472527,0.02912087912087912,
RL-s1-b300-a1.00,rl,1.0,2,results/es_killfirst/ckpt_seed1_gen00300.npz,300,1,BT-v3,10078,0,1.0,1,0,0,gun_kill,78.39999999999769,100.0,0.0,3.999999999999994,78.39999999999769,0.0,0.08567774936061381,0.0,4008.686530362591
RL-s1-b300-a1.00,rl,1.0,2,results/es_killfirst/ckpt_seed1_gen00300.npz,300,1,BT-v3,10078,1,1.0,1,0,0,gun_kill,63.64999999999852,100.0,0.0,3.999999999999994,63.64999999999852,0.0,0.07154088050314465,0.03380503144654088,
RL-s1-b300-a1.00,rl,1.0,2,results/es_killfirst/ckpt_seed1_gen00300.npz,300,1,BT-v3,10079,0,1.0,1,0,0,gun_kill,82.24999999999747,100.0,0.0,3.999999999999994,82.24999999999747,0.0,0.0,0.028588807785888078,4612.506125948264
RL-s1-b300-a1.00,rl,1.0,2,results/es_killfirst/ckpt_seed1_gen00300.npz,300,1,BT-v3,10079,1,1.0,1,0,0,gun_kill,96.79999999999664,100.0,20.0,3.999999999999994,96.79999999999664,0.0,0.0,0.0,
RL-s1-b300-a1.00,rl,1.0,2,results/es_killfirst/ckpt_seed1_gen00300.npz,300,1,BT-v3,10080,0,0.5,0,1,0,timeout,120.19999999999531,0.0,0.0,0.0,120.19999999999531,0.0,0.01372712146422629,0.0,6013.267799680038
RL-s1-b300-a1.00,rl,1.0,2,results/es_killfirst/ckpt_seed1_gen00300.npz,300,1,BT-v3,10080,1,1.0,1,0,0,timeout,120.19999999999531,12.5,0.0,0.49999999999999994,120.19999999999531,0.0,0.014559068219633943,0.006239600665557404,
RL-s1-b300-a1.00,rl,1.0,2,results/es_killfirst/ckpt_seed1_gen00300.npz,300,1,BT-v3,10081,0,0.0,0,0,1,timeout,120.19999999999531,17.5,57.5,0.7000000000000001,120.19999999999531,0.0,0.0,0.005823627287853577,6329.908196070684
RL-s1-b300-a1.00,rl,1.0,2,results/es_killfirst/ckpt_seed1_gen00300.npz,300,1,BT-v3,10081,1,1.0,1,0,0,timeout,120.19999999999531,10.0,0.0,0.39999999999999997,120.19999999999531,0.0,0.0,0.0037437603993344427,
RL-s1-b300-a1.00,rl,1.0,2,results/es_killfirst/ckpt_seed1_gen00300.npz,300,1,BT-v3,10082,0,0.0,0,0,1,timeout,120.19999999999531,6.25,12.5,0.25,120.19999999999531,0.0,0.021214642262895173,0.005407653910149751,5780.255908550799
RL-s1-b300-a1.00,rl,1.0,2,results/es_killfirst/ckpt_seed1_gen00300.npz,300,1,BT-v3,10082,1,0.5,0,1,0,timeout,120.19999999999531,0.0,0.0,0.0,120.19999999999531,0.0,0.021214642262895173,0.02870216306156406,
RL-s1-b300-a1.00,rl,1.0,2,results/es_killfirst/ckpt_seed1_gen00300.npz,300,1,BT-v3,10083,0,0.5,0,1,0,timeout,120.19999999999531,0.0,0.0,0.0,120.19999999999531,0.0,0.0524126455906822,0.0,6177.855726962716
RL-s1-b300-a1.00,rl,1.0,2,results/es_killfirst/ckpt_seed1_gen00300.npz,300,1,BT-v3,10083,1,0.5,0,1,0,timeout,120.19999999999531,0.0,0.0,0.0,120.19999999999531,0.0,0.055324459234608984,0.0029118136439267887,
RL-s1-b300-a1.00,rl,1.0,2,results/es_killfirst/ckpt_seed1_gen00300.npz,300,1,BT-v3,10084,0,1.0,1,0,0,gun_kill,75.14999999999787,100.0,0.0,3.999999999999994,75.14999999999787,0.0,0.0,0.030666666666666665,4945.830943044373
RL-s1-b300-a1.00,rl,1.0,2,results/es_killfirst/ckpt_seed1_gen00300.npz,300,1,BT-v3,10084,1,0.0,0,0,1,timeout,120.19999999999531,0.0,2.5,0.0,120.19999999999531,0.0,0.0262063227953411,0.0,
RL-s1-b300-a1.00,rl,1.0,2,results/es_killfirst/ckpt_seed1_gen00300.npz,300,1,BT-v3,10085,0,0.5,0,1,0,timeout,120.19999999999531,0.0,0.0,0.0,120.19999999999531,0.0,0.0,0.0029118136439267887,6069.145523398882
RL-s1-b300-a1.00,rl,1.0,2,results/es_killfirst/ckpt_seed1_gen00300.npz,300,1,BT-v3,10085,1,0.5,0,1,0,timeout,120.19999999999531,0.0,0.0,0.0,120.19999999999531,0.0,0.0,0.0,
RL-s1-b300-a1.00,rl,1.0,2,results/es_killfirst/ckpt_seed1_gen00300.npz,300,1,BT-v3,10086,0,1.0,1,0,0,gun_kill,100.14999999999645,100.0,18.75,3.999999999999994,100.14999999999645,0.0,0.0135,0.0325,3803.331354925777
RL-s1-b300-a1.00,rl,1.0,2,results/es_killfirst/ckpt_seed1_gen00300.npz,300,1,BT-v3,10086,1,1.0,1,0,0,gun_kill,106.99999999999606,100.0,0.0,3.999999999999994,106.99999999999606,0.0,0.0,0.025280898876404494,
RL-s1-b300-a1.00,rl,1.0,2,results/es_killfirst/ckpt_seed1_gen00300.npz,300,1,BT-v3,10087,0,1.0,1,0,0,timeout,120.19999999999531,5.0,0.0,0.2,120.19999999999531,0.0,0.058652246256239604,0.004575707154742097,5828.953108675367
RL-s1-b300-a1.00,rl,1.0,2,results/es_killfirst/ckpt_seed1_gen00300.npz,300,1,BT-v3,10087,1,0.5,0,1,0,timeout,120.19999999999531,0.0,0.0,0.0,120.19999999999531,0.0,0.04492512479201331,0.0,
RL-s1-b300-a1.00,rl,1.0,2,results/es_killfirst/ckpt_seed1_gen00300.npz,300,1,BT-v3,10088,0,0.5,0,1,0,timeout,120.19999999999531,0.0,0.0,0.0,120.19999999999531,0.0,0.0,0.004159733777038269,6014.078344407977
RL-s1-b300-a1.00,rl,1.0,2,results/es_killfirst/ckpt_seed1_gen00300.npz,300,1,BT-v3,10088,1,0.5,0,1,0,timeout,120.19999999999531,0.0,0.0,0.0,120.19999999999531,0.0,0.0,0.006239600665557404,
RL-s1-b300-a1.00,rl,1.0,2,results/es_killfirst/ckpt_seed1_gen00300.npz,300,1,BT-v3,10089,0,0.5,0,1,0,timeout,120.19999999999531,0.0,0.0,0.0,120.19999999999531,0.0,0.0,0.0,6200.842731086287
RL-s1-b300-a1.00,rl,1.0,2,results/es_killfirst/ckpt_seed1_gen00300.npz,300,1,BT-v3,10089,1,0.5,0,1,0,timeout,120.19999999999531,0.0,0.0,0.0,120.19999999999531,0.0,0.0,0.0,
RL-s1-b300-a1.00,rl,1.0,2,results/es_killfirst/ckpt_seed1_gen00300.npz,300,1,BT-v3,10090,0,1.0,1,0,0,gun_kill,77.09999999999776,100.0,0.0,3.999999999999994,77.09999999999776,0.0,0.01883116883116883,0.025974025974025976,3712.015654451951
RL-s1-b300-a1.00,rl,1.0,2,results/es_killfirst/ckpt_seed1_gen00300.npz,300,1,BT-v3,10090,1,0.5,0,1,0,timeout,120.19999999999531,0.0,0.0,0.0,120.19999999999531,0.0,0.01372712146422629,0.0029118136439267887,
RL-s1-b300-a1.00,rl,1.0,2,results/es_killfirst/ckpt_seed1_gen00300.npz,300,1,BT-v3,10091,0,1.0,1,0,0,timeout,120.19999999999531,7.5,0.0,0.3,120.19999999999531,0.0,0.06863560732113144,0.004575707154742097,5250.047951428493
RL-s1-b300-a1.00,rl,1.0,2,results/es_killfirst/ckpt_seed1_gen00300.npz,300,1,BT-v3,10091,1,0.0,0,0,1,timeout,120.19999999999531,0.0,17.5,0.0,120.19999999999531,0.0,0.09900166389351081,0.0,
RL-s1-b300-a1.00,rl,1.0,2,results/es_killfirst/ckpt_seed1_gen00300.npz,300,1,BT-v3,10092,0,0.0,0,0,1,timeout,120.19999999999531,0.0,6.25,0.0,120.19999999999531,0.0,0.0,0.005823627287853577,6650.787976788748
RL-s1-b300-a1.00,rl,1.0,2,results/es_killfirst/ckpt_seed1_gen00300.npz,300,1,BT-v3,10092,1,1.0,1,0,0,gun_kill,108.149999999996,100.0,0.0,3.999999999999994,108.149999999996,0.0,0.0,0.037037037037037035,
RL-s1-b300-a1.00,rl,1.0,2,results/es_killfirst/ckpt_seed1_gen00300.npz,300,1,BT-v3,10093,0,1.0,1,0,0,timeout,120.19999999999531,97.5,25.0,3.899999999999994,120.19999999999531,0.0,0.014975041597337771,0.027038269550748752,3667.30026954261
RL-s1-b300-a1.00,rl,1.0,2,results/es_killfirst/ckpt_seed1_gen00300.npz,300,1,BT-v3,10093,1,1.0,1,0,0,gun_kill,115.54999999999558,100.0,16.25,3.999999999999994,115.54999999999558,0.0,0.0,0.03682842287694974,
RL-s1-b300-a1.00,rl,1.0,2,results/es_killfirst/ckpt_seed1_gen00300.npz,300,1,BT-v3,10094,0,0.5,0,1,0,timeout,120.19999999999531,0.0,0.0,0.0,120.19999999999531,0.0,0.034525790349417634,0.0,5864.557691183166
RL-s1-b300-a1.00,rl,1.0,2,results/es_killfirst/ckpt_seed1_gen00300.npz,300,1,BT-v3,10094,1,1.0,1,0,0,timeout,120.19999999999531,21.25,0.0,0.8500000000000002,120.19999999999531,0.0,0.04991680532445923,0.004575707154742097,
RL-s1-b300-a1.00,rl,1.0,2,results/es_killfirst/ckpt_seed1_gen00300.npz,300,1,BT-v3,10095,0,1.0,1,0,0,gun_kill,79.69999999999762,100.0,0.0,3.999999999999994,79.69999999999762,0.0,0.0,0.031407035175879394,4494.262610849808
RL-s1-b300-a1.00,rl,1.0,2,results/es_killfirst/ckpt_seed1_gen00300.npz,300,1,BT-v3,10095,1,0.0,0,0,1,timeout,120.19999999999531,0.0,53.75,0.0,120.19999999999531,0.0,0.04492512479201331,0.0,
RL-s1-b300-a1.00,rl,1.0,2,results/es_killfirst/ckpt_seed1_gen00300.npz,300,1,BT-v3,10096,0,1.0,1,0,0,gun_kill,86.34999999999724,100.0,0.0,3.999999999999994,86.34999999999724,0.0,0.07134570765661252,0.004640371229698376,3493.5519071228537
RL-s1-b300-a1.00,rl,1.0,2,results/es_killfirst/ckpt_seed1_gen00300.npz,300,1,BT-v3,10096,1,1.0,1,0,0,timeout,120.19999999999531,97.5,5.0,3.899999999999994,120.19999999999531,0.0,0.08361064891846921,0.032029950083194675,
RL-s1-b300-a1.00,rl,1.0,2,results/es_killfirst/ckpt_seed1_gen00300.npz,300,1,BT-v3,10097,0,1.0,1,0,0,timeout,120.19999999999531,25.0,0.0,1.0000000000000002,120.19999999999531,0.0,0.057820299500831944,0.004159733777038269,6054.366480850653
RL-s1-b300-a1.00,rl,1.0,2,results/es_killfirst/ckpt_seed1_gen00300.npz,300,1,BT-v3,10097,1,0.5,0,1,0,timeout,120.19999999999531,0.0,0.0,0.0,120.19999999999531,0.0,0.04159733777038269,0.00041597337770382697,
RL-s1-b300-a1.00,rl,1.0,2,results/es_killfirst/ckpt_seed1_gen00300.npz,300,1,BT-v3,10098,0,1.0,1,0,0,timeout,120.19999999999531,6.25,0.0,0.25,120.19999999999531,0.0,0.021630615640599003,0.0,4124.74078373153
RL-s1-b300-a1.00,rl,1.0,2,results/es_killfirst/ckpt_seed1_gen00300.npz,300,1,BT-v3,10098,1,1.0,1,0,0,timeout,120.19999999999531,6.25,0.0,0.25,120.19999999999531,0.0,0.021630615640599003,0.005823627287853577,
RL-s1-b300-a1.00,rl,1.0,2,results/es_killfirst/ckpt_seed1_gen00300.npz,300,1,BT-v3,10099,0,1.0,1,0,0,timeout,120.19999999999531,95.0,0.0,3.7999999999999945,120.19999999999531,0.0,0.0,0.0,4281.020708782307
RL-s1-b300-a1.00,rl,1.0,2,results/es_killfirst/ckpt_seed1_gen00300.npz,300,1,BT-v3,10099,1,1.0,1,0,0,gun_kill,91.84999999999692,100.0,0.0,3.999999999999994,91.84999999999692,0.0,0.0,0.029956427015250545,
