opponent,cond_a,cond_b,mean_a,mean_b,diff,n,p_raw,p_holm,significant
BT-v2,BT-v1,BT-v2,0.25,0.5,-0.25,100,8.638747650492352e-16,3.678378749579644e-12,True
BT-v2,BT-v1,BT-v3,0.25,0.1575,0.0925,100,0.002512511718253933,1.0,False
BT-v2,BT-v1,HYB-s0-b0-a0.25,0.25,0.485,-0.235,100,3.3416653379851446e-12,1.3774344523174766e-08,True
BT-v2,BT-v1,HYB-s0-b0-a0.50,0.25,0.445,-0.195,100,7.00508593905317e-09,2.647221976368193e-05,True
BT-v2,BT-v1,HYB-s0-b0-a0.75,0.25,0.4325,-0.1825,100,1.1830303048300864e-08,4.4316315218935034e-05,True
BT-v2,BT-v1,HYB-s0-b100-a0.25,0.25,0.4575,-0.20750000000000002,100,1.1498468772702142e-07,0.0004084256108063801,True
BT-v2,BT-v1,HYB-s0-b100-a0.50,0.25,0.5375,-0.2875,100,3.140575145441775e-10,1.247122390254929e-06,True
BT-v2,BT-v1,HYB-s0-b100-a0.75,0.25,0.58,-0.32999999999999996,100,3.4009567174115553e-13,1.4202395251910656e-09,True
BT-v2,BT-v1,HYB-s0-b200-a0.25,0.25,0.51,-0.26,100,1.5520424956657648e-13,6.503058056839555e-10,True
BT-v2,BT-v1,HYB-s0-b200-a0.50,0.25,0.55,-0.30000000000000004,100,3.306669096418574e-16,1.4139317056285824e-12,True
BT-v2,BT-v1,HYB-s0-b200-a0.75,0.25,0.6425,-0.39249999999999996,100,4.157733133257224e-17,1.7957249402537951e-13,True
BT-v2,BT-v1,HYB-s0-b300-a0.25,0.25,0.53,-0.28,100,4.102142572255398e-15,1.738077807864612e-11,True
BT-v2,BT-v1,HYB-s0-b300-a0.50,0.25,0.6,-0.35,100,8.625116823764427e-17,3.707937722536327e-13,True
BT-v2,BT-v1,HYB-s0-b300-a0.75,0.25,0.7025,-0.4525,100,2.2002132005353152e-17,9.533523797919521e-14,True
BT-v2,BT-v1,HYB-s1-b100-a0.25,0.25,0.5225,-0.27249999999999996,100,4.5824164642320654e-14,1.9246149149774675e-10,True
BT-v2,BT-v1,HYB-s1-b100-a0.50,0.25,0.5525,-0.3025,100,3.3705680269374956e-14,1.4179979689326043e-10,True
BT-v2,BT-v1,HYB-s1-b100-a0.75,0.25,0.5875,-0.3375,100,1.6514417856535828e-15,7.020279030813381e-12,True
BT-v2,BT-v1,HYB-s1-b200-a0.25,0.25,0.5175,-0.26749999999999996,100,4.921590364630103e-12,2.0257265940817506e-08,True
BT-v2,BT-v1,HYB-s1-b200-a0.50,0.25,0.5975,-0.34750000000000003,100,2.124297038780181e-15,9.01764092962187e-12,True
BT-v2,BT-v1,HYB-s1-b200-a0.75,0.25,0.6775,-0.4275,100,5.804114161376739e-17,2.500412380721099e-13,True
BT-v2,BT-v1,HYB-s1-b300-a0.25,0.25,0.555,-0.30500000000000005,100,1.7410042314131129e-15,7.39926798350573e-12,True
BT-v2,BT-v1,HYB-s1-b300-a0.50,0.25,0.6325,-0.38249999999999995,100,4.5601472242897206e-17,1.9677035272810144e-13,True
BT-v2,BT-v1,HYB-s1-b300-a0.75,0.25,0.665,-0.41500000000000004,100,8.703963125565364e-17,3.740092955055437e-13,True
BT-v2,BT-v1,HYB-s2-b100-a0.25,0.25,0.525,-0.275,100,2.6641673957306298e-14,1.1216144736025951e-10,True
BT-v2,BT-v1,HYB-s2-b100-a0.50,0.25,0.5625,-0.3125,100,5.518575940793067e-15,2.3349094805495465e-11,True
BT-v2,BT-v1,HYB-s2-b100-a0.75,0.25,0.67,-0.42000000000000004,100,1.066332708212291e-16,4.577766316355365e-13,True
BT-v2,BT-v1,HYB-s2-b200-a0.25,0.25,0.545,-0.29500000000000004,100,1.7704016075721524e-16,7.579089282016384e-13,True
BT-v2,BT-v1,HYB-s2-b200-a0.50,0.25,0.5675,-0.3175,100,5.81120412878826e-17,2.5028856182691037e-13,True
BT-v2,BT-v1,HYB-s2-b200-a0.75,0.25,0.6825,-0.4325,100,8.657361786493525e-17,3.720934095834917e-13,True
BT-v2,BT-v1,HYB-s2-b300-a0.25,0.25,0.55,-0.30000000000000004,100,5.023886805117123e-16,2.144194888423988e-12,True
BT-v2,BT-v1,HYB-s2-b300-a0.50,0.25,0.595,-0.345,100,4.881845840424707e-17,2.105540110975176e-13,True
BT-v2,BT-v1,HYB-s2-b300-a0.75,0.25,0.6725,-0.4225,100,1.9475012452202473e-17,8.446312900520213e-14,True
BT-v2,BT-v1,HYB-s3-b100-a0.25,0.25,0.5075,-0.25749999999999995,100,3.267815249715434e-13,1.36561999285608e-09,True
BT-v2,BT-v1,HYB-s3-b100-a0.50,0.25,0.4875,-0.2375,100,4.829423589662483e-13,2.0143525792482215e-09,True
BT-v2,BT-v1,HYB-s3-b100-a0.75,0.25,0.5575,-0.3075,100,5.209706255602081e-15,2.2047476873708004e-11,True
BT-v2,BT-v1,HYB-s3-b200-a0.25,0.25,0.4775,-0.22749999999999998,100,3.8828888916935145e-12,1.5993619344885586e-08,True
BT-v2,BT-v1,HYB-s3-b200-a0.50,0.25,0.49,-0.24,100,1.383449363243191e-12,5.73163071191654e-09,True
BT-v2,BT-v1,HYB-s3-b200-a0.75,0.25,0.5475,-0.2975,100,1.0315514553661162e-13,4.3273583552608573e-10,True
BT-v2,BT-v1,HYB-s3-b300-a0.25,0.25,0.53,-0.28,100,2.0261028116773535e-14,8.533945042785013e-11,True
BT-v2,BT-v1,HYB-s3-b300-a0.50,0.25,0.5,-0.25,100,2.997950160729021e-12,1.2366544413007213e-08,True
BT-v2,BT-v1,HYB-s3-b300-a0.75,0.25,0.635,-0.385,100,1.1096032305622066e-16,4.761307462342428e-13,True
BT-v2,BT-v1,HYB-s4-b100-a0.25,0.25,0.515,-0.265,100,1.7081224103316846e-13,7.153616654469095e-10,True
BT-v2,BT-v1,HYB-s4-b100-a0.50,0.25,0.545,-0.29500000000000004,100,6.282457108580778e-15,2.656222865507953e-11,True
BT-v2,BT-v1,HYB-s4-b100-a0.75,0.25,0.5975,-0.34750000000000003,100,2.5917456660031363e-17,1.1219666988127578e-13,True
BT-v2,BT-v1,HYB-s4-b200-a0.25,0.25,0.525,-0.275,100,2.2835297473786968e-11,9.271130774357509e-08,True
BT-v2,BT-v1,HYB-s4-b200-a0.50,0.25,0.555,-0.30500000000000005,100,9.377544367869109e-15,3.9601369865511244e-11,True
BT-v2,BT-v1,HYB-s4-b200-a0.75,0.25,0.675,-0.42500000000000004,100,5.45856017313302e-16,2.3291676258758596e-12,True
BT-v2,BT-v1,HYB-s4-b300-a0.25,0.25,0.545,-0.29500000000000004,100,1.3376248853522289e-15,5.687581012517677e-12,True
BT-v2,BT-v1,HYB-s4-b300-a0.50,0.25,0.61,-0.36,100,1.3444695694229151e-16,5.76508551368546e-13,True
BT-v2,BT-v1,HYB-s4-b300-a0.75,0.25,0.7375,-0.48750000000000004,100,9.956346494798704e-18,4.337980167783795e-14,True
BT-v2,BT-v1,RL-s0-b0-a1.00,0.25,0.4375,-0.1875,100,6.540504497980486e-08,0.00023539275688231768,True
BT-v2,BT-v1,RL-s0-b100-a1.00,0.25,0.45,-0.2,100,1.2945585670949594e-06,0.004335476641201019,True
BT-v2,BT-v1,RL-s0-b200-a1.00,0.25,0.6625,-0.4125,100,1.5642702697206773e-16,6.704462376022823e-13,True
BT-v2,BT-v1,RL-s0-b300-a1.00,0.25,0.72,-0.47,100,9.048467859364113e-18,3.9487513738264986e-14,True
BT-v2,BT-v1,RL-s1-b100-a1.00,0.25,0.5475,-0.2975,100,4.280166974406666e-14,1.7989541793431216e-10,True
BT-v2,BT-v1,RL-s1-b200-a1.00,0.25,0.725,-0.475,100,3.277440644168644e-17,1.4174930786029387e-13,True
BT-v2,BT-v1,RL-s1-b300-a1.00,0.25,0.78,-0.53,100,3.8174993371796424e-18,1.6781727086241708e-14,True
BT-v2,BT-v1,RL-s2-b100-a1.00,0.25,0.6425,-0.39249999999999996,100,5.1072262002715727e-17,2.2022359375571022e-13,True
BT-v2,BT-v1,RL-s2-b200-a1.00,0.25,0.7175,-0.4675,100,1.558274282735958e-17,6.767585209922266e-14,True
BT-v2,BT-v1,RL-s2-b300-a1.00,0.25,0.74,-0.49,100,1.4171468833488742e-16,6.075308688916624e-13,True
BT-v2,BT-v1,RL-s3-b100-a1.00,0.25,0.5025,-0.25249999999999995,100,6.560735822421158e-13,2.730578249291686e-09,True
BT-v2,BT-v1,RL-s3-b200-a1.00,0.25,0.67,-0.42000000000000004,100,9.71088273448728e-16,4.131980603524338e-12,True
BT-v2,BT-v1,RL-s3-b300-a1.00,0.25,0.7175,-0.4675,100,2.5113684815968355e-17,1.0874225525314298e-13,True
BT-v2,BT-v1,RL-s4-b100-a1.00,0.25,0.5725,-0.3225,100,7.537414032184608e-16,3.2116921191138616e-12,True
BT-v2,BT-v1,RL-s4-b200-a1.00,0.25,0.6275,-0.37749999999999995,100,1.5728518238227498e-13,6.588676289993499e-10,True
BT-v2,BT-v1,RL-s4-b300-a1.00,0.25,0.7475,-0.49750000000000005,100,1.6163931884697838e-17,7.018379224335801e-14,True
BT-v2,BT-v2,BT-v3,0.5,0.1575,0.3425,100,3.8897063128537215e-17,1.680742097784093e-13,True
BT-v2,BT-v2,HYB-s0-b0-a0.25,0.5,0.485,0.015000000000000013,100,0.3229794112509252,1.0,False
BT-v2,BT-v2,HYB-s0-b0-a0.50,0.5,0.445,0.05499999999999999,100,0.006018400190715079,1.0,False
BT-v2,BT-v2,HYB-s0-b0-a0.75,0.5,0.4325,0.0675,100,0.0014704486818292986,1.0,False
BT-v2,BT-v2,HYB-s0-b100-a0.25,0.5,0.4575,0.04249999999999998,100,0.1861291957503094,1.0,False
BT-v2,BT-v2,HYB-s0-b100-a0.50,0.5,0.5375,-0.03749999999999998,100,0.1568176896009971,1.0,False
BT-v2,BT-v2,HYB-s0-b100-a0.75,0.5,0.58,-0.07999999999999996,100,0.002039592910632234,1.0,False
BT-v2,BT-v2,HYB-s0-b200-a0.25,0.5,0.51,-0.010000000000000009,100,0.5714691338415221,1.0,False
BT-v2,BT-v2,HYB-s0-b200-a0.50,0.5,0.55,-0.050000000000000044,100,0.01406091368129939,1.0,False
BT-v2,BT-v2,HYB-s0-b200-a0.75,0.5,0.6425,-0.14249999999999996,100,8.301196531162077e-09,3.1287209725949864e-05,True
BT-v2,BT-v2,HYB-s0-b300-a0.25,0.5,0.53,-0.030000000000000027,100,0.1113037652571776,1.0,False
BT-v2,BT-v2,HYB-s0-b300-a0.50,0.5,0.6,-0.09999999999999998,100,3.7413725275072332e-06,0.012159460714398508,True
BT-v2,BT-v2,HYB-s0-b300-a0.75,0.5,0.7025,-0.2025,100,2.6986564593790775e-12,1.1140053864316833e-08,True
BT-v2,BT-v2,HYB-s1-b100-a0.25,0.5,0.5225,-0.022499999999999964,100,0.2883603747251958,1.0,False
BT-v2,BT-v2,HYB-s1-b100-a0.50,0.5,0.5525,-0.05249999999999999,100,0.010234583997172385,1.0,False
BT-v2,BT-v2,HYB-s1-b100-a0.75,0.5,0.5875,-0.08750000000000002,100,0.0005541470034423198,1.0,False
BT-v2,BT-v2,HYB-s1-b200-a0.25,0.5,0.5175,-0.01749999999999996,100,0.5255754705617214,1.0,False
BT-v2,BT-v2,HYB-s1-b200-a0.50,0.5,0.5975,-0.09750000000000003,100,9.582886364606733e-05,0.2748371809369211,False
BT-v2,BT-v2,HYB-s1-b200-a0.75,0.5,0.6775,-0.1775,100,1.7033159195518996e-09,6.598645872344059e-06,True
BT-v2,BT-v2,HYB-s1-b300-a0.25,0.5,0.555,-0.05500000000000005,100,0.030033297167178452,1.0,False
BT-v2,BT-v2,HYB-s1-b300-a0.50,0.5,0.6325,-0.13249999999999995,100,7.737177026559662e-07,0.002632961342138253,True
BT-v2,BT-v2,HYB-s1-b300-a0.75,0.5,0.665,-0.16500000000000004,100,1.1885739482846695e-09,4.629495528568788e-06,True
BT-v2,BT-v2,HYB-s2-b100-a0.25,0.5,0.525,-0.025000000000000022,100,0.17934111783594398,1.0,False
BT-v2,BT-v2,HYB-s2-b100-a0.50,0.5,0.5625,-0.0625,100,0.0019972253980574785,1.0,False
BT-v2,BT-v2,HYB-s2-b100-a0.75,0.5,0.67,-0.17000000000000004,100,4.446171442445131e-09,1.694880553860084e-05,True
BT-v2,BT-v2,HYB-s2-b200-a0.25,0.5,0.545,-0.04500000000000004,100,0.024256202867559907,1.0,False
BT-v2,BT-v2,HYB-s2-b200-a0.50,0.5,0.5675,-0.0675,100,0.0016128099441667229,1.0,False
BT-v2,BT-v2,HYB-s2-b200-a0.75,0.5,0.6825,-0.1825,100,7.545600910575911e-10,2.961648357401045e-06,True
BT-v2,BT-v2,HYB-s2-b300-a0.25,0.5,0.55,-0.050000000000000044,100,0.004558134984694376,1.0,False
BT-v2,BT-v2,HYB-s2-b300-a0.50,0.5,0.595,-0.09499999999999997,100,1.398031190125533e-06,0.004668026143829155,True
BT-v2,BT-v2,HYB-s2-b300-a0.75,0.5,0.6725,-0.1725,100,6.903270124654073e-10,2.7143658130139817e-06,True
BT-v2,BT-v2,HYB-s3-b100-a0.25,0.5,0.5075,-0.007499999999999951,100,0.7519272945012003,1.0,False
BT-v2,BT-v2,HYB-s3-b100-a0.50,0.5,0.4875,0.012500000000000011,100,0.41137066526255905,1.0,False
BT-v2,BT-v2,HYB-s3-b100-a0.75,0.5,0.5575,-0.057499999999999996,100,0.021717675172353908,1.0,False
BT-v2,BT-v2,HYB-s3-b200-a0.25,0.5,0.4775,0.02250000000000002,100,0.24027000212985072,1.0,False
BT-v2,BT-v2,HYB-s3-b200-a0.50,0.5,0.49,0.010000000000000009,100,0.6536034815239169,1.0,False
BT-v2,BT-v2,HYB-s3-b200-a0.75,0.5,0.5475,-0.04749999999999999,100,0.04670559335703194,1.0,False
BT-v2,BT-v2,HYB-s3-b300-a0.25,0.5,0.53,-0.030000000000000027,100,0.06766003560808517,1.0,False
BT-v2,BT-v2,HYB-s3-b300-a0.50,0.5,0.5,0.0,100,0.8438447963588098,1.0,False
BT-v2,BT-v2,HYB-s3-b300-a0.75,0.5,0.635,-0.135,100,3.426184124471868e-08,0.00012515850606695735,True
BT-v2,BT-v2,HYB-s4-b100-a0.25,0.5,0.515,-0.015000000000000013,100,0.430530366635442,1.0,False
BT-v2,BT-v2,HYB-s4-b100-a0.50,0.5,0.545,-0.04500000000000004,100,0.024256202867559907,1.0,False
BT-v2,BT-v2,HYB-s4-b100-a0.75,0.5,0.5975,-0.09750000000000003,100,1.0104312234408427e-06,0.0034102053791128443,True
BT-v2,BT-v2,HYB-s4-b200-a0.25,0.5,0.525,-0.025000000000000022,100,0.22153619495040677,1.0,False
BT-v2,BT-v2,HYB-s4-b200-a0.50,0.5,0.555,-0.05500000000000005,100,0.01708399290390725,1.0,False
BT-v2,BT-v2,HYB-s4-b200-a0.75,0.5,0.675,-0.17500000000000004,100,4.1179341291004345e-09,1.572639043903456e-05,True
BT-v2,BT-v2,HYB-s4-b300-a0.25,0.5,0.545,-0.04500000000000004,100,0.026869486240678725,1.0,False
BT-v2,BT-v2,HYB-s4-b300-a0.50,0.5,0.61,-0.10999999999999999,100,2.5364440825561483e-06,0.008314463702619054,True
BT-v2,BT-v2,HYB-s4-b300-a0.75,0.5,0.7375,-0.23750000000000004,100,3.28801809492096e-14,1.38359801434274e-10,True
BT-v2,BT-v2,RL-s0-b0-a1.00,0.5,0.4375,0.0625,100,0.0026047511005203865,1.0,False
BT-v2,BT-v2,RL-s0-b100-a1.00,0.5,0.45,0.04999999999999999,100,0.1088647417506593,1.0,False
BT-v2,BT-v2,RL-s0-b200-a1.00,0.5,0.6625,-0.16249999999999998,100,6.0449507432297415e-09,2.2904318366097492e-05,True
BT-v2,BT-v2,RL-s0-b300-a1.00,0.5,0.72,-0.21999999999999997,100,8.226286613527034e-13,3.418844716581835e-09,True
BT-v2,BT-v2,RL-s1-b100-a1.00,0.5,0.5475,-0.04749999999999999,100,0.06058998752207339,1.0,False
BT-v2,BT-v2,RL-s1-b200-a1.00,0.5,0.725,-0.22499999999999998,100,2.9699028692970563e-12,1.2253819238719655e-08,True
BT-v2,BT-v2,RL-s1-b300-a1.00,0.5,0.78,-0.28,100,1.919732428901408e-15,8.155023357973181e-12,True
BT-v2,BT-v2,RL-s2-b100-a1.00,0.5,0.6425,-0.14249999999999996,100,2.7992489073305974e-08,0.00010278841987717954,True
BT-v2,BT-v2,RL-s2-b200-a1.00,0.5,0.7175,-0.21750000000000003,100,8.349145744589418e-12,3.420645011558285e-08,True
BT-v2,BT-v2,RL-s2-b300-a1.00,0.5,0.74,-0.24,100,7.418839978139206e-11,2.9831155552097747e-07,True
BT-v2,BT-v2,RL-s3-b100-a1.00,0.5,0.5025,-0.0024999999999999467,100,0.8645640092948776,1.0,False
BT-v2,BT-v2,RL-s3-b200-a1.00,0.5,0.67,-0.17000000000000004,100,8.695083432634003e-08,0.00031093618355099194,True
BT-v2,BT-v2,RL-s3-b300-a1.00,0.5,0.7175,-0.21750000000000003,100,3.0523724199467117e-10,1.2124023252028338e-06,True
BT-v2,BT-v2,RL-s4-b100-a1.00,0.5,0.5725,-0.07250000000000001,100,0.0005914254344990881,1.0,False
BT-v2,BT-v2,RL-s4-b200-a1.00,0.5,0.6275,-0.12749999999999995,100,2.9873332720662304e-05,0.0899486048219142,False
BT-v2,BT-v2,RL-s4-b300-a1.00,0.5,0.7475,-0.24750000000000005,100,1.2277917723748797e-12,5.090424688266251e-09,True
BT-v2,BT-v3,HYB-s0-b0-a0.25,0.1575,0.485,-0.3275,100,1.2218734599970428e-15,5.196627825367423e-12,True
BT-v2,BT-v3,HYB-s0-b0-a0.50,0.1575,0.445,-0.2875,100,1.9780723494096717e-13,8.278232782279476e-10,True
BT-v2,BT-v3,HYB-s0-b0-a0.75,0.1575,0.4325,-0.275,100,5.53785234630737e-12,2.278272455270852e-08,True
BT-v2,BT-v3,HYB-s0-b100-a0.25,0.1575,0.4575,-0.30000000000000004,100,2.6887540279461508e-14,1.1316965703625349e-10,True
BT-v2,BT-v3,HYB-s0-b100-a0.50,0.1575,0.5375,-0.38,100,2.0026963775319534e-15,8.505451515378206e-12,True
BT-v2,BT-v3,HYB-s0-b100-a0.75,0.1575,0.58,-0.4225,100,1.5667140514017729e-16,6.713369710256597e-13,True
BT-v2,BT-v3,HYB-s0-b200-a0.25,0.1575,0.51,-0.35250000000000004,100,3.154310682539115e-15,1.3371122983283308e-11,True
BT-v2,BT-v3,HYB-s0-b200-a0.50,0.1575,0.55,-0.39250000000000007,100,4.4961673049275136e-17,1.940545808806715e-13,True
BT-v2,BT-v3,HYB-s0-b200-a0.75,0.1575,0.6425,-0.485,100,1.449802219609198e-17,6.297940841982356e-14,True
BT-v2,BT-v3,HYB-s0-b300-a0.25,0.1575,0.53,-0.37250000000000005,100,5.842283631586883e-17,2.515687331761312e-13,True
BT-v2,BT-v3,HYB-s0-b300-a0.50,0.1575,0.6,-0.4425,100,9.58781764480522e-18,4.180288493135076e-14,True
BT-v2,BT-v3,HYB-s0-b300-a0.75,0.1575,0.7025,-0.545,100,2.54689835190876e-18,1.123436863026954e-14,True
BT-v2,BT-v3,HYB-s1-b100-a0.25,0.1575,0.5225,-0.365,100,3.6040920197876644e-16,1.5403889292572478e-12,True
BT-v2,BT-v3,HYB-s1-b100-a0.50,0.1575,0.5525,-0.395,100,3.134213644471664e-16,1.3405031757405306e-12,True
BT-v2,BT-v3,HYB-s1-b100-a0.75,0.1575,0.5875,-0.43000000000000005,100,6.0453226585144e-17,2.602511404490449e-13,True
BT-v2,BT-v3,HYB-s1-b200-a0.25,0.1575,0.5175,-0.36,100,2.596592768035084e-15,1.1017343114772861e-11,True
BT-v2,BT-v3,HYB-s1-b200-a0.50,0.1575,0.5975,-0.44000000000000006,100,8.462187847952768e-17,3.63874077461969e-13,True
BT-v2,BT-v3,HYB-s1-b200-a0.75,0.1575,0.6775,-0.52,100,4.114862305196704e-18,1.8076590106729118e-14,True
BT-v2,BT-v3,HYB-s1-b300-a0.25,0.1575,0.555,-0.3975000000000001,100,6.744553536471418e-16,2.8745287172441182e-12,True
BT-v2,BT-v3,HYB-s1-b300-a0.50,0.1575,0.6325,-0.475,100,1.4090062193450103e-17,6.12495003549276e-14,True
BT-v2,BT-v3,HYB-s1-b300-a0.75,0.1575,0.665,-0.5075000000000001,100,1.3014003234881631e-17,5.658488606526533e-14,True
BT-v2,BT-v3,HYB-s2-b100-a0.25,0.1575,0.525,-0.36750000000000005,100,5.5056085869662354e-17,2.3729173009824473e-13,True
BT-v2,BT-v3,HYB-s2-b100-a0.50,0.1575,0.5625,-0.405,100,1.420778169444184e-17,6.174701924404423e-14,True
BT-v2,BT-v3,HYB-s2-b100-a0.75,0.1575,0.67,-0.5125000000000001,100,2.4848996442029607e-18,1.0963377230223463e-14,True
BT-v2,BT-v3,HYB-s2-b200-a0.25,0.1575,0.545,-0.38750000000000007,100,1.0728813092113103e-16,4.604806579134944e-13,True
BT-v2,BT-v3,HYB-s2-b200-a0.50,0.1575,0.5675,-0.41000000000000003,100,6.911779035011329e-17,2.9741385187653747e-13,True
BT-v2,BT-v3,HYB-s2-b200-a0.75,0.1575,0.6825,-0.525,100,2.769301003020113e-18,1.2207078821312658e-14,True
BT-v2,BT-v3,HYB-s2-b300-a0.25,0.1575,0.55,-0.39250000000000007,100,9.611570666280763e-18,4.188722496365156e-14,True
BT-v2,BT-v3,HYB-s2-b300-a0.50,0.1575,0.595,-0.4375,100,8.820291717082836e-18,3.850939363678366e-14,True
BT-v2,BT-v3,HYB-s2-b300-a0.75,0.1575,0.6725,-0.515,100,3.705619395370712e-18,1.629731410084039e-14,True
BT-v2,BT-v3,HYB-s3-b100-a0.25,0.1575,0.5075,-0.35,100,1.7296380091143038e-16,7.406309955027448e-13,True
BT-v2,BT-v3,HYB-s3-b100-a0.50,0.1575,0.4875,-0.32999999999999996,100,3.32577865780732e-16,1.4217703762126293e-12,True
BT-v2,BT-v3,HYB-s3-b100-a0.75,0.1575,0.5575,-0.4,100,3.449685211506235e-18,1.518206461583894e-14,True
BT-v2,BT-v3,HYB-s3-b200-a0.25,0.1575,0.4775,-0.31999999999999995,100,6.600556175805659e-15,2.790055095513052e-11,True
BT-v2,BT-v3,HYB-s3-b200-a0.50,0.1575,0.49,-0.3325,100,8.238471149995837e-16,3.508764862783227e-12,True
BT-v2,BT-v3,HYB-s3-b200-a0.75,0.1575,0.5475,-0.39,100,1.0660530678656455e-16,4.577631873415082e-13,True
BT-v2,BT-v3,HYB-s3-b300-a0.25,0.1575,0.53,-0.37250000000000005,100,4.397241672760368e-17,1.8982892301306508e-13,True
BT-v2,BT-v3,HYB-s3-b300-a0.50,0.1575,0.5,-0.3425,100,1.0472863770587891e-14,4.4216430839422075e-11,True
BT-v2,BT-v3,HYB-s3-b300-a0.75,0.1575,0.635,-0.47750000000000004,100,1.1414287529271314e-17,4.968639361491803e-14,True
BT-v2,BT-v3,HYB-s4-b100-a0.25,0.1575,0.515,-0.35750000000000004,100,4.856640727847046e-17,2.0951548099932155e-13,True
BT-v2,BT-v3,HYB-s4-b100-a0.50,0.1575,0.545,-0.38750000000000007,100,3.649726233811196e-18,1.605514570253545e-14,True
BT-v2,BT-v3,HYB-s4-b100-a0.75,0.1575,0.5975,-0.44000000000000006,100,1.9423190211739088e-18,8.583107754567503e-15,True
BT-v2,BT-v3,HYB-s4-b200-a0.25,0.1575,0.525,-0.36750000000000005,100,5.53230172618268e-15,2.3401636301752737e-11,True
BT-v2,BT-v3,HYB-s4-b200-a0.50,0.1575,0.555,-0.3975000000000001,100,1.8047661180364583e-17,7.829075420042156e-14,True
BT-v2,BT-v3,HYB-s4-b200-a0.75,0.1575,0.675,-0.5175000000000001,100,1.0750352605270764e-17,4.6817785595954176e-14,True
BT-v2,BT-v3,HYB-s4-b300-a0.25,0.1575,0.545,-0.38750000000000007,100,8.862766637890592e-17,3.8074445476377984e-13,True
BT-v2,BT-v3,HYB-s4-b300-a0.50,0.1575,0.61,-0.4525,100,6.553614159001298e-18,2.8645847488994674e-14,True
BT-v2,BT-v3,HYB-s4-b300-a0.75,0.1575,0.7375,-0.5800000000000001,100,2.199491976485963e-18,9.710757076185526e-15,True
BT-v2,BT-v3,RL-s0-b0-a1.00,0.1575,0.4375,-0.28,100,2.503400928711343e-13,1.0469222683870837e-09,True
BT-v2,BT-v3,RL-s0-b100-a1.00,0.1575,0.45,-0.2925,100,8.981486655966919e-11,3.605168743705121e-07,True
BT-v2,BT-v3,RL-s0-b200-a1.00,0.1575,0.6625,-0.505,100,5.9770245271602154e-18,2.6161436355380263e-14,True
BT-v2,BT-v3,RL-s0-b300-a1.00,0.1575,0.72,-0.5625,100,1.7495341667043766e-18,7.734690551000049e-15,True
BT-v2,BT-v3,RL-s1-b100-a1.00,0.1575,0.5475,-0.39,100,2.006097558192867e-17,8.694426817207884e-14,True
BT-v2,BT-v3,RL-s1-b200-a1.00,0.1575,0.725,-0.5675,100,3.4419369623502546e-18,1.515484844522817e-14,True
BT-v2,BT-v3,RL-s1-b300-a1.00,0.1575,0.78,-0.6225,100,2.1985208200233078e-18,9.708667941222927e-15,True
BT-v2,BT-v3,RL-s2-b100-a1.00,0.1575,0.6425,-0.485,100,1.4265583144540657e-18,6.308240866515878e-15,True
BT-v2,BT-v3,RL-s2-b200-a1.00,0.1575,0.7175,-0.56,100,5.034596545478452e-18,2.207670585192301e-14,True
BT-v2,BT-v3,RL-s2-b300-a1.00,0.1575,0.74,-0.5825,100,2.125288871333932e-18,9.38952623355331e-15,True
BT-v2,BT-v3,RL-s3-b100-a1.00,0.1575,0.5025,-0.345,100,6.3186376241636e-16,2.694267082943359e-12,True
BT-v2,BT-v3,RL-s3-b200-a1.00,0.1575,0.67,-0.5125000000000001,100,1.6593214426905133e-17,7.203114382719518e-14,True
BT-v2,BT-v3,RL-s3-b300-a1.00,0.1575,0.7175,-0.56,100,9.294672397536385e-18,4.054336099805371e-14,True
BT-v2,BT-v3,RL-s4-b100-a1.00,0.1575,0.5725,-0.41500000000000004,100,9.458696652797824e-18,4.124937610285131e-14,True
BT-v2,BT-v3,RL-s4-b200-a1.00,0.1575,0.6275,-0.47,100,4.230093633189709e-17,1.8265544308113163e-13,True
BT-v2,BT-v3,RL-s4-b300-a1.00,0.1575,0.7475,-0.5900000000000001,100,2.133776797662226e-18,9.424892115274051e-15,True
BT-v2,HYB-s0-b0-a0.25,HYB-s0-b0-a0.50,0.485,0.445,0.03999999999999998,100,0.030820765892300196,1.0,False
BT-v2,HYB-s0-b0-a0.25,HYB-s0-b0-a0.75,0.485,0.4325,0.05249999999999999,100,0.03770293862576283,1.0,False
BT-v2,HYB-s0-b0-a0.25,HYB-s0-b100-a0.25,0.485,0.4575,0.02749999999999997,100,0.5426565887435926,1.0,False
BT-v2,HYB-s0-b0-a0.25,HYB-s0-b100-a0.50,0.485,0.5375,-0.05249999999999999,100,0.15361805837468312,1.0,False
BT-v2,HYB-s0-b0-a0.25,HYB-s0-b100-a0.75,0.485,0.58,-0.09499999999999997,100,0.001491536144444423,1.0,False
BT-v2,HYB-s0-b0-a0.25,HYB-s0-b200-a0.25,0.485,0.51,-0.025000000000000022,100,0.22161273025108108,1.0,False
BT-v2,HYB-s0-b0-a0.25,HYB-s0-b200-a0.50,0.485,0.55,-0.06500000000000006,100,0.004652167562786857,1.0,False
BT-v2,HYB-s0-b0-a0.25,HYB-s0-b200-a0.75,0.485,0.6425,-0.15749999999999997,100,1.0865630189600704e-08,4.073524758081304e-05,True
BT-v2,HYB-s0-b0-a0.25,HYB-s0-b300-a0.25,0.485,0.53,-0.04500000000000004,100,0.08619227464359126,1.0,False
BT-v2,HYB-s0-b0-a0.25,HYB-s0-b300-a0.50,0.485,0.6,-0.11499999999999999,100,1.8510373903880846e-05,0.057011951623953006,False
BT-v2,HYB-s0-b0-a0.25,HYB-s0-b300-a0.75,0.485,0.7025,-0.21750000000000003,100,6.258109313608567e-12,2.5720829278931213e-08,True
BT-v2,HYB-s0-b0-a0.25,HYB-s1-b100-a0.25,0.485,0.5225,-0.03749999999999998,100,0.12410191869878989,1.0,False
BT-v2,HYB-s0-b0-a0.25,HYB-s1-b100-a0.50,0.485,0.5525,-0.0675,100,0.0031470535561925477,1.0,False
BT-v2,HYB-s0-b0-a0.25,HYB-s1-b100-a0.75,0.485,0.5875,-0.10250000000000004,100,0.0005388614991193429,1.0,False
BT-v2,HYB-s0-b0-a0.25,HYB-s1-b200-a0.25,0.485,0.5175,-0.03249999999999997,100,0.20978098435473624,1.0,False
BT-v2,HYB-s0-b0-a0.25,HYB-s1-b200-a0.50,0.485,0.5975,-0.11250000000000004,100,3.381754628770472e-05,0.10135118622425104,False
BT-v2,HYB-s0-b0-a0.25,HYB-s1-b200-a0.75,0.485,0.6775,-0.1925,100,1.6251312436800005e-09,6.305509225478402e-06,True
BT-v2,HYB-s0-b0-a0.25,HYB-s1-b300-a0.25,0.485,0.555,-0.07000000000000006,100,0.0164420612351659,1.0,False
BT-v2,HYB-s0-b0-a0.25,HYB-s1-b300-a0.50,0.485,0.6325,-0.14749999999999996,100,3.619833877125847e-06,0.011778939436167507,True
BT-v2,HYB-s0-b0-a0.25,HYB-s1-b300-a0.75,0.485,0.665,-0.18000000000000005,100,5.535050530281905e-10,2.179149393771986e-06,True
BT-v2,HYB-s0-b0-a0.25,HYB-s2-b100-a0.25,0.485,0.525,-0.040000000000000036,100,0.04640764931961727,1.0,False
BT-v2,HYB-s0-b0-a0.25,HYB-s2-b100-a0.50,0.485,0.5625,-0.07750000000000001,100,0.0010901408389793817,1.0,False
BT-v2,HYB-s0-b0-a0.25,HYB-s2-b100-a0.75,0.485,0.67,-0.18500000000000005,100,7.218592295625647e-09,2.7257404508282444e-05,True
BT-v2,HYB-s0-b0-a0.25,HYB-s2-b200-a0.25,0.485,0.545,-0.06000000000000005,100,0.0049500090861513656,1.0,False
BT-v2,HYB-s0-b0-a0.25,HYB-s2-b200-a0.50,0.485,0.5675,-0.08250000000000002,100,0.0014964462876879882,1.0,False
BT-v2,HYB-s0-b0-a0.25,HYB-s2-b200-a0.75,0.485,0.6825,-0.1975,100,1.667509812882847e-09,6.463268034733915e-06,True
BT-v2,HYB-s0-b0-a0.25,HYB-s2-b300-a0.25,0.485,0.55,-0.06500000000000006,100,0.002722266747631459,1.0,False
BT-v2,HYB-s0-b0-a0.25,HYB-s2-b300-a0.50,0.485,0.595,-0.10999999999999999,100,3.102035198762113e-06,0.010121940853560775,True
BT-v2,HYB-s0-b0-a0.25,HYB-s2-b300-a0.75,0.485,0.6725,-0.1875,100,4.3252369789329884e-10,1.7101987014701037e-06,True
BT-v2,HYB-s0-b0-a0.25,HYB-s3-b100-a0.25,0.485,0.5075,-0.022499999999999964,100,0.367649076598734,1.0,False
BT-v2,HYB-s0-b0-a0.25,HYB-s3-b100-a0.50,0.485,0.4875,-0.0025000000000000022,100,0.9830787934331525,1.0,False
BT-v2,HYB-s0-b0-a0.25,HYB-s3-b100-a0.75,0.485,0.5575,-0.07250000000000001,100,0.008416524390303938,1.0,False
BT-v2,HYB-s0-b0-a0.25,HYB-s3-b200-a0.25,0.485,0.4775,0.007500000000000007,100,0.7820743377606532,1.0,False
BT-v2,HYB-s0-b0-a0.25,HYB-s3-b200-a0.50,0.485,0.49,-0.0050000000000000044,100,0.862553797962829,1.0,False
BT-v2,HYB-s0-b0-a0.25,HYB-s3-b200-a0.75,0.485,0.5475,-0.0625,100,0.01510925451644949,1.0,False
BT-v2,HYB-s0-b0-a0.25,HYB-s3-b300-a0.25,0.485,0.53,-0.04500000000000004,100,0.01914092416308053,1.0,False
BT-v2,HYB-s0-b0-a0.25,HYB-s3-b300-a0.50,0.485,0.5,-0.015000000000000013,100,0.44944764909126067,1.0,False
BT-v2,HYB-s0-b0-a0.25,HYB-s3-b300-a0.75,0.485,0.635,-0.15000000000000002,100,8.092511595938704e-08,0.0002899546904824837,True
BT-v2,HYB-s0-b0-a0.25,HYB-s4-b100-a0.25,0.485,0.515,-0.030000000000000027,100,0.1374524013497301,1.0,False
BT-v2,HYB-s0-b0-a0.25,HYB-s4-b100-a0.50,0.485,0.545,-0.06000000000000005,100,0.0038359122953855363,1.0,False
BT-v2,HYB-s0-b0-a0.25,HYB-s4-b100-a0.75,0.485,0.5975,-0.11250000000000004,100,1.1875164093977046e-06,0.003987680102757492,True
BT-v2,HYB-s0-b0-a0.25,HYB-s4-b200-a0.25,0.485,0.525,-0.040000000000000036,100,0.21187067690216577,1.0,False
BT-v2,HYB-s0-b0-a0.25,HYB-s4-b200-a0.50,0.485,0.555,-0.07000000000000006,100,0.012013752697159692,1.0,False
BT-v2,HYB-s0-b0-a0.25,HYB-s4-b200-a0.75,0.485,0.675,-0.19000000000000006,100,9.11031738023882e-09,3.428212430183868e-05,True
BT-v2,HYB-s0-b0-a0.25,HYB-s4-b300-a0.25,0.485,0.545,-0.06000000000000005,100,0.014463880006695533,1.0,False
BT-v2,HYB-s0-b0-a0.25,HYB-s4-b300-a0.50,0.485,0.61,-0.125,100,2.2840100419498576e-06,0.007512109027973082,True
BT-v2,HYB-s0-b0-a0.25,HYB-s4-b300-a0.75,0.485,0.7375,-0.25250000000000006,100,1.849781231928423e-13,7.743184236852379e-10,True
BT-v2,HYB-s0-b0-a0.25,RL-s0-b0-a1.00,0.485,0.4375,0.04749999999999999,100,0.03607423221318664,1.0,False
BT-v2,HYB-s0-b0-a0.25,RL-s0-b100-a1.00,0.485,0.45,0.034999999999999976,100,0.25166042204425676,1.0,False
BT-v2,HYB-s0-b0-a0.25,RL-s0-b200-a1.00,0.485,0.6625,-0.1775,100,7.058610839660179e-09,2.6667431752236157e-05,True
BT-v2,HYB-s0-b0-a0.25,RL-s0-b300-a1.00,0.485,0.72,-0.235,100,5.249907471777345e-13,2.188161434236797e-09,True
BT-v2,HYB-s0-b0-a0.25,RL-s1-b100-a1.00,0.485,0.5475,-0.0625,100,0.02608933337736029,1.0,False
BT-v2,HYB-s0-b0-a0.25,RL-s1-b200-a1.00,0.485,0.725,-0.24,100,3.685511791039739e-12,1.5184308579083727e-08,True
BT-v2,HYB-s0-b0-a0.25,RL-s1-b300-a1.00,0.485,0.78,-0.29500000000000004,100,1.541228134254677e-14,6.496276585883464e-11,True
BT-v2,HYB-s0-b0-a0.25,RL-s2-b100-a1.00,0.485,0.6425,-0.15749999999999997,100,1.862493024454406e-08,6.900536655603575e-05,True
BT-v2,HYB-s0-b0-a0.25,RL-s2-b200-a1.00,0.485,0.7175,-0.23250000000000004,100,2.0597019455823337e-11,8.368569004901023e-08,True
BT-v2,HYB-s0-b0-a0.25,RL-s2-b300-a1.00,0.485,0.74,-0.255,100,2.9705773821387436e-11,1.203677955242619e-07,True
BT-v2,HYB-s0-b0-a0.25,RL-s3-b100-a1.00,0.485,0.5025,-0.01749999999999996,100,0.6044343815716904,1.0,False
BT-v2,HYB-s0-b0-a0.25,RL-s3-b200-a1.00,0.485,0.67,-0.18500000000000005,100,8.631372634274086e-08,0.000308744199127984,True
BT-v2,HYB-s0-b0-a0.25,RL-s3-b300-a1.00,0.485,0.7175,-0.23250000000000004,100,4.988510068665567e-10,1.9679672220885666e-06,True
BT-v2,HYB-s0-b0-a0.25,RL-s4-b100-a1.00,0.485,0.5725,-0.08750000000000002,100,0.00011469970207587584,0.326091253001715,False
BT-v2,HYB-s0-b0-a0.25,RL-s4-b200-a1.00,0.485,0.6275,-0.14249999999999996,100,2.010903606745507e-05,0.061614086510682335,False
BT-v2,HYB-s0-b0-a0.25,RL-s4-b300-a1.00,0.485,0.7475,-0.26250000000000007,100,1.5902044343409734e-12,6.580265949302948e-09,True
BT-v2,HYB-s0-b0-a0.50,HYB-s0-b0-a0.75,0.445,0.4325,0.012500000000000011,100,0.7525304987761311,1.0,False
BT-v2,HYB-s0-b0-a0.50,HYB-s0-b100-a0.25,0.445,0.4575,-0.012500000000000011,100,0.5555645403861844,1.0,False
BT-v2,HYB-s0-b0-a0.50,HYB-s0-b100-a0.50,0.445,0.5375,-0.09249999999999997,100,0.004957360477075407,1.0,False
BT-v2,HYB-s0-b0-a0.50,HYB-s0-b100-a0.75,0.445,0.58,-0.13499999999999995,100,9.688578621386351e-05,0.27757777750271895,False
BT-v2,HYB-s0-b0-a0.50,HYB-s0-b200-a0.25,0.445,0.51,-0.065,100,0.009863203462469475,1.0,False
BT-v2,HYB-s0-b0-a0.50,HYB-s0-b200-a0.50,0.445,0.55,-0.10500000000000004,100,0.00018111425778086711,0.5022298368263445,False
BT-v2,HYB-s0-b0-a0.50,HYB-s0-b200-a0.75,0.445,0.6425,-0.19749999999999995,100,1.6639123337085418e-09,6.4509881177880165e-06,True
BT-v2,HYB-s0-b0-a0.50,HYB-s0-b300-a0.25,0.445,0.53,-0.08500000000000002,100,0.004368551083421745,1.0,False
BT-v2,HYB-s0-b0-a0.50,HYB-s0-b300-a0.50,0.445,0.6,-0.15499999999999997,100,8.412072369282824e-07,0.002855898569371519,True
BT-v2,HYB-s0-b0-a0.50,HYB-s0-b300-a0.75,0.445,0.7025,-0.2575,100,4.645457391901536e-13,1.938084823901321e-09,True
BT-v2,HYB-s0-b0-a0.50,HYB-s1-b100-a0.25,0.445,0.5225,-0.07749999999999996,100,0.01623344812172443,1.0,False
BT-v2,HYB-s0-b0-a0.50,HYB-s1-b100-a0.50,0.445,0.5525,-0.10749999999999998,100,0.000335523392805039,0.8994104049435754,False
BT-v2,HYB-s0-b0-a0.50,HYB-s1-b100-a0.75,0.445,0.5875,-0.14250000000000002,100,2.5038137918939676e-05,0.07599074858398192,False
BT-v2,HYB-s0-b0-a0.50,HYB-s1-b200-a0.25,0.445,0.5175,-0.07249999999999995,100,0.012482796165180972,1.0,False
BT-v2,HYB-s0-b0-a0.50,HYB-s1-b200-a0.50,0.445,0.5975,-0.15250000000000002,100,2.9488284398762234e-06,0.009633822513075622,True
BT-v2,HYB-s0-b0-a0.50,HYB-s1-b200-a0.75,0.445,0.6775,-0.23249999999999998,100,6.858362120807945e-11,2.761176589837279e-07,True
BT-v2,HYB-s0-b0-a0.50,HYB-s1-b300-a0.25,0.445,0.555,-0.11000000000000004,100,0.0001448195854953772,0.4063637569000284,False
BT-v2,HYB-s0-b0-a0.50,HYB-s1-b300-a0.50,0.445,0.6325,-0.18749999999999994,100,1.4201684529505199e-08,5.2986484979583894e-05,True
BT-v2,HYB-s0-b0-a0.50,HYB-s1-b300-a0.75,0.445,0.665,-0.22000000000000003,100,4.819377820121334e-11,1.9460647637649947e-07,True
BT-v2,HYB-s0-b0-a0.50,HYB-s2-b100-a0.25,0.445,0.525,-0.08000000000000002,100,0.001967320450601291,1.0,False
BT-v2,HYB-s0-b0-a0.50,HYB-s2-b100-a0.50,0.445,0.5625,-0.1175,100,2.3095515726712724e-05,0.07030274987211353,False
BT-v2,HYB-s0-b0-a0.50,HYB-s2-b100-a0.75,0.445,0.67,-0.22500000000000003,100,2.2704945951830642e-10,9.043379972614144e-07,True
BT-v2,HYB-s0-b0-a0.50,HYB-s2-b200-a0.25,0.445,0.545,-0.10000000000000003,100,0.00013496844114537653,0.3803410671476711,False
BT-v2,HYB-s0-b0-a0.50,HYB-s2-b200-a0.50,0.445,0.5675,-0.1225,100,0.00012274505084025833,0.34736849387793106,False
BT-v2,HYB-s0-b0-a0.50,HYB-s2-b200-a0.75,0.445,0.6825,-0.2375,100,4.0805030954981593e-10,1.6146550748886217e-06,True
BT-v2,HYB-s0-b0-a0.50,HYB-s2-b300-a0.25,0.445,0.55,-0.10500000000000004,100,7.717453848298648e-05,0.2231115907543139,False
BT-v2,HYB-s0-b0-a0.50,HYB-s2-b300-a0.50,0.445,0.595,-0.14999999999999997,100,8.401806920569257e-08,0.000300616651617968,True
BT-v2,HYB-s0-b0-a0.50,HYB-s2-b300-a0.75,0.445,0.6725,-0.22749999999999998,100,4.80243264763861e-10,1.8960004092877232e-06,True
BT-v2,HYB-s0-b0-a0.50,HYB-s3-b100-a0.25,0.445,0.5075,-0.062499999999999944,100,0.013244461291646007,1.0,False
BT-v2,HYB-s0-b0-a0.50,HYB-s3-b100-a0.50,0.445,0.4875,-0.04249999999999998,100,0.2150181214636484,1.0,False
BT-v2,HYB-s0-b0-a0.50,HYB-s3-b100-a0.75,0.445,0.5575,-0.11249999999999999,100,0.0003636110495705662,0.9697506692047001,False
BT-v2,HYB-s0-b0-a0.50,HYB-s3-b200-a0.25,0.445,0.4775,-0.03249999999999997,100,0.1832384395885771,1.0,False
BT-v2,HYB-s0-b0-a0.50,HYB-s3-b200-a0.50,0.445,0.49,-0.044999999999999984,100,0.1575537484510784,1.0,False
BT-v2,HYB-s0-b0-a0.50,HYB-s3-b200-a0.75,0.445,0.5475,-0.10249999999999998,100,0.00291530509847603,1.0,False
BT-v2,HYB-s0-b0-a0.50,HYB-s3-b300-a0.25,0.445,0.53,-0.08500000000000002,100,0.00022717327907385157,0.6208645717088364,False
BT-v2,HYB-s0-b0-a0.50,HYB-s3-b300-a0.50,0.445,0.5,-0.05499999999999999,100,0.02496437034289099,1.0,False
BT-v2,HYB-s0-b0-a0.50,HYB-s3-b300-a0.75,0.445,0.635,-0.19,100,2.4408996262426635e-09,9.40234536028674e-06,True
BT-v2,HYB-s0-b0-a0.50,HYB-s4-b100-a0.25,0.445,0.515,-0.07,100,0.005118643083884438,1.0,False
BT-v2,HYB-s0-b0-a0.50,HYB-s4-b100-a0.50,0.445,0.545,-0.10000000000000003,100,6.424172073912803e-05,0.18732885767529733,False
BT-v2,HYB-s0-b0-a0.50,HYB-s4-b100-a0.75,0.445,0.5975,-0.15250000000000002,100,2.5204041369459428e-08,9.275087223961069e-05,True
BT-v2,HYB-s0-b0-a0.50,HYB-s4-b200-a0.25,0.445,0.525,-0.08000000000000002,100,0.02208014413257188,1.0,False
BT-v2,HYB-s0-b0-a0.50,HYB-s4-b200-a0.50,0.445,0.555,-0.11000000000000004,100,0.00017093059828147207,0.47587078561561824,False
BT-v2,HYB-s0-b0-a0.50,HYB-s4-b200-a0.75,0.445,0.675,-0.23000000000000004,100,6.175898013314133e-10,2.4302158682391115e-06,True
BT-v2,HYB-s0-b0-a0.50,HYB-s4-b300-a0.25,0.445,0.545,-0.10000000000000003,100,0.0002429459053664271,0.6615417003127809,False
BT-v2,HYB-s0-b0-a0.50,HYB-s4-b300-a0.50,0.445,0.61,-0.16499999999999998,100,7.942037023850985e-08,0.0002847220273050578,True
BT-v2,HYB-s0-b0-a0.50,HYB-s4-b300-a0.75,0.445,0.7375,-0.29250000000000004,100,1.1389637913763684e-13,4.776814141032489e-10,True
BT-v2,HYB-s0-b0-a0.50,RL-s0-b0-a1.00,0.445,0.4375,0.007500000000000007,100,0.6006757111428263,1.0,False
BT-v2,HYB-s0-b0-a0.50,RL-s0-b100-a1.00,0.445,0.45,-0.0050000000000000044,100,0.9441080113470397,1.0,False
BT-v2,HYB-s0-b0-a0.50,RL-s0-b200-a1.00,0.445,0.6625,-0.21749999999999997,100,2.4039398247266994e-10,9.570084442236991e-07,True
BT-v2,HYB-s0-b0-a0.50,RL-s0-b300-a1.00,0.445,0.72,-0.27499999999999997,100,5.4434278395251203e-14,2.284606664248693e-10,True
BT-v2,HYB-s0-b0-a0.50,RL-s1-b100-a1.00,0.445,0.5475,-0.10249999999999998,100,0.0003967955678013821,1.0,False
BT-v2,HYB-s0-b0-a0.50,RL-s1-b200-a1.00,0.445,0.725,-0.27999999999999997,100,1.4622748905640165e-12,6.0552803218255926e-09,True
BT-v2,HYB-s0-b0-a0.50,RL-s1-b300-a1.00,0.445,0.78,-0.335,100,6.070804429851957e-15,2.5673431933843924e-11,True
BT-v2,HYB-s0-b0-a0.50,RL-s2-b100-a1.00,0.445,0.6425,-0.19749999999999995,100,2.7154172852845153e-09,1.0440779461918961e-05,True
BT-v2,HYB-s0-b0-a0.50,RL-s2-b200-a1.00,0.445,0.7175,-0.2725,100,1.763003022048155e-11,7.17718530275804e-08,True
BT-v2,HYB-s0-b0-a0.50,RL-s2-b300-a1.00,0.445,0.74,-0.295,100,5.2945280112057826e-11,2.1358125997204127e-07,True
BT-v2,HYB-s0-b0-a0.50,RL-s3-b100-a1.00,0.445,0.5025,-0.05749999999999994,100,0.09311392559376437,1.0,False
BT-v2,HYB-s0-b0-a0.50,RL-s3-b200-a1.00,0.445,0.67,-0.22500000000000003,100,3.296787355795405e-08,0.00012059648147499592,True
BT-v2,HYB-s0-b0-a0.50,RL-s3-b300-a1.00,0.445,0.7175,-0.2725,100,1.9607223046708225e-10,7.821321273331911e-07,True
BT-v2,HYB-s0-b0-a0.50,RL-s4-b100-a1.00,0.445,0.5725,-0.1275,100,4.277808751512971e-06,0.013860100354902025,True
BT-v2,HYB-s0-b0-a0.50,RL-s4-b200-a1.00,0.445,0.6275,-0.18249999999999994,100,5.531446591553397e-06,0.017811258024801938,True
BT-v2,HYB-s0-b0-a0.50,RL-s4-b300-a1.00,0.445,0.7475,-0.30250000000000005,100,5.003750912157286e-13,2.086564130369588e-09,True
BT-v2,HYB-s0-b0-a0.75,HYB-s0-b100-a0.25,0.4325,0.4575,-0.025000000000000022,100,0.3362471561027227,1.0,False
BT-v2,HYB-s0-b0-a0.75,HYB-s0-b100-a0.50,0.4325,0.5375,-0.10499999999999998,100,0.002797766533521929,1.0,False
BT-v2,HYB-s0-b0-a0.75,HYB-s0-b100-a0.75,0.4325,0.58,-0.14749999999999996,100,0.00015553765835106428,0.4347277550912247,False
BT-v2,HYB-s0-b0-a0.75,HYB-s0-b200-a0.25,0.4325,0.51,-0.07750000000000001,100,0.00430552176411603,1.0,False
BT-v2,HYB-s0-b0-a0.75,HYB-s0-b200-a0.50,0.4325,0.55,-0.11750000000000005,100,0.00011833395394825496,0.3354767594433028,False
BT-v2,HYB-s0-b0-a0.75,HYB-s0-b200-a0.75,0.4325,0.6425,-0.20999999999999996,100,5.164235820936562e-10,2.0362581841952862e-06,True
BT-v2,HYB-s0-b0-a0.75,HYB-s0-b300-a0.25,0.4325,0.53,-0.09750000000000003,100,0.0009193754837919637,1.0,False
BT-v2,HYB-s0-b0-a0.75,HYB-s0-b300-a0.50,0.4325,0.6,-0.16749999999999998,100,3.255662101768638e-07,0.0011313425803646017,True
BT-v2,HYB-s0-b0-a0.75,HYB-s0-b300-a0.75,0.4325,0.7025,-0.27,100,9.919472384341032e-12,4.0590480996723504e-08,True
BT-v2,HYB-s0-b0-a0.75,HYB-s1-b100-a0.25,0.4325,0.5225,-0.08999999999999997,100,0.0009228660321317402,1.0,False
BT-v2,HYB-s0-b0-a0.75,HYB-s1-b100-a0.50,0.4325,0.5525,-0.12,100,8.115562862688196e-05,0.23421514421718134,False
BT-v2,HYB-s0-b0-a0.75,HYB-s1-b100-a0.75,0.4325,0.5875,-0.15500000000000003,100,3.329399235375384e-05,0.099815389076554,False
BT-v2,HYB-s0-b0-a0.75,HYB-s1-b200-a0.25,0.4325,0.5175,-0.08499999999999996,100,0.006343881500470394,1.0,False
BT-v2,HYB-s0-b0-a0.75,HYB-s1-b200-a0.50,0.4325,0.5975,-0.16500000000000004,100,8.94224479090258e-07,0.0030296325351577944,True
BT-v2,HYB-s0-b0-a0.75,HYB-s1-b200-a0.75,0.4325,0.6775,-0.245,100,7.511310427119438e-10,2.9504427357725155e-06,True
BT-v2,HYB-s0-b0-a0.75,HYB-s1-b300-a0.25,0.4325,0.555,-0.12250000000000005,100,1.2701620475365238e-06,0.004257583183342428,True
BT-v2,HYB-s0-b0-a0.75,HYB-s1-b300-a0.50,0.4325,0.6325,-0.19999999999999996,100,3.6993446603966884e-09,1.4149993326017333e-05,True
BT-v2,HYB-s0-b0-a0.75,HYB-s1-b300-a0.75,0.4325,0.665,-0.23250000000000004,100,4.5343267778486404e-10,1.7915125099279977e-06,True
BT-v2,HYB-s0-b0-a0.75,HYB-s2-b100-a0.25,0.4325,0.525,-0.09250000000000003,100,0.0007253743648844445,1.0,False
BT-v2,HYB-s0-b0-a0.75,HYB-s2-b100-a0.50,0.4325,0.5625,-0.13,100,4.627199743498137e-06,0.014964363970472974,True
BT-v2,HYB-s0-b0-a0.75,HYB-s2-b100-a0.75,0.4325,0.67,-0.23750000000000004,100,8.521157506024381e-10,3.3368852793591473e-06,True
BT-v2,HYB-s0-b0-a0.75,HYB-s2-b200-a0.25,0.4325,0.545,-0.11250000000000004,100,1.585526209474367e-05,0.04911960196951589,True
BT-v2,HYB-s0-b0-a0.75,HYB-s2-b200-a0.50,0.4325,0.5675,-0.135,100,3.048419516554992e-05,0.09166597486280861,False
BT-v2,HYB-s0-b0-a0.75,HYB-s2-b200-a0.75,0.4325,0.6825,-0.25,100,1.0808249644838547e-09,4.2152173614870334e-06,True
BT-v2,HYB-s0-b0-a0.75,HYB-s2-b300-a0.25,0.4325,0.55,-0.11750000000000005,100,1.6092477829544305e-05,0.04983840383809871,True
BT-v2,HYB-s0-b0-a0.75,HYB-s2-b300-a0.50,0.4325,0.595,-0.16249999999999998,100,7.900504268416509e-08,0.00028339108810810016,True
BT-v2,HYB-s0-b0-a0.75,HYB-s2-b300-a0.75,0.4325,0.6725,-0.24,100,1.9561232168993407e-09,7.56628460296665e-06,True
BT-v2,HYB-s0-b0-a0.75,HYB-s3-b100-a0.25,0.4325,0.5075,-0.07499999999999996,100,0.0035241919911529825,1.0,False
BT-v2,HYB-s0-b0-a0.75,HYB-s3-b100-a0.50,0.4325,0.4875,-0.05499999999999999,100,0.06760023654607901,1.0,False
BT-v2,HYB-s0-b0-a0.75,HYB-s3-b100-a0.75,0.4325,0.5575,-0.125,100,0.00042620650366601156,1.0,False
BT-v2,HYB-s0-b0-a0.75,HYB-s3-b200-a0.25,0.4325,0.4775,-0.044999999999999984,100,0.04795086743162428,1.0,False
BT-v2,HYB-s0-b0-a0.75,HYB-s3-b200-a0.50,0.4325,0.49,-0.057499999999999996,100,0.035996344584664115,1.0,False
BT-v2,HYB-s0-b0-a0.75,HYB-s3-b200-a0.75,0.4325,0.5475,-0.11499999999999999,100,0.0010399512620105698,1.0,False
BT-v2,HYB-s0-b0-a0.75,HYB-s3-b300-a0.25,0.4325,0.53,-0.09750000000000003,100,0.00014066942572015596,0.3954217556993584,False
BT-v2,HYB-s0-b0-a0.75,HYB-s3-b300-a0.50,0.4325,0.5,-0.0675,100,0.008638208696871449,1.0,False
BT-v2,HYB-s0-b0-a0.75,HYB-s3-b300-a0.75,0.4325,0.635,-0.2025,100,4.40905844326139e-09,1.6816148902598943e-05,True
BT-v2,HYB-s0-b0-a0.75,HYB-s4-b100-a0.25,0.4325,0.515,-0.08250000000000002,100,0.001054095626605072,1.0,False
BT-v2,HYB-s0-b0-a0.75,HYB-s4-b100-a0.50,0.4325,0.545,-0.11250000000000004,100,1.4212494538533917e-05,0.04415822053122488,True
BT-v2,HYB-s0-b0-a0.75,HYB-s4-b100-a0.75,0.4325,0.5975,-0.16500000000000004,100,9.855760463759203e-09,3.702809206234332e-05,True
BT-v2,HYB-s0-b0-a0.75,HYB-s4-b200-a0.25,0.4325,0.525,-0.09250000000000003,100,0.005065742253574077,1.0,False
BT-v2,HYB-s0-b0-a0.75,HYB-s4-b200-a0.50,0.4325,0.555,-0.12250000000000005,100,0.00015427796752083778,0.43136119718826244,False
BT-v2,HYB-s0-b0-a0.75,HYB-s4-b200-a0.75,0.4325,0.675,-0.24250000000000005,100,3.282569655654681e-10,1.3025236393637775e-06,True
BT-v2,HYB-s0-b0-a0.75,HYB-s4-b300-a0.25,0.4325,0.545,-0.11250000000000004,100,2.176477571913034e-05,0.06644786027050492,False
BT-v2,HYB-s0-b0-a0.75,HYB-s4-b300-a0.50,0.4325,0.61,-0.1775,100,7.25116968672927e-08,0.00026053452684418263,True
BT-v2,HYB-s0-b0-a0.75,HYB-s4-b300-a0.75,0.4325,0.7375,-0.30500000000000005,100,2.1141555333220486e-13,8.845626751419451e-10,True
BT-v2,HYB-s0-b0-a0.75,RL-s0-b0-a1.00,0.4325,0.4375,-0.0050000000000000044,100,0.7917302419817968,1.0,False
BT-v2,HYB-s0-b0-a0.75,RL-s0-b100-a1.00,0.4325,0.45,-0.017500000000000016,100,0.7789370550270611,1.0,False
BT-v2,HYB-s0-b0-a0.75,RL-s0-b200-a1.00,0.4325,0.6625,-0.22999999999999998,100,2.9814263063030403e-09,1.1445695589897372e-05,True
BT-v2,HYB-s0-b0-a0.75,RL-s0-b300-a1.00,0.4325,0.72,-0.2875,100,2.6594314249442757e-12,1.0980792353594914e-08,True
BT-v2,HYB-s0-b0-a0.75,RL-s1-b100-a1.00,0.4325,0.5475,-0.11499999999999999,100,0.0007070194354059604,1.0,False
BT-v2,HYB-s0-b0-a0.75,RL-s1-b200-a1.00,0.4325,0.725,-0.2925,100,6.825357514642406e-12,2.801809259760708e-08,True
BT-v2,HYB-s0-b0-a0.75,RL-s1-b300-a1.00,0.4325,0.78,-0.34750000000000003,100,1.3995582721052996e-14,5.901937233468049e-11,True
BT-v2,HYB-s0-b0-a0.75,RL-s2-b100-a1.00,0.4325,0.6425,-0.20999999999999996,100,5.6354509142202475e-09,2.138090076855162e-05,True
BT-v2,HYB-s0-b0-a0.75,RL-s2-b200-a1.00,0.4325,0.7175,-0.28500000000000003,100,1.1074215628310558e-11,4.5204948194763695e-08,True
BT-v2,HYB-s0-b0-a0.75,RL-s2-b300-a1.00,0.4325,0.74,-0.3075,100,5.712468551135781e-11,2.3026960729628332e-07,True
BT-v2,HYB-s0-b0-a0.75,RL-s3-b100-a1.00,0.4325,0.5025,-0.06999999999999995,100,0.03657201795016907,1.0,False
BT-v2,HYB-s0-b0-a0.75,RL-s3-b200-a1.00,0.4325,0.67,-0.23750000000000004,100,4.4098480537237644e-08,0.00016012158283070988,True
BT-v2,HYB-s0-b0-a0.75,RL-s3-b300-a1.00,0.4325,0.7175,-0.28500000000000003,100,3.024056935555971e-10,1.2014578204963873e-06,True
BT-v2,HYB-s0-b0-a0.75,RL-s4-b100-a1.00,0.4325,0.5725,-0.14,100,2.887132847413764e-06,0.009443811543890422,True
BT-v2,HYB-s0-b0-a0.75,RL-s4-b200-a1.00,0.4325,0.6275,-0.19499999999999995,100,4.890348370252436e-06,0.015790934887545113,True
BT-v2,HYB-s0-b0-a0.75,RL-s4-b300-a1.00,0.4325,0.7475,-0.31500000000000006,100,9.6118301106923e-13,3.989870678948374e-09,True
BT-v2,HYB-s0-b100-a0.25,HYB-s0-b100-a0.50,0.4575,0.5375,-0.07999999999999996,100,0.0452363702871358,1.0,False
BT-v2,HYB-s0-b100-a0.25,HYB-s0-b100-a0.75,0.4575,0.58,-0.12249999999999994,100,0.00044376724227939595,1.0,False
BT-v2,HYB-s0-b100-a0.25,HYB-s0-b200-a0.25,0.4575,0.51,-0.05249999999999999,100,0.11174002054180054,1.0,False
BT-v2,HYB-s0-b100-a0.25,HYB-s0-b200-a0.50,0.4575,0.55,-0.09250000000000003,100,0.011726379326359228,1.0,False
BT-v2,HYB-s0-b100-a0.25,HYB-s0-b200-a0.75,0.4575,0.6425,-0.18499999999999994,100,5.792744109112641e-07,0.0019857526806038132,True
BT-v2,HYB-s0-b100-a0.25,HYB-s0-b300-a0.25,0.4575,0.53,-0.07250000000000001,100,0.023527324807025983,1.0,False
BT-v2,HYB-s0-b100-a0.25,HYB-s0-b300-a0.50,0.4575,0.6,-0.14249999999999996,100,7.943948755711116e-05,0.22950067955249415,False
BT-v2,HYB-s0-b100-a0.25,HYB-s0-b300-a0.75,0.4575,0.7025,-0.245,100,7.63681512674015e-10,2.996686255732835e-06,True
BT-v2,HYB-s0-b100-a0.25,HYB-s1-b100-a0.25,0.4575,0.5225,-0.06499999999999995,100,0.1526966359237893,1.0,False
BT-v2,HYB-s0-b100-a0.25,HYB-s1-b100-a0.50,0.4575,0.5525,-0.09499999999999997,100,0.010576684388282685,1.0,False
BT-v2,HYB-s0-b100-a0.25,HYB-s1-b100-a0.75,0.4575,0.5875,-0.13,100,0.0012707708401274817,1.0,False
BT-v2,HYB-s0-b100-a0.25,HYB-s1-b200-a0.25,0.4575,0.5175,-0.05999999999999994,100,0.07194954696208328,1.0,False
BT-v2,HYB-s0-b100-a0.25,HYB-s1-b200-a0.50,0.4575,0.5975,-0.14,100,0.00010391198043335682,0.29687652809810045,False
BT-v2,HYB-s0-b100-a0.25,HYB-s1-b200-a0.75,0.4575,0.6775,-0.21999999999999997,100,2.1124618377022e-08,7.801321566634225e-05,True
BT-v2,HYB-s0-b100-a0.25,HYB-s1-b300-a0.25,0.4575,0.555,-0.09750000000000003,100,0.0036180993071449757,1.0,False
BT-v2,HYB-s0-b100-a0.25,HYB-s1-b300-a0.50,0.4575,0.6325,-0.17499999999999993,100,1.0319596936544668e-05,0.03242417357462335,True
BT-v2,HYB-s0-b100-a0.25,HYB-s1-b300-a0.75,0.4575,0.665,-0.20750000000000002,100,7.710457431555084e-08,0.00027672831721851194,True
BT-v2,HYB-s0-b100-a0.25,HYB-s2-b100-a0.25,0.4575,0.525,-0.0675,100,0.024569562297946438,1.0,False
BT-v2,HYB-s0-b100-a0.25,HYB-s2-b100-a0.50,0.4575,0.5625,-0.10499999999999998,100,0.0014682380097494,1.0,False
BT-v2,HYB-s0-b100-a0.25,HYB-s2-b100-a0.75,0.4575,0.67,-0.21250000000000002,100,5.6060571117511085e-08,0.00020260290401868505,True
BT-v2,HYB-s0-b100-a0.25,HYB-s2-b200-a0.25,0.4575,0.545,-0.08750000000000002,100,0.028658813434865905,1.0,False
BT-v2,HYB-s0-b100-a0.25,HYB-s2-b200-a0.50,0.4575,0.5675,-0.10999999999999999,100,0.006811632166339567,1.0,False
BT-v2,HYB-s0-b100-a0.25,HYB-s2-b200-a0.75,0.4575,0.6825,-0.22499999999999998,100,5.199677350542938e-09,1.9737975222660992e-05,True
BT-v2,HYB-s0-b100-a0.25,HYB-s2-b300-a0.25,0.4575,0.55,-0.09250000000000003,100,0.003062100711846733,1.0,False
BT-v2,HYB-s0-b100-a0.25,HYB-s2-b300-a0.50,0.4575,0.595,-0.13749999999999996,100,0.00017978656947425711,0.49872794372158924,False
BT-v2,HYB-s0-b100-a0.25,HYB-s2-b300-a0.75,0.4575,0.6725,-0.21499999999999997,100,9.57046692010088e-08,0.00034166566904760145,True
BT-v2,HYB-s0-b100-a0.25,HYB-s3-b100-a0.25,0.4575,0.5075,-0.04999999999999993,100,0.09595470436835933,1.0,False
BT-v2,HYB-s0-b100-a0.25,HYB-s3-b100-a0.50,0.4575,0.4875,-0.02999999999999997,100,0.4410309337309466,1.0,False
BT-v2,HYB-s0-b100-a0.25,HYB-s3-b100-a0.75,0.4575,0.5575,-0.09999999999999998,100,0.003405481459035691,1.0,False
BT-v2,HYB-s0-b100-a0.25,HYB-s3-b200-a0.25,0.4575,0.4775,-0.019999999999999962,100,0.5263934939468738,1.0,False
BT-v2,HYB-s0-b100-a0.25,HYB-s3-b200-a0.50,0.4575,0.49,-0.03249999999999997,100,0.448981958995457,1.0,False
BT-v2,HYB-s0-b100-a0.25,HYB-s3-b200-a0.75,0.4575,0.5475,-0.08999999999999997,100,0.012068960135199164,1.0,False
BT-v2,HYB-s0-b100-a0.25,HYB-s3-b300-a0.25,0.4575,0.53,-0.07250000000000001,100,0.012423145310215954,1.0,False
BT-v2,HYB-s0-b100-a0.25,HYB-s3-b300-a0.50,0.4575,0.5,-0.04249999999999998,100,0.13012331244948086,1.0,False
BT-v2,HYB-s0-b100-a0.25,HYB-s3-b300-a0.75,0.4575,0.635,-0.1775,100,8.137427795624035e-07,0.002766725450512172,True
BT-v2,HYB-s0-b100-a0.25,HYB-s4-b100-a0.25,0.4575,0.515,-0.057499999999999996,100,0.05012452186776627,1.0,False
BT-v2,HYB-s0-b100-a0.25,HYB-s4-b100-a0.50,0.4575,0.545,-0.08750000000000002,100,0.003147030262809856,1.0,False
BT-v2,HYB-s0-b100-a0.25,HYB-s4-b100-a0.75,0.4575,0.5975,-0.14,100,3.9235236056160004e-05,0.11676406250313218,False
BT-v2,HYB-s0-b100-a0.25,HYB-s4-b200-a0.25,0.4575,0.525,-0.0675,100,0.12422152202956221,1.0,False
BT-v2,HYB-s0-b100-a0.25,HYB-s4-b200-a0.50,0.4575,0.555,-0.09750000000000003,100,0.013471224090772603,1.0,False
BT-v2,HYB-s0-b100-a0.25,HYB-s4-b200-a0.75,0.4575,0.675,-0.21750000000000003,100,1.9499630225605244e-07,0.000684437020918744,True
BT-v2,HYB-s0-b100-a0.25,HYB-s4-b300-a0.25,0.4575,0.545,-0.08750000000000002,100,0.01022827621108312,1.0,False
BT-v2,HYB-s0-b100-a0.25,HYB-s4-b300-a0.50,0.4575,0.61,-0.15249999999999997,100,2.0441905525200023e-05,0.06257267281263727,False
BT-v2,HYB-s0-b100-a0.25,HYB-s4-b300-a0.75,0.4575,0.7375,-0.28,100,7.779641342714084e-12,3.1880970222442316e-08,True
BT-v2,HYB-s0-b100-a0.25,RL-s0-b0-a1.00,0.4575,0.4375,0.020000000000000018,100,0.25694715021753933,1.0,False
BT-v2,HYB-s0-b100-a0.25,RL-s0-b100-a1.00,0.4575,0.45,0.007500000000000007,100,0.7214628142422717,1.0,False
BT-v2,HYB-s0-b100-a0.25,RL-s0-b200-a1.00,0.4575,0.6625,-0.20499999999999996,100,2.0554142916860777e-08,7.59886663636343e-05,True
BT-v2,HYB-s0-b100-a0.25,RL-s0-b300-a1.00,0.4575,0.72,-0.26249999999999996,100,1.1215343926203067e-10,4.4973529144074297e-07,True
BT-v2,HYB-s0-b100-a0.25,RL-s1-b100-a1.00,0.4575,0.5475,-0.08999999999999997,100,0.029897530992065387,1.0,False
BT-v2,HYB-s0-b100-a0.25,RL-s1-b200-a1.00,0.4575,0.725,-0.26749999999999996,100,1.854149696393994e-10,7.401765588004824e-07,True
BT-v2,HYB-s0-b100-a0.25,RL-s1-b300-a1.00,0.4575,0.78,-0.3225,100,3.3586231200276425e-13,1.4028968772355462e-09,True
BT-v2,HYB-s0-b100-a0.25,RL-s2-b100-a1.00,0.4575,0.6425,-0.18499999999999994,100,4.8582110520915475e-06,0.015692021698255697,True
BT-v2,HYB-s0-b100-a0.25,RL-s2-b200-a1.00,0.4575,0.7175,-0.26,100,1.24545545142642e-09,4.848558072403053e-06,True
BT-v2,HYB-s0-b100-a0.25,RL-s2-b300-a1.00,0.4575,0.74,-0.2825,100,1.617626705943867e-11,6.590211200015314e-08,True
BT-v2,HYB-s0-b100-a0.25,RL-s3-b100-a1.00,0.4575,0.5025,-0.04499999999999993,100,0.23555028044847048,1.0,False
BT-v2,HYB-s0-b100-a0.25,RL-s3-b200-a1.00,0.4575,0.67,-0.21250000000000002,100,2.832329478026793e-07,0.00098735005604014,True
BT-v2,HYB-s0-b100-a0.25,RL-s3-b300-a1.00,0.4575,0.7175,-0.26,100,1.8750866139808542e-09,7.260335369333868e-06,True
BT-v2,HYB-s0-b100-a0.25,RL-s4-b100-a1.00,0.4575,0.5725,-0.11499999999999999,100,0.000436303084741076,1.0,False
BT-v2,HYB-s0-b100-a0.25,RL-s4-b200-a1.00,0.4575,0.6275,-0.16999999999999993,100,3.446350542832033e-05,0.10308034473610611,False
BT-v2,HYB-s0-b100-a0.25,RL-s4-b300-a1.00,0.4575,0.7475,-0.29000000000000004,100,4.042546913584738e-11,1.6368272453104604e-07,True
BT-v2,HYB-s0-b100-a0.50,HYB-s0-b100-a0.75,0.5375,0.58,-0.04249999999999998,100,0.12420040613968283,1.0,False
BT-v2,HYB-s0-b100-a0.50,HYB-s0-b200-a0.25,0.5375,0.51,0.02749999999999997,100,0.2751521705382066,1.0,False
BT-v2,HYB-s0-b100-a0.50,HYB-s0-b200-a0.50,0.5375,0.55,-0.012500000000000067,100,0.7443969782851698,1.0,False
BT-v2,HYB-s0-b100-a0.50,HYB-s0-b200-a0.75,0.5375,0.6425,-0.10499999999999998,100,0.0034575165232006324,1.0,False
BT-v2,HYB-s0-b100-a0.50,HYB-s0-b300-a0.25,0.5375,0.53,0.007499999999999951,100,0.9000657688727918,1.0,False
BT-v2,HYB-s0-b100-a0.50,HYB-s0-b300-a0.50,0.5375,0.6,-0.0625,100,0.027218124598874426,1.0,False
BT-v2,HYB-s0-b100-a0.50,HYB-s0-b300-a0.75,0.5375,0.7025,-0.16500000000000004,100,3.632136318905833e-06,0.011815339445400674,True
BT-v2,HYB-s0-b100-a0.50,HYB-s1-b100-a0.25,0.5375,0.5225,0.015000000000000013,100,0.4180549859813676,1.0,False
BT-v2,HYB-s0-b100-a0.50,HYB-s1-b100-a0.50,0.5375,0.5525,-0.015000000000000013,100,0.5695988620326851,1.0,False
BT-v2,HYB-s0-b100-a0.50,HYB-s1-b100-a0.75,0.5375,0.5875,-0.050000000000000044,100,0.24734351574396551,1.0,False
BT-v2,HYB-s0-b100-a0.50,HYB-s1-b200-a0.25,0.5375,0.5175,0.020000000000000018,100,0.47812806213479575,1.0,False
BT-v2,HYB-s0-b100-a0.50,HYB-s1-b200-a0.50,0.5375,0.5975,-0.06000000000000005,100,0.14382802929556932,1.0,False
BT-v2,HYB-s0-b100-a0.50,HYB-s1-b200-a0.75,0.5375,0.6775,-0.14,100,0.00011478401309831474,0.32621616522541047,False
BT-v2,HYB-s0-b100-a0.50,HYB-s1-b300-a0.25,0.5375,0.555,-0.01750000000000007,100,0.5393857123338259,1.0,False
BT-v2,HYB-s0-b100-a0.50,HYB-s1-b300-a0.50,0.5375,0.6325,-0.09499999999999997,100,0.007700596911811537,1.0,False
BT-v2,HYB-s0-b100-a0.50,HYB-s1-b300-a0.75,0.5375,0.665,-0.12750000000000006,100,0.00011211378613554567,0.319075835341763,False
BT-v2,HYB-s0-b100-a0.50,HYB-s2-b100-a0.25,0.5375,0.525,0.012499999999999956,100,0.5992518555556747,1.0,False
BT-v2,HYB-s0-b100-a0.50,HYB-s2-b100-a0.50,0.5375,0.5625,-0.025000000000000022,100,0.6392793471186613,1.0,False
BT-v2,HYB-s0-b100-a0.50,HYB-s2-b100-a0.75,0.5375,0.67,-0.13250000000000006,100,8.60163216818842e-05,0.24786940122703482,False
BT-v2,HYB-s0-b100-a0.50,HYB-s2-b200-a0.25,0.5375,0.545,-0.007500000000000062,100,0.9429049247893196,1.0,False
BT-v2,HYB-s0-b100-a0.50,HYB-s2-b200-a0.50,0.5375,0.5675,-0.030000000000000027,100,0.7447807619468838,1.0,False
BT-v2,HYB-s0-b100-a0.50,HYB-s2-b200-a0.75,0.5375,0.6825,-0.14500000000000002,100,0.00014740471627859125,0.4127332055800555,False
BT-v2,HYB-s0-b100-a0.50,HYB-s2-b300-a0.25,0.5375,0.55,-0.012500000000000067,100,0.9038300351334161,1.0,False
BT-v2,HYB-s0-b100-a0.50,HYB-s2-b300-a0.50,0.5375,0.595,-0.057499999999999996,100,0.09973045000332295,1.0,False
BT-v2,HYB-s0-b100-a0.50,HYB-s2-b300-a0.75,0.5375,0.6725,-0.135,100,8.677239787143873e-05,0.24990450586974355,False
BT-v2,HYB-s0-b100-a0.50,HYB-s3-b100-a0.25,0.5375,0.5075,0.030000000000000027,100,0.543649218815596,1.0,False
BT-v2,HYB-s0-b100-a0.50,HYB-s3-b100-a0.50,0.5375,0.4875,0.04999999999999999,100,0.08358846836345282,1.0,False
BT-v2,HYB-s0-b100-a0.50,HYB-s3-b100-a0.75,0.5375,0.5575,-0.020000000000000018,100,0.6444939658649707,1.0,False
BT-v2,HYB-s0-b100-a0.50,HYB-s3-b200-a0.25,0.5375,0.4775,0.06,100,0.08670353061335169,1.0,False
BT-v2,HYB-s0-b100-a0.50,HYB-s3-b200-a0.50,0.5375,0.49,0.04749999999999999,100,0.13282327599085855,1.0,False
BT-v2,HYB-s0-b100-a0.50,HYB-s3-b200-a0.75,0.5375,0.5475,-0.010000000000000009,100,0.6995626008409166,1.0,False
BT-v2,HYB-s0-b100-a0.50,HYB-s3-b300-a0.25,0.5375,0.53,0.007499999999999951,100,0.7332860811110663,1.0,False
BT-v2,HYB-s0-b100-a0.50,HYB-s3-b300-a0.50,0.5375,0.5,0.03749999999999998,100,0.3731345704148262,1.0,False
BT-v2,HYB-s0-b100-a0.50,HYB-s3-b300-a0.75,0.5375,0.635,-0.09750000000000003,100,0.0017662175518233742,1.0,False
BT-v2,HYB-s0-b100-a0.50,HYB-s4-b100-a0.25,0.5375,0.515,0.022499999999999964,100,0.44641925421985285,1.0,False
BT-v2,HYB-s0-b100-a0.50,HYB-s4-b100-a0.50,0.5375,0.545,-0.007500000000000062,100,0.7986081326019042,1.0,False
BT-v2,HYB-s0-b100-a0.50,HYB-s4-b100-a0.75,0.5375,0.5975,-0.06000000000000005,100,0.06033356807989525,1.0,False
BT-v2,HYB-s0-b100-a0.50,HYB-s4-b200-a0.25,0.5375,0.525,0.012499999999999956,100,0.7321388899844357,1.0,False
BT-v2,HYB-s0-b100-a0.50,HYB-s4-b200-a0.50,0.5375,0.555,-0.01750000000000007,100,0.7241975663942255,1.0,False
BT-v2,HYB-s0-b100-a0.50,HYB-s4-b200-a0.75,0.5375,0.675,-0.13750000000000007,100,0.00012925734578236745,0.3650227444894057,False
BT-v2,HYB-s0-b100-a0.50,HYB-s4-b300-a0.25,0.5375,0.545,-0.007500000000000062,100,0.9679013498816662,1.0,False
BT-v2,HYB-s0-b100-a0.50,HYB-s4-b300-a0.50,0.5375,0.61,-0.07250000000000001,100,0.03069120787527232,1.0,False
BT-v2,HYB-s0-b100-a0.50,HYB-s4-b300-a0.75,0.5375,0.7375,-0.20000000000000007,100,2.0830688084054716e-07,0.0007296990035844367,True
BT-v2,HYB-s0-b100-a0.50,RL-s0-b0-a1.00,0.5375,0.4375,0.09999999999999998,100,0.0020142203583030393,1.0,False
BT-v2,HYB-s0-b100-a0.50,RL-s0-b100-a1.00,0.5375,0.45,0.08749999999999997,100,0.011324543065080015,1.0,False
BT-v2,HYB-s0-b100-a0.50,RL-s0-b200-a1.00,0.5375,0.6625,-0.125,100,0.0002797011306156493,0.7563888141134252,False
BT-v2,HYB-s0-b100-a0.50,RL-s0-b300-a1.00,0.5375,0.72,-0.1825,100,7.766203826879451e-07,0.002642062541904389,True
BT-v2,HYB-s0-b100-a0.50,RL-s1-b100-a1.00,0.5375,0.5475,-0.010000000000000009,100,0.980437676234731,1.0,False
BT-v2,HYB-s0-b100-a0.50,RL-s1-b200-a1.00,0.5375,0.725,-0.1875,100,1.6232192358764885e-06,0.005392334301581695,True
BT-v2,HYB-s0-b100-a0.50,RL-s1-b300-a1.00,0.5375,0.78,-0.24250000000000005,100,2.9457314317291405e-10,1.1706336709691605e-06,True
BT-v2,HYB-s0-b100-a0.50,RL-s2-b100-a1.00,0.5375,0.6425,-0.10499999999999998,100,0.0015609953402761752,1.0,False
BT-v2,HYB-s0-b100-a0.50,RL-s2-b200-a1.00,0.5375,0.7175,-0.18000000000000005,100,1.845251818839994e-06,0.00610778352036038,True
BT-v2,HYB-s0-b100-a0.50,RL-s2-b300-a1.00,0.5375,0.74,-0.2025,100,4.612010590549664e-07,0.0015883764473853042,True
BT-v2,HYB-s0-b100-a0.50,RL-s3-b100-a1.00,0.5375,0.5025,0.03500000000000003,100,0.20699713733357428,1.0,False
BT-v2,HYB-s0-b100-a0.50,RL-s3-b200-a1.00,0.5375,0.67,-0.13250000000000006,100,0.0002947590441515993,0.7955546601651664,False
BT-v2,HYB-s0-b100-a0.50,RL-s3-b300-a1.00,0.5375,0.7175,-0.18000000000000005,100,9.984374319424046e-07,0.0033727216451014427,True
BT-v2,HYB-s0-b100-a0.50,RL-s4-b100-a1.00,0.5375,0.5725,-0.03500000000000003,100,0.18115300245215027,1.0,False
BT-v2,HYB-s0-b100-a0.50,RL-s4-b200-a1.00,0.5375,0.6275,-0.08999999999999997,100,0.006489597626317515,1.0,False
BT-v2,HYB-s0-b100-a0.50,RL-s4-b300-a1.00,0.5375,0.7475,-0.21000000000000008,100,2.1528375064992557e-08,7.948276073995251e-05,True
BT-v2,HYB-s0-b100-a0.75,HYB-s0-b200-a0.25,0.58,0.51,0.06999999999999995,100,0.01973677868636273,1.0,False
BT-v2,HYB-s0-b100-a0.75,HYB-s0-b200-a0.50,0.58,0.55,0.029999999999999916,100,0.20480627557352582,1.0,False
BT-v2,HYB-s0-b100-a0.75,HYB-s0-b200-a0.75,0.58,0.6425,-0.0625,100,0.012174615713116652,1.0,False
BT-v2,HYB-s0-b100-a0.75,HYB-s0-b300-a0.25,0.58,0.53,0.04999999999999993,100,0.09771275005463059,1.0,False
BT-v2,HYB-s0-b100-a0.75,HYB-s0-b300-a0.50,0.58,0.6,-0.020000000000000018,100,0.3851065168240049,1.0,False
BT-v2,HYB-s0-b100-a0.75,HYB-s0-b300-a0.75,0.58,0.7025,-0.12250000000000005,100,4.116606540038115e-06,0.01334603840280357,True
BT-v2,HYB-s0-b100-a0.75,HYB-s1-b100-a0.25,0.58,0.5225,0.057499999999999996,100,0.057303621994902604,1.0,False
BT-v2,HYB-s0-b100-a0.75,HYB-s1-b100-a0.50,0.58,0.5525,0.02749999999999997,100,0.22467762815286374,1.0,False
BT-v2,HYB-s0-b100-a0.75,HYB-s1-b100-a0.75,0.58,0.5875,-0.007500000000000062,100,0.8244153398941041,1.0,False
BT-v2,HYB-s0-b100-a0.75,HYB-s1-b200-a0.25,0.58,0.5175,0.0625,100,0.09201748983345552,1.0,False
BT-v2,HYB-s0-b100-a0.75,HYB-s1-b200-a0.50,0.58,0.5975,-0.01750000000000007,100,0.6895730998881764,1.0,False
BT-v2,HYB-s0-b100-a0.75,HYB-s1-b200-a0.75,0.58,0.6775,-0.09750000000000003,100,0.0004471044607056538,1.0,False
BT-v2,HYB-s0-b100-a0.75,HYB-s1-b300-a0.25,0.58,0.555,0.02499999999999991,100,0.3782651381567368,1.0,False
BT-v2,HYB-s0-b100-a0.75,HYB-s1-b300-a0.50,0.58,0.6325,-0.05249999999999999,100,0.04859518273911168,1.0,False
BT-v2,HYB-s0-b100-a0.75,HYB-s1-b300-a0.75,0.58,0.665,-0.08500000000000008,100,0.005799727317164626,1.0,False
BT-v2,HYB-s0-b100-a0.75,HYB-s2-b100-a0.25,0.58,0.525,0.05499999999999994,100,0.05400769798131189,1.0,False
BT-v2,HYB-s0-b100-a0.75,HYB-s2-b100-a0.50,0.58,0.5625,0.01749999999999996,100,0.4469366172495627,1.0,False
BT-v2,HYB-s0-b100-a0.75,HYB-s2-b100-a0.75,0.58,0.67,-0.09000000000000008,100,0.0019192032384482095,1.0,False
BT-v2,HYB-s0-b100-a0.75,HYB-s2-b200-a0.25,0.58,0.545,0.03499999999999992,100,0.12399181118968666,1.0,False
BT-v2,HYB-s0-b100-a0.75,HYB-s2-b200-a0.50,0.58,0.5675,0.012499999999999956,100,0.32319294501614626,1.0,False
BT-v2,HYB-s0-b100-a0.75,HYB-s2-b200-a0.75,0.58,0.6825,-0.10250000000000004,100,0.0004176269361395427,1.0,False
BT-v2,HYB-s0-b100-a0.75,HYB-s2-b300-a0.25,0.58,0.55,0.029999999999999916,100,0.16417509931300067,1.0,False
BT-v2,HYB-s0-b100-a0.75,HYB-s2-b300-a0.50,0.58,0.595,-0.015000000000000013,100,0.6710705655296736,1.0,False
BT-v2,HYB-s0-b100-a0.75,HYB-s2-b300-a0.75,0.58,0.6725,-0.09250000000000003,100,0.000676493864278295,1.0,False
BT-v2,HYB-s0-b100-a0.75,HYB-s3-b100-a0.25,0.58,0.5075,0.07250000000000001,100,0.03327137883387373,1.0,False
BT-v2,HYB-s0-b100-a0.75,HYB-s3-b100-a0.50,0.58,0.4875,0.09249999999999997,100,0.002355973142557949,1.0,False
BT-v2,HYB-s0-b100-a0.75,HYB-s3-b100-a0.75,0.58,0.5575,0.022499999999999964,100,0.4258232399492218,1.0,False
BT-v2,HYB-s0-b100-a0.75,HYB-s3-b200-a0.25,0.58,0.4775,0.10249999999999998,100,0.001909166878870957,1.0,False
BT-v2,HYB-s0-b100-a0.75,HYB-s3-b200-a0.50,0.58,0.49,0.08999999999999997,100,0.004830681871082121,1.0,False
BT-v2,HYB-s0-b100-a0.75,HYB-s3-b200-a0.75,0.58,0.5475,0.03249999999999997,100,0.38810841746924696,1.0,False
BT-v2,HYB-s0-b100-a0.75,HYB-s3-b300-a0.25,0.58,0.53,0.04999999999999993,100,0.12509870910774923,1.0,False
BT-v2,HYB-s0-b100-a0.75,HYB-s3-b300-a0.50,0.58,0.5,0.07999999999999996,100,0.013855154199703797,1.0,False
BT-v2,HYB-s0-b100-a0.75,HYB-s3-b300-a0.75,0.58,0.635,-0.05500000000000005,100,0.03956254169240926,1.0,False
BT-v2,HYB-s0-b100-a0.75,HYB-s4-b100-a0.25,0.58,0.515,0.06499999999999995,100,0.024991832238454203,1.0,False
BT-v2,HYB-s0-b100-a0.75,HYB-s4-b100-a0.50,0.58,0.545,0.03499999999999992,100,0.13693864346896412,1.0,False
BT-v2,HYB-s0-b100-a0.75,HYB-s4-b100-a0.75,0.58,0.5975,-0.01750000000000007,100,0.661592935513039,1.0,False
BT-v2,HYB-s0-b100-a0.75,HYB-s4-b200-a0.25,0.58,0.525,0.05499999999999994,100,0.05748713996231325,1.0,False
BT-v2,HYB-s0-b100-a0.75,HYB-s4-b200-a0.50,0.58,0.555,0.02499999999999991,100,0.3397726676765055,1.0,False
BT-v2,HYB-s0-b100-a0.75,HYB-s4-b200-a0.75,0.58,0.675,-0.09500000000000008,100,0.0015197030668206446,1.0,False
BT-v2,HYB-s0-b100-a0.75,HYB-s4-b300-a0.25,0.58,0.545,0.03499999999999992,100,0.1984642865241808,1.0,False
BT-v2,HYB-s0-b100-a0.75,HYB-s4-b300-a0.50,0.58,0.61,-0.030000000000000027,100,0.36179731524894343,1.0,False
BT-v2,HYB-s0-b100-a0.75,HYB-s4-b300-a0.75,0.58,0.7375,-0.15750000000000008,100,7.937748979953798e-08,0.0002846476784211432,True
BT-v2,HYB-s0-b100-a0.75,RL-s0-b0-a1.00,0.58,0.4375,0.14249999999999996,100,3.7417231097813437e-05,0.11154076590258186,False
BT-v2,HYB-s0-b100-a0.75,RL-s0-b100-a1.00,0.58,0.45,0.12999999999999995,100,0.0005188666812411522,1.0,False
BT-v2,HYB-s0-b100-a0.75,RL-s0-b200-a1.00,0.58,0.6625,-0.08250000000000002,100,0.003206566915890822,1.0,False
BT-v2,HYB-s0-b100-a0.75,RL-s0-b300-a1.00,0.58,0.72,-0.14,100,7.468156217165444e-08,0.00026825617132058275,True
BT-v2,HYB-s0-b100-a0.75,RL-s1-b100-a1.00,0.58,0.5475,0.03249999999999997,100,0.19287235202223596,1.0,False
BT-v2,HYB-s0-b100-a0.75,RL-s1-b200-a1.00,0.58,0.725,-0.14500000000000002,100,1.4895833726744325e-06,0.00496031263100586,True
BT-v2,HYB-s0-b100-a0.75,RL-s1-b300-a1.00,0.58,0.78,-0.20000000000000007,100,2.0226361934291216e-09,7.819511523796984e-06,True
BT-v2,HYB-s0-b100-a0.75,RL-s2-b100-a1.00,0.58,0.6425,-0.0625,100,0.03273881794000199,1.0,False
BT-v2,HYB-s0-b100-a0.75,RL-s2-b200-a1.00,0.58,0.7175,-0.13750000000000007,100,8.36213089288656e-06,0.02644942001420019,True
BT-v2,HYB-s0-b100-a0.75,RL-s2-b300-a1.00,0.58,0.74,-0.16000000000000003,100,2.3935012669945274e-06,0.007857864659543034,True
BT-v2,HYB-s0-b100-a0.75,RL-s3-b100-a1.00,0.58,0.5025,0.07750000000000001,100,0.006460471272688917,1.0,False
BT-v2,HYB-s0-b100-a0.75,RL-s3-b200-a1.00,0.58,0.67,-0.09000000000000008,100,0.0019332707541556663,1.0,False
BT-v2,HYB-s0-b100-a0.75,RL-s3-b300-a1.00,0.58,0.7175,-0.13750000000000007,100,5.196094908133301e-06,0.016757406078729897,True
BT-v2,HYB-s0-b100-a0.75,RL-s4-b100-a1.00,0.58,0.5725,0.007499999999999951,100,0.9442181616849111,1.0,False
BT-v2,HYB-s0-b100-a0.75,RL-s4-b200-a1.00,0.58,0.6275,-0.04749999999999999,100,0.09867708839893768,1.0,False
BT-v2,HYB-s0-b100-a0.75,RL-s4-b300-a1.00,0.58,0.7475,-0.1675000000000001,100,2.1432711570397062e-07,0.0007503592320796011,True
BT-v2,HYB-s0-b200-a0.25,HYB-s0-b200-a0.50,0.51,0.55,-0.040000000000000036,100,0.06385730714050439,1.0,False
BT-v2,HYB-s0-b200-a0.25,HYB-s0-b200-a0.75,0.51,0.6425,-0.13249999999999995,100,8.308499523840533e-07,0.002822397288248629,True
BT-v2,HYB-s0-b200-a0.25,HYB-s0-b300-a0.25,0.51,0.53,-0.020000000000000018,100,0.26623664209414555,1.0,False
BT-v2,HYB-s0-b200-a0.25,HYB-s0-b300-a0.50,0.51,0.6,-0.08999999999999997,100,0.0006490391577493369,1.0,False
BT-v2,HYB-s0-b200-a0.25,HYB-s0-b300-a0.75,0.51,0.7025,-0.1925,100,1.0901856760653671e-08,4.086015913892996e-05,True
BT-v2,HYB-s0-b200-a0.25,HYB-s1-b100-a0.25,0.51,0.5225,-0.012499999999999956,100,0.8012161877770042,1.0,False
BT-v2,HYB-s0-b200-a0.25,HYB-s1-b100-a0.50,0.51,0.5525,-0.04249999999999998,100,0.056515449005440435,1.0,False
BT-v2,HYB-s0-b200-a0.25,HYB-s1-b100-a0.75,0.51,0.5875,-0.07750000000000001,100,0.01248462428058992,1.0,False
BT-v2,HYB-s0-b200-a0.25,HYB-s1-b200-a0.25,0.51,0.5175,-0.007499999999999951,100,0.6997316124895228,1.0,False
BT-v2,HYB-s0-b200-a0.25,HYB-s1-b200-a0.50,0.51,0.5975,-0.08750000000000002,100,0.0026284407668487075,1.0,False
BT-v2,HYB-s0-b200-a0.25,HYB-s1-b200-a0.75,0.51,0.6775,-0.16749999999999998,100,7.104367966606914e-07,0.0024225894766129576,True
BT-v2,HYB-s0-b200-a0.25,HYB-s1-b300-a0.25,0.51,0.555,-0.04500000000000004,100,0.10368422575785277,1.0,False
BT-v2,HYB-s0-b200-a0.25,HYB-s1-b300-a0.50,0.51,0.6325,-0.12249999999999994,100,0.00011019067950344682,0.3140434365848234,False
BT-v2,HYB-s0-b200-a0.25,HYB-s1-b300-a0.75,0.51,0.665,-0.15500000000000003,100,1.0791761504033385e-06,0.0036335860984080407,True
BT-v2,HYB-s0-b200-a0.25,HYB-s2-b100-a0.25,0.51,0.525,-0.015000000000000013,100,0.4226192114024452,1.0,False
BT-v2,HYB-s0-b200-a0.25,HYB-s2-b100-a0.50,0.51,0.5625,-0.05249999999999999,100,0.01846061986970792,1.0,False
BT-v2,HYB-s0-b200-a0.25,HYB-s2-b100-a0.75,0.51,0.67,-0.16000000000000003,100,1.931354550837912e-06,0.006385058145070137,True
BT-v2,HYB-s0-b200-a0.25,HYB-s2-b200-a0.25,0.51,0.545,-0.03500000000000003,100,0.15830330182776975,1.0,False
BT-v2,HYB-s0-b200-a0.25,HYB-s2-b200-a0.50,0.51,0.5675,-0.057499999999999996,100,0.012532673325486956,1.0,False
BT-v2,HYB-s0-b200-a0.25,HYB-s2-b200-a0.75,0.51,0.6825,-0.1725,100,3.3799080345766396e-08,0.00012356943774412195,True
BT-v2,HYB-s0-b200-a0.25,HYB-s2-b300-a0.25,0.51,0.55,-0.040000000000000036,100,0.057744645165807094,1.0,False
BT-v2,HYB-s0-b200-a0.25,HYB-s2-b300-a0.50,0.51,0.595,-0.08499999999999996,100,0.0005039118280500318,1.0,False
BT-v2,HYB-s0-b200-a0.25,HYB-s2-b300-a0.75,0.51,0.6725,-0.16249999999999998,100,4.78348322677756e-07,0.001645039881688803,True
BT-v2,HYB-s0-b200-a0.25,HYB-s3-b100-a0.25,0.51,0.5075,0.0025000000000000577,100,0.9620848178987803,1.0,False
BT-v2,HYB-s0-b200-a0.25,HYB-s3-b100-a0.50,0.51,0.4875,0.02250000000000002,100,0.313023000876406,1.0,False
BT-v2,HYB-s0-b200-a0.25,HYB-s3-b100-a0.75,0.51,0.5575,-0.04749999999999999,100,0.0981562030928134,1.0,False
BT-v2,HYB-s0-b200-a0.25,HYB-s3-b200-a0.25,0.51,0.4775,0.03250000000000003,100,0.18293644859016212,1.0,False
BT-v2,HYB-s0-b200-a0.25,HYB-s3-b200-a0.50,0.51,0.49,0.020000000000000018,100,0.41329836252958885,1.0,False
BT-v2,HYB-s0-b200-a0.25,HYB-s3-b200-a0.75,0.51,0.5475,-0.03749999999999998,100,0.12499819825927602,1.0,False
BT-v2,HYB-s0-b200-a0.25,HYB-s3-b300-a0.25,0.51,0.53,-0.020000000000000018,100,0.2598283072296925,1.0,False
BT-v2,HYB-s0-b200-a0.25,HYB-s3-b300-a0.50,0.51,0.5,0.010000000000000009,100,0.8947936760901548,1.0,False
BT-v2,HYB-s0-b200-a0.25,HYB-s3-b300-a0.75,0.51,0.635,-0.125,100,1.711662603623766e-05,0.05289037445197437,False
BT-v2,HYB-s0-b200-a0.25,HYB-s4-b100-a0.25,0.51,0.515,-0.0050000000000000044,100,0.7008665080320226,1.0,False
BT-v2,HYB-s0-b200-a0.25,HYB-s4-b100-a0.50,0.51,0.545,-0.03500000000000003,100,0.05724274837791666,1.0,False
BT-v2,HYB-s0-b200-a0.25,HYB-s4-b100-a0.75,0.51,0.5975,-0.08750000000000002,100,0.001109848617568957,1.0,False
BT-v2,HYB-s0-b200-a0.25,HYB-s4-b200-a0.25,0.51,0.525,-0.015000000000000013,100,0.4745230063458441,1.0,False
BT-v2,HYB-s0-b200-a0.25,HYB-s4-b200-a0.50,0.51,0.555,-0.04500000000000004,100,0.11264572811274572,1.0,False
BT-v2,HYB-s0-b200-a0.25,HYB-s4-b200-a0.75,0.51,0.675,-0.16500000000000004,100,6.949510966042289e-07,0.002371173141613629,True
BT-v2,HYB-s0-b200-a0.25,HYB-s4-b300-a0.25,0.51,0.545,-0.03500000000000003,100,0.11353214115981591,1.0,False
BT-v2,HYB-s0-b200-a0.25,HYB-s4-b300-a0.50,0.51,0.61,-0.09999999999999998,100,0.00011058225221990751,0.3150488365745165,False
BT-v2,HYB-s0-b200-a0.25,HYB-s4-b300-a0.75,0.51,0.7375,-0.22750000000000004,100,6.994327495325576e-11,2.815216816868544e-07,True
BT-v2,HYB-s0-b200-a0.25,RL-s0-b0-a1.00,0.51,0.4375,0.07250000000000001,100,0.010474715268632698,1.0,False
BT-v2,HYB-s0-b200-a0.25,RL-s0-b100-a1.00,0.51,0.45,0.06,100,0.10605011060802264,1.0,False
BT-v2,HYB-s0-b200-a0.25,RL-s0-b200-a1.00,0.51,0.6625,-0.15249999999999997,100,2.0361196039851924e-06,0.006719194693151135,True
BT-v2,HYB-s0-b200-a0.25,RL-s0-b300-a1.00,0.51,0.72,-0.20999999999999996,100,4.413072474806719e-10,1.744487549291096e-06,True
BT-v2,HYB-s0-b200-a0.25,RL-s1-b100-a1.00,0.51,0.5475,-0.03749999999999998,100,0.247982675470921,1.0,False
BT-v2,HYB-s0-b200-a0.25,RL-s1-b200-a1.00,0.51,0.725,-0.21499999999999997,100,8.563256277778238e-10,3.3525148327501803e-06,True
BT-v2,HYB-s0-b200-a0.25,RL-s1-b300-a1.00,0.51,0.78,-0.27,100,1.4616524807481416e-12,6.054164575258802e-09,True
BT-v2,HYB-s0-b200-a0.25,RL-s2-b100-a1.00,0.51,0.6425,-0.13249999999999995,100,6.2757142372679205e-06,0.020076009845020077,True
BT-v2,HYB-s0-b200-a0.25,RL-s2-b200-a1.00,0.51,0.7175,-0.20750000000000002,100,1.5868925224054917e-10,6.342809412054751e-07,True
BT-v2,HYB-s0-b200-a0.25,RL-s2-b300-a1.00,0.51,0.74,-0.22999999999999998,100,1.5991751953874217e-09,6.207998108493971e-06,True
BT-v2,HYB-s0-b200-a0.25,RL-s3-b100-a1.00,0.51,0.5025,0.007500000000000062,100,0.685753231263023,1.0,False
BT-v2,HYB-s0-b200-a0.25,RL-s3-b200-a1.00,0.51,0.67,-0.16000000000000003,100,2.1773396685928835e-06,0.007169979528676366,True
BT-v2,HYB-s0-b200-a0.25,RL-s3-b300-a1.00,0.51,0.7175,-0.20750000000000002,100,8.974977781227552e-09,3.3817716279665414e-05,True
BT-v2,HYB-s0-b200-a0.25,RL-s4-b100-a1.00,0.51,0.5725,-0.0625,100,0.015537296461666962,1.0,False
BT-v2,HYB-s0-b200-a0.25,RL-s4-b200-a1.00,0.51,0.6275,-0.11749999999999994,100,0.0009228230232027083,1.0,False
BT-v2,HYB-s0-b200-a0.25,RL-s4-b300-a1.00,0.51,0.7475,-0.23750000000000004,100,9.970327833600376e-11,4.000095526840471e-07,True
BT-v2,HYB-s0-b200-a0.50,HYB-s0-b200-a0.75,0.55,0.6425,-0.09249999999999992,100,8.407822368898227e-05,0.24248159711902487,False
BT-v2,HYB-s0-b200-a0.50,HYB-s0-b300-a0.25,0.55,0.53,0.020000000000000018,100,0.3930689732929207,1.0,False
BT-v2,HYB-s0-b200-a0.50,HYB-s0-b300-a0.50,0.55,0.6,-0.04999999999999993,100,0.021782692890768198,1.0,False
BT-v2,HYB-s0-b200-a0.50,HYB-s0-b300-a0.75,0.55,0.7025,-0.15249999999999997,100,3.1951255077048735e-08,0.00011700549609215247,True
BT-v2,HYB-s0-b200-a0.50,HYB-s1-b100-a0.25,0.55,0.5225,0.02750000000000008,100,0.2678552084908189,1.0,False
BT-v2,HYB-s0-b200-a0.50,HYB-s1-b100-a0.50,0.55,0.5525,-0.0024999999999999467,100,0.9004101723320908,1.0,False
BT-v2,HYB-s0-b200-a0.50,HYB-s1-b100-a0.75,0.55,0.5875,-0.03749999999999998,100,0.14030392712907278,1.0,False
BT-v2,HYB-s0-b200-a0.50,HYB-s1-b200-a0.25,0.55,0.5175,0.032500000000000084,100,0.1823502253312984,1.0,False
BT-v2,HYB-s0-b200-a0.50,HYB-s1-b200-a0.50,0.55,0.5975,-0.04749999999999999,100,0.1597799768763214,1.0,False
BT-v2,HYB-s0-b200-a0.50,HYB-s1-b200-a0.75,0.55,0.6775,-0.12749999999999995,100,2.973339429833846e-06,0.009710926577837342,True
BT-v2,HYB-s0-b200-a0.50,HYB-s1-b300-a0.25,0.55,0.555,-0.0050000000000000044,100,0.9985993515596474,1.0,False
BT-v2,HYB-s0-b200-a0.50,HYB-s1-b300-a0.50,0.55,0.6325,-0.0824999999999999,100,0.0023233374117866004,1.0,False
BT-v2,HYB-s0-b200-a0.50,HYB-s1-b300-a0.75,0.55,0.665,-0.11499999999999999,100,1.6551014589717805e-05,0.05122539015517661,False
BT-v2,HYB-s0-b200-a0.50,HYB-s2-b100-a0.25,0.55,0.525,0.025000000000000022,100,0.3923640833283194,1.0,False
BT-v2,HYB-s0-b200-a0.50,HYB-s2-b100-a0.50,0.55,0.5625,-0.012499999999999956,100,0.5069354499888277,1.0,False
BT-v2,HYB-s0-b200-a0.50,HYB-s2-b100-a0.75,0.55,0.67,-0.12,100,2.166716823054818e-05,0.06617278889938434,False
BT-v2,HYB-s0-b200-a0.50,HYB-s2-b200-a0.25,0.55,0.545,0.0050000000000000044,100,0.7922079046128658,1.0,False
BT-v2,HYB-s0-b200-a0.50,HYB-s2-b200-a0.50,0.55,0.5675,-0.01749999999999996,100,0.5154991375249969,1.0,False
BT-v2,HYB-s0-b200-a0.50,HYB-s2-b200-a0.75,0.55,0.6825,-0.13249999999999995,100,2.269648531128664e-06,0.007467143667413305,True
BT-v2,HYB-s0-b200-a0.50,HYB-s2-b300-a0.25,0.55,0.55,0.0,100,0.9281371172248077,1.0,False
BT-v2,HYB-s0-b200-a0.50,HYB-s2-b300-a0.50,0.55,0.595,-0.04499999999999993,100,0.022308182165625374,1.0,False
BT-v2,HYB-s0-b200-a0.50,HYB-s2-b300-a0.75,0.55,0.6725,-0.12249999999999994,100,5.85248927062328e-06,0.01876893309088886,True
BT-v2,HYB-s0-b200-a0.50,HYB-s3-b100-a0.25,0.55,0.5075,0.04250000000000009,100,0.14224723852566776,1.0,False
BT-v2,HYB-s0-b200-a0.50,HYB-s3-b100-a0.50,0.55,0.4875,0.06250000000000006,100,0.0029775087216061865,1.0,False
BT-v2,HYB-s0-b200-a0.50,HYB-s3-b100-a0.75,0.55,0.5575,-0.007499999999999951,100,0.7714282891175042,1.0,False
BT-v2,HYB-s0-b200-a0.50,HYB-s3-b200-a0.25,0.55,0.4775,0.07250000000000006,100,0.0014186721556299852,1.0,False
BT-v2,HYB-s0-b200-a0.50,HYB-s3-b200-a0.50,0.55,0.49,0.06000000000000005,100,0.019249895805074815,1.0,False
BT-v2,HYB-s0-b200-a0.50,HYB-s3-b200-a0.75,0.55,0.5475,0.0025000000000000577,100,0.8668423343399092,1.0,False
BT-v2,HYB-s0-b200-a0.50,HYB-s3-b300-a0.25,0.55,0.53,0.020000000000000018,100,0.4961712886929278,1.0,False
BT-v2,HYB-s0-b200-a0.50,HYB-s3-b300-a0.50,0.55,0.5,0.050000000000000044,100,0.0735516403712212,1.0,False
BT-v2,HYB-s0-b200-a0.50,HYB-s3-b300-a0.75,0.55,0.635,-0.08499999999999996,100,0.00069133146592848,1.0,False
BT-v2,HYB-s0-b200-a0.50,HYB-s4-b100-a0.25,0.55,0.515,0.03500000000000003,100,0.10571659658991946,1.0,False
BT-v2,HYB-s0-b200-a0.50,HYB-s4-b100-a0.50,0.55,0.545,0.0050000000000000044,100,0.8639756653575991,1.0,False
BT-v2,HYB-s0-b200-a0.50,HYB-s4-b100-a0.75,0.55,0.5975,-0.04749999999999999,100,0.03445098395801672,1.0,False
BT-v2,HYB-s0-b200-a0.50,HYB-s4-b200-a0.25,0.55,0.525,0.025000000000000022,100,0.39210094042530863,1.0,False
BT-v2,HYB-s0-b200-a0.50,HYB-s4-b200-a0.50,0.55,0.555,-0.0050000000000000044,100,0.7928655521587891,1.0,False
BT-v2,HYB-s0-b200-a0.50,HYB-s4-b200-a0.75,0.55,0.675,-0.125,100,1.8633874636813637e-05,0.05734705260787556,False
BT-v2,HYB-s0-b200-a0.50,HYB-s4-b300-a0.25,0.55,0.545,0.0050000000000000044,100,0.5831859289238485,1.0,False
BT-v2,HYB-s0-b200-a0.50,HYB-s4-b300-a0.50,0.55,0.61,-0.05999999999999994,100,0.019367182857551325,1.0,False
BT-v2,HYB-s0-b200-a0.50,HYB-s4-b300-a0.75,0.55,0.7375,-0.1875,100,9.48036032632749e-10,3.7058728515614162e-06,True
BT-v2,HYB-s0-b200-a0.50,RL-s0-b0-a1.00,0.55,0.4375,0.11250000000000004,100,3.5445003453377995e-05,0.10594511532214683,False
BT-v2,HYB-s0-b200-a0.50,RL-s0-b100-a1.00,0.55,0.45,0.10000000000000003,100,0.003526959319328957,1.0,False
BT-v2,HYB-s0-b200-a0.50,RL-s0-b200-a1.00,0.55,0.6625,-0.11249999999999993,100,1.2563557666394039e-05,0.039223427034482186,True
BT-v2,HYB-s0-b200-a0.50,RL-s0-b300-a1.00,0.55,0.72,-0.16999999999999993,100,4.4924982613707976e-09,1.711641837582274e-05,True
BT-v2,HYB-s0-b200-a0.50,RL-s1-b100-a1.00,0.55,0.5475,0.0025000000000000577,100,0.7932168151864746,1.0,False
BT-v2,HYB-s0-b200-a0.50,RL-s1-b200-a1.00,0.55,0.725,-0.17499999999999993,100,2.162497887687756e-08,7.97961720556782e-05,True
BT-v2,HYB-s0-b200-a0.50,RL-s1-b300-a1.00,0.55,0.78,-0.22999999999999998,100,1.2194617903211247e-12,5.057108044461704e-09,True
BT-v2,HYB-s0-b200-a0.50,RL-s2-b100-a1.00,0.55,0.6425,-0.09249999999999992,100,0.001340647507114815,1.0,False
BT-v2,HYB-s0-b200-a0.50,RL-s2-b200-a1.00,0.55,0.7175,-0.16749999999999998,100,4.802098175242884e-09,1.8257577262273445e-05,True
BT-v2,HYB-s0-b200-a0.50,RL-s2-b300-a1.00,0.55,0.74,-0.18999999999999995,100,4.1963227187657985e-08,0.00015278811019026273,True
BT-v2,HYB-s0-b200-a0.50,RL-s3-b100-a1.00,0.55,0.5025,0.0475000000000001,100,0.019777814939687603,1.0,False
BT-v2,HYB-s0-b200-a0.50,RL-s3-b200-a1.00,0.55,0.67,-0.12,100,4.006380108502598e-05,0.11914974442686725,False
BT-v2,HYB-s0-b200-a0.50,RL-s3-b300-a1.00,0.55,0.7175,-0.16749999999999998,100,8.369206741916819e-08,0.00029953390929320296,True
BT-v2,HYB-s0-b200-a0.50,RL-s4-b100-a1.00,0.55,0.5725,-0.022499999999999964,100,0.23376879452078392,1.0,False
BT-v2,HYB-s0-b200-a0.50,RL-s4-b200-a1.00,0.55,0.6275,-0.0774999999999999,100,0.011026630950746501,1.0,False
BT-v2,HYB-s0-b200-a0.50,RL-s4-b300-a1.00,0.55,0.7475,-0.1975,100,2.056739764048487e-09,7.945185708519305e-06,True
BT-v2,HYB-s0-b200-a0.75,HYB-s0-b300-a0.25,0.6425,0.53,0.11249999999999993,100,4.0359554824509806e-05,0.11990823738361864,False
BT-v2,HYB-s0-b200-a0.75,HYB-s0-b300-a0.50,0.6425,0.6,0.04249999999999998,100,0.1159004676221716,1.0,False
BT-v2,HYB-s0-b200-a0.75,HYB-s0-b300-a0.75,0.6425,0.7025,-0.06000000000000005,100,0.009313250592246154,1.0,False
BT-v2,HYB-s0-b200-a0.75,HYB-s1-b100-a0.25,0.6425,0.5225,0.12,100,3.413481231974929e-05,0.10216549327300962,False
BT-v2,HYB-s0-b200-a0.75,HYB-s1-b100-a0.50,0.6425,0.5525,0.08999999999999997,100,0.00044096092146409584,1.0,False
BT-v2,HYB-s0-b200-a0.75,HYB-s1-b100-a0.75,0.6425,0.5875,0.05499999999999994,100,0.05977725360014181,1.0,False
BT-v2,HYB-s0-b200-a0.75,HYB-s1-b200-a0.25,0.6425,0.5175,0.125,100,0.00015682404168716773,0.4380095484322595,False
BT-v2,HYB-s0-b200-a0.75,HYB-s1-b200-a0.50,0.6425,0.5975,0.04499999999999993,100,0.14585010671519144,1.0,False
BT-v2,HYB-s0-b200-a0.75,HYB-s1-b200-a0.75,0.6425,0.6775,-0.03500000000000003,100,0.17087738873104474,1.0,False
BT-v2,HYB-s0-b200-a0.75,HYB-s1-b300-a0.25,0.6425,0.555,0.08749999999999991,100,0.001635165303818725,1.0,False
BT-v2,HYB-s0-b200-a0.75,HYB-s1-b300-a0.50,0.6425,0.6325,0.010000000000000009,100,0.7950179761151535,1.0,False
BT-v2,HYB-s0-b200-a0.75,HYB-s1-b300-a0.75,0.6425,0.665,-0.022500000000000075,100,0.275855328124209,1.0,False
BT-v2,HYB-s0-b200-a0.75,HYB-s2-b100-a0.25,0.6425,0.525,0.11749999999999994,100,2.675590237302212e-05,0.08093660467839191,False
BT-v2,HYB-s0-b200-a0.75,HYB-s2-b100-a0.50,0.6425,0.5625,0.07999999999999996,100,0.0008903945871926729,1.0,False
BT-v2,HYB-s0-b200-a0.75,HYB-s2-b100-a0.75,0.6425,0.67,-0.02750000000000008,100,0.30980458520891285,1.0,False
BT-v2,HYB-s0-b200-a0.75,HYB-s2-b200-a0.25,0.6425,0.545,0.09749999999999992,100,0.00033580636786739927,0.8996252595167626,False
BT-v2,HYB-s0-b200-a0.75,HYB-s2-b200-a0.50,0.6425,0.5675,0.07499999999999996,100,0.006514663142972741,1.0,False
BT-v2,HYB-s0-b200-a0.75,HYB-s2-b200-a0.75,0.6425,0.6825,-0.040000000000000036,100,0.0707236685235024,1.0,False
BT-v2,HYB-s0-b200-a0.75,HYB-s2-b300-a0.25,0.6425,0.55,0.09249999999999992,100,0.00021010916002167277,0.5780102992196218,False
BT-v2,HYB-s0-b200-a0.75,HYB-s2-b300-a0.50,0.6425,0.595,0.04749999999999999,100,0.0967943416702037,1.0,False
BT-v2,HYB-s0-b200-a0.75,HYB-s2-b300-a0.75,0.6425,0.6725,-0.030000000000000027,100,0.17489266635727452,1.0,False
BT-v2,HYB-s0-b200-a0.75,HYB-s3-b100-a0.25,0.6425,0.5075,0.135,100,6.9396076426152e-06,0.022095710734086796,True
BT-v2,HYB-s0-b200-a0.75,HYB-s3-b100-a0.50,0.6425,0.4875,0.15499999999999997,100,7.973389631777155e-09,3.0067652301431652e-05,True
BT-v2,HYB-s0-b200-a0.75,HYB-s3-b100-a0.75,0.6425,0.5575,0.08499999999999996,100,0.0046823377472540425,1.0,False
BT-v2,HYB-s0-b200-a0.75,HYB-s3-b200-a0.25,0.6425,0.4775,0.16499999999999998,100,1.743792223691063e-08,6.469469149893843e-05,True
BT-v2,HYB-s0-b200-a0.75,HYB-s3-b200-a0.50,0.6425,0.49,0.15249999999999997,100,8.600321559756856e-07,0.002918089105225501,True
BT-v2,HYB-s0-b200-a0.75,HYB-s3-b200-a0.75,0.6425,0.5475,0.09499999999999997,100,0.000883351649611758,1.0,False
BT-v2,HYB-s0-b200-a0.75,HYB-s3-b300-a0.25,0.6425,0.53,0.11249999999999993,100,6.532704241081731e-05,0.19042832862753245,False
BT-v2,HYB-s0-b200-a0.75,HYB-s3-b300-a0.50,0.6425,0.5,0.14249999999999996,100,2.5228639396646364e-06,0.008272470858160344,True
BT-v2,HYB-s0-b200-a0.75,HYB-s3-b300-a0.75,0.6425,0.635,0.007499999999999951,100,0.6948341220229657,1.0,False
BT-v2,HYB-s0-b200-a0.75,HYB-s4-b100-a0.25,0.6425,0.515,0.12749999999999995,100,1.1324174819594013e-06,0.003807187574347507,True
BT-v2,HYB-s0-b200-a0.75,HYB-s4-b100-a0.50,0.6425,0.545,0.09749999999999992,100,0.0005408579495942734,1.0,False
BT-v2,HYB-s0-b200-a0.75,HYB-s4-b100-a0.75,0.6425,0.5975,0.04499999999999993,100,0.08355993367562918,1.0,False
BT-v2,HYB-s0-b200-a0.75,HYB-s4-b200-a0.25,0.6425,0.525,0.11749999999999994,100,0.00012226737980973522,0.3462612196211701,False
BT-v2,HYB-s0-b200-a0.75,HYB-s4-b200-a0.50,0.6425,0.555,0.08749999999999991,100,0.0008591099968731292,1.0,False
BT-v2,HYB-s0-b200-a0.75,HYB-s4-b200-a0.75,0.6425,0.675,-0.032500000000000084,100,0.24947834813996894,1.0,False
BT-v2,HYB-s0-b200-a0.75,HYB-s4-b300-a0.25,0.6425,0.545,0.09749999999999992,100,4.246273749787158e-05,0.12581709120619347,False
BT-v2,HYB-s0-b200-a0.75,HYB-s4-b300-a0.50,0.6425,0.61,0.03249999999999997,100,0.23732092045174868,1.0,False
BT-v2,HYB-s0-b200-a0.75,HYB-s4-b300-a0.75,0.6425,0.7375,-0.09500000000000008,100,9.368423663679832e-05,0.268967443384248,False
BT-v2,HYB-s0-b200-a0.75,RL-s0-b0-a1.00,0.6425,0.4375,0.20499999999999996,100,2.255629408467058e-09,8.697706999048976e-06,True
BT-v2,HYB-s0-b200-a0.75,RL-s0-b100-a1.00,0.6425,0.45,0.19249999999999995,100,6.6007298198995e-07,0.002256129452441649,True
BT-v2,HYB-s0-b200-a0.75,RL-s0-b200-a1.00,0.6425,0.6625,-0.020000000000000018,100,0.36607059610253645,1.0,False
BT-v2,HYB-s0-b200-a0.75,RL-s0-b300-a1.00,0.6425,0.72,-0.07750000000000001,100,0.0004978080528221868,1.0,False
BT-v2,HYB-s0-b200-a0.75,RL-s1-b100-a1.00,0.6425,0.5475,0.09499999999999997,100,0.00019597310405235034,0.5416696596006964,False
BT-v2,HYB-s0-b200-a0.75,RL-s1-b200-a1.00,0.6425,0.725,-0.08250000000000002,100,0.0015014992385893452,1.0,False
BT-v2,HYB-s0-b200-a0.75,RL-s1-b300-a1.00,0.6425,0.78,-0.13750000000000007,100,4.878536675029445e-07,0.0016767530552076204,True
BT-v2,HYB-s0-b200-a0.75,RL-s2-b100-a1.00,0.6425,0.6425,0.0,100,0.9425432874545657,1.0,False
BT-v2,HYB-s0-b200-a0.75,RL-s2-b200-a1.00,0.6425,0.7175,-0.07500000000000007,100,0.0033298815678708083,1.0,False
BT-v2,HYB-s0-b200-a0.75,RL-s2-b300-a1.00,0.6425,0.74,-0.09750000000000003,100,0.0006853604232859303,1.0,False
BT-v2,HYB-s0-b200-a0.75,RL-s3-b100-a1.00,0.6425,0.5025,0.14,100,3.337222727335359e-07,0.0011590174532035702,True
BT-v2,HYB-s0-b200-a0.75,RL-s3-b200-a1.00,0.6425,0.67,-0.02750000000000008,100,0.18173457609553378,1.0,False
BT-v2,HYB-s0-b200-a0.75,RL-s3-b300-a1.00,0.6425,0.7175,-0.07500000000000007,100,0.0009993515180730962,1.0,False
BT-v2,HYB-s0-b200-a0.75,RL-s4-b100-a1.00,0.6425,0.5725,0.06999999999999995,100,0.013748898885131559,1.0,False
BT-v2,HYB-s0-b200-a0.75,RL-s4-b200-a1.00,0.6425,0.6275,0.015000000000000013,100,0.7529790477354092,1.0,False
BT-v2,HYB-s0-b200-a0.75,RL-s4-b300-a1.00,0.6425,0.7475,-0.1050000000000001,100,0.0002279465413425594,0.6227499509478723,False
BT-v2,HYB-s0-b300-a0.25,HYB-s0-b300-a0.50,0.53,0.6,-0.06999999999999995,100,0.005162871222165962,1.0,False
BT-v2,HYB-s0-b300-a0.25,HYB-s0-b300-a0.75,0.53,0.7025,-0.1725,100,5.18810793505878e-08,0.00018786138832847842,True
BT-v2,HYB-s0-b300-a0.25,HYB-s1-b100-a0.25,0.53,0.5225,0.007500000000000062,100,0.496995158159254,1.0,False
BT-v2,HYB-s0-b300-a0.25,HYB-s1-b100-a0.50,0.53,0.5525,-0.022499999999999964,100,0.26056308405584283,1.0,False
BT-v2,HYB-s0-b300-a0.25,HYB-s1-b100-a0.75,0.53,0.5875,-0.057499999999999996,100,0.015839308149429535,1.0,False
BT-v2,HYB-s0-b300-a0.25,HYB-s1-b200-a0.25,0.53,0.5175,0.012500000000000067,100,0.6082066335804275,1.0,False
BT-v2,HYB-s0-b300-a0.25,HYB-s1-b200-a0.50,0.53,0.5975,-0.0675,100,0.025350282347116164,1.0,False
BT-v2,HYB-s0-b300-a0.25,HYB-s1-b200-a0.75,0.53,0.6775,-0.14749999999999996,100,4.037620257746207e-07,0.0013958053231028637,True
BT-v2,HYB-s0-b300-a0.25,HYB-s1-b300-a0.25,0.53,0.555,-0.025000000000000022,100,0.5728278683571026,1.0,False
BT-v2,HYB-s0-b300-a0.25,HYB-s1-b300-a0.50,0.53,0.6325,-0.10249999999999992,100,0.00047030377283991195,1.0,False
BT-v2,HYB-s0-b300-a0.25,HYB-s1-b300-a0.75,0.53,0.665,-0.135,100,4.971582260818314e-06,0.016048267537921518,True
BT-v2,HYB-s0-b300-a0.25,HYB-s2-b100-a0.25,0.53,0.525,0.0050000000000000044,100,0.6315821824358863,1.0,False
BT-v2,HYB-s0-b300-a0.25,HYB-s2-b100-a0.50,0.53,0.5625,-0.03249999999999997,100,0.18141005304693336,1.0,False
BT-v2,HYB-s0-b300-a0.25,HYB-s2-b100-a0.75,0.53,0.67,-0.14,100,3.956556081342258e-07,0.0013681770929281527,True
BT-v2,HYB-s0-b300-a0.25,HYB-s2-b200-a0.25,0.53,0.545,-0.015000000000000013,100,0.5453305433788657,1.0,False
BT-v2,HYB-s0-b300-a0.25,HYB-s2-b200-a0.50,0.53,0.5675,-0.03749999999999998,100,0.1416337712803711,1.0,False
BT-v2,HYB-s0-b300-a0.25,HYB-s2-b200-a0.75,0.53,0.6825,-0.15249999999999997,100,3.0739952969943576e-07,0.001069442963824337,True
BT-v2,HYB-s0-b300-a0.25,HYB-s2-b300-a0.25,0.53,0.55,-0.020000000000000018,100,0.5564210450852343,1.0,False
BT-v2,HYB-s0-b300-a0.25,HYB-s2-b300-a0.50,0.53,0.595,-0.06499999999999995,100,0.0036962478749059495,1.0,False
BT-v2,HYB-s0-b300-a0.25,HYB-s2-b300-a0.75,0.53,0.6725,-0.14249999999999996,100,4.929916811097015e-07,0.001693426424611825,True
BT-v2,HYB-s0-b300-a0.25,HYB-s3-b100-a0.25,0.53,0.5075,0.022500000000000075,100,0.3166512480499807,1.0,False
BT-v2,HYB-s0-b300-a0.25,HYB-s3-b100-a0.50,0.53,0.4875,0.04250000000000004,100,0.11093205159281573,1.0,False
BT-v2,HYB-s0-b300-a0.25,HYB-s3-b100-a0.75,0.53,0.5575,-0.02749999999999997,100,0.28721940477404007,1.0,False
BT-v2,HYB-s0-b300-a0.25,HYB-s3-b200-a0.25,0.53,0.4775,0.05250000000000005,100,0.013163331992687535,1.0,False
BT-v2,HYB-s0-b300-a0.25,HYB-s3-b200-a0.50,0.53,0.49,0.040000000000000036,100,0.08348024063848682,1.0,False
BT-v2,HYB-s0-b300-a0.25,HYB-s3-b200-a0.75,0.53,0.5475,-0.01749999999999996,100,0.4052557055483966,1.0,False
BT-v2,HYB-s0-b300-a0.25,HYB-s3-b300-a0.25,0.53,0.53,0.0,100,0.9517521574843194,1.0,False
BT-v2,HYB-s0-b300-a0.25,HYB-s3-b300-a0.50,0.53,0.5,0.030000000000000027,100,0.25481681820538316,1.0,False
BT-v2,HYB-s0-b300-a0.25,HYB-s3-b300-a0.75,0.53,0.635,-0.10499999999999998,100,0.00021050528652231785,0.5786790326498518,False
BT-v2,HYB-s0-b300-a0.25,HYB-s4-b100-a0.25,0.53,0.515,0.015000000000000013,100,0.47396993860574077,1.0,False
BT-v2,HYB-s0-b300-a0.25,HYB-s4-b100-a0.50,0.53,0.545,-0.015000000000000013,100,0.5036889686699316,1.0,False
BT-v2,HYB-s0-b300-a0.25,HYB-s4-b100-a0.75,0.53,0.5975,-0.0675,100,0.006212523421024532,1.0,False
BT-v2,HYB-s0-b300-a0.25,HYB-s4-b200-a0.25,0.53,0.525,0.0050000000000000044,100,0.718641249294212,1.0,False
BT-v2,HYB-s0-b300-a0.25,HYB-s4-b200-a0.50,0.53,0.555,-0.025000000000000022,100,0.3713491094761925,1.0,False
BT-v2,HYB-s0-b300-a0.25,HYB-s4-b200-a0.75,0.53,0.675,-0.14500000000000002,100,1.7444053187100698e-06,0.005780959226205171,True
BT-v2,HYB-s0-b300-a0.25,HYB-s4-b300-a0.25,0.53,0.545,-0.015000000000000013,100,0.40891332260269075,1.0,False
BT-v2,HYB-s0-b300-a0.25,HYB-s4-b300-a0.50,0.53,0.61,-0.07999999999999996,100,0.0008055212108642851,1.0,False
BT-v2,HYB-s0-b300-a0.25,HYB-s4-b300-a0.75,0.53,0.7375,-0.20750000000000002,100,2.503692242467439e-12,1.0340248961390525e-08,True
BT-v2,HYB-s0-b300-a0.25,RL-s0-b0-a1.00,0.53,0.4375,0.09250000000000003,100,0.0027520097706482155,1.0,False
BT-v2,HYB-s0-b300-a0.25,RL-s0-b100-a1.00,0.53,0.45,0.08000000000000002,100,0.008393490912630466,1.0,False
BT-v2,HYB-s0-b300-a0.25,RL-s0-b200-a1.00,0.53,0.6625,-0.13249999999999995,100,6.450843408166741e-06,0.020610444689092736,True
BT-v2,HYB-s0-b300-a0.25,RL-s0-b300-a1.00,0.53,0.72,-0.18999999999999995,100,4.062808157891802e-10,1.6080594688935753e-06,True
BT-v2,HYB-s0-b300-a0.25,RL-s1-b100-a1.00,0.53,0.5475,-0.01749999999999996,100,0.5866714751715851,1.0,False
BT-v2,HYB-s0-b300-a0.25,RL-s1-b200-a1.00,0.53,0.725,-0.19499999999999995,100,3.5335069938732324e-09,1.3529798279540607e-05,True
BT-v2,HYB-s0-b300-a0.25,RL-s1-b300-a1.00,0.53,0.78,-0.25,100,3.6835173678088743e-14,1.5492874049004126e-10,True
BT-v2,HYB-s0-b300-a0.25,RL-s2-b100-a1.00,0.53,0.6425,-0.11249999999999993,100,0.00013535895937949146,0.3810354706532685,False
BT-v2,HYB-s0-b300-a0.25,RL-s2-b200-a1.00,0.53,0.7175,-0.1875,100,2.054177288299441e-09,7.93734104198904e-06,True
BT-v2,HYB-s0-b300-a0.25,RL-s2-b300-a1.00,0.53,0.74,-0.20999999999999996,100,1.0717933581340951e-09,4.182137683439239e-06,True
BT-v2,HYB-s0-b300-a0.25,RL-s3-b100-a1.00,0.53,0.5025,0.02750000000000008,100,0.2757674404752778,1.0,False
BT-v2,HYB-s0-b300-a0.25,RL-s3-b200-a1.00,0.53,0.67,-0.14,100,3.6553377332613994e-06,0.01188715830856607,True
BT-v2,HYB-s0-b300-a0.25,RL-s3-b300-a1.00,0.53,0.7175,-0.1875,100,2.3920427195589594e-09,9.21893264118023e-06,True
BT-v2,HYB-s0-b300-a0.25,RL-s4-b100-a1.00,0.53,0.5725,-0.04249999999999998,100,0.06920785812581676,1.0,False
BT-v2,HYB-s0-b300-a0.25,RL-s4-b200-a1.00,0.53,0.6275,-0.09749999999999992,100,0.001711149978455781,1.0,False
BT-v2,HYB-s0-b300-a0.25,RL-s4-b300-a1.00,0.53,0.7475,-0.21750000000000003,100,5.335388300742132e-10,2.1021429904923998e-06,True
BT-v2,HYB-s0-b300-a0.50,HYB-s0-b300-a0.75,0.6,0.7025,-0.10250000000000004,100,4.3220469609426354e-05,0.127932590043902,False
BT-v2,HYB-s0-b300-a0.50,HYB-s1-b100-a0.25,0.6,0.5225,0.07750000000000001,100,0.0032045190646487385,1.0,False
BT-v2,HYB-s0-b300-a0.50,HYB-s1-b100-a0.50,0.6,0.5525,0.04749999999999999,100,0.09305606421834818,1.0,False
BT-v2,HYB-s0-b300-a0.50,HYB-s1-b100-a0.75,0.6,0.5875,0.012499999999999956,100,0.6474573171869543,1.0,False
BT-v2,HYB-s0-b300-a0.50,HYB-s1-b200-a0.25,0.6,0.5175,0.08250000000000002,100,0.004849074505689006,1.0,False
BT-v2,HYB-s0-b300-a0.50,HYB-s1-b200-a0.50,0.6,0.5975,0.0024999999999999467,100,0.6832281668654856,1.0,False
BT-v2,HYB-s0-b300-a0.50,HYB-s1-b200-a0.75,0.6,0.6775,-0.07750000000000001,100,0.0016272282376776374,1.0,False
BT-v2,HYB-s0-b300-a0.50,HYB-s1-b300-a0.25,0.6,0.555,0.04499999999999993,100,0.09205201499930958,1.0,False
BT-v2,HYB-s0-b300-a0.50,HYB-s1-b300-a0.50,0.6,0.6325,-0.03249999999999997,100,0.23869925631814715,1.0,False
BT-v2,HYB-s0-b300-a0.50,HYB-s1-b300-a0.75,0.6,0.665,-0.06500000000000006,100,0.005281554837475717,1.0,False
BT-v2,HYB-s0-b300-a0.50,HYB-s2-b100-a0.25,0.6,0.525,0.07499999999999996,100,0.003335077037943979,1.0,False
BT-v2,HYB-s0-b300-a0.50,HYB-s2-b100-a0.50,0.6,0.5625,0.03749999999999998,100,0.048106942554793475,1.0,False
BT-v2,HYB-s0-b300-a0.50,HYB-s2-b100-a0.75,0.6,0.67,-0.07000000000000006,100,0.010270820904403061,1.0,False
BT-v2,HYB-s0-b300-a0.50,HYB-s2-b200-a0.25,0.6,0.545,0.05499999999999994,100,0.03773619519802318,1.0,False
BT-v2,HYB-s0-b300-a0.50,HYB-s2-b200-a0.50,0.6,0.5675,0.03249999999999997,100,0.14252111627144531,1.0,False
BT-v2,HYB-s0-b300-a0.50,HYB-s2-b200-a0.75,0.6,0.6825,-0.08250000000000002,100,0.002907498160323547,1.0,False
BT-v2,HYB-s0-b300-a0.50,HYB-s2-b300-a0.25,0.6,0.55,0.04999999999999993,100,0.030505610615639098,1.0,False
BT-v2,HYB-s0-b300-a0.50,HYB-s2-b300-a0.50,0.6,0.595,0.0050000000000000044,100,0.862553797962829,1.0,False
BT-v2,HYB-s0-b300-a0.50,HYB-s2-b300-a0.75,0.6,0.6725,-0.07250000000000001,100,0.000801345414399479,1.0,False
BT-v2,HYB-s0-b300-a0.50,HYB-s3-b100-a0.25,0.6,0.5075,0.09250000000000003,100,0.0031643048750770865,1.0,False
BT-v2,HYB-s0-b300-a0.50,HYB-s3-b100-a0.50,0.6,0.4875,0.11249999999999999,100,1.48350432178357e-06,0.004941552895861072,True
BT-v2,HYB-s0-b300-a0.50,HYB-s3-b100-a0.75,0.6,0.5575,0.04249999999999998,100,0.05392390821560803,1.0,False
BT-v2,HYB-s0-b300-a0.50,HYB-s3-b200-a0.25,0.6,0.4775,0.1225,100,1.0678949886263444e-05,0.03348918684332216,True
BT-v2,HYB-s0-b300-a0.50,HYB-s3-b200-a0.50,0.6,0.49,0.10999999999999999,100,1.237747547789732e-05,0.03865485591747333,True
BT-v2,HYB-s0-b300-a0.50,HYB-s3-b200-a0.75,0.6,0.5475,0.05249999999999999,100,0.05407535239106261,1.0,False
BT-v2,HYB-s0-b300-a0.50,HYB-s3-b300-a0.25,0.6,0.53,0.06999999999999995,100,0.00458340004435886,1.0,False
BT-v2,HYB-s0-b300-a0.50,HYB-s3-b300-a0.50,0.6,0.5,0.09999999999999998,100,0.0005409417710851448,1.0,False
BT-v2,HYB-s0-b300-a0.50,HYB-s3-b300-a0.75,0.6,0.635,-0.03500000000000003,100,0.14414535039686135,1.0,False
BT-v2,HYB-s0-b300-a0.50,HYB-s4-b100-a0.25,0.6,0.515,0.08499999999999996,100,0.0007155512986347267,1.0,False
BT-v2,HYB-s0-b300-a0.50,HYB-s4-b100-a0.50,0.6,0.545,0.05499999999999994,100,0.03113056833304139,1.0,False
BT-v2,HYB-s0-b300-a0.50,HYB-s4-b100-a0.75,0.6,0.5975,0.0024999999999999467,100,0.9004765101652394,1.0,False
BT-v2,HYB-s0-b300-a0.50,HYB-s4-b200-a0.25,0.6,0.525,0.07499999999999996,100,0.019220863278522685,1.0,False
BT-v2,HYB-s0-b300-a0.50,HYB-s4-b200-a0.50,0.6,0.555,0.04499999999999993,100,0.11067161528958763,1.0,False
BT-v2,HYB-s0-b300-a0.50,HYB-s4-b200-a0.75,0.6,0.675,-0.07500000000000007,100,0.007829107298524474,1.0,False
BT-v2,HYB-s0-b300-a0.50,HYB-s4-b300-a0.25,0.6,0.545,0.05499999999999994,100,0.023879230969614616,1.0,False
BT-v2,HYB-s0-b300-a0.50,HYB-s4-b300-a0.50,0.6,0.61,-0.010000000000000009,100,0.807500854626484,1.0,False
BT-v2,HYB-s0-b300-a0.50,HYB-s4-b300-a0.75,0.6,0.7375,-0.13750000000000007,100,7.632109989453089e-08,0.0002739927486213659,True
BT-v2,HYB-s0-b300-a0.50,RL-s0-b0-a1.00,0.6,0.4375,0.16249999999999998,100,2.7315886405285846e-07,0.0009527781178163703,True
BT-v2,HYB-s0-b300-a0.50,RL-s0-b100-a1.00,0.6,0.45,0.14999999999999997,100,2.6307734560090106e-05,0.07965982024795284,False
BT-v2,HYB-s0-b300-a0.50,RL-s0-b200-a1.00,0.6,0.6625,-0.0625,100,0.02056910914095349,1.0,False
BT-v2,HYB-s0-b300-a0.50,RL-s0-b300-a1.00,0.6,0.72,-0.12,100,5.9518797727073475e-06,0.019069822791754343,True
BT-v2,HYB-s0-b300-a0.50,RL-s1-b100-a1.00,0.6,0.5475,0.05249999999999999,100,0.010104371929936712,1.0,False
BT-v2,HYB-s0-b300-a0.50,RL-s1-b200-a1.00,0.6,0.725,-0.125,100,7.687120315401679e-06,0.024391232760769526,True
BT-v2,HYB-s0-b300-a0.50,RL-s1-b300-a1.00,0.6,0.78,-0.18000000000000005,100,3.603995941669742e-10,1.4289843908720527e-06,True
BT-v2,HYB-s0-b300-a0.50,RL-s2-b100-a1.00,0.6,0.6425,-0.04249999999999998,100,0.06256862793116784,1.0,False
BT-v2,HYB-s0-b300-a0.50,RL-s2-b200-a1.00,0.6,0.7175,-0.11750000000000005,100,6.852209128290035e-06,0.021824286073603764,True
BT-v2,HYB-s0-b300-a0.50,RL-s2-b300-a1.00,0.6,0.74,-0.14,100,1.7019661060004748e-05,0.05260777233647468,False
BT-v2,HYB-s0-b300-a0.50,RL-s3-b100-a1.00,0.6,0.5025,0.09750000000000003,100,5.643013744096723e-06,0.01814793220101506,True
BT-v2,HYB-s0-b300-a0.50,RL-s3-b200-a1.00,0.6,0.67,-0.07000000000000006,100,0.005880618602390981,1.0,False
BT-v2,HYB-s0-b300-a0.50,RL-s3-b300-a1.00,0.6,0.7175,-0.11750000000000005,100,1.9764316403060777e-05,0.060676451357396584,False
BT-v2,HYB-s0-b300-a0.50,RL-s4-b100-a1.00,0.6,0.5725,0.02749999999999997,100,0.4170384696660919,1.0,False
BT-v2,HYB-s0-b300-a0.50,RL-s4-b200-a1.00,0.6,0.6275,-0.02749999999999997,100,0.2696788730196199,1.0,False
BT-v2,HYB-s0-b300-a0.50,RL-s4-b300-a1.00,0.6,0.7475,-0.14750000000000008,100,1.647666139992363e-06,0.005471899250914638,True
BT-v2,HYB-s0-b300-a0.75,HYB-s1-b100-a0.25,0.7025,0.5225,0.18000000000000005,100,2.1609108776952068e-08,7.975922049573008e-05,True
BT-v2,HYB-s0-b300-a0.75,HYB-s1-b100-a0.50,0.7025,0.5525,0.15000000000000002,100,1.1185239788808507e-07,0.0003976352744921424,True
BT-v2,HYB-s0-b300-a0.75,HYB-s1-b100-a0.75,0.7025,0.5875,0.11499999999999999,100,1.5025562934688079e-05,0.046654372912206483,True
BT-v2,HYB-s0-b300-a0.75,HYB-s1-b200-a0.25,0.7025,0.5175,0.18500000000000005,100,1.8004700220384026e-07,0.0006337654477575177,True
BT-v2,HYB-s0-b300-a0.75,HYB-s1-b200-a0.50,0.7025,0.5975,0.10499999999999998,100,0.00020224577873614982,0.5575916119755651,False
BT-v2,HYB-s0-b300-a0.75,HYB-s1-b200-a0.75,0.7025,0.6775,0.025000000000000022,100,0.40300182159849884,1.0,False
BT-v2,HYB-s0-b300-a0.75,HYB-s1-b300-a0.25,0.7025,0.555,0.14749999999999996,100,9.59925183555178e-07,0.0032474268959671675,True
BT-v2,HYB-s0-b300-a0.75,HYB-s1-b300-a0.50,0.7025,0.6325,0.07000000000000006,100,0.006435344277145543,1.0,False
BT-v2,HYB-s0-b300-a0.75,HYB-s1-b300-a0.75,0.7025,0.665,0.03749999999999998,100,0.26067639455350466,1.0,False
BT-v2,HYB-s0-b300-a0.75,HYB-s2-b100-a0.25,0.7025,0.525,0.1775,100,4.378626592248849e-09,1.6704460449429356e-05,True
BT-v2,HYB-s0-b300-a0.75,HYB-s2-b100-a0.50,0.7025,0.5625,0.14,100,1.5476507558370939e-07,0.0005460111866593267,True
BT-v2,HYB-s0-b300-a0.75,HYB-s2-b100-a0.75,0.7025,0.67,0.03249999999999997,100,0.11449394703495408,1.0,False
BT-v2,HYB-s0-b300-a0.75,HYB-s2-b200-a0.25,0.7025,0.545,0.15749999999999997,100,1.4051219396730606e-06,0.004688891912689003,True
BT-v2,HYB-s0-b300-a0.75,HYB-s2-b200-a0.50,0.7025,0.5675,0.135,100,1.0262854167058066e-06,0.0034606344251319797,True
BT-v2,HYB-s0-b300-a0.75,HYB-s2-b200-a0.75,0.7025,0.6825,0.020000000000000018,100,0.3974445990561447,1.0,False
BT-v2,HYB-s0-b300-a0.75,HYB-s2-b300-a0.25,0.7025,0.55,0.15249999999999997,100,1.5798456564543387e-07,0.0005570535784657998,True
BT-v2,HYB-s0-b300-a0.75,HYB-s2-b300-a0.50,0.7025,0.595,0.10750000000000004,100,9.375510848097431e-05,0.2690771613403963,False
BT-v2,HYB-s0-b300-a0.75,HYB-s2-b300-a0.75,0.7025,0.6725,0.030000000000000027,100,0.31141768293687666,1.0,False
BT-v2,HYB-s0-b300-a0.75,HYB-s3-b100-a0.25,0.7025,0.5075,0.19500000000000006,100,4.485021333818547e-09,1.709241630318248e-05,True
BT-v2,HYB-s0-b300-a0.75,HYB-s3-b100-a0.50,0.7025,0.4875,0.21500000000000002,100,5.893664739050112e-12,2.423474940697406e-08,True
BT-v2,HYB-s0-b300-a0.75,HYB-s3-b100-a0.75,0.7025,0.5575,0.14500000000000002,100,8.196678292586436e-08,0.0002934410828745944,True
BT-v2,HYB-s0-b300-a0.75,HYB-s3-b200-a0.25,0.7025,0.4775,0.22500000000000003,100,7.501211933359385e-11,3.014737076017137e-07,True
BT-v2,HYB-s0-b300-a0.75,HYB-s3-b200-a0.50,0.7025,0.49,0.21250000000000002,100,7.420424086420665e-10,2.915484623554679e-06,True
BT-v2,HYB-s0-b300-a0.75,HYB-s3-b200-a0.75,0.7025,0.5475,0.15500000000000003,100,2.3940728397043955e-07,0.0008369678647606566,True
BT-v2,HYB-s0-b300-a0.75,HYB-s3-b300-a0.25,0.7025,0.53,0.1725,100,5.155028090277836e-09,1.957364165878494e-05,True
BT-v2,HYB-s0-b300-a0.75,HYB-s3-b300-a0.50,0.7025,0.5,0.2025,100,3.248292296602255e-10,1.289247212521435e-06,True
BT-v2,HYB-s0-b300-a0.75,HYB-s3-b300-a0.75,0.7025,0.635,0.0675,100,0.005337328949084845,1.0,False
BT-v2,HYB-s0-b300-a0.75,HYB-s4-b100-a0.25,0.7025,0.515,0.1875,100,3.663601624571907e-10,1.4522516839803039e-06,True
BT-v2,HYB-s0-b300-a0.75,HYB-s4-b100-a0.50,0.7025,0.545,0.15749999999999997,100,2.2651849139171388e-07,0.0007923616828882152,True
BT-v2,HYB-s0-b300-a0.75,HYB-s4-b100-a0.75,0.7025,0.5975,0.10499999999999998,100,0.0001229695421533102,0.3478808347517146,False
BT-v2,HYB-s0-b300-a0.75,HYB-s4-b200-a0.25,0.7025,0.525,0.1775,100,1.1389028389837651e-07,0.0004047660689748301,True
BT-v2,HYB-s0-b300-a0.75,HYB-s4-b200-a0.50,0.7025,0.555,0.14749999999999996,100,5.567032580951616e-07,0.0019100488785244994,True
BT-v2,HYB-s0-b300-a0.75,HYB-s4-b200-a0.75,0.7025,0.675,0.02749999999999997,100,0.34965680363814233,1.0,False
BT-v2,HYB-s0-b300-a0.75,HYB-s4-b300-a0.25,0.7025,0.545,0.15749999999999997,100,4.426178197541765e-08,0.00016067026857076607,True
BT-v2,HYB-s0-b300-a0.75,HYB-s4-b300-a0.50,0.7025,0.61,0.09250000000000003,100,0.0002539836580783993,0.6896662821526411,False
BT-v2,HYB-s0-b300-a0.75,HYB-s4-b300-a0.75,0.7025,0.7375,-0.03500000000000003,100,0.19436495207788174,1.0,False
BT-v2,HYB-s0-b300-a0.75,RL-s0-b0-a1.00,0.7025,0.4375,0.265,100,1.077458138572699e-12,4.470373816938128e-09,True
BT-v2,HYB-s0-b300-a0.75,RL-s0-b100-a1.00,0.7025,0.45,0.2525,100,8.739828572761792e-10,3.4181469548071366e-06,True
BT-v2,HYB-s0-b300-a0.75,RL-s0-b200-a1.00,0.7025,0.6625,0.040000000000000036,100,0.06211074947680908,1.0,False
BT-v2,HYB-s0-b300-a0.75,RL-s0-b300-a1.00,0.7025,0.72,-0.01749999999999996,100,0.39161582773666404,1.0,False
BT-v2,HYB-s0-b300-a0.75,RL-s1-b100-a1.00,0.7025,0.5475,0.15500000000000003,100,6.204893653033716e-09,2.3504137157691716e-05,True
BT-v2,HYB-s0-b300-a0.75,RL-s1-b200-a1.00,0.7025,0.725,-0.022499999999999964,100,0.34749698302918985,1.0,False
BT-v2,HYB-s0-b300-a0.75,RL-s1-b300-a1.00,0.7025,0.78,-0.07750000000000001,100,0.0027240649826061067,1.0,False
BT-v2,HYB-s0-b300-a0.75,RL-s2-b100-a1.00,0.7025,0.6425,0.06000000000000005,100,0.010131617045249336,1.0,False
BT-v2,HYB-s0-b300-a0.75,RL-s2-b200-a1.00,0.7025,0.7175,-0.015000000000000013,100,0.4125451076387062,1.0,False
BT-v2,HYB-s0-b300-a0.75,RL-s2-b300-a1.00,0.7025,0.74,-0.03749999999999998,100,0.15158534612829255,1.0,False
BT-v2,HYB-s0-b300-a0.75,RL-s3-b100-a1.00,0.7025,0.5025,0.20000000000000007,100,5.1280498065265984e-11,2.0696809019141352e-07,True
BT-v2,HYB-s0-b300-a0.75,RL-s3-b200-a1.00,0.7025,0.67,0.03249999999999997,100,0.46248402723950777,1.0,False
BT-v2,HYB-s0-b300-a0.75,RL-s3-b300-a1.00,0.7025,0.7175,-0.015000000000000013,100,0.2534962451234939,1.0,False
BT-v2,HYB-s0-b300-a0.75,RL-s4-b100-a1.00,0.7025,0.5725,0.13,100,1.5139908011360354e-06,0.0050370473953795895,True
BT-v2,HYB-s0-b300-a0.75,RL-s4-b200-a1.00,0.7025,0.6275,0.07500000000000007,100,0.05819188249781012,1.0,False
BT-v2,HYB-s0-b300-a0.75,RL-s4-b300-a1.00,0.7025,0.7475,-0.04500000000000004,100,0.025550059314233056,1.0,False
BT-v2,HYB-s1-b100-a0.25,HYB-s1-b100-a0.50,0.5225,0.5525,-0.030000000000000027,100,0.15341649252244347,1.0,False
BT-v2,HYB-s1-b100-a0.25,HYB-s1-b100-a0.75,0.5225,0.5875,-0.06500000000000006,100,0.030637132980180642,1.0,False
BT-v2,HYB-s1-b100-a0.25,HYB-s1-b200-a0.25,0.5225,0.5175,0.0050000000000000044,100,0.8154426023427342,1.0,False
BT-v2,HYB-s1-b100-a0.25,HYB-s1-b200-a0.50,0.5225,0.5975,-0.07500000000000007,100,0.002821082080290761,1.0,False
BT-v2,HYB-s1-b100-a0.25,HYB-s1-b200-a0.75,0.5225,0.6775,-0.15500000000000003,100,5.294948215047826e-06,0.01707091304531419,True
BT-v2,HYB-s1-b100-a0.25,HYB-s1-b300-a0.25,0.5225,0.555,-0.032500000000000084,100,0.2764194353360937,1.0,False
BT-v2,HYB-s1-b100-a0.25,HYB-s1-b300-a0.50,0.5225,0.6325,-0.10999999999999999,100,0.0005910635139922075,1.0,False
BT-v2,HYB-s1-b100-a0.25,HYB-s1-b300-a0.75,0.5225,0.665,-0.14250000000000007,100,6.952051068230408e-06,0.02212837855017739,True
BT-v2,HYB-s1-b100-a0.25,HYB-s2-b100-a0.25,0.5225,0.525,-0.0025000000000000577,100,0.6954531115204965,1.0,False
BT-v2,HYB-s1-b100-a0.25,HYB-s2-b100-a0.50,0.5225,0.5625,-0.040000000000000036,100,0.08144643894165396,1.0,False
BT-v2,HYB-s1-b100-a0.25,HYB-s2-b100-a0.75,0.5225,0.67,-0.14750000000000008,100,4.431766572204689e-07,0.0015285162907533972,True
BT-v2,HYB-s1-b100-a0.25,HYB-s2-b200-a0.25,0.5225,0.545,-0.022500000000000075,100,0.3502067483951009,1.0,False
BT-v2,HYB-s1-b100-a0.25,HYB-s2-b200-a0.50,0.5225,0.5675,-0.04500000000000004,100,0.07535207034989488,1.0,False
BT-v2,HYB-s1-b100-a0.25,HYB-s2-b200-a0.75,0.5225,0.6825,-0.16000000000000003,100,1.1325692679227733e-06,0.003807187574347507,True
BT-v2,HYB-s1-b100-a0.25,HYB-s2-b300-a0.25,0.5225,0.55,-0.02750000000000008,100,0.13278812846214363,1.0,False
BT-v2,HYB-s1-b100-a0.25,HYB-s2-b300-a0.50,0.5225,0.595,-0.07250000000000001,100,0.0028046901752746298,1.0,False
BT-v2,HYB-s1-b100-a0.25,HYB-s2-b300-a0.75,0.5225,0.6725,-0.15000000000000002,100,1.0459681735679045e-06,0.0035228208085767024,True
BT-v2,HYB-s1-b100-a0.25,HYB-s3-b100-a0.25,0.5225,0.5075,0.015000000000000013,100,0.6400594049495197,1.0,False
BT-v2,HYB-s1-b100-a0.25,HYB-s3-b100-a0.50,0.5225,0.4875,0.034999999999999976,100,0.23364435966830022,1.0,False
BT-v2,HYB-s1-b100-a0.25,HYB-s3-b100-a0.75,0.5225,0.5575,-0.03500000000000003,100,0.28796801696062757,1.0,False
BT-v2,HYB-s1-b100-a0.25,HYB-s3-b200-a0.25,0.5225,0.4775,0.044999999999999984,100,0.16594167181964636,1.0,False
BT-v2,HYB-s1-b100-a0.25,HYB-s3-b200-a0.50,0.5225,0.49,0.03249999999999997,100,0.12830502552379755,1.0,False
BT-v2,HYB-s1-b100-a0.25,HYB-s3-b200-a0.75,0.5225,0.5475,-0.025000000000000022,100,0.2587073281897625,1.0,False
BT-v2,HYB-s1-b100-a0.25,HYB-s3-b300-a0.25,0.5225,0.53,-0.007500000000000062,100,0.4307803830883019,1.0,False
BT-v2,HYB-s1-b100-a0.25,HYB-s3-b300-a0.50,0.5225,0.5,0.022499999999999964,100,0.4944024102709226,1.0,False
BT-v2,HYB-s1-b100-a0.25,HYB-s3-b300-a0.75,0.5225,0.635,-0.11250000000000004,100,1.5116445238789282e-05,0.046921446021201935,True
BT-v2,HYB-s1-b100-a0.25,HYB-s4-b100-a0.25,0.5225,0.515,0.007499999999999951,100,0.9270508956764612,1.0,False
BT-v2,HYB-s1-b100-a0.25,HYB-s4-b100-a0.50,0.5225,0.545,-0.022500000000000075,100,0.21192062749492824,1.0,False
BT-v2,HYB-s1-b100-a0.25,HYB-s4-b100-a0.75,0.5225,0.5975,-0.07500000000000007,100,0.0016536280947070019,1.0,False
BT-v2,HYB-s1-b100-a0.25,HYB-s4-b200-a0.25,0.5225,0.525,-0.0025000000000000577,100,0.8501904575060246,1.0,False
BT-v2,HYB-s1-b100-a0.25,HYB-s4-b200-a0.50,0.5225,0.555,-0.032500000000000084,100,0.3171354272466199,1.0,False
BT-v2,HYB-s1-b100-a0.25,HYB-s4-b200-a0.75,0.5225,0.675,-0.15250000000000008,100,1.0344940824199649e-05,0.032493459128811096,True
BT-v2,HYB-s1-b100-a0.25,HYB-s4-b300-a0.25,0.5225,0.545,-0.022500000000000075,100,0.3393389348658655,1.0,False
BT-v2,HYB-s1-b100-a0.25,HYB-s4-b300-a0.50,0.5225,0.61,-0.08750000000000002,100,0.0027998448388398076,1.0,False
BT-v2,HYB-s1-b100-a0.25,HYB-s4-b300-a0.75,0.5225,0.7375,-0.21500000000000008,100,2.9425903705935037e-10,1.1696796723109178e-06,True
BT-v2,HYB-s1-b100-a0.25,RL-s0-b0-a1.00,0.5225,0.4375,0.08499999999999996,100,0.006317070341109792,1.0,False
BT-v2,HYB-s1-b100-a0.25,RL-s0-b100-a1.00,0.5225,0.45,0.07249999999999995,100,0.034834774197736014,1.0,False
BT-v2,HYB-s1-b100-a0.25,RL-s0-b200-a1.00,0.5225,0.6625,-0.14,100,8.067649188080098e-06,0.02555831262783775,True
BT-v2,HYB-s1-b100-a0.25,RL-s0-b300-a1.00,0.5225,0.72,-0.1975,100,8.194071202359016e-10,3.2120759113247343e-06,True
BT-v2,HYB-s1-b100-a0.25,RL-s1-b100-a1.00,0.5225,0.5475,-0.025000000000000022,100,0.44652299446597987,1.0,False
BT-v2,HYB-s1-b100-a0.25,RL-s1-b200-a1.00,0.5225,0.725,-0.2025,100,1.3721838417616227e-08,5.1237344651378994e-05,True
BT-v2,HYB-s1-b100-a0.25,RL-s1-b300-a1.00,0.5225,0.78,-0.25750000000000006,100,6.894772766980248e-12,2.8296147435686935e-08,True
BT-v2,HYB-s1-b100-a0.25,RL-s2-b100-a1.00,0.5225,0.6425,-0.12,100,1.5242181731261564e-05,0.04728124773037337,True
BT-v2,HYB-s1-b100-a0.25,RL-s2-b200-a1.00,0.5225,0.7175,-0.19500000000000006,100,2.2158830477753074e-08,8.169960797147558e-05,True
BT-v2,HYB-s1-b100-a0.25,RL-s2-b300-a1.00,0.5225,0.74,-0.21750000000000003,100,1.3569235437624624e-08,5.068109435952797e-05,True
BT-v2,HYB-s1-b100-a0.25,RL-s3-b100-a1.00,0.5225,0.5025,0.020000000000000018,100,0.3687047637219337,1.0,False
BT-v2,HYB-s1-b100-a0.25,RL-s3-b200-a1.00,0.5225,0.67,-0.14750000000000008,100,8.373634014786036e-06,0.02646905712073866,True
BT-v2,HYB-s1-b100-a0.25,RL-s3-b300-a1.00,0.5225,0.7175,-0.19500000000000006,100,3.79350008231063e-08,0.00013838688300269177,True
BT-v2,HYB-s1-b100-a0.25,RL-s4-b100-a1.00,0.5225,0.5725,-0.050000000000000044,100,0.03365533249641088,1.0,False
BT-v2,HYB-s1-b100-a0.25,RL-s4-b200-a1.00,0.5225,0.6275,-0.10499999999999998,100,0.0027241061811470934,1.0,False
BT-v2,HYB-s1-b100-a0.25,RL-s4-b300-a1.00,0.5225,0.7475,-0.2250000000000001,100,1.58606513751246e-09,6.158690928960882e-06,True
BT-v2,HYB-s1-b100-a0.50,HYB-s1-b100-a0.75,0.5525,0.5875,-0.03500000000000003,100,0.09246888409838697,1.0,False
BT-v2,HYB-s1-b100-a0.50,HYB-s1-b200-a0.25,0.5525,0.5175,0.03500000000000003,100,0.14739335818783922,1.0,False
BT-v2,HYB-s1-b100-a0.50,HYB-s1-b200-a0.50,0.5525,0.5975,-0.04500000000000004,100,0.3080191931884757,1.0,False
BT-v2,HYB-s1-b100-a0.50,HYB-s1-b200-a0.75,0.5525,0.6775,-0.125,100,2.2987587809618676e-05,0.06999720488028886,False
BT-v2,HYB-s1-b100-a0.50,HYB-s1-b300-a0.25,0.5525,0.555,-0.0025000000000000577,100,0.9539128156421706,1.0,False
BT-v2,HYB-s1-b100-a0.50,HYB-s1-b300-a0.50,0.5525,0.6325,-0.07999999999999996,100,0.0024915731183076475,1.0,False
BT-v2,HYB-s1-b100-a0.50,HYB-s1-b300-a0.75,0.5525,0.665,-0.11250000000000004,100,0.00028467321060815173,0.769187015063226,False
BT-v2,HYB-s1-b100-a0.50,HYB-s2-b100-a0.25,0.5525,0.525,0.02749999999999997,100,0.20974266269713826,1.0,False
BT-v2,HYB-s1-b100-a0.50,HYB-s2-b100-a0.50,0.5525,0.5625,-0.010000000000000009,100,0.4210210778908897,1.0,False
BT-v2,HYB-s1-b100-a0.50,HYB-s2-b100-a0.75,0.5525,0.67,-0.11750000000000005,100,9.979812322086984e-05,0.2855224305349086,False
BT-v2,HYB-s1-b100-a0.50,HYB-s2-b200-a0.25,0.5525,0.545,0.007499999999999951,100,0.580587048934221,1.0,False
BT-v2,HYB-s1-b100-a0.50,HYB-s2-b200-a0.50,0.5525,0.5675,-0.015000000000000013,100,0.8978663660940506,1.0,False
BT-v2,HYB-s1-b100-a0.50,HYB-s2-b200-a0.75,0.5525,0.6825,-0.13,100,6.963652450849759e-06,0.02215834209860393,True
BT-v2,HYB-s1-b100-a0.50,HYB-s2-b300-a0.25,0.5525,0.55,0.0024999999999999467,100,0.7763327936614617,1.0,False
BT-v2,HYB-s1-b100-a0.50,HYB-s2-b300-a0.50,0.5525,0.595,-0.04249999999999998,100,0.12061826243869066,1.0,False
BT-v2,HYB-s1-b100-a0.50,HYB-s2-b300-a0.75,0.5525,0.6725,-0.12,100,2.2059023917576365e-05,0.06725796392469034,False
BT-v2,HYB-s1-b100-a0.50,HYB-s3-b100-a0.25,0.5525,0.5075,0.04500000000000004,100,0.11844217272374911,1.0,False
BT-v2,HYB-s1-b100-a0.50,HYB-s3-b100-a0.50,0.5525,0.4875,0.065,100,0.016774770603438436,1.0,False
BT-v2,HYB-s1-b100-a0.50,HYB-s3-b100-a0.75,0.5525,0.5575,-0.0050000000000000044,100,0.9438917224900025,1.0,False
BT-v2,HYB-s1-b100-a0.50,HYB-s3-b200-a0.25,0.5525,0.4775,0.07500000000000001,100,0.0069228314843290785,1.0,False
BT-v2,HYB-s1-b100-a0.50,HYB-s3-b200-a0.50,0.5525,0.49,0.0625,100,0.020276380634645142,1.0,False
BT-v2,HYB-s1-b100-a0.50,HYB-s3-b200-a0.75,0.5525,0.5475,0.0050000000000000044,100,0.9129937431494511,1.0,False
BT-v2,HYB-s1-b100-a0.50,HYB-s3-b300-a0.25,0.5525,0.53,0.022499999999999964,100,0.3246592157863891,1.0,False
BT-v2,HYB-s1-b100-a0.50,HYB-s3-b300-a0.50,0.5525,0.5,0.05249999999999999,100,0.07942993169083572,1.0,False
BT-v2,HYB-s1-b100-a0.50,HYB-s3-b300-a0.75,0.5525,0.635,-0.08250000000000002,100,0.0021650992399710077,1.0,False
BT-v2,HYB-s1-b100-a0.50,HYB-s4-b100-a0.25,0.5525,0.515,0.03749999999999998,100,0.06878838334714449,1.0,False
BT-v2,HYB-s1-b100-a0.50,HYB-s4-b100-a0.50,0.5525,0.545,0.007499999999999951,100,0.8302867568933532,1.0,False
BT-v2,HYB-s1-b100-a0.50,HYB-s4-b100-a0.75,0.5525,0.5975,-0.04500000000000004,100,0.0935670672658514,1.0,False
BT-v2,HYB-s1-b100-a0.50,HYB-s4-b200-a0.25,0.5525,0.525,0.02749999999999997,100,0.3411789468162236,1.0,False
BT-v2,HYB-s1-b100-a0.50,HYB-s4-b200-a0.50,0.5525,0.555,-0.0025000000000000577,100,0.9593143500564048,1.0,False
BT-v2,HYB-s1-b100-a0.50,HYB-s4-b200-a0.75,0.5525,0.675,-0.12250000000000005,100,0.00014322601201530605,0.4021786417389794,False
BT-v2,HYB-s1-b100-a0.50,HYB-s4-b300-a0.25,0.5525,0.545,0.007499999999999951,100,0.6034722843236865,1.0,False
BT-v2,HYB-s1-b100-a0.50,HYB-s4-b300-a0.50,0.5525,0.61,-0.057499999999999996,100,0.03232708619686367,1.0,False
BT-v2,HYB-s1-b100-a0.50,HYB-s4-b300-a0.75,0.5525,0.7375,-0.18500000000000005,100,2.767731807363028e-10,1.1010037129690125e-06,True
BT-v2,HYB-s1-b100-a0.50,RL-s0-b0-a1.00,0.5525,0.4375,0.11499999999999999,100,0.0003256648874966996,0.8740845580411417,False
BT-v2,HYB-s1-b100-a0.50,RL-s0-b100-a1.00,0.5525,0.45,0.10249999999999998,100,0.0023652455180017766,1.0,False
BT-v2,HYB-s1-b100-a0.50,RL-s0-b200-a1.00,0.5525,0.6625,-0.10999999999999999,100,8.704231540380444e-05,0.250594826047553,False
BT-v2,HYB-s1-b100-a0.50,RL-s0-b300-a1.00,0.5525,0.72,-0.16749999999999998,100,8.090924287010771e-09,3.0502784562030608e-05,True
BT-v2,HYB-s1-b100-a0.50,RL-s1-b100-a1.00,0.5525,0.5475,0.0050000000000000044,100,0.8015954798217245,1.0,False
BT-v2,HYB-s1-b100-a0.50,RL-s1-b200-a1.00,0.5525,0.725,-0.1725,100,2.0791851117167113e-07,0.0007285464631455356,True
BT-v2,HYB-s1-b100-a0.50,RL-s1-b300-a1.00,0.5525,0.78,-0.22750000000000004,100,9.532226231804961e-12,3.9015401966777705e-08,True
BT-v2,HYB-s1-b100-a0.50,RL-s2-b100-a1.00,0.5525,0.6425,-0.08999999999999997,100,0.001771199906162931,1.0,False
BT-v2,HYB-s1-b100-a0.50,RL-s2-b200-a1.00,0.5525,0.7175,-0.16500000000000004,100,1.845234683485304e-07,0.0006485999912450843,True
BT-v2,HYB-s1-b100-a0.50,RL-s2-b300-a1.00,0.5525,0.74,-0.1875,100,1.2854389917293696e-07,0.0004555595786688886,True
BT-v2,HYB-s1-b100-a0.50,RL-s3-b100-a1.00,0.5525,0.5025,0.050000000000000044,100,0.04238099857593963,1.0,False
BT-v2,HYB-s1-b100-a0.50,RL-s3-b200-a1.00,0.5525,0.67,-0.11750000000000005,100,0.00014482169911706147,0.4063637569000284,False
BT-v2,HYB-s1-b100-a0.50,RL-s3-b300-a1.00,0.5525,0.7175,-0.16500000000000004,100,3.754476713646073e-07,0.0012997998382642704,True
BT-v2,HYB-s1-b100-a0.50,RL-s4-b100-a1.00,0.5525,0.5725,-0.020000000000000018,100,0.3867267998871373,1.0,False
BT-v2,HYB-s1-b100-a0.50,RL-s4-b200-a1.00,0.5525,0.6275,-0.07499999999999996,100,0.01850510152773871,1.0,False
BT-v2,HYB-s1-b100-a0.50,RL-s4-b300-a1.00,0.5525,0.7475,-0.19500000000000006,100,5.829613775914652e-09,2.2094236210716533e-05,True
BT-v2,HYB-s1-b100-a0.75,HYB-s1-b200-a0.25,0.5875,0.5175,0.07000000000000006,100,0.0397488567024629,1.0,False
BT-v2,HYB-s1-b100-a0.75,HYB-s1-b200-a0.50,0.5875,0.5975,-0.010000000000000009,100,0.9735117678871054,1.0,False
BT-v2,HYB-s1-b100-a0.75,HYB-s1-b200-a0.75,0.5875,0.6775,-0.08999999999999997,100,0.00012199978933023481,0.3456254031725552,False
BT-v2,HYB-s1-b100-a0.75,HYB-s1-b300-a0.25,0.5875,0.555,0.03249999999999997,100,0.2190642918574015,1.0,False
BT-v2,HYB-s1-b100-a0.75,HYB-s1-b300-a0.50,0.5875,0.6325,-0.04499999999999993,100,0.15995089949360608,1.0,False
BT-v2,HYB-s1-b100-a0.75,HYB-s1-b300-a0.75,0.5875,0.665,-0.07750000000000001,100,0.014447916257382494,1.0,False
BT-v2,HYB-s1-b100-a0.75,HYB-s2-b100-a0.25,0.5875,0.525,0.0625,100,0.04400972733794662,1.0,False
BT-v2,HYB-s1-b100-a0.75,HYB-s2-b100-a0.50,0.5875,0.5625,0.025000000000000022,100,0.33955437815660383,1.0,False
BT-v2,HYB-s1-b100-a0.75,HYB-s2-b100-a0.75,0.5875,0.67,-0.08250000000000002,100,0.0014964462876879882,1.0,False
BT-v2,HYB-s1-b100-a0.75,HYB-s2-b200-a0.25,0.5875,0.545,0.04249999999999998,100,0.0907815747095662,1.0,False
BT-v2,HYB-s1-b100-a0.75,HYB-s2-b200-a0.50,0.5875,0.5675,0.020000000000000018,100,0.2464684599925554,1.0,False
BT-v2,HYB-s1-b100-a0.75,HYB-s2-b200-a0.75,0.5875,0.6825,-0.09499999999999997,100,0.0009355789127081146,1.0,False
BT-v2,HYB-s1-b100-a0.75,HYB-s2-b300-a0.25,0.5875,0.55,0.03749999999999998,100,0.10387747771231925,1.0,False
BT-v2,HYB-s1-b100-a0.75,HYB-s2-b300-a0.50,0.5875,0.595,-0.007499999999999951,100,0.8341322155128298,1.0,False
BT-v2,HYB-s1-b100-a0.75,HYB-s2-b300-a0.75,0.5875,0.6725,-0.08499999999999996,100,0.0011134055863733208,1.0,False
BT-v2,HYB-s1-b100-a0.75,HYB-s3-b100-a0.25,0.5875,0.5075,0.08000000000000007,100,0.00900969824273162,1.0,False
BT-v2,HYB-s1-b100-a0.75,HYB-s3-b100-a0.50,0.5875,0.4875,0.10000000000000003,100,0.0015088546573876792,1.0,False
BT-v2,HYB-s1-b100-a0.75,HYB-s3-b100-a0.75,0.5875,0.5575,0.030000000000000027,100,0.15913090994514645,1.0,False
BT-v2,HYB-s1-b100-a0.75,HYB-s3-b200-a0.25,0.5875,0.4775,0.11000000000000004,100,0.0016758950788135919,1.0,False
BT-v2,HYB-s1-b100-a0.75,HYB-s3-b200-a0.50,0.5875,0.49,0.09750000000000003,100,0.001328681506877821,1.0,False
BT-v2,HYB-s1-b100-a0.75,HYB-s3-b200-a0.75,0.5875,0.5475,0.040000000000000036,100,0.19467032432897102,1.0,False
BT-v2,HYB-s1-b100-a0.75,HYB-s3-b300-a0.25,0.5875,0.53,0.057499999999999996,100,0.025177359202358862,1.0,False
BT-v2,HYB-s1-b100-a0.75,HYB-s3-b300-a0.50,0.5875,0.5,0.08750000000000002,100,0.010281136981260307,1.0,False
BT-v2,HYB-s1-b100-a0.75,HYB-s3-b300-a0.75,0.5875,0.635,-0.04749999999999999,100,0.13703479663577084,1.0,False
BT-v2,HYB-s1-b100-a0.75,HYB-s4-b100-a0.25,0.5875,0.515,0.07250000000000001,100,0.012335593591041239,1.0,False
BT-v2,HYB-s1-b100-a0.75,HYB-s4-b100-a0.50,0.5875,0.545,0.04249999999999998,100,0.08868366850949097,1.0,False
BT-v2,HYB-s1-b100-a0.75,HYB-s4-b100-a0.75,0.5875,0.5975,-0.010000000000000009,100,0.8523874817171524,1.0,False
BT-v2,HYB-s1-b100-a0.75,HYB-s4-b200-a0.25,0.5875,0.525,0.0625,100,0.04554598351378722,1.0,False
BT-v2,HYB-s1-b100-a0.75,HYB-s4-b200-a0.50,0.5875,0.555,0.03249999999999997,100,0.1559347954798338,1.0,False
BT-v2,HYB-s1-b100-a0.75,HYB-s4-b200-a0.75,0.5875,0.675,-0.08750000000000002,100,0.008528246546833443,1.0,False
BT-v2,HYB-s1-b100-a0.75,HYB-s4-b300-a0.25,0.5875,0.545,0.04249999999999998,100,0.08173609078496445,1.0,False
BT-v2,HYB-s1-b100-a0.75,HYB-s4-b300-a0.50,0.5875,0.61,-0.022499999999999964,100,0.3047892679413782,1.0,False
BT-v2,HYB-s1-b100-a0.75,HYB-s4-b300-a0.75,0.5875,0.7375,-0.15000000000000002,100,9.707552752585226e-09,3.6490690796967864e-05,True
BT-v2,HYB-s1-b100-a0.75,RL-s0-b0-a1.00,0.5875,0.4375,0.15000000000000002,100,5.330271441747764e-06,0.017174134585311293,True
BT-v2,HYB-s1-b100-a0.75,RL-s0-b100-a1.00,0.5875,0.45,0.1375,100,0.00019338715298063112,0.5349088651444257,False
BT-v2,HYB-s1-b100-a0.75,RL-s0-b200-a1.00,0.5875,0.6625,-0.07499999999999996,100,0.006203965701822689,1.0,False
BT-v2,HYB-s1-b100-a0.75,RL-s0-b300-a1.00,0.5875,0.72,-0.13249999999999995,100,1.3096044807017493e-06,0.004381936592428053,True
BT-v2,HYB-s1-b100-a0.75,RL-s1-b100-a1.00,0.5875,0.5475,0.040000000000000036,100,0.10543391503057979,1.0,False
BT-v2,HYB-s1-b100-a0.75,RL-s1-b200-a1.00,0.5875,0.725,-0.13749999999999996,100,6.533185874344411e-07,0.002235002887613223,True
BT-v2,HYB-s1-b100-a0.75,RL-s1-b300-a1.00,0.5875,0.78,-0.1925,100,7.213607870190941e-09,2.7245796925711183e-05,True
BT-v2,HYB-s1-b100-a0.75,RL-s2-b100-a1.00,0.5875,0.6425,-0.05499999999999994,100,0.043918055943509844,1.0,False
BT-v2,HYB-s1-b100-a0.75,RL-s2-b200-a1.00,0.5875,0.7175,-0.13,100,1.0062313654602067e-06,0.003397037089793658,True
BT-v2,HYB-s1-b100-a0.75,RL-s2-b300-a1.00,0.5875,0.74,-0.15249999999999997,100,2.8282205114986693e-07,0.000986200492359586,True
BT-v2,HYB-s1-b100-a0.75,RL-s3-b100-a1.00,0.5875,0.5025,0.08500000000000008,100,0.0007029070080346581,1.0,False
BT-v2,HYB-s1-b100-a0.75,RL-s3-b200-a1.00,0.5875,0.67,-0.08250000000000002,100,0.00193789556627209,1.0,False
BT-v2,HYB-s1-b100-a0.75,RL-s3-b300-a1.00,0.5875,0.7175,-0.13,100,1.2475765980037805e-06,0.004185619486302684,True
BT-v2,HYB-s1-b100-a0.75,RL-s4-b100-a1.00,0.5875,0.5725,0.015000000000000013,100,0.7481735013493498,1.0,False
BT-v2,HYB-s1-b100-a0.75,RL-s4-b200-a1.00,0.5875,0.6275,-0.039999999999999925,100,0.1418514486466109,1.0,False
BT-v2,HYB-s1-b100-a0.75,RL-s4-b300-a1.00,0.5875,0.7475,-0.16000000000000003,100,1.1773512963810502e-07,0.0004177242399559966,True
BT-v2,HYB-s1-b200-a0.25,HYB-s1-b200-a0.50,0.5175,0.5975,-0.08000000000000007,100,0.0036834075615210004,1.0,False
BT-v2,HYB-s1-b200-a0.25,HYB-s1-b200-a0.75,0.5175,0.6775,-0.16000000000000003,100,5.6811376533764975e-06,0.018259176417952064,True
BT-v2,HYB-s1-b200-a0.25,HYB-s1-b300-a0.25,0.5175,0.555,-0.03750000000000009,100,0.23038882715454412,1.0,False
BT-v2,HYB-s1-b200-a0.25,HYB-s1-b300-a0.50,0.5175,0.6325,-0.11499999999999999,100,0.000321747844081319,0.8642147092024228,False
BT-v2,HYB-s1-b200-a0.25,HYB-s1-b300-a0.75,0.5175,0.665,-0.14750000000000008,100,1.1335537188214336e-05,0.0355029024734873,True
BT-v2,HYB-s1-b200-a0.25,HYB-s2-b100-a0.25,0.5175,0.525,-0.007500000000000062,100,0.5695946173654486,1.0,False
BT-v2,HYB-s1-b200-a0.25,HYB-s2-b100-a0.50,0.5175,0.5625,-0.04500000000000004,100,0.12406745223719345,1.0,False
BT-v2,HYB-s1-b200-a0.25,HYB-s2-b100-a0.75,0.5175,0.67,-0.15250000000000008,100,1.9806843872354752e-05,0.06074759015651202,False
BT-v2,HYB-s1-b200-a0.25,HYB-s2-b200-a0.25,0.5175,0.545,-0.02750000000000008,100,0.2279370404636467,1.0,False
BT-v2,HYB-s1-b200-a0.25,HYB-s2-b200-a0.50,0.5175,0.5675,-0.050000000000000044,100,0.07938163905741924,1.0,False
BT-v2,HYB-s1-b200-a0.25,HYB-s2-b200-a0.75,0.5175,0.6825,-0.16500000000000004,100,1.903216085292309e-05,0.05844776597932681,False
BT-v2,HYB-s1-b200-a0.25,HYB-s2-b300-a0.25,0.5175,0.55,-0.032500000000000084,100,0.2504601373541555,1.0,False
BT-v2,HYB-s1-b200-a0.25,HYB-s2-b300-a0.50,0.5175,0.595,-0.07750000000000001,100,0.0024939830441376167,1.0,False
BT-v2,HYB-s1-b200-a0.25,HYB-s2-b300-a0.75,0.5175,0.6725,-0.15500000000000003,100,6.231578475158346e-06,0.019941051120506707,True
BT-v2,HYB-s1-b200-a0.25,HYB-s3-b100-a0.25,0.5175,0.5075,0.010000000000000009,100,0.7791301082035325,1.0,False
BT-v2,HYB-s1-b200-a0.25,HYB-s3-b100-a0.50,0.5175,0.4875,0.02999999999999997,100,0.3190688656150962,1.0,False
BT-v2,HYB-s1-b200-a0.25,HYB-s3-b100-a0.75,0.5175,0.5575,-0.040000000000000036,100,0.16177475884158565,1.0,False
BT-v2,HYB-s1-b200-a0.25,HYB-s3-b200-a0.25,0.5175,0.4775,0.03999999999999998,100,0.16038471733702675,1.0,False
BT-v2,HYB-s1-b200-a0.25,HYB-s3-b200-a0.50,0.5175,0.49,0.02749999999999997,100,0.4318713899584452,1.0,False
BT-v2,HYB-s1-b200-a0.25,HYB-s3-b200-a0.75,0.5175,0.5475,-0.030000000000000027,100,0.36428132571223504,1.0,False
BT-v2,HYB-s1-b200-a0.25,HYB-s3-b300-a0.25,0.5175,0.53,-0.012500000000000067,100,0.5279575456620424,1.0,False
BT-v2,HYB-s1-b200-a0.25,HYB-s3-b300-a0.50,0.5175,0.5,0.01749999999999996,100,0.861151355035644,1.0,False
BT-v2,HYB-s1-b200-a0.25,HYB-s3-b300-a0.75,0.5175,0.635,-0.11750000000000005,100,8.335672176942163e-05,0.2404841423047814,False
BT-v2,HYB-s1-b200-a0.25,HYB-s4-b100-a0.25,0.5175,0.515,0.0024999999999999467,100,0.9845831247994126,1.0,False
BT-v2,HYB-s1-b200-a0.25,HYB-s4-b100-a0.50,0.5175,0.545,-0.02750000000000008,100,0.27264857157242683,1.0,False
BT-v2,HYB-s1-b200-a0.25,HYB-s4-b100-a0.75,0.5175,0.5975,-0.08000000000000007,100,0.007383068325244867,1.0,False
BT-v2,HYB-s1-b200-a0.25,HYB-s4-b200-a0.25,0.5175,0.525,-0.007500000000000062,100,0.9180524356827684,1.0,False
BT-v2,HYB-s1-b200-a0.25,HYB-s4-b200-a0.50,0.5175,0.555,-0.03750000000000009,100,0.22658451252394807,1.0,False
BT-v2,HYB-s1-b200-a0.25,HYB-s4-b200-a0.75,0.5175,0.675,-0.15750000000000008,100,2.4526381350809206e-05,0.07456019930645999,False
BT-v2,HYB-s1-b200-a0.25,HYB-s4-b300-a0.25,0.5175,0.545,-0.02750000000000008,100,0.38179514579630325,1.0,False
BT-v2,HYB-s1-b200-a0.25,HYB-s4-b300-a0.50,0.5175,0.61,-0.09250000000000003,100,0.001381346600237346,1.0,False
BT-v2,HYB-s1-b200-a0.25,HYB-s4-b300-a0.75,0.5175,0.7375,-0.22000000000000008,100,2.8474232723611188e-09,1.094264763568378e-05,True
BT-v2,HYB-s1-b200-a0.25,RL-s0-b0-a1.00,0.5175,0.4375,0.07999999999999996,100,0.01605934404256647,1.0,False
BT-v2,HYB-s1-b200-a0.25,RL-s0-b100-a1.00,0.5175,0.45,0.06749999999999995,100,0.036036716372260524,1.0,False
BT-v2,HYB-s1-b200-a0.25,RL-s0-b200-a1.00,0.5175,0.6625,-0.14500000000000002,100,7.525782284291265e-05,0.21802191277591795,False
BT-v2,HYB-s1-b200-a0.25,RL-s0-b300-a1.00,0.5175,0.72,-0.2025,100,1.983908601133027e-08,7.344429641394467e-05,True
BT-v2,HYB-s1-b200-a0.25,RL-s1-b100-a1.00,0.5175,0.5475,-0.030000000000000027,100,0.4644518409175379,1.0,False
BT-v2,HYB-s1-b200-a0.25,RL-s1-b200-a1.00,0.5175,0.725,-0.20750000000000002,100,9.475263047856855e-09,3.563646432298963e-05,True
BT-v2,HYB-s1-b200-a0.25,RL-s1-b300-a1.00,0.5175,0.78,-0.26250000000000007,100,7.124813463932921e-12,2.9233109642516775e-08,True
BT-v2,HYB-s1-b200-a0.25,RL-s2-b100-a1.00,0.5175,0.6425,-0.125,100,0.0003543335467611193,0.9464249033989497,False
BT-v2,HYB-s1-b200-a0.25,RL-s2-b200-a1.00,0.5175,0.7175,-0.20000000000000007,100,2.2025614781433876e-07,0.0007706762612023713,True
BT-v2,HYB-s1-b200-a0.25,RL-s2-b300-a1.00,0.5175,0.74,-0.22250000000000003,100,2.050707302416201e-08,7.585566311637528e-05,True
BT-v2,HYB-s1-b200-a0.25,RL-s3-b100-a1.00,0.5175,0.5025,0.015000000000000013,100,0.5243074826705734,1.0,False
BT-v2,HYB-s1-b200-a0.25,RL-s3-b200-a1.00,0.5175,0.67,-0.15250000000000008,100,6.333438847390757e-05,0.18480974556686228,False
BT-v2,HYB-s1-b200-a0.25,RL-s3-b300-a1.00,0.5175,0.7175,-0.20000000000000007,100,3.535457208784529e-07,0.0012260965600064747,True
BT-v2,HYB-s1-b200-a0.25,RL-s4-b100-a1.00,0.5175,0.5725,-0.05500000000000005,100,0.09588661236354147,1.0,False
BT-v2,HYB-s1-b200-a0.25,RL-s4-b200-a1.00,0.5175,0.6275,-0.10999999999999999,100,0.005474187676198437,1.0,False
BT-v2,HYB-s1-b200-a0.25,RL-s4-b300-a1.00,0.5175,0.7475,-0.2300000000000001,100,2.9870541912224797e-09,1.1464313985911877e-05,True
BT-v2,HYB-s1-b200-a0.50,HYB-s1-b200-a0.75,0.5975,0.6775,-0.07999999999999996,100,0.008901295337334102,1.0,False
BT-v2,HYB-s1-b200-a0.50,HYB-s1-b300-a0.25,0.5975,0.555,0.04249999999999998,100,0.08433080306878123,1.0,False
BT-v2,HYB-s1-b200-a0.50,HYB-s1-b300-a0.50,0.5975,0.6325,-0.03499999999999992,100,0.2751962119984068,1.0,False
BT-v2,HYB-s1-b200-a0.50,HYB-s1-b300-a0.75,0.5975,0.665,-0.0675,100,0.011836998489219019,1.0,False
BT-v2,HYB-s1-b200-a0.50,HYB-s2-b100-a0.25,0.5975,0.525,0.07250000000000001,100,0.024682703168555635,1.0,False
BT-v2,HYB-s1-b200-a0.50,HYB-s2-b100-a0.50,0.5975,0.5625,0.03500000000000003,100,0.21107417082695434,1.0,False
BT-v2,HYB-s1-b200-a0.50,HYB-s2-b100-a0.75,0.5975,0.67,-0.07250000000000001,100,0.010598340227655934,1.0,False
BT-v2,HYB-s1-b200-a0.50,HYB-s2-b200-a0.25,0.5975,0.545,0.05249999999999999,100,0.06274821398673562,1.0,False
BT-v2,HYB-s1-b200-a0.50,HYB-s2-b200-a0.50,0.5975,0.5675,0.030000000000000027,100,0.3528099311303492,1.0,False
BT-v2,HYB-s1-b200-a0.50,HYB-s2-b200-a0.75,0.5975,0.6825,-0.08499999999999996,100,0.004872118260273449,1.0,False
BT-v2,HYB-s1-b200-a0.50,HYB-s2-b300-a0.25,0.5975,0.55,0.04749999999999999,100,0.06694294362940081,1.0,False
BT-v2,HYB-s1-b200-a0.50,HYB-s2-b300-a0.50,0.5975,0.595,0.0025000000000000577,100,0.8061986637200065,1.0,False
BT-v2,HYB-s1-b200-a0.50,HYB-s2-b300-a0.75,0.5975,0.6725,-0.07499999999999996,100,0.005979558122886309,1.0,False
BT-v2,HYB-s1-b200-a0.50,HYB-s3-b100-a0.25,0.5975,0.5075,0.09000000000000008,100,0.0018301856920113825,1.0,False
BT-v2,HYB-s1-b200-a0.50,HYB-s3-b100-a0.50,0.5975,0.4875,0.11000000000000004,100,0.00011263400891529342,0.3203311213550945,False
BT-v2,HYB-s1-b200-a0.50,HYB-s3-b100-a0.75,0.5975,0.5575,0.040000000000000036,100,0.280237605032285,1.0,False
BT-v2,HYB-s1-b200-a0.50,HYB-s3-b200-a0.25,0.5975,0.4775,0.12000000000000005,100,4.0227959363433983e-05,0.11959772318748924,False
BT-v2,HYB-s1-b200-a0.50,HYB-s3-b200-a0.50,0.5975,0.49,0.10750000000000004,100,0.0008399066521631934,1.0,False
BT-v2,HYB-s1-b200-a0.50,HYB-s3-b200-a0.75,0.5975,0.5475,0.050000000000000044,100,0.1331271539967571,1.0,False
BT-v2,HYB-s1-b200-a0.50,HYB-s3-b300-a0.25,0.5975,0.53,0.0675,100,0.01291368240482693,1.0,False
BT-v2,HYB-s1-b200-a0.50,HYB-s3-b300-a0.50,0.5975,0.5,0.09750000000000003,100,0.0027902107995627047,1.0,False
BT-v2,HYB-s1-b200-a0.50,HYB-s3-b300-a0.75,0.5975,0.635,-0.03749999999999998,100,0.11638414988761463,1.0,False
BT-v2,HYB-s1-b200-a0.50,HYB-s4-b100-a0.25,0.5975,0.515,0.08250000000000002,100,0.003857422149291787,1.0,False
BT-v2,HYB-s1-b200-a0.50,HYB-s4-b100-a0.50,0.5975,0.545,0.05249999999999999,100,0.04269810697074419,1.0,False
BT-v2,HYB-s1-b200-a0.50,HYB-s4-b100-a0.75,0.5975,0.5975,0.0,100,0.72573110811393,1.0,False
BT-v2,HYB-s1-b200-a0.50,HYB-s4-b200-a0.25,0.5975,0.525,0.07250000000000001,100,0.01757257967271911,1.0,False
BT-v2,HYB-s1-b200-a0.50,HYB-s4-b200-a0.50,0.5975,0.555,0.04249999999999998,100,0.2459737086910132,1.0,False
BT-v2,HYB-s1-b200-a0.50,HYB-s4-b200-a0.75,0.5975,0.675,-0.07750000000000001,100,0.011738401812761892,1.0,False
BT-v2,HYB-s1-b200-a0.50,HYB-s4-b300-a0.25,0.5975,0.545,0.05249999999999999,100,0.06682549869421119,1.0,False
BT-v2,HYB-s1-b200-a0.50,HYB-s4-b300-a0.50,0.5975,0.61,-0.012499999999999956,100,0.5503586321267426,1.0,False
BT-v2,HYB-s1-b200-a0.50,HYB-s4-b300-a0.75,0.5975,0.7375,-0.14,100,6.463070989633962e-06,0.020643048740890877,True
BT-v2,HYB-s1-b200-a0.50,RL-s0-b0-a1.00,0.5975,0.4375,0.16000000000000003,100,1.25835401788566e-06,0.004220519375988504,True
BT-v2,HYB-s1-b200-a0.50,RL-s0-b100-a1.00,0.5975,0.45,0.14750000000000002,100,4.958907692521613e-05,0.14589106431398585,False
BT-v2,HYB-s1-b200-a0.50,RL-s0-b200-a1.00,0.5975,0.6625,-0.06499999999999995,100,0.02455535467991537,1.0,False
BT-v2,HYB-s1-b200-a0.50,RL-s0-b300-a1.00,0.5975,0.72,-0.12249999999999994,100,2.5678079047124153e-05,0.07788161374992755,False
BT-v2,HYB-s1-b200-a0.50,RL-s1-b100-a1.00,0.5975,0.5475,0.050000000000000044,100,0.14109916580336626,1.0,False
BT-v2,HYB-s1-b200-a0.50,RL-s1-b200-a1.00,0.5975,0.725,-0.12749999999999995,100,1.4676720503397035e-05,0.04558589388355119,True
BT-v2,HYB-s1-b200-a0.50,RL-s1-b300-a1.00,0.5975,0.78,-0.1825,100,3.6151186923498166e-09,1.3835059235622748e-05,True
BT-v2,HYB-s1-b200-a0.50,RL-s2-b100-a1.00,0.5975,0.6425,-0.04499999999999993,100,0.11362824876416364,1.0,False
BT-v2,HYB-s1-b200-a0.50,RL-s2-b200-a1.00,0.5975,0.7175,-0.12,100,0.00024908528475141566,0.6775119745238506,False
BT-v2,HYB-s1-b200-a0.50,RL-s2-b300-a1.00,0.5975,0.74,-0.14249999999999996,100,0.00011206529840618251,0.3190499045624016,False
BT-v2,HYB-s1-b200-a0.50,RL-s3-b100-a1.00,0.5975,0.5025,0.09500000000000008,100,0.0019747168323983157,1.0,False
BT-v2,HYB-s1-b200-a0.50,RL-s3-b200-a1.00,0.5975,0.67,-0.07250000000000001,100,0.029233812043134015,1.0,False
BT-v2,HYB-s1-b200-a0.50,RL-s3-b300-a1.00,0.5975,0.7175,-0.12,100,0.00043206348874275644,1.0,False
BT-v2,HYB-s1-b200-a0.50,RL-s4-b100-a1.00,0.5975,0.5725,0.025000000000000022,100,0.48503549450932937,1.0,False
BT-v2,HYB-s1-b200-a0.50,RL-s4-b200-a1.00,0.5975,0.6275,-0.029999999999999916,100,0.11736769424975939,1.0,False
BT-v2,HYB-s1-b200-a0.50,RL-s4-b300-a1.00,0.5975,0.7475,-0.15000000000000002,100,9.824151754695976e-06,0.03090678142027354,True
BT-v2,HYB-s1-b200-a0.75,HYB-s1-b300-a0.25,0.6775,0.555,0.12249999999999994,100,9.702663078383527e-05,0.2778842705649042,False
BT-v2,HYB-s1-b200-a0.75,HYB-s1-b300-a0.50,0.6775,0.6325,0.04500000000000004,100,0.09846676058140565,1.0,False
BT-v2,HYB-s1-b200-a0.75,HYB-s1-b300-a0.75,0.6775,0.665,0.012499999999999956,100,0.6359811595730513,1.0,False
BT-v2,HYB-s1-b200-a0.75,HYB-s2-b100-a0.25,0.6775,0.525,0.15249999999999997,100,3.2687617247458664e-07,0.001135567823176714,True
BT-v2,HYB-s1-b200-a0.75,HYB-s2-b100-a0.50,0.6775,0.5625,0.11499999999999999,100,6.362840346765143e-06,0.020342000588608165,True
BT-v2,HYB-s1-b200-a0.75,HYB-s2-b100-a0.75,0.6775,0.67,0.007499999999999951,100,0.711636569447198,1.0,False
BT-v2,HYB-s1-b200-a0.75,HYB-s2-b200-a0.25,0.6775,0.545,0.13249999999999995,100,1.2647574173528202e-05,0.03947307899558152,True
BT-v2,HYB-s1-b200-a0.75,HYB-s2-b200-a0.50,0.6775,0.5675,0.10999999999999999,100,0.0001168775445098363,0.3316984713189154,False
BT-v2,HYB-s1-b200-a0.75,HYB-s2-b200-a0.75,0.6775,0.6825,-0.0050000000000000044,100,0.8829272330896633,1.0,False
BT-v2,HYB-s1-b200-a0.75,HYB-s2-b300-a0.25,0.6775,0.55,0.12749999999999995,100,5.8882169335116605e-06,0.018877623488838383,True
BT-v2,HYB-s1-b200-a0.75,HYB-s2-b300-a0.50,0.6775,0.595,0.08250000000000002,100,0.0030076291973704376,1.0,False
BT-v2,HYB-s1-b200-a0.75,HYB-s2-b300-a0.75,0.6775,0.6725,0.0050000000000000044,100,0.952328651132239,1.0,False
BT-v2,HYB-s1-b200-a0.75,HYB-s3-b100-a0.25,0.6775,0.5075,0.17000000000000004,100,1.1001077876548712e-07,0.00039152836162636864,True
BT-v2,HYB-s1-b200-a0.75,HYB-s3-b100-a0.50,0.6775,0.4875,0.19,100,5.261330354616897e-10,2.0740164257899808e-06,True
BT-v2,HYB-s1-b200-a0.75,HYB-s3-b100-a0.75,0.6775,0.5575,0.12,100,2.328112079573577e-06,0.007650176293478774,True
BT-v2,HYB-s1-b200-a0.75,HYB-s3-b200-a0.25,0.6775,0.4775,0.2,100,1.2808374367033038e-09,4.983738466212555e-06,True
BT-v2,HYB-s1-b200-a0.75,HYB-s3-b200-a0.50,0.6775,0.49,0.1875,100,6.129608750309194e-08,0.00022109498762365264,True
BT-v2,HYB-s1-b200-a0.75,HYB-s3-b200-a0.75,0.6775,0.5475,0.13,100,2.6438744985463005e-05,0.08000364232601105,False
BT-v2,HYB-s1-b200-a0.75,HYB-s3-b300-a0.25,0.6775,0.53,0.14749999999999996,100,3.5999781449962906e-07,0.001247032429426715,True
BT-v2,HYB-s1-b200-a0.75,HYB-s3-b300-a0.50,0.6775,0.5,0.1775,100,1.4998974585983425e-07,0.0005297637823769345,True
BT-v2,HYB-s1-b200-a0.75,HYB-s3-b300-a0.75,0.6775,0.635,0.04249999999999998,100,0.12914256291804635,1.0,False
BT-v2,HYB-s1-b200-a0.75,HYB-s4-b100-a0.25,0.6775,0.515,0.16249999999999998,100,1.6356147816011075e-08,6.086122602337721e-05,True
BT-v2,HYB-s1-b200-a0.75,HYB-s4-b100-a0.50,0.6775,0.545,0.13249999999999995,100,1.5079073836666134e-06,0.005018315772842489,True
BT-v2,HYB-s1-b200-a0.75,HYB-s4-b100-a0.75,0.6775,0.5975,0.07999999999999996,100,0.000789729098712286,1.0,False
BT-v2,HYB-s1-b200-a0.75,HYB-s4-b200-a0.25,0.6775,0.525,0.15249999999999997,100,2.1337714362597786e-06,0.007030776882475971,True
BT-v2,HYB-s1-b200-a0.75,HYB-s4-b200-a0.50,0.6775,0.555,0.12249999999999994,100,6.171036539615339e-06,0.019759658999848318,True
BT-v2,HYB-s1-b200-a0.75,HYB-s4-b200-a0.75,0.6775,0.675,0.0024999999999999467,100,0.9679233492529788,1.0,False
BT-v2,HYB-s1-b200-a0.75,HYB-s4-b300-a0.25,0.6775,0.545,0.13249999999999995,100,3.230726708854351e-06,0.010538630524282893,True
BT-v2,HYB-s1-b200-a0.75,HYB-s4-b300-a0.50,0.6775,0.61,0.0675,100,0.013561371544238884,1.0,False
BT-v2,HYB-s1-b200-a0.75,HYB-s4-b300-a0.75,0.6775,0.7375,-0.06000000000000005,100,0.005156197988573564,1.0,False
BT-v2,HYB-s1-b200-a0.75,RL-s0-b0-a1.00,0.6775,0.4375,0.24,100,2.843962580559419e-10,1.130759522030425e-06,True
BT-v2,HYB-s1-b200-a0.75,RL-s0-b100-a1.00,0.6775,0.45,0.22749999999999998,100,3.832870704471717e-08,0.0001397464658850388,True
BT-v2,HYB-s1-b200-a0.75,RL-s0-b200-a1.00,0.6775,0.6625,0.015000000000000013,100,0.6643012791209257,1.0,False
BT-v2,HYB-s1-b200-a0.75,RL-s0-b300-a1.00,0.6775,0.72,-0.04249999999999998,100,0.046904167452538836,1.0,False
BT-v2,HYB-s1-b200-a0.75,RL-s1-b100-a1.00,0.6775,0.5475,0.13,100,7.263243018314636e-07,0.002475313220641628,True
BT-v2,HYB-s1-b200-a0.75,RL-s1-b200-a1.00,0.6775,0.725,-0.04749999999999999,100,0.07684433869658396,1.0,False
BT-v2,HYB-s1-b200-a0.75,RL-s1-b300-a1.00,0.6775,0.78,-0.10250000000000004,100,0.00010087188408786054,0.28849358849128115,False
BT-v2,HYB-s1-b200-a0.75,RL-s2-b100-a1.00,0.6775,0.6425,0.03500000000000003,100,0.09155961046441835,1.0,False
BT-v2,HYB-s1-b200-a0.75,RL-s2-b200-a1.00,0.6775,0.7175,-0.040000000000000036,100,0.15121093603668312,1.0,False
BT-v2,HYB-s1-b200-a0.75,RL-s2-b300-a1.00,0.6775,0.74,-0.0625,100,0.03501635027014354,1.0,False
BT-v2,HYB-s1-b200-a0.75,RL-s3-b100-a1.00,0.6775,0.5025,0.17500000000000004,100,4.532379349383032e-09,1.726383294179997e-05,True
BT-v2,HYB-s1-b200-a0.75,RL-s3-b200-a1.00,0.6775,0.67,0.007499999999999951,100,0.8952775127715722,1.0,False
BT-v2,HYB-s1-b200-a0.75,RL-s3-b300-a1.00,0.6775,0.7175,-0.040000000000000036,100,0.12777549177161557,1.0,False
BT-v2,HYB-s1-b200-a0.75,RL-s4-b100-a1.00,0.6775,0.5725,0.10499999999999998,100,0.00013508869411807178,0.3805448513306082,False
BT-v2,HYB-s1-b200-a0.75,RL-s4-b200-a1.00,0.6775,0.6275,0.050000000000000044,100,0.21208619707248832,1.0,False
BT-v2,HYB-s1-b200-a0.75,RL-s4-b300-a1.00,0.6775,0.7475,-0.07000000000000006,100,0.004924957412534364,1.0,False
BT-v2,HYB-s1-b300-a0.25,HYB-s1-b300-a0.50,0.555,0.6325,-0.0774999999999999,100,0.002925940709192239,1.0,False
BT-v2,HYB-s1-b300-a0.25,HYB-s1-b300-a0.75,0.555,0.665,-0.10999999999999999,100,0.0002488139049322301,0.677022635320598,False
BT-v2,HYB-s1-b300-a0.25,HYB-s2-b100-a0.25,0.555,0.525,0.030000000000000027,100,0.42887812293413663,1.0,False
BT-v2,HYB-s1-b300-a0.25,HYB-s2-b100-a0.50,0.555,0.5625,-0.007499999999999951,100,0.5496149324509818,1.0,False
BT-v2,HYB-s1-b300-a0.25,HYB-s2-b100-a0.75,0.555,0.67,-0.11499999999999999,100,0.00033935391573707046,0.9087897863438746,False
BT-v2,HYB-s1-b300-a0.25,HYB-s2-b200-a0.25,0.555,0.545,0.010000000000000009,100,0.8702436097810513,1.0,False
BT-v2,HYB-s1-b300-a0.25,HYB-s2-b200-a0.50,0.555,0.5675,-0.012499999999999956,100,0.6330055391729392,1.0,False
BT-v2,HYB-s1-b300-a0.25,HYB-s2-b200-a0.75,0.555,0.6825,-0.12749999999999995,100,0.00022221777635114332,0.6082830801009577,False
BT-v2,HYB-s1-b300-a0.25,HYB-s2-b300-a0.25,0.555,0.55,0.0050000000000000044,100,0.9312167810922203,1.0,False
BT-v2,HYB-s1-b300-a0.25,HYB-s2-b300-a0.50,0.555,0.595,-0.039999999999999925,100,0.12653475228930575,1.0,False
BT-v2,HYB-s1-b300-a0.25,HYB-s2-b300-a0.75,0.555,0.6725,-0.11749999999999994,100,0.0002043350213396739,0.5631473188121413,False
BT-v2,HYB-s1-b300-a0.25,HYB-s3-b100-a0.25,0.555,0.5075,0.0475000000000001,100,0.1698977768798351,1.0,False
BT-v2,HYB-s1-b300-a0.25,HYB-s3-b100-a0.50,0.555,0.4875,0.06750000000000006,100,0.03104702797837038,1.0,False
BT-v2,HYB-s1-b300-a0.25,HYB-s3-b100-a0.75,0.555,0.5575,-0.0024999999999999467,100,0.784580809351223,1.0,False
BT-v2,HYB-s1-b300-a0.25,HYB-s3-b200-a0.25,0.555,0.4775,0.07750000000000007,100,0.011397121612811926,1.0,False
BT-v2,HYB-s1-b300-a0.25,HYB-s3-b200-a0.50,0.555,0.49,0.06500000000000006,100,0.0682722044982297,1.0,False
BT-v2,HYB-s1-b300-a0.25,HYB-s3-b200-a0.75,0.555,0.5475,0.007500000000000062,100,0.9248666632602249,1.0,False
BT-v2,HYB-s1-b300-a0.25,HYB-s3-b300-a0.25,0.555,0.53,0.025000000000000022,100,0.5480938760759084,1.0,False
BT-v2,HYB-s1-b300-a0.25,HYB-s3-b300-a0.50,0.555,0.5,0.05500000000000005,100,0.04582131011327712,1.0,False
BT-v2,HYB-s1-b300-a0.25,HYB-s3-b300-a0.75,0.555,0.635,-0.07999999999999996,100,0.003097721261824681,1.0,False
BT-v2,HYB-s1-b300-a0.25,HYB-s4-b100-a0.25,0.555,0.515,0.040000000000000036,100,0.25594272901509385,1.0,False
BT-v2,HYB-s1-b300-a0.25,HYB-s4-b100-a0.50,0.555,0.545,0.010000000000000009,100,0.6894364096903154,1.0,False
BT-v2,HYB-s1-b300-a0.25,HYB-s4-b100-a0.75,0.555,0.5975,-0.04249999999999998,100,0.04750048507783502,1.0,False
BT-v2,HYB-s1-b300-a0.25,HYB-s4-b200-a0.25,0.555,0.525,0.030000000000000027,100,0.4113429051890529,1.0,False
BT-v2,HYB-s1-b300-a0.25,HYB-s4-b200-a0.50,0.555,0.555,0.0,100,0.8359060151179925,1.0,False
BT-v2,HYB-s1-b300-a0.25,HYB-s4-b200-a0.75,0.555,0.675,-0.12,100,0.0007369611048229692,1.0,False
BT-v2,HYB-s1-b300-a0.25,HYB-s4-b300-a0.25,0.555,0.545,0.010000000000000009,100,0.7903485343211863,1.0,False
BT-v2,HYB-s1-b300-a0.25,HYB-s4-b300-a0.50,0.555,0.61,-0.05499999999999994,100,0.029788578342874957,1.0,False
BT-v2,HYB-s1-b300-a0.25,HYB-s4-b300-a0.75,0.555,0.7375,-0.1825,100,2.2341797501103217e-08,8.235186558906646e-05,True
BT-v2,HYB-s1-b300-a0.25,RL-s0-b0-a1.00,0.555,0.4375,0.11750000000000005,100,0.00011919329684269746,0.3377938032522046,False
BT-v2,HYB-s1-b300-a0.25,RL-s0-b100-a1.00,0.555,0.45,0.10500000000000004,100,0.0026630002578516385,1.0,False
BT-v2,HYB-s1-b300-a0.25,RL-s0-b200-a1.00,0.555,0.6625,-0.10749999999999993,100,0.00095710687057338,1.0,False
BT-v2,HYB-s1-b300-a0.25,RL-s0-b300-a1.00,0.555,0.72,-0.16499999999999992,100,1.0254157905528227e-06,0.0034587274615346707,True
BT-v2,HYB-s1-b300-a0.25,RL-s1-b100-a1.00,0.555,0.5475,0.007500000000000062,100,0.843164888672482,1.0,False
BT-v2,HYB-s1-b300-a0.25,RL-s1-b200-a1.00,0.555,0.725,-0.16999999999999993,100,1.2095883613570846e-06,0.004060588129075733,True
BT-v2,HYB-s1-b300-a0.25,RL-s1-b300-a1.00,0.555,0.78,-0.22499999999999998,100,2.424900739258692e-10,9.651104942249595e-07,True
BT-v2,HYB-s1-b300-a0.25,RL-s2-b100-a1.00,0.555,0.6425,-0.08749999999999991,100,0.004045853042292598,1.0,False
BT-v2,HYB-s1-b300-a0.25,RL-s2-b200-a1.00,0.555,0.7175,-0.16249999999999998,100,9.741527449360659e-06,0.030666328410587355,True
BT-v2,HYB-s1-b300-a0.25,RL-s2-b300-a1.00,0.555,0.74,-0.18499999999999994,100,2.021642191920023e-06,0.0066754625177199165,True
BT-v2,HYB-s1-b300-a0.25,RL-s3-b100-a1.00,0.555,0.5025,0.0525000000000001,100,0.11078082258811715,1.0,False
BT-v2,HYB-s1-b300-a0.25,RL-s3-b200-a1.00,0.555,0.67,-0.11499999999999999,100,0.001374122317150888,1.0,False
BT-v2,HYB-s1-b300-a0.25,RL-s3-b300-a1.00,0.555,0.7175,-0.16249999999999998,100,6.743875949181363e-06,0.021506220401939367,True
BT-v2,HYB-s1-b300-a0.25,RL-s4-b100-a1.00,0.555,0.5725,-0.01749999999999996,100,0.26070192191965846,1.0,False
BT-v2,HYB-s1-b300-a0.25,RL-s4-b200-a1.00,0.555,0.6275,-0.0724999999999999,100,0.03099298655460244,1.0,False
BT-v2,HYB-s1-b300-a0.25,RL-s4-b300-a1.00,0.555,0.7475,-0.1925,100,4.3456787748300456e-08,0.00015792196667732385,True
BT-v2,HYB-s1-b300-a0.50,HYB-s1-b300-a0.75,0.6325,0.665,-0.032500000000000084,100,0.3617268679476766,1.0,False
BT-v2,HYB-s1-b300-a0.50,HYB-s2-b100-a0.25,0.6325,0.525,0.10749999999999993,100,0.0005797293758697233,1.0,False
BT-v2,HYB-s1-b300-a0.50,HYB-s2-b100-a0.50,0.6325,0.5625,0.06999999999999995,100,0.006521874654397592,1.0,False
BT-v2,HYB-s1-b300-a0.50,HYB-s2-b100-a0.75,0.6325,0.67,-0.03750000000000009,100,0.17949759595242498,1.0,False
BT-v2,HYB-s1-b300-a0.50,HYB-s2-b200-a0.25,0.6325,0.545,0.08749999999999991,100,0.0022522232031021755,1.0,False
BT-v2,HYB-s1-b300-a0.50,HYB-s2-b200-a0.50,0.6325,0.5675,0.06499999999999995,100,0.02579913171619822,1.0,False
BT-v2,HYB-s1-b300-a0.50,HYB-s2-b200-a0.75,0.6325,0.6825,-0.050000000000000044,100,0.055161946197087176,1.0,False
BT-v2,HYB-s1-b300-a0.50,HYB-s2-b300-a0.25,0.6325,0.55,0.0824999999999999,100,0.0030650562890809007,1.0,False
BT-v2,HYB-s1-b300-a0.50,HYB-s2-b300-a0.50,0.6325,0.595,0.03749999999999998,100,0.23089111056073752,1.0,False
BT-v2,HYB-s1-b300-a0.50,HYB-s2-b300-a0.75,0.6325,0.6725,-0.040000000000000036,100,0.08001168154446467,1.0,False
BT-v2,HYB-s1-b300-a0.50,HYB-s3-b100-a0.25,0.6325,0.5075,0.125,100,1.7624275648559797e-05,0.054388514651455534,False
BT-v2,HYB-s1-b300-a0.50,HYB-s3-b100-a0.50,0.6325,0.4875,0.14499999999999996,100,1.4152116262261689e-06,0.004721145985090499,True
BT-v2,HYB-s1-b300-a0.50,HYB-s3-b100-a0.75,0.6325,0.5575,0.07499999999999996,100,0.019777490799849813,1.0,False
BT-v2,HYB-s1-b300-a0.50,HYB-s3-b200-a0.25,0.6325,0.4775,0.15499999999999997,100,5.135066311326723e-07,0.0017633817713095968,True
BT-v2,HYB-s1-b300-a0.50,HYB-s3-b200-a0.50,0.6325,0.49,0.14249999999999996,100,3.738063371186089e-06,0.012152444019725974,True
BT-v2,HYB-s1-b300-a0.50,HYB-s3-b200-a0.75,0.6325,0.5475,0.08499999999999996,100,0.0033699168648189714,1.0,False
BT-v2,HYB-s1-b300-a0.50,HYB-s3-b300-a0.25,0.6325,0.53,0.10249999999999992,100,0.00019884046570486217,0.5491973662768294,False
BT-v2,HYB-s1-b300-a0.50,HYB-s3-b300-a0.50,0.6325,0.5,0.13249999999999995,100,8.215186118797107e-06,0.026001064065992844,True
BT-v2,HYB-s1-b300-a0.50,HYB-s3-b300-a0.75,0.6325,0.635,-0.0025000000000000577,100,0.906307734005148,1.0,False
BT-v2,HYB-s1-b300-a0.50,HYB-s4-b100-a0.25,0.6325,0.515,0.11749999999999994,100,5.32012527252855e-05,0.15598607299053707,False
BT-v2,HYB-s1-b300-a0.50,HYB-s4-b100-a0.50,0.6325,0.545,0.08749999999999991,100,0.008469588466073758,1.0,False
BT-v2,HYB-s1-b300-a0.50,HYB-s4-b100-a0.75,0.6325,0.5975,0.03499999999999992,100,0.22195981325264202,1.0,False
BT-v2,HYB-s1-b300-a0.50,HYB-s4-b200-a0.25,0.6325,0.525,0.10749999999999993,100,0.002647606772760653,1.0,False
BT-v2,HYB-s1-b300-a0.50,HYB-s4-b200-a0.50,0.6325,0.555,0.0774999999999999,100,0.005981318265614141,1.0,False
BT-v2,HYB-s1-b300-a0.50,HYB-s4-b200-a0.75,0.6325,0.675,-0.04250000000000009,100,0.21628595390675553,1.0,False
BT-v2,HYB-s1-b300-a0.50,HYB-s4-b300-a0.25,0.6325,0.545,0.08749999999999991,100,0.0005277187458328295,1.0,False
BT-v2,HYB-s1-b300-a0.50,HYB-s4-b300-a0.50,0.6325,0.61,0.022499999999999964,100,0.6012124542719203,1.0,False
BT-v2,HYB-s1-b300-a0.50,HYB-s4-b300-a0.75,0.6325,0.7375,-0.1050000000000001,100,0.00026579721635282185,0.7197788618834415,False
BT-v2,HYB-s1-b300-a0.50,RL-s0-b0-a1.00,0.6325,0.4375,0.19499999999999995,100,3.2811858213306544e-08,0.00012009140106070196,True
BT-v2,HYB-s1-b300-a0.50,RL-s0-b100-a1.00,0.6325,0.45,0.18249999999999994,100,8.191152537492886e-07,0.002784172747493832,True
BT-v2,HYB-s1-b300-a0.50,RL-s0-b200-a1.00,0.6325,0.6625,-0.030000000000000027,100,0.35589676030873496,1.0,False
BT-v2,HYB-s1-b300-a0.50,RL-s0-b300-a1.00,0.6325,0.72,-0.08750000000000002,100,0.001056661393440247,1.0,False
BT-v2,HYB-s1-b300-a0.50,RL-s1-b100-a1.00,0.6325,0.5475,0.08499999999999996,100,0.00313936426168881,1.0,False
BT-v2,HYB-s1-b300-a0.50,RL-s1-b200-a1.00,0.6325,0.725,-0.09250000000000003,100,0.002129543845183262,1.0,False
BT-v2,HYB-s1-b300-a0.50,RL-s1-b300-a1.00,0.6325,0.78,-0.14750000000000008,100,8.912895876852217e-07,0.0030205804126652164,True
BT-v2,HYB-s1-b300-a0.50,RL-s2-b100-a1.00,0.6325,0.6425,-0.010000000000000009,100,0.7145925358476953,1.0,False
BT-v2,HYB-s1-b300-a0.50,RL-s2-b200-a1.00,0.6325,0.7175,-0.08500000000000008,100,0.008068060651522655,1.0,False
BT-v2,HYB-s1-b300-a0.50,RL-s2-b300-a1.00,0.6325,0.74,-0.10750000000000004,100,0.0012296487163947943,1.0,False
BT-v2,HYB-s1-b300-a0.50,RL-s3-b100-a1.00,0.6325,0.5025,0.13,100,4.024331741347716e-05,0.11960313935285413,False
BT-v2,HYB-s1-b300-a0.50,RL-s3-b200-a1.00,0.6325,0.67,-0.03750000000000009,100,0.12854200407373995,1.0,False
BT-v2,HYB-s1-b300-a0.50,RL-s3-b300-a1.00,0.6325,0.7175,-0.08500000000000008,100,0.0010818534447886066,1.0,False
BT-v2,HYB-s1-b300-a0.50,RL-s4-b100-a1.00,0.6325,0.5725,0.05999999999999994,100,0.04362173345192279,1.0,False
BT-v2,HYB-s1-b300-a0.50,RL-s4-b200-a1.00,0.6325,0.6275,0.0050000000000000044,100,0.9306049810083005,1.0,False
BT-v2,HYB-s1-b300-a0.50,RL-s4-b300-a1.00,0.6325,0.7475,-0.1150000000000001,100,0.00015700058411779525,0.4383456308568843,False
BT-v2,HYB-s1-b300-a0.75,HYB-s2-b100-a0.25,0.665,0.525,0.14,100,4.6569481558618845e-06,0.015055913387901472,True
BT-v2,HYB-s1-b300-a0.75,HYB-s2-b100-a0.50,0.665,0.5625,0.10250000000000004,100,5.29921680897584e-05,0.15542602900726138,False
BT-v2,HYB-s1-b300-a0.75,HYB-s2-b100-a0.75,0.665,0.67,-0.0050000000000000044,100,0.7418785603671496,1.0,False
BT-v2,HYB-s1-b300-a0.75,HYB-s2-b200-a0.25,0.665,0.545,0.12,100,0.00018120768114738225,0.5023076921405436,False
BT-v2,HYB-s1-b300-a0.75,HYB-s2-b200-a0.50,0.665,0.5675,0.09750000000000003,100,0.0005892343943142842,1.0,False
BT-v2,HYB-s1-b300-a0.75,HYB-s2-b200-a0.75,0.665,0.6825,-0.01749999999999996,100,0.7865282536400877,1.0,False
BT-v2,HYB-s1-b300-a0.75,HYB-s2-b300-a0.25,0.665,0.55,0.11499999999999999,100,1.8491277893832985e-05,0.056971627190899425,False
BT-v2,HYB-s1-b300-a0.75,HYB-s2-b300-a0.50,0.665,0.595,0.07000000000000006,100,0.006426276807058104,1.0,False
BT-v2,HYB-s1-b300-a0.75,HYB-s2-b300-a0.75,0.665,0.6725,-0.007499999999999951,100,0.9831934919220803,1.0,False
BT-v2,HYB-s1-b300-a0.75,HYB-s3-b100-a0.25,0.665,0.5075,0.15750000000000008,100,2.0234364049042757e-06,0.006679363572589014,True
BT-v2,HYB-s1-b300-a0.75,HYB-s3-b100-a0.50,0.665,0.4875,0.17750000000000005,100,6.993709320949301e-09,2.6436221233188357e-05,True
BT-v2,HYB-s1-b300-a0.75,HYB-s3-b100-a0.75,0.665,0.5575,0.10750000000000004,100,0.0002226012284738197,0.6090369611043707,False
BT-v2,HYB-s1-b300-a0.75,HYB-s3-b200-a0.25,0.665,0.4775,0.18750000000000006,100,2.5677671393776138e-09,9.883335719464435e-06,True
BT-v2,HYB-s1-b300-a0.75,HYB-s3-b200-a0.50,0.665,0.49,0.17500000000000004,100,2.6692398824044806e-07,0.0009312977949709233,True
BT-v2,HYB-s1-b300-a0.75,HYB-s3-b200-a0.75,0.665,0.5475,0.11750000000000005,100,4.1557061210696534e-05,0.12329980061213662,False
BT-v2,HYB-s1-b300-a0.75,HYB-s3-b300-a0.25,0.665,0.53,0.135,100,7.456328597207408e-07,0.0025396255202088432,True
BT-v2,HYB-s1-b300-a0.75,HYB-s3-b300-a0.50,0.665,0.5,0.16500000000000004,100,8.192476247328409e-08,0.0002933725744168303,True
BT-v2,HYB-s1-b300-a0.75,HYB-s3-b300-a0.75,0.665,0.635,0.030000000000000027,100,0.17621042004008702,1.0,False
BT-v2,HYB-s1-b300-a0.75,HYB-s4-b100-a0.25,0.665,0.515,0.15000000000000002,100,2.4448091333010584e-07,0.0008542163111753898,True
BT-v2,HYB-s1-b300-a0.75,HYB-s4-b100-a0.50,0.665,0.545,0.12,100,5.829548611385812e-06,0.018712851042548457,True
BT-v2,HYB-s1-b300-a0.75,HYB-s4-b100-a0.75,0.665,0.5975,0.0675,100,0.0050678429020571255,1.0,False
BT-v2,HYB-s1-b300-a0.75,HYB-s4-b200-a0.25,0.665,0.525,0.14,100,3.846384664161945e-06,0.012485364619869672,True
BT-v2,HYB-s1-b300-a0.75,HYB-s4-b200-a0.50,0.665,0.555,0.10999999999999999,100,3.790420744824535e-05,0.11287872978087465,False
BT-v2,HYB-s1-b300-a0.75,HYB-s4-b200-a0.75,0.665,0.675,-0.010000000000000009,100,0.7043441913260099,1.0,False
BT-v2,HYB-s1-b300-a0.75,HYB-s4-b300-a0.25,0.665,0.545,0.12,100,1.420375402016439e-05,0.044145267494670924,True
BT-v2,HYB-s1-b300-a0.75,HYB-s4-b300-a0.50,0.665,0.61,0.05500000000000005,100,0.03866963750348955,1.0,False
BT-v2,HYB-s1-b300-a0.75,HYB-s4-b300-a0.75,0.665,0.7375,-0.07250000000000001,100,0.013942080610203056,1.0,False
BT-v2,HYB-s1-b300-a0.75,RL-s0-b0-a1.00,0.665,0.4375,0.22750000000000004,100,4.243601642696162e-11,1.716961224634867e-07,True
BT-v2,HYB-s1-b300-a0.75,RL-s0-b100-a1.00,0.665,0.45,0.21500000000000002,100,2.1924681415961853e-08,8.085822506206732e-05,True
BT-v2,HYB-s1-b300-a0.75,RL-s0-b200-a1.00,0.665,0.6625,0.0025000000000000577,100,0.8349517684407697,1.0,False
BT-v2,HYB-s1-b300-a0.75,RL-s0-b300-a1.00,0.665,0.72,-0.05499999999999994,100,0.029601236686572156,1.0,False
BT-v2,HYB-s1-b300-a0.75,RL-s1-b100-a1.00,0.665,0.5475,0.11750000000000005,100,2.9412128624738443e-05,0.08860711317090472,False
BT-v2,HYB-s1-b300-a0.75,RL-s1-b200-a1.00,0.665,0.725,-0.05999999999999994,100,0.050664683888487556,1.0,False
BT-v2,HYB-s1-b300-a0.75,RL-s1-b300-a1.00,0.665,0.78,-0.11499999999999999,100,1.148963863385469e-05,0.03593958964669747,True
BT-v2,HYB-s1-b300-a0.75,RL-s2-b100-a1.00,0.665,0.6425,0.022500000000000075,100,0.2946745243602926,1.0,False
BT-v2,HYB-s1-b300-a0.75,RL-s2-b200-a1.00,0.665,0.7175,-0.05249999999999999,100,0.14604019889473158,1.0,False
BT-v2,HYB-s1-b300-a0.75,RL-s2-b300-a1.00,0.665,0.74,-0.07499999999999996,100,0.029994553111680942,1.0,False
BT-v2,HYB-s1-b300-a0.75,RL-s3-b100-a1.00,0.665,0.5025,0.1625000000000001,100,3.7610992237576326e-08,0.00013724251067491602,True
BT-v2,HYB-s1-b300-a0.75,RL-s3-b200-a1.00,0.665,0.67,-0.0050000000000000044,100,0.9707772880105647,1.0,False
BT-v2,HYB-s1-b300-a0.75,RL-s3-b300-a1.00,0.665,0.7175,-0.05249999999999999,100,0.09382307915792053,1.0,False
BT-v2,HYB-s1-b300-a0.75,RL-s4-b100-a1.00,0.665,0.5725,0.09250000000000003,100,0.0011026759243469226,1.0,False
BT-v2,HYB-s1-b300-a0.75,RL-s4-b200-a1.00,0.665,0.6275,0.03750000000000009,100,0.4391505984059325,1.0,False
BT-v2,HYB-s1-b300-a0.75,RL-s4-b300-a1.00,0.665,0.7475,-0.08250000000000002,100,0.010433168908378334,1.0,False
BT-v2,HYB-s2-b100-a0.25,HYB-s2-b100-a0.50,0.525,0.5625,-0.03749999999999998,100,0.17153429344883997,1.0,False
BT-v2,HYB-s2-b100-a0.25,HYB-s2-b100-a0.75,0.525,0.67,-0.14500000000000002,100,1.5651653502660716e-06,0.005202609624284422,True
BT-v2,HYB-s2-b100-a0.25,HYB-s2-b200-a0.25,0.525,0.545,-0.020000000000000018,100,0.49047531570478553,1.0,False
BT-v2,HYB-s2-b100-a0.25,HYB-s2-b200-a0.50,0.525,0.5675,-0.04249999999999998,100,0.061341380590473074,1.0,False
BT-v2,HYB-s2-b100-a0.25,HYB-s2-b200-a0.75,0.525,0.6825,-0.15749999999999997,100,1.0359483916167257e-06,0.0034911460797483656,True
BT-v2,HYB-s2-b100-a0.25,HYB-s2-b300-a0.25,0.525,0.55,-0.025000000000000022,100,0.20246675927494218,1.0,False
BT-v2,HYB-s2-b100-a0.25,HYB-s2-b300-a0.50,0.525,0.595,-0.06999999999999995,100,0.004439610931059965,1.0,False
BT-v2,HYB-s2-b100-a0.25,HYB-s2-b300-a0.75,0.525,0.6725,-0.14749999999999996,100,1.0401109251469917e-06,0.003504133706820215,True
BT-v2,HYB-s2-b100-a0.25,HYB-s3-b100-a0.25,0.525,0.5075,0.01750000000000007,100,0.24903440274283062,1.0,False
BT-v2,HYB-s2-b100-a0.25,HYB-s3-b100-a0.50,0.525,0.4875,0.03750000000000003,100,0.0751575090851569,1.0,False
BT-v2,HYB-s2-b100-a0.25,HYB-s3-b100-a0.75,0.525,0.5575,-0.03249999999999997,100,0.1747016832364373,1.0,False
BT-v2,HYB-s2-b100-a0.25,HYB-s3-b200-a0.25,0.525,0.4775,0.04750000000000004,100,0.018275558882201576,1.0,False
BT-v2,HYB-s2-b100-a0.25,HYB-s3-b200-a0.50,0.525,0.49,0.03500000000000003,100,0.10728802471233491,1.0,False
BT-v2,HYB-s2-b100-a0.25,HYB-s3-b200-a0.75,0.525,0.5475,-0.022499999999999964,100,0.4497351893208763,1.0,False
BT-v2,HYB-s2-b100-a0.25,HYB-s3-b300-a0.25,0.525,0.53,-0.0050000000000000044,100,0.6030287804906608,1.0,False
BT-v2,HYB-s2-b100-a0.25,HYB-s3-b300-a0.50,0.525,0.5,0.025000000000000022,100,0.39794864419747356,1.0,False
BT-v2,HYB-s2-b100-a0.25,HYB-s3-b300-a0.75,0.525,0.635,-0.10999999999999999,100,7.62430855600268e-05,0.22064748961071756,False
BT-v2,HYB-s2-b100-a0.25,HYB-s4-b100-a0.25,0.525,0.515,0.010000000000000009,100,0.7232447547627285,1.0,False
BT-v2,HYB-s2-b100-a0.25,HYB-s4-b100-a0.50,0.525,0.545,-0.020000000000000018,100,0.4007051576300097,1.0,False
BT-v2,HYB-s2-b100-a0.25,HYB-s4-b100-a0.75,0.525,0.5975,-0.07250000000000001,100,0.0018376582475286638,1.0,False
BT-v2,HYB-s2-b100-a0.25,HYB-s4-b200-a0.25,0.525,0.525,0.0,100,0.9706441179652029,1.0,False
BT-v2,HYB-s2-b100-a0.25,HYB-s4-b200-a0.50,0.525,0.555,-0.030000000000000027,100,0.4415961726966934,1.0,False
BT-v2,HYB-s2-b100-a0.25,HYB-s4-b200-a0.75,0.525,0.675,-0.15000000000000002,100,2.3913731477514484e-06,0.007853269417215756,True
BT-v2,HYB-s2-b100-a0.25,HYB-s4-b300-a0.25,0.525,0.545,-0.020000000000000018,100,0.34343562842642317,1.0,False
BT-v2,HYB-s2-b100-a0.25,HYB-s4-b300-a0.50,0.525,0.61,-0.08499999999999996,100,0.0017645107224257218,1.0,False
BT-v2,HYB-s2-b100-a0.25,HYB-s4-b300-a0.75,0.525,0.7375,-0.21250000000000002,100,1.5447626263783563e-11,6.294907702491802e-08,True
BT-v2,HYB-s2-b100-a0.25,RL-s0-b0-a1.00,0.525,0.4375,0.08750000000000002,100,0.0011724583821553945,1.0,False
BT-v2,HYB-s2-b100-a0.25,RL-s0-b100-a1.00,0.525,0.45,0.07500000000000001,100,0.033114197102037835,1.0,False
BT-v2,HYB-s2-b100-a0.25,RL-s0-b200-a1.00,0.525,0.6625,-0.13749999999999996,100,2.938512442911867e-06,0.009605997175878893,True
BT-v2,HYB-s2-b100-a0.25,RL-s0-b300-a1.00,0.525,0.72,-0.19499999999999995,100,5.736480466323672e-10,2.257878711544997e-06,True
BT-v2,HYB-s2-b100-a0.25,RL-s1-b100-a1.00,0.525,0.5475,-0.022499999999999964,100,0.6577489441523618,1.0,False
BT-v2,HYB-s2-b100-a0.25,RL-s1-b200-a1.00,0.525,0.725,-0.19999999999999996,100,1.5456367576616796e-09,6.0032531667579635e-06,True
BT-v2,HYB-s2-b100-a0.25,RL-s1-b300-a1.00,0.525,0.78,-0.255,100,1.7776696199515002e-13,7.443102698736931e-10,True
BT-v2,HYB-s2-b100-a0.25,RL-s2-b100-a1.00,0.525,0.6425,-0.11749999999999994,100,1.8516324076214303e-05,0.057011951623953006,False
BT-v2,HYB-s2-b100-a0.25,RL-s2-b200-a1.00,0.525,0.7175,-0.1925,100,6.4587390484321045e-09,2.4452786037363947e-05,True
BT-v2,HYB-s2-b100-a0.25,RL-s2-b300-a1.00,0.525,0.74,-0.21499999999999997,100,2.956396793281166e-09,1.1352563686199677e-05,True
BT-v2,HYB-s2-b100-a0.25,RL-s3-b100-a1.00,0.525,0.5025,0.022500000000000075,100,0.33102219994389415,1.0,False
BT-v2,HYB-s2-b100-a0.25,RL-s3-b200-a1.00,0.525,0.67,-0.14500000000000002,100,2.1266434113572115e-05,0.06501148908518996,False
BT-v2,HYB-s2-b100-a0.25,RL-s3-b300-a1.00,0.525,0.7175,-0.1925,100,5.86721187576326e-08,0.0002118650208338113,True
BT-v2,HYB-s2-b100-a0.25,RL-s4-b100-a1.00,0.525,0.5725,-0.04749999999999999,100,0.03969282319576449,1.0,False
BT-v2,HYB-s2-b100-a0.25,RL-s4-b200-a1.00,0.525,0.6275,-0.10249999999999992,100,0.000722030679865658,1.0,False
BT-v2,HYB-s2-b100-a0.25,RL-s4-b300-a1.00,0.525,0.7475,-0.22250000000000003,100,4.201573772237974e-10,1.6621425842973425e-06,True
BT-v2,HYB-s2-b100-a0.50,HYB-s2-b100-a0.75,0.5625,0.67,-0.10750000000000004,100,0.00028012039235907776,0.7571654205465872,False
BT-v2,HYB-s2-b100-a0.50,HYB-s2-b200-a0.25,0.5625,0.545,0.01749999999999996,100,0.4568839465074914,1.0,False
BT-v2,HYB-s2-b100-a0.50,HYB-s2-b200-a0.50,0.5625,0.5675,-0.0050000000000000044,100,0.8671698598677398,1.0,False
BT-v2,HYB-s2-b100-a0.50,HYB-s2-b200-a0.75,0.5625,0.6825,-0.12,100,1.687887633982035e-05,0.052206364519064345,False
BT-v2,HYB-s2-b100-a0.50,HYB-s2-b300-a0.25,0.5625,0.55,0.012499999999999956,100,0.7013883677876038,1.0,False
BT-v2,HYB-s2-b100-a0.50,HYB-s2-b300-a0.50,0.5625,0.595,-0.03249999999999997,100,0.16256278052523976,1.0,False
BT-v2,HYB-s2-b100-a0.50,HYB-s2-b300-a0.75,0.5625,0.6725,-0.10999999999999999,100,2.0476965265270212e-05,0.06265951371172684,False
BT-v2,HYB-s2-b100-a0.50,HYB-s3-b100-a0.25,0.5625,0.5075,0.05500000000000005,100,0.08607581023744405,1.0,False
BT-v2,HYB-s2-b100-a0.50,HYB-s3-b100-a0.50,0.5625,0.4875,0.07500000000000001,100,0.0015953467769619072,1.0,False
BT-v2,HYB-s2-b100-a0.50,HYB-s3-b100-a0.75,0.5625,0.5575,0.0050000000000000044,100,0.8340144088926472,1.0,False
BT-v2,HYB-s2-b100-a0.50,HYB-s3-b200-a0.25,0.5625,0.4775,0.08500000000000002,100,0.0019094901391434064,1.0,False
BT-v2,HYB-s2-b100-a0.50,HYB-s3-b200-a0.50,0.5625,0.49,0.07250000000000001,100,0.001536325407100347,1.0,False
BT-v2,HYB-s2-b100-a0.50,HYB-s3-b200-a0.75,0.5625,0.5475,0.015000000000000013,100,0.7314787570659347,1.0,False
BT-v2,HYB-s2-b100-a0.50,HYB-s3-b300-a0.25,0.5625,0.53,0.03249999999999997,100,0.1915280278505176,1.0,False
BT-v2,HYB-s2-b100-a0.50,HYB-s3-b300-a0.50,0.5625,0.5,0.0625,100,0.015130187018978588,1.0,False
BT-v2,HYB-s2-b100-a0.50,HYB-s3-b300-a0.75,0.5625,0.635,-0.07250000000000001,100,0.002996225628015397,1.0,False
BT-v2,HYB-s2-b100-a0.50,HYB-s4-b100-a0.25,0.5625,0.515,0.04749999999999999,100,0.03395898165015307,1.0,False
BT-v2,HYB-s2-b100-a0.50,HYB-s4-b100-a0.50,0.5625,0.545,0.01749999999999996,100,0.46331982063492816,1.0,False
BT-v2,HYB-s2-b100-a0.50,HYB-s4-b100-a0.75,0.5625,0.5975,-0.03500000000000003,100,0.14792890619947963,1.0,False
BT-v2,HYB-s2-b100-a0.50,HYB-s4-b200-a0.25,0.5625,0.525,0.03749999999999998,100,0.1956869798236076,1.0,False
BT-v2,HYB-s2-b100-a0.50,HYB-s4-b200-a0.50,0.5625,0.555,0.007499999999999951,100,0.8598139043680839,1.0,False
BT-v2,HYB-s2-b100-a0.50,HYB-s4-b200-a0.75,0.5625,0.675,-0.11250000000000004,100,0.0003626010740209291,0.9674196654878388,False
BT-v2,HYB-s2-b100-a0.50,HYB-s4-b300-a0.25,0.5625,0.545,0.01749999999999996,100,0.3276056293785711,1.0,False
BT-v2,HYB-s2-b100-a0.50,HYB-s4-b300-a0.50,0.5625,0.61,-0.04749999999999999,100,0.010009544971693781,1.0,False
BT-v2,HYB-s2-b100-a0.50,HYB-s4-b300-a0.75,0.5625,0.7375,-0.17500000000000004,100,4.4943523707906297e-10,1.7761680569364567e-06,True
BT-v2,HYB-s2-b100-a0.50,RL-s0-b0-a1.00,0.5625,0.4375,0.125,100,8.367883381674822e-06,0.026459247252855787,True
BT-v2,HYB-s2-b100-a0.50,RL-s0-b100-a1.00,0.5625,0.45,0.11249999999999999,100,0.0017129883966477586,1.0,False
BT-v2,HYB-s2-b100-a0.50,RL-s0-b200-a1.00,0.5625,0.6625,-0.09999999999999998,100,0.00026078677144682086,0.7067321506208846,False
BT-v2,HYB-s2-b100-a0.50,RL-s0-b300-a1.00,0.5625,0.72,-0.15749999999999997,100,4.7217314551246325e-09,1.7966188186749228e-05,True
BT-v2,HYB-s2-b100-a0.50,RL-s1-b100-a1.00,0.5625,0.5475,0.015000000000000013,100,0.3680487826068929,1.0,False
BT-v2,HYB-s2-b100-a0.50,RL-s1-b200-a1.00,0.5625,0.725,-0.16249999999999998,100,1.4286228590384753e-08,5.328763264213513e-05,True
BT-v2,HYB-s2-b100-a0.50,RL-s1-b300-a1.00,0.5625,0.78,-0.21750000000000003,100,9.995260737150107e-12,4.0880616414943935e-08,True
BT-v2,HYB-s2-b100-a0.50,RL-s2-b100-a1.00,0.5625,0.6425,-0.07999999999999996,100,0.0019223020028246083,1.0,False
BT-v2,HYB-s2-b100-a0.50,RL-s2-b200-a1.00,0.5625,0.7175,-0.15500000000000003,100,1.594066960315598e-07,0.0005619086035112482,True
BT-v2,HYB-s2-b100-a0.50,RL-s2-b300-a1.00,0.5625,0.74,-0.1775,100,1.434334697251818e-07,0.0005074676158876932,True
BT-v2,HYB-s2-b100-a0.50,RL-s3-b100-a1.00,0.5625,0.5025,0.06000000000000005,100,0.0071694131020599745,1.0,False
BT-v2,HYB-s2-b100-a0.50,RL-s3-b200-a1.00,0.5625,0.67,-0.10750000000000004,100,0.00017026194761473804,0.47417952410704545,False
BT-v2,HYB-s2-b100-a0.50,RL-s3-b300-a1.00,0.5625,0.7175,-0.15500000000000003,100,4.1382873510698864e-07,0.0014297782797946458,True
BT-v2,HYB-s2-b100-a0.50,RL-s4-b100-a1.00,0.5625,0.5725,-0.010000000000000009,100,0.2681319706922012,1.0,False
BT-v2,HYB-s2-b100-a0.50,RL-s4-b200-a1.00,0.5625,0.6275,-0.06499999999999995,100,0.01719412976520427,1.0,False
BT-v2,HYB-s2-b100-a0.50,RL-s4-b300-a1.00,0.5625,0.7475,-0.18500000000000005,100,7.701878094663633e-10,3.021446776536543e-06,True
BT-v2,HYB-s2-b100-a0.75,HYB-s2-b200-a0.25,0.67,0.545,0.125,100,1.020158598508919e-05,0.032073786337120415,True
BT-v2,HYB-s2-b100-a0.75,HYB-s2-b200-a0.50,0.67,0.5675,0.10250000000000004,100,0.00013997882930304114,0.39362046800015166,False
BT-v2,HYB-s2-b100-a0.75,HYB-s2-b200-a0.75,0.67,0.6825,-0.012499999999999956,100,0.43884974680874156,1.0,False
BT-v2,HYB-s2-b100-a0.75,HYB-s2-b300-a0.25,0.67,0.55,0.12,100,2.5701998805986784e-05,0.07791732668809549,False
BT-v2,HYB-s2-b100-a0.75,HYB-s2-b300-a0.50,0.67,0.595,0.07500000000000007,100,0.001506337050085087,1.0,False
BT-v2,HYB-s2-b100-a0.75,HYB-s2-b300-a0.75,0.67,0.6725,-0.0024999999999999467,100,0.5265170382003557,1.0,False
BT-v2,HYB-s2-b100-a0.75,HYB-s3-b100-a0.25,0.67,0.5075,0.1625000000000001,100,1.789089616946872e-06,0.005927253900944987,True
BT-v2,HYB-s2-b100-a0.75,HYB-s3-b100-a0.50,0.67,0.4875,0.18250000000000005,100,2.5522771770830564e-09,9.826267131769767e-06,True
BT-v2,HYB-s2-b100-a0.75,HYB-s3-b100-a0.75,0.67,0.5575,0.11250000000000004,100,4.61513435557044e-05,0.136146463489328,False
BT-v2,HYB-s2-b100-a0.75,HYB-s3-b200-a0.25,0.67,0.4775,0.19250000000000006,100,4.192294431242168e-09,1.60061801384826e-05,True
BT-v2,HYB-s2-b100-a0.75,HYB-s3-b200-a0.50,0.67,0.49,0.18000000000000005,100,8.138621167064143e-08,0.0002915254102042376,True
BT-v2,HYB-s2-b100-a0.75,HYB-s3-b200-a0.75,0.67,0.5475,0.12250000000000005,100,0.00012709324418913004,0.3591655080784815,False
BT-v2,HYB-s2-b100-a0.75,HYB-s3-b300-a0.25,0.67,0.53,0.14,100,6.766633146109373e-06,0.02156525983665057,True
BT-v2,HYB-s2-b100-a0.75,HYB-s3-b300-a0.50,0.67,0.5,0.17000000000000004,100,6.932138274718128e-07,0.0023659387931612968,True
BT-v2,HYB-s2-b100-a0.75,HYB-s3-b300-a0.75,0.67,0.635,0.03500000000000003,100,0.12281669504059488,1.0,False
BT-v2,HYB-s2-b100-a0.75,HYB-s4-b100-a0.25,0.67,0.515,0.15500000000000003,100,4.682133686422176e-07,0.0016120586282351553,True
BT-v2,HYB-s2-b100-a0.75,HYB-s4-b100-a0.50,0.67,0.545,0.125,100,3.387877564358316e-05,0.10150081182817514,False
BT-v2,HYB-s2-b100-a0.75,HYB-s4-b100-a0.75,0.67,0.5975,0.07250000000000001,100,0.005315315212375118,1.0,False
BT-v2,HYB-s2-b100-a0.75,HYB-s4-b200-a0.25,0.67,0.525,0.14500000000000002,100,1.9767562368072756e-05,0.060676451357396584,False
BT-v2,HYB-s2-b100-a0.75,HYB-s4-b200-a0.50,0.67,0.555,0.11499999999999999,100,0.00010346375852317534,0.2958028856177583,False
BT-v2,HYB-s2-b100-a0.75,HYB-s4-b200-a0.75,0.67,0.675,-0.0050000000000000044,100,0.7080218573613769,1.0,False
BT-v2,HYB-s2-b100-a0.75,HYB-s4-b300-a0.25,0.67,0.545,0.125,100,4.678006121646069e-05,0.13790762046612612,False
BT-v2,HYB-s2-b100-a0.75,HYB-s4-b300-a0.50,0.67,0.61,0.06000000000000005,100,0.04792625141858922,1.0,False
BT-v2,HYB-s2-b100-a0.75,HYB-s4-b300-a0.75,0.67,0.7375,-0.0675,100,0.0017508575722463982,1.0,False
BT-v2,HYB-s2-b100-a0.75,RL-s0-b0-a1.00,0.67,0.4375,0.23250000000000004,100,3.51797925959148e-10,1.395230574353981e-06,True
BT-v2,HYB-s2-b100-a0.75,RL-s0-b100-a1.00,0.67,0.45,0.22000000000000003,100,2.6028372645113913e-07,0.0009086504890409267,True
BT-v2,HYB-s2-b100-a0.75,RL-s0-b200-a1.00,0.67,0.6625,0.007500000000000062,100,0.8603883778163339,1.0,False
BT-v2,HYB-s2-b100-a0.75,RL-s0-b300-a1.00,0.67,0.72,-0.04999999999999993,100,0.005059090222075481,1.0,False
BT-v2,HYB-s2-b100-a0.75,RL-s1-b100-a1.00,0.67,0.5475,0.12250000000000005,100,3.9306472132042605e-06,0.012754950206847825,True
BT-v2,HYB-s2-b100-a0.75,RL-s1-b200-a1.00,0.67,0.725,-0.05499999999999994,100,0.032757334078721397,1.0,False
BT-v2,HYB-s2-b100-a0.75,RL-s1-b300-a1.00,0.67,0.78,-0.10999999999999999,100,9.870916117473666e-05,0.28250561928209633,False
BT-v2,HYB-s2-b100-a0.75,RL-s2-b100-a1.00,0.67,0.6425,0.02750000000000008,100,0.2026164230167018,1.0,False
BT-v2,HYB-s2-b100-a0.75,RL-s2-b200-a1.00,0.67,0.7175,-0.04749999999999999,100,0.043730045890903894,1.0,False
BT-v2,HYB-s2-b100-a0.75,RL-s2-b300-a1.00,0.67,0.74,-0.06999999999999995,100,0.012889402084846112,1.0,False
BT-v2,HYB-s2-b100-a0.75,RL-s3-b100-a1.00,0.67,0.5025,0.1675000000000001,100,2.8676338491051397e-08,0.00010518480958517653,True
BT-v2,HYB-s2-b100-a0.75,RL-s3-b200-a1.00,0.67,0.67,0.0,100,0.5446177890169985,1.0,False
BT-v2,HYB-s2-b100-a0.75,RL-s3-b300-a1.00,0.67,0.7175,-0.04749999999999999,100,0.04345703712351299,1.0,False
BT-v2,HYB-s2-b100-a0.75,RL-s4-b100-a1.00,0.67,0.5725,0.09750000000000003,100,0.0014831944018066593,1.0,False
BT-v2,HYB-s2-b100-a0.75,RL-s4-b200-a1.00,0.67,0.6275,0.04250000000000009,100,0.5228679592546326,1.0,False
BT-v2,HYB-s2-b100-a0.75,RL-s4-b300-a1.00,0.67,0.7475,-0.07750000000000001,100,0.0020738616047681372,1.0,False
BT-v2,HYB-s2-b200-a0.25,HYB-s2-b200-a0.50,0.545,0.5675,-0.022499999999999964,100,0.39219285511083934,1.0,False
BT-v2,HYB-s2-b200-a0.25,HYB-s2-b200-a0.75,0.545,0.6825,-0.13749999999999996,100,2.5698326744094817e-05,0.07791732668809549,False
BT-v2,HYB-s2-b200-a0.25,HYB-s2-b300-a0.25,0.545,0.55,-0.0050000000000000044,100,0.8601071333638055,1.0,False
BT-v2,HYB-s2-b200-a0.25,HYB-s2-b300-a0.50,0.545,0.595,-0.04999999999999993,100,0.019737325100260782,1.0,False
BT-v2,HYB-s2-b200-a0.25,HYB-s2-b300-a0.75,0.545,0.6725,-0.12749999999999995,100,2.4586992863049353e-05,0.07471987131080698,False
BT-v2,HYB-s2-b200-a0.25,HYB-s3-b100-a0.25,0.545,0.5075,0.03750000000000009,100,0.17323731415589916,1.0,False
BT-v2,HYB-s2-b200-a0.25,HYB-s3-b100-a0.50,0.545,0.4875,0.05750000000000005,100,0.022426651817519256,1.0,False
BT-v2,HYB-s2-b200-a0.25,HYB-s3-b100-a0.75,0.545,0.5575,-0.012499999999999956,100,0.8152665265291879,1.0,False
BT-v2,HYB-s2-b200-a0.25,HYB-s3-b200-a0.25,0.545,0.4775,0.06750000000000006,100,0.009557350682959547,1.0,False
BT-v2,HYB-s2-b200-a0.25,HYB-s3-b200-a0.50,0.545,0.49,0.05500000000000005,100,0.04623762625036853,1.0,False
BT-v2,HYB-s2-b200-a0.25,HYB-s3-b200-a0.75,0.545,0.5475,-0.0024999999999999467,100,0.8815114691109741,1.0,False
BT-v2,HYB-s2-b200-a0.25,HYB-s3-b300-a0.25,0.545,0.53,0.015000000000000013,100,0.6035277571648783,1.0,False
BT-v2,HYB-s2-b200-a0.25,HYB-s3-b300-a0.50,0.545,0.5,0.04500000000000004,100,0.11996060229833877,1.0,False
BT-v2,HYB-s2-b200-a0.25,HYB-s3-b300-a0.75,0.545,0.635,-0.08999999999999997,100,0.0005562232222546568,1.0,False
BT-v2,HYB-s2-b200-a0.25,HYB-s4-b100-a0.25,0.545,0.515,0.030000000000000027,100,0.21756319137864444,1.0,False
BT-v2,HYB-s2-b200-a0.25,HYB-s4-b100-a0.50,0.545,0.545,0.0,100,0.8839000808314369,1.0,False
BT-v2,HYB-s2-b200-a0.25,HYB-s4-b100-a0.75,0.545,0.5975,-0.05249999999999999,100,0.04158237439587734,1.0,False
BT-v2,HYB-s2-b200-a0.25,HYB-s4-b200-a0.25,0.545,0.525,0.020000000000000018,100,0.6391165026551802,1.0,False
BT-v2,HYB-s2-b200-a0.25,HYB-s4-b200-a0.50,0.545,0.555,-0.010000000000000009,100,0.7584937467523909,1.0,False
BT-v2,HYB-s2-b200-a0.25,HYB-s4-b200-a0.75,0.545,0.675,-0.13,100,1.5829566737589997e-05,0.049055827319791405,True
BT-v2,HYB-s2-b200-a0.25,HYB-s4-b300-a0.25,0.545,0.545,0.0,100,0.8641172477063723,1.0,False
BT-v2,HYB-s2-b200-a0.25,HYB-s4-b300-a0.50,0.545,0.61,-0.06499999999999995,100,0.014333641186893042,1.0,False
BT-v2,HYB-s2-b200-a0.25,HYB-s4-b300-a0.75,0.545,0.7375,-0.1925,100,3.1436439579968605e-09,1.2055874578917961e-05,True
BT-v2,HYB-s2-b200-a0.25,RL-s0-b0-a1.00,0.545,0.4375,0.10750000000000004,100,3.670610213156536e-05,0.10949430265845947,False
BT-v2,HYB-s2-b200-a0.25,RL-s0-b100-a1.00,0.545,0.45,0.09500000000000003,100,0.01626524012979858,1.0,False
BT-v2,HYB-s2-b200-a0.25,RL-s0-b200-a1.00,0.545,0.6625,-0.11749999999999994,100,7.270628055734564e-05,0.2109209198968597,False
BT-v2,HYB-s2-b200-a0.25,RL-s0-b300-a1.00,0.545,0.72,-0.17499999999999993,100,5.277327764507155e-08,0.00019093371851986888,True
BT-v2,HYB-s2-b200-a0.25,RL-s1-b100-a1.00,0.545,0.5475,-0.0024999999999999467,100,0.9200608968113805,1.0,False
BT-v2,HYB-s2-b200-a0.25,RL-s1-b200-a1.00,0.545,0.725,-0.17999999999999994,100,1.361215816508737e-07,0.0004822787637890455,True
BT-v2,HYB-s2-b200-a0.25,RL-s1-b300-a1.00,0.545,0.78,-0.235,100,2.489030946235448e-12,1.0282186838898636e-08,True
BT-v2,HYB-s2-b200-a0.25,RL-s2-b100-a1.00,0.545,0.6425,-0.09749999999999992,100,0.0006517537820184368,1.0,False
BT-v2,HYB-s2-b200-a0.25,RL-s2-b200-a1.00,0.545,0.7175,-0.1725,100,3.879522029609142e-08,0.00014140857797925323,True
BT-v2,HYB-s2-b200-a0.25,RL-s2-b300-a1.00,0.545,0.74,-0.19499999999999995,100,5.445792955889983e-08,0.00019691987328498178,True
BT-v2,HYB-s2-b200-a0.25,RL-s3-b100-a1.00,0.545,0.5025,0.04250000000000009,100,0.09346674564227747,1.0,False
BT-v2,HYB-s2-b200-a0.25,RL-s3-b200-a1.00,0.545,0.67,-0.125,100,0.00011707878342846202,0.3320354298031183,False
BT-v2,HYB-s2-b200-a0.25,RL-s3-b300-a1.00,0.545,0.7175,-0.1725,100,2.991313496315544e-07,0.0010409770967178093,True
BT-v2,HYB-s2-b200-a0.25,RL-s4-b100-a1.00,0.545,0.5725,-0.02749999999999997,100,0.27862080808522305,1.0,False
BT-v2,HYB-s2-b200-a0.25,RL-s4-b200-a1.00,0.545,0.6275,-0.0824999999999999,100,0.006796981294674139,1.0,False
BT-v2,HYB-s2-b200-a0.25,RL-s4-b300-a1.00,0.545,0.7475,-0.2025,100,1.0705698102896492e-08,4.015707358396474e-05,True
BT-v2,HYB-s2-b200-a0.50,HYB-s2-b200-a0.75,0.5675,0.6825,-0.11499999999999999,100,2.1605346610413125e-05,0.06602593924142251,False
BT-v2,HYB-s2-b200-a0.50,HYB-s2-b300-a0.25,0.5675,0.55,0.01749999999999996,100,0.33127773239173053,1.0,False
BT-v2,HYB-s2-b200-a0.50,HYB-s2-b300-a0.50,0.5675,0.595,-0.02749999999999997,100,0.1386706183610131,1.0,False
BT-v2,HYB-s2-b200-a0.50,HYB-s2-b300-a0.75,0.5675,0.6725,-0.10499999999999998,100,5.001874767554753e-05,0.14710513691378527,False
BT-v2,HYB-s2-b200-a0.50,HYB-s3-b100-a0.25,0.5675,0.5075,0.06000000000000005,100,0.023241499214345252,1.0,False
BT-v2,HYB-s2-b200-a0.50,HYB-s3-b100-a0.50,0.5675,0.4875,0.08000000000000002,100,0.0008621959595614093,1.0,False
BT-v2,HYB-s2-b200-a0.50,HYB-s3-b100-a0.75,0.5675,0.5575,0.010000000000000009,100,0.6859578742264263,1.0,False
BT-v2,HYB-s2-b200-a0.50,HYB-s3-b200-a0.25,0.5675,0.4775,0.09000000000000002,100,0.0004912264127497219,1.0,False
BT-v2,HYB-s2-b200-a0.50,HYB-s3-b200-a0.50,0.5675,0.49,0.07750000000000001,100,0.0027924242010267863,1.0,False
BT-v2,HYB-s2-b200-a0.50,HYB-s3-b200-a0.75,0.5675,0.5475,0.020000000000000018,100,0.4109877375235126,1.0,False
BT-v2,HYB-s2-b200-a0.50,HYB-s3-b300-a0.25,0.5675,0.53,0.03749999999999998,100,0.08705079147211042,1.0,False
BT-v2,HYB-s2-b200-a0.50,HYB-s3-b300-a0.50,0.5675,0.5,0.0675,100,0.014543378262197027,1.0,False
BT-v2,HYB-s2-b200-a0.50,HYB-s3-b300-a0.75,0.5675,0.635,-0.0675,100,0.008632796263059322,1.0,False
BT-v2,HYB-s2-b200-a0.50,HYB-s4-b100-a0.25,0.5675,0.515,0.05249999999999999,100,0.01748036174454349,1.0,False
BT-v2,HYB-s2-b200-a0.50,HYB-s4-b100-a0.50,0.5675,0.545,0.022499999999999964,100,0.3452787699333182,1.0,False
BT-v2,HYB-s2-b200-a0.50,HYB-s4-b100-a0.75,0.5675,0.5975,-0.030000000000000027,100,0.17874082761700072,1.0,False
BT-v2,HYB-s2-b200-a0.50,HYB-s4-b200-a0.25,0.5675,0.525,0.04249999999999998,100,0.43375660236354285,1.0,False
BT-v2,HYB-s2-b200-a0.50,HYB-s4-b200-a0.50,0.5675,0.555,0.012499999999999956,100,0.8228220635018865,1.0,False
BT-v2,HYB-s2-b200-a0.50,HYB-s4-b200-a0.75,0.5675,0.675,-0.10750000000000004,100,3.766564911619311e-05,0.11220596871713927,False
BT-v2,HYB-s2-b200-a0.50,HYB-s4-b300-a0.25,0.5675,0.545,0.022499999999999964,100,0.289567760003164,1.0,False
BT-v2,HYB-s2-b200-a0.50,HYB-s4-b300-a0.50,0.5675,0.61,-0.04249999999999998,100,0.1159004676221716,1.0,False
BT-v2,HYB-s2-b200-a0.50,HYB-s4-b300-a0.75,0.5675,0.7375,-0.17000000000000004,100,6.925994015113832e-09,2.6194109365160513e-05,True
BT-v2,HYB-s2-b200-a0.50,RL-s0-b0-a1.00,0.5675,0.4375,0.13,100,3.403642205485428e-05,0.10193908405428856,False
BT-v2,HYB-s2-b200-a0.50,RL-s0-b100-a1.00,0.5675,0.45,0.1175,100,0.0028091877227803654,1.0,False
BT-v2,HYB-s2-b200-a0.50,RL-s0-b200-a1.00,0.5675,0.6625,-0.09499999999999997,100,0.000938944263220083,1.0,False
BT-v2,HYB-s2-b200-a0.50,RL-s0-b300-a1.00,0.5675,0.72,-0.15249999999999997,100,3.283790901725345e-08,0.00012015390909413038,True
BT-v2,HYB-s2-b200-a0.50,RL-s1-b100-a1.00,0.5675,0.5475,0.020000000000000018,100,0.4589975025464288,1.0,False
BT-v2,HYB-s2-b200-a0.50,RL-s1-b200-a1.00,0.5675,0.725,-0.15749999999999997,100,5.0263971928011395e-08,0.0001821063702951853,True
BT-v2,HYB-s2-b200-a0.50,RL-s1-b300-a1.00,0.5675,0.78,-0.21250000000000002,100,4.15521516063086e-11,1.681615575507309e-07,True
BT-v2,HYB-s2-b200-a0.50,RL-s2-b100-a1.00,0.5675,0.6425,-0.07499999999999996,100,0.004310211057141644,1.0,False
BT-v2,HYB-s2-b200-a0.50,RL-s2-b200-a1.00,0.5675,0.7175,-0.15000000000000002,100,1.3824138233817447e-07,0.0004893744934771376,True
BT-v2,HYB-s2-b200-a0.50,RL-s2-b300-a1.00,0.5675,0.74,-0.1725,100,1.8033856787659842e-07,0.0006344429731269718,True
BT-v2,HYB-s2-b200-a0.50,RL-s3-b100-a1.00,0.5675,0.5025,0.06500000000000006,100,0.00601075248942942,1.0,False
BT-v2,HYB-s2-b200-a0.50,RL-s3-b200-a1.00,0.5675,0.67,-0.10250000000000004,100,0.0005304611671674632,1.0,False
BT-v2,HYB-s2-b200-a0.50,RL-s3-b300-a1.00,0.5675,0.7175,-0.15000000000000002,100,9.671583163924594e-07,0.003269962267722905,True
BT-v2,HYB-s2-b200-a0.50,RL-s4-b100-a1.00,0.5675,0.5725,-0.0050000000000000044,100,0.7733649310953153,1.0,False
BT-v2,HYB-s2-b200-a0.50,RL-s4-b200-a1.00,0.5675,0.6275,-0.05999999999999994,100,0.025934991579516235,1.0,False
BT-v2,HYB-s2-b200-a0.50,RL-s4-b300-a1.00,0.5675,0.7475,-0.18000000000000005,100,4.877186953919024e-08,0.000176895570818643,True
BT-v2,HYB-s2-b200-a0.75,HYB-s2-b300-a0.25,0.6825,0.55,0.13249999999999995,100,1.1632287025877681e-05,0.03636252924289363,True
BT-v2,HYB-s2-b200-a0.75,HYB-s2-b300-a0.50,0.6825,0.595,0.08750000000000002,100,0.0008898959301046304,1.0,False
BT-v2,HYB-s2-b200-a0.75,HYB-s2-b300-a0.75,0.6825,0.6725,0.010000000000000009,100,0.8245513463935296,1.0,False
BT-v2,HYB-s2-b200-a0.75,HYB-s3-b100-a0.25,0.6825,0.5075,0.17500000000000004,100,7.483623323134462e-08,0.00026873691353375856,True
BT-v2,HYB-s2-b200-a0.75,HYB-s3-b100-a0.50,0.6825,0.4875,0.195,100,4.2702035197300877e-10,1.6888654920532498e-06,True
BT-v2,HYB-s2-b200-a0.75,HYB-s3-b100-a0.75,0.6825,0.5575,0.125,100,2.4757559279557762e-05,0.07518870753201692,False
BT-v2,HYB-s2-b200-a0.75,HYB-s3-b200-a0.25,0.6825,0.4775,0.20500000000000002,100,4.0264100388626566e-09,1.538491275849421e-05,True
BT-v2,HYB-s2-b200-a0.75,HYB-s3-b200-a0.50,0.6825,0.49,0.1925,100,4.818938542491617e-09,1.8316785400010638e-05,True
BT-v2,HYB-s2-b200-a0.75,HYB-s3-b200-a0.75,0.6825,0.5475,0.135,100,1.8935763444656256e-05,0.05818960106542868,False
BT-v2,HYB-s2-b200-a0.75,HYB-s3-b300-a0.25,0.6825,0.53,0.15249999999999997,100,1.553106551630906e-06,0.005165632390724394,True
BT-v2,HYB-s2-b200-a0.75,HYB-s3-b300-a0.50,0.6825,0.5,0.1825,100,1.4912457446677863e-07,0.0005268571215911289,True
BT-v2,HYB-s2-b200-a0.75,HYB-s3-b300-a0.75,0.6825,0.635,0.04749999999999999,100,0.06715203588546184,1.0,False
BT-v2,HYB-s2-b200-a0.75,HYB-s4-b100-a0.25,0.6825,0.515,0.16749999999999998,100,3.253000049141284e-08,0.00011909233179906242,True
BT-v2,HYB-s2-b200-a0.75,HYB-s4-b100-a0.50,0.6825,0.545,0.13749999999999996,100,6.625565303466492e-06,0.021142178883361576,True
BT-v2,HYB-s2-b200-a0.75,HYB-s4-b100-a0.75,0.6825,0.5975,0.08499999999999996,100,0.0017895654098285712,1.0,False
BT-v2,HYB-s2-b200-a0.75,HYB-s4-b200-a0.25,0.6825,0.525,0.15749999999999997,100,1.3666097654793072e-05,0.04254256199937083,True
BT-v2,HYB-s2-b200-a0.75,HYB-s4-b200-a0.50,0.6825,0.555,0.12749999999999995,100,4.730186273848079e-06,0.015287962037076991,True
BT-v2,HYB-s2-b200-a0.75,HYB-s4-b200-a0.75,0.6825,0.675,0.007499999999999951,100,0.860573515993148,1.0,False
BT-v2,HYB-s2-b200-a0.75,HYB-s4-b300-a0.25,0.6825,0.545,0.13749999999999996,100,7.234204588824133e-06,0.02300477059246074,True
BT-v2,HYB-s2-b200-a0.75,HYB-s4-b300-a0.50,0.6825,0.61,0.07250000000000001,100,0.03508722447493344,1.0,False
BT-v2,HYB-s2-b200-a0.75,HYB-s4-b300-a0.75,0.6825,0.7375,-0.05500000000000005,100,0.02659234053193329,1.0,False
BT-v2,HYB-s2-b200-a0.75,RL-s0-b0-a1.00,0.6825,0.4375,0.245,100,3.8789186226394764e-10,1.5364396664274966e-06,True
BT-v2,HYB-s2-b200-a0.75,RL-s0-b100-a1.00,0.6825,0.45,0.23249999999999998,100,3.407494719300277e-08,0.00012450985704323212,True
BT-v2,HYB-s2-b200-a0.75,RL-s0-b200-a1.00,0.6825,0.6625,0.020000000000000018,100,0.4912384092824714,1.0,False
BT-v2,HYB-s2-b200-a0.75,RL-s0-b300-a1.00,0.6825,0.72,-0.03749999999999998,100,0.08650614928722564,1.0,False
BT-v2,HYB-s2-b200-a0.75,RL-s1-b100-a1.00,0.6825,0.5475,0.135,100,6.297659883825081e-06,0.02013991630847261,True
BT-v2,HYB-s2-b200-a0.75,RL-s1-b200-a1.00,0.6825,0.725,-0.04249999999999998,100,0.04874391573561355,1.0,False
BT-v2,HYB-s2-b200-a0.75,RL-s1-b300-a1.00,0.6825,0.78,-0.09750000000000003,100,0.0016089533843912849,1.0,False
BT-v2,HYB-s2-b200-a0.75,RL-s2-b100-a1.00,0.6825,0.6425,0.040000000000000036,100,0.22621385280447825,1.0,False
BT-v2,HYB-s2-b200-a0.75,RL-s2-b200-a1.00,0.6825,0.7175,-0.03500000000000003,100,0.07798234269418389,1.0,False
BT-v2,HYB-s2-b200-a0.75,RL-s2-b300-a1.00,0.6825,0.74,-0.057499999999999996,100,0.012753463556891036,1.0,False
BT-v2,HYB-s2-b200-a0.75,RL-s3-b100-a1.00,0.6825,0.5025,0.18000000000000005,100,2.6236567803448414e-09,1.0093207633986605e-05,True
BT-v2,HYB-s2-b200-a0.75,RL-s3-b200-a1.00,0.6825,0.67,0.012499999999999956,100,0.8023632959020832,1.0,False
BT-v2,HYB-s2-b200-a0.75,RL-s3-b300-a1.00,0.6825,0.7175,-0.03500000000000003,100,0.0651097687637482,1.0,False
BT-v2,HYB-s2-b200-a0.75,RL-s4-b100-a1.00,0.6825,0.5725,0.10999999999999999,100,0.00030661270637471057,0.8254014055607208,False
BT-v2,HYB-s2-b200-a0.75,RL-s4-b200-a1.00,0.6825,0.6275,0.05500000000000005,100,0.1293160093908966,1.0,False
BT-v2,HYB-s2-b200-a0.75,RL-s4-b300-a1.00,0.6825,0.7475,-0.06500000000000006,100,0.01623653662616388,1.0,False
BT-v2,HYB-s2-b300-a0.25,HYB-s2-b300-a0.50,0.55,0.595,-0.04499999999999993,100,0.04267870057231083,1.0,False
BT-v2,HYB-s2-b300-a0.25,HYB-s2-b300-a0.75,0.55,0.6725,-0.12249999999999994,100,5.90376532759768e-06,0.018921567874950564,True
BT-v2,HYB-s2-b300-a0.25,HYB-s3-b100-a0.25,0.55,0.5075,0.04250000000000009,100,0.0461751582570441,1.0,False
BT-v2,HYB-s2-b300-a0.25,HYB-s3-b100-a0.50,0.55,0.4875,0.06250000000000006,100,0.005287635216591085,1.0,False
BT-v2,HYB-s2-b300-a0.25,HYB-s3-b100-a0.75,0.55,0.5575,-0.007499999999999951,100,0.695210397697794,1.0,False
BT-v2,HYB-s2-b300-a0.25,HYB-s3-b200-a0.25,0.55,0.4775,0.07250000000000006,100,0.002861750001646866,1.0,False
BT-v2,HYB-s2-b300-a0.25,HYB-s3-b200-a0.50,0.55,0.49,0.06000000000000005,100,0.009767137407931685,1.0,False
BT-v2,HYB-s2-b300-a0.25,HYB-s3-b200-a0.75,0.55,0.5475,0.0025000000000000577,100,0.8717016923670392,1.0,False
BT-v2,HYB-s2-b300-a0.25,HYB-s3-b300-a0.25,0.55,0.53,0.020000000000000018,100,0.3235415521907945,1.0,False
BT-v2,HYB-s2-b300-a0.25,HYB-s3-b300-a0.50,0.55,0.5,0.050000000000000044,100,0.09880748491606027,1.0,False
BT-v2,HYB-s2-b300-a0.25,HYB-s3-b300-a0.75,0.55,0.635,-0.08499999999999996,100,0.0005502524926934388,1.0,False
BT-v2,HYB-s2-b300-a0.25,HYB-s4-b100-a0.25,0.55,0.515,0.03500000000000003,100,0.06078624836974231,1.0,False
BT-v2,HYB-s2-b300-a0.25,HYB-s4-b100-a0.50,0.55,0.545,0.0050000000000000044,100,0.8636423081765063,1.0,False
BT-v2,HYB-s2-b300-a0.25,HYB-s4-b100-a0.75,0.55,0.5975,-0.04749999999999999,100,0.051826711232055844,1.0,False
BT-v2,HYB-s2-b300-a0.25,HYB-s4-b200-a0.25,0.55,0.525,0.025000000000000022,100,0.43245972508988106,1.0,False
BT-v2,HYB-s2-b300-a0.25,HYB-s4-b200-a0.50,0.55,0.555,-0.0050000000000000044,100,0.8666495018998015,1.0,False
BT-v2,HYB-s2-b300-a0.25,HYB-s4-b200-a0.75,0.55,0.675,-0.125,100,1.838600400109277e-05,0.056665664331367924,False
BT-v2,HYB-s2-b300-a0.25,HYB-s4-b300-a0.25,0.55,0.545,0.0050000000000000044,100,0.8634154071513485,1.0,False
BT-v2,HYB-s2-b300-a0.25,HYB-s4-b300-a0.50,0.55,0.61,-0.05999999999999994,100,0.01889654761281461,1.0,False
BT-v2,HYB-s2-b300-a0.25,HYB-s4-b300-a0.75,0.55,0.7375,-0.1875,100,1.3367557519653465e-09,5.199979875145198e-06,True
BT-v2,HYB-s2-b300-a0.25,RL-s0-b0-a1.00,0.55,0.4375,0.11250000000000004,100,1.3450091859648895e-05,0.04189703614280631,True
BT-v2,HYB-s2-b300-a0.25,RL-s0-b100-a1.00,0.55,0.45,0.10000000000000003,100,0.007070983227820571,1.0,False
BT-v2,HYB-s2-b300-a0.25,RL-s0-b200-a1.00,0.55,0.6625,-0.11249999999999993,100,6.955662931387614e-05,0.2023402346740657,False
BT-v2,HYB-s2-b300-a0.25,RL-s0-b300-a1.00,0.55,0.72,-0.16999999999999993,100,1.1073186613252281e-08,4.14912302398563e-05,True
BT-v2,HYB-s2-b300-a0.25,RL-s1-b100-a1.00,0.55,0.5475,0.0025000000000000577,100,0.690377229207084,1.0,False
BT-v2,HYB-s2-b300-a0.25,RL-s1-b200-a1.00,0.55,0.725,-0.17499999999999993,100,6.359699263351092e-08,0.00022913996445853984,True
BT-v2,HYB-s2-b300-a0.25,RL-s1-b300-a1.00,0.55,0.78,-0.22999999999999998,100,1.7143474779556696e-12,7.092255516302605e-09,True
BT-v2,HYB-s2-b300-a0.25,RL-s2-b100-a1.00,0.55,0.6425,-0.09249999999999992,100,0.00010507540567763297,0.29999028320964216,False
BT-v2,HYB-s2-b300-a0.25,RL-s2-b200-a1.00,0.55,0.7175,-0.16749999999999998,100,6.439015253265716e-08,0.00023186893927009845,True
BT-v2,HYB-s2-b300-a0.25,RL-s2-b300-a1.00,0.55,0.74,-0.18999999999999995,100,4.293059271527331e-08,0.0001561814962981643,True
BT-v2,HYB-s2-b300-a0.25,RL-s3-b100-a1.00,0.55,0.5025,0.0475000000000001,100,0.03251592177207113,1.0,False
BT-v2,HYB-s2-b300-a0.25,RL-s3-b200-a1.00,0.55,0.67,-0.12,100,5.227494003278489e-05,0.15342694899622367,False
BT-v2,HYB-s2-b300-a0.25,RL-s3-b300-a1.00,0.55,0.7175,-0.16749999999999998,100,1.8712089173951906e-07,0.00065754281357267,True
BT-v2,HYB-s2-b300-a0.25,RL-s4-b100-a1.00,0.55,0.5725,-0.022499999999999964,100,0.3639118827611103,1.0,False
BT-v2,HYB-s2-b300-a0.25,RL-s4-b200-a1.00,0.55,0.6275,-0.0774999999999999,100,0.007143804225688397,1.0,False
BT-v2,HYB-s2-b300-a0.25,RL-s4-b300-a1.00,0.55,0.7475,-0.1975,100,2.3622907808335123e-10,9.406641889279046e-07,True
BT-v2,HYB-s2-b300-a0.50,HYB-s2-b300-a0.75,0.595,0.6725,-0.07750000000000001,100,0.0006830530802316849,1.0,False
BT-v2,HYB-s2-b300-a0.50,HYB-s3-b100-a0.25,0.595,0.5075,0.08750000000000002,100,0.0005567536660226411,1.0,False
BT-v2,HYB-s2-b300-a0.50,HYB-s3-b100-a0.50,0.595,0.4875,0.10749999999999998,100,1.1718753119809632e-05,0.0366211034994051,True
BT-v2,HYB-s2-b300-a0.50,HYB-s3-b100-a0.75,0.595,0.5575,0.03749999999999998,100,0.06777473047356927,1.0,False
BT-v2,HYB-s2-b300-a0.50,HYB-s3-b200-a0.25,0.595,0.4775,0.1175,100,1.7368930558113415e-06,0.005757800480014597,True
BT-v2,HYB-s2-b300-a0.50,HYB-s3-b200-a0.50,0.595,0.49,0.10499999999999998,100,5.7726873132827164e-05,0.1687356501672538,False
BT-v2,HYB-s2-b300-a0.50,HYB-s3-b200-a0.75,0.595,0.5475,0.04749999999999999,100,0.03476487011907368,1.0,False
BT-v2,HYB-s2-b300-a0.50,HYB-s3-b300-a0.25,0.595,0.53,0.06499999999999995,100,0.0024008459888607823,1.0,False
BT-v2,HYB-s2-b300-a0.50,HYB-s3-b300-a0.50,0.595,0.5,0.09499999999999997,100,0.0013406590089585677,1.0,False
BT-v2,HYB-s2-b300-a0.50,HYB-s3-b300-a0.75,0.595,0.635,-0.040000000000000036,100,0.0899116128875556,1.0,False
BT-v2,HYB-s2-b300-a0.50,HYB-s4-b100-a0.25,0.595,0.515,0.07999999999999996,100,0.0002419409067508431,0.6592889708960474,False
BT-v2,HYB-s2-b300-a0.50,HYB-s4-b100-a0.50,0.595,0.545,0.04999999999999993,100,0.03158234899571366,1.0,False
BT-v2,HYB-s2-b300-a0.50,HYB-s4-b100-a0.75,0.595,0.5975,-0.0025000000000000577,100,0.9647103425249314,1.0,False
BT-v2,HYB-s2-b300-a0.50,HYB-s4-b200-a0.25,0.595,0.525,0.06999999999999995,100,0.0145639064078203,1.0,False
BT-v2,HYB-s2-b300-a0.50,HYB-s4-b200-a0.50,0.595,0.555,0.039999999999999925,100,0.10131450267872966,1.0,False
BT-v2,HYB-s2-b300-a0.50,HYB-s4-b200-a0.75,0.595,0.675,-0.08000000000000007,100,0.002582023380135799,1.0,False
BT-v2,HYB-s2-b300-a0.50,HYB-s4-b300-a0.25,0.595,0.545,0.04999999999999993,100,0.009400451426865675,1.0,False
BT-v2,HYB-s2-b300-a0.50,HYB-s4-b300-a0.50,0.595,0.61,-0.015000000000000013,100,0.507903448476569,1.0,False
BT-v2,HYB-s2-b300-a0.50,HYB-s4-b300-a0.75,0.595,0.7375,-0.14250000000000007,100,1.7577460766909192e-07,0.0006190781682105418,True
BT-v2,HYB-s2-b300-a0.50,RL-s0-b0-a1.00,0.595,0.4375,0.15749999999999997,100,3.8609393855333915e-09,1.4760371270894156e-05,True
BT-v2,HYB-s2-b300-a0.50,RL-s0-b100-a1.00,0.595,0.45,0.14499999999999996,100,5.527226667862166e-05,0.1617819245683256,False
BT-v2,HYB-s2-b300-a0.50,RL-s0-b200-a1.00,0.595,0.6625,-0.0675,100,0.011507619332039861,1.0,False
BT-v2,HYB-s2-b300-a0.50,RL-s0-b300-a1.00,0.595,0.72,-0.125,100,7.271198641183654e-06,0.023115140480322836,True
BT-v2,HYB-s2-b300-a0.50,RL-s1-b100-a1.00,0.595,0.5475,0.04749999999999999,100,0.028505268988195796,1.0,False
BT-v2,HYB-s2-b300-a0.50,RL-s1-b200-a1.00,0.595,0.725,-0.13,100,4.3018121639110816e-06,0.013933569598907992,True
BT-v2,HYB-s2-b300-a0.50,RL-s1-b300-a1.00,0.595,0.78,-0.18500000000000005,100,2.7025272693297478e-09,1.039391987784221e-05,True
BT-v2,HYB-s2-b300-a0.50,RL-s2-b100-a1.00,0.595,0.6425,-0.04749999999999999,100,0.06221040358931155,1.0,False
BT-v2,HYB-s2-b300-a0.50,RL-s2-b200-a1.00,0.595,0.7175,-0.12250000000000005,100,1.3895828866366854e-06,0.0046412068413665295,True
BT-v2,HYB-s2-b300-a0.50,RL-s2-b300-a1.00,0.595,0.74,-0.14500000000000002,100,3.934276238802955e-07,0.0013608661510019421,True
BT-v2,HYB-s2-b300-a0.50,RL-s3-b100-a1.00,0.595,0.5025,0.09250000000000003,100,1.2688048369158286e-05,0.039586710911773855,True
BT-v2,HYB-s2-b300-a0.50,RL-s3-b200-a1.00,0.595,0.67,-0.07500000000000007,100,0.003780182404140765,1.0,False
BT-v2,HYB-s2-b300-a0.50,RL-s3-b300-a1.00,0.595,0.7175,-0.12250000000000005,100,6.743992316494608e-06,0.021506220401939367,True
BT-v2,HYB-s2-b300-a0.50,RL-s4-b100-a1.00,0.595,0.5725,0.022499999999999964,100,0.4669466281577973,1.0,False
BT-v2,HYB-s2-b300-a0.50,RL-s4-b200-a1.00,0.595,0.6275,-0.03249999999999997,100,0.2598244787703887,1.0,False
BT-v2,HYB-s2-b300-a0.50,RL-s4-b300-a1.00,0.595,0.7475,-0.15250000000000008,100,1.4906233240159132e-07,0.0005267862827072237,True
BT-v2,HYB-s2-b300-a0.75,HYB-s3-b100-a0.25,0.6725,0.5075,0.16500000000000004,100,6.286458520128948e-07,0.0021524833972921516,True
BT-v2,HYB-s2-b300-a0.75,HYB-s3-b100-a0.50,0.6725,0.4875,0.185,100,2.0798463095287084e-11,8.446255862996084e-08,True
BT-v2,HYB-s2-b300-a0.75,HYB-s3-b100-a0.75,0.6725,0.5575,0.11499999999999999,100,2.6321581805837907e-06,0.008620780942554692,True
BT-v2,HYB-s2-b300-a0.75,HYB-s3-b200-a0.25,0.6725,0.4775,0.195,100,3.4005781972583633e-09,1.3031015651894048e-05,True
BT-v2,HYB-s2-b300-a0.75,HYB-s3-b200-a0.50,0.6725,0.49,0.1825,100,1.0747575521096102e-09,4.192629210779589e-06,True
BT-v2,HYB-s2-b300-a0.75,HYB-s3-b200-a0.75,0.6725,0.5475,0.125,100,2.4975038773936478e-06,0.008191812717851165,True
BT-v2,HYB-s2-b300-a0.75,HYB-s3-b300-a0.25,0.6725,0.53,0.14249999999999996,100,1.2611225446610992e-06,0.004228543892248666,True
BT-v2,HYB-s2-b300-a0.75,HYB-s3-b300-a0.50,0.6725,0.5,0.1725,100,5.0232247581443774e-08,0.00018209189748273367,True
BT-v2,HYB-s2-b300-a0.75,HYB-s3-b300-a0.75,0.6725,0.635,0.03749999999999998,100,0.06732637838328696,1.0,False
BT-v2,HYB-s2-b300-a0.75,HYB-s4-b100-a0.25,0.6725,0.515,0.15749999999999997,100,7.244301019474316e-08,0.0002603601786399069,True
BT-v2,HYB-s2-b300-a0.75,HYB-s4-b100-a0.50,0.6725,0.545,0.12749999999999995,100,1.9879346288071677e-06,0.006570123948207689,True
BT-v2,HYB-s2-b300-a0.75,HYB-s4-b100-a0.75,0.6725,0.5975,0.07499999999999996,100,0.0032129979992011233,1.0,False
BT-v2,HYB-s2-b300-a0.75,HYB-s4-b200-a0.25,0.6725,0.525,0.14749999999999996,100,8.03262868318564e-06,0.025455400297015294,True
BT-v2,HYB-s2-b300-a0.75,HYB-s4-b200-a0.50,0.6725,0.555,0.11749999999999994,100,1.3023452113825006e-05,0.04060712369090637,True
BT-v2,HYB-s2-b300-a0.75,HYB-s4-b200-a0.75,0.6725,0.675,-0.0025000000000000577,100,0.9315813267228337,1.0,False
BT-v2,HYB-s2-b300-a0.75,HYB-s4-b300-a0.25,0.6725,0.545,0.12749999999999995,100,5.067049967770094e-06,0.016351370245994094,True
BT-v2,HYB-s2-b300-a0.75,HYB-s4-b300-a0.50,0.6725,0.61,0.0625,100,0.006626836614597315,1.0,False
BT-v2,HYB-s2-b300-a0.75,HYB-s4-b300-a0.75,0.6725,0.7375,-0.06500000000000006,100,0.02258038754905029,1.0,False
BT-v2,HYB-s2-b300-a0.75,RL-s0-b0-a1.00,0.6725,0.4375,0.235,100,8.293709519594267e-10,3.250304760728993e-06,True
BT-v2,HYB-s2-b300-a0.75,RL-s0-b100-a1.00,0.6725,0.45,0.22249999999999998,100,3.699226020063373e-08,0.00013502174973231313,True
BT-v2,HYB-s2-b300-a0.75,RL-s0-b200-a1.00,0.6725,0.6625,0.010000000000000009,100,0.4681755736687585,1.0,False
BT-v2,HYB-s2-b300-a0.75,RL-s0-b300-a1.00,0.6725,0.72,-0.04749999999999999,100,0.04253381556858568,1.0,False
BT-v2,HYB-s2-b300-a0.75,RL-s1-b100-a1.00,0.6725,0.5475,0.125,100,4.493598320977408e-07,0.0015489433412409126,True
BT-v2,HYB-s2-b300-a0.75,RL-s1-b200-a1.00,0.6725,0.725,-0.05249999999999999,100,0.05632783250194031,1.0,False
BT-v2,HYB-s2-b300-a0.75,RL-s1-b300-a1.00,0.6725,0.78,-0.10750000000000004,100,0.00011689576061482072,0.3316984713189154,False
BT-v2,HYB-s2-b300-a0.75,RL-s2-b100-a1.00,0.6725,0.6425,0.030000000000000027,100,0.14216807418847516,1.0,False
BT-v2,HYB-s2-b300-a0.75,RL-s2-b200-a1.00,0.6725,0.7175,-0.04500000000000004,100,0.10338920630922376,1.0,False
BT-v2,HYB-s2-b300-a0.75,RL-s2-b300-a1.00,0.6725,0.74,-0.0675,100,0.004685239721252426,1.0,False
BT-v2,HYB-s2-b300-a0.75,RL-s3-b100-a1.00,0.6725,0.5025,0.17000000000000004,100,7.260970935304752e-11,2.920362510179571e-07,True
BT-v2,HYB-s2-b300-a0.75,RL-s3-b200-a1.00,0.6725,0.67,0.0024999999999999467,100,0.8078602421574043,1.0,False
BT-v2,HYB-s2-b300-a0.75,RL-s3-b300-a1.00,0.6725,0.7175,-0.04500000000000004,100,0.03345231322058864,1.0,False
BT-v2,HYB-s2-b300-a0.75,RL-s4-b100-a1.00,0.6725,0.5725,0.09999999999999998,100,0.0002539272025598826,0.6896662821526411,False
BT-v2,HYB-s2-b300-a0.75,RL-s4-b200-a1.00,0.6725,0.6275,0.04500000000000004,100,0.11582317350005171,1.0,False
BT-v2,HYB-s2-b300-a0.75,RL-s4-b300-a1.00,0.6725,0.7475,-0.07500000000000007,100,0.007339316639134111,1.0,False
BT-v2,HYB-s3-b100-a0.25,HYB-s3-b100-a0.50,0.5075,0.4875,0.019999999999999962,100,0.33075365295725734,1.0,False
BT-v2,HYB-s3-b100-a0.25,HYB-s3-b100-a0.75,0.5075,0.5575,-0.050000000000000044,100,0.06997823355204402,1.0,False
BT-v2,HYB-s3-b100-a0.25,HYB-s3-b200-a0.25,0.5075,0.4775,0.02999999999999997,100,0.32408734688814866,1.0,False
BT-v2,HYB-s3-b100-a0.25,HYB-s3-b200-a0.50,0.5075,0.49,0.01749999999999996,100,0.5296425160845755,1.0,False
BT-v2,HYB-s3-b100-a0.25,HYB-s3-b200-a0.75,0.5075,0.5475,-0.040000000000000036,100,0.3265472786868162,1.0,False
BT-v2,HYB-s3-b100-a0.25,HYB-s3-b300-a0.25,0.5075,0.53,-0.022500000000000075,100,0.13071051236298936,1.0,False
BT-v2,HYB-s3-b100-a0.25,HYB-s3-b300-a0.50,0.5075,0.5,0.007499999999999951,100,0.8602548265096535,1.0,False
BT-v2,HYB-s3-b100-a0.25,HYB-s3-b300-a0.75,0.5075,0.635,-0.12750000000000006,100,4.5598945792532846e-05,0.1346536869253495,False
BT-v2,HYB-s3-b100-a0.25,HYB-s4-b100-a0.25,0.5075,0.515,-0.007500000000000062,100,0.7608946827575143,1.0,False
BT-v2,HYB-s3-b100-a0.25,HYB-s4-b100-a0.50,0.5075,0.545,-0.03750000000000009,100,0.08520938759965048,1.0,False
BT-v2,HYB-s3-b100-a0.25,HYB-s4-b100-a0.75,0.5075,0.5975,-0.09000000000000008,100,0.00016015334252511513,0.4466676723025461,False
BT-v2,HYB-s3-b100-a0.25,HYB-s4-b200-a0.25,0.5075,0.525,-0.01750000000000007,100,0.4780829802351454,1.0,False
BT-v2,HYB-s3-b100-a0.25,HYB-s4-b200-a0.50,0.5075,0.555,-0.0475000000000001,100,0.12574093134369518,1.0,False
BT-v2,HYB-s3-b100-a0.25,HYB-s4-b200-a0.75,0.5075,0.675,-0.1675000000000001,100,1.289045295503354e-06,0.004318301739936236,True
BT-v2,HYB-s3-b100-a0.25,HYB-s4-b300-a0.25,0.5075,0.545,-0.03750000000000009,100,0.12153398284926098,1.0,False
BT-v2,HYB-s3-b100-a0.25,HYB-s4-b300-a0.50,0.5075,0.61,-0.10250000000000004,100,0.00021135655043592354,0.580596444047482,False
BT-v2,HYB-s3-b100-a0.25,HYB-s4-b300-a0.75,0.5075,0.7375,-0.2300000000000001,100,1.8436726666925155e-11,7.500060408105153e-08,True
BT-v2,HYB-s3-b100-a0.25,RL-s0-b0-a1.00,0.5075,0.4375,0.06999999999999995,100,0.006267553529352472,1.0,False
BT-v2,HYB-s3-b100-a0.25,RL-s0-b100-a1.00,0.5075,0.45,0.05749999999999994,100,0.08241909822566298,1.0,False
BT-v2,HYB-s3-b100-a0.25,RL-s0-b200-a1.00,0.5075,0.6625,-0.15500000000000003,100,1.3127708027811892e-06,0.0043912183353030775,True
BT-v2,HYB-s3-b100-a0.25,RL-s0-b300-a1.00,0.5075,0.72,-0.21250000000000002,100,1.339566051508187e-09,5.208232808263831e-06,True
BT-v2,HYB-s3-b100-a0.25,RL-s1-b100-a1.00,0.5075,0.5475,-0.040000000000000036,100,0.2596127998615555,1.0,False
BT-v2,HYB-s3-b100-a0.25,RL-s1-b200-a1.00,0.5075,0.725,-0.21750000000000003,100,1.643217817470792e-09,6.372398696151731e-06,True
BT-v2,HYB-s3-b100-a0.25,RL-s1-b300-a1.00,0.5075,0.78,-0.2725000000000001,100,4.479397963697012e-13,1.869252770250763e-09,True
BT-v2,HYB-s3-b100-a0.25,RL-s2-b100-a1.00,0.5075,0.6425,-0.135,100,9.176921646094495e-06,0.02892565702848985,True
BT-v2,HYB-s3-b100-a0.25,RL-s2-b200-a1.00,0.5075,0.7175,-0.21000000000000008,100,1.7148317247200836e-08,6.36717019388567e-05,True
BT-v2,HYB-s3-b100-a0.25,RL-s2-b300-a1.00,0.5075,0.74,-0.23250000000000004,100,4.053972095113004e-09,1.5486173403331675e-05,True
BT-v2,HYB-s3-b100-a0.25,RL-s3-b100-a1.00,0.5075,0.5025,0.0050000000000000044,100,0.6859091640433179,1.0,False
BT-v2,HYB-s3-b100-a0.25,RL-s3-b200-a1.00,0.5075,0.67,-0.1625000000000001,100,8.421022957611845e-06,0.026610432546053428,True
BT-v2,HYB-s3-b100-a0.25,RL-s3-b300-a1.00,0.5075,0.7175,-0.21000000000000008,100,3.04742390368256e-08,0.00011168808606996583,True
BT-v2,HYB-s3-b100-a0.25,RL-s4-b100-a1.00,0.5075,0.5725,-0.06500000000000006,100,0.018321369495895693,1.0,False
BT-v2,HYB-s3-b100-a0.25,RL-s4-b200-a1.00,0.5075,0.6275,-0.12,100,0.0003546461176722186,0.9469051341848237,False
BT-v2,HYB-s3-b100-a0.25,RL-s4-b300-a1.00,0.5075,0.7475,-0.2400000000000001,100,5.003688154387489e-10,1.9734546080904258e-06,True
BT-v2,HYB-s3-b100-a0.50,HYB-s3-b100-a0.75,0.4875,0.5575,-0.07,100,0.005835780046988351,1.0,False
BT-v2,HYB-s3-b100-a0.50,HYB-s3-b200-a0.25,0.4875,0.4775,0.010000000000000009,100,0.7643429832865143,1.0,False
BT-v2,HYB-s3-b100-a0.50,HYB-s3-b200-a0.50,0.4875,0.49,-0.0025000000000000022,100,0.4979960958491316,1.0,False
BT-v2,HYB-s3-b100-a0.50,HYB-s3-b200-a0.75,0.4875,0.5475,-0.06,100,0.013631509061056696,1.0,False
BT-v2,HYB-s3-b100-a0.50,HYB-s3-b300-a0.25,0.4875,0.53,-0.04250000000000004,100,0.04124710336529378,1.0,False
BT-v2,HYB-s3-b100-a0.50,HYB-s3-b300-a0.50,0.4875,0.5,-0.012500000000000011,100,0.2438260856360316,1.0,False
BT-v2,HYB-s3-b100-a0.50,HYB-s3-b300-a0.75,0.4875,0.635,-0.14750000000000002,100,6.530560999857323e-08,0.00023510019599486362,True
BT-v2,HYB-s3-b100-a0.50,HYB-s4-b100-a0.25,0.4875,0.515,-0.027500000000000024,100,0.1640840615068173,1.0,False
BT-v2,HYB-s3-b100-a0.50,HYB-s4-b100-a0.50,0.4875,0.545,-0.05750000000000005,100,0.015333108870781284,1.0,False
BT-v2,HYB-s3-b100-a0.50,HYB-s4-b100-a0.75,0.4875,0.5975,-0.11000000000000004,100,1.0866640671703266e-05,0.034045185224446335,True
BT-v2,HYB-s3-b100-a0.50,HYB-s4-b200-a0.25,0.4875,0.525,-0.03750000000000003,100,0.19809940523209757,1.0,False
BT-v2,HYB-s3-b100-a0.50,HYB-s4-b200-a0.50,0.4875,0.555,-0.06750000000000006,100,0.014002468014007015,1.0,False
BT-v2,HYB-s3-b100-a0.50,HYB-s4-b200-a0.75,0.4875,0.675,-0.18750000000000006,100,1.7010839402511309e-09,6.591700268473132e-06,True
BT-v2,HYB-s3-b100-a0.50,HYB-s4-b300-a0.25,0.4875,0.545,-0.05750000000000005,100,0.02216080974479291,1.0,False
BT-v2,HYB-s3-b100-a0.50,HYB-s4-b300-a0.50,0.4875,0.61,-0.1225,100,1.8151444585243068e-07,0.0006383863060629987,True
BT-v2,HYB-s3-b100-a0.50,HYB-s4-b300-a0.75,0.4875,0.7375,-0.25000000000000006,100,1.3958941400370216e-14,5.887881482676158e-11,True
BT-v2,HYB-s3-b100-a0.50,RL-s0-b0-a1.00,0.4875,0.4375,0.04999999999999999,100,0.04827238487777072,1.0,False
BT-v2,HYB-s3-b100-a0.50,RL-s0-b100-a1.00,0.4875,0.45,0.03749999999999998,100,0.3175929733475331,1.0,False
BT-v2,HYB-s3-b100-a0.50,RL-s0-b200-a1.00,0.4875,0.6625,-0.175,100,4.7397355216760585e-09,1.8029953924455726e-05,True
BT-v2,HYB-s3-b100-a0.50,RL-s0-b300-a1.00,0.4875,0.72,-0.23249999999999998,100,7.68979323671918e-13,3.198185007151507e-09,True
BT-v2,HYB-s3-b100-a0.50,RL-s1-b100-a1.00,0.4875,0.5475,-0.06,100,0.012939508636835054,1.0,False
BT-v2,HYB-s3-b100-a0.50,RL-s1-b200-a1.00,0.4875,0.725,-0.2375,100,2.4850116536679615e-12,1.0268068152956017e-08,True
BT-v2,HYB-s3-b100-a0.50,RL-s1-b300-a1.00,0.4875,0.78,-0.29250000000000004,100,2.4204178722794167e-15,1.0272253449953845e-11,True
BT-v2,HYB-s3-b100-a0.50,RL-s2-b100-a1.00,0.4875,0.6425,-0.15499999999999997,100,3.886151910130262e-08,0.00014161137560514677,True
BT-v2,HYB-s3-b100-a0.50,RL-s2-b200-a1.00,0.4875,0.7175,-0.23000000000000004,100,1.019907010066024e-11,4.170399764159972e-08,True
BT-v2,HYB-s3-b100-a0.50,RL-s2-b300-a1.00,0.4875,0.74,-0.2525,100,6.575912333029331e-12,2.7013847864084492e-08,True
BT-v2,HYB-s3-b100-a0.50,RL-s3-b100-a1.00,0.4875,0.5025,-0.014999999999999958,100,0.49463755480501415,1.0,False
BT-v2,HYB-s3-b100-a0.50,RL-s3-b200-a1.00,0.4875,0.67,-0.18250000000000005,100,2.615865334106447e-08,9.621152698843513e-05,True
BT-v2,HYB-s3-b100-a0.50,RL-s3-b300-a1.00,0.4875,0.7175,-0.23000000000000004,100,1.111455954184585e-10,4.458049832234371e-07,True
BT-v2,HYB-s3-b100-a0.50,RL-s4-b100-a1.00,0.4875,0.5725,-0.08500000000000002,100,0.00018429924768355573,0.5106932153311329,False
BT-v2,HYB-s3-b100-a0.50,RL-s4-b200-a1.00,0.4875,0.6275,-0.13999999999999996,100,8.738698583465963e-06,0.02760554882516898,True
BT-v2,HYB-s3-b100-a0.50,RL-s4-b300-a1.00,0.4875,0.7475,-0.26000000000000006,100,1.4837205524174458e-12,6.142603087008226e-09,True
BT-v2,HYB-s3-b100-a0.75,HYB-s3-b200-a0.25,0.5575,0.4775,0.08000000000000002,100,0.006584555261259402,1.0,False
BT-v2,HYB-s3-b100-a0.75,HYB-s3-b200-a0.50,0.5575,0.49,0.0675,100,0.014673523749317817,1.0,False
BT-v2,HYB-s3-b100-a0.75,HYB-s3-b200-a0.75,0.5575,0.5475,0.010000000000000009,100,0.5759721663586249,1.0,False
BT-v2,HYB-s3-b100-a0.75,HYB-s3-b300-a0.25,0.5575,0.53,0.02749999999999997,100,0.3164149938770341,1.0,False
BT-v2,HYB-s3-b100-a0.75,HYB-s3-b300-a0.50,0.5575,0.5,0.057499999999999996,100,0.14036377145998044,1.0,False
BT-v2,HYB-s3-b100-a0.75,HYB-s3-b300-a0.75,0.5575,0.635,-0.07750000000000001,100,0.0014866088407256717,1.0,False
BT-v2,HYB-s3-b100-a0.75,HYB-s4-b100-a0.25,0.5575,0.515,0.04249999999999998,100,0.1332369724750591,1.0,False
BT-v2,HYB-s3-b100-a0.75,HYB-s4-b100-a0.50,0.5575,0.545,0.012499999999999956,100,0.50382476826305,1.0,False
BT-v2,HYB-s3-b100-a0.75,HYB-s4-b100-a0.75,0.5575,0.5975,-0.040000000000000036,100,0.10818533593068161,1.0,False
BT-v2,HYB-s3-b100-a0.75,HYB-s4-b200-a0.25,0.5575,0.525,0.03249999999999997,100,0.23732154601237954,1.0,False
BT-v2,HYB-s3-b100-a0.75,HYB-s4-b200-a0.50,0.5575,0.555,0.0024999999999999467,100,0.8464430378355917,1.0,False
BT-v2,HYB-s3-b100-a0.75,HYB-s4-b200-a0.75,0.5575,0.675,-0.11750000000000005,100,4.3684711829123095e-05,0.12913200816688786,False
BT-v2,HYB-s3-b100-a0.75,HYB-s4-b300-a0.25,0.5575,0.545,0.012499999999999956,100,0.6008808288530729,1.0,False
BT-v2,HYB-s3-b100-a0.75,HYB-s4-b300-a0.50,0.5575,0.61,-0.05249999999999999,100,0.022392009271123912,1.0,False
BT-v2,HYB-s3-b100-a0.75,HYB-s4-b300-a0.75,0.5575,0.7375,-0.18000000000000005,100,5.5121533669726336e-11,2.2225002375633658e-07,True
BT-v2,HYB-s3-b100-a0.75,RL-s0-b0-a1.00,0.5575,0.4375,0.12,100,0.0003288459682825047,0.8822937329019601,False
BT-v2,HYB-s3-b100-a0.75,RL-s0-b100-a1.00,0.5575,0.45,0.10749999999999998,100,0.007252243949990705,1.0,False
BT-v2,HYB-s3-b100-a0.75,RL-s0-b200-a1.00,0.5575,0.6625,-0.10499999999999998,100,0.00030526905151855054,0.8223948247909751,False
BT-v2,HYB-s3-b100-a0.75,RL-s0-b300-a1.00,0.5575,0.72,-0.16249999999999998,100,6.6661932710552145e-09,2.522487533767293e-05,True
BT-v2,HYB-s3-b100-a0.75,RL-s1-b100-a1.00,0.5575,0.5475,0.010000000000000009,100,0.5537071869601877,1.0,False
BT-v2,HYB-s3-b100-a0.75,RL-s1-b200-a1.00,0.5575,0.725,-0.16749999999999998,100,9.772998301444529e-09,3.672692761682854e-05,True
BT-v2,HYB-s3-b100-a0.75,RL-s1-b300-a1.00,0.5575,0.78,-0.22250000000000003,100,7.816420930751775e-13,3.249286180913513e-09,True
BT-v2,HYB-s3-b100-a0.75,RL-s2-b100-a1.00,0.5575,0.6425,-0.08499999999999996,100,0.0011728220297821026,1.0,False
BT-v2,HYB-s3-b100-a0.75,RL-s2-b200-a1.00,0.5575,0.7175,-0.16000000000000003,100,6.548998816622731e-09,2.4787960520917037e-05,True
BT-v2,HYB-s3-b100-a0.75,RL-s2-b300-a1.00,0.5575,0.74,-0.1825,100,1.801960507829192e-08,6.683471523538473e-05,True
BT-v2,HYB-s3-b100-a0.75,RL-s3-b100-a1.00,0.5575,0.5025,0.05500000000000005,100,0.008308501226081887,1.0,False
BT-v2,HYB-s3-b100-a0.75,RL-s3-b200-a1.00,0.5575,0.67,-0.11250000000000004,100,3.825066681595053e-05,0.11387223511108473,False
BT-v2,HYB-s3-b100-a0.75,RL-s3-b300-a1.00,0.5575,0.7175,-0.16000000000000003,100,1.3696989002327412e-07,0.00048514735046243697,True
BT-v2,HYB-s3-b100-a0.75,RL-s4-b100-a1.00,0.5575,0.5725,-0.015000000000000013,100,0.41823635241195634,1.0,False
BT-v2,HYB-s3-b100-a0.75,RL-s4-b200-a1.00,0.5575,0.6275,-0.06999999999999995,100,0.00638880185863521,1.0,False
BT-v2,HYB-s3-b100-a0.75,RL-s4-b300-a1.00,0.5575,0.7475,-0.19000000000000006,100,1.1193839936853331e-09,4.361120039398058e-06,True
BT-v2,HYB-s3-b200-a0.25,HYB-s3-b200-a0.50,0.4775,0.49,-0.012500000000000011,100,0.5317506244363226,1.0,False
BT-v2,HYB-s3-b200-a0.25,HYB-s3-b200-a0.75,0.4775,0.5475,-0.07,100,0.022462495686160943,1.0,False
BT-v2,HYB-s3-b200-a0.25,HYB-s3-b300-a0.25,0.4775,0.53,-0.05250000000000005,100,0.011765864576068244,1.0,False
BT-v2,HYB-s3-b200-a0.25,HYB-s3-b300-a0.50,0.4775,0.5,-0.02250000000000002,100,0.3246592157863891,1.0,False
BT-v2,HYB-s3-b200-a0.25,HYB-s3-b300-a0.75,0.4775,0.635,-0.15750000000000003,100,3.303032323255308e-08,0.00012079189206144662,True
BT-v2,HYB-s3-b200-a0.25,HYB-s4-b100-a0.25,0.4775,0.515,-0.03750000000000003,100,0.07495718691361439,1.0,False
BT-v2,HYB-s3-b200-a0.25,HYB-s4-b100-a0.50,0.4775,0.545,-0.06750000000000006,100,0.003009281408979807,1.0,False
BT-v2,HYB-s3-b200-a0.25,HYB-s4-b100-a0.75,0.4775,0.5975,-0.12000000000000005,100,2.984107858038356e-06,0.009743112156495232,True
BT-v2,HYB-s3-b200-a0.25,HYB-s4-b200-a0.25,0.4775,0.525,-0.04750000000000004,100,0.20893641051343959,1.0,False
BT-v2,HYB-s3-b200-a0.25,HYB-s4-b200-a0.50,0.4775,0.555,-0.07750000000000007,100,0.017895627699523825,1.0,False
BT-v2,HYB-s3-b200-a0.25,HYB-s4-b200-a0.75,0.4775,0.675,-0.19750000000000006,100,1.3219126386151099e-08,4.939987530504666e-05,True
BT-v2,HYB-s3-b200-a0.25,HYB-s4-b300-a0.25,0.4775,0.545,-0.06750000000000006,100,0.005267529881996159,1.0,False
BT-v2,HYB-s3-b200-a0.25,HYB-s4-b300-a0.50,0.4775,0.61,-0.1325,100,1.5794354610004196e-06,0.005248464036904394,True
BT-v2,HYB-s3-b200-a0.25,HYB-s4-b300-a0.75,0.4775,0.7375,-0.26000000000000006,100,1.2568086995098143e-12,5.20947205946818e-09,True
BT-v2,HYB-s3-b200-a0.25,RL-s0-b0-a1.00,0.4775,0.4375,0.03999999999999998,100,0.07435601258083466,1.0,False
BT-v2,HYB-s3-b200-a0.25,RL-s0-b100-a1.00,0.4775,0.45,0.02749999999999997,100,0.2843464446436268,1.0,False
BT-v2,HYB-s3-b200-a0.25,RL-s0-b200-a1.00,0.4775,0.6625,-0.185,100,3.887884902153394e-09,1.4859496096030271e-05,True
BT-v2,HYB-s3-b200-a0.25,RL-s0-b300-a1.00,0.4775,0.72,-0.2425,100,7.704203374905027e-12,3.1579529633735705e-08,True
BT-v2,HYB-s3-b200-a0.25,RL-s1-b100-a1.00,0.4775,0.5475,-0.07,100,0.024927606812061277,1.0,False
BT-v2,HYB-s3-b200-a0.25,RL-s1-b200-a1.00,0.4775,0.725,-0.2475,100,1.9911102504297422e-11,8.091872057746473e-08,True
BT-v2,HYB-s3-b200-a0.25,RL-s1-b300-a1.00,0.4775,0.78,-0.30250000000000005,100,5.192700055742951e-15,2.198069933595991e-11,True
BT-v2,HYB-s3-b200-a0.25,RL-s2-b100-a1.00,0.4775,0.6425,-0.16499999999999998,100,9.987679888049645e-08,0.0003562605416067308,True
BT-v2,HYB-s3-b200-a0.25,RL-s2-b200-a1.00,0.4775,0.7175,-0.24000000000000005,100,1.935880596254148e-10,7.72416357905405e-07,True
BT-v2,HYB-s3-b200-a0.25,RL-s2-b300-a1.00,0.4775,0.74,-0.2625,100,9.364097214264908e-11,3.7578122120845076e-07,True
BT-v2,HYB-s3-b200-a0.25,RL-s3-b100-a1.00,0.4775,0.5025,-0.024999999999999967,100,0.44364187416582324,1.0,False
BT-v2,HYB-s3-b200-a0.25,RL-s3-b200-a1.00,0.4775,0.67,-0.19250000000000006,100,9.182386317443234e-08,0.00032808666312224673,True
BT-v2,HYB-s3-b200-a0.25,RL-s3-b300-a1.00,0.4775,0.7175,-0.24000000000000005,100,3.809274559058094e-10,1.5096155077547226e-06,True
BT-v2,HYB-s3-b200-a0.25,RL-s4-b100-a1.00,0.4775,0.5725,-0.09500000000000003,100,0.0005555183789747438,1.0,False
BT-v2,HYB-s3-b200-a0.25,RL-s4-b200-a1.00,0.4775,0.6275,-0.14999999999999997,100,2.908190394127355e-05,0.08770418532355073,False
BT-v2,HYB-s3-b200-a0.25,RL-s4-b300-a1.00,0.4775,0.7475,-0.2700000000000001,100,8.880645791777393e-13,3.689020261904329e-09,True
BT-v2,HYB-s3-b200-a0.50,HYB-s3-b200-a0.75,0.49,0.5475,-0.057499999999999996,100,0.06956885368813996,1.0,False
BT-v2,HYB-s3-b200-a0.50,HYB-s3-b300-a0.25,0.49,0.53,-0.040000000000000036,100,0.0969512333572191,1.0,False
BT-v2,HYB-s3-b200-a0.50,HYB-s3-b300-a0.50,0.49,0.5,-0.010000000000000009,100,0.61921801425044,1.0,False
BT-v2,HYB-s3-b200-a0.50,HYB-s3-b300-a0.75,0.49,0.635,-0.14500000000000002,100,2.9166416472140814e-07,0.0010158050171602262,True
BT-v2,HYB-s3-b200-a0.50,HYB-s4-b100-a0.25,0.49,0.515,-0.025000000000000022,100,0.35485539183615133,1.0,False
BT-v2,HYB-s3-b200-a0.50,HYB-s4-b100-a0.50,0.49,0.545,-0.05500000000000005,100,0.017257996355082163,1.0,False
BT-v2,HYB-s3-b200-a0.50,HYB-s4-b100-a0.75,0.49,0.5975,-0.10750000000000004,100,1.715978429656855e-05,0.05300657369210025,False
BT-v2,HYB-s3-b200-a0.50,HYB-s4-b200-a0.25,0.49,0.525,-0.03500000000000003,100,0.24778638588112745,1.0,False
BT-v2,HYB-s3-b200-a0.50,HYB-s4-b200-a0.50,0.49,0.555,-0.06500000000000006,100,0.024937850562812416,1.0,False
BT-v2,HYB-s3-b200-a0.50,HYB-s4-b200-a0.75,0.49,0.675,-0.18500000000000005,100,5.8587690698300416e-08,0.0002116187388022611,True
BT-v2,HYB-s3-b200-a0.50,HYB-s4-b300-a0.25,0.49,0.545,-0.05500000000000005,100,0.04245065853630185,1.0,False
BT-v2,HYB-s3-b200-a0.50,HYB-s4-b300-a0.50,0.49,0.61,-0.12,100,7.295401253353555e-06,0.023177489781904245,True
BT-v2,HYB-s3-b200-a0.50,HYB-s4-b300-a0.75,0.49,0.7375,-0.24750000000000005,100,7.398163577940188e-12,3.033986883313271e-08,True
BT-v2,HYB-s3-b200-a0.50,RL-s0-b0-a1.00,0.49,0.4375,0.05249999999999999,100,0.05067437057489057,1.0,False
BT-v2,HYB-s3-b200-a0.50,RL-s0-b100-a1.00,0.49,0.45,0.03999999999999998,100,0.3085760715408947,1.0,False
BT-v2,HYB-s3-b200-a0.50,RL-s0-b200-a1.00,0.49,0.6625,-0.1725,100,1.227072025980817e-07,0.00043524244761539583,True
BT-v2,HYB-s3-b200-a0.50,RL-s0-b300-a1.00,0.49,0.72,-0.22999999999999998,100,1.0548741986433101e-11,4.310215975656565e-08,True
BT-v2,HYB-s3-b200-a0.50,RL-s1-b100-a1.00,0.49,0.5475,-0.057499999999999996,100,0.20872121266165877,1.0,False
BT-v2,HYB-s3-b200-a0.50,RL-s1-b200-a1.00,0.49,0.725,-0.235,100,5.482843094422975e-11,2.2112306199807859e-07,True
BT-v2,HYB-s3-b200-a0.50,RL-s1-b300-a1.00,0.49,0.78,-0.29000000000000004,100,4.707351041175964e-14,1.976616702189787e-10,True
BT-v2,HYB-s3-b200-a0.50,RL-s2-b100-a1.00,0.49,0.6425,-0.15249999999999997,100,6.65162851902731e-07,0.002272196302099729,True
BT-v2,HYB-s3-b200-a0.50,RL-s2-b200-a1.00,0.49,0.7175,-0.22750000000000004,100,1.4023416805809992e-10,5.610769064004578e-07,True
BT-v2,HYB-s3-b200-a0.50,RL-s2-b300-a1.00,0.49,0.74,-0.25,100,9.058209439247226e-12,3.709336765371739e-08,True
BT-v2,HYB-s3-b200-a0.50,RL-s3-b100-a1.00,0.49,0.5025,-0.012499999999999956,100,0.6149557288429233,1.0,False
BT-v2,HYB-s3-b200-a0.50,RL-s3-b200-a1.00,0.49,0.67,-0.18000000000000005,100,2.7746246368229817e-08,0.00010193970915687634,True
BT-v2,HYB-s3-b200-a0.50,RL-s3-b300-a1.00,0.49,0.7175,-0.22750000000000004,100,1.379825811482889e-10,5.522062897554522e-07,True
BT-v2,HYB-s3-b200-a0.50,RL-s4-b100-a1.00,0.49,0.5725,-0.08250000000000002,100,0.0007384084350980791,1.0,False
BT-v2,HYB-s3-b200-a0.50,RL-s4-b200-a1.00,0.49,0.6275,-0.13749999999999996,100,4.2408261098032224e-05,0.12569808589456752,False
BT-v2,HYB-s3-b200-a0.50,RL-s4-b300-a1.00,0.49,0.7475,-0.25750000000000006,100,2.8018509801213283e-11,1.1358703873411865e-07,True
BT-v2,HYB-s3-b200-a0.75,HYB-s3-b300-a0.25,0.5475,0.53,0.01749999999999996,100,0.5380703655584005,1.0,False
BT-v2,HYB-s3-b200-a0.75,HYB-s3-b300-a0.50,0.5475,0.5,0.04749999999999999,100,0.13432837776351533,1.0,False
BT-v2,HYB-s3-b200-a0.75,HYB-s3-b300-a0.75,0.5475,0.635,-0.08750000000000002,100,0.0016703828511837754,1.0,False
BT-v2,HYB-s3-b200-a0.75,HYB-s4-b100-a0.25,0.5475,0.515,0.03249999999999997,100,0.2931203138077979,1.0,False
BT-v2,HYB-s3-b200-a0.75,HYB-s4-b100-a0.50,0.5475,0.545,0.0024999999999999467,100,0.8288398413651216,1.0,False
BT-v2,HYB-s3-b200-a0.75,HYB-s4-b100-a0.75,0.5475,0.5975,-0.050000000000000044,100,0.035954748223006656,1.0,False
BT-v2,HYB-s3-b200-a0.75,HYB-s4-b200-a0.25,0.5475,0.525,0.022499999999999964,100,0.4937748982501726,1.0,False
BT-v2,HYB-s3-b200-a0.75,HYB-s4-b200-a0.50,0.5475,0.555,-0.007500000000000062,100,0.7518333377868875,1.0,False
BT-v2,HYB-s3-b200-a0.75,HYB-s4-b200-a0.75,0.5475,0.675,-0.12750000000000006,100,0.00011626149908076999,0.3301826573893868,False
BT-v2,HYB-s3-b200-a0.75,HYB-s4-b300-a0.25,0.5475,0.545,0.0024999999999999467,100,0.9034549480575228,1.0,False
BT-v2,HYB-s3-b200-a0.75,HYB-s4-b300-a0.50,0.5475,0.61,-0.0625,100,0.011079952994644903,1.0,False
BT-v2,HYB-s3-b200-a0.75,HYB-s4-b300-a0.75,0.5475,0.7375,-0.19000000000000006,100,4.2533984899110995e-09,1.6230968637500757e-05,True
BT-v2,HYB-s3-b200-a0.75,RL-s0-b0-a1.00,0.5475,0.4375,0.10999999999999999,100,0.001042270134215854,1.0,False
BT-v2,HYB-s3-b200-a0.75,RL-s0-b100-a1.00,0.5475,0.45,0.09749999999999998,100,0.01054806893989018,1.0,False
BT-v2,HYB-s3-b200-a0.75,RL-s0-b200-a1.00,0.5475,0.6625,-0.11499999999999999,100,4.267616181805624e-05,0.1264067913050826,False
BT-v2,HYB-s3-b200-a0.75,RL-s0-b300-a1.00,0.5475,0.72,-0.1725,100,2.8233315417211458e-08,0.00010361626758116605,True
BT-v2,HYB-s3-b200-a0.75,RL-s1-b100-a1.00,0.5475,0.5475,0.0,100,0.8100404771119634,1.0,False
BT-v2,HYB-s3-b200-a0.75,RL-s1-b200-a1.00,0.5475,0.725,-0.1775,100,4.6340759123251735e-08,0.00016817061485828054,True
BT-v2,HYB-s3-b200-a0.75,RL-s1-b300-a1.00,0.5475,0.78,-0.23250000000000004,100,5.266519043690023e-12,2.1671725864784444e-08,True
BT-v2,HYB-s3-b200-a0.75,RL-s2-b100-a1.00,0.5475,0.6425,-0.09499999999999997,100,0.0016307287710414973,1.0,False
BT-v2,HYB-s3-b200-a0.75,RL-s2-b200-a1.00,0.5475,0.7175,-0.17000000000000004,100,1.0798331545560475e-07,0.0003844206030219529,True
BT-v2,HYB-s3-b200-a0.75,RL-s2-b300-a1.00,0.5475,0.74,-0.1925,100,1.0263689096523798e-07,0.00036579787940010813,True
BT-v2,HYB-s3-b200-a0.75,RL-s3-b100-a1.00,0.5475,0.5025,0.04500000000000004,100,0.0781485587257578,1.0,False
BT-v2,HYB-s3-b200-a0.75,RL-s3-b200-a1.00,0.5475,0.67,-0.12250000000000005,100,0.00025156351092880247,0.6834980591935563,False
BT-v2,HYB-s3-b200-a0.75,RL-s3-b300-a1.00,0.5475,0.7175,-0.17000000000000004,100,1.6616554031123316e-06,0.005513372627526716,True
BT-v2,HYB-s3-b200-a0.75,RL-s4-b100-a1.00,0.5475,0.5725,-0.025000000000000022,100,0.21178852443990592,1.0,False
BT-v2,HYB-s3-b200-a0.75,RL-s4-b200-a1.00,0.5475,0.6275,-0.07999999999999996,100,0.008318099051817249,1.0,False
BT-v2,HYB-s3-b200-a0.75,RL-s4-b300-a1.00,0.5475,0.7475,-0.20000000000000007,100,1.7131558957628834e-08,6.36266099686335e-05,True
BT-v2,HYB-s3-b300-a0.25,HYB-s3-b300-a0.50,0.53,0.5,0.030000000000000027,100,0.1487898993158592,1.0,False
BT-v2,HYB-s3-b300-a0.25,HYB-s3-b300-a0.75,0.53,0.635,-0.10499999999999998,100,4.602676890590094e-05,0.13582499504131368,False
BT-v2,HYB-s3-b300-a0.25,HYB-s4-b100-a0.25,0.53,0.515,0.015000000000000013,100,0.6017448085097576,1.0,False
BT-v2,HYB-s3-b300-a0.25,HYB-s4-b100-a0.50,0.53,0.545,-0.015000000000000013,100,0.40244890701932223,1.0,False
BT-v2,HYB-s3-b300-a0.25,HYB-s4-b100-a0.75,0.53,0.5975,-0.0675,100,0.005549392981940728,1.0,False
BT-v2,HYB-s3-b300-a0.25,HYB-s4-b200-a0.25,0.53,0.525,0.0050000000000000044,100,0.8010475917515958,1.0,False
BT-v2,HYB-s3-b300-a0.25,HYB-s4-b200-a0.50,0.53,0.555,-0.025000000000000022,100,0.40882524421341593,1.0,False
BT-v2,HYB-s3-b300-a0.25,HYB-s4-b200-a0.75,0.53,0.675,-0.14500000000000002,100,3.831396637964756e-06,0.012440544883471563,True
BT-v2,HYB-s3-b300-a0.25,HYB-s4-b300-a0.25,0.53,0.545,-0.015000000000000013,100,0.5878474014102933,1.0,False
BT-v2,HYB-s3-b300-a0.25,HYB-s4-b300-a0.50,0.53,0.61,-0.07999999999999996,100,0.0011258268556486979,1.0,False
BT-v2,HYB-s3-b300-a0.25,HYB-s4-b300-a0.75,0.53,0.7375,-0.20750000000000002,100,2.176641915871471e-12,9.000414322128532e-09,True
BT-v2,HYB-s3-b300-a0.25,RL-s0-b0-a1.00,0.53,0.4375,0.09250000000000003,100,7.121067066296426e-05,0.20693820894657414,False
BT-v2,HYB-s3-b300-a0.25,RL-s0-b100-a1.00,0.53,0.45,0.08000000000000002,100,0.010012681211708617,1.0,False
BT-v2,HYB-s3-b300-a0.25,RL-s0-b200-a1.00,0.53,0.6625,-0.13249999999999995,100,4.1097878049810575e-06,0.01332804185155357,True
BT-v2,HYB-s3-b300-a0.25,RL-s0-b300-a1.00,0.53,0.72,-0.18999999999999995,100,3.828255780626701e-10,1.5167549402842988e-06,True
BT-v2,HYB-s3-b300-a0.25,RL-s1-b100-a1.00,0.53,0.5475,-0.01749999999999996,100,0.6277115514924729,1.0,False
BT-v2,HYB-s3-b300-a0.25,RL-s1-b200-a1.00,0.53,0.725,-0.19499999999999995,100,3.4073949210453463e-09,1.3053729942524722e-05,True
BT-v2,HYB-s3-b300-a0.25,RL-s1-b300-a1.00,0.53,0.78,-0.25,100,5.1009733656628834e-14,2.1413886189052784e-10,True
BT-v2,HYB-s3-b300-a0.25,RL-s2-b100-a1.00,0.53,0.6425,-0.11249999999999993,100,4.778368692064545e-05,0.1406751742943802,False
BT-v2,HYB-s3-b300-a0.25,RL-s2-b200-a1.00,0.53,0.7175,-0.1875,100,1.5293116671021563e-08,5.698215271622634e-05,True
BT-v2,HYB-s3-b300-a0.25,RL-s2-b300-a1.00,0.53,0.74,-0.20999999999999996,100,1.0212767054260289e-08,3.834894028874738e-05,True
BT-v2,HYB-s3-b300-a0.25,RL-s3-b100-a1.00,0.53,0.5025,0.02750000000000008,100,0.19532338876474475,1.0,False
BT-v2,HYB-s3-b300-a0.25,RL-s3-b200-a1.00,0.53,0.67,-0.14,100,2.193439404971565e-05,0.06689990185163272,False
BT-v2,HYB-s3-b300-a0.25,RL-s3-b300-a1.00,0.53,0.7175,-0.1875,100,1.3146269824640897e-08,4.914075660450768e-05,True
BT-v2,HYB-s3-b300-a0.25,RL-s4-b100-a1.00,0.53,0.5725,-0.04249999999999998,100,0.08112606700632963,1.0,False
BT-v2,HYB-s3-b300-a0.25,RL-s4-b200-a1.00,0.53,0.6275,-0.09749999999999992,100,0.004836296138410314,1.0,False
BT-v2,HYB-s3-b300-a0.25,RL-s4-b300-a1.00,0.53,0.7475,-0.21750000000000003,100,1.1338068474227909e-10,4.545431651317969e-07,True
BT-v2,HYB-s3-b300-a0.50,HYB-s3-b300-a0.75,0.5,0.635,-0.135,100,9.90703143483605e-07,0.003348576624974585,True
BT-v2,HYB-s3-b300-a0.50,HYB-s4-b100-a0.25,0.5,0.515,-0.015000000000000013,100,0.5320511392263608,1.0,False
BT-v2,HYB-s3-b300-a0.50,HYB-s4-b100-a0.50,0.5,0.545,-0.04500000000000004,100,0.054526296725317454,1.0,False
BT-v2,HYB-s3-b300-a0.50,HYB-s4-b100-a0.75,0.5,0.5975,-0.09750000000000003,100,0.0005599140387996775,1.0,False
BT-v2,HYB-s3-b300-a0.50,HYB-s4-b200-a0.25,0.5,0.525,-0.025000000000000022,100,0.34418651971526215,1.0,False
BT-v2,HYB-s3-b300-a0.50,HYB-s4-b200-a0.50,0.5,0.555,-0.05500000000000005,100,0.09941411834075352,1.0,False
BT-v2,HYB-s3-b300-a0.50,HYB-s4-b200-a0.75,0.5,0.675,-0.17500000000000004,100,1.930703546582368e-06,0.006384836628547891,True
BT-v2,HYB-s3-b300-a0.50,HYB-s4-b300-a0.25,0.5,0.545,-0.04500000000000004,100,0.08967792381081122,1.0,False
BT-v2,HYB-s3-b300-a0.50,HYB-s4-b300-a0.50,0.5,0.61,-0.10999999999999999,100,0.00010764803847502758,0.3069045576923036,False
BT-v2,HYB-s3-b300-a0.50,HYB-s4-b300-a0.75,0.5,0.7375,-0.23750000000000004,100,1.0400123017942684e-11,4.250530277433175e-08,True
BT-v2,HYB-s3-b300-a0.50,RL-s0-b0-a1.00,0.5,0.4375,0.0625,100,0.009378165922887342,1.0,False
BT-v2,HYB-s3-b300-a0.50,RL-s0-b100-a1.00,0.5,0.45,0.04999999999999999,100,0.17387117491271042,1.0,False
BT-v2,HYB-s3-b300-a0.50,RL-s0-b200-a1.00,0.5,0.6625,-0.16249999999999998,100,1.4531359404961555e-06,0.004844755225614183,True
BT-v2,HYB-s3-b300-a0.50,RL-s0-b300-a1.00,0.5,0.72,-0.21999999999999997,100,4.7008619698008054e-11,1.8991482357995254e-07,True
BT-v2,HYB-s3-b300-a0.50,RL-s1-b100-a1.00,0.5,0.5475,-0.04749999999999999,100,0.3347244913185512,1.0,False
BT-v2,HYB-s3-b300-a0.50,RL-s1-b200-a1.00,0.5,0.725,-0.22499999999999998,100,2.773689638848759e-10,1.1030963693701514e-06,True
BT-v2,HYB-s3-b300-a0.50,RL-s1-b300-a1.00,0.5,0.78,-0.28,100,4.102142572255398e-15,1.738077807864612e-11,True
BT-v2,HYB-s3-b300-a0.50,RL-s2-b100-a1.00,0.5,0.6425,-0.14249999999999996,100,1.1445797542550615e-05,0.035836792105725976,True
BT-v2,HYB-s3-b300-a0.50,RL-s2-b200-a1.00,0.5,0.7175,-0.21750000000000003,100,1.9504667074066533e-09,7.546355690956342e-06,True
BT-v2,HYB-s3-b300-a0.50,RL-s2-b300-a1.00,0.5,0.74,-0.24,100,1.6359410830214002e-08,6.086122602337721e-05,True
BT-v2,HYB-s3-b300-a0.50,RL-s3-b100-a1.00,0.5,0.5025,-0.0024999999999999467,100,0.7055848960715985,1.0,False
BT-v2,HYB-s3-b300-a0.50,RL-s3-b200-a1.00,0.5,0.67,-0.17000000000000004,100,1.6997247198017728e-06,0.005637986895582481,True
BT-v2,HYB-s3-b300-a0.50,RL-s3-b300-a1.00,0.5,0.7175,-0.21750000000000003,100,7.536279911758447e-09,2.8426847827152863e-05,True
BT-v2,HYB-s3-b300-a0.50,RL-s4-b100-a1.00,0.5,0.5725,-0.07250000000000001,100,0.01861622979865488,1.0,False
BT-v2,HYB-s3-b300-a0.50,RL-s4-b200-a1.00,0.5,0.6275,-0.12749999999999995,100,0.0005412063125241779,1.0,False
BT-v2,HYB-s3-b300-a0.50,RL-s4-b300-a1.00,0.5,0.7475,-0.24750000000000005,100,6.319515845751481e-11,2.5455009826686964e-07,True
BT-v2,HYB-s3-b300-a0.75,HYB-s4-b100-a0.25,0.635,0.515,0.12,100,1.0534101550157504e-05,0.03307707886749456,True
BT-v2,HYB-s3-b300-a0.75,HYB-s4-b100-a0.50,0.635,0.545,0.08999999999999997,100,0.0004615299953790498,1.0,False
BT-v2,HYB-s3-b300-a0.75,HYB-s4-b100-a0.75,0.635,0.5975,0.03749999999999998,100,0.09569296547279607,1.0,False
BT-v2,HYB-s3-b300-a0.75,HYB-s4-b200-a0.25,0.635,0.525,0.10999999999999999,100,0.00014892945675457116,0.4167046199992901,False
BT-v2,HYB-s3-b300-a0.75,HYB-s4-b200-a0.50,0.635,0.555,0.07999999999999996,100,0.005873802121001601,1.0,False
BT-v2,HYB-s3-b300-a0.75,HYB-s4-b200-a0.75,0.635,0.675,-0.040000000000000036,100,0.17442700588230653,1.0,False
BT-v2,HYB-s3-b300-a0.75,HYB-s4-b300-a0.25,0.635,0.545,0.08999999999999997,100,0.0006277629321194277,1.0,False
BT-v2,HYB-s3-b300-a0.75,HYB-s4-b300-a0.50,0.635,0.61,0.025000000000000022,100,0.16215492511585639,1.0,False
BT-v2,HYB-s3-b300-a0.75,HYB-s4-b300-a0.75,0.635,0.7375,-0.10250000000000004,100,0.00023294264362079743,0.6357004744411562,False
BT-v2,HYB-s3-b300-a0.75,RL-s0-b0-a1.00,0.635,0.4375,0.1975,100,4.596577107678618e-09,1.74991690489325e-05,True
BT-v2,HYB-s3-b300-a0.75,RL-s0-b100-a1.00,0.635,0.45,0.185,100,1.5600635130512046e-06,0.005187211180895255,True
BT-v2,HYB-s3-b300-a0.75,RL-s0-b200-a1.00,0.635,0.6625,-0.02749999999999997,100,0.2688279160553819,1.0,False
BT-v2,HYB-s3-b300-a0.75,RL-s0-b300-a1.00,0.635,0.72,-0.08499999999999996,100,0.0002590036151197886,0.7021588005897469,False
BT-v2,HYB-s3-b300-a0.75,RL-s1-b100-a1.00,0.635,0.5475,0.08750000000000002,100,0.0004989025064144134,1.0,False
BT-v2,HYB-s3-b300-a0.75,RL-s1-b200-a1.00,0.635,0.725,-0.08999999999999997,100,0.0007164096335014143,1.0,False
BT-v2,HYB-s3-b300-a0.75,RL-s1-b300-a1.00,0.635,0.78,-0.14500000000000002,100,5.656726272939328e-09,2.1450306026985934e-05,True
BT-v2,HYB-s3-b300-a0.75,RL-s2-b100-a1.00,0.635,0.6425,-0.007499999999999951,100,0.773013221667364,1.0,False
BT-v2,HYB-s3-b300-a0.75,RL-s2-b200-a1.00,0.635,0.7175,-0.08250000000000002,100,0.0012960247601504153,1.0,False
BT-v2,HYB-s3-b300-a0.75,RL-s2-b300-a1.00,0.635,0.74,-0.10499999999999998,100,0.0009204941733050013,1.0,False
BT-v2,HYB-s3-b300-a0.75,RL-s3-b100-a1.00,0.635,0.5025,0.13250000000000006,100,2.9535674443345965e-07,0.001028136827372873,True
BT-v2,HYB-s3-b300-a0.75,RL-s3-b200-a1.00,0.635,0.67,-0.03500000000000003,100,0.09499649883909345,1.0,False
BT-v2,HYB-s3-b300-a0.75,RL-s3-b300-a1.00,0.635,0.7175,-0.08250000000000002,100,0.0006346552076030295,1.0,False
BT-v2,HYB-s3-b300-a0.75,RL-s4-b100-a1.00,0.635,0.5725,0.0625,100,0.022352510703320116,1.0,False
BT-v2,HYB-s3-b300-a0.75,RL-s4-b200-a1.00,0.635,0.6275,0.007500000000000062,100,0.9944310905311673,1.0,False
BT-v2,HYB-s3-b300-a0.75,RL-s4-b300-a1.00,0.635,0.7475,-0.11250000000000004,100,2.4076528735642344e-05,0.07321672388508836,False
BT-v2,HYB-s4-b100-a0.25,HYB-s4-b100-a0.50,0.515,0.545,-0.030000000000000027,100,0.1619464731089758,1.0,False
BT-v2,HYB-s4-b100-a0.25,HYB-s4-b100-a0.75,0.515,0.5975,-0.08250000000000002,100,0.0004005158223599759,1.0,False
BT-v2,HYB-s4-b100-a0.25,HYB-s4-b200-a0.25,0.515,0.525,-0.010000000000000009,100,0.6407450622962227,1.0,False
BT-v2,HYB-s4-b100-a0.25,HYB-s4-b200-a0.50,0.515,0.555,-0.040000000000000036,100,0.2305340213533238,1.0,False
BT-v2,HYB-s4-b100-a0.25,HYB-s4-b200-a0.75,0.515,0.675,-0.16000000000000003,100,3.428253470793012e-07,0.0011899467797122545,True
BT-v2,HYB-s4-b100-a0.25,HYB-s4-b300-a0.25,0.515,0.545,-0.030000000000000027,100,0.08611736356382423,1.0,False
BT-v2,HYB-s4-b100-a0.25,HYB-s4-b300-a0.50,0.515,0.61,-0.09499999999999997,100,0.000105834827033718,0.30205259635423115,False
BT-v2,HYB-s4-b100-a0.25,HYB-s4-b300-a0.75,0.515,0.7375,-0.22250000000000003,100,4.33477348978619e-12,1.785059723093953e-08,True
BT-v2,HYB-s4-b100-a0.25,RL-s0-b0-a1.00,0.515,0.4375,0.07750000000000001,100,0.0016891965260649865,1.0,False
BT-v2,HYB-s4-b100-a0.25,RL-s0-b100-a1.00,0.515,0.45,0.065,100,0.044193578266399074,1.0,False
BT-v2,HYB-s4-b100-a0.25,RL-s0-b200-a1.00,0.515,0.6625,-0.14749999999999996,100,4.4368347133001717e-07,0.0015298206091458992,True
BT-v2,HYB-s4-b100-a0.25,RL-s0-b300-a1.00,0.515,0.72,-0.20499999999999996,100,3.972533012681446e-11,1.6088758701359855e-07,True
BT-v2,HYB-s4-b100-a0.25,RL-s1-b100-a1.00,0.515,0.5475,-0.03249999999999997,100,0.2527945726866664,1.0,False
BT-v2,HYB-s4-b100-a0.25,RL-s1-b200-a1.00,0.515,0.725,-0.20999999999999996,100,4.651600761206432e-11,1.8799023013309783e-07,True
BT-v2,HYB-s4-b100-a0.25,RL-s1-b300-a1.00,0.515,0.78,-0.265,100,1.3847901938244972e-14,5.842429827745553e-11,True
BT-v2,HYB-s4-b100-a0.25,RL-s2-b100-a1.00,0.515,0.6425,-0.12749999999999995,100,9.349869419636768e-07,0.0031639958116050824,True
BT-v2,HYB-s4-b100-a0.25,RL-s2-b200-a1.00,0.515,0.7175,-0.2025,100,2.1630811680324025e-10,8.617715373441092e-07,True
BT-v2,HYB-s4-b100-a0.25,RL-s2-b300-a1.00,0.515,0.74,-0.22499999999999998,100,5.40971958027067e-10,2.130888542668617e-06,True
BT-v2,HYB-s4-b100-a0.25,RL-s3-b100-a1.00,0.515,0.5025,0.012500000000000067,100,0.5845773951750286,1.0,False
BT-v2,HYB-s4-b100-a0.25,RL-s3-b200-a1.00,0.515,0.67,-0.15500000000000003,100,2.1328618227810823e-06,0.007029912567886447,True
BT-v2,HYB-s4-b100-a0.25,RL-s3-b300-a1.00,0.515,0.7175,-0.2025,100,3.541046137751028e-09,1.3555124615310934e-05,True
BT-v2,HYB-s4-b100-a0.25,RL-s4-b100-a1.00,0.515,0.5725,-0.057499999999999996,100,0.01671407137077048,1.0,False
BT-v2,HYB-s4-b100-a0.25,RL-s4-b200-a1.00,0.515,0.6275,-0.11249999999999993,100,0.00027163664534785823,0.7350487623113043,False
BT-v2,HYB-s4-b100-a0.25,RL-s4-b300-a1.00,0.515,0.7475,-0.23250000000000004,100,2.359789429256255e-11,9.576025503921883e-08,True
BT-v2,HYB-s4-b100-a0.50,HYB-s4-b100-a0.75,0.545,0.5975,-0.05249999999999999,100,0.015476645904076441,1.0,False
BT-v2,HYB-s4-b100-a0.50,HYB-s4-b200-a0.25,0.545,0.525,0.020000000000000018,100,0.531209802447348,1.0,False
BT-v2,HYB-s4-b100-a0.50,HYB-s4-b200-a0.50,0.545,0.555,-0.010000000000000009,100,0.9132269580363923,1.0,False
BT-v2,HYB-s4-b100-a0.50,HYB-s4-b200-a0.75,0.545,0.675,-0.13,100,6.392619844411761e-05,0.18647272086149105,False
BT-v2,HYB-s4-b100-a0.50,HYB-s4-b300-a0.25,0.545,0.545,0.0,100,0.9001493827191182,1.0,False
BT-v2,HYB-s4-b100-a0.50,HYB-s4-b300-a0.50,0.545,0.61,-0.06499999999999995,100,0.011927358358731039,1.0,False
BT-v2,HYB-s4-b100-a0.50,HYB-s4-b300-a0.75,0.545,0.7375,-0.1925,100,5.483569192281882e-10,2.159429547920605e-06,True
BT-v2,HYB-s4-b100-a0.50,RL-s0-b0-a1.00,0.545,0.4375,0.10750000000000004,100,1.7327723623176698e-05,0.05349068282474646,False
BT-v2,HYB-s4-b100-a0.50,RL-s0-b100-a1.00,0.545,0.45,0.09500000000000003,100,0.008249442004275598,1.0,False
BT-v2,HYB-s4-b100-a0.50,RL-s0-b200-a1.00,0.545,0.6625,-0.11749999999999994,100,4.2135016248147924e-05,0.1249303231757586,False
BT-v2,HYB-s4-b100-a0.50,RL-s0-b300-a1.00,0.545,0.72,-0.17499999999999993,100,5.64382371877157e-09,2.1407023365300566e-05,True
BT-v2,HYB-s4-b100-a0.50,RL-s1-b100-a1.00,0.545,0.5475,-0.0024999999999999467,100,0.8589475412614851,1.0,False
BT-v2,HYB-s4-b100-a0.50,RL-s1-b200-a1.00,0.545,0.725,-0.17999999999999994,100,1.199691909810924e-09,4.671600296803737e-06,True
BT-v2,HYB-s4-b100-a0.50,RL-s1-b300-a1.00,0.545,0.78,-0.235,100,1.0220695517057525e-12,4.241588639578873e-09,True
BT-v2,HYB-s4-b100-a0.50,RL-s2-b100-a1.00,0.545,0.6425,-0.09749999999999992,100,0.00014492011506235931,0.4063637569000284,False
BT-v2,HYB-s4-b100-a0.50,RL-s2-b200-a1.00,0.545,0.7175,-0.1725,100,1.8937895442311094e-07,0.0006650988879339656,True
BT-v2,HYB-s4-b100-a0.50,RL-s2-b300-a1.00,0.545,0.74,-0.19499999999999995,100,1.6030407821214112e-08,5.9665177910558924e-05,True
BT-v2,HYB-s4-b100-a0.50,RL-s3-b100-a1.00,0.545,0.5025,0.04250000000000009,100,0.0438261629529048,1.0,False
BT-v2,HYB-s4-b100-a0.50,RL-s3-b200-a1.00,0.545,0.67,-0.125,100,4.109249283068255e-05,0.12204470370712718,False
BT-v2,HYB-s4-b100-a0.50,RL-s3-b300-a1.00,0.545,0.7175,-0.1725,100,1.8332148100197862e-07,0.0006445583272029568,True
BT-v2,HYB-s4-b100-a0.50,RL-s4-b100-a1.00,0.545,0.5725,-0.02749999999999997,100,0.2306246277110776,1.0,False
BT-v2,HYB-s4-b100-a0.50,RL-s4-b200-a1.00,0.545,0.6275,-0.0824999999999999,100,0.003302934421870457,1.0,False
BT-v2,HYB-s4-b100-a0.50,RL-s4-b300-a1.00,0.545,0.7475,-0.2025,100,1.6888848223504315e-10,6.747094865289974e-07,True
BT-v2,HYB-s4-b100-a0.75,HYB-s4-b200-a0.25,0.5975,0.525,0.07250000000000001,100,0.019123351593627252,1.0,False
BT-v2,HYB-s4-b100-a0.75,HYB-s4-b200-a0.50,0.5975,0.555,0.04249999999999998,100,0.05057389891424874,1.0,False
BT-v2,HYB-s4-b100-a0.75,HYB-s4-b200-a0.75,0.5975,0.675,-0.07750000000000001,100,0.003351325622693893,1.0,False
BT-v2,HYB-s4-b100-a0.75,HYB-s4-b300-a0.25,0.5975,0.545,0.05249999999999999,100,0.015574045081791827,1.0,False
BT-v2,HYB-s4-b100-a0.75,HYB-s4-b300-a0.50,0.5975,0.61,-0.012499999999999956,100,0.6754255876752246,1.0,False
BT-v2,HYB-s4-b100-a0.75,HYB-s4-b300-a0.75,0.5975,0.7375,-0.14,100,4.2700565361934627e-07,0.0014744505219476027,True
BT-v2,HYB-s4-b100-a0.75,RL-s0-b0-a1.00,0.5975,0.4375,0.16000000000000003,100,2.3604103619287934e-08,8.695751773345675e-05,True
BT-v2,HYB-s4-b100-a0.75,RL-s0-b100-a1.00,0.5975,0.45,0.14750000000000002,100,5.5529141197875945e-05,0.162478267144985,False
BT-v2,HYB-s4-b100-a0.75,RL-s0-b200-a1.00,0.5975,0.6625,-0.06499999999999995,100,0.013450537753909302,1.0,False
BT-v2,HYB-s4-b100-a0.75,RL-s0-b300-a1.00,0.5975,0.72,-0.12249999999999994,100,8.212517382247629e-06,0.02600083003219599,True
BT-v2,HYB-s4-b100-a0.75,RL-s1-b100-a1.00,0.5975,0.5475,0.050000000000000044,100,0.035822758395055616,1.0,False
BT-v2,HYB-s4-b100-a0.75,RL-s1-b200-a1.00,0.5975,0.725,-0.12749999999999995,100,2.298010559124286e-06,0.007555858718400653,True
BT-v2,HYB-s4-b100-a0.75,RL-s1-b300-a1.00,0.5975,0.78,-0.1825,100,3.762176327266996e-09,1.4386562275468994e-05,True
BT-v2,HYB-s4-b100-a0.75,RL-s2-b100-a1.00,0.5975,0.6425,-0.04499999999999993,100,0.05384878826459114,1.0,False
BT-v2,HYB-s4-b100-a0.75,RL-s2-b200-a1.00,0.5975,0.7175,-0.12,100,1.797633759922001e-05,0.055457001493593734,False
BT-v2,HYB-s4-b100-a0.75,RL-s2-b300-a1.00,0.5975,0.74,-0.14249999999999996,100,5.608179895892841e-06,0.01804151472508727,True
BT-v2,HYB-s4-b100-a0.75,RL-s3-b100-a1.00,0.5975,0.5025,0.09500000000000008,100,1.3274196859001482e-05,0.04137567160950762,True
BT-v2,HYB-s4-b100-a0.75,RL-s3-b200-a1.00,0.5975,0.67,-0.07250000000000001,100,0.009114350053265314,1.0,False
BT-v2,HYB-s4-b100-a0.75,RL-s3-b300-a1.00,0.5975,0.7175,-0.12,100,6.694130636510156e-05,0.19486614282881065,False
BT-v2,HYB-s4-b100-a0.75,RL-s4-b100-a1.00,0.5975,0.5725,0.025000000000000022,100,0.2473503759891944,1.0,False
BT-v2,HYB-s4-b100-a0.75,RL-s4-b200-a1.00,0.5975,0.6275,-0.029999999999999916,100,0.14121100562885505,1.0,False
BT-v2,HYB-s4-b100-a0.75,RL-s4-b300-a1.00,0.5975,0.7475,-0.15000000000000002,100,2.2843116330650456e-07,0.0007988237780828465,True
BT-v2,HYB-s4-b200-a0.25,HYB-s4-b200-a0.50,0.525,0.555,-0.030000000000000027,100,0.3820010836633929,1.0,False
BT-v2,HYB-s4-b200-a0.25,HYB-s4-b200-a0.75,0.525,0.675,-0.15000000000000002,100,3.5919823074198704e-06,0.011691902410651678,True
BT-v2,HYB-s4-b200-a0.25,HYB-s4-b300-a0.25,0.525,0.545,-0.020000000000000018,100,0.5557730446526492,1.0,False
BT-v2,HYB-s4-b200-a0.25,HYB-s4-b300-a0.50,0.525,0.61,-0.08499999999999996,100,0.004327017397433858,1.0,False
BT-v2,HYB-s4-b200-a0.25,HYB-s4-b300-a0.75,0.525,0.7375,-0.21250000000000002,100,1.6347394746882606e-09,6.3411544223157624e-06,True
BT-v2,HYB-s4-b200-a0.25,RL-s0-b0-a1.00,0.525,0.4375,0.08750000000000002,100,0.006511500411140632,1.0,False
BT-v2,HYB-s4-b200-a0.25,RL-s0-b100-a1.00,0.525,0.45,0.07500000000000001,100,0.08237364908724622,1.0,False
BT-v2,HYB-s4-b200-a0.25,RL-s0-b200-a1.00,0.525,0.6625,-0.13749999999999996,100,9.449806667988951e-06,0.029766891004165196,True
BT-v2,HYB-s4-b200-a0.25,RL-s0-b300-a1.00,0.525,0.72,-0.19499999999999995,100,1.014076462651548e-08,3.808871193719215e-05,True
BT-v2,HYB-s4-b200-a0.25,RL-s1-b100-a1.00,0.525,0.5475,-0.022499999999999964,100,0.734371947843572,1.0,False
BT-v2,HYB-s4-b200-a0.25,RL-s1-b200-a1.00,0.525,0.725,-0.19999999999999996,100,4.763958335946699e-08,0.00017283640842814623,True
BT-v2,HYB-s4-b200-a0.25,RL-s1-b300-a1.00,0.525,0.78,-0.255,100,1.7662020735120787e-11,7.18844243919416e-08,True
BT-v2,HYB-s4-b200-a0.25,RL-s2-b100-a1.00,0.525,0.6425,-0.11749999999999994,100,0.00019599046323911457,0.5416696596006964,False
BT-v2,HYB-s4-b200-a0.25,RL-s2-b200-a1.00,0.525,0.7175,-0.1925,100,1.6593307450635544e-08,6.169391710146295e-05,True
BT-v2,HYB-s4-b200-a0.25,RL-s2-b300-a1.00,0.525,0.74,-0.21499999999999997,100,1.732792020551183e-08,6.43039118826544e-05,True
BT-v2,HYB-s4-b200-a0.25,RL-s3-b100-a1.00,0.525,0.5025,0.022500000000000075,100,0.4908334081087914,1.0,False
BT-v2,HYB-s4-b200-a0.25,RL-s3-b200-a1.00,0.525,0.67,-0.14500000000000002,100,3.959447820316508e-05,0.11779357265441612,False
BT-v2,HYB-s4-b200-a0.25,RL-s3-b300-a1.00,0.525,0.7175,-0.1925,100,1.1764961476240614e-07,0.0004175384827917794,True
BT-v2,HYB-s4-b200-a0.25,RL-s4-b100-a1.00,0.525,0.5725,-0.04749999999999999,100,0.08932446908892971,1.0,False
BT-v2,HYB-s4-b200-a0.25,RL-s4-b200-a1.00,0.525,0.6275,-0.10249999999999992,100,0.0012477234982047698,1.0,False
BT-v2,HYB-s4-b200-a0.25,RL-s4-b300-a1.00,0.525,0.7475,-0.22250000000000003,100,2.1291128370057788e-09,8.218375550842306e-06,True
BT-v2,HYB-s4-b200-a0.50,HYB-s4-b200-a0.75,0.555,0.675,-0.12,100,0.00017211823881542007,0.47883294038449864,False
BT-v2,HYB-s4-b200-a0.50,HYB-s4-b300-a0.25,0.555,0.545,0.010000000000000009,100,0.6925117227617008,1.0,False
BT-v2,HYB-s4-b200-a0.50,HYB-s4-b300-a0.50,0.555,0.61,-0.05499999999999994,100,0.020801582575666822,1.0,False
BT-v2,HYB-s4-b200-a0.50,HYB-s4-b300-a0.75,0.555,0.7375,-0.1825,100,1.0042681046667242e-09,3.921666948723558e-06,True
BT-v2,HYB-s4-b200-a0.50,RL-s0-b0-a1.00,0.555,0.4375,0.11750000000000005,100,3.28730886183182e-05,0.09858639276633628,False
BT-v2,HYB-s4-b200-a0.50,RL-s0-b100-a1.00,0.555,0.45,0.10500000000000004,100,0.0026955582814061885,1.0,False
BT-v2,HYB-s4-b200-a0.50,RL-s0-b200-a1.00,0.555,0.6625,-0.10749999999999993,100,0.00013771189519073442,0.38738356117153594,False
BT-v2,HYB-s4-b200-a0.50,RL-s0-b300-a1.00,0.555,0.72,-0.16499999999999992,100,3.560228509512058e-08,0.00012998394288228523,True
BT-v2,HYB-s4-b200-a0.50,RL-s1-b100-a1.00,0.555,0.5475,0.007500000000000062,100,0.6154447564938438,1.0,False
BT-v2,HYB-s4-b200-a0.50,RL-s1-b200-a1.00,0.555,0.725,-0.16999999999999993,100,6.089701033123144e-08,0.00021977731028541427,True
BT-v2,HYB-s4-b200-a0.50,RL-s1-b300-a1.00,0.555,0.78,-0.22499999999999998,100,6.439958980299136e-11,2.5933714813664624e-07,True
BT-v2,HYB-s4-b200-a0.50,RL-s2-b100-a1.00,0.555,0.6425,-0.08749999999999991,100,0.0007399469466821093,1.0,False
BT-v2,HYB-s4-b200-a0.50,RL-s2-b200-a1.00,0.555,0.7175,-0.16249999999999998,100,9.730177098306459e-08,0.00034727002063855754,True
BT-v2,HYB-s4-b200-a0.50,RL-s2-b300-a1.00,0.555,0.74,-0.18499999999999994,100,4.28791061814399e-08,0.0001560370673942598,True
BT-v2,HYB-s4-b200-a0.50,RL-s3-b100-a1.00,0.555,0.5025,0.0525000000000001,100,0.05190287029201209,1.0,False
BT-v2,HYB-s4-b200-a0.50,RL-s3-b200-a1.00,0.555,0.67,-0.11499999999999999,100,9.037523742322041e-05,0.2598288075917587,False
BT-v2,HYB-s4-b200-a0.50,RL-s3-b300-a1.00,0.555,0.7175,-0.16249999999999998,100,7.244447538331493e-07,0.0024696321658172057,True
BT-v2,HYB-s4-b200-a0.50,RL-s4-b100-a1.00,0.555,0.5725,-0.01749999999999996,100,0.29660421600732156,1.0,False
BT-v2,HYB-s4-b200-a0.50,RL-s4-b200-a1.00,0.555,0.6275,-0.0724999999999999,100,0.018623661364089553,1.0,False
BT-v2,HYB-s4-b200-a0.50,RL-s4-b300-a1.00,0.555,0.7475,-0.1925,100,1.2150226400675296e-08,4.549044764412831e-05,True
BT-v2,HYB-s4-b200-a0.75,HYB-s4-b300-a0.25,0.675,0.545,0.13,100,2.9988282887311827e-05,0.0902647314908086,False
BT-v2,HYB-s4-b200-a0.75,HYB-s4-b300-a0.50,0.675,0.61,0.06500000000000006,100,0.020644885134120966,1.0,False
BT-v2,HYB-s4-b200-a0.75,HYB-s4-b300-a0.75,0.675,0.7375,-0.0625,100,0.023741279554590898,1.0,False
BT-v2,HYB-s4-b200-a0.75,RL-s0-b0-a1.00,0.675,0.4375,0.23750000000000004,100,7.14114426219965e-11,2.873596451109139e-07,True
BT-v2,HYB-s4-b200-a0.75,RL-s0-b100-a1.00,0.675,0.45,0.22500000000000003,100,3.931344244245555e-08,0.00014321887081786557,True
BT-v2,HYB-s4-b200-a0.75,RL-s0-b200-a1.00,0.675,0.6625,0.012500000000000067,100,0.5915748671010346,1.0,False
BT-v2,HYB-s4-b200-a0.75,RL-s0-b300-a1.00,0.675,0.72,-0.04499999999999993,100,0.13839537910555383,1.0,False
BT-v2,HYB-s4-b200-a0.75,RL-s1-b100-a1.00,0.675,0.5475,0.12750000000000006,100,1.8868402524387668e-05,0.058001469359967694,False
BT-v2,HYB-s4-b200-a0.75,RL-s1-b200-a1.00,0.675,0.725,-0.04999999999999993,100,0.14619281069760032,1.0,False
BT-v2,HYB-s4-b200-a0.75,RL-s1-b300-a1.00,0.675,0.78,-0.10499999999999998,100,0.0001351504330326485,0.3805836194199382,False
BT-v2,HYB-s4-b200-a0.75,RL-s2-b100-a1.00,0.675,0.6425,0.032500000000000084,100,0.23237796112641917,1.0,False
BT-v2,HYB-s4-b200-a0.75,RL-s2-b200-a1.00,0.675,0.7175,-0.04249999999999998,100,0.12049775438928545,1.0,False
BT-v2,HYB-s4-b200-a0.75,RL-s2-b300-a1.00,0.675,0.74,-0.06499999999999995,100,0.01702199221596824,1.0,False
BT-v2,HYB-s4-b200-a0.75,RL-s3-b100-a1.00,0.675,0.5025,0.1725000000000001,100,1.5300723589893878e-07,0.0005401155427232539,True
BT-v2,HYB-s4-b200-a0.75,RL-s3-b200-a1.00,0.675,0.67,0.0050000000000000044,100,0.9107068308204542,1.0,False
BT-v2,HYB-s4-b200-a0.75,RL-s3-b300-a1.00,0.675,0.7175,-0.04249999999999998,100,0.0506466810018353,1.0,False
BT-v2,HYB-s4-b200-a0.75,RL-s4-b100-a1.00,0.675,0.5725,0.10250000000000004,100,0.0005438841838627361,1.0,False
BT-v2,HYB-s4-b200-a0.75,RL-s4-b200-a1.00,0.675,0.6275,0.0475000000000001,100,0.3537837014263162,1.0,False
BT-v2,HYB-s4-b200-a0.75,RL-s4-b300-a1.00,0.675,0.7475,-0.07250000000000001,100,0.027461955220191098,1.0,False
BT-v2,HYB-s4-b300-a0.25,HYB-s4-b300-a0.50,0.545,0.61,-0.06499999999999995,100,0.004895812544746971,1.0,False
BT-v2,HYB-s4-b300-a0.25,HYB-s4-b300-a0.75,0.545,0.7375,-0.1925,100,2.0832313591508537e-10,8.301676966216152e-07,True
BT-v2,HYB-s4-b300-a0.25,RL-s0-b0-a1.00,0.545,0.4375,0.10750000000000004,100,0.00028783544696788844,0.7771557068132988,False
BT-v2,HYB-s4-b300-a0.25,RL-s0-b100-a1.00,0.545,0.45,0.09500000000000003,100,0.001939839559477955,1.0,False
BT-v2,HYB-s4-b300-a0.25,RL-s0-b200-a1.00,0.545,0.6625,-0.11749999999999994,100,2.635139018529376e-05,0.0797656580908842,False
BT-v2,HYB-s4-b300-a0.25,RL-s0-b300-a1.00,0.545,0.72,-0.17499999999999993,100,6.391881041624301e-10,2.514566001775e-06,True
BT-v2,HYB-s4-b300-a0.25,RL-s1-b100-a1.00,0.545,0.5475,-0.0024999999999999467,100,0.9169991876883707,1.0,False
BT-v2,HYB-s4-b300-a0.25,RL-s1-b200-a1.00,0.545,0.725,-0.17999999999999994,100,1.2156603385695936e-08,4.550216647265989e-05,True
BT-v2,HYB-s4-b300-a0.25,RL-s1-b300-a1.00,0.545,0.78,-0.235,100,6.803212424548656e-13,2.830136368612241e-09,True
BT-v2,HYB-s4-b300-a0.25,RL-s2-b100-a1.00,0.545,0.6425,-0.09749999999999992,100,0.000740303119959405,1.0,False
BT-v2,HYB-s4-b300-a0.25,RL-s2-b200-a1.00,0.545,0.7175,-0.1725,100,8.071861503563516e-08,0.0002892955162877164,True
BT-v2,HYB-s4-b300-a0.25,RL-s2-b300-a1.00,0.545,0.74,-0.19499999999999995,100,9.071570037413317e-08,0.00032421791313715195,True
BT-v2,HYB-s4-b300-a0.25,RL-s3-b100-a1.00,0.545,0.5025,0.04250000000000009,100,0.05269162878411805,1.0,False
BT-v2,HYB-s4-b300-a0.25,RL-s3-b200-a1.00,0.545,0.67,-0.125,100,7.70568769298936e-05,0.2228484880812523,False
BT-v2,HYB-s4-b300-a0.25,RL-s3-b300-a1.00,0.545,0.7175,-0.1725,100,4.375655821812554e-07,0.001509601258525331,True
BT-v2,HYB-s4-b300-a0.25,RL-s4-b100-a1.00,0.545,0.5725,-0.02749999999999997,100,0.3810401970657994,1.0,False
BT-v2,HYB-s4-b300-a0.25,RL-s4-b200-a1.00,0.545,0.6275,-0.0824999999999999,100,0.00632917663941181,1.0,False
BT-v2,HYB-s4-b300-a0.25,RL-s4-b300-a1.00,0.545,0.7475,-0.2025,100,8.662755287514109e-10,3.3897361440042705e-06,True
BT-v2,HYB-s4-b300-a0.50,HYB-s4-b300-a0.75,0.61,0.7375,-0.12750000000000006,100,1.0552273854787829e-05,0.033123587630178995,True
BT-v2,HYB-s4-b300-a0.50,RL-s0-b0-a1.00,0.61,0.4375,0.1725,100,1.4521412294474202e-07,0.0005134771387326078,True
BT-v2,HYB-s4-b300-a0.50,RL-s0-b100-a1.00,0.61,0.45,0.15999999999999998,100,7.43310106541626e-06,0.023604627464136475,True
BT-v2,HYB-s4-b300-a0.50,RL-s0-b200-a1.00,0.61,0.6625,-0.05249999999999999,100,0.1012010669640102,1.0,False
BT-v2,HYB-s4-b300-a0.50,RL-s0-b300-a1.00,0.61,0.72,-0.10999999999999999,100,1.3978016534247328e-05,0.04345765340497494,True
BT-v2,HYB-s4-b300-a0.50,RL-s1-b100-a1.00,0.61,0.5475,0.0625,100,0.0034680565718936086,1.0,False
BT-v2,HYB-s4-b300-a0.50,RL-s1-b200-a1.00,0.61,0.725,-0.11499999999999999,100,7.047761470555712e-05,0.20487842594905456,False
BT-v2,HYB-s4-b300-a0.50,RL-s1-b300-a1.00,0.61,0.78,-0.17000000000000004,100,1.1068841851762434e-09,4.314634553816997e-06,True
BT-v2,HYB-s4-b300-a0.50,RL-s2-b100-a1.00,0.61,0.6425,-0.03249999999999997,100,0.20353390851686082,1.0,False
BT-v2,HYB-s4-b300-a0.50,RL-s2-b200-a1.00,0.61,0.7175,-0.10750000000000004,100,0.0005481354462645866,1.0,False
BT-v2,HYB-s4-b300-a0.50,RL-s2-b300-a1.00,0.61,0.74,-0.13,100,0.00011635737905506301,0.3303385991373239,False
BT-v2,HYB-s4-b300-a0.50,RL-s3-b100-a1.00,0.61,0.5025,0.10750000000000004,100,1.0589592172147777e-05,0.033230140236199725,True
BT-v2,HYB-s4-b300-a0.50,RL-s3-b200-a1.00,0.61,0.67,-0.06000000000000005,100,0.05448543749197913,1.0,False
BT-v2,HYB-s4-b300-a0.50,RL-s3-b300-a1.00,0.61,0.7175,-0.10750000000000004,100,0.00043101202096143586,1.0,False
BT-v2,HYB-s4-b300-a0.50,RL-s4-b100-a1.00,0.61,0.5725,0.03749999999999998,100,0.2661529896289806,1.0,False
BT-v2,HYB-s4-b300-a0.50,RL-s4-b200-a1.00,0.61,0.6275,-0.01749999999999996,100,0.4230334760613479,1.0,False
BT-v2,HYB-s4-b300-a0.50,RL-s4-b300-a1.00,0.61,0.7475,-0.13750000000000007,100,7.838799168683102e-06,0.024848993364725434,True
BT-v2,HYB-s4-b300-a0.75,RL-s0-b0-a1.00,0.7375,0.4375,0.30000000000000004,100,4.3251241784651066e-14,1.8174171797910377e-10,True
BT-v2,HYB-s4-b300-a0.75,RL-s0-b100-a1.00,0.7375,0.45,0.28750000000000003,100,2.401147052338494e-11,9.741453591337271e-08,True
BT-v2,HYB-s4-b300-a0.75,RL-s0-b200-a1.00,0.7375,0.6625,0.07500000000000007,100,0.0028018552775366592,1.0,False
BT-v2,HYB-s4-b300-a0.75,RL-s0-b300-a1.00,0.7375,0.72,0.01750000000000007,100,0.4955512869437142,1.0,False
BT-v2,HYB-s4-b300-a0.75,RL-s1-b100-a1.00,0.7375,0.5475,0.19000000000000006,100,9.985157373264484e-12,4.0849278814025006e-08,True
BT-v2,HYB-s4-b300-a0.75,RL-s1-b200-a1.00,0.7375,0.725,0.012500000000000067,100,0.6142634601764412,1.0,False
BT-v2,HYB-s4-b300-a0.75,RL-s1-b300-a1.00,0.7375,0.78,-0.04249999999999998,100,0.052755176193261547,1.0,False
BT-v2,HYB-s4-b300-a0.75,RL-s2-b100-a1.00,0.7375,0.6425,0.09500000000000008,100,0.000159892884851133,0.44610114873466106,False
BT-v2,HYB-s4-b300-a0.75,RL-s2-b200-a1.00,0.7375,0.7175,0.020000000000000018,100,0.4025672646613355,1.0,False
BT-v2,HYB-s4-b300-a0.75,RL-s2-b300-a1.00,0.7375,0.74,-0.0024999999999999467,100,0.6782342028183084,1.0,False
BT-v2,HYB-s4-b300-a0.75,RL-s3-b100-a1.00,0.7375,0.5025,0.2350000000000001,100,8.402235704128306e-13,3.4911289350653113e-09,True
BT-v2,HYB-s4-b300-a0.75,RL-s3-b200-a1.00,0.7375,0.67,0.0675,100,0.050461918004251476,1.0,False
BT-v2,HYB-s4-b300-a0.75,RL-s3-b300-a1.00,0.7375,0.7175,0.020000000000000018,100,0.7286944672354497,1.0,False
BT-v2,HYB-s4-b300-a0.75,RL-s4-b100-a1.00,0.7375,0.5725,0.16500000000000004,100,1.3096500400761503e-08,4.896781499844726e-05,True
BT-v2,HYB-s4-b300-a0.75,RL-s4-b200-a1.00,0.7375,0.6275,0.1100000000000001,100,0.0011785906789429964,1.0,False
BT-v2,HYB-s4-b300-a0.75,RL-s4-b300-a1.00,0.7375,0.7475,-0.010000000000000009,100,0.672023900757312,1.0,False
BT-v2,RL-s0-b0-a1.00,RL-s0-b100-a1.00,0.4375,0.45,-0.012500000000000011,100,0.756993974006152,1.0,False
BT-v2,RL-s0-b0-a1.00,RL-s0-b200-a1.00,0.4375,0.6625,-0.22499999999999998,100,4.919648263886611e-10,1.9417851697560456e-06,True
BT-v2,RL-s0-b0-a1.00,RL-s0-b300-a1.00,0.4375,0.72,-0.2825,100,1.5091872861312536e-12,6.246526177297259e-09,True
BT-v2,RL-s0-b0-a1.00,RL-s1-b100-a1.00,0.4375,0.5475,-0.10999999999999999,100,0.00020635996894765576,0.568315354481844,False
BT-v2,RL-s0-b0-a1.00,RL-s1-b200-a1.00,0.4375,0.725,-0.2875,100,5.818887006137371e-12,2.3933082256243007e-08,True
BT-v2,RL-s0-b0-a1.00,RL-s1-b300-a1.00,0.4375,0.78,-0.3425,100,2.7613973462241326e-15,1.1711086145336546e-11,True
BT-v2,RL-s0-b0-a1.00,RL-s2-b100-a1.00,0.4375,0.6425,-0.20499999999999996,100,3.393390078273907e-09,1.3006864170023886e-05,True
BT-v2,RL-s0-b0-a1.00,RL-s2-b200-a1.00,0.4375,0.7175,-0.28,100,6.720621573033391e-12,2.7601592800448137e-08,True
BT-v2,RL-s0-b0-a1.00,RL-s2-b300-a1.00,0.4375,0.74,-0.3025,100,2.3328081462798543e-11,9.468868265749929e-08,True
BT-v2,RL-s0-b0-a1.00,RL-s3-b100-a1.00,0.4375,0.5025,-0.06499999999999995,100,0.033867700091567095,1.0,False
BT-v2,RL-s0-b0-a1.00,RL-s3-b200-a1.00,0.4375,0.67,-0.23250000000000004,100,1.674574102591422e-08,6.224391939332314e-05,True
BT-v2,RL-s0-b0-a1.00,RL-s3-b300-a1.00,0.4375,0.7175,-0.28,100,4.7319089769469386e-11,1.9112180357888686e-07,True
BT-v2,RL-s0-b0-a1.00,RL-s4-b100-a1.00,0.4375,0.5725,-0.135,100,1.5584889933819957e-05,0.04832874368477569,True
BT-v2,RL-s0-b0-a1.00,RL-s4-b200-a1.00,0.4375,0.6275,-0.18999999999999995,100,1.8795559451478794e-06,0.006219450622494333,True
BT-v2,RL-s0-b0-a1.00,RL-s4-b300-a1.00,0.4375,0.7475,-0.31000000000000005,100,9.141322675318277e-13,3.79639130705968e-09,True
BT-v2,RL-s0-b100-a1.00,RL-s0-b200-a1.00,0.45,0.6625,-0.21249999999999997,100,5.202007117562118e-08,0.00018826063758457305,True
BT-v2,RL-s0-b100-a1.00,RL-s0-b300-a1.00,0.45,0.72,-0.26999999999999996,100,1.9432731115846225e-11,7.89940519859149e-08,True
BT-v2,RL-s0-b100-a1.00,RL-s1-b100-a1.00,0.45,0.5475,-0.09749999999999998,100,0.017811038825346584,1.0,False
BT-v2,RL-s0-b100-a1.00,RL-s1-b200-a1.00,0.45,0.725,-0.27499999999999997,100,1.2767358882425908e-10,5.114603968299819e-07,True
BT-v2,RL-s0-b100-a1.00,RL-s1-b300-a1.00,0.45,0.78,-0.33,100,1.2447207658172555e-13,5.217869450305935e-10,True
BT-v2,RL-s0-b100-a1.00,RL-s2-b100-a1.00,0.45,0.6425,-0.19249999999999995,100,3.7444128228240862e-06,0.012165597261355457,True
BT-v2,RL-s0-b100-a1.00,RL-s2-b200-a1.00,0.45,0.7175,-0.2675,100,7.532890784478501e-10,2.9574129219862593e-06,True
BT-v2,RL-s0-b100-a1.00,RL-s2-b300-a1.00,0.45,0.74,-0.29,100,9.534712728496284e-10,3.726165734296348e-06,True
BT-v2,RL-s0-b100-a1.00,RL-s3-b100-a1.00,0.45,0.5025,-0.052499999999999936,100,0.1609952921055593,1.0,False
BT-v2,RL-s0-b100-a1.00,RL-s3-b200-a1.00,0.45,0.67,-0.22000000000000003,100,2.6011976356975223e-07,0.0009083382143855748,True
BT-v2,RL-s0-b100-a1.00,RL-s3-b300-a1.00,0.45,0.7175,-0.2675,100,1.337445942156329e-09,5.201327269045964e-06,True
BT-v2,RL-s0-b100-a1.00,RL-s4-b100-a1.00,0.45,0.5725,-0.1225,100,0.001316677859338702,1.0,False
BT-v2,RL-s0-b100-a1.00,RL-s4-b200-a1.00,0.45,0.6275,-0.17749999999999994,100,8.031106949869739e-05,0.23193836871223805,False
BT-v2,RL-s0-b100-a1.00,RL-s4-b300-a1.00,0.45,0.7475,-0.29750000000000004,100,7.626137948144438e-11,3.064182227564435e-07,True
BT-v2,RL-s0-b200-a1.00,RL-s0-b300-a1.00,0.6625,0.72,-0.057499999999999996,100,0.008276938078383896,1.0,False
BT-v2,RL-s0-b200-a1.00,RL-s1-b100-a1.00,0.6625,0.5475,0.11499999999999999,100,9.942573609412975e-06,0.031269394001603806,True
BT-v2,RL-s0-b200-a1.00,RL-s1-b200-a1.00,0.6625,0.725,-0.0625,100,0.022877915063421118,1.0,False
BT-v2,RL-s0-b200-a1.00,RL-s1-b300-a1.00,0.6625,0.78,-0.11750000000000005,100,4.109281790362699e-05,0.12204470370712718,False
BT-v2,RL-s0-b200-a1.00,RL-s2-b100-a1.00,0.6625,0.6425,0.020000000000000018,100,0.30790316107469706,1.0,False
BT-v2,RL-s0-b200-a1.00,RL-s2-b200-a1.00,0.6625,0.7175,-0.05500000000000005,100,0.024507143764110107,1.0,False
BT-v2,RL-s0-b200-a1.00,RL-s2-b300-a1.00,0.6625,0.74,-0.07750000000000001,100,0.005160253198779123,1.0,False
BT-v2,RL-s0-b200-a1.00,RL-s3-b100-a1.00,0.6625,0.5025,0.16000000000000003,100,1.4667553675603068e-08,5.469530765632384e-05,True
BT-v2,RL-s0-b200-a1.00,RL-s3-b200-a1.00,0.6625,0.67,-0.007500000000000062,100,0.513112712728506,1.0,False
BT-v2,RL-s0-b200-a1.00,RL-s3-b300-a1.00,0.6625,0.7175,-0.05500000000000005,100,0.00935708481272875,1.0,False
BT-v2,RL-s0-b200-a1.00,RL-s4-b100-a1.00,0.6625,0.5725,0.08999999999999997,100,0.002333573937387402,1.0,False
BT-v2,RL-s0-b200-a1.00,RL-s4-b200-a1.00,0.6625,0.6275,0.03500000000000003,100,0.2691545500917888,1.0,False
BT-v2,RL-s0-b200-a1.00,RL-s4-b300-a1.00,0.6625,0.7475,-0.08500000000000008,100,0.0016793244861289768,1.0,False
BT-v2,RL-s0-b300-a1.00,RL-s1-b100-a1.00,0.72,0.5475,0.1725,100,7.083149147002283e-10,2.7836776147718973e-06,True
BT-v2,RL-s0-b300-a1.00,RL-s1-b200-a1.00,0.72,0.725,-0.0050000000000000044,100,0.7951109109199902,1.0,False
BT-v2,RL-s0-b300-a1.00,RL-s1-b300-a1.00,0.72,0.78,-0.06000000000000005,100,0.010935740377949097,1.0,False
BT-v2,RL-s0-b300-a1.00,RL-s2-b100-a1.00,0.72,0.6425,0.07750000000000001,100,0.0011617011105632517,1.0,False
BT-v2,RL-s0-b300-a1.00,RL-s2-b200-a1.00,0.72,0.7175,0.0024999999999999467,100,0.7879479195776199,1.0,False
BT-v2,RL-s0-b300-a1.00,RL-s2-b300-a1.00,0.72,0.74,-0.020000000000000018,100,0.2917772395888383,1.0,False
BT-v2,RL-s0-b300-a1.00,RL-s3-b100-a1.00,0.72,0.5025,0.21750000000000003,100,7.563639008581296e-12,3.101091993518331e-08,True
BT-v2,RL-s0-b300-a1.00,RL-s3-b200-a1.00,0.72,0.67,0.04999999999999993,100,0.06712646671626796,1.0,False
BT-v2,RL-s0-b300-a1.00,RL-s3-b300-a1.00,0.72,0.7175,0.0024999999999999467,100,0.6092055218477218,1.0,False
BT-v2,RL-s0-b300-a1.00,RL-s4-b100-a1.00,0.72,0.5725,0.14749999999999996,100,6.587759706536718e-08,0.00023702759424119112,True
BT-v2,RL-s0-b300-a1.00,RL-s4-b200-a1.00,0.72,0.6275,0.09250000000000003,100,0.007113246365890913,1.0,False
BT-v2,RL-s0-b300-a1.00,RL-s4-b300-a1.00,0.72,0.7475,-0.02750000000000008,100,0.28552693937630846,1.0,False
BT-v2,RL-s1-b100-a1.00,RL-s1-b200-a1.00,0.5475,0.725,-0.1775,100,1.348783550051261e-10,5.40052933440525e-07,True
BT-v2,RL-s1-b100-a1.00,RL-s1-b300-a1.00,0.5475,0.78,-0.23250000000000004,100,1.3596051436367847e-11,5.544469775750808e-08,True
BT-v2,RL-s1-b100-a1.00,RL-s2-b100-a1.00,0.5475,0.6425,-0.09499999999999997,100,9.137546703585445e-05,0.2626130922610457,False
BT-v2,RL-s1-b100-a1.00,RL-s2-b200-a1.00,0.5475,0.7175,-0.17000000000000004,100,8.656806413546618e-10,3.3882740302621464e-06,True
BT-v2,RL-s1-b100-a1.00,RL-s2-b300-a1.00,0.5475,0.74,-0.1925,100,2.9434537550933698e-09,1.1308749327068726e-05,True
BT-v2,RL-s1-b100-a1.00,RL-s3-b100-a1.00,0.5475,0.5025,0.04500000000000004,100,0.1074625956092501,1.0,False
BT-v2,RL-s1-b100-a1.00,RL-s3-b200-a1.00,0.5475,0.67,-0.12250000000000005,100,1.9961095231085012e-05,0.06118075688327556,False
BT-v2,RL-s1-b100-a1.00,RL-s3-b300-a1.00,0.5475,0.7175,-0.17000000000000004,100,2.6977518606740732e-08,9.916935839837893e-05,True
BT-v2,RL-s1-b100-a1.00,RL-s4-b100-a1.00,0.5475,0.5725,-0.025000000000000022,100,0.15247789475031087,1.0,False
BT-v2,RL-s1-b100-a1.00,RL-s4-b200-a1.00,0.5475,0.6275,-0.07999999999999996,100,0.004969955598629669,1.0,False
BT-v2,RL-s1-b100-a1.00,RL-s4-b300-a1.00,0.5475,0.7475,-0.20000000000000007,100,8.911148156027742e-11,3.5778259846451384e-07,True
BT-v2,RL-s1-b200-a1.00,RL-s1-b300-a1.00,0.725,0.78,-0.05500000000000005,100,0.03754123422755063,1.0,False
BT-v2,RL-s1-b200-a1.00,RL-s2-b100-a1.00,0.725,0.6425,0.08250000000000002,100,0.002276089196403444,1.0,False
BT-v2,RL-s1-b200-a1.00,RL-s2-b200-a1.00,0.725,0.7175,0.007499999999999951,100,0.6115823324815066,1.0,False
BT-v2,RL-s1-b200-a1.00,RL-s2-b300-a1.00,0.725,0.74,-0.015000000000000013,100,0.5595617356862017,1.0,False
BT-v2,RL-s1-b200-a1.00,RL-s3-b100-a1.00,0.725,0.5025,0.22250000000000003,100,6.802587817801654e-12,2.7931425579893592e-08,True
BT-v2,RL-s1-b200-a1.00,RL-s3-b200-a1.00,0.725,0.67,0.05499999999999994,100,0.0947500810522137,1.0,False
BT-v2,RL-s1-b200-a1.00,RL-s3-b300-a1.00,0.725,0.7175,0.007499999999999951,100,0.918895204223368,1.0,False
BT-v2,RL-s1-b200-a1.00,RL-s4-b100-a1.00,0.725,0.5725,0.15249999999999997,100,1.1485416273917804e-07,0.0004080768402122996,True
BT-v2,RL-s1-b200-a1.00,RL-s4-b200-a1.00,0.725,0.6275,0.09750000000000003,100,0.0043802035614057076,1.0,False
BT-v2,RL-s1-b200-a1.00,RL-s4-b300-a1.00,0.725,0.7475,-0.022500000000000075,100,0.5521795615299969,1.0,False
BT-v2,RL-s1-b300-a1.00,RL-s2-b100-a1.00,0.78,0.6425,0.13750000000000007,100,2.012146570128746e-06,0.006646120121135248,True
BT-v2,RL-s1-b300-a1.00,RL-s2-b200-a1.00,0.78,0.7175,0.0625,100,0.02867793684002176,1.0,False
BT-v2,RL-s1-b300-a1.00,RL-s2-b300-a1.00,0.78,0.74,0.040000000000000036,100,0.36988211441673846,1.0,False
BT-v2,RL-s1-b300-a1.00,RL-s3-b100-a1.00,0.78,0.5025,0.2775000000000001,100,6.6833838502771594e-15,2.8243980151271276e-11,True
BT-v2,RL-s1-b300-a1.00,RL-s3-b200-a1.00,0.78,0.67,0.10999999999999999,100,0.000668929434684587,1.0,False
BT-v2,RL-s1-b300-a1.00,RL-s3-b300-a1.00,0.78,0.7175,0.0625,100,0.06606896950499655,1.0,False
BT-v2,RL-s1-b300-a1.00,RL-s4-b100-a1.00,0.78,0.5725,0.20750000000000002,100,1.3683909175561704e-10,5.477668842977351e-07,True
BT-v2,RL-s1-b300-a1.00,RL-s4-b200-a1.00,0.78,0.6275,0.15250000000000008,100,0.00010691114884825038,0.3049105965152101,False
BT-v2,RL-s1-b300-a1.00,RL-s4-b300-a1.00,0.78,0.7475,0.03249999999999997,100,0.16723642508534797,1.0,False
BT-v2,RL-s2-b100-a1.00,RL-s2-b200-a1.00,0.6425,0.7175,-0.07500000000000007,100,0.006462236040638036,1.0,False
BT-v2,RL-s2-b100-a1.00,RL-s2-b300-a1.00,0.6425,0.74,-0.09750000000000003,100,0.0016997297610390327,1.0,False
BT-v2,RL-s2-b100-a1.00,RL-s3-b100-a1.00,0.6425,0.5025,0.14,100,7.629606384357548e-07,0.0025971180132353094,True
BT-v2,RL-s2-b100-a1.00,RL-s3-b200-a1.00,0.6425,0.67,-0.02750000000000008,100,0.2177170713850347,1.0,False
BT-v2,RL-s2-b100-a1.00,RL-s3-b300-a1.00,0.6425,0.7175,-0.07500000000000007,100,0.0029212390034681983,1.0,False
BT-v2,RL-s2-b100-a1.00,RL-s4-b100-a1.00,0.6425,0.5725,0.06999999999999995,100,0.004738203514259708,1.0,False
BT-v2,RL-s2-b100-a1.00,RL-s4-b200-a1.00,0.6425,0.6275,0.015000000000000013,100,0.7607393162970115,1.0,False
BT-v2,RL-s2-b100-a1.00,RL-s4-b300-a1.00,0.6425,0.7475,-0.1050000000000001,100,4.8622449234451155e-05,0.14309586809698974,False
BT-v2,RL-s2-b200-a1.00,RL-s2-b300-a1.00,0.7175,0.74,-0.022499999999999964,100,0.1291894287909791,1.0,False
BT-v2,RL-s2-b200-a1.00,RL-s3-b100-a1.00,0.7175,0.5025,0.21500000000000008,100,1.946856907298142e-12,8.052200168585116e-09,True
BT-v2,RL-s2-b200-a1.00,RL-s3-b200-a1.00,0.7175,0.67,0.04749999999999999,100,0.08748653785647716,1.0,False
BT-v2,RL-s2-b200-a1.00,RL-s3-b300-a1.00,0.7175,0.7175,0.0,100,0.6950219762440526,1.0,False
BT-v2,RL-s2-b200-a1.00,RL-s4-b100-a1.00,0.7175,0.5725,0.14500000000000002,100,2.631496014210834e-06,0.008620780942554692,True
BT-v2,RL-s2-b200-a1.00,RL-s4-b200-a1.00,0.7175,0.6275,0.09000000000000008,100,0.002224590315549441,1.0,False
BT-v2,RL-s2-b200-a1.00,RL-s4-b300-a1.00,0.7175,0.7475,-0.030000000000000027,100,0.15944762782235955,1.0,False
BT-v2,RL-s2-b300-a1.00,RL-s3-b100-a1.00,0.74,0.5025,0.23750000000000004,100,5.112323547556607e-11,2.0638450161486023e-07,True
BT-v2,RL-s2-b300-a1.00,RL-s3-b200-a1.00,0.74,0.67,0.06999999999999995,100,0.01380623299702061,1.0,False
BT-v2,RL-s2-b300-a1.00,RL-s3-b300-a1.00,0.74,0.7175,0.022499999999999964,100,0.26977790559623116,1.0,False
BT-v2,RL-s2-b300-a1.00,RL-s4-b100-a1.00,0.74,0.5725,0.16749999999999998,100,1.2743703237241528e-07,0.0004517642797602122,True
BT-v2,RL-s2-b300-a1.00,RL-s4-b200-a1.00,0.74,0.6275,0.11250000000000004,100,0.0006652308176942161,1.0,False
BT-v2,RL-s2-b300-a1.00,RL-s4-b300-a1.00,0.74,0.7475,-0.007500000000000062,100,0.8102413669220384,1.0,False
BT-v2,RL-s3-b100-a1.00,RL-s3-b200-a1.00,0.5025,0.67,-0.1675000000000001,100,3.052388168582513e-08,0.00011183950249686326,True
BT-v2,RL-s3-b100-a1.00,RL-s3-b300-a1.00,0.5025,0.7175,-0.21500000000000008,100,5.94150369265954e-11,2.3944259881417943e-07,True
BT-v2,RL-s3-b100-a1.00,RL-s4-b100-a1.00,0.5025,0.5725,-0.07000000000000006,100,0.000912618703688619,1.0,False
BT-v2,RL-s3-b100-a1.00,RL-s4-b200-a1.00,0.5025,0.6275,-0.125,100,1.5234723945644738e-05,0.04727334840333562,True
BT-v2,RL-s3-b100-a1.00,RL-s4-b300-a1.00,0.5025,0.7475,-0.2450000000000001,100,1.3137918855932195e-11,5.3589571013347424e-08,True
BT-v2,RL-s3-b200-a1.00,RL-s3-b300-a1.00,0.67,0.7175,-0.04749999999999999,100,0.05913523446076164,1.0,False
BT-v2,RL-s3-b200-a1.00,RL-s4-b100-a1.00,0.67,0.5725,0.09750000000000003,100,0.00104905902661582,1.0,False
BT-v2,RL-s3-b200-a1.00,RL-s4-b200-a1.00,0.67,0.6275,0.04250000000000009,100,0.1678510615787684,1.0,False
BT-v2,RL-s3-b200-a1.00,RL-s4-b300-a1.00,0.67,0.7475,-0.07750000000000001,100,0.025951195390898803,1.0,False
BT-v2,RL-s3-b300-a1.00,RL-s4-b100-a1.00,0.7175,0.5725,0.14500000000000002,100,5.847889942981881e-06,0.018765878827028855,True
BT-v2,RL-s3-b300-a1.00,RL-s4-b200-a1.00,0.7175,0.6275,0.09000000000000008,100,0.0038831614974756622,1.0,False
BT-v2,RL-s3-b300-a1.00,RL-s4-b300-a1.00,0.7175,0.7475,-0.030000000000000027,100,0.5592343362294057,1.0,False
BT-v2,RL-s4-b100-a1.00,RL-s4-b200-a1.00,0.5725,0.6275,-0.05499999999999994,100,0.0556530312080341,1.0,False
BT-v2,RL-s4-b100-a1.00,RL-s4-b300-a1.00,0.5725,0.7475,-0.17500000000000004,100,2.6439129443055228e-08,9.721667896211407e-05,True
BT-v2,RL-s4-b200-a1.00,RL-s4-b300-a1.00,0.6275,0.7475,-0.1200000000000001,100,0.00038219349415934313,1.0,False
BT-v3,BT-v1,BT-v2,0.2325,0.8425,-0.61,100,2.724716544573642e-18,1.2015999961569762e-14,True
BT-v3,BT-v1,BT-v3,0.2325,0.5,-0.26749999999999996,100,9.017204491823712e-16,3.838623952169354e-12,True
BT-v3,BT-v1,HYB-s0-b0-a0.25,0.2325,0.83,-0.5974999999999999,100,5.667278413946544e-18,2.4817012174671917e-14,True
BT-v3,BT-v1,HYB-s0-b0-a0.50,0.2325,0.8275,-0.595,100,5.010595976880047e-18,2.1981484550572764e-14,True
BT-v3,BT-v1,HYB-s0-b0-a0.75,0.2325,0.8075,-0.575,100,2.6069743799853723e-17,1.1282985116576692e-13,True
BT-v3,BT-v1,HYB-s0-b100-a0.25,0.2325,0.8325,-0.6,100,4.4548391630369014e-18,1.956565360405807e-14,True
BT-v3,BT-v1,HYB-s0-b100-a0.50,0.2325,0.7875,-0.5549999999999999,100,3.993695051214259e-18,1.7548296055035454e-14,True
BT-v3,BT-v1,HYB-s0-b100-a0.75,0.2325,0.805,-0.5725,100,1.0899149621861631e-17,4.745489745358554e-14,True
BT-v3,BT-v1,HYB-s0-b200-a0.25,0.2325,0.7175,-0.485,100,3.596145546711432e-17,1.5542541052886808e-13,True
BT-v3,BT-v1,HYB-s0-b200-a0.50,0.2325,0.7,-0.4674999999999999,100,2.7435509711632187e-18,1.2096316231858631e-14,True
BT-v3,BT-v1,HYB-s0-b200-a0.75,0.2325,0.7525,-0.5199999999999999,100,6.543310174218538e-18,2.860735208168345e-14,True
BT-v3,BT-v1,HYB-s0-b300-a0.25,0.2325,0.7475,-0.515,100,4.9172014771087445e-18,2.1576680081553172e-14,True
BT-v3,BT-v1,HYB-s0-b300-a0.50,0.2325,0.6425,-0.4099999999999999,100,5.538496304459105e-17,2.3865380575914285e-13,True
BT-v3,BT-v1,HYB-s0-b300-a0.75,0.2325,0.7075,-0.475,100,8.405290736429038e-18,3.6722715227458466e-14,True
BT-v3,BT-v1,HYB-s1-b100-a0.25,0.2325,0.835,-0.6024999999999999,100,2.957125948873966e-18,1.3029096930738693e-14,True
BT-v3,BT-v1,HYB-s1-b100-a0.50,0.2325,0.8675,-0.635,100,2.373668551554786e-18,1.047499931801127e-14,True
BT-v3,BT-v1,HYB-s1-b100-a0.75,0.2325,0.8075,-0.575,100,2.33552360208377e-18,1.030900117959776e-14,True
BT-v3,BT-v1,HYB-s1-b200-a0.25,0.2325,0.7925,-0.5599999999999999,100,5.8876567465904436e-18,2.5776161236572963e-14,True
BT-v3,BT-v1,HYB-s1-b200-a0.50,0.2325,0.7875,-0.5549999999999999,100,4.817737021630091e-18,2.1145047787934472e-14,True
BT-v3,BT-v1,HYB-s1-b200-a0.75,0.2325,0.8525,-0.62,100,3.331941742002996e-18,1.4673871431781195e-14,True
BT-v3,BT-v1,HYB-s1-b300-a0.25,0.2325,0.8025,-0.57,100,5.9821635887504146e-18,2.6177947864371816e-14,True
BT-v3,BT-v1,HYB-s1-b300-a0.50,0.2325,0.7625,-0.5299999999999999,100,4.510921731851632e-18,1.9807457324560515e-14,True
BT-v3,BT-v1,HYB-s1-b300-a0.75,0.2325,0.865,-0.6325,100,6.274487812297346e-18,2.744460969098859e-14,True
BT-v3,BT-v1,HYB-s2-b100-a0.25,0.2325,0.8125,-0.58,100,1.860772291092899e-18,8.224613526630614e-15,True
BT-v3,BT-v1,HYB-s2-b100-a0.50,0.2325,0.7825,-0.5499999999999999,100,3.99096962887539e-18,1.754031151890734e-14,True
BT-v3,BT-v1,HYB-s2-b100-a0.75,0.2325,0.7675,-0.5349999999999999,100,5.410567785869766e-18,2.3698286902109577e-14,True
BT-v3,BT-v1,HYB-s2-b200-a0.25,0.2325,0.7275,-0.495,100,1.2592124607888105e-17,5.4775742044313256e-14,True
BT-v3,BT-v1,HYB-s2-b200-a0.50,0.2325,0.685,-0.4525,100,3.361887475391929e-17,1.45368014435947e-13,True
BT-v3,BT-v1,HYB-s2-b200-a0.75,0.2325,0.755,-0.5225,100,8.606030023999285e-18,3.759113914482888e-14,True
BT-v3,BT-v1,HYB-s2-b300-a0.25,0.2325,0.6675,-0.43499999999999994,100,1.2212161938058941e-17,5.313511659249445e-14,True
BT-v3,BT-v1,HYB-s2-b300-a0.50,0.2325,0.6525,-0.41999999999999993,100,8.701207973748435e-18,3.7998175221359415e-14,True
BT-v3,BT-v1,HYB-s2-b300-a0.75,0.2325,0.68,-0.4475,100,5.356523870131831e-18,2.3466931075047554e-14,True
BT-v3,BT-v1,HYB-s3-b100-a0.25,0.2325,0.6425,-0.4099999999999999,100,7.568763108469406e-17,3.2553250129526917e-13,True
BT-v3,BT-v1,HYB-s3-b100-a0.50,0.2325,0.6025,-0.37,100,1.2516846130204345e-16,5.368475305244643e-13,True
BT-v3,BT-v1,HYB-s3-b100-a0.75,0.2325,0.615,-0.38249999999999995,100,7.439017514978995e-17,3.200265334943964e-13,True
BT-v3,BT-v1,HYB-s3-b200-a0.25,0.2325,0.59,-0.35749999999999993,100,3.081985260224329e-15,1.3067617503351155e-11,True
BT-v3,BT-v1,HYB-s3-b200-a0.50,0.2325,0.57,-0.3374999999999999,100,3.1785257819771438e-15,1.3470592264019135e-11,True
BT-v3,BT-v1,HYB-s3-b200-a0.75,0.2325,0.615,-0.38249999999999995,100,1.9102335078955826e-15,8.116582175048331e-12,True
BT-v3,BT-v1,HYB-s3-b300-a0.25,0.2325,0.74,-0.5075,100,5.022014183472363e-18,2.2026554208709782e-14,True
BT-v3,BT-v1,HYB-s3-b300-a0.50,0.2325,0.6425,-0.4099999999999999,100,1.135097739400188e-16,4.869569302026807e-13,True
BT-v3,BT-v1,HYB-s3-b300-a0.75,0.2325,0.695,-0.4624999999999999,100,9.894713056669643e-17,4.2497792578396117e-13,True
BT-v3,BT-v1,HYB-s4-b100-a0.25,0.2325,0.755,-0.5225,100,1.063632937995187e-17,4.6331850779070344e-14,True
BT-v3,BT-v1,HYB-s4-b100-a0.50,0.2325,0.765,-0.5325,100,3.590512570158484e-18,1.5798255308697332e-14,True
BT-v3,BT-v1,HYB-s4-b100-a0.75,0.2325,0.7675,-0.5349999999999999,100,1.4363069562497476e-17,6.240753724905153e-14,True
BT-v3,BT-v1,HYB-s4-b200-a0.25,0.2325,0.725,-0.49249999999999994,100,9.260671941248914e-18,4.040431167966901e-14,True
BT-v3,BT-v1,HYB-s4-b200-a0.50,0.2325,0.7375,-0.505,100,1.7485053146530117e-17,7.586764560279417e-14,True
BT-v3,BT-v1,HYB-s4-b200-a0.75,0.2325,0.82,-0.5874999999999999,100,3.780987498791875e-18,1.6625002032187874e-14,True
BT-v3,BT-v1,HYB-s4-b300-a0.25,0.2325,0.7125,-0.48,100,1.2955167729648563e-17,5.63420244562416e-14,True
BT-v3,BT-v1,HYB-s4-b300-a0.50,0.2325,0.68,-0.4475,100,9.597685938324459e-18,4.183631300515631e-14,True
BT-v3,BT-v1,HYB-s4-b300-a0.75,0.2325,0.785,-0.5525,100,3.1561172024459144e-18,1.3902696276774253e-14,True
BT-v3,BT-v1,RL-s0-b0-a1.00,0.2325,0.84,-0.6074999999999999,100,3.4470868060213615e-18,1.5174076120106034e-14,True
BT-v3,BT-v1,RL-s0-b100-a1.00,0.2325,0.815,-0.5824999999999999,100,6.228033562291368e-18,2.7247646835024735e-14,True
BT-v3,BT-v1,RL-s0-b200-a1.00,0.2325,0.7275,-0.495,100,1.9705733946636706e-17,8.542435665867012e-14,True
BT-v3,BT-v1,RL-s0-b300-a1.00,0.2325,0.7375,-0.505,100,5.255026211191502e-18,2.3038034909863544e-14,True
BT-v3,BT-v1,RL-s1-b100-a1.00,0.2325,0.7475,-0.515,100,5.337638628007031e-18,2.3394870106554818e-14,True
BT-v3,BT-v1,RL-s1-b200-a1.00,0.2325,0.77,-0.5375,100,1.9625110246221016e-17,8.509447802761433e-14,True
BT-v3,BT-v1,RL-s1-b300-a1.00,0.2325,0.79,-0.5575,100,2.8213575786024586e-18,1.2433722848901035e-14,True
BT-v3,BT-v1,RL-s2-b100-a1.00,0.2325,0.7475,-0.515,100,4.552817319184271e-18,1.9986868031218947e-14,True
BT-v3,BT-v1,RL-s2-b200-a1.00,0.2325,0.735,-0.5025,100,1.723533106542158e-17,7.480133682392965e-14,True
BT-v3,BT-v1,RL-s2-b300-a1.00,0.2325,0.7525,-0.5199999999999999,100,3.4256591317378913e-17,1.4809124426502905e-13,True
BT-v3,BT-v1,RL-s3-b100-a1.00,0.2325,0.5925,-0.36,100,5.741038313385783e-16,2.4491269444903753e-12,True
BT-v3,BT-v1,RL-s3-b200-a1.00,0.2325,0.73,-0.49749999999999994,100,3.1439722559977785e-17,1.360082397944639e-13,True
BT-v3,BT-v1,RL-s3-b300-a1.00,0.2325,0.7475,-0.515,100,1.2078011417110024e-17,5.2563505687262827e-14,True
BT-v3,BT-v1,RL-s4-b100-a1.00,0.2325,0.7225,-0.49,100,2.2192653940493496e-17,9.613857687021782e-14,True
BT-v3,BT-v1,RL-s4-b200-a1.00,0.2325,0.8475,-0.615,100,5.338114469704994e-18,2.3394870106554818e-14,True
BT-v3,BT-v1,RL-s4-b300-a1.00,0.2325,0.7625,-0.5299999999999999,100,2.294721097068321e-17,9.938437071402899e-14,True
BT-v3,BT-v2,BT-v3,0.8425,0.5,0.3425,100,3.8897063128537215e-17,1.680742097784093e-13,True
BT-v3,BT-v2,HYB-s0-b0-a0.25,0.8425,0.83,0.012500000000000067,100,0.5419259717723006,1.0,False
BT-v3,BT-v2,HYB-s0-b0-a0.50,0.8425,0.8275,0.015000000000000013,100,0.5993575179905108,1.0,False
BT-v3,BT-v2,HYB-s0-b0-a0.75,0.8425,0.8075,0.03500000000000003,100,0.30516346502170877,1.0,False
BT-v3,BT-v2,HYB-s0-b100-a0.25,0.8425,0.8325,0.010000000000000009,100,0.8253789787023883,1.0,False
BT-v3,BT-v2,HYB-s0-b100-a0.50,0.8425,0.7875,0.05500000000000005,100,0.13640199654861065,1.0,False
BT-v3,BT-v2,HYB-s0-b100-a0.75,0.8425,0.805,0.03749999999999998,100,0.2309640582110215,1.0,False
BT-v3,BT-v2,HYB-s0-b200-a0.25,0.8425,0.7175,0.125,100,0.00021036766028151077,0.5785110657741546,False
BT-v3,BT-v2,HYB-s0-b200-a0.50,0.8425,0.7,0.14250000000000007,100,2.4174038665418497e-06,0.00793150208612381,True
BT-v3,BT-v2,HYB-s0-b200-a0.75,0.8425,0.7525,0.09000000000000008,100,0.003018100555319053,1.0,False
BT-v3,BT-v2,HYB-s0-b300-a0.25,0.8425,0.7475,0.09499999999999997,100,0.00199236608451996,1.0,False
BT-v3,BT-v2,HYB-s0-b300-a0.50,0.8425,0.6425,0.20000000000000007,100,2.1659726970200516e-08,7.990273279306971e-05,True
BT-v3,BT-v2,HYB-s0-b300-a0.75,0.8425,0.7075,0.135,100,2.7615157671214053e-05,0.08345300648240887,False
BT-v3,BT-v2,HYB-s1-b100-a0.25,0.8425,0.835,0.007500000000000062,100,0.6584387324656847,1.0,False
BT-v3,BT-v2,HYB-s1-b100-a0.50,0.8425,0.8675,-0.025000000000000022,100,0.20309969651187876,1.0,False
BT-v3,BT-v2,HYB-s1-b100-a0.75,0.8425,0.8075,0.03500000000000003,100,0.165261787659283,1.0,False
BT-v3,BT-v2,HYB-s1-b200-a0.25,0.8425,0.7925,0.050000000000000044,100,0.09677220873689751,1.0,False
BT-v3,BT-v2,HYB-s1-b200-a0.50,0.8425,0.7875,0.05500000000000005,100,0.04401222591210341,1.0,False
BT-v3,BT-v2,HYB-s1-b200-a0.75,0.8425,0.8525,-0.010000000000000009,100,0.7164181915947021,1.0,False
BT-v3,BT-v2,HYB-s1-b300-a0.25,0.8425,0.8025,0.040000000000000036,100,0.18440517303816062,1.0,False
BT-v3,BT-v2,HYB-s1-b300-a0.50,0.8425,0.7625,0.08000000000000007,100,0.020055443618009833,1.0,False
BT-v3,BT-v2,HYB-s1-b300-a0.75,0.8425,0.865,-0.022499999999999964,100,0.3632695526915213,1.0,False
BT-v3,BT-v2,HYB-s2-b100-a0.25,0.8425,0.8125,0.030000000000000027,100,0.39206825640510945,1.0,False
BT-v3,BT-v2,HYB-s2-b100-a0.50,0.8425,0.7825,0.06000000000000005,100,0.028156667013818127,1.0,False
BT-v3,BT-v2,HYB-s2-b100-a0.75,0.8425,0.7675,0.07500000000000007,100,0.012629208915066923,1.0,False
BT-v3,BT-v2,HYB-s2-b200-a0.25,0.8425,0.7275,0.11499999999999999,100,0.00022111570975615522,0.6056359290221092,False
BT-v3,BT-v2,HYB-s2-b200-a0.50,0.8425,0.685,0.15749999999999997,100,3.354222966135382e-06,0.010931412646635209,True
BT-v3,BT-v2,HYB-s2-b200-a0.75,0.8425,0.755,0.08750000000000002,100,0.010747000042320671,1.0,False
BT-v3,BT-v2,HYB-s2-b300-a0.25,0.8425,0.6675,0.17500000000000004,100,1.131185953322681e-06,0.0038041783610241763,True
BT-v3,BT-v2,HYB-s2-b300-a0.50,0.8425,0.6525,0.19000000000000006,100,9.395926836057653e-08,0.0003355285473156188,True
BT-v3,BT-v2,HYB-s2-b300-a0.75,0.8425,0.68,0.16249999999999998,100,9.765485124759775e-06,0.030731981687619012,True
BT-v3,BT-v2,HYB-s3-b100-a0.25,0.8425,0.6425,0.20000000000000007,100,7.522215632548466e-10,2.9539740789017824e-06,True
BT-v3,BT-v2,HYB-s3-b100-a0.50,0.8425,0.6025,0.24,100,3.9863899205711095e-10,1.5782117695541023e-06,True
BT-v3,BT-v2,HYB-s3-b100-a0.75,0.8425,0.615,0.22750000000000004,100,7.049675386371383e-08,0.00025343583014005125,True
BT-v3,BT-v2,HYB-s3-b200-a0.25,0.8425,0.59,0.25250000000000006,100,3.768288863174743e-11,1.5265338184720883e-07,True
BT-v3,BT-v2,HYB-s3-b200-a0.50,0.8425,0.57,0.2725000000000001,100,2.219403771754443e-12,9.175015192432868e-09,True
BT-v3,BT-v2,HYB-s3-b200-a0.75,0.8425,0.615,0.22750000000000004,100,1.8887816991963e-09,7.311473957588877e-06,True
BT-v3,BT-v2,HYB-s3-b300-a0.25,0.8425,0.74,0.10250000000000004,100,0.000424075943450394,1.0,False
BT-v3,BT-v2,HYB-s3-b300-a0.50,0.8425,0.6425,0.20000000000000007,100,3.330151380083152e-09,1.2767800391238804e-05,True
BT-v3,BT-v2,HYB-s3-b300-a0.75,0.8425,0.695,0.14750000000000008,100,1.6216422817511775e-05,0.050206045043016456,False
BT-v3,BT-v2,HYB-s4-b100-a0.25,0.8425,0.755,0.08750000000000002,100,0.0027943827936023594,1.0,False
BT-v3,BT-v2,HYB-s4-b100-a0.50,0.8425,0.765,0.07750000000000001,100,0.008757374773335455,1.0,False
BT-v3,BT-v2,HYB-s4-b100-a0.75,0.8425,0.7675,0.07500000000000007,100,0.015035750241847095,1.0,False
BT-v3,BT-v2,HYB-s4-b200-a0.25,0.8425,0.725,0.11750000000000005,100,0.00019975764347965645,0.5513310960038518,False
BT-v3,BT-v2,HYB-s4-b200-a0.50,0.8425,0.7375,0.10499999999999998,100,0.0022069215165850596,1.0,False
BT-v3,BT-v2,HYB-s4-b200-a0.75,0.8425,0.82,0.022500000000000075,100,0.42436958253645873,1.0,False
BT-v3,BT-v2,HYB-s4-b300-a0.25,0.8425,0.7125,0.13,100,1.8779190220481064e-05,0.05774600992797927,False
BT-v3,BT-v2,HYB-s4-b300-a0.50,0.8425,0.68,0.16249999999999998,100,1.400668124011807e-06,0.004675430197951412,True
BT-v3,BT-v2,HYB-s4-b300-a0.75,0.8425,0.785,0.057499999999999996,100,0.0717899070433295,1.0,False
BT-v3,BT-v2,RL-s0-b0-a1.00,0.8425,0.84,0.0025000000000000577,100,0.9929400790390275,1.0,False
BT-v3,BT-v2,RL-s0-b100-a1.00,0.8425,0.815,0.02750000000000008,100,0.49518075706991693,1.0,False
BT-v3,BT-v2,RL-s0-b200-a1.00,0.8425,0.7275,0.11499999999999999,100,0.0006647164623901788,1.0,False
BT-v3,BT-v2,RL-s0-b300-a1.00,0.8425,0.7375,0.10499999999999998,100,0.0020966235789346642,1.0,False
BT-v3,BT-v2,RL-s1-b100-a1.00,0.8425,0.7475,0.09499999999999997,100,0.00392573962842276,1.0,False
BT-v3,BT-v2,RL-s1-b200-a1.00,0.8425,0.77,0.07250000000000001,100,0.06097595192992895,1.0,False
BT-v3,BT-v2,RL-s1-b300-a1.00,0.8425,0.79,0.05249999999999999,100,0.07285425456141408,1.0,False
BT-v3,BT-v2,RL-s2-b100-a1.00,0.8425,0.7475,0.09499999999999997,100,0.0035617133613356495,1.0,False
BT-v3,BT-v2,RL-s2-b200-a1.00,0.8425,0.735,0.10750000000000004,100,0.00511382441871265,1.0,False
BT-v3,BT-v2,RL-s2-b300-a1.00,0.8425,0.7525,0.09000000000000008,100,0.02169749996131374,1.0,False
BT-v3,BT-v2,RL-s3-b100-a1.00,0.8425,0.5925,0.25,100,2.197845609381963e-09,8.479288360995612e-06,True
BT-v3,BT-v2,RL-s3-b200-a1.00,0.8425,0.73,0.11250000000000004,100,0.0033263825394973363,1.0,False
BT-v3,BT-v2,RL-s3-b300-a1.00,0.8425,0.7475,0.09499999999999997,100,0.009706991169629893,1.0,False
BT-v3,BT-v2,RL-s4-b100-a1.00,0.8425,0.7225,0.12,100,0.0006651101748091953,1.0,False
BT-v3,BT-v2,RL-s4-b200-a1.00,0.8425,0.8475,-0.0050000000000000044,100,0.8409681102996684,1.0,False
BT-v3,BT-v2,RL-s4-b300-a1.00,0.8425,0.7625,0.08000000000000007,100,0.024862697261188428,1.0,False
BT-v3,BT-v3,HYB-s0-b0-a0.25,0.5,0.83,-0.32999999999999996,100,6.714419761389458e-16,2.862357144280326e-12,True
BT-v3,BT-v3,HYB-s0-b0-a0.50,0.5,0.8275,-0.3275,100,4.659520905131907e-16,1.9896154264913246e-12,True
BT-v3,BT-v3,HYB-s0-b0-a0.75,0.5,0.8075,-0.3075,100,1.4292005328800536e-14,6.025509446622305e-11,True
BT-v3,BT-v3,HYB-s0-b100-a0.25,0.5,0.8325,-0.3325,100,5.4218031130923215e-17,2.3373393220540997e-13,True
BT-v3,BT-v3,HYB-s0-b100-a0.50,0.5,0.7875,-0.2875,100,7.990060419137583e-16,3.4037657385526105e-12,True
BT-v3,BT-v3,HYB-s0-b100-a0.75,0.5,0.805,-0.30500000000000005,100,4.2890413575471203e-16,1.831849563808375e-12,True
BT-v3,BT-v3,HYB-s0-b200-a0.25,0.5,0.7175,-0.21750000000000003,100,1.6197804348285362e-11,6.597365711056627e-08,True
BT-v3,BT-v3,HYB-s0-b200-a0.50,0.5,0.7,-0.19999999999999996,100,6.456534030254918e-13,2.688116085330506e-09,True
BT-v3,BT-v3,HYB-s0-b200-a0.75,0.5,0.7525,-0.25249999999999995,100,7.951173774209845e-15,3.3593709196036596e-11,True
BT-v3,BT-v3,HYB-s0-b300-a0.25,0.5,0.7475,-0.24750000000000005,100,2.7763416834678634e-13,1.1607884578579137e-09,True
BT-v3,BT-v3,HYB-s0-b300-a0.50,0.5,0.6425,-0.14249999999999996,100,6.9186340931703045e-09,2.617319277446326e-05,True
BT-v3,BT-v3,HYB-s0-b300-a0.75,0.5,0.7075,-0.20750000000000002,100,1.2316400124230978e-13,5.164266572090049e-10,True
BT-v3,BT-v3,HYB-s1-b100-a0.25,0.5,0.835,-0.33499999999999996,100,1.6702292585631435e-16,7.155262143684507e-13,True
BT-v3,BT-v3,HYB-s1-b100-a0.50,0.5,0.8675,-0.36750000000000005,100,6.3689532705259395e-18,2.7851432652009934e-14,True
BT-v3,BT-v3,HYB-s1-b100-a0.75,0.5,0.8075,-0.3075,100,6.729398050551607e-17,2.896332920957412e-13,True
BT-v3,BT-v3,HYB-s1-b200-a0.25,0.5,0.7925,-0.2925,100,2.720419358091528e-15,1.1540018917024262e-11,True
BT-v3,BT-v3,HYB-s1-b200-a0.50,0.5,0.7875,-0.2875,100,4.0671661236908025e-16,1.7374933680407108e-12,True
BT-v3,BT-v3,HYB-s1-b200-a0.75,0.5,0.8525,-0.35250000000000004,100,8.900870854575851e-18,3.885230128022359e-14,True
BT-v3,BT-v3,HYB-s1-b300-a0.25,0.5,0.8025,-0.3025,100,6.089380174661728e-16,2.597120644493227e-12,True
BT-v3,BT-v3,HYB-s1-b300-a0.50,0.5,0.7625,-0.26249999999999996,100,1.0920443674008939e-14,4.608427230431772e-11,True
BT-v3,BT-v3,HYB-s1-b300-a0.75,0.5,0.865,-0.365,100,7.386689564501404e-18,3.227983339687113e-14,True
BT-v3,BT-v3,HYB-s2-b100-a0.25,0.5,0.8125,-0.3125,100,2.043212364974705e-16,8.744948922091738e-13,True
BT-v3,BT-v3,HYB-s2-b100-a0.50,0.5,0.7825,-0.2825,100,1.1777695402715838e-15,5.010231624315318e-12,True
BT-v3,BT-v3,HYB-s2-b100-a0.75,0.5,0.7675,-0.26749999999999996,100,2.034133306185036e-15,8.636930018061662e-12,True
BT-v3,BT-v3,HYB-s2-b200-a0.25,0.5,0.7275,-0.22750000000000004,100,2.3595122371538572e-12,9.751864076156893e-09,True
BT-v3,BT-v3,HYB-s2-b200-a0.50,0.5,0.685,-0.18500000000000005,100,1.4457388853165126e-10,5.782955541266051e-07,True
BT-v3,BT-v3,HYB-s2-b200-a0.75,0.5,0.755,-0.255,100,1.9318076765951582e-14,8.138705741495402e-11,True
BT-v3,BT-v3,HYB-s2-b300-a0.25,0.5,0.6675,-0.16749999999999998,100,8.164243631104043e-10,3.2011999277558954e-06,True
BT-v3,BT-v3,HYB-s2-b300-a0.50,0.5,0.6525,-0.15249999999999997,100,6.454359318429832e-10,2.5384995199384528e-06,True
BT-v3,BT-v3,HYB-s2-b300-a0.75,0.5,0.68,-0.18000000000000005,100,1.821006373799287e-10,7.271278450580553e-07,True
BT-v3,BT-v3,HYB-s3-b100-a0.25,0.5,0.6425,-0.14249999999999996,100,2.5091670317511824e-08,9.236243843876103e-05,True
BT-v3,BT-v3,HYB-s3-b100-a0.50,0.5,0.6025,-0.10250000000000004,100,2.2738036055968654e-05,0.06926005782648052,False
BT-v3,BT-v3,HYB-s3-b100-a0.75,0.5,0.615,-0.11499999999999999,100,1.3808621982155427e-05,0.04297243160846769,True
BT-v3,BT-v3,HYB-s3-b200-a0.25,0.5,0.59,-0.08999999999999997,100,0.00021142662997191683,0.580596444047482,False
BT-v3,BT-v3,HYB-s3-b200-a0.50,0.5,0.57,-0.06999999999999995,100,0.0003755594127212401,1.0,False
BT-v3,BT-v3,HYB-s3-b200-a0.75,0.5,0.615,-0.11499999999999999,100,1.8166872055050832e-06,0.006016868024632836,True
BT-v3,BT-v3,HYB-s3-b300-a0.25,0.5,0.74,-0.24,100,1.1813007390527756e-12,4.900035465590913e-09,True
BT-v3,BT-v3,HYB-s3-b300-a0.50,0.5,0.6425,-0.14249999999999996,100,5.6571946565378956e-09,2.1450306026985934e-05,True
BT-v3,BT-v3,HYB-s3-b300-a0.75,0.5,0.695,-0.19499999999999995,100,2.0691923536342006e-11,8.405059340462123e-08,True
BT-v3,BT-v3,HYB-s4-b100-a0.25,0.5,0.755,-0.255,100,1.8167906577599125e-14,7.655955831800272e-11,True
BT-v3,BT-v3,HYB-s4-b100-a0.50,0.5,0.765,-0.265,100,4.963366904574699e-15,2.1014895473969275e-11,True
BT-v3,BT-v3,HYB-s4-b100-a0.75,0.5,0.7675,-0.26749999999999996,100,9.017204491823712e-16,3.838623952169354e-12,True
BT-v3,BT-v3,HYB-s4-b200-a0.25,0.5,0.725,-0.22499999999999998,100,5.261724902041793e-13,2.1925607666808154e-09,True
BT-v3,BT-v3,HYB-s4-b200-a0.50,0.5,0.7375,-0.23750000000000004,100,3.3478815919970875e-12,1.3796620040619998e-08,True
BT-v3,BT-v3,HYB-s4-b200-a0.75,0.5,0.82,-0.31999999999999995,100,2.5969827176642964e-16,1.1112489048885525e-12,True
BT-v3,BT-v3,HYB-s4-b300-a0.25,0.5,0.7125,-0.21250000000000002,100,1.3696268945765368e-11,5.583968849188541e-08,True
BT-v3,BT-v3,HYB-s4-b300-a0.50,0.5,0.68,-0.18000000000000005,100,9.010725044160832e-12,3.690792978088277e-08,True
BT-v3,BT-v3,HYB-s4-b300-a0.75,0.5,0.785,-0.28500000000000003,100,3.773135273914063e-16,1.6122607025434792e-12,True
BT-v3,BT-v3,RL-s0-b0-a1.00,0.5,0.84,-0.33999999999999997,100,1.718806771010138e-16,7.361649400236421e-13,True
BT-v3,BT-v3,RL-s0-b100-a1.00,0.5,0.815,-0.31499999999999995,100,2.7131656831678315e-16,1.1606922792591983e-12,True
BT-v3,BT-v3,RL-s0-b200-a1.00,0.5,0.7275,-0.22750000000000004,100,4.4140494239993526e-13,1.8424242295773297e-09,True
BT-v3,BT-v3,RL-s0-b300-a1.00,0.5,0.7375,-0.23750000000000004,100,2.0709177731891246e-14,8.720634742899403e-11,True
BT-v3,BT-v3,RL-s1-b100-a1.00,0.5,0.7475,-0.24750000000000005,100,1.0260135521468244e-13,4.3051528648080753e-10,True
BT-v3,BT-v3,RL-s1-b200-a1.00,0.5,0.77,-0.27,100,1.403818419055571e-13,5.883402994261898e-10,True
BT-v3,BT-v3,RL-s1-b300-a1.00,0.5,0.79,-0.29000000000000004,100,4.909632158682579e-16,2.095921968541593e-12,True
BT-v3,BT-v3,RL-s2-b100-a1.00,0.5,0.7475,-0.24750000000000005,100,8.094590859998307e-15,3.419155179263285e-11,True
BT-v3,BT-v3,RL-s2-b200-a1.00,0.5,0.735,-0.235,100,3.3053051998119204e-12,1.3627773338824548e-08,True
BT-v3,BT-v3,RL-s2-b300-a1.00,0.5,0.7525,-0.25249999999999995,100,5.339506123186153e-13,2.2244382509193514e-09,True
BT-v3,BT-v3,RL-s3-b100-a1.00,0.5,0.5925,-0.09250000000000003,100,0.00020853387650609487,0.573885228144773,False
BT-v3,BT-v3,RL-s3-b200-a1.00,0.5,0.73,-0.22999999999999998,100,6.054241071738993e-12,2.4888985045919e-08,True
BT-v3,BT-v3,RL-s3-b300-a1.00,0.5,0.7475,-0.24750000000000005,100,3.585205842095491e-13,1.4968234390748674e-09,True
BT-v3,BT-v3,RL-s4-b100-a1.00,0.5,0.7225,-0.22250000000000003,100,3.3101559083176437e-13,1.3829831384951116e-09,True
BT-v3,BT-v3,RL-s4-b200-a1.00,0.5,0.8475,-0.34750000000000003,100,3.0705932190700294e-17,1.3286456858916019e-13,True
BT-v3,BT-v3,RL-s4-b300-a1.00,0.5,0.7625,-0.26249999999999996,100,4.029951780076672e-14,1.6941917283442328e-10,True
BT-v3,HYB-s0-b0-a0.25,HYB-s0-b0-a0.50,0.83,0.8275,0.0024999999999999467,100,0.9038111955606134,1.0,False
BT-v3,HYB-s0-b0-a0.25,HYB-s0-b0-a0.75,0.83,0.8075,0.022499999999999964,100,0.2998782432231567,1.0,False
BT-v3,HYB-s0-b0-a0.25,HYB-s0-b100-a0.25,0.83,0.8325,-0.0025000000000000577,100,0.857287829069134,1.0,False
BT-v3,HYB-s0-b0-a0.25,HYB-s0-b100-a0.50,0.83,0.7875,0.04249999999999998,100,0.21964923285890925,1.0,False
BT-v3,HYB-s0-b0-a0.25,HYB-s0-b100-a0.75,0.83,0.805,0.02499999999999991,100,0.29780438255115005,1.0,False
BT-v3,HYB-s0-b0-a0.25,HYB-s0-b200-a0.25,0.83,0.7175,0.11249999999999993,100,0.0007287449105379393,1.0,False
BT-v3,HYB-s0-b0-a0.25,HYB-s0-b200-a0.50,0.83,0.7,0.13,100,2.0316456029613926e-05,0.062229304818707455,False
BT-v3,HYB-s0-b0-a0.25,HYB-s0-b200-a0.75,0.83,0.7525,0.07750000000000001,100,0.011278635061751615,1.0,False
BT-v3,HYB-s0-b0-a0.25,HYB-s0-b300-a0.25,0.83,0.7475,0.0824999999999999,100,0.009728167805999046,1.0,False
BT-v3,HYB-s0-b0-a0.25,HYB-s0-b300-a0.50,0.83,0.6425,0.1875,100,1.6979868422699317e-08,6.309719105875066e-05,True
BT-v3,HYB-s0-b0-a0.25,HYB-s0-b300-a0.75,0.83,0.7075,0.12249999999999994,100,5.2877173489562094e-05,0.1551416270183752,False
BT-v3,HYB-s0-b0-a0.25,HYB-s1-b100-a0.25,0.83,0.835,-0.0050000000000000044,100,0.6149260514275465,1.0,False
BT-v3,HYB-s0-b0-a0.25,HYB-s1-b100-a0.50,0.83,0.8675,-0.03750000000000009,100,0.08821129999071581,1.0,False
BT-v3,HYB-s0-b0-a0.25,HYB-s1-b100-a0.75,0.83,0.8075,0.022499999999999964,100,0.4130791212421294,1.0,False
BT-v3,HYB-s0-b0-a0.25,HYB-s1-b200-a0.25,0.83,0.7925,0.03749999999999998,100,0.25374357636671185,1.0,False
BT-v3,HYB-s0-b0-a0.25,HYB-s1-b200-a0.50,0.83,0.7875,0.04249999999999998,100,0.14822840959555778,1.0,False
BT-v3,HYB-s0-b0-a0.25,HYB-s1-b200-a0.75,0.83,0.8525,-0.022500000000000075,100,0.5734663173381023,1.0,False
BT-v3,HYB-s0-b0-a0.25,HYB-s1-b300-a0.25,0.83,0.8025,0.02749999999999997,100,0.24195188043612847,1.0,False
BT-v3,HYB-s0-b0-a0.25,HYB-s1-b300-a0.50,0.83,0.7625,0.0675,100,0.0278574139968421,1.0,False
BT-v3,HYB-s0-b0-a0.25,HYB-s1-b300-a0.75,0.83,0.865,-0.03500000000000003,100,0.24167858661533403,1.0,False
BT-v3,HYB-s0-b0-a0.25,HYB-s2-b100-a0.25,0.83,0.8125,0.01749999999999996,100,0.44866756317864354,1.0,False
BT-v3,HYB-s0-b0-a0.25,HYB-s2-b100-a0.50,0.83,0.7825,0.04749999999999999,100,0.10970240543183112,1.0,False
BT-v3,HYB-s0-b0-a0.25,HYB-s2-b100-a0.75,0.83,0.7675,0.0625,100,0.03653317430574272,1.0,False
BT-v3,HYB-s0-b0-a0.25,HYB-s2-b200-a0.25,0.83,0.7275,0.10249999999999992,100,0.00038106593422598415,1.0,False
BT-v3,HYB-s0-b0-a0.25,HYB-s2-b200-a0.50,0.83,0.685,0.1449999999999999,100,6.767033612922995e-06,0.02156525983665057,True
BT-v3,HYB-s0-b0-a0.25,HYB-s2-b200-a0.75,0.83,0.755,0.07499999999999996,100,0.012359612855655042,1.0,False
BT-v3,HYB-s0-b0-a0.25,HYB-s2-b300-a0.25,0.83,0.6675,0.16249999999999998,100,2.411028946218622e-06,0.007912997001489517,True
BT-v3,HYB-s0-b0-a0.25,HYB-s2-b300-a0.50,0.83,0.6525,0.1775,100,2.91646573976522e-07,0.0010158050171602262,True
BT-v3,HYB-s0-b0-a0.25,HYB-s2-b300-a0.75,0.83,0.68,0.1499999999999999,100,3.12961708743146e-05,0.09407628964818969,False
BT-v3,HYB-s0-b0-a0.25,HYB-s3-b100-a0.25,0.83,0.6425,0.1875,100,4.2183068405856435e-08,0.0001535463689973174,True
BT-v3,HYB-s0-b0-a0.25,HYB-s3-b100-a0.50,0.83,0.6025,0.22749999999999992,100,3.6285415413882276e-09,1.388279993735136e-05,True
BT-v3,HYB-s0-b0-a0.25,HYB-s3-b100-a0.75,0.83,0.615,0.21499999999999997,100,1.1561622922173956e-07,0.0004105532299663972,True
BT-v3,HYB-s0-b0-a0.25,HYB-s3-b200-a0.25,0.83,0.59,0.24,100,1.5337731052274015e-10,6.132024874699152e-07,True
BT-v3,HYB-s0-b0-a0.25,HYB-s3-b200-a0.50,0.83,0.57,0.26,100,9.419916506721004e-12,3.856513817851579e-08,True
BT-v3,HYB-s0-b0-a0.25,HYB-s3-b200-a0.75,0.83,0.615,0.21499999999999997,100,4.2204032595854254e-09,1.610927924183757e-05,True
BT-v3,HYB-s0-b0-a0.25,HYB-s3-b300-a0.25,0.83,0.74,0.08999999999999997,100,0.004369933053356945,1.0,False
BT-v3,HYB-s0-b0-a0.25,HYB-s3-b300-a0.50,0.83,0.6425,0.1875,100,3.116229739274038e-08,0.00011414749534960801,True
BT-v3,HYB-s0-b0-a0.25,HYB-s3-b300-a0.75,0.83,0.695,0.135,100,3.764308200701122e-05,0.11217638438089343,False
BT-v3,HYB-s0-b0-a0.25,HYB-s4-b100-a0.25,0.83,0.755,0.07499999999999996,100,0.009720756297298997,1.0,False
BT-v3,HYB-s0-b0-a0.25,HYB-s4-b100-a0.50,0.83,0.765,0.06499999999999995,100,0.03175803635589473,1.0,False
BT-v3,HYB-s0-b0-a0.25,HYB-s4-b100-a0.75,0.83,0.7675,0.0625,100,0.03080489302934391,1.0,False
BT-v3,HYB-s0-b0-a0.25,HYB-s4-b200-a0.25,0.83,0.725,0.10499999999999998,100,0.0015972611176755813,1.0,False
BT-v3,HYB-s0-b0-a0.25,HYB-s4-b200-a0.50,0.83,0.7375,0.09249999999999992,100,0.005549151971790634,1.0,False
BT-v3,HYB-s0-b0-a0.25,HYB-s4-b200-a0.75,0.83,0.82,0.010000000000000009,100,0.5966068571236653,1.0,False
BT-v3,HYB-s0-b0-a0.25,HYB-s4-b300-a0.25,0.83,0.7125,0.11749999999999994,100,6.757030245205699e-05,0.19662958013548584,False
BT-v3,HYB-s0-b0-a0.25,HYB-s4-b300-a0.50,0.83,0.68,0.1499999999999999,100,8.069691391680654e-06,0.02555831262783775,True
BT-v3,HYB-s0-b0-a0.25,HYB-s4-b300-a0.75,0.83,0.785,0.04499999999999993,100,0.08870594127330036,1.0,False
BT-v3,HYB-s0-b0-a0.25,RL-s0-b0-a1.00,0.83,0.84,-0.010000000000000009,100,0.7404449766768356,1.0,False
BT-v3,HYB-s0-b0-a0.25,RL-s0-b100-a1.00,0.83,0.815,0.015000000000000013,100,0.5383488120170834,1.0,False
BT-v3,HYB-s0-b0-a0.25,RL-s0-b200-a1.00,0.83,0.7275,0.10249999999999992,100,0.0021559558958099225,1.0,False
BT-v3,HYB-s0-b0-a0.25,RL-s0-b300-a1.00,0.83,0.7375,0.09249999999999992,100,0.003186439838889163,1.0,False
BT-v3,HYB-s0-b0-a0.25,RL-s1-b100-a1.00,0.83,0.7475,0.0824999999999999,100,0.002937706906985814,1.0,False
BT-v3,HYB-s0-b0-a0.25,RL-s1-b200-a1.00,0.83,0.77,0.05999999999999994,100,0.09164138015057696,1.0,False
BT-v3,HYB-s0-b0-a0.25,RL-s1-b300-a1.00,0.83,0.79,0.039999999999999925,100,0.18676776143786789,1.0,False
BT-v3,HYB-s0-b0-a0.25,RL-s2-b100-a1.00,0.83,0.7475,0.0824999999999999,100,0.010147316474079418,1.0,False
BT-v3,HYB-s0-b0-a0.25,RL-s2-b200-a1.00,0.83,0.735,0.09499999999999997,100,0.008335822373832241,1.0,False
BT-v3,HYB-s0-b0-a0.25,RL-s2-b300-a1.00,0.83,0.7525,0.07750000000000001,100,0.029622684415902514,1.0,False
BT-v3,HYB-s0-b0-a0.25,RL-s3-b100-a1.00,0.83,0.5925,0.23749999999999993,100,3.1316158980057977e-09,1.201287858475024e-05,True
BT-v3,HYB-s0-b0-a0.25,RL-s3-b200-a1.00,0.83,0.73,0.09999999999999998,100,0.00674951025126596,1.0,False
BT-v3,HYB-s0-b0-a0.25,RL-s3-b300-a1.00,0.83,0.7475,0.0824999999999999,100,0.017497289214811588,1.0,False
BT-v3,HYB-s0-b0-a0.25,RL-s4-b100-a1.00,0.83,0.7225,0.10749999999999993,100,0.0014643013907239902,1.0,False
BT-v3,HYB-s0-b0-a0.25,RL-s4-b200-a1.00,0.83,0.8475,-0.01750000000000007,100,0.8327885411330603,1.0,False
BT-v3,HYB-s0-b0-a0.25,RL-s4-b300-a1.00,0.83,0.7625,0.0675,100,0.04629214686615852,1.0,False
BT-v3,HYB-s0-b0-a0.50,HYB-s0-b0-a0.75,0.8275,0.8075,0.020000000000000018,100,0.40699713156896244,1.0,False
BT-v3,HYB-s0-b0-a0.50,HYB-s0-b100-a0.25,0.8275,0.8325,-0.0050000000000000044,100,0.8530251800061209,1.0,False
BT-v3,HYB-s0-b0-a0.50,HYB-s0-b100-a0.50,0.8275,0.7875,0.040000000000000036,100,0.28728491596345307,1.0,False
BT-v3,HYB-s0-b0-a0.50,HYB-s0-b100-a0.75,0.8275,0.805,0.022499999999999964,100,0.3962045644432801,1.0,False
BT-v3,HYB-s0-b0-a0.50,HYB-s0-b200-a0.25,0.8275,0.7175,0.10999999999999999,100,0.0003522547675929327,0.9412247390083163,False
BT-v3,HYB-s0-b0-a0.50,HYB-s0-b200-a0.50,0.8275,0.7,0.12750000000000006,100,8.511903066487665e-05,0.2453981654068394,False
BT-v3,HYB-s0-b0-a0.50,HYB-s0-b200-a0.75,0.8275,0.7525,0.07500000000000007,100,0.01789602317534055,1.0,False
BT-v3,HYB-s0-b0-a0.50,HYB-s0-b300-a0.25,0.8275,0.7475,0.07999999999999996,100,0.007531712961725174,1.0,False
BT-v3,HYB-s0-b0-a0.50,HYB-s0-b300-a0.50,0.8275,0.6425,0.18500000000000005,100,1.9850755491936696e-07,0.0006963645026571393,True
BT-v3,HYB-s0-b0-a0.50,HYB-s0-b300-a0.75,0.8275,0.7075,0.12,100,0.00017191383867283516,0.47843621302650025,False
BT-v3,HYB-s0-b0-a0.50,HYB-s1-b100-a0.25,0.8275,0.835,-0.007499999999999951,100,0.8372476796677563,1.0,False
BT-v3,HYB-s0-b0-a0.50,HYB-s1-b100-a0.50,0.8275,0.8675,-0.040000000000000036,100,0.10381038187997431,1.0,False
BT-v3,HYB-s0-b0-a0.50,HYB-s1-b100-a0.75,0.8275,0.8075,0.020000000000000018,100,0.6082219636158128,1.0,False
BT-v3,HYB-s0-b0-a0.50,HYB-s1-b200-a0.25,0.8275,0.7925,0.03500000000000003,100,0.23295822809801037,1.0,False
BT-v3,HYB-s0-b0-a0.50,HYB-s1-b200-a0.50,0.8275,0.7875,0.040000000000000036,100,0.09609042053232916,1.0,False
BT-v3,HYB-s0-b0-a0.50,HYB-s1-b200-a0.75,0.8275,0.8525,-0.025000000000000022,100,0.4873693729187575,1.0,False
BT-v3,HYB-s0-b0-a0.50,HYB-s1-b300-a0.25,0.8275,0.8025,0.025000000000000022,100,0.28854062692558524,1.0,False
BT-v3,HYB-s0-b0-a0.50,HYB-s1-b300-a0.50,0.8275,0.7625,0.06500000000000006,100,0.048863814037385614,1.0,False
BT-v3,HYB-s0-b0-a0.50,HYB-s1-b300-a0.75,0.8275,0.865,-0.03749999999999998,100,0.2359206110451526,1.0,False
BT-v3,HYB-s0-b0-a0.50,HYB-s2-b100-a0.25,0.8275,0.8125,0.015000000000000013,100,0.5469735947928099,1.0,False
BT-v3,HYB-s0-b0-a0.50,HYB-s2-b100-a0.50,0.8275,0.7825,0.04500000000000004,100,0.11624128634129093,1.0,False
BT-v3,HYB-s0-b0-a0.50,HYB-s2-b100-a0.75,0.8275,0.7675,0.06000000000000005,100,0.0674130484188608,1.0,False
BT-v3,HYB-s0-b0-a0.50,HYB-s2-b200-a0.25,0.8275,0.7275,0.09999999999999998,100,0.0012859528109763672,1.0,False
BT-v3,HYB-s0-b0-a0.50,HYB-s2-b200-a0.50,0.8275,0.685,0.14249999999999996,100,1.2741851120983249e-05,0.03974183364634675,True
BT-v3,HYB-s0-b0-a0.50,HYB-s2-b200-a0.75,0.8275,0.755,0.07250000000000001,100,0.02698398524228397,1.0,False
BT-v3,HYB-s0-b0-a0.50,HYB-s2-b300-a0.25,0.8275,0.6675,0.16000000000000003,100,6.525945651345309e-06,0.020837344464745573,True
BT-v3,HYB-s0-b0-a0.50,HYB-s2-b300-a0.50,0.8275,0.6525,0.17500000000000004,100,1.029005958626257e-06,0.0034687790865291124,True
BT-v3,HYB-s0-b0-a0.50,HYB-s2-b300-a0.75,0.8275,0.68,0.14749999999999996,100,4.477527197360846e-05,0.1322661534100394,False
BT-v3,HYB-s0-b0-a0.50,HYB-s3-b100-a0.25,0.8275,0.6425,0.18500000000000005,100,5.884570573843462e-08,0.00021243299771574897,True
BT-v3,HYB-s0-b0-a0.50,HYB-s3-b100-a0.50,0.8275,0.6025,0.22499999999999998,100,1.553401650641326e-08,5.7848930535767214e-05,True
BT-v3,HYB-s0-b0-a0.50,HYB-s3-b100-a0.75,0.8275,0.615,0.21250000000000002,100,4.33923958191157e-07,0.001497905503675874,True
BT-v3,HYB-s0-b0-a0.50,HYB-s3-b200-a0.25,0.8275,0.59,0.23750000000000004,100,7.075290111220716e-10,2.7812965427208635e-06,True
BT-v3,HYB-s0-b0-a0.50,HYB-s3-b200-a0.50,0.8275,0.57,0.25750000000000006,100,1.8158611715724314e-11,7.388739107128224e-08,True
BT-v3,HYB-s0-b0-a0.50,HYB-s3-b200-a0.75,0.8275,0.615,0.21250000000000002,100,2.790594200695425e-08,0.00010249852499154296,True
BT-v3,HYB-s0-b0-a0.50,HYB-s3-b300-a0.25,0.8275,0.74,0.08750000000000002,100,0.00282260017395425,1.0,False
BT-v3,HYB-s0-b0-a0.50,HYB-s3-b300-a0.50,0.8275,0.6425,0.18500000000000005,100,6.399129449957624e-08,0.0002304966427874736,True
BT-v3,HYB-s0-b0-a0.50,HYB-s3-b300-a0.75,0.8275,0.695,0.13250000000000006,100,0.00018925095465380652,0.5236573915270827,False
BT-v3,HYB-s0-b0-a0.50,HYB-s4-b100-a0.25,0.8275,0.755,0.07250000000000001,100,0.012784028457068213,1.0,False
BT-v3,HYB-s0-b0-a0.50,HYB-s4-b100-a0.50,0.8275,0.765,0.0625,100,0.02482030902871593,1.0,False
BT-v3,HYB-s0-b0-a0.50,HYB-s4-b100-a0.75,0.8275,0.7675,0.06000000000000005,100,0.0435318011151531,1.0,False
BT-v3,HYB-s0-b0-a0.50,HYB-s4-b200-a0.25,0.8275,0.725,0.10250000000000004,100,0.003082877117402416,1.0,False
BT-v3,HYB-s0-b0-a0.50,HYB-s4-b200-a0.50,0.8275,0.7375,0.08999999999999997,100,0.014980491801058383,1.0,False
BT-v3,HYB-s0-b0-a0.50,HYB-s4-b200-a0.75,0.8275,0.82,0.007500000000000062,100,0.625827730069427,1.0,False
BT-v3,HYB-s0-b0-a0.50,HYB-s4-b300-a0.25,0.8275,0.7125,0.11499999999999999,100,0.00014768660042106777,0.4133747945785687,False
BT-v3,HYB-s0-b0-a0.50,HYB-s4-b300-a0.50,0.8275,0.68,0.14749999999999996,100,2.320657380503802e-05,0.0706176040887307,False
BT-v3,HYB-s0-b0-a0.50,HYB-s4-b300-a0.75,0.8275,0.785,0.04249999999999998,100,0.14411736360338118,1.0,False
BT-v3,HYB-s0-b0-a0.50,RL-s0-b0-a1.00,0.8275,0.84,-0.012499999999999956,100,0.38283030743372504,1.0,False
BT-v3,HYB-s0-b0-a0.50,RL-s0-b100-a1.00,0.8275,0.815,0.012500000000000067,100,0.5997379243537715,1.0,False
BT-v3,HYB-s0-b0-a0.50,RL-s0-b200-a1.00,0.8275,0.7275,0.09999999999999998,100,0.003886658774239783,1.0,False
BT-v3,HYB-s0-b0-a0.50,RL-s0-b300-a1.00,0.8275,0.7375,0.08999999999999997,100,0.005414266483383265,1.0,False
BT-v3,HYB-s0-b0-a0.50,RL-s1-b100-a1.00,0.8275,0.7475,0.07999999999999996,100,0.008100774565401987,1.0,False
BT-v3,HYB-s0-b0-a0.50,RL-s1-b200-a1.00,0.8275,0.77,0.057499999999999996,100,0.09157491816159238,1.0,False
BT-v3,HYB-s0-b0-a0.50,RL-s1-b300-a1.00,0.8275,0.79,0.03749999999999998,100,0.20802065388267688,1.0,False
BT-v3,HYB-s0-b0-a0.50,RL-s2-b100-a1.00,0.8275,0.7475,0.07999999999999996,100,0.012280285735182396,1.0,False
BT-v3,HYB-s0-b0-a0.50,RL-s2-b200-a1.00,0.8275,0.735,0.09250000000000003,100,0.011222340607409209,1.0,False
BT-v3,HYB-s0-b0-a0.50,RL-s2-b300-a1.00,0.8275,0.7525,0.07500000000000007,100,0.0409352975055897,1.0,False
BT-v3,HYB-s0-b0-a0.50,RL-s3-b100-a1.00,0.8275,0.5925,0.235,100,1.8291393994433632e-08,6.780619753736547e-05,True
BT-v3,HYB-s0-b0-a0.50,RL-s3-b200-a1.00,0.8275,0.73,0.09750000000000003,100,0.009394674866066738,1.0,False
BT-v3,HYB-s0-b0-a0.50,RL-s3-b300-a1.00,0.8275,0.7475,0.07999999999999996,100,0.031203117422998042,1.0,False
BT-v3,HYB-s0-b0-a0.50,RL-s4-b100-a1.00,0.8275,0.7225,0.10499999999999998,100,0.001646825389043813,1.0,False
BT-v3,HYB-s0-b0-a0.50,RL-s4-b200-a1.00,0.8275,0.8475,-0.020000000000000018,100,0.7091289831513029,1.0,False
BT-v3,HYB-s0-b0-a0.50,RL-s4-b300-a1.00,0.8275,0.7625,0.06500000000000006,100,0.07363456163980327,1.0,False
BT-v3,HYB-s0-b0-a0.75,HYB-s0-b100-a0.25,0.8075,0.8325,-0.025000000000000022,100,0.6701095401085002,1.0,False
BT-v3,HYB-s0-b0-a0.75,HYB-s0-b100-a0.50,0.8075,0.7875,0.020000000000000018,100,0.5413361356641354,1.0,False
BT-v3,HYB-s0-b0-a0.75,HYB-s0-b100-a0.75,0.8075,0.805,0.0024999999999999467,100,0.8194833838511956,1.0,False
BT-v3,HYB-s0-b0-a0.75,HYB-s0-b200-a0.25,0.8075,0.7175,0.08999999999999997,100,0.00879819237637271,1.0,False
BT-v3,HYB-s0-b0-a0.75,HYB-s0-b200-a0.50,0.8075,0.7,0.10750000000000004,100,0.0013964708769074513,1.0,False
BT-v3,HYB-s0-b0-a0.75,HYB-s0-b200-a0.75,0.8075,0.7525,0.05500000000000005,100,0.06778443768318339,1.0,False
BT-v3,HYB-s0-b0-a0.75,HYB-s0-b300-a0.25,0.8075,0.7475,0.05999999999999994,100,0.0320335713708018,1.0,False
BT-v3,HYB-s0-b0-a0.75,HYB-s0-b300-a0.50,0.8075,0.6425,0.16500000000000004,100,3.498329996221633e-06,0.011390562467697637,True
BT-v3,HYB-s0-b0-a0.75,HYB-s0-b300-a0.75,0.8075,0.7075,0.09999999999999998,100,0.0014242851979046137,1.0,False
BT-v3,HYB-s0-b0-a0.75,HYB-s1-b100-a0.25,0.8075,0.835,-0.02749999999999997,100,0.40800434666484875,1.0,False
BT-v3,HYB-s0-b0-a0.75,HYB-s1-b100-a0.50,0.8075,0.8675,-0.06000000000000005,100,0.021797817795926305,1.0,False
BT-v3,HYB-s0-b0-a0.75,HYB-s1-b100-a0.75,0.8075,0.8075,0.0,100,0.9095367273773812,1.0,False
BT-v3,HYB-s0-b0-a0.75,HYB-s1-b200-a0.25,0.8075,0.7925,0.015000000000000013,100,0.580464115112852,1.0,False
BT-v3,HYB-s0-b0-a0.75,HYB-s1-b200-a0.50,0.8075,0.7875,0.020000000000000018,100,0.3714417198703056,1.0,False
BT-v3,HYB-s0-b0-a0.75,HYB-s1-b200-a0.75,0.8075,0.8525,-0.04500000000000004,100,0.3025761387693945,1.0,False
BT-v3,HYB-s0-b0-a0.75,HYB-s1-b300-a0.25,0.8075,0.8025,0.0050000000000000044,100,0.7055012524775933,1.0,False
BT-v3,HYB-s0-b0-a0.75,HYB-s1-b300-a0.50,0.8075,0.7625,0.04500000000000004,100,0.14768466968725646,1.0,False
BT-v3,HYB-s0-b0-a0.75,HYB-s1-b300-a0.75,0.8075,0.865,-0.057499999999999996,100,0.1030441821948341,1.0,False
BT-v3,HYB-s0-b0-a0.75,HYB-s2-b100-a0.25,0.8075,0.8125,-0.0050000000000000044,100,0.8735388851057035,1.0,False
BT-v3,HYB-s0-b0-a0.75,HYB-s2-b100-a0.50,0.8075,0.7825,0.025000000000000022,100,0.2662820909832707,1.0,False
BT-v3,HYB-s0-b0-a0.75,HYB-s2-b100-a0.75,0.8075,0.7675,0.040000000000000036,100,0.19163065402154833,1.0,False
BT-v3,HYB-s0-b0-a0.75,HYB-s2-b200-a0.25,0.8075,0.7275,0.07999999999999996,100,0.005518170704690432,1.0,False
BT-v3,HYB-s0-b0-a0.75,HYB-s2-b200-a0.50,0.8075,0.685,0.12249999999999994,100,0.00017354450593391838,0.482627271002227,False
BT-v3,HYB-s0-b0-a0.75,HYB-s2-b200-a0.75,0.8075,0.755,0.05249999999999999,100,0.09004423854143301,1.0,False
BT-v3,HYB-s0-b0-a0.75,HYB-s2-b300-a0.25,0.8075,0.6675,0.14,100,0.00010437701297888593,0.29810074906769823,False
BT-v3,HYB-s0-b0-a0.75,HYB-s2-b300-a0.50,0.8075,0.6525,0.15500000000000003,100,2.6209729193981035e-05,0.07938926972856855,False
BT-v3,HYB-s0-b0-a0.75,HYB-s2-b300-a0.75,0.8075,0.68,0.12749999999999995,100,0.00021421458392609683,0.5878048182932097,False
BT-v3,HYB-s0-b0-a0.75,HYB-s3-b100-a0.25,0.8075,0.6425,0.16500000000000004,100,1.9141948355129873e-07,0.0006720738067486099,True
BT-v3,HYB-s0-b0-a0.75,HYB-s3-b100-a0.50,0.8075,0.6025,0.20499999999999996,100,9.923203194876557e-08,0.00035405988999319556,True
BT-v3,HYB-s0-b0-a0.75,HYB-s3-b100-a0.75,0.8075,0.615,0.1925,100,6.6104510026221495e-06,0.0211005596003699,True
BT-v3,HYB-s0-b0-a0.75,HYB-s3-b200-a0.25,0.8075,0.59,0.21750000000000003,100,1.5787549787270717e-08,5.877704785800888e-05,True
BT-v3,HYB-s0-b0-a0.75,HYB-s3-b200-a0.50,0.8075,0.57,0.23750000000000004,100,7.783724973724755e-10,3.052776934694849e-06,True
BT-v3,HYB-s0-b0-a0.75,HYB-s3-b200-a0.75,0.8075,0.615,0.1925,100,3.434646831999036e-07,0.0011918224507036655,True
BT-v3,HYB-s0-b0-a0.75,HYB-s3-b300-a0.25,0.8075,0.74,0.0675,100,0.015831216940918307,1.0,False
BT-v3,HYB-s0-b0-a0.75,HYB-s3-b300-a0.50,0.8075,0.6425,0.16500000000000004,100,1.3509958790243959e-06,0.004516379223578555,True
BT-v3,HYB-s0-b0-a0.75,HYB-s3-b300-a0.75,0.8075,0.695,0.11250000000000004,100,0.0015157699190106184,1.0,False
BT-v3,HYB-s0-b0-a0.75,HYB-s4-b100-a0.25,0.8075,0.755,0.05249999999999999,100,0.06306671907504588,1.0,False
BT-v3,HYB-s0-b0-a0.75,HYB-s4-b100-a0.50,0.8075,0.765,0.04249999999999998,100,0.13034355894331495,1.0,False
BT-v3,HYB-s0-b0-a0.75,HYB-s4-b100-a0.75,0.8075,0.7675,0.040000000000000036,100,0.1898136488716755,1.0,False
BT-v3,HYB-s0-b0-a0.75,HYB-s4-b200-a0.25,0.8075,0.725,0.08250000000000002,100,0.013408200687660658,1.0,False
BT-v3,HYB-s0-b0-a0.75,HYB-s4-b200-a0.50,0.8075,0.7375,0.06999999999999995,100,0.05429392971147614,1.0,False
BT-v3,HYB-s0-b0-a0.75,HYB-s4-b200-a0.75,0.8075,0.82,-0.012499999999999956,100,0.947266293521035,1.0,False
BT-v3,HYB-s0-b0-a0.75,HYB-s4-b300-a0.25,0.8075,0.7125,0.09499999999999997,100,0.0010155716073934425,1.0,False
BT-v3,HYB-s0-b0-a0.75,HYB-s4-b300-a0.50,0.8075,0.68,0.12749999999999995,100,0.000385454668027761,1.0,False
BT-v3,HYB-s0-b0-a0.75,HYB-s4-b300-a0.75,0.8075,0.785,0.022499999999999964,100,0.32992514904860604,1.0,False
BT-v3,HYB-s0-b0-a0.75,RL-s0-b0-a1.00,0.8075,0.84,-0.03249999999999997,100,0.1290807821874342,1.0,False
BT-v3,HYB-s0-b0-a0.75,RL-s0-b100-a1.00,0.8075,0.815,-0.007499999999999951,100,0.8781555672220955,1.0,False
BT-v3,HYB-s0-b0-a0.75,RL-s0-b200-a1.00,0.8075,0.7275,0.07999999999999996,100,0.01530634315414651,1.0,False
BT-v3,HYB-s0-b0-a0.75,RL-s0-b300-a1.00,0.8075,0.7375,0.06999999999999995,100,0.024189734259273968,1.0,False
BT-v3,HYB-s0-b0-a0.75,RL-s1-b100-a1.00,0.8075,0.7475,0.05999999999999994,100,0.05236923129317968,1.0,False
BT-v3,HYB-s0-b0-a0.75,RL-s1-b200-a1.00,0.8075,0.77,0.03749999999999998,100,0.3188539569693649,1.0,False
BT-v3,HYB-s0-b0-a0.75,RL-s1-b300-a1.00,0.8075,0.79,0.01749999999999996,100,0.5283525814448434,1.0,False
BT-v3,HYB-s0-b0-a0.75,RL-s2-b100-a1.00,0.8075,0.7475,0.05999999999999994,100,0.06908368512302449,1.0,False
BT-v3,HYB-s0-b0-a0.75,RL-s2-b200-a1.00,0.8075,0.735,0.07250000000000001,100,0.045372927751335744,1.0,False
BT-v3,HYB-s0-b0-a0.75,RL-s2-b300-a1.00,0.8075,0.7525,0.05500000000000005,100,0.14041193201268906,1.0,False
BT-v3,HYB-s0-b0-a0.75,RL-s3-b100-a1.00,0.8075,0.5925,0.21499999999999997,100,1.6819790827500806e-07,0.0005925612308528533,True
BT-v3,HYB-s0-b0-a0.75,RL-s3-b200-a1.00,0.8075,0.73,0.07750000000000001,100,0.02914568743193586,1.0,False
BT-v3,HYB-s0-b0-a0.75,RL-s3-b300-a1.00,0.8075,0.7475,0.05999999999999994,100,0.09207540168690422,1.0,False
BT-v3,HYB-s0-b0-a0.75,RL-s4-b100-a1.00,0.8075,0.7225,0.08499999999999996,100,0.01277380753429953,1.0,False
BT-v3,HYB-s0-b0-a0.75,RL-s4-b200-a1.00,0.8075,0.8475,-0.040000000000000036,100,0.3862355312541159,1.0,False
BT-v3,HYB-s0-b0-a0.75,RL-s4-b300-a1.00,0.8075,0.7625,0.04500000000000004,100,0.23454849061749616,1.0,False
BT-v3,HYB-s0-b100-a0.25,HYB-s0-b100-a0.50,0.8325,0.7875,0.04500000000000004,100,0.07167353132662327,1.0,False
BT-v3,HYB-s0-b100-a0.25,HYB-s0-b100-a0.75,0.8325,0.805,0.02749999999999997,100,0.3556968170189553,1.0,False
BT-v3,HYB-s0-b100-a0.25,HYB-s0-b200-a0.25,0.8325,0.7175,0.11499999999999999,100,3.270088637927509e-05,0.09813536002420453,False
BT-v3,HYB-s0-b100-a0.25,HYB-s0-b200-a0.50,0.8325,0.7,0.13250000000000006,100,1.3685209676604202e-06,0.004573597073921124,True
BT-v3,HYB-s0-b100-a0.25,HYB-s0-b200-a0.75,0.8325,0.7525,0.08000000000000007,100,0.006303805660223902,1.0,False
BT-v3,HYB-s0-b100-a0.25,HYB-s0-b300-a0.25,0.8325,0.7475,0.08499999999999996,100,0.006467704265660997,1.0,False
BT-v3,HYB-s0-b100-a0.25,HYB-s0-b300-a0.50,0.8325,0.6425,0.19000000000000006,100,2.6198543293068324e-09,1.0081199459172691e-05,True
BT-v3,HYB-s0-b100-a0.25,HYB-s0-b300-a0.75,0.8325,0.7075,0.125,100,9.728669897833412e-05,0.2785318191749706,False
BT-v3,HYB-s0-b100-a0.25,HYB-s1-b100-a0.25,0.8325,0.835,-0.0024999999999999467,100,0.96099729612604,1.0,False
BT-v3,HYB-s0-b100-a0.25,HYB-s1-b100-a0.50,0.8325,0.8675,-0.03500000000000003,100,0.15795811525761583,1.0,False
BT-v3,HYB-s0-b100-a0.25,HYB-s1-b100-a0.75,0.8325,0.8075,0.025000000000000022,100,0.38985209322349534,1.0,False
BT-v3,HYB-s0-b100-a0.25,HYB-s1-b200-a0.25,0.8325,0.7925,0.040000000000000036,100,0.2086023942153178,1.0,False
BT-v3,HYB-s0-b100-a0.25,HYB-s1-b200-a0.50,0.8325,0.7875,0.04500000000000004,100,0.10249759267981104,1.0,False
BT-v3,HYB-s0-b100-a0.25,HYB-s1-b200-a0.75,0.8325,0.8525,-0.020000000000000018,100,0.5273677186663706,1.0,False
BT-v3,HYB-s0-b100-a0.25,HYB-s1-b300-a0.25,0.8325,0.8025,0.030000000000000027,100,0.3709971896398435,1.0,False
BT-v3,HYB-s0-b100-a0.25,HYB-s1-b300-a0.50,0.8325,0.7625,0.07000000000000006,100,0.03351693817223632,1.0,False
BT-v3,HYB-s0-b100-a0.25,HYB-s1-b300-a0.75,0.8325,0.865,-0.03249999999999997,100,0.13027694918340096,1.0,False
BT-v3,HYB-s0-b100-a0.25,HYB-s2-b100-a0.25,0.8325,0.8125,0.020000000000000018,100,0.46665634016295243,1.0,False
BT-v3,HYB-s0-b100-a0.25,HYB-s2-b100-a0.50,0.8325,0.7825,0.050000000000000044,100,0.08109467099543123,1.0,False
BT-v3,HYB-s0-b100-a0.25,HYB-s2-b100-a0.75,0.8325,0.7675,0.06500000000000006,100,0.028836680820194617,1.0,False
BT-v3,HYB-s0-b100-a0.25,HYB-s2-b200-a0.25,0.8325,0.7275,0.10499999999999998,100,0.00023699997479573586,0.6465359312427674,False
BT-v3,HYB-s0-b100-a0.25,HYB-s2-b200-a0.50,0.8325,0.685,0.14749999999999996,100,1.0600040405410602e-07,0.00037767943964477974,True
BT-v3,HYB-s0-b100-a0.25,HYB-s2-b200-a0.75,0.8325,0.755,0.07750000000000001,100,0.003834194294812046,1.0,False
BT-v3,HYB-s0-b100-a0.25,HYB-s2-b300-a0.25,0.8325,0.6675,0.16500000000000004,100,6.130366533269403e-08,0.00022109498762365264,True
BT-v3,HYB-s0-b100-a0.25,HYB-s2-b300-a0.50,0.8325,0.6525,0.18000000000000005,100,2.3363596561849478e-08,8.609485333041533e-05,True
BT-v3,HYB-s0-b100-a0.25,HYB-s2-b300-a0.75,0.8325,0.68,0.15249999999999997,100,5.132704219457542e-06,0.01655810381197003,True
BT-v3,HYB-s0-b100-a0.25,HYB-s3-b100-a0.25,0.8325,0.6425,0.19000000000000006,100,8.993264138487468e-09,3.387762600968229e-05,True
BT-v3,HYB-s0-b100-a0.25,HYB-s3-b100-a0.50,0.8325,0.6025,0.22999999999999998,100,2.0013913822323071e-10,7.981548832342441e-07,True
BT-v3,HYB-s0-b100-a0.25,HYB-s3-b100-a0.75,0.8325,0.615,0.21750000000000003,100,1.0690344437947689e-08,4.011017233117973e-05,True
BT-v3,HYB-s0-b100-a0.25,HYB-s3-b200-a0.25,0.8325,0.59,0.24250000000000005,100,8.694383727127584e-11,3.4916645048144377e-07,True
BT-v3,HYB-s0-b100-a0.25,HYB-s3-b200-a0.50,0.8325,0.57,0.26250000000000007,100,5.095045850487089e-13,2.1241246150680677e-09,True
BT-v3,HYB-s0-b100-a0.25,HYB-s3-b200-a0.75,0.8325,0.615,0.21750000000000003,100,4.973717740476201e-09,1.8900127413809564e-05,True
BT-v3,HYB-s0-b100-a0.25,HYB-s3-b300-a0.25,0.8325,0.74,0.09250000000000003,100,0.0039544212066548465,1.0,False
BT-v3,HYB-s0-b100-a0.25,HYB-s3-b300-a0.50,0.8325,0.6425,0.19000000000000006,100,5.28392754389632e-09,2.0052505029086534e-05,True
BT-v3,HYB-s0-b100-a0.25,HYB-s3-b300-a0.75,0.8325,0.695,0.13750000000000007,100,0.00021844001387331821,0.5985256380128919,False
BT-v3,HYB-s0-b100-a0.25,HYB-s4-b100-a0.25,0.8325,0.755,0.07750000000000001,100,0.0012054571028386385,1.0,False
BT-v3,HYB-s0-b100-a0.25,HYB-s4-b100-a0.50,0.8325,0.765,0.0675,100,0.013302934639800385,1.0,False
BT-v3,HYB-s0-b100-a0.25,HYB-s4-b100-a0.75,0.8325,0.7675,0.06500000000000006,100,0.02660109196616074,1.0,False
BT-v3,HYB-s0-b100-a0.25,HYB-s4-b200-a0.25,0.8325,0.725,0.10750000000000004,100,0.0002566460594008334,0.696280759154461,False
BT-v3,HYB-s0-b100-a0.25,HYB-s4-b200-a0.50,0.8325,0.7375,0.09499999999999997,100,0.0007523769456524011,1.0,False
BT-v3,HYB-s0-b100-a0.25,HYB-s4-b200-a0.75,0.8325,0.82,0.012500000000000067,100,0.500962111921625,1.0,False
BT-v3,HYB-s0-b100-a0.25,HYB-s4-b300-a0.25,0.8325,0.7125,0.12,100,0.00018643838723386371,0.5164343326378025,False
BT-v3,HYB-s0-b100-a0.25,HYB-s4-b300-a0.50,0.8325,0.68,0.15249999999999997,100,5.4728833310251615e-06,0.017628157209232043,True
BT-v3,HYB-s0-b100-a0.25,HYB-s4-b300-a0.75,0.8325,0.785,0.04749999999999999,100,0.11158555868662186,1.0,False
BT-v3,HYB-s0-b100-a0.25,RL-s0-b0-a1.00,0.8325,0.84,-0.007499999999999951,100,0.6874298028067183,1.0,False
BT-v3,HYB-s0-b100-a0.25,RL-s0-b100-a1.00,0.8325,0.815,0.01750000000000007,100,0.5145498527698911,1.0,False
BT-v3,HYB-s0-b100-a0.25,RL-s0-b200-a1.00,0.8325,0.7275,0.10499999999999998,100,0.0010497192493896517,1.0,False
BT-v3,HYB-s0-b100-a0.25,RL-s0-b300-a1.00,0.8325,0.7375,0.09499999999999997,100,0.0008327054021436929,1.0,False
BT-v3,HYB-s0-b100-a0.25,RL-s1-b100-a1.00,0.8325,0.7475,0.08499999999999996,100,0.011776193158549681,1.0,False
BT-v3,HYB-s0-b100-a0.25,RL-s1-b200-a1.00,0.8325,0.77,0.0625,100,0.10593006631623196,1.0,False
BT-v3,HYB-s0-b100-a0.25,RL-s1-b300-a1.00,0.8325,0.79,0.04249999999999998,100,0.15971190675954283,1.0,False
BT-v3,HYB-s0-b100-a0.25,RL-s2-b100-a1.00,0.8325,0.7475,0.08499999999999996,100,0.007808817333188668,1.0,False
BT-v3,HYB-s0-b100-a0.25,RL-s2-b200-a1.00,0.8325,0.735,0.09750000000000003,100,0.001116669961452638,1.0,False
BT-v3,HYB-s0-b100-a0.25,RL-s2-b300-a1.00,0.8325,0.7525,0.08000000000000007,100,0.019412193392778596,1.0,False
BT-v3,HYB-s0-b100-a0.25,RL-s3-b100-a1.00,0.8325,0.5925,0.24,100,1.046025139587545e-09,4.0836821449497755e-06,True
BT-v3,HYB-s0-b100-a0.25,RL-s3-b200-a1.00,0.8325,0.73,0.10250000000000004,100,0.005071030638633462,1.0,False
BT-v3,HYB-s0-b100-a0.25,RL-s3-b300-a1.00,0.8325,0.7475,0.08499999999999996,100,0.015138569783013098,1.0,False
BT-v3,HYB-s0-b100-a0.25,RL-s4-b100-a1.00,0.8325,0.7225,0.10999999999999999,100,0.00036199286511910965,0.9661589570029037,False
BT-v3,HYB-s0-b100-a0.25,RL-s4-b200-a1.00,0.8325,0.8475,-0.015000000000000013,100,0.5992847283766864,1.0,False
BT-v3,HYB-s0-b100-a0.25,RL-s4-b300-a1.00,0.8325,0.7625,0.07000000000000006,100,0.028840974234204966,1.0,False
BT-v3,HYB-s0-b100-a0.50,HYB-s0-b100-a0.75,0.7875,0.805,-0.01750000000000007,100,0.4869177747192073,1.0,False
BT-v3,HYB-s0-b100-a0.50,HYB-s0-b200-a0.25,0.7875,0.7175,0.06999999999999995,100,0.005168368293923439,1.0,False
BT-v3,HYB-s0-b100-a0.50,HYB-s0-b200-a0.50,0.7875,0.7,0.08750000000000002,100,0.000729754960820688,1.0,False
BT-v3,HYB-s0-b100-a0.50,HYB-s0-b200-a0.75,0.7875,0.7525,0.03500000000000003,100,0.16245739608307241,1.0,False
BT-v3,HYB-s0-b100-a0.50,HYB-s0-b300-a0.25,0.7875,0.7475,0.039999999999999925,100,0.25627695049001253,1.0,False
BT-v3,HYB-s0-b100-a0.50,HYB-s0-b300-a0.50,0.7875,0.6425,0.14500000000000002,100,1.1476253729498934e-05,0.03590919791960216,True
BT-v3,HYB-s0-b100-a0.50,HYB-s0-b300-a0.75,0.7875,0.7075,0.07999999999999996,100,0.009278658342810418,1.0,False
BT-v3,HYB-s0-b100-a0.50,HYB-s1-b100-a0.25,0.7875,0.835,-0.04749999999999999,100,0.20913484183712716,1.0,False
BT-v3,HYB-s0-b100-a0.50,HYB-s1-b100-a0.50,0.7875,0.8675,-0.08000000000000007,100,0.0121459021514789,1.0,False
BT-v3,HYB-s0-b100-a0.50,HYB-s1-b100-a0.75,0.7875,0.8075,-0.020000000000000018,100,0.5734011143383737,1.0,False
BT-v3,HYB-s0-b100-a0.50,HYB-s1-b200-a0.25,0.7875,0.7925,-0.0050000000000000044,100,0.8877425481274052,1.0,False
BT-v3,HYB-s0-b100-a0.50,HYB-s1-b200-a0.50,0.7875,0.7875,0.0,100,0.9541137616491253,1.0,False
BT-v3,HYB-s0-b100-a0.50,HYB-s1-b200-a0.75,0.7875,0.8525,-0.06500000000000006,100,0.02014948218157565,1.0,False
BT-v3,HYB-s0-b100-a0.50,HYB-s1-b300-a0.25,0.7875,0.8025,-0.015000000000000013,100,0.6766028626535086,1.0,False
BT-v3,HYB-s0-b100-a0.50,HYB-s1-b300-a0.50,0.7875,0.7625,0.025000000000000022,100,0.41022001257655183,1.0,False
BT-v3,HYB-s0-b100-a0.50,HYB-s1-b300-a0.75,0.7875,0.865,-0.07750000000000001,100,0.011451156423638965,1.0,False
BT-v3,HYB-s0-b100-a0.50,HYB-s2-b100-a0.25,0.7875,0.8125,-0.025000000000000022,100,0.4720729606167636,1.0,False
BT-v3,HYB-s0-b100-a0.50,HYB-s2-b100-a0.50,0.7875,0.7825,0.0050000000000000044,100,0.8792909837918371,1.0,False
BT-v3,HYB-s0-b100-a0.50,HYB-s2-b100-a0.75,0.7875,0.7675,0.020000000000000018,100,0.5891923286030674,1.0,False
BT-v3,HYB-s0-b100-a0.50,HYB-s2-b200-a0.25,0.7875,0.7275,0.05999999999999994,100,0.05403217053430687,1.0,False
BT-v3,HYB-s0-b100-a0.50,HYB-s2-b200-a0.50,0.7875,0.685,0.10249999999999992,100,0.00023108762339938525,0.6311002995037212,False
BT-v3,HYB-s0-b100-a0.50,HYB-s2-b200-a0.75,0.7875,0.755,0.03249999999999997,100,0.21240476972698163,1.0,False
BT-v3,HYB-s0-b100-a0.50,HYB-s2-b300-a0.25,0.7875,0.6675,0.12,100,9.650000807650143e-06,0.030387852543290298,True
BT-v3,HYB-s0-b100-a0.50,HYB-s2-b300-a0.50,0.7875,0.6525,0.135,100,8.336276597562982e-07,0.0028309995325323887,True
BT-v3,HYB-s0-b100-a0.50,HYB-s2-b300-a0.75,0.7875,0.68,0.10749999999999993,100,0.0003408818964773146,0.9125408368697712,False
BT-v3,HYB-s0-b100-a0.50,HYB-s3-b100-a0.25,0.7875,0.6425,0.14500000000000002,100,3.5204781297447634e-05,0.10526229607936842,False
BT-v3,HYB-s0-b100-a0.50,HYB-s3-b100-a0.50,0.7875,0.6025,0.18499999999999994,100,1.1098732364921726e-07,0.00039489289754391504,True
BT-v3,HYB-s0-b100-a0.50,HYB-s3-b100-a0.75,0.7875,0.615,0.1725,100,1.0039151364197314e-06,0.003390221415689433,True
BT-v3,HYB-s0-b100-a0.50,HYB-s3-b200-a0.25,0.7875,0.59,0.1975,100,2.282764877029771e-09,8.800058600949767e-06,True
BT-v3,HYB-s0-b100-a0.50,HYB-s3-b200-a0.50,0.7875,0.57,0.21750000000000003,100,4.756536815835593e-10,1.8783563885734757e-06,True
BT-v3,HYB-s0-b100-a0.50,HYB-s3-b200-a0.75,0.7875,0.615,0.1725,100,9.938241283581696e-07,0.0033581317297222547,True
BT-v3,HYB-s0-b100-a0.50,HYB-s3-b300-a0.25,0.7875,0.74,0.04749999999999999,100,0.10669281715743875,1.0,False
BT-v3,HYB-s0-b100-a0.50,HYB-s3-b300-a0.50,0.7875,0.6425,0.14500000000000002,100,7.432187488707959e-06,0.023604627464136475,True
BT-v3,HYB-s0-b100-a0.50,HYB-s3-b300-a0.75,0.7875,0.695,0.09250000000000003,100,0.010245556273355655,1.0,False
BT-v3,HYB-s0-b100-a0.50,HYB-s4-b100-a0.25,0.7875,0.755,0.03249999999999997,100,0.13858308627990293,1.0,False
BT-v3,HYB-s0-b100-a0.50,HYB-s4-b100-a0.50,0.7875,0.765,0.022499999999999964,100,0.28577056794127675,1.0,False
BT-v3,HYB-s0-b100-a0.50,HYB-s4-b100-a0.75,0.7875,0.7675,0.020000000000000018,100,0.46623253390484576,1.0,False
BT-v3,HYB-s0-b100-a0.50,HYB-s4-b200-a0.25,0.7875,0.725,0.0625,100,0.03386756304566997,1.0,False
BT-v3,HYB-s0-b100-a0.50,HYB-s4-b200-a0.50,0.7875,0.7375,0.04999999999999993,100,0.10191407482593248,1.0,False
BT-v3,HYB-s0-b100-a0.50,HYB-s4-b200-a0.75,0.7875,0.82,-0.03249999999999997,100,0.18924829707877777,1.0,False
BT-v3,HYB-s0-b100-a0.50,HYB-s4-b300-a0.25,0.7875,0.7125,0.07499999999999996,100,0.03913841171659952,1.0,False
BT-v3,HYB-s0-b100-a0.50,HYB-s4-b300-a0.50,0.7875,0.68,0.10749999999999993,100,0.0004727103651753149,1.0,False
BT-v3,HYB-s0-b100-a0.50,HYB-s4-b300-a0.75,0.7875,0.785,0.0024999999999999467,100,0.922142990698423,1.0,False
BT-v3,HYB-s0-b100-a0.50,RL-s0-b0-a1.00,0.7875,0.84,-0.05249999999999999,100,0.0739664296849652,1.0,False
BT-v3,HYB-s0-b100-a0.50,RL-s0-b100-a1.00,0.7875,0.815,-0.02749999999999997,100,0.1838281739219808,1.0,False
BT-v3,HYB-s0-b100-a0.50,RL-s0-b200-a1.00,0.7875,0.7275,0.05999999999999994,100,0.06359341178644146,1.0,False
BT-v3,HYB-s0-b100-a0.50,RL-s0-b300-a1.00,0.7875,0.7375,0.04999999999999993,100,0.09025170152056111,1.0,False
BT-v3,HYB-s0-b100-a0.50,RL-s1-b100-a1.00,0.7875,0.7475,0.039999999999999925,100,0.23292698333749506,1.0,False
BT-v3,HYB-s0-b100-a0.50,RL-s1-b200-a1.00,0.7875,0.77,0.01749999999999996,100,0.8197050570301329,1.0,False
BT-v3,HYB-s0-b100-a0.50,RL-s1-b300-a1.00,0.7875,0.79,-0.0025000000000000577,100,0.9122205987846973,1.0,False
BT-v3,HYB-s0-b100-a0.50,RL-s2-b100-a1.00,0.7875,0.7475,0.039999999999999925,100,0.21009307194925098,1.0,False
BT-v3,HYB-s0-b100-a0.50,RL-s2-b200-a1.00,0.7875,0.735,0.05249999999999999,100,0.0897504118019251,1.0,False
BT-v3,HYB-s0-b100-a0.50,RL-s2-b300-a1.00,0.7875,0.7525,0.03500000000000003,100,0.23792255408894447,1.0,False
BT-v3,HYB-s0-b100-a0.50,RL-s3-b100-a1.00,0.7875,0.5925,0.19499999999999995,100,6.118046332924299e-08,0.0002207391116919087,True
BT-v3,HYB-s0-b100-a0.50,RL-s3-b200-a1.00,0.7875,0.73,0.057499999999999996,100,0.09861355447181126,1.0,False
BT-v3,HYB-s0-b100-a0.50,RL-s3-b300-a1.00,0.7875,0.7475,0.039999999999999925,100,0.3643230935776731,1.0,False
BT-v3,HYB-s0-b100-a0.50,RL-s4-b100-a1.00,0.7875,0.7225,0.06499999999999995,100,0.03396752837081101,1.0,False
BT-v3,HYB-s0-b100-a0.50,RL-s4-b200-a1.00,0.7875,0.8475,-0.06000000000000005,100,0.028715465552473188,1.0,False
BT-v3,HYB-s0-b100-a0.50,RL-s4-b300-a1.00,0.7875,0.7625,0.025000000000000022,100,0.5960467738106332,1.0,False
BT-v3,HYB-s0-b100-a0.75,HYB-s0-b200-a0.25,0.805,0.7175,0.08750000000000002,100,0.004611781843284978,1.0,False
BT-v3,HYB-s0-b100-a0.75,HYB-s0-b200-a0.50,0.805,0.7,0.1050000000000001,100,0.0002316148838361461,0.6323086328726789,False
BT-v3,HYB-s0-b100-a0.75,HYB-s0-b200-a0.75,0.805,0.7525,0.0525000000000001,100,0.01817091532366059,1.0,False
BT-v3,HYB-s0-b100-a0.75,HYB-s0-b300-a0.25,0.805,0.7475,0.057499999999999996,100,0.12942162623075465,1.0,False
BT-v3,HYB-s0-b100-a0.75,HYB-s0-b300-a0.50,0.805,0.6425,0.1625000000000001,100,1.886838523890765e-07,0.0006628463734428257,True
BT-v3,HYB-s0-b100-a0.75,HYB-s0-b300-a0.75,0.805,0.7075,0.09750000000000003,100,0.0009154074006492199,1.0,False
BT-v3,HYB-s0-b100-a0.75,HYB-s1-b100-a0.25,0.805,0.835,-0.029999999999999916,100,0.24038933244753946,1.0,False
BT-v3,HYB-s0-b100-a0.75,HYB-s1-b100-a0.50,0.805,0.8675,-0.0625,100,0.026867414987603228,1.0,False
BT-v3,HYB-s0-b100-a0.75,HYB-s1-b100-a0.75,0.805,0.8075,-0.0024999999999999467,100,0.8528183618014422,1.0,False
BT-v3,HYB-s0-b100-a0.75,HYB-s1-b200-a0.25,0.805,0.7925,0.012500000000000067,100,0.7073551405831304,1.0,False
BT-v3,HYB-s0-b100-a0.75,HYB-s1-b200-a0.50,0.805,0.7875,0.01750000000000007,100,0.5717707705035607,1.0,False
BT-v3,HYB-s0-b100-a0.75,HYB-s1-b200-a0.75,0.805,0.8525,-0.04749999999999999,100,0.060582212900415745,1.0,False
BT-v3,HYB-s0-b100-a0.75,HYB-s1-b300-a0.25,0.805,0.8025,0.0025000000000000577,100,0.9790785160853424,1.0,False
BT-v3,HYB-s0-b100-a0.75,HYB-s1-b300-a0.50,0.805,0.7625,0.04250000000000009,100,0.17327458175124377,1.0,False
BT-v3,HYB-s0-b100-a0.75,HYB-s1-b300-a0.75,0.805,0.865,-0.05999999999999994,100,0.05725328093262982,1.0,False
BT-v3,HYB-s0-b100-a0.75,HYB-s2-b100-a0.25,0.805,0.8125,-0.007499999999999951,100,0.8406557333035092,1.0,False
BT-v3,HYB-s0-b100-a0.75,HYB-s2-b100-a0.50,0.805,0.7825,0.022500000000000075,100,0.45720321427097543,1.0,False
BT-v3,HYB-s0-b100-a0.75,HYB-s2-b100-a0.75,0.805,0.7675,0.03750000000000009,100,0.2654257019222196,1.0,False
BT-v3,HYB-s0-b100-a0.75,HYB-s2-b200-a0.25,0.805,0.7275,0.07750000000000001,100,0.01905446190277089,1.0,False
BT-v3,HYB-s0-b100-a0.75,HYB-s2-b200-a0.50,0.805,0.685,0.12,100,8.085301208048485e-05,0.23342264587635977,False
BT-v3,HYB-s0-b100-a0.75,HYB-s2-b200-a0.75,0.805,0.755,0.050000000000000044,100,0.035168298428846376,1.0,False
BT-v3,HYB-s0-b100-a0.75,HYB-s2-b300-a0.25,0.805,0.6675,0.13750000000000007,100,5.804281302810767e-06,0.018637547263325373,True
BT-v3,HYB-s0-b100-a0.75,HYB-s2-b300-a0.50,0.805,0.6525,0.15250000000000008,100,4.740906072208888e-07,0.0016308716888398574,True
BT-v3,HYB-s0-b100-a0.75,HYB-s2-b300-a0.75,0.805,0.68,0.125,100,5.6837510228194715e-05,0.16619287990724135,False
BT-v3,HYB-s0-b100-a0.75,HYB-s3-b100-a0.25,0.805,0.6425,0.1625000000000001,100,5.849708885010285e-06,0.018765878827028855,True
BT-v3,HYB-s0-b100-a0.75,HYB-s3-b100-a0.50,0.805,0.6025,0.2025,100,2.5159326114444053e-09,9.688856486672405e-06,True
BT-v3,HYB-s0-b100-a0.75,HYB-s3-b100-a0.75,0.805,0.615,0.19000000000000006,100,3.381889910950423e-08,0.00012360807624523797,True
BT-v3,HYB-s0-b100-a0.75,HYB-s3-b200-a0.25,0.805,0.59,0.21500000000000008,100,8.698076963792481e-10,3.4026877082356187e-06,True
BT-v3,HYB-s0-b100-a0.75,HYB-s3-b200-a0.50,0.805,0.57,0.2350000000000001,100,4.492212435374481e-11,1.8162014876219028e-07,True
BT-v3,HYB-s0-b100-a0.75,HYB-s3-b200-a0.75,0.805,0.615,0.19000000000000006,100,9.262093323414504e-09,3.4843995082685364e-05,True
BT-v3,HYB-s0-b100-a0.75,HYB-s3-b300-a0.25,0.805,0.74,0.06500000000000006,100,0.043695124270124244,1.0,False
BT-v3,HYB-s0-b100-a0.75,HYB-s3-b300-a0.50,0.805,0.6425,0.1625000000000001,100,4.365546123535242e-06,0.014135638348007115,True
BT-v3,HYB-s0-b100-a0.75,HYB-s3-b300-a0.75,0.805,0.695,0.1100000000000001,100,0.0007663798097134984,1.0,False
BT-v3,HYB-s0-b100-a0.75,HYB-s4-b100-a0.25,0.805,0.755,0.050000000000000044,100,0.04420932187480446,1.0,False
BT-v3,HYB-s0-b100-a0.75,HYB-s4-b100-a0.50,0.805,0.765,0.040000000000000036,100,0.1252561201916067,1.0,False
BT-v3,HYB-s0-b100-a0.75,HYB-s4-b100-a0.75,0.805,0.7675,0.03750000000000009,100,0.030648834418632937,1.0,False
BT-v3,HYB-s0-b100-a0.75,HYB-s4-b200-a0.25,0.805,0.725,0.08000000000000007,100,0.010098402104856912,1.0,False
BT-v3,HYB-s0-b100-a0.75,HYB-s4-b200-a0.50,0.805,0.7375,0.0675,100,0.030431574054210975,1.0,False
BT-v3,HYB-s0-b100-a0.75,HYB-s4-b200-a0.75,0.805,0.82,-0.014999999999999902,100,0.3620774412173685,1.0,False
BT-v3,HYB-s0-b100-a0.75,HYB-s4-b300-a0.25,0.805,0.7125,0.09250000000000003,100,0.004289124763833437,1.0,False
BT-v3,HYB-s0-b100-a0.75,HYB-s4-b300-a0.50,0.805,0.68,0.125,100,7.207448844158055e-05,0.20916016545746674,False
BT-v3,HYB-s0-b100-a0.75,HYB-s4-b300-a0.75,0.805,0.785,0.020000000000000018,100,0.6432884817397253,1.0,False
BT-v3,HYB-s0-b100-a0.75,RL-s0-b0-a1.00,0.805,0.84,-0.03499999999999992,100,0.22963361785195546,1.0,False
BT-v3,HYB-s0-b100-a0.75,RL-s0-b100-a1.00,0.805,0.815,-0.009999999999999898,100,0.5871370284409694,1.0,False
BT-v3,HYB-s0-b100-a0.75,RL-s0-b200-a1.00,0.805,0.7275,0.07750000000000001,100,0.004578198462204492,1.0,False
BT-v3,HYB-s0-b100-a0.75,RL-s0-b300-a1.00,0.805,0.7375,0.0675,100,0.01595536582785631,1.0,False
BT-v3,HYB-s0-b100-a0.75,RL-s1-b100-a1.00,0.805,0.7475,0.057499999999999996,100,0.0576552699062118,1.0,False
BT-v3,HYB-s0-b100-a0.75,RL-s1-b200-a1.00,0.805,0.77,0.03500000000000003,100,0.5070256356301232,1.0,False
BT-v3,HYB-s0-b100-a0.75,RL-s1-b300-a1.00,0.805,0.79,0.015000000000000013,100,0.6656444120085887,1.0,False
BT-v3,HYB-s0-b100-a0.75,RL-s2-b100-a1.00,0.805,0.7475,0.057499999999999996,100,0.05551879165678795,1.0,False
BT-v3,HYB-s0-b100-a0.75,RL-s2-b200-a1.00,0.805,0.735,0.07000000000000006,100,0.011684623282391846,1.0,False
BT-v3,HYB-s0-b100-a0.75,RL-s2-b300-a1.00,0.805,0.7525,0.0525000000000001,100,0.13545302762164296,1.0,False
BT-v3,HYB-s0-b100-a0.75,RL-s3-b100-a1.00,0.805,0.5925,0.21250000000000002,100,8.419075328835249e-10,3.298593713837651e-06,True
BT-v3,HYB-s0-b100-a0.75,RL-s3-b200-a1.00,0.805,0.73,0.07500000000000007,100,0.05122647149069597,1.0,False
BT-v3,HYB-s0-b100-a0.75,RL-s3-b300-a1.00,0.805,0.7475,0.057499999999999996,100,0.05951622202616931,1.0,False
BT-v3,HYB-s0-b100-a0.75,RL-s4-b100-a1.00,0.805,0.7225,0.08250000000000002,100,0.0006950204308373409,1.0,False
BT-v3,HYB-s0-b100-a0.75,RL-s4-b200-a1.00,0.805,0.8475,-0.04249999999999998,100,0.16069647048760083,1.0,False
BT-v3,HYB-s0-b100-a0.75,RL-s4-b300-a1.00,0.805,0.7625,0.04250000000000009,100,0.19185611731886143,1.0,False
BT-v3,HYB-s0-b200-a0.25,HYB-s0-b200-a0.50,0.7175,0.7,0.01750000000000007,100,0.46574170091570244,1.0,False
BT-v3,HYB-s0-b200-a0.25,HYB-s0-b200-a0.75,0.7175,0.7525,-0.03499999999999992,100,0.17957410660781148,1.0,False
BT-v3,HYB-s0-b200-a0.25,HYB-s0-b300-a0.25,0.7175,0.7475,-0.030000000000000027,100,0.259035701954791,1.0,False
BT-v3,HYB-s0-b200-a0.25,HYB-s0-b300-a0.50,0.7175,0.6425,0.07500000000000007,100,0.019132467121003156,1.0,False
BT-v3,HYB-s0-b200-a0.25,HYB-s0-b300-a0.75,0.7175,0.7075,0.010000000000000009,100,0.7552006791374057,1.0,False
BT-v3,HYB-s0-b200-a0.25,HYB-s1-b100-a0.25,0.7175,0.835,-0.11749999999999994,100,0.0005073367328309789,1.0,False
BT-v3,HYB-s0-b200-a0.25,HYB-s1-b100-a0.50,0.7175,0.8675,-0.15000000000000002,100,6.425074734504156e-06,0.020534538851475284,True
BT-v3,HYB-s0-b200-a0.25,HYB-s1-b100-a0.75,0.7175,0.8075,-0.08999999999999997,100,0.004316178558995321,1.0,False
BT-v3,HYB-s0-b200-a0.25,HYB-s1-b200-a0.25,0.7175,0.7925,-0.07499999999999996,100,0.04006953330651712,1.0,False
BT-v3,HYB-s0-b200-a0.25,HYB-s1-b200-a0.50,0.7175,0.7875,-0.06999999999999995,100,0.062972834586967,1.0,False
BT-v3,HYB-s0-b200-a0.25,HYB-s1-b200-a0.75,0.7175,0.8525,-0.135,100,6.568923201490914e-05,0.19141842209144525,False
BT-v3,HYB-s0-b200-a0.25,HYB-s1-b300-a0.25,0.7175,0.8025,-0.08499999999999996,100,0.018925426800753976,1.0,False
BT-v3,HYB-s0-b200-a0.25,HYB-s1-b300-a0.50,0.7175,0.7625,-0.04499999999999993,100,0.24310246169631688,1.0,False
BT-v3,HYB-s0-b200-a0.25,HYB-s1-b300-a0.75,0.7175,0.865,-0.14749999999999996,100,2.795673852584467e-05,0.08445730708657676,False
BT-v3,HYB-s0-b200-a0.25,HYB-s2-b100-a0.25,0.7175,0.8125,-0.09499999999999997,100,0.002731993886815219,1.0,False
BT-v3,HYB-s0-b200-a0.25,HYB-s2-b100-a0.50,0.7175,0.7825,-0.06499999999999995,100,0.029038087679667018,1.0,False
BT-v3,HYB-s0-b200-a0.25,HYB-s2-b100-a0.75,0.7175,0.7675,-0.04999999999999993,100,0.11960925291865933,1.0,False
BT-v3,HYB-s0-b200-a0.25,HYB-s2-b200-a0.25,0.7175,0.7275,-0.010000000000000009,100,0.6190350373778688,1.0,False
BT-v3,HYB-s0-b200-a0.25,HYB-s2-b200-a0.50,0.7175,0.685,0.03249999999999997,100,0.13471671106249208,1.0,False
BT-v3,HYB-s0-b200-a0.25,HYB-s2-b200-a0.75,0.7175,0.755,-0.03749999999999998,100,0.18143725282100476,1.0,False
BT-v3,HYB-s0-b200-a0.25,HYB-s2-b300-a0.25,0.7175,0.6675,0.050000000000000044,100,0.13551690422539997,1.0,False
BT-v3,HYB-s0-b200-a0.25,HYB-s2-b300-a0.50,0.7175,0.6525,0.06500000000000006,100,0.031111513058969576,1.0,False
BT-v3,HYB-s0-b200-a0.25,HYB-s2-b300-a0.75,0.7175,0.68,0.03749999999999998,100,0.23987576304028835,1.0,False
BT-v3,HYB-s0-b200-a0.25,HYB-s3-b100-a0.25,0.7175,0.6425,0.07500000000000007,100,0.024910472249551945,1.0,False
BT-v3,HYB-s0-b200-a0.25,HYB-s3-b100-a0.50,0.7175,0.6025,0.11499999999999999,100,0.0006822625068798323,1.0,False
BT-v3,HYB-s0-b200-a0.25,HYB-s3-b100-a0.75,0.7175,0.615,0.10250000000000004,100,0.005388765138399839,1.0,False
BT-v3,HYB-s0-b200-a0.25,HYB-s3-b200-a0.25,0.7175,0.59,0.12750000000000006,100,0.0002048716534795622,0.5644214053361939,False
BT-v3,HYB-s0-b200-a0.25,HYB-s3-b200-a0.50,0.7175,0.57,0.14750000000000008,100,3.195233204247378e-05,0.09592090079150628,False
BT-v3,HYB-s0-b200-a0.25,HYB-s3-b200-a0.75,0.7175,0.615,0.10250000000000004,100,0.0018592631492882817,1.0,False
BT-v3,HYB-s0-b200-a0.25,HYB-s3-b300-a0.25,0.7175,0.74,-0.022499999999999964,100,0.6080712088521039,1.0,False
BT-v3,HYB-s0-b200-a0.25,HYB-s3-b300-a0.50,0.7175,0.6425,0.07500000000000007,100,0.01315974517317199,1.0,False
BT-v3,HYB-s0-b200-a0.25,HYB-s3-b300-a0.75,0.7175,0.695,0.022500000000000075,100,0.5039416272245341,1.0,False
BT-v3,HYB-s0-b200-a0.25,HYB-s4-b100-a0.25,0.7175,0.755,-0.03749999999999998,100,0.13857251443239385,1.0,False
BT-v3,HYB-s0-b200-a0.25,HYB-s4-b100-a0.50,0.7175,0.765,-0.04749999999999999,100,0.07718998704939639,1.0,False
BT-v3,HYB-s0-b200-a0.25,HYB-s4-b100-a0.75,0.7175,0.7675,-0.04999999999999993,100,0.06674001635541998,1.0,False
BT-v3,HYB-s0-b200-a0.25,HYB-s4-b200-a0.25,0.7175,0.725,-0.007499999999999951,100,0.7788529599158913,1.0,False
BT-v3,HYB-s0-b200-a0.25,HYB-s4-b200-a0.50,0.7175,0.7375,-0.020000000000000018,100,0.34045238795717314,1.0,False
BT-v3,HYB-s0-b200-a0.25,HYB-s4-b200-a0.75,0.7175,0.82,-0.10249999999999992,100,0.0004448408981902526,1.0,False
BT-v3,HYB-s0-b200-a0.25,HYB-s4-b300-a0.25,0.7175,0.7125,0.0050000000000000044,100,0.816900942293342,1.0,False
BT-v3,HYB-s0-b200-a0.25,HYB-s4-b300-a0.50,0.7175,0.68,0.03749999999999998,100,0.3166124070371832,1.0,False
BT-v3,HYB-s0-b200-a0.25,HYB-s4-b300-a0.75,0.7175,0.785,-0.0675,100,0.047386743502702264,1.0,False
BT-v3,HYB-s0-b200-a0.25,RL-s0-b0-a1.00,0.7175,0.84,-0.12249999999999994,100,0.0001940842362589072,0.5366429132558784,False
BT-v3,HYB-s0-b200-a0.25,RL-s0-b100-a1.00,0.7175,0.815,-0.09749999999999992,100,0.0012704240312411165,1.0,False
BT-v3,HYB-s0-b200-a0.25,RL-s0-b200-a1.00,0.7175,0.7275,-0.010000000000000009,100,0.7988505354758986,1.0,False
BT-v3,HYB-s0-b200-a0.25,RL-s0-b300-a1.00,0.7175,0.7375,-0.020000000000000018,100,0.6336103542425802,1.0,False
BT-v3,HYB-s0-b200-a0.25,RL-s1-b100-a1.00,0.7175,0.7475,-0.030000000000000027,100,0.36982000454098196,1.0,False
BT-v3,HYB-s0-b200-a0.25,RL-s1-b200-a1.00,0.7175,0.77,-0.05249999999999999,100,0.1339735567589407,1.0,False
BT-v3,HYB-s0-b200-a0.25,RL-s1-b300-a1.00,0.7175,0.79,-0.07250000000000001,100,0.04859718624398594,1.0,False
BT-v3,HYB-s0-b200-a0.25,RL-s2-b100-a1.00,0.7175,0.7475,-0.030000000000000027,100,0.47002346041070986,1.0,False
BT-v3,HYB-s0-b200-a0.25,RL-s2-b200-a1.00,0.7175,0.735,-0.01749999999999996,100,0.6210382688012991,1.0,False
BT-v3,HYB-s0-b200-a0.25,RL-s2-b300-a1.00,0.7175,0.7525,-0.03499999999999992,100,0.2531764005142215,1.0,False
BT-v3,HYB-s0-b200-a0.25,RL-s3-b100-a1.00,0.7175,0.5925,0.125,100,0.00038454574197597765,1.0,False
BT-v3,HYB-s0-b200-a0.25,RL-s3-b200-a1.00,0.7175,0.73,-0.012499999999999956,100,0.6747784208934386,1.0,False
BT-v3,HYB-s0-b200-a0.25,RL-s3-b300-a1.00,0.7175,0.7475,-0.030000000000000027,100,0.34245771478228815,1.0,False
BT-v3,HYB-s0-b200-a0.25,RL-s4-b100-a1.00,0.7175,0.7225,-0.0050000000000000044,100,0.9748678061523733,1.0,False
BT-v3,HYB-s0-b200-a0.25,RL-s4-b200-a1.00,0.7175,0.8475,-0.13,100,9.60663943556125e-05,0.2753262862231854,False
BT-v3,HYB-s0-b200-a0.25,RL-s4-b300-a1.00,0.7175,0.7625,-0.04499999999999993,100,0.18231326504093448,1.0,False
BT-v3,HYB-s0-b200-a0.50,HYB-s0-b200-a0.75,0.7,0.7525,-0.05249999999999999,100,0.03462114670636757,1.0,False
BT-v3,HYB-s0-b200-a0.50,HYB-s0-b300-a0.25,0.7,0.7475,-0.0475000000000001,100,0.09672693461802352,1.0,False
BT-v3,HYB-s0-b200-a0.50,HYB-s0-b300-a0.50,0.7,0.6425,0.057499999999999996,100,0.04433378503993081,1.0,False
BT-v3,HYB-s0-b200-a0.50,HYB-s0-b300-a0.75,0.7,0.7075,-0.007500000000000062,100,0.609873864525226,1.0,False
BT-v3,HYB-s0-b200-a0.50,HYB-s1-b100-a0.25,0.7,0.835,-0.135,100,1.8209353353382e-05,0.05615764574183009,False
BT-v3,HYB-s0-b200-a0.50,HYB-s1-b100-a0.50,0.7,0.8675,-0.1675000000000001,100,1.0133940910325846e-07,0.00036137633286221967,True
BT-v3,HYB-s0-b200-a0.50,HYB-s1-b100-a0.75,0.7,0.8075,-0.10750000000000004,100,0.0003431247815350306,0.9179792545684097,False
BT-v3,HYB-s0-b200-a0.50,HYB-s1-b200-a0.25,0.7,0.7925,-0.09250000000000003,100,0.002460314402460452,1.0,False
BT-v3,HYB-s0-b200-a0.50,HYB-s1-b200-a0.50,0.7,0.7875,-0.08750000000000002,100,0.0020570755997886764,1.0,False
BT-v3,HYB-s0-b200-a0.50,HYB-s1-b200-a0.75,0.7,0.8525,-0.15250000000000008,100,1.4789971831126903e-06,0.0049280186141314845,True
BT-v3,HYB-s0-b200-a0.50,HYB-s1-b300-a0.25,0.7,0.8025,-0.10250000000000004,100,0.001739391711189461,1.0,False
BT-v3,HYB-s0-b200-a0.50,HYB-s1-b300-a0.50,0.7,0.7625,-0.0625,100,0.04589770623723169,1.0,False
BT-v3,HYB-s0-b200-a0.50,HYB-s1-b300-a0.75,0.7,0.865,-0.16500000000000004,100,1.466787363530281e-07,0.0005185093330079543,True
BT-v3,HYB-s0-b200-a0.50,HYB-s2-b100-a0.25,0.7,0.8125,-0.11250000000000004,100,4.345228140252175e-05,0.12857530067006187,False
BT-v3,HYB-s0-b200-a0.50,HYB-s2-b100-a0.50,0.7,0.7825,-0.08250000000000002,100,0.0034117027995776874,1.0,False
BT-v3,HYB-s0-b200-a0.50,HYB-s2-b100-a0.75,0.7,0.7675,-0.0675,100,0.013268576401107018,1.0,False
BT-v3,HYB-s0-b200-a0.50,HYB-s2-b200-a0.25,0.7,0.7275,-0.02750000000000008,100,0.24071271341846168,1.0,False
BT-v3,HYB-s0-b200-a0.50,HYB-s2-b200-a0.50,0.7,0.685,0.014999999999999902,100,0.4358966611370698,1.0,False
BT-v3,HYB-s0-b200-a0.50,HYB-s2-b200-a0.75,0.7,0.755,-0.05500000000000005,100,0.05686961482342797,1.0,False
BT-v3,HYB-s0-b200-a0.50,HYB-s2-b300-a0.25,0.7,0.6675,0.03249999999999997,100,0.27949954168042335,1.0,False
BT-v3,HYB-s0-b200-a0.50,HYB-s2-b300-a0.50,0.7,0.6525,0.04749999999999999,100,0.05435907305728868,1.0,False
BT-v3,HYB-s0-b200-a0.50,HYB-s2-b300-a0.75,0.7,0.68,0.019999999999999907,100,0.5579391949609296,1.0,False
BT-v3,HYB-s0-b200-a0.50,HYB-s3-b100-a0.25,0.7,0.6425,0.057499999999999996,100,0.04491020275403139,1.0,False
BT-v3,HYB-s0-b200-a0.50,HYB-s3-b100-a0.50,0.7,0.6025,0.09749999999999992,100,0.0007804808347499063,1.0,False
BT-v3,HYB-s0-b200-a0.50,HYB-s3-b100-a0.75,0.7,0.615,0.08499999999999996,100,0.010528048007645594,1.0,False
BT-v3,HYB-s0-b200-a0.50,HYB-s3-b200-a0.25,0.7,0.59,0.10999999999999999,100,9.590657288919068e-05,0.2749641444733097,False
BT-v3,HYB-s0-b200-a0.50,HYB-s3-b200-a0.50,0.7,0.57,0.13,100,2.003151976010868e-06,0.006618414128739907,True
BT-v3,HYB-s0-b200-a0.50,HYB-s3-b200-a0.75,0.7,0.615,0.08499999999999996,100,0.002480553058754736,1.0,False
BT-v3,HYB-s0-b200-a0.50,HYB-s3-b300-a0.25,0.7,0.74,-0.040000000000000036,100,0.23567892923457823,1.0,False
BT-v3,HYB-s0-b200-a0.50,HYB-s3-b300-a0.50,0.7,0.6425,0.057499999999999996,100,0.045881314888699315,1.0,False
BT-v3,HYB-s0-b200-a0.50,HYB-s3-b300-a0.75,0.7,0.695,0.0050000000000000044,100,0.7854093448773292,1.0,False
BT-v3,HYB-s0-b200-a0.50,HYB-s4-b100-a0.25,0.7,0.755,-0.05500000000000005,100,0.030190864014982582,1.0,False
BT-v3,HYB-s0-b200-a0.50,HYB-s4-b100-a0.50,0.7,0.765,-0.06500000000000006,100,0.014592190086936152,1.0,False
BT-v3,HYB-s0-b200-a0.50,HYB-s4-b100-a0.75,0.7,0.7675,-0.0675,100,0.00972463178220603,1.0,False
BT-v3,HYB-s0-b200-a0.50,HYB-s4-b200-a0.25,0.7,0.725,-0.025000000000000022,100,0.2074842462604375,1.0,False
BT-v3,HYB-s0-b200-a0.50,HYB-s4-b200-a0.50,0.7,0.7375,-0.03750000000000009,100,0.1445372194538289,1.0,False
BT-v3,HYB-s0-b200-a0.50,HYB-s4-b200-a0.75,0.7,0.82,-0.12,100,1.987143786428866e-05,0.060925828491909036,False
BT-v3,HYB-s0-b200-a0.50,HYB-s4-b300-a0.25,0.7,0.7125,-0.012500000000000067,100,0.6086710067052665,1.0,False
BT-v3,HYB-s0-b200-a0.50,HYB-s4-b300-a0.50,0.7,0.68,0.019999999999999907,100,0.49650781058787685,1.0,False
BT-v3,HYB-s0-b200-a0.50,HYB-s4-b300-a0.75,0.7,0.785,-0.08500000000000008,100,0.002428573705700664,1.0,False
BT-v3,HYB-s0-b200-a0.50,RL-s0-b0-a1.00,0.7,0.84,-0.14,100,1.8997752320589392e-05,0.05836109512885061,False
BT-v3,HYB-s0-b200-a0.50,RL-s0-b100-a1.00,0.7,0.815,-0.11499999999999999,100,4.764359100266968e-05,0.1403103755028622,False
BT-v3,HYB-s0-b200-a0.50,RL-s0-b200-a1.00,0.7,0.7275,-0.02750000000000008,100,0.35659317867660345,1.0,False
BT-v3,HYB-s0-b200-a0.50,RL-s0-b300-a1.00,0.7,0.7375,-0.03750000000000009,100,0.18056486837781782,1.0,False
BT-v3,HYB-s0-b200-a0.50,RL-s1-b100-a1.00,0.7,0.7475,-0.0475000000000001,100,0.12819422562447133,1.0,False
BT-v3,HYB-s0-b200-a0.50,RL-s1-b200-a1.00,0.7,0.77,-0.07000000000000006,100,0.01566866801073461,1.0,False
BT-v3,HYB-s0-b200-a0.50,RL-s1-b300-a1.00,0.7,0.79,-0.09000000000000008,100,0.0023844412549331676,1.0,False
BT-v3,HYB-s0-b200-a0.50,RL-s2-b100-a1.00,0.7,0.7475,-0.0475000000000001,100,0.0809278499794791,1.0,False
BT-v3,HYB-s0-b200-a0.50,RL-s2-b200-a1.00,0.7,0.735,-0.03500000000000003,100,0.37529659163879225,1.0,False
BT-v3,HYB-s0-b200-a0.50,RL-s2-b300-a1.00,0.7,0.7525,-0.05249999999999999,100,0.08120013583379779,1.0,False
BT-v3,HYB-s0-b200-a0.50,RL-s3-b100-a1.00,0.7,0.5925,0.10749999999999993,100,0.0013730971254929997,1.0,False
BT-v3,HYB-s0-b200-a0.50,RL-s3-b200-a1.00,0.7,0.73,-0.030000000000000027,100,0.28180265938982463,1.0,False
BT-v3,HYB-s0-b200-a0.50,RL-s3-b300-a1.00,0.7,0.7475,-0.0475000000000001,100,0.10779873992368852,1.0,False
BT-v3,HYB-s0-b200-a0.50,RL-s4-b100-a1.00,0.7,0.7225,-0.022500000000000075,100,0.4917023262024508,1.0,False
BT-v3,HYB-s0-b200-a0.50,RL-s4-b200-a1.00,0.7,0.8475,-0.14750000000000008,100,6.556708589020273e-07,0.0022417386665860312,True
BT-v3,HYB-s0-b200-a0.50,RL-s4-b300-a1.00,0.7,0.7625,-0.0625,100,0.019958353284657112,1.0,False
BT-v3,HYB-s0-b200-a0.75,HYB-s0-b300-a0.25,0.7525,0.7475,0.004999999999999893,100,0.9193271834504971,1.0,False
BT-v3,HYB-s0-b200-a0.75,HYB-s0-b300-a0.50,0.7525,0.6425,0.10999999999999999,100,2.9408268559875446e-05,0.08860711317090472,False
BT-v3,HYB-s0-b200-a0.75,HYB-s0-b300-a0.75,0.7525,0.7075,0.04499999999999993,100,0.06018445370696696,1.0,False
BT-v3,HYB-s0-b200-a0.75,HYB-s1-b100-a0.25,0.7525,0.835,-0.08250000000000002,100,0.005764308095205536,1.0,False
BT-v3,HYB-s0-b200-a0.75,HYB-s1-b100-a0.50,0.7525,0.8675,-0.1150000000000001,100,0.0001560168872412449,0.43591118295203823,False
BT-v3,HYB-s0-b200-a0.75,HYB-s1-b100-a0.75,0.7525,0.8075,-0.05500000000000005,100,0.06592728151602906,1.0,False
BT-v3,HYB-s0-b200-a0.75,HYB-s1-b200-a0.25,0.7525,0.7925,-0.040000000000000036,100,0.14675535986112892,1.0,False
BT-v3,HYB-s0-b200-a0.75,HYB-s1-b200-a0.50,0.7525,0.7875,-0.03500000000000003,100,0.1621303354681144,1.0,False
BT-v3,HYB-s0-b200-a0.75,HYB-s1-b200-a0.75,0.7525,0.8525,-0.10000000000000009,100,0.00025546077409521734,0.6933205408944199,False
BT-v3,HYB-s0-b200-a0.75,HYB-s1-b300-a0.25,0.7525,0.8025,-0.050000000000000044,100,0.07910703513138505,1.0,False
BT-v3,HYB-s0-b200-a0.75,HYB-s1-b300-a0.50,0.7525,0.7625,-0.010000000000000009,100,0.7126945922590868,1.0,False
BT-v3,HYB-s0-b200-a0.75,HYB-s1-b300-a0.75,0.7525,0.865,-0.11250000000000004,100,2.0882653007116656e-05,0.06385915289576273,False
BT-v3,HYB-s0-b200-a0.75,HYB-s2-b100-a0.25,0.7525,0.8125,-0.06000000000000005,100,0.04456930371684636,1.0,False
BT-v3,HYB-s0-b200-a0.75,HYB-s2-b100-a0.50,0.7525,0.7825,-0.030000000000000027,100,0.304178629927765,1.0,False
BT-v3,HYB-s0-b200-a0.75,HYB-s2-b100-a0.75,0.7525,0.7675,-0.015000000000000013,100,0.4653888175085207,1.0,False
BT-v3,HYB-s0-b200-a0.75,HYB-s2-b200-a0.25,0.7525,0.7275,0.02499999999999991,100,0.30666511292410914,1.0,False
BT-v3,HYB-s0-b200-a0.75,HYB-s2-b200-a0.50,0.7525,0.685,0.0674999999999999,100,0.03292243247304806,1.0,False
BT-v3,HYB-s0-b200-a0.75,HYB-s2-b200-a0.75,0.7525,0.755,-0.0025000000000000577,100,0.6921782648120691,1.0,False
BT-v3,HYB-s0-b200-a0.75,HYB-s2-b300-a0.25,0.7525,0.6675,0.08499999999999996,100,0.0026701904465595873,1.0,False
BT-v3,HYB-s0-b200-a0.75,HYB-s2-b300-a0.50,0.7525,0.6525,0.09999999999999998,100,0.0001992215946105972,0.5500508227198588,False
BT-v3,HYB-s0-b200-a0.75,HYB-s2-b300-a0.75,0.7525,0.68,0.0724999999999999,100,0.02587560672473327,1.0,False
BT-v3,HYB-s0-b200-a0.75,HYB-s3-b100-a0.25,0.7525,0.6425,0.10999999999999999,100,0.0004436742327735971,1.0,False
BT-v3,HYB-s0-b200-a0.75,HYB-s3-b100-a0.50,0.7525,0.6025,0.1499999999999999,100,6.271752671779601e-07,0.0021480752900845134,True
BT-v3,HYB-s0-b200-a0.75,HYB-s3-b100-a0.75,0.7525,0.615,0.13749999999999996,100,3.182329472503708e-05,0.09556535405928636,False
BT-v3,HYB-s0-b200-a0.75,HYB-s3-b200-a0.25,0.7525,0.59,0.16249999999999998,100,9.046924152926872e-07,0.0030641932105963314,True
BT-v3,HYB-s0-b200-a0.75,HYB-s3-b200-a0.50,0.7525,0.57,0.1825,100,4.581576667486869e-09,1.7446643949789995e-05,True
BT-v3,HYB-s0-b200-a0.75,HYB-s3-b200-a0.75,0.7525,0.615,0.13749999999999996,100,1.085553459405817e-06,0.0036539729443599797,True
BT-v3,HYB-s0-b200-a0.75,HYB-s3-b300-a0.25,0.7525,0.74,0.012499999999999956,100,0.7075366810317374,1.0,False
BT-v3,HYB-s0-b200-a0.75,HYB-s3-b300-a0.50,0.7525,0.6425,0.10999999999999999,100,0.0004367169932800888,1.0,False
BT-v3,HYB-s0-b200-a0.75,HYB-s3-b300-a0.75,0.7525,0.695,0.057499999999999996,100,0.06023255099520602,1.0,False
BT-v3,HYB-s0-b200-a0.75,HYB-s4-b100-a0.25,0.7525,0.755,-0.0025000000000000577,100,0.8377914274165708,1.0,False
BT-v3,HYB-s0-b200-a0.75,HYB-s4-b100-a0.50,0.7525,0.765,-0.012500000000000067,100,0.8128139155417291,1.0,False
BT-v3,HYB-s0-b200-a0.75,HYB-s4-b100-a0.75,0.7525,0.7675,-0.015000000000000013,100,0.5086834044685813,1.0,False
BT-v3,HYB-s0-b200-a0.75,HYB-s4-b200-a0.25,0.7525,0.725,0.02749999999999997,100,0.3133389517051548,1.0,False
BT-v3,HYB-s0-b200-a0.75,HYB-s4-b200-a0.50,0.7525,0.7375,0.014999999999999902,100,0.6083184902252592,1.0,False
BT-v3,HYB-s0-b200-a0.75,HYB-s4-b200-a0.75,0.7525,0.82,-0.0675,100,0.003802924784633581,1.0,False
BT-v3,HYB-s0-b200-a0.75,HYB-s4-b300-a0.25,0.7525,0.7125,0.039999999999999925,100,0.1495390254966135,1.0,False
BT-v3,HYB-s0-b200-a0.75,HYB-s4-b300-a0.50,0.7525,0.68,0.0724999999999999,100,0.0024421931724085697,1.0,False
BT-v3,HYB-s0-b200-a0.75,HYB-s4-b300-a0.75,0.7525,0.785,-0.032500000000000084,100,0.07291937522923736,1.0,False
BT-v3,HYB-s0-b200-a0.75,RL-s0-b0-a1.00,0.7525,0.84,-0.08750000000000002,100,0.009059069526670948,1.0,False
BT-v3,HYB-s0-b200-a0.75,RL-s0-b100-a1.00,0.7525,0.815,-0.0625,100,0.018554891662485713,1.0,False
BT-v3,HYB-s0-b200-a0.75,RL-s0-b200-a1.00,0.7525,0.7275,0.02499999999999991,100,0.3953347430308036,1.0,False
BT-v3,HYB-s0-b200-a0.75,RL-s0-b300-a1.00,0.7525,0.7375,0.014999999999999902,100,0.8710691903127432,1.0,False
BT-v3,HYB-s0-b200-a0.75,RL-s1-b100-a1.00,0.7525,0.7475,0.004999999999999893,100,0.8649908456432739,1.0,False
BT-v3,HYB-s0-b200-a0.75,RL-s1-b200-a1.00,0.7525,0.77,-0.01750000000000007,100,0.5135511513622807,1.0,False
BT-v3,HYB-s0-b200-a0.75,RL-s1-b300-a1.00,0.7525,0.79,-0.03750000000000009,100,0.12845318693961305,1.0,False
BT-v3,HYB-s0-b200-a0.75,RL-s2-b100-a1.00,0.7525,0.7475,0.004999999999999893,100,0.8749986722510792,1.0,False
BT-v3,HYB-s0-b200-a0.75,RL-s2-b200-a1.00,0.7525,0.735,0.01749999999999996,100,0.40840505579015074,1.0,False
BT-v3,HYB-s0-b200-a0.75,RL-s2-b300-a1.00,0.7525,0.7525,0.0,100,0.8047337827483272,1.0,False
BT-v3,HYB-s0-b200-a0.75,RL-s3-b100-a1.00,0.7525,0.5925,0.15999999999999992,100,1.235310171832684e-07,0.0004380409869318697,True
BT-v3,HYB-s0-b200-a0.75,RL-s3-b200-a1.00,0.7525,0.73,0.022499999999999964,100,0.7519031223105584,1.0,False
BT-v3,HYB-s0-b200-a0.75,RL-s3-b300-a1.00,0.7525,0.7475,0.004999999999999893,100,0.864717436812499,1.0,False
BT-v3,HYB-s0-b200-a0.75,RL-s4-b100-a1.00,0.7525,0.7225,0.029999999999999916,100,0.26058704009601297,1.0,False
BT-v3,HYB-s0-b200-a0.75,RL-s4-b200-a1.00,0.7525,0.8475,-0.09500000000000008,100,0.0004107430774939964,1.0,False
BT-v3,HYB-s0-b200-a0.75,RL-s4-b300-a1.00,0.7525,0.7625,-0.010000000000000009,100,0.44783472569491034,1.0,False
BT-v3,HYB-s0-b300-a0.25,HYB-s0-b300-a0.50,0.7475,0.6425,0.1050000000000001,100,0.00012413834842195924,0.35093911098887876,False
BT-v3,HYB-s0-b300-a0.25,HYB-s0-b300-a0.75,0.7475,0.7075,0.040000000000000036,100,0.0638955265898307,1.0,False
BT-v3,HYB-s0-b300-a0.25,HYB-s1-b100-a0.25,0.7475,0.835,-0.08749999999999991,100,0.0016032044966682024,1.0,False
BT-v3,HYB-s0-b300-a0.25,HYB-s1-b100-a0.50,0.7475,0.8675,-0.12,100,8.942343537553055e-06,0.02822203620451744,True
BT-v3,HYB-s0-b300-a0.25,HYB-s1-b100-a0.75,0.7475,0.8075,-0.05999999999999994,100,0.03272030784979819,1.0,False
BT-v3,HYB-s0-b300-a0.25,HYB-s1-b200-a0.25,0.7475,0.7925,-0.04499999999999993,100,0.03593204247998247,1.0,False
BT-v3,HYB-s0-b300-a0.25,HYB-s1-b200-a0.50,0.7475,0.7875,-0.039999999999999925,100,0.08109992539220538,1.0,False
BT-v3,HYB-s0-b300-a0.25,HYB-s1-b200-a0.75,0.7475,0.8525,-0.10499999999999998,100,0.000534261078859926,1.0,False
BT-v3,HYB-s0-b300-a0.25,HYB-s1-b300-a0.25,0.7475,0.8025,-0.05499999999999994,100,0.03313873710855765,1.0,False
BT-v3,HYB-s0-b300-a0.25,HYB-s1-b300-a0.50,0.7475,0.7625,-0.014999999999999902,100,0.6987338576454039,1.0,False
BT-v3,HYB-s0-b300-a0.25,HYB-s1-b300-a0.75,0.7475,0.865,-0.11749999999999994,100,3.151093056391018e-05,0.09469034634455008,False
BT-v3,HYB-s0-b300-a0.25,HYB-s2-b100-a0.25,0.7475,0.8125,-0.06499999999999995,100,0.004416994885801041,1.0,False
BT-v3,HYB-s0-b300-a0.25,HYB-s2-b100-a0.50,0.7475,0.7825,-0.03499999999999992,100,0.23170082387743351,1.0,False
BT-v3,HYB-s0-b300-a0.25,HYB-s2-b100-a0.75,0.7475,0.7675,-0.019999999999999907,100,0.6131513946592745,1.0,False
BT-v3,HYB-s0-b300-a0.25,HYB-s2-b200-a0.25,0.7475,0.7275,0.020000000000000018,100,0.35777981963964556,1.0,False
BT-v3,HYB-s0-b300-a0.25,HYB-s2-b200-a0.50,0.7475,0.685,0.0625,100,0.04217111008711943,1.0,False
BT-v3,HYB-s0-b300-a0.25,HYB-s2-b200-a0.75,0.7475,0.755,-0.007499999999999951,100,0.8425799419424748,1.0,False
BT-v3,HYB-s0-b300-a0.25,HYB-s2-b300-a0.25,0.7475,0.6675,0.08000000000000007,100,0.011645296476916927,1.0,False
BT-v3,HYB-s0-b300-a0.25,HYB-s2-b300-a0.50,0.7475,0.6525,0.09500000000000008,100,0.002380950581093625,1.0,False
BT-v3,HYB-s0-b300-a0.25,HYB-s2-b300-a0.75,0.7475,0.68,0.0675,100,0.04794680937206292,1.0,False
BT-v3,HYB-s0-b300-a0.25,HYB-s3-b100-a0.25,0.7475,0.6425,0.1050000000000001,100,0.000256931757290363,0.6967989257714645,False
BT-v3,HYB-s0-b300-a0.25,HYB-s3-b100-a0.50,0.7475,0.6025,0.14500000000000002,100,5.698637138174161e-06,0.01830972112495358,True
BT-v3,HYB-s0-b300-a0.25,HYB-s3-b100-a0.75,0.7475,0.615,0.13250000000000006,100,7.610451306428207e-05,0.2203225653210966,False
BT-v3,HYB-s0-b300-a0.25,HYB-s3-b200-a0.25,0.7475,0.59,0.15750000000000008,100,1.7168416156393262e-06,0.005693046797460005,True
BT-v3,HYB-s0-b300-a0.25,HYB-s3-b200-a0.50,0.7475,0.57,0.1775000000000001,100,4.323167072513224e-08,0.00015723358642730597,True
BT-v3,HYB-s0-b300-a0.25,HYB-s3-b200-a0.75,0.7475,0.615,0.13250000000000006,100,4.137833989808377e-05,0.12281091281751262,False
BT-v3,HYB-s0-b300-a0.25,HYB-s3-b300-a0.25,0.7475,0.74,0.007500000000000062,100,0.8768802428689507,1.0,False
BT-v3,HYB-s0-b300-a0.25,HYB-s3-b300-a0.50,0.7475,0.6425,0.1050000000000001,100,0.0006876688316756489,1.0,False
BT-v3,HYB-s0-b300-a0.25,HYB-s3-b300-a0.75,0.7475,0.695,0.0525000000000001,100,0.051123030470203695,1.0,False
BT-v3,HYB-s0-b300-a0.25,HYB-s4-b100-a0.25,0.7475,0.755,-0.007499999999999951,100,0.772083207725196,1.0,False
BT-v3,HYB-s0-b300-a0.25,HYB-s4-b100-a0.50,0.7475,0.765,-0.01749999999999996,100,0.7667175139150356,1.0,False
BT-v3,HYB-s0-b300-a0.25,HYB-s4-b100-a0.75,0.7475,0.7675,-0.019999999999999907,100,0.586975123019188,1.0,False
BT-v3,HYB-s0-b300-a0.25,HYB-s4-b200-a0.25,0.7475,0.725,0.022500000000000075,100,0.5209836845556866,1.0,False
BT-v3,HYB-s0-b300-a0.25,HYB-s4-b200-a0.50,0.7475,0.7375,0.010000000000000009,100,0.7133508631380485,1.0,False
BT-v3,HYB-s0-b300-a0.25,HYB-s4-b200-a0.75,0.7475,0.82,-0.0724999999999999,100,0.045545990483536525,1.0,False
BT-v3,HYB-s0-b300-a0.25,HYB-s4-b300-a0.25,0.7475,0.7125,0.03500000000000003,100,0.18828810373517446,1.0,False
BT-v3,HYB-s0-b300-a0.25,HYB-s4-b300-a0.50,0.7475,0.68,0.0675,100,0.011717464259450831,1.0,False
BT-v3,HYB-s0-b300-a0.25,HYB-s4-b300-a0.75,0.7475,0.785,-0.03749999999999998,100,0.34532234010799967,1.0,False
BT-v3,HYB-s0-b300-a0.25,RL-s0-b0-a1.00,0.7475,0.84,-0.09249999999999992,100,0.005634869016101275,1.0,False
BT-v3,HYB-s0-b300-a0.25,RL-s0-b100-a1.00,0.7475,0.815,-0.0674999999999999,100,0.033198595947790864,1.0,False
BT-v3,HYB-s0-b300-a0.25,RL-s0-b200-a1.00,0.7475,0.7275,0.020000000000000018,100,0.4227516568510553,1.0,False
BT-v3,HYB-s0-b300-a0.25,RL-s0-b300-a1.00,0.7475,0.7375,0.010000000000000009,100,0.8623992965666923,1.0,False
BT-v3,HYB-s0-b300-a0.25,RL-s1-b100-a1.00,0.7475,0.7475,0.0,100,0.8748981784639819,1.0,False
BT-v3,HYB-s0-b300-a0.25,RL-s1-b200-a1.00,0.7475,0.77,-0.022499999999999964,100,0.4345276800902358,1.0,False
BT-v3,HYB-s0-b300-a0.25,RL-s1-b300-a1.00,0.7475,0.79,-0.04249999999999998,100,0.10395563660907066,1.0,False
BT-v3,HYB-s0-b300-a0.25,RL-s2-b100-a1.00,0.7475,0.7475,0.0,100,0.9538844083515697,1.0,False
BT-v3,HYB-s0-b300-a0.25,RL-s2-b200-a1.00,0.7475,0.735,0.012500000000000067,100,0.7567419290440722,1.0,False
BT-v3,HYB-s0-b300-a0.25,RL-s2-b300-a1.00,0.7475,0.7525,-0.004999999999999893,100,0.6235110431451454,1.0,False
BT-v3,HYB-s0-b300-a0.25,RL-s3-b100-a1.00,0.7475,0.5925,0.15500000000000003,100,6.685880075914893e-06,0.021327957442168508,True
BT-v3,HYB-s0-b300-a0.25,RL-s3-b200-a1.00,0.7475,0.73,0.01750000000000007,100,0.6367188166034174,1.0,False
BT-v3,HYB-s0-b300-a0.25,RL-s3-b300-a1.00,0.7475,0.7475,0.0,100,0.8918033018822894,1.0,False
BT-v3,HYB-s0-b300-a0.25,RL-s4-b100-a1.00,0.7475,0.7225,0.025000000000000022,100,0.3921230749445811,1.0,False
BT-v3,HYB-s0-b300-a0.25,RL-s4-b200-a1.00,0.7475,0.8475,-0.09999999999999998,100,0.003914065746419222,1.0,False
BT-v3,HYB-s0-b300-a0.25,RL-s4-b300-a1.00,0.7475,0.7625,-0.014999999999999902,100,0.7402183941041631,1.0,False
BT-v3,HYB-s0-b300-a0.50,HYB-s0-b300-a0.75,0.6425,0.7075,-0.06500000000000006,100,0.005523849169239857,1.0,False
BT-v3,HYB-s0-b300-a0.50,HYB-s1-b100-a0.25,0.6425,0.835,-0.1925,100,4.371706544118517e-08,0.0001588240987478257,True
BT-v3,HYB-s0-b300-a0.50,HYB-s1-b100-a0.50,0.6425,0.8675,-0.2250000000000001,100,1.107300739696308e-09,4.315150982596512e-06,True
BT-v3,HYB-s0-b300-a0.50,HYB-s1-b100-a0.75,0.6425,0.8075,-0.16500000000000004,100,1.0782995733018976e-07,0.0003839824780528057,True
BT-v3,HYB-s0-b300-a0.50,HYB-s1-b200-a0.25,0.6425,0.7925,-0.15000000000000002,100,1.0112759640461383e-06,0.0034120451026916705,True
BT-v3,HYB-s0-b300-a0.50,HYB-s1-b200-a0.50,0.6425,0.7875,-0.14500000000000002,100,4.763531240198281e-06,0.015390969437080647,True
BT-v3,HYB-s0-b300-a0.50,HYB-s1-b200-a0.75,0.6425,0.8525,-0.21000000000000008,100,7.481159064305443e-11,3.007425943850788e-07,True
BT-v3,HYB-s0-b300-a0.50,HYB-s1-b300-a0.25,0.6425,0.8025,-0.16000000000000003,100,1.3086744200270799e-06,0.0043801332838306365,True
BT-v3,HYB-s0-b300-a0.50,HYB-s1-b300-a0.50,0.6425,0.7625,-0.12,100,0.00020000600433877375,0.5518165659706767,False
BT-v3,HYB-s0-b300-a0.50,HYB-s1-b300-a0.75,0.6425,0.865,-0.22250000000000003,100,1.2834935874151218e-10,5.140391817597563e-07,True
BT-v3,HYB-s0-b300-a0.50,HYB-s2-b100-a0.25,0.6425,0.8125,-0.17000000000000004,100,5.771036592117314e-08,0.00020850755207319855,True
BT-v3,HYB-s0-b300-a0.50,HYB-s2-b100-a0.50,0.6425,0.7825,-0.14,100,1.438034425242784e-06,0.004795844808184685,True
BT-v3,HYB-s0-b300-a0.50,HYB-s2-b100-a0.75,0.6425,0.7675,-0.125,100,7.030631105132477e-06,0.02236443754542641,True
BT-v3,HYB-s0-b300-a0.50,HYB-s2-b200-a0.25,0.6425,0.7275,-0.08500000000000008,100,0.003116772405610199,1.0,False
BT-v3,HYB-s0-b300-a0.50,HYB-s2-b200-a0.50,0.6425,0.685,-0.04250000000000009,100,0.14701385155235325,1.0,False
BT-v3,HYB-s0-b300-a0.50,HYB-s2-b200-a0.75,0.6425,0.755,-0.11250000000000004,100,7.827613678043245e-05,0.22621803529544976,False
BT-v3,HYB-s0-b300-a0.50,HYB-s2-b300-a0.25,0.6425,0.6675,-0.025000000000000022,100,0.4575125838920422,1.0,False
BT-v3,HYB-s0-b300-a0.50,HYB-s2-b300-a0.50,0.6425,0.6525,-0.010000000000000009,100,0.8003980068911353,1.0,False
BT-v3,HYB-s0-b300-a0.50,HYB-s2-b300-a0.75,0.6425,0.68,-0.03750000000000009,100,0.16440769828162505,1.0,False
BT-v3,HYB-s0-b300-a0.50,HYB-s3-b100-a0.25,0.6425,0.6425,0.0,100,0.9818267899971893,1.0,False
BT-v3,HYB-s0-b300-a0.50,HYB-s3-b100-a0.50,0.6425,0.6025,0.039999999999999925,100,0.12493522248993891,1.0,False
BT-v3,HYB-s0-b300-a0.50,HYB-s3-b100-a0.75,0.6425,0.615,0.02749999999999997,100,0.39294036766351226,1.0,False
BT-v3,HYB-s0-b300-a0.50,HYB-s3-b200-a0.25,0.6425,0.59,0.05249999999999999,100,0.07972340813131082,1.0,False
BT-v3,HYB-s0-b300-a0.50,HYB-s3-b200-a0.50,0.6425,0.57,0.07250000000000001,100,0.021385743290579674,1.0,False
BT-v3,HYB-s0-b300-a0.50,HYB-s3-b200-a0.75,0.6425,0.615,0.02749999999999997,100,0.32162076596182354,1.0,False
BT-v3,HYB-s0-b300-a0.50,HYB-s3-b300-a0.25,0.6425,0.74,-0.09750000000000003,100,0.0012310881341955396,1.0,False
BT-v3,HYB-s0-b300-a0.50,HYB-s3-b300-a0.50,0.6425,0.6425,0.0,100,1.0,1.0,False
BT-v3,HYB-s0-b300-a0.50,HYB-s3-b300-a0.75,0.6425,0.695,-0.05249999999999999,100,0.13742831068924097,1.0,False
BT-v3,HYB-s0-b300-a0.50,HYB-s4-b100-a0.25,0.6425,0.755,-0.11250000000000004,100,0.00010369577606039187,0.2963625279806,False
BT-v3,HYB-s0-b300-a0.50,HYB-s4-b100-a0.50,0.6425,0.765,-0.12250000000000005,100,1.0260607364170412e-05,0.0322490889455876,True
BT-v3,HYB-s0-b300-a0.50,HYB-s4-b100-a0.75,0.6425,0.7675,-0.125,100,1.161694279883318e-05,0.03632618013195135,True
BT-v3,HYB-s0-b300-a0.50,HYB-s4-b200-a0.25,0.6425,0.725,-0.08250000000000002,100,0.004670237312740327,1.0,False
BT-v3,HYB-s0-b300-a0.50,HYB-s4-b200-a0.50,0.6425,0.7375,-0.09500000000000008,100,0.004707713901936734,1.0,False
BT-v3,HYB-s0-b300-a0.50,HYB-s4-b200-a0.75,0.6425,0.82,-0.1775,100,4.3327402021761756e-08,0.00015749510634910398,True
BT-v3,HYB-s0-b300-a0.50,HYB-s4-b300-a0.25,0.6425,0.7125,-0.07000000000000006,100,0.022908722968075588,1.0,False
BT-v3,HYB-s0-b300-a0.50,HYB-s4-b300-a0.50,0.6425,0.68,-0.03750000000000009,100,0.25663461261455267,1.0,False
BT-v3,HYB-s0-b300-a0.50,HYB-s4-b300-a0.75,0.6425,0.785,-0.14250000000000007,100,3.5792541413412467e-07,0.0012402115599747419,True
BT-v3,HYB-s0-b300-a0.50,RL-s0-b0-a1.00,0.6425,0.84,-0.1975,100,8.94283251136719e-08,0.00031970626228137707,True
BT-v3,HYB-s0-b300-a0.50,RL-s0-b100-a1.00,0.6425,0.815,-0.1725,100,6.244377087062784e-08,0.00022504735021774275,True
BT-v3,HYB-s0-b300-a0.50,RL-s0-b200-a1.00,0.6425,0.7275,-0.08500000000000008,100,0.0011298575511917205,1.0,False
BT-v3,HYB-s0-b300-a0.50,RL-s0-b300-a1.00,0.6425,0.7375,-0.09500000000000008,100,0.0010014279957760801,1.0,False
BT-v3,HYB-s0-b300-a0.50,RL-s1-b100-a1.00,0.6425,0.7475,-0.1050000000000001,100,0.00031719920906954634,0.8529486731880102,False
BT-v3,HYB-s0-b300-a0.50,RL-s1-b200-a1.00,0.6425,0.77,-0.12750000000000006,100,2.9372369411811365e-05,0.08852832140719945,False
BT-v3,HYB-s0-b300-a0.50,RL-s1-b300-a1.00,0.6425,0.79,-0.14750000000000008,100,7.814772750432477e-06,0.024780644391621386,True
BT-v3,HYB-s0-b300-a0.50,RL-s2-b100-a1.00,0.6425,0.7475,-0.1050000000000001,100,0.00047530814698987673,1.0,False
BT-v3,HYB-s0-b300-a0.50,RL-s2-b200-a1.00,0.6425,0.735,-0.09250000000000003,100,0.001726702400913897,1.0,False
BT-v3,HYB-s0-b300-a0.50,RL-s2-b300-a1.00,0.6425,0.7525,-0.10999999999999999,100,0.00048406981551636673,1.0,False
BT-v3,HYB-s0-b300-a0.50,RL-s3-b100-a1.00,0.6425,0.5925,0.04999999999999993,100,0.09622521948636432,1.0,False
BT-v3,HYB-s0-b300-a0.50,RL-s3-b200-a1.00,0.6425,0.73,-0.08750000000000002,100,0.003945568617099838,1.0,False
BT-v3,HYB-s0-b300-a0.50,RL-s3-b300-a1.00,0.6425,0.7475,-0.1050000000000001,100,0.000499916488963887,1.0,False
BT-v3,HYB-s0-b300-a0.50,RL-s4-b100-a1.00,0.6425,0.7225,-0.08000000000000007,100,0.005756041667462659,1.0,False
BT-v3,HYB-s0-b300-a0.50,RL-s4-b200-a1.00,0.6425,0.8475,-0.20500000000000007,100,1.7947351428845178e-09,6.951009208391737e-06,True
BT-v3,HYB-s0-b300-a0.50,RL-s4-b300-a1.00,0.6425,0.7625,-0.12,100,5.8420429340663844e-05,0.17070449453341976,False
BT-v3,HYB-s0-b300-a0.75,HYB-s1-b100-a0.25,0.7075,0.835,-0.12749999999999995,100,2.5314263520567294e-05,0.07680347552140117,False
BT-v3,HYB-s0-b300-a0.75,HYB-s1-b100-a0.50,0.7075,0.8675,-0.16000000000000003,100,4.839445550932038e-07,0.0016638013804104346,True
BT-v3,HYB-s0-b300-a0.75,HYB-s1-b100-a0.75,0.7075,0.8075,-0.09999999999999998,100,0.0004413728635823051,1.0,False
BT-v3,HYB-s0-b300-a0.75,HYB-s1-b200-a0.25,0.7075,0.7925,-0.08499999999999996,100,0.004204455929588883,1.0,False
BT-v3,HYB-s0-b300-a0.75,HYB-s1-b200-a0.50,0.7075,0.7875,-0.07999999999999996,100,0.004762038780637049,1.0,False
BT-v3,HYB-s0-b300-a0.75,HYB-s1-b200-a0.75,0.7075,0.8525,-0.14500000000000002,100,9.201209099660172e-07,0.0031155294011449342,True
BT-v3,HYB-s0-b300-a0.75,HYB-s1-b300-a0.25,0.7075,0.8025,-0.09499999999999997,100,0.0014284256972322007,1.0,False
BT-v3,HYB-s0-b300-a0.75,HYB-s1-b300-a0.50,0.7075,0.7625,-0.05499999999999994,100,0.060069089474960334,1.0,False
BT-v3,HYB-s0-b300-a0.75,HYB-s1-b300-a0.75,0.7075,0.865,-0.15749999999999997,100,2.01164944698873e-08,7.443102953858301e-05,True
BT-v3,HYB-s0-b300-a0.75,HYB-s2-b100-a0.25,0.7075,0.8125,-0.10499999999999998,100,0.00031128718303852346,0.8376738095566666,False
BT-v3,HYB-s0-b300-a0.75,HYB-s2-b100-a0.50,0.7075,0.7825,-0.07499999999999996,100,0.005569365259769345,1.0,False
BT-v3,HYB-s0-b300-a0.75,HYB-s2-b100-a0.75,0.7075,0.7675,-0.05999999999999994,100,0.014626924024994888,1.0,False
BT-v3,HYB-s0-b300-a0.75,HYB-s2-b200-a0.25,0.7075,0.7275,-0.020000000000000018,100,0.6284805450632637,1.0,False
BT-v3,HYB-s0-b300-a0.75,HYB-s2-b200-a0.50,0.7075,0.685,0.022499999999999964,100,0.5305047271945731,1.0,False
BT-v3,HYB-s0-b300-a0.75,HYB-s2-b200-a0.75,0.7075,0.755,-0.04749999999999999,100,0.09514944258050333,1.0,False
BT-v3,HYB-s0-b300-a0.75,HYB-s2-b300-a0.25,0.7075,0.6675,0.040000000000000036,100,0.12998008639036684,1.0,False
BT-v3,HYB-s0-b300-a0.75,HYB-s2-b300-a0.50,0.7075,0.6525,0.05500000000000005,100,0.027721761878209086,1.0,False
BT-v3,HYB-s0-b300-a0.75,HYB-s2-b300-a0.75,0.7075,0.68,0.02749999999999997,100,0.2669957376896579,1.0,False
BT-v3,HYB-s0-b300-a0.75,HYB-s3-b100-a0.25,0.7075,0.6425,0.06500000000000006,100,0.027417790976681566,1.0,False
BT-v3,HYB-s0-b300-a0.75,HYB-s3-b100-a0.50,0.7075,0.6025,0.10499999999999998,100,6.277312679563288e-05,0.18323475711645237,False
BT-v3,HYB-s0-b300-a0.75,HYB-s3-b100-a0.75,0.7075,0.615,0.09250000000000003,100,0.0005765571886008165,1.0,False
BT-v3,HYB-s0-b300-a0.75,HYB-s3-b200-a0.25,0.7075,0.59,0.11750000000000005,100,4.176920341049765e-05,0.12388745731553603,False
BT-v3,HYB-s0-b300-a0.75,HYB-s3-b200-a0.50,0.7075,0.57,0.13750000000000007,100,1.6573162279492657e-06,0.005502289876791562,True
BT-v3,HYB-s0-b300-a0.75,HYB-s3-b200-a0.75,0.7075,0.615,0.09250000000000003,100,0.00034304157495082576,0.9179792545684097,False
BT-v3,HYB-s0-b300-a0.75,HYB-s3-b300-a0.25,0.7075,0.74,-0.03249999999999997,100,0.2371982794754095,1.0,False
BT-v3,HYB-s0-b300-a0.75,HYB-s3-b300-a0.50,0.7075,0.6425,0.06500000000000006,100,0.01065632007435149,1.0,False
BT-v3,HYB-s0-b300-a0.75,HYB-s3-b300-a0.75,0.7075,0.695,0.012500000000000067,100,0.43851945518208735,1.0,False
BT-v3,HYB-s0-b300-a0.75,HYB-s4-b100-a0.25,0.7075,0.755,-0.04749999999999999,100,0.12042132864154892,1.0,False
BT-v3,HYB-s0-b300-a0.75,HYB-s4-b100-a0.50,0.7075,0.765,-0.057499999999999996,100,0.0360525178120102,1.0,False
BT-v3,HYB-s0-b300-a0.75,HYB-s4-b100-a0.75,0.7075,0.7675,-0.05999999999999994,100,0.029616050129176424,1.0,False
BT-v3,HYB-s0-b300-a0.75,HYB-s4-b200-a0.25,0.7075,0.725,-0.01749999999999996,100,0.6935828834915687,1.0,False
BT-v3,HYB-s0-b300-a0.75,HYB-s4-b200-a0.50,0.7075,0.7375,-0.030000000000000027,100,0.4094559191309053,1.0,False
BT-v3,HYB-s0-b300-a0.75,HYB-s4-b200-a0.75,0.7075,0.82,-0.11249999999999993,100,2.4647405915562332e-05,0.07487881917147836,False
BT-v3,HYB-s0-b300-a0.75,HYB-s4-b300-a0.25,0.7075,0.7125,-0.0050000000000000044,100,0.8851938139507046,1.0,False
BT-v3,HYB-s0-b300-a0.75,HYB-s4-b300-a0.50,0.7075,0.68,0.02749999999999997,100,0.21978351198810264,1.0,False
BT-v3,HYB-s0-b300-a0.75,HYB-s4-b300-a0.75,0.7075,0.785,-0.07750000000000001,100,0.002924643088398491,1.0,False
BT-v3,HYB-s0-b300-a0.75,RL-s0-b0-a1.00,0.7075,0.84,-0.13249999999999995,100,6.649436008373574e-05,0.19369807092392222,False
BT-v3,HYB-s0-b300-a0.75,RL-s0-b100-a1.00,0.7075,0.815,-0.10749999999999993,100,0.000332061562404412,0.8905891103686331,False
BT-v3,HYB-s0-b300-a0.75,RL-s0-b200-a1.00,0.7075,0.7275,-0.020000000000000018,100,0.6986709118963643,1.0,False
BT-v3,HYB-s0-b300-a0.75,RL-s0-b300-a1.00,0.7075,0.7375,-0.030000000000000027,100,0.21360261962985327,1.0,False
BT-v3,HYB-s0-b300-a0.75,RL-s1-b100-a1.00,0.7075,0.7475,-0.040000000000000036,100,0.1316112247197277,1.0,False
BT-v3,HYB-s0-b300-a0.75,RL-s1-b200-a1.00,0.7075,0.77,-0.0625,100,0.029264779255877667,1.0,False
BT-v3,HYB-s0-b300-a0.75,RL-s1-b300-a1.00,0.7075,0.79,-0.08250000000000002,100,0.0020411855702914747,1.0,False
BT-v3,HYB-s0-b300-a0.75,RL-s2-b100-a1.00,0.7075,0.7475,-0.040000000000000036,100,0.20246004539687912,1.0,False
BT-v3,HYB-s0-b300-a0.75,RL-s2-b200-a1.00,0.7075,0.735,-0.02749999999999997,100,0.42967393853959035,1.0,False
BT-v3,HYB-s0-b300-a0.75,RL-s2-b300-a1.00,0.7075,0.7525,-0.04499999999999993,100,0.06485566282794157,1.0,False
BT-v3,HYB-s0-b300-a0.75,RL-s3-b100-a1.00,0.7075,0.5925,0.11499999999999999,100,1.663720934504474e-05,0.05147552571356843,False
BT-v3,HYB-s0-b300-a0.75,RL-s3-b200-a1.00,0.7075,0.73,-0.022499999999999964,100,0.20579947095121154,1.0,False
BT-v3,HYB-s0-b300-a0.75,RL-s3-b300-a1.00,0.7075,0.7475,-0.040000000000000036,100,0.08571469914781316,1.0,False
BT-v3,HYB-s0-b300-a0.75,RL-s4-b100-a1.00,0.7075,0.7225,-0.015000000000000013,100,0.5505955476751012,1.0,False
BT-v3,HYB-s0-b300-a0.75,RL-s4-b200-a1.00,0.7075,0.8475,-0.14,100,5.720423690308156e-06,0.018374000893269796,True
BT-v3,HYB-s0-b300-a0.75,RL-s4-b300-a1.00,0.7075,0.7625,-0.05499999999999994,100,0.05393866542594455,1.0,False
BT-v3,HYB-s1-b100-a0.25,HYB-s1-b100-a0.50,0.835,0.8675,-0.032500000000000084,100,0.13280291888918436,1.0,False
BT-v3,HYB-s1-b100-a0.25,HYB-s1-b100-a0.75,0.835,0.8075,0.02749999999999997,100,0.2648862090673263,1.0,False
BT-v3,HYB-s1-b100-a0.25,HYB-s1-b200-a0.25,0.835,0.7925,0.04249999999999998,100,0.12060809892317907,1.0,False
BT-v3,HYB-s1-b100-a0.25,HYB-s1-b200-a0.50,0.835,0.7875,0.04749999999999999,100,0.07807279706093961,1.0,False
BT-v3,HYB-s1-b100-a0.25,HYB-s1-b200-a0.75,0.835,0.8525,-0.01750000000000007,100,0.7387996920608659,1.0,False
BT-v3,HYB-s1-b100-a0.25,HYB-s1-b300-a0.25,0.835,0.8025,0.03249999999999997,100,0.24694987102115673,1.0,False
BT-v3,HYB-s1-b100-a0.25,HYB-s1-b300-a0.50,0.835,0.7625,0.07250000000000001,100,0.022024876351656952,1.0,False
BT-v3,HYB-s1-b100-a0.25,HYB-s1-b300-a0.75,0.835,0.865,-0.030000000000000027,100,0.3066540352533822,1.0,False
BT-v3,HYB-s1-b100-a0.25,HYB-s2-b100-a0.25,0.835,0.8125,0.022499999999999964,100,0.4024187104106277,1.0,False
BT-v3,HYB-s1-b100-a0.25,HYB-s2-b100-a0.50,0.835,0.7825,0.05249999999999999,100,0.027025251597345954,1.0,False
BT-v3,HYB-s1-b100-a0.25,HYB-s2-b100-a0.75,0.835,0.7675,0.0675,100,0.02342998093262135,1.0,False
BT-v3,HYB-s1-b100-a0.25,HYB-s2-b200-a0.25,0.835,0.7275,0.10749999999999993,100,0.000306167897143124,0.8245101470064329,False
BT-v3,HYB-s1-b100-a0.25,HYB-s2-b200-a0.50,0.835,0.685,0.1499999999999999,100,8.820140837135132e-06,0.027854004763672745,True
BT-v3,HYB-s1-b100-a0.25,HYB-s2-b200-a0.75,0.835,0.755,0.07999999999999996,100,0.011180809311252067,1.0,False
BT-v3,HYB-s1-b100-a0.25,HYB-s2-b300-a0.25,0.835,0.6675,0.16749999999999998,100,1.3785297304705167e-06,0.0046056678295019965,True
BT-v3,HYB-s1-b100-a0.25,HYB-s2-b300-a0.50,0.835,0.6525,0.1825,100,1.5539271890176568e-07,0.0005480701195665276,True
BT-v3,HYB-s1-b100-a0.25,HYB-s2-b300-a0.75,0.835,0.68,0.15499999999999992,100,1.3649693258492792e-05,0.04250514480694655,True
BT-v3,HYB-s1-b100-a0.25,HYB-s3-b100-a0.25,0.835,0.6425,0.1925,100,1.9211607609970422e-09,7.434892145058553e-06,True
BT-v3,HYB-s1-b100-a0.25,HYB-s3-b100-a0.50,0.835,0.6025,0.23249999999999993,100,8.509190911864678e-10,3.3330500801773946e-06,True
BT-v3,HYB-s1-b100-a0.25,HYB-s3-b100-a0.75,0.835,0.615,0.21999999999999997,100,9.103029922539724e-09,3.427290765836206e-05,True
BT-v3,HYB-s1-b100-a0.25,HYB-s3-b200-a0.25,0.835,0.59,0.245,100,2.081351478316716e-10,8.29626699257043e-07,True
BT-v3,HYB-s1-b100-a0.25,HYB-s3-b200-a0.50,0.835,0.57,0.265,100,1.2327853981002947e-11,5.0309972096473026e-08,True
BT-v3,HYB-s1-b100-a0.25,HYB-s3-b200-a0.75,0.835,0.615,0.21999999999999997,100,2.792865874694231e-09,1.0735776422324625e-05,True
BT-v3,HYB-s1-b100-a0.25,HYB-s3-b300-a0.25,0.835,0.74,0.09499999999999997,100,0.0005408266654042948,1.0,False
BT-v3,HYB-s1-b100-a0.25,HYB-s3-b300-a0.50,0.835,0.6425,0.1925,100,1.08371464495064e-08,4.0639299185649e-05,True
BT-v3,HYB-s1-b100-a0.25,HYB-s3-b300-a0.75,0.835,0.695,0.14,100,3.5917861878974435e-05,0.10728665343249663,False
BT-v3,HYB-s1-b100-a0.25,HYB-s4-b100-a0.25,0.835,0.755,0.07999999999999996,100,0.006303207245218473,1.0,False
BT-v3,HYB-s1-b100-a0.25,HYB-s4-b100-a0.50,0.835,0.765,0.06999999999999995,100,0.01362410411663216,1.0,False
BT-v3,HYB-s1-b100-a0.25,HYB-s4-b100-a0.75,0.835,0.7675,0.0675,100,0.025899480957299405,1.0,False
BT-v3,HYB-s1-b100-a0.25,HYB-s4-b200-a0.25,0.835,0.725,0.10999999999999999,100,0.0006147552073657653,1.0,False
BT-v3,HYB-s1-b100-a0.25,HYB-s4-b200-a0.50,0.835,0.7375,0.09749999999999992,100,0.009336093173273533,1.0,False
BT-v3,HYB-s1-b100-a0.25,HYB-s4-b200-a0.75,0.835,0.82,0.015000000000000013,100,0.492144295269458,1.0,False
BT-v3,HYB-s1-b100-a0.25,HYB-s4-b300-a0.25,0.835,0.7125,0.12249999999999994,100,2.730698675004726e-05,0.08257632793214292,False
BT-v3,HYB-s1-b100-a0.25,HYB-s4-b300-a0.50,0.835,0.68,0.15499999999999992,100,4.424105110388003e-06,0.014320828242325966,True
BT-v3,HYB-s1-b100-a0.25,HYB-s4-b300-a0.75,0.835,0.785,0.04999999999999993,100,0.0766246902636565,1.0,False
BT-v3,HYB-s1-b100-a0.25,RL-s0-b0-a1.00,0.835,0.84,-0.0050000000000000044,100,0.771270671337887,1.0,False
BT-v3,HYB-s1-b100-a0.25,RL-s0-b100-a1.00,0.835,0.815,0.020000000000000018,100,0.49284900697078726,1.0,False
BT-v3,HYB-s1-b100-a0.25,RL-s0-b200-a1.00,0.835,0.7275,0.10749999999999993,100,0.0010604701969236748,1.0,False
BT-v3,HYB-s1-b100-a0.25,RL-s0-b300-a1.00,0.835,0.7375,0.09749999999999992,100,0.0024182015161806855,1.0,False
BT-v3,HYB-s1-b100-a0.25,RL-s1-b100-a1.00,0.835,0.7475,0.08749999999999991,100,0.005515808249556568,1.0,False
BT-v3,HYB-s1-b100-a0.25,RL-s1-b200-a1.00,0.835,0.77,0.06499999999999995,100,0.054722956926356446,1.0,False
BT-v3,HYB-s1-b100-a0.25,RL-s1-b300-a1.00,0.835,0.79,0.04499999999999993,100,0.12189747791423407,1.0,False
BT-v3,HYB-s1-b100-a0.25,RL-s2-b100-a1.00,0.835,0.7475,0.08749999999999991,100,0.003998912303338247,1.0,False
BT-v3,HYB-s1-b100-a0.25,RL-s2-b200-a1.00,0.835,0.735,0.09999999999999998,100,0.004556818001265499,1.0,False
BT-v3,HYB-s1-b100-a0.25,RL-s2-b300-a1.00,0.835,0.7525,0.08250000000000002,100,0.03240881085800239,1.0,False
BT-v3,HYB-s1-b100-a0.25,RL-s3-b100-a1.00,0.835,0.5925,0.24249999999999994,100,6.944074380686968e-09,2.6255545233377424e-05,True
BT-v3,HYB-s1-b100-a0.25,RL-s3-b200-a1.00,0.835,0.73,0.10499999999999998,100,0.004160492953963442,1.0,False
BT-v3,HYB-s1-b100-a0.25,RL-s3-b300-a1.00,0.835,0.7475,0.08749999999999991,100,0.014649402600292164,1.0,False
BT-v3,HYB-s1-b100-a0.25,RL-s4-b100-a1.00,0.835,0.7225,0.11249999999999993,100,0.0013727265101407802,1.0,False
BT-v3,HYB-s1-b100-a0.25,RL-s4-b200-a1.00,0.835,0.8475,-0.012500000000000067,100,0.6724293057834316,1.0,False
BT-v3,HYB-s1-b100-a0.25,RL-s4-b300-a1.00,0.835,0.7625,0.07250000000000001,100,0.0339063306257252,1.0,False
BT-v3,HYB-s1-b100-a0.50,HYB-s1-b100-a0.75,0.8675,0.8075,0.06000000000000005,100,0.02514154861443733,1.0,False
BT-v3,HYB-s1-b100-a0.50,HYB-s1-b200-a0.25,0.8675,0.7925,0.07500000000000007,100,0.0059002051181858434,1.0,False
BT-v3,HYB-s1-b100-a0.50,HYB-s1-b200-a0.50,0.8675,0.7875,0.08000000000000007,100,0.0019506891798841196,1.0,False
BT-v3,HYB-s1-b100-a0.50,HYB-s1-b200-a0.75,0.8675,0.8525,0.015000000000000013,100,0.3803431971308342,1.0,False
BT-v3,HYB-s1-b100-a0.50,HYB-s1-b300-a0.25,0.8675,0.8025,0.06500000000000006,100,0.005619590305896893,1.0,False
BT-v3,HYB-s1-b100-a0.50,HYB-s1-b300-a0.50,0.8675,0.7625,0.1050000000000001,100,0.00046732918597843236,1.0,False
BT-v3,HYB-s1-b100-a0.50,HYB-s1-b300-a0.75,0.8675,0.865,0.0025000000000000577,100,0.9062548074113839,1.0,False
BT-v3,HYB-s1-b100-a0.50,HYB-s2-b100-a0.25,0.8675,0.8125,0.05500000000000005,100,0.026283233812354447,1.0,False
BT-v3,HYB-s1-b100-a0.50,HYB-s2-b100-a0.50,0.8675,0.7825,0.08500000000000008,100,0.0017494177915314633,1.0,False
BT-v3,HYB-s1-b100-a0.50,HYB-s2-b100-a0.75,0.8675,0.7675,0.10000000000000009,100,0.0007740009583838494,1.0,False
BT-v3,HYB-s1-b100-a0.50,HYB-s2-b200-a0.25,0.8675,0.7275,0.14,100,8.903840344481017e-06,0.02810942396752657,True
BT-v3,HYB-s1-b100-a0.50,HYB-s2-b200-a0.50,0.8675,0.685,0.1825,100,1.524638543470632e-08,5.682327851515046e-05,True
BT-v3,HYB-s1-b100-a0.50,HYB-s2-b200-a0.75,0.8675,0.755,0.11250000000000004,100,0.00042323919865883803,1.0,False
BT-v3,HYB-s1-b100-a0.50,HYB-s2-b300-a0.25,0.8675,0.6675,0.20000000000000007,100,1.09736205635346e-09,4.278614657722141e-06,True
BT-v3,HYB-s1-b100-a0.50,HYB-s2-b300-a0.50,0.8675,0.6525,0.21500000000000008,100,3.973477734195278e-10,1.5734971827413302e-06,True
BT-v3,HYB-s1-b100-a0.50,HYB-s2-b300-a0.75,0.8675,0.68,0.1875,100,2.0684025440432052e-07,0.0007249750916871434,True
BT-v3,HYB-s1-b100-a0.50,HYB-s3-b100-a0.25,0.8675,0.6425,0.2250000000000001,100,1.8754823929245535e-11,7.627586892024159e-08,True
BT-v3,HYB-s1-b100-a0.50,HYB-s3-b100-a0.50,0.8675,0.6025,0.265,100,4.6123840761157735e-12,1.898918524136864e-08,True
BT-v3,HYB-s1-b100-a0.50,HYB-s3-b100-a0.75,0.8675,0.615,0.25250000000000006,100,2.0132313928626032e-10,8.026753563343199e-07,True
BT-v3,HYB-s1-b100-a0.50,HYB-s3-b200-a0.25,0.8675,0.59,0.2775000000000001,100,4.4745160093755726e-14,1.8797441755386782e-10,True
BT-v3,HYB-s1-b100-a0.50,HYB-s3-b200-a0.50,0.8675,0.57,0.2975000000000001,100,3.9062675151508276e-14,1.6425854901209231e-10,True
BT-v3,HYB-s1-b100-a0.50,HYB-s3-b200-a0.75,0.8675,0.615,0.25250000000000006,100,2.7038656914644704e-11,1.0964175378888428e-07,True
BT-v3,HYB-s1-b100-a0.50,HYB-s3-b300-a0.25,0.8675,0.74,0.12750000000000006,100,2.8437628978908235e-05,0.08582476425834505,False
BT-v3,HYB-s1-b100-a0.50,HYB-s3-b300-a0.50,0.8675,0.6425,0.2250000000000001,100,4.41153510944563e-11,1.7844659517707573e-07,True
BT-v3,HYB-s1-b100-a0.50,HYB-s3-b300-a0.75,0.8675,0.695,0.1725000000000001,100,2.451274422379121e-08,9.025592423199924e-05,True
BT-v3,HYB-s1-b100-a0.50,HYB-s4-b100-a0.25,0.8675,0.755,0.11250000000000004,100,5.5996915239681586e-05,0.16379097707606863,False
BT-v3,HYB-s1-b100-a0.50,HYB-s4-b100-a0.50,0.8675,0.765,0.10250000000000004,100,0.0009750646525164851,1.0,False
BT-v3,HYB-s1-b100-a0.50,HYB-s4-b100-a0.75,0.8675,0.7675,0.10000000000000009,100,0.00039045270123198644,1.0,False
BT-v3,HYB-s1-b100-a0.50,HYB-s4-b200-a0.25,0.8675,0.725,0.14250000000000007,100,9.110960435328934e-06,0.02873596921302746,True
BT-v3,HYB-s1-b100-a0.50,HYB-s4-b200-a0.50,0.8675,0.7375,0.13,100,0.0001410777787560687,0.39642855830455304,False
BT-v3,HYB-s1-b100-a0.50,HYB-s4-b200-a0.75,0.8675,0.82,0.0475000000000001,100,0.140824124347191,1.0,False
BT-v3,HYB-s1-b100-a0.50,HYB-s4-b300-a0.25,0.8675,0.7125,0.15500000000000003,100,1.1100987877197529e-07,0.00039489289754391504,True
BT-v3,HYB-s1-b100-a0.50,HYB-s4-b300-a0.50,0.8675,0.68,0.1875,100,1.3363682897706688e-08,4.9926719305832185e-05,True
BT-v3,HYB-s1-b100-a0.50,HYB-s4-b300-a0.75,0.8675,0.785,0.08250000000000002,100,0.005404544396857746,1.0,False
BT-v3,HYB-s1-b100-a0.50,RL-s0-b0-a1.00,0.8675,0.84,0.02750000000000008,100,0.22218845792592323,1.0,False
BT-v3,HYB-s1-b100-a0.50,RL-s0-b100-a1.00,0.8675,0.815,0.0525000000000001,100,0.10028033480556436,1.0,False
BT-v3,HYB-s1-b100-a0.50,RL-s0-b200-a1.00,0.8675,0.7275,0.14,100,3.5600005666198635e-05,0.10637281693060152,False
BT-v3,HYB-s1-b100-a0.50,RL-s0-b300-a1.00,0.8675,0.7375,0.13,100,2.8359323458850857e-05,0.08561679752227074,False
BT-v3,HYB-s1-b100-a0.50,RL-s1-b100-a1.00,0.8675,0.7475,0.12,100,7.020142006380716e-05,0.2041457295455512,False
BT-v3,HYB-s1-b100-a0.50,RL-s1-b200-a1.00,0.8675,0.77,0.09750000000000003,100,0.003762186786319019,1.0,False
BT-v3,HYB-s1-b100-a0.50,RL-s1-b300-a1.00,0.8675,0.79,0.07750000000000001,100,0.006961231841026168,1.0,False
BT-v3,HYB-s1-b100-a0.50,RL-s2-b100-a1.00,0.8675,0.7475,0.12,100,0.00015867233877098943,0.44285449750983147,False
BT-v3,HYB-s1-b100-a0.50,RL-s2-b200-a1.00,0.8675,0.735,0.13250000000000006,100,0.00041038572473536106,1.0,False
BT-v3,HYB-s1-b100-a0.50,RL-s2-b300-a1.00,0.8675,0.7525,0.1150000000000001,100,0.0015936026748327157,1.0,False
BT-v3,HYB-s1-b100-a0.50,RL-s3-b100-a1.00,0.8675,0.5925,0.275,100,1.7477451878659173e-11,7.116818404990015e-08,True
BT-v3,HYB-s1-b100-a0.50,RL-s3-b200-a1.00,0.8675,0.73,0.13750000000000007,100,0.00020170505514566402,0.5563025420917413,False
BT-v3,HYB-s1-b100-a0.50,RL-s3-b300-a1.00,0.8675,0.7475,0.12,100,0.00043821990216487736,1.0,False
BT-v3,HYB-s1-b100-a0.50,RL-s4-b100-a1.00,0.8675,0.7225,0.14500000000000002,100,2.9079637043617616e-05,0.08770418532355073,False
BT-v3,HYB-s1-b100-a0.50,RL-s4-b200-a1.00,0.8675,0.8475,0.020000000000000018,100,0.6054865907775457,1.0,False
BT-v3,HYB-s1-b100-a0.50,RL-s4-b300-a1.00,0.8675,0.7625,0.1050000000000001,100,0.002507500867914549,1.0,False
BT-v3,HYB-s1-b100-a0.75,HYB-s1-b200-a0.25,0.8075,0.7925,0.015000000000000013,100,0.5739768655652855,1.0,False
BT-v3,HYB-s1-b100-a0.75,HYB-s1-b200-a0.50,0.8075,0.7875,0.020000000000000018,100,0.4588905730848071,1.0,False
BT-v3,HYB-s1-b100-a0.75,HYB-s1-b200-a0.75,0.8075,0.8525,-0.04500000000000004,100,0.07339676670587164,1.0,False
BT-v3,HYB-s1-b100-a0.75,HYB-s1-b300-a0.25,0.8075,0.8025,0.0050000000000000044,100,0.9011069975183152,1.0,False
BT-v3,HYB-s1-b100-a0.75,HYB-s1-b300-a0.50,0.8075,0.7625,0.04500000000000004,100,0.13492823280513633,1.0,False
BT-v3,HYB-s1-b100-a0.75,HYB-s1-b300-a0.75,0.8075,0.865,-0.057499999999999996,100,0.02360128094379322,1.0,False
BT-v3,HYB-s1-b100-a0.75,HYB-s2-b100-a0.25,0.8075,0.8125,-0.0050000000000000044,100,0.7208587623550544,1.0,False
BT-v3,HYB-s1-b100-a0.75,HYB-s2-b100-a0.50,0.8075,0.7825,0.025000000000000022,100,0.23358168567518467,1.0,False
BT-v3,HYB-s1-b100-a0.75,HYB-s2-b100-a0.75,0.8075,0.7675,0.040000000000000036,100,0.17963501149685335,1.0,False
BT-v3,HYB-s1-b100-a0.75,HYB-s2-b200-a0.25,0.8075,0.7275,0.07999999999999996,100,0.006633313480368226,1.0,False
BT-v3,HYB-s1-b100-a0.75,HYB-s2-b200-a0.50,0.8075,0.685,0.12249999999999994,100,7.141009531701366e-05,0.20744632689592468,False
BT-v3,HYB-s1-b100-a0.75,HYB-s2-b200-a0.75,0.8075,0.755,0.05249999999999999,100,0.09605365234097507,1.0,False
BT-v3,HYB-s1-b100-a0.75,HYB-s2-b300-a0.25,0.8075,0.6675,0.14,100,2.2405075539437867e-05,0.06826826516866719,False
BT-v3,HYB-s1-b100-a0.75,HYB-s2-b300-a0.50,0.8075,0.6525,0.15500000000000003,100,2.8843592102695485e-07,0.0010049107488579107,True
BT-v3,HYB-s1-b100-a0.75,HYB-s2-b300-a0.75,0.8075,0.68,0.12749999999999995,100,0.0001456678397837183,0.4083069549137624,False
BT-v3,HYB-s1-b100-a0.75,HYB-s3-b100-a0.25,0.8075,0.6425,0.16500000000000004,100,1.802906999508303e-07,0.0006344429731269718,True
BT-v3,HYB-s1-b100-a0.75,HYB-s3-b100-a0.50,0.8075,0.6025,0.20499999999999996,100,9.517189532537375e-09,3.5784632642340534e-05,True
BT-v3,HYB-s1-b100-a0.75,HYB-s3-b100-a0.75,0.8075,0.615,0.1925,100,7.894325101051511e-08,0.00028324838462572824,True
BT-v3,HYB-s1-b100-a0.75,HYB-s3-b200-a0.25,0.8075,0.59,0.21750000000000003,100,2.593853615777726e-10,1.0320943537179572e-06,True
BT-v3,HYB-s1-b100-a0.75,HYB-s3-b200-a0.50,0.8075,0.57,0.23750000000000004,100,1.2750119609506261e-11,5.202048800678554e-08,True
BT-v3,HYB-s1-b100-a0.75,HYB-s3-b200-a0.75,0.8075,0.615,0.1925,100,1.3990948406500517e-09,5.438281645606751e-06,True
BT-v3,HYB-s1-b100-a0.75,HYB-s3-b300-a0.25,0.8075,0.74,0.0675,100,0.029956603550846356,1.0,False
BT-v3,HYB-s1-b100-a0.75,HYB-s3-b300-a0.50,0.8075,0.6425,0.16500000000000004,100,1.3728170575687742e-07,0.00048611452008510297,True
BT-v3,HYB-s1-b100-a0.75,HYB-s3-b300-a0.75,0.8075,0.695,0.11250000000000004,100,7.14242342841697e-05,0.20744632689592468,False
BT-v3,HYB-s1-b100-a0.75,HYB-s4-b100-a0.25,0.8075,0.755,0.05249999999999999,100,0.10132831286828045,1.0,False
BT-v3,HYB-s1-b100-a0.75,HYB-s4-b100-a0.50,0.8075,0.765,0.04249999999999998,100,0.09336866229937148,1.0,False
BT-v3,HYB-s1-b100-a0.75,HYB-s4-b100-a0.75,0.8075,0.7675,0.040000000000000036,100,0.17197550761728608,1.0,False
BT-v3,HYB-s1-b100-a0.75,HYB-s4-b200-a0.25,0.8075,0.725,0.08250000000000002,100,0.007042733231506815,1.0,False
BT-v3,HYB-s1-b100-a0.75,HYB-s4-b200-a0.50,0.8075,0.7375,0.06999999999999995,100,0.045329743598225156,1.0,False
BT-v3,HYB-s1-b100-a0.75,HYB-s4-b200-a0.75,0.8075,0.82,-0.012499999999999956,100,0.5242606797738594,1.0,False
BT-v3,HYB-s1-b100-a0.75,HYB-s4-b300-a0.25,0.8075,0.7125,0.09499999999999997,100,0.0015658952934946093,1.0,False
BT-v3,HYB-s1-b100-a0.75,HYB-s4-b300-a0.50,0.8075,0.68,0.12749999999999995,100,1.3841922809211902e-05,0.04304882167628974,True
BT-v3,HYB-s1-b100-a0.75,HYB-s4-b300-a0.75,0.8075,0.785,0.022499999999999964,100,0.5464843497882794,1.0,False
BT-v3,HYB-s1-b100-a0.75,RL-s0-b0-a1.00,0.8075,0.84,-0.03249999999999997,100,0.2433967996976194,1.0,False
BT-v3,HYB-s1-b100-a0.75,RL-s0-b100-a1.00,0.8075,0.815,-0.007499999999999951,100,0.5040011194840566,1.0,False
BT-v3,HYB-s1-b100-a0.75,RL-s0-b200-a1.00,0.8075,0.7275,0.07999999999999996,100,0.006405683762718546,1.0,False
BT-v3,HYB-s1-b100-a0.75,RL-s0-b300-a1.00,0.8075,0.7375,0.06999999999999995,100,0.015725796423494576,1.0,False
BT-v3,HYB-s1-b100-a0.75,RL-s1-b100-a1.00,0.8075,0.7475,0.05999999999999994,100,0.06664779017499706,1.0,False
BT-v3,HYB-s1-b100-a0.75,RL-s1-b200-a1.00,0.8075,0.77,0.03749999999999998,100,0.2434883538925514,1.0,False
BT-v3,HYB-s1-b100-a0.75,RL-s1-b300-a1.00,0.8075,0.79,0.01749999999999996,100,0.5568648577621036,1.0,False
BT-v3,HYB-s1-b100-a0.75,RL-s2-b100-a1.00,0.8075,0.7475,0.05999999999999994,100,0.03344909153405945,1.0,False
BT-v3,HYB-s1-b100-a0.75,RL-s2-b200-a1.00,0.8075,0.735,0.07250000000000001,100,0.04387626686826327,1.0,False
BT-v3,HYB-s1-b100-a0.75,RL-s2-b300-a1.00,0.8075,0.7525,0.05500000000000005,100,0.13114352999113016,1.0,False
BT-v3,HYB-s1-b100-a0.75,RL-s3-b100-a1.00,0.8075,0.5925,0.21499999999999997,100,1.9748721508761184e-09,7.63683060743795e-06,True
BT-v3,HYB-s1-b100-a0.75,RL-s3-b200-a1.00,0.8075,0.73,0.07750000000000001,100,0.02272076457713389,1.0,False
BT-v3,HYB-s1-b100-a0.75,RL-s3-b300-a1.00,0.8075,0.7475,0.05999999999999994,100,0.035129645912511234,1.0,False
BT-v3,HYB-s1-b100-a0.75,RL-s4-b100-a1.00,0.8075,0.7225,0.08499999999999996,100,0.005826242130290221,1.0,False
BT-v3,HYB-s1-b100-a0.75,RL-s4-b200-a1.00,0.8075,0.8475,-0.040000000000000036,100,0.13758136490750084,1.0,False
BT-v3,HYB-s1-b100-a0.75,RL-s4-b300-a1.00,0.8075,0.7625,0.04500000000000004,100,0.10578976174174708,1.0,False
BT-v3,HYB-s1-b200-a0.25,HYB-s1-b200-a0.50,0.7925,0.7875,0.0050000000000000044,100,0.8126210146299948,1.0,False
BT-v3,HYB-s1-b200-a0.25,HYB-s1-b200-a0.75,0.7925,0.8525,-0.06000000000000005,100,0.04699480099124747,1.0,False
BT-v3,HYB-s1-b200-a0.25,HYB-s1-b300-a0.25,0.7925,0.8025,-0.010000000000000009,100,0.8048616250209881,1.0,False
BT-v3,HYB-s1-b200-a0.25,HYB-s1-b300-a0.50,0.7925,0.7625,0.030000000000000027,100,0.14242828961662518,1.0,False
BT-v3,HYB-s1-b200-a0.25,HYB-s1-b300-a0.75,0.7925,0.865,-0.07250000000000001,100,0.003731799385062827,1.0,False
BT-v3,HYB-s1-b200-a0.25,HYB-s2-b100-a0.25,0.7925,0.8125,-0.020000000000000018,100,0.4312240903330965,1.0,False
BT-v3,HYB-s1-b200-a0.25,HYB-s2-b100-a0.50,0.7925,0.7825,0.010000000000000009,100,0.5872504540270536,1.0,False
BT-v3,HYB-s1-b200-a0.25,HYB-s2-b100-a0.75,0.7925,0.7675,0.025000000000000022,100,0.3888705843148702,1.0,False
BT-v3,HYB-s1-b200-a0.25,HYB-s2-b200-a0.25,0.7925,0.7275,0.06499999999999995,100,0.0320978014216708,1.0,False
BT-v3,HYB-s1-b200-a0.25,HYB-s2-b200-a0.50,0.7925,0.685,0.10749999999999993,100,0.001782754760306536,1.0,False
BT-v3,HYB-s1-b200-a0.25,HYB-s2-b200-a0.75,0.7925,0.755,0.03749999999999998,100,0.3291294266235879,1.0,False
BT-v3,HYB-s1-b200-a0.25,HYB-s2-b300-a0.25,0.7925,0.6675,0.125,100,0.00017537976045803452,0.48688796670919576,False
BT-v3,HYB-s1-b200-a0.25,HYB-s2-b300-a0.50,0.7925,0.6525,0.14,100,4.274139658835569e-05,0.1265572752981212,False
BT-v3,HYB-s1-b200-a0.25,HYB-s2-b300-a0.75,0.7925,0.68,0.11249999999999993,100,0.0007955758674050725,1.0,False
BT-v3,HYB-s1-b200-a0.25,HYB-s3-b100-a0.25,0.7925,0.6425,0.15000000000000002,100,2.603955323994061e-07,0.0009087804080739274,True
BT-v3,HYB-s1-b200-a0.25,HYB-s3-b100-a0.50,0.7925,0.6025,0.18999999999999995,100,1.7295763893917484e-08,6.42018755742217e-05,True
BT-v3,HYB-s1-b200-a0.25,HYB-s3-b100-a0.75,0.7925,0.615,0.1775,100,1.1689296456818819e-06,0.003927603609491123,True
BT-v3,HYB-s1-b200-a0.25,HYB-s3-b200-a0.25,0.7925,0.59,0.2025,100,9.623799528581143e-10,3.7600184758166526e-06,True
BT-v3,HYB-s1-b200-a0.25,HYB-s3-b200-a0.50,0.7925,0.57,0.22250000000000003,100,1.0314132996048372e-11,4.216417568784574e-08,True
BT-v3,HYB-s1-b200-a0.25,HYB-s3-b200-a0.75,0.7925,0.615,0.1775,100,6.224477102445257e-08,0.00022439239954315154,True
BT-v3,HYB-s1-b200-a0.25,HYB-s3-b300-a0.25,0.7925,0.74,0.05249999999999999,100,0.043092671231171005,1.0,False
BT-v3,HYB-s1-b200-a0.25,HYB-s3-b300-a0.50,0.7925,0.6425,0.15000000000000002,100,1.1256767578658108e-06,0.003787902290218453,True
BT-v3,HYB-s1-b200-a0.25,HYB-s3-b300-a0.75,0.7925,0.695,0.09750000000000003,100,0.0013482344581939973,1.0,False
BT-v3,HYB-s1-b200-a0.25,HYB-s4-b100-a0.25,0.7925,0.755,0.03749999999999998,100,0.2721636514651593,1.0,False
BT-v3,HYB-s1-b200-a0.25,HYB-s4-b100-a0.50,0.7925,0.765,0.02749999999999997,100,0.3283703677067634,1.0,False
BT-v3,HYB-s1-b200-a0.25,HYB-s4-b100-a0.75,0.7925,0.7675,0.025000000000000022,100,0.4226179087358929,1.0,False
BT-v3,HYB-s1-b200-a0.25,HYB-s4-b200-a0.25,0.7925,0.725,0.0675,100,0.04554976231231525,1.0,False
BT-v3,HYB-s1-b200-a0.25,HYB-s4-b200-a0.50,0.7925,0.7375,0.05499999999999994,100,0.17353367209454484,1.0,False
BT-v3,HYB-s1-b200-a0.25,HYB-s4-b200-a0.75,0.7925,0.82,-0.02749999999999997,100,0.454820895156973,1.0,False
BT-v3,HYB-s1-b200-a0.25,HYB-s4-b300-a0.25,0.7925,0.7125,0.07999999999999996,100,0.004461961360122286,1.0,False
BT-v3,HYB-s1-b200-a0.25,HYB-s4-b300-a0.50,0.7925,0.68,0.11249999999999993,100,7.195023520144297e-05,0.20887153278978896,False
BT-v3,HYB-s1-b200-a0.25,HYB-s4-b300-a0.75,0.7925,0.785,0.007499999999999951,100,0.6402751494760308,1.0,False
BT-v3,HYB-s1-b200-a0.25,RL-s0-b0-a1.00,0.7925,0.84,-0.04749999999999999,100,0.08228408158181921,1.0,False
BT-v3,HYB-s1-b200-a0.25,RL-s0-b100-a1.00,0.7925,0.815,-0.022499999999999964,100,0.46382891453319475,1.0,False
BT-v3,HYB-s1-b200-a0.25,RL-s0-b200-a1.00,0.7925,0.7275,0.06499999999999995,100,0.0497423702102749,1.0,False
BT-v3,HYB-s1-b200-a0.25,RL-s0-b300-a1.00,0.7925,0.7375,0.05499999999999994,100,0.06349280100163536,1.0,False
BT-v3,HYB-s1-b200-a0.25,RL-s1-b100-a1.00,0.7925,0.7475,0.04499999999999993,100,0.11777952812418409,1.0,False
BT-v3,HYB-s1-b200-a0.25,RL-s1-b200-a1.00,0.7925,0.77,0.022499999999999964,100,0.48172139228353117,1.0,False
BT-v3,HYB-s1-b200-a0.25,RL-s1-b300-a1.00,0.7925,0.79,0.0024999999999999467,100,0.9930363661851738,1.0,False
BT-v3,HYB-s1-b200-a0.25,RL-s2-b100-a1.00,0.7925,0.7475,0.04499999999999993,100,0.1631531178045207,1.0,False
BT-v3,HYB-s1-b200-a0.25,RL-s2-b200-a1.00,0.7925,0.735,0.057499999999999996,100,0.15624356655607363,1.0,False
BT-v3,HYB-s1-b200-a0.25,RL-s2-b300-a1.00,0.7925,0.7525,0.040000000000000036,100,0.32824742236901616,1.0,False
BT-v3,HYB-s1-b200-a0.25,RL-s3-b100-a1.00,0.7925,0.5925,0.19999999999999996,100,1.9780132811168882e-07,0.0006940848603439161,True
BT-v3,HYB-s1-b200-a0.25,RL-s3-b200-a1.00,0.7925,0.73,0.0625,100,0.09524418426940734,1.0,False
BT-v3,HYB-s1-b200-a0.25,RL-s3-b300-a1.00,0.7925,0.7475,0.04499999999999993,100,0.153540143154422,1.0,False
BT-v3,HYB-s1-b200-a0.25,RL-s4-b100-a1.00,0.7925,0.7225,0.06999999999999995,100,0.05115533107127392,1.0,False
BT-v3,HYB-s1-b200-a0.25,RL-s4-b200-a1.00,0.7925,0.8475,-0.05500000000000005,100,0.10444521073601017,1.0,False
BT-v3,HYB-s1-b200-a0.25,RL-s4-b300-a1.00,0.7925,0.7625,0.030000000000000027,100,0.421957468304597,1.0,False
BT-v3,HYB-s1-b200-a0.50,HYB-s1-b200-a0.75,0.7875,0.8525,-0.06500000000000006,100,0.011358567379251816,1.0,False
BT-v3,HYB-s1-b200-a0.50,HYB-s1-b300-a0.25,0.7875,0.8025,-0.015000000000000013,100,0.6689103583460851,1.0,False
BT-v3,HYB-s1-b200-a0.50,HYB-s1-b300-a0.50,0.7875,0.7625,0.025000000000000022,100,0.3176010620033479,1.0,False
BT-v3,HYB-s1-b200-a0.50,HYB-s1-b300-a0.75,0.7875,0.865,-0.07750000000000001,100,0.0018186743325142851,1.0,False
BT-v3,HYB-s1-b200-a0.50,HYB-s2-b100-a0.25,0.7875,0.8125,-0.025000000000000022,100,0.27866389686700943,1.0,False
BT-v3,HYB-s1-b200-a0.50,HYB-s2-b100-a0.50,0.7875,0.7825,0.0050000000000000044,100,0.7969664427456633,1.0,False
BT-v3,HYB-s1-b200-a0.50,HYB-s2-b100-a0.75,0.7875,0.7675,0.020000000000000018,100,0.2879494558704243,1.0,False
BT-v3,HYB-s1-b200-a0.50,HYB-s2-b200-a0.25,0.7875,0.7275,0.05999999999999994,100,0.06391001066394783,1.0,False
BT-v3,HYB-s1-b200-a0.50,HYB-s2-b200-a0.50,0.7875,0.685,0.10249999999999992,100,0.0011261004906451778,1.0,False
BT-v3,HYB-s1-b200-a0.50,HYB-s2-b200-a0.75,0.7875,0.755,0.03249999999999997,100,0.2693303972040231,1.0,False
BT-v3,HYB-s1-b200-a0.50,HYB-s2-b300-a0.25,0.7875,0.6675,0.12,100,0.0003194751837064852,0.8584298186193257,False
BT-v3,HYB-s1-b200-a0.50,HYB-s2-b300-a0.50,0.7875,0.6525,0.135,100,3.0339303818945424e-05,0.09126062588738783,False
BT-v3,HYB-s1-b200-a0.50,HYB-s2-b300-a0.75,0.7875,0.68,0.10749999999999993,100,0.0003751417018747752,1.0,False
BT-v3,HYB-s1-b200-a0.50,HYB-s3-b100-a0.25,0.7875,0.6425,0.14500000000000002,100,2.199660492921358e-07,0.0007698811725224753,True
BT-v3,HYB-s1-b200-a0.50,HYB-s3-b100-a0.50,0.7875,0.6025,0.18499999999999994,100,2.0713381104148254e-08,7.655665656093194e-05,True
BT-v3,HYB-s1-b200-a0.50,HYB-s3-b100-a0.75,0.7875,0.615,0.1725,100,4.114539085682307e-07,0.0014219847080118053,True
BT-v3,HYB-s1-b200-a0.50,HYB-s3-b200-a0.25,0.7875,0.59,0.1975,100,2.1687127041152075e-09,8.369062325180585e-06,True
BT-v3,HYB-s1-b200-a0.50,HYB-s3-b200-a0.50,0.7875,0.57,0.21750000000000003,100,1.0801064854495699e-11,4.4122349930614934e-08,True
BT-v3,HYB-s1-b200-a0.50,HYB-s3-b200-a0.75,0.7875,0.615,0.1725,100,1.5048154856120846e-08,5.609952130361852e-05,True
BT-v3,HYB-s1-b200-a0.50,HYB-s3-b300-a0.25,0.7875,0.74,0.04749999999999999,100,0.1249035268804157,1.0,False
BT-v3,HYB-s1-b200-a0.50,HYB-s3-b300-a0.50,0.7875,0.6425,0.14500000000000002,100,5.761691583870575e-07,0.001976260213267607,True
BT-v3,HYB-s1-b200-a0.50,HYB-s3-b300-a0.75,0.7875,0.695,0.09250000000000003,100,0.0005521839903296069,1.0,False
BT-v3,HYB-s1-b200-a0.50,HYB-s4-b100-a0.25,0.7875,0.755,0.03249999999999997,100,0.27531544096341254,1.0,False
BT-v3,HYB-s1-b200-a0.50,HYB-s4-b100-a0.50,0.7875,0.765,0.022499999999999964,100,0.4734382769030847,1.0,False
BT-v3,HYB-s1-b200-a0.50,HYB-s4-b100-a0.75,0.7875,0.7675,0.020000000000000018,100,0.4648945348569785,1.0,False
BT-v3,HYB-s1-b200-a0.50,HYB-s4-b200-a0.25,0.7875,0.725,0.0625,100,0.0621333092296123,1.0,False
BT-v3,HYB-s1-b200-a0.50,HYB-s4-b200-a0.50,0.7875,0.7375,0.04999999999999993,100,0.1615999847966969,1.0,False
BT-v3,HYB-s1-b200-a0.50,HYB-s4-b200-a0.75,0.7875,0.82,-0.03249999999999997,100,0.339215713422378,1.0,False
BT-v3,HYB-s1-b200-a0.50,HYB-s4-b300-a0.25,0.7875,0.7125,0.07499999999999996,100,0.006789810254749852,1.0,False
BT-v3,HYB-s1-b200-a0.50,HYB-s4-b300-a0.50,0.7875,0.68,0.10749999999999993,100,0.00012980816550928014,0.36638103030748587,False
BT-v3,HYB-s1-b200-a0.50,HYB-s4-b300-a0.75,0.7875,0.785,0.0024999999999999467,100,0.778939991415026,1.0,False
BT-v3,HYB-s1-b200-a0.50,RL-s0-b0-a1.00,0.7875,0.84,-0.05249999999999999,100,0.07861872581144747,1.0,False
BT-v3,HYB-s1-b200-a0.50,RL-s0-b100-a1.00,0.7875,0.815,-0.02749999999999997,100,0.41241128418117545,1.0,False
BT-v3,HYB-s1-b200-a0.50,RL-s0-b200-a1.00,0.7875,0.7275,0.05999999999999994,100,0.03152958459502944,1.0,False
BT-v3,HYB-s1-b200-a0.50,RL-s0-b300-a1.00,0.7875,0.7375,0.04999999999999993,100,0.060489441820264944,1.0,False
BT-v3,HYB-s1-b200-a0.50,RL-s1-b100-a1.00,0.7875,0.7475,0.039999999999999925,100,0.11741322105119799,1.0,False
BT-v3,HYB-s1-b200-a0.50,RL-s1-b200-a1.00,0.7875,0.77,0.01749999999999996,100,0.6007539478941857,1.0,False
BT-v3,HYB-s1-b200-a0.50,RL-s1-b300-a1.00,0.7875,0.79,-0.0025000000000000577,100,0.8587331539396513,1.0,False
BT-v3,HYB-s1-b200-a0.50,RL-s2-b100-a1.00,0.7875,0.7475,0.039999999999999925,100,0.12872525146935962,1.0,False
BT-v3,HYB-s1-b200-a0.50,RL-s2-b200-a1.00,0.7875,0.735,0.05249999999999999,100,0.1900981966143287,1.0,False
BT-v3,HYB-s1-b200-a0.50,RL-s2-b300-a1.00,0.7875,0.7525,0.03500000000000003,100,0.26987074911387854,1.0,False
BT-v3,HYB-s1-b200-a0.50,RL-s3-b100-a1.00,0.7875,0.5925,0.19499999999999995,100,2.0539666524284886e-08,7.59556868068055e-05,True
BT-v3,HYB-s1-b200-a0.50,RL-s3-b200-a1.00,0.7875,0.73,0.057499999999999996,100,0.06770851207640255,1.0,False
BT-v3,HYB-s1-b200-a0.50,RL-s3-b300-a1.00,0.7875,0.7475,0.039999999999999925,100,0.12042303850421053,1.0,False
BT-v3,HYB-s1-b200-a0.50,RL-s4-b100-a1.00,0.7875,0.7225,0.06499999999999995,100,0.027543881607519534,1.0,False
BT-v3,HYB-s1-b200-a0.50,RL-s4-b200-a1.00,0.7875,0.8475,-0.06000000000000005,100,0.056652184398457435,1.0,False
BT-v3,HYB-s1-b200-a0.50,RL-s4-b300-a1.00,0.7875,0.7625,0.025000000000000022,100,0.40090186978976317,1.0,False
BT-v3,HYB-s1-b200-a0.75,HYB-s1-b300-a0.25,0.8525,0.8025,0.050000000000000044,100,0.06002292323655882,1.0,False
BT-v3,HYB-s1-b200-a0.75,HYB-s1-b300-a0.50,0.8525,0.7625,0.09000000000000008,100,0.0004551393277506545,1.0,False
BT-v3,HYB-s1-b200-a0.75,HYB-s1-b300-a0.75,0.8525,0.865,-0.012499999999999956,100,0.4945433519880258,1.0,False
BT-v3,HYB-s1-b200-a0.75,HYB-s2-b100-a0.25,0.8525,0.8125,0.040000000000000036,100,0.16773537560520524,1.0,False
BT-v3,HYB-s1-b200-a0.75,HYB-s2-b100-a0.50,0.8525,0.7825,0.07000000000000006,100,0.015551658095810704,1.0,False
BT-v3,HYB-s1-b200-a0.75,HYB-s2-b100-a0.75,0.8525,0.7675,0.08500000000000008,100,0.0012393115132605056,1.0,False
BT-v3,HYB-s1-b200-a0.75,HYB-s2-b200-a0.25,0.8525,0.7275,0.125,100,7.484643027298626e-05,0.2169049549311142,False
BT-v3,HYB-s1-b200-a0.75,HYB-s2-b200-a0.50,0.8525,0.685,0.16749999999999998,100,1.8440060183463573e-06,0.006105503926744789,True
BT-v3,HYB-s1-b200-a0.75,HYB-s2-b200-a0.75,0.8525,0.755,0.09750000000000003,100,0.0007487406492766324,1.0,False
BT-v3,HYB-s1-b200-a0.75,HYB-s2-b300-a0.25,0.8525,0.6675,0.18500000000000005,100,5.045053857127133e-09,1.9161114549368853e-05,True
BT-v3,HYB-s1-b200-a0.75,HYB-s2-b300-a0.50,0.8525,0.6525,0.20000000000000007,100,1.0643567795381426e-09,4.15418451053737e-06,True
BT-v3,HYB-s1-b200-a0.75,HYB-s2-b300-a0.75,0.8525,0.68,0.1725,100,3.459889906638473e-07,0.0012002358086128863,True
BT-v3,HYB-s1-b200-a0.75,HYB-s3-b100-a0.25,0.8525,0.6425,0.21000000000000008,100,8.617769995795681e-11,3.461758207311125e-07,True
BT-v3,HYB-s1-b200-a0.75,HYB-s3-b100-a0.50,0.8525,0.6025,0.25,100,2.717336602736986e-12,1.121444815949554e-08,True
BT-v3,HYB-s1-b200-a0.75,HYB-s3-b100-a0.75,0.8525,0.615,0.23750000000000004,100,5.223212056788041e-11,2.1075660649139744e-07,True
BT-v3,HYB-s1-b200-a0.75,HYB-s3-b200-a0.25,0.8525,0.59,0.26250000000000007,100,2.3193562031297005e-13,9.701866997691537e-10,True
BT-v3,HYB-s1-b200-a0.75,HYB-s3-b200-a0.50,0.8525,0.57,0.2825000000000001,100,1.069094123208343e-14,4.512646294062416e-11,True
BT-v3,HYB-s1-b200-a0.75,HYB-s3-b200-a0.75,0.8525,0.615,0.23750000000000004,100,3.1512242063882584e-13,1.317211718270292e-09,True
BT-v3,HYB-s1-b200-a0.75,HYB-s3-b300-a0.25,0.8525,0.74,0.11250000000000004,100,0.0005729467948446665,1.0,False
BT-v3,HYB-s1-b200-a0.75,HYB-s3-b300-a0.50,0.8525,0.6425,0.21000000000000008,100,1.4689080516353132e-10,5.874163298489618e-07,True
BT-v3,HYB-s1-b200-a0.75,HYB-s3-b300-a0.75,0.8525,0.695,0.15750000000000008,100,2.0868435224147414e-07,0.0007308126015496424,True
BT-v3,HYB-s1-b200-a0.75,HYB-s4-b100-a0.25,0.8525,0.755,0.09750000000000003,100,0.0013342735858991263,1.0,False
BT-v3,HYB-s1-b200-a0.75,HYB-s4-b100-a0.50,0.8525,0.765,0.08750000000000002,100,0.0018142345928881707,1.0,False
BT-v3,HYB-s1-b200-a0.75,HYB-s4-b100-a0.75,0.8525,0.7675,0.08500000000000008,100,0.0008015001212116565,1.0,False
BT-v3,HYB-s1-b200-a0.75,HYB-s4-b200-a0.25,0.8525,0.725,0.12750000000000006,100,5.925410192134597e-05,0.17308123171225157,False
BT-v3,HYB-s1-b200-a0.75,HYB-s4-b200-a0.50,0.8525,0.7375,0.11499999999999999,100,0.0003229981892696152,0.8672501381889167,False
BT-v3,HYB-s1-b200-a0.75,HYB-s4-b200-a0.75,0.8525,0.82,0.032500000000000084,100,0.26669323619069407,1.0,False
BT-v3,HYB-s1-b200-a0.75,HYB-s4-b300-a0.25,0.8525,0.7125,0.14,100,1.2186357406749408e-06,0.004089741545705101,True
BT-v3,HYB-s1-b200-a0.75,HYB-s4-b300-a0.50,0.8525,0.68,0.1725,100,9.105071670966755e-09,3.427290765836206e-05,True
BT-v3,HYB-s1-b200-a0.75,HYB-s4-b300-a0.75,0.8525,0.785,0.0675,100,0.018103067607252936,1.0,False
BT-v3,HYB-s1-b200-a0.75,RL-s0-b0-a1.00,0.8525,0.84,0.012500000000000067,100,0.820235438684511,1.0,False
BT-v3,HYB-s1-b200-a0.75,RL-s0-b100-a1.00,0.8525,0.815,0.03750000000000009,100,0.14241145055871635,1.0,False
BT-v3,HYB-s1-b200-a0.75,RL-s0-b200-a1.00,0.8525,0.7275,0.125,100,2.4786509032949482e-05,0.07525184142403463,False
BT-v3,HYB-s1-b200-a0.75,RL-s0-b300-a1.00,0.8525,0.7375,0.11499999999999999,100,5.373524512024957e-05,0.15744426820233123,False
BT-v3,HYB-s1-b200-a0.75,RL-s1-b100-a1.00,0.8525,0.7475,0.10499999999999998,100,0.0002655557760778383,0.7193905973948639,False
BT-v3,HYB-s1-b200-a0.75,RL-s1-b200-a1.00,0.8525,0.77,0.08250000000000002,100,0.008042526171898743,1.0,False
BT-v3,HYB-s1-b200-a0.75,RL-s1-b300-a1.00,0.8525,0.79,0.0625,100,0.05749970015758673,1.0,False
BT-v3,HYB-s1-b200-a0.75,RL-s2-b100-a1.00,0.8525,0.7475,0.10499999999999998,100,0.00017492051501603458,0.48592919071454405,False
BT-v3,HYB-s1-b200-a0.75,RL-s2-b200-a1.00,0.8525,0.735,0.11750000000000005,100,0.00040308396682013495,1.0,False
BT-v3,HYB-s1-b200-a0.75,RL-s2-b300-a1.00,0.8525,0.7525,0.10000000000000009,100,0.002761924111707918,1.0,False
BT-v3,HYB-s1-b200-a0.75,RL-s3-b100-a1.00,0.8525,0.5925,0.26,100,6.801453210121505e-13,2.830084680731558e-09,True
BT-v3,HYB-s1-b200-a0.75,RL-s3-b200-a1.00,0.8525,0.73,0.12250000000000005,100,0.00021806391207086483,0.5977131829862405,False
BT-v3,HYB-s1-b200-a0.75,RL-s3-b300-a1.00,0.8525,0.7475,0.10499999999999998,100,0.0006617887353891304,1.0,False
BT-v3,HYB-s1-b200-a0.75,RL-s4-b100-a1.00,0.8525,0.7225,0.13,100,1.6978839903207445e-05,0.05249857298071742,False
BT-v3,HYB-s1-b200-a0.75,RL-s4-b200-a1.00,0.8525,0.8475,0.0050000000000000044,100,0.9818702723281629,1.0,False
BT-v3,HYB-s1-b200-a0.75,RL-s4-b300-a1.00,0.8525,0.7625,0.09000000000000008,100,0.0023818890970043224,1.0,False
BT-v3,HYB-s1-b300-a0.25,HYB-s1-b300-a0.50,0.8025,0.7625,0.040000000000000036,100,0.11872493220681833,1.0,False
BT-v3,HYB-s1-b300-a0.25,HYB-s1-b300-a0.75,0.8025,0.865,-0.0625,100,0.0349092204549586,1.0,False
BT-v3,HYB-s1-b300-a0.25,HYB-s2-b100-a0.25,0.8025,0.8125,-0.010000000000000009,100,0.9762684292079943,1.0,False
BT-v3,HYB-s1-b300-a0.25,HYB-s2-b100-a0.50,0.8025,0.7825,0.020000000000000018,100,0.3282334458864844,1.0,False
BT-v3,HYB-s1-b300-a0.25,HYB-s2-b100-a0.75,0.8025,0.7675,0.03500000000000003,100,0.1875011024078599,1.0,False
BT-v3,HYB-s1-b300-a0.25,HYB-s2-b200-a0.25,0.8025,0.7275,0.07499999999999996,100,0.02257742351565351,1.0,False
BT-v3,HYB-s1-b300-a0.25,HYB-s2-b200-a0.50,0.8025,0.685,0.11749999999999994,100,0.000819239901545349,1.0,False
BT-v3,HYB-s1-b300-a0.25,HYB-s2-b200-a0.75,0.8025,0.755,0.04749999999999999,100,0.1493007716043373,1.0,False
BT-v3,HYB-s1-b300-a0.25,HYB-s2-b300-a0.25,0.8025,0.6675,0.135,100,0.0001417801304851104,0.3982603865326751,False
BT-v3,HYB-s1-b300-a0.25,HYB-s2-b300-a0.50,0.8025,0.6525,0.15000000000000002,100,2.75345577738046e-05,0.0832369681502113,False
BT-v3,HYB-s1-b300-a0.25,HYB-s2-b300-a0.75,0.8025,0.68,0.12249999999999994,100,0.0008270409330825368,1.0,False
BT-v3,HYB-s1-b300-a0.25,HYB-s3-b100-a0.25,0.8025,0.6425,0.16000000000000003,100,1.5529914237789855e-08,5.7848930535767214e-05,True
BT-v3,HYB-s1-b300-a0.25,HYB-s3-b100-a0.50,0.8025,0.6025,0.19999999999999996,100,7.257318822011237e-09,2.739637855309242e-05,True
BT-v3,HYB-s1-b300-a0.25,HYB-s3-b100-a0.75,0.8025,0.615,0.1875,100,5.345717939782695e-07,0.0018346503969334208,True
BT-v3,HYB-s1-b300-a0.25,HYB-s3-b200-a0.25,0.8025,0.59,0.21250000000000002,100,4.620758201972416e-10,1.8251994897791044e-06,True
BT-v3,HYB-s1-b300-a0.25,HYB-s3-b200-a0.50,0.8025,0.57,0.23250000000000004,100,6.569074817784033e-12,2.699232842627459e-08,True
BT-v3,HYB-s1-b300-a0.25,HYB-s3-b200-a0.75,0.8025,0.615,0.1875,100,2.0812103565507854e-08,7.690072267455152e-05,True
BT-v3,HYB-s1-b300-a0.25,HYB-s3-b300-a0.25,0.8025,0.74,0.0625,100,0.020677280528671602,1.0,False
BT-v3,HYB-s1-b300-a0.25,HYB-s3-b300-a0.50,0.8025,0.6425,0.16000000000000003,100,5.3378642086479314e-08,0.00019307054842679567,True
BT-v3,HYB-s1-b300-a0.25,HYB-s3-b300-a0.75,0.8025,0.695,0.10750000000000004,100,8.805244983495686e-05,0.25341495062500585,False
BT-v3,HYB-s1-b300-a0.25,HYB-s4-b100-a0.25,0.8025,0.755,0.04749999999999999,100,0.1311743446077308,1.0,False
BT-v3,HYB-s1-b300-a0.25,HYB-s4-b100-a0.50,0.8025,0.765,0.03749999999999998,100,0.25064118471583763,1.0,False
BT-v3,HYB-s1-b300-a0.25,HYB-s4-b100-a0.75,0.8025,0.7675,0.03500000000000003,100,0.21625390486944718,1.0,False
BT-v3,HYB-s1-b300-a0.25,HYB-s4-b200-a0.25,0.8025,0.725,0.07750000000000001,100,0.030481718481247998,1.0,False
BT-v3,HYB-s1-b300-a0.25,HYB-s4-b200-a0.50,0.8025,0.7375,0.06499999999999995,100,0.08495724507695684,1.0,False
BT-v3,HYB-s1-b300-a0.25,HYB-s4-b200-a0.75,0.8025,0.82,-0.01749999999999996,100,0.58562136050054,1.0,False
BT-v3,HYB-s1-b300-a0.25,HYB-s4-b300-a0.25,0.8025,0.7125,0.08999999999999997,100,0.001809597392491417,1.0,False
BT-v3,HYB-s1-b300-a0.25,HYB-s4-b300-a0.50,0.8025,0.68,0.12249999999999994,100,1.5759027356965373e-05,0.048852984806592656,True
BT-v3,HYB-s1-b300-a0.25,HYB-s4-b300-a0.75,0.8025,0.785,0.01749999999999996,100,0.4221926400276711,1.0,False
BT-v3,HYB-s1-b300-a0.25,RL-s0-b0-a1.00,0.8025,0.84,-0.03749999999999998,100,0.1454507106252881,1.0,False
BT-v3,HYB-s1-b300-a0.25,RL-s0-b100-a1.00,0.8025,0.815,-0.012499999999999956,100,0.6602746841134155,1.0,False
BT-v3,HYB-s1-b300-a0.25,RL-s0-b200-a1.00,0.8025,0.7275,0.07499999999999996,100,0.014987703902406193,1.0,False
BT-v3,HYB-s1-b300-a0.25,RL-s0-b300-a1.00,0.8025,0.7375,0.06499999999999995,100,0.033258133808247166,1.0,False
BT-v3,HYB-s1-b300-a0.25,RL-s1-b100-a1.00,0.8025,0.7475,0.05499999999999994,100,0.04051620917152953,1.0,False
BT-v3,HYB-s1-b300-a0.25,RL-s1-b200-a1.00,0.8025,0.77,0.03249999999999997,100,0.24740179728922262,1.0,False
BT-v3,HYB-s1-b300-a0.25,RL-s1-b300-a1.00,0.8025,0.79,0.012499999999999956,100,0.6815847696505268,1.0,False
BT-v3,HYB-s1-b300-a0.25,RL-s2-b100-a1.00,0.8025,0.7475,0.05499999999999994,100,0.04874746221030867,1.0,False
BT-v3,HYB-s1-b300-a0.25,RL-s2-b200-a1.00,0.8025,0.735,0.0675,100,0.07997635953470743,1.0,False
BT-v3,HYB-s1-b300-a0.25,RL-s2-b300-a1.00,0.8025,0.7525,0.050000000000000044,100,0.21510875107264404,1.0,False
BT-v3,HYB-s1-b300-a0.25,RL-s3-b100-a1.00,0.8025,0.5925,0.20999999999999996,100,2.859458926125186e-08,0.00010491354799953308,True
BT-v3,HYB-s1-b300-a0.25,RL-s3-b200-a1.00,0.8025,0.73,0.07250000000000001,100,0.055478673366389814,1.0,False
BT-v3,HYB-s1-b300-a0.25,RL-s3-b300-a1.00,0.8025,0.7475,0.05499999999999994,100,0.07814694959283854,1.0,False
BT-v3,HYB-s1-b300-a0.25,RL-s4-b100-a1.00,0.8025,0.7225,0.07999999999999996,100,0.023614826147650706,1.0,False
BT-v3,HYB-s1-b300-a0.25,RL-s4-b200-a1.00,0.8025,0.8475,-0.04500000000000004,100,0.16918367626685538,1.0,False
BT-v3,HYB-s1-b300-a0.25,RL-s4-b300-a1.00,0.8025,0.7625,0.040000000000000036,100,0.16946778372018867,1.0,False
BT-v3,HYB-s1-b300-a0.50,HYB-s1-b300-a0.75,0.7625,0.865,-0.10250000000000004,100,0.0001275016913238121,0.3601922779897692,False
BT-v3,HYB-s1-b300-a0.50,HYB-s2-b100-a0.25,0.7625,0.8125,-0.050000000000000044,100,0.11028149769526585,1.0,False
BT-v3,HYB-s1-b300-a0.50,HYB-s2-b100-a0.50,0.7625,0.7825,-0.020000000000000018,100,0.6113745263713675,1.0,False
BT-v3,HYB-s1-b300-a0.50,HYB-s2-b100-a0.75,0.7625,0.7675,-0.0050000000000000044,100,0.898083766561472,1.0,False
BT-v3,HYB-s1-b300-a0.50,HYB-s2-b200-a0.25,0.7625,0.7275,0.03499999999999992,100,0.3470323869111722,1.0,False
BT-v3,HYB-s1-b300-a0.50,HYB-s2-b200-a0.50,0.7625,0.685,0.0774999999999999,100,0.05769791779958823,1.0,False
BT-v3,HYB-s1-b300-a0.50,HYB-s2-b200-a0.75,0.7625,0.755,0.007499999999999951,100,0.9791540081656471,1.0,False
BT-v3,HYB-s1-b300-a0.50,HYB-s2-b300-a0.25,0.7625,0.6675,0.09499999999999997,100,0.002808558444418984,1.0,False
BT-v3,HYB-s1-b300-a0.50,HYB-s2-b300-a0.50,0.7625,0.6525,0.10999999999999999,100,0.0005746549453296283,1.0,False
BT-v3,HYB-s1-b300-a0.50,HYB-s2-b300-a0.75,0.7625,0.68,0.0824999999999999,100,0.011973237405622304,1.0,False
BT-v3,HYB-s1-b300-a0.50,HYB-s3-b100-a0.25,0.7625,0.6425,0.12,100,2.8061603975097543e-06,0.009184562981049426,True
BT-v3,HYB-s1-b300-a0.50,HYB-s3-b100-a0.50,0.7625,0.6025,0.15999999999999992,100,1.7848597909376422e-07,0.0006284491323891438,True
BT-v3,HYB-s1-b300-a0.50,HYB-s3-b100-a0.75,0.7625,0.615,0.14749999999999996,100,7.553754329836864e-06,0.023975616242902207,True
BT-v3,HYB-s1-b300-a0.50,HYB-s3-b200-a0.25,0.7625,0.59,0.1725,100,1.0232357544186379e-07,0.0003647835464502444,True
BT-v3,HYB-s1-b300-a0.50,HYB-s3-b200-a0.50,0.7625,0.57,0.1925,100,9.05549447783667e-09,3.4102992203532896e-05,True
BT-v3,HYB-s1-b300-a0.50,HYB-s3-b200-a0.75,0.7625,0.615,0.14749999999999996,100,7.344848827571117e-07,0.0025023899955534798,True
BT-v3,HYB-s1-b300-a0.50,HYB-s3-b300-a0.25,0.7625,0.74,0.022499999999999964,100,0.31241606279834644,1.0,False
BT-v3,HYB-s1-b300-a0.50,HYB-s3-b300-a0.50,0.7625,0.6425,0.12,100,2.055786780736902e-05,0.06288651762274183,False
BT-v3,HYB-s1-b300-a0.50,HYB-s3-b300-a0.75,0.7625,0.695,0.0675,100,0.013472116035435043,1.0,False
BT-v3,HYB-s1-b300-a0.50,HYB-s4-b100-a0.25,0.7625,0.755,0.007499999999999951,100,0.797545049137808,1.0,False
BT-v3,HYB-s1-b300-a0.50,HYB-s4-b100-a0.50,0.7625,0.765,-0.0025000000000000577,100,0.8766297699236663,1.0,False
BT-v3,HYB-s1-b300-a0.50,HYB-s4-b100-a0.75,0.7625,0.7675,-0.0050000000000000044,100,0.8191215839809526,1.0,False
BT-v3,HYB-s1-b300-a0.50,HYB-s4-b200-a0.25,0.7625,0.725,0.03749999999999998,100,0.2733751162040283,1.0,False
BT-v3,HYB-s1-b300-a0.50,HYB-s4-b200-a0.50,0.7625,0.7375,0.02499999999999991,100,0.6198117351390607,1.0,False
BT-v3,HYB-s1-b300-a0.50,HYB-s4-b200-a0.75,0.7625,0.82,-0.057499999999999996,100,0.0519666282391749,1.0,False
BT-v3,HYB-s1-b300-a0.50,HYB-s4-b300-a0.25,0.7625,0.7125,0.04999999999999993,100,0.05454809678136477,1.0,False
BT-v3,HYB-s1-b300-a0.50,HYB-s4-b300-a0.50,0.7625,0.68,0.0824999999999999,100,0.001092938782551378,1.0,False
BT-v3,HYB-s1-b300-a0.50,HYB-s4-b300-a0.75,0.7625,0.785,-0.022500000000000075,100,0.5741071168460652,1.0,False
BT-v3,HYB-s1-b300-a0.50,RL-s0-b0-a1.00,0.7625,0.84,-0.07750000000000001,100,0.027327586685576753,1.0,False
BT-v3,HYB-s1-b300-a0.50,RL-s0-b100-a1.00,0.7625,0.815,-0.05249999999999999,100,0.10006091891719815,1.0,False
BT-v3,HYB-s1-b300-a0.50,RL-s0-b200-a1.00,0.7625,0.7275,0.03499999999999992,100,0.3194407029380055,1.0,False
BT-v3,HYB-s1-b300-a0.50,RL-s0-b300-a1.00,0.7625,0.7375,0.02499999999999991,100,0.3525599452926066,1.0,False
BT-v3,HYB-s1-b300-a0.50,RL-s1-b100-a1.00,0.7625,0.7475,0.014999999999999902,100,0.4575716165292466,1.0,False
BT-v3,HYB-s1-b300-a0.50,RL-s1-b200-a1.00,0.7625,0.77,-0.007500000000000062,100,0.9693122428222026,1.0,False
BT-v3,HYB-s1-b300-a0.50,RL-s1-b300-a1.00,0.7625,0.79,-0.02750000000000008,100,0.26755619204258196,1.0,False
BT-v3,HYB-s1-b300-a0.50,RL-s2-b100-a1.00,0.7625,0.7475,0.014999999999999902,100,0.6817160316447262,1.0,False
BT-v3,HYB-s1-b300-a0.50,RL-s2-b200-a1.00,0.7625,0.735,0.02749999999999997,100,0.5378393954178857,1.0,False
BT-v3,HYB-s1-b300-a0.50,RL-s2-b300-a1.00,0.7625,0.7525,0.010000000000000009,100,0.9972123968093327,1.0,False
BT-v3,HYB-s1-b300-a0.50,RL-s3-b100-a1.00,0.7625,0.5925,0.16999999999999993,100,4.7107329452710403e-07,0.001621434279762292,True
BT-v3,HYB-s1-b300-a0.50,RL-s3-b200-a1.00,0.7625,0.73,0.03249999999999997,100,0.3399391410239264,1.0,False
BT-v3,HYB-s1-b300-a0.50,RL-s3-b300-a1.00,0.7625,0.7475,0.014999999999999902,100,0.6183473885167793,1.0,False
BT-v3,HYB-s1-b300-a0.50,RL-s4-b100-a1.00,0.7625,0.7225,0.039999999999999925,100,0.276751312344653,1.0,False
BT-v3,HYB-s1-b300-a0.50,RL-s4-b200-a1.00,0.7625,0.8475,-0.08500000000000008,100,0.0066258193338567875,1.0,False
BT-v3,HYB-s1-b300-a0.50,RL-s4-b300-a1.00,0.7625,0.7625,0.0,100,0.962356656375934,1.0,False
BT-v3,HYB-s1-b300-a0.75,HYB-s2-b100-a0.25,0.865,0.8125,0.05249999999999999,100,0.049119844725052736,1.0,False
BT-v3,HYB-s1-b300-a0.75,HYB-s2-b100-a0.50,0.865,0.7825,0.08250000000000002,100,0.0014811642274520215,1.0,False
BT-v3,HYB-s1-b300-a0.75,HYB-s2-b100-a0.75,0.865,0.7675,0.09750000000000003,100,0.00026895939485454824,0.7280730818712621,False
BT-v3,HYB-s1-b300-a0.75,HYB-s2-b200-a0.25,0.865,0.7275,0.13749999999999996,100,7.393541745868248e-05,0.21433877521272052,False
BT-v3,HYB-s1-b300-a0.75,HYB-s2-b200-a0.50,0.865,0.685,0.17999999999999994,100,2.1146903166181586e-06,0.0069721339738900686,True
BT-v3,HYB-s1-b300-a0.75,HYB-s2-b200-a0.75,0.865,0.755,0.10999999999999999,100,0.0003468899982193722,0.9272369652403819,False
BT-v3,HYB-s1-b300-a0.75,HYB-s2-b300-a0.25,0.865,0.6675,0.1975,100,2.010927606209796e-08,7.442443070582455e-05,True
BT-v3,HYB-s1-b300-a0.75,HYB-s2-b300-a0.50,0.865,0.6525,0.21250000000000002,100,1.7216088450625244e-10,6.876105727179722e-07,True
BT-v3,HYB-s1-b300-a0.75,HYB-s2-b300-a0.75,0.865,0.68,0.18499999999999994,100,2.1068957075696738e-08,7.782872743762376e-05,True
BT-v3,HYB-s1-b300-a0.75,HYB-s3-b100-a0.25,0.865,0.6425,0.22250000000000003,100,1.1071156840031531e-11,4.5203533377848744e-08,True
BT-v3,HYB-s1-b300-a0.75,HYB-s3-b100-a0.50,0.865,0.6025,0.26249999999999996,100,1.3692486035606895e-12,5.674166213155497e-09,True
BT-v3,HYB-s1-b300-a0.75,HYB-s3-b100-a0.75,0.865,0.615,0.25,100,2.8157311435884638e-11,1.1412158324964044e-07,True
BT-v3,HYB-s1-b300-a0.75,HYB-s3-b200-a0.25,0.865,0.59,0.275,100,5.66954332035423e-13,2.3613647929275368e-09,True
BT-v3,HYB-s1-b300-a0.75,HYB-s3-b200-a0.50,0.865,0.57,0.29500000000000004,100,4.5319715553574635e-15,1.919289953693886e-11,True
BT-v3,HYB-s1-b300-a0.75,HYB-s3-b200-a0.75,0.865,0.615,0.25,100,6.455610195318218e-13,2.688116085330506e-09,True
BT-v3,HYB-s1-b300-a0.75,HYB-s3-b300-a0.25,0.865,0.74,0.125,100,0.00018833993112316508,0.5213249293489209,False
BT-v3,HYB-s1-b300-a0.75,HYB-s3-b300-a0.50,0.865,0.6425,0.22250000000000003,100,7.26534485075093e-12,2.980244457778032e-08,True
BT-v3,HYB-s1-b300-a0.75,HYB-s3-b300-a0.75,0.865,0.695,0.17000000000000004,100,1.8074801614446816e-08,6.70213643863688e-05,True
BT-v3,HYB-s1-b300-a0.75,HYB-s4-b100-a0.25,0.865,0.755,0.10999999999999999,100,0.000608185469667488,1.0,False
BT-v3,HYB-s1-b300-a0.75,HYB-s4-b100-a0.50,0.865,0.765,0.09999999999999998,100,0.0007063369337859835,1.0,False
BT-v3,HYB-s1-b300-a0.75,HYB-s4-b100-a0.75,0.865,0.7675,0.09750000000000003,100,0.0002154982744353009,0.590896268501595,False
BT-v3,HYB-s1-b300-a0.75,HYB-s4-b200-a0.25,0.865,0.725,0.14,100,3.6921054412984366e-05,0.11009858425951938,False
BT-v3,HYB-s1-b300-a0.75,HYB-s4-b200-a0.50,0.865,0.7375,0.12749999999999995,100,0.0005948302291098197,1.0,False
BT-v3,HYB-s1-b300-a0.75,HYB-s4-b200-a0.75,0.865,0.82,0.04500000000000004,100,0.11572322952452471,1.0,False
BT-v3,HYB-s1-b300-a0.75,HYB-s4-b300-a0.25,0.865,0.7125,0.15249999999999997,100,2.4573840392082244e-07,0.0008583642448954327,True
BT-v3,HYB-s1-b300-a0.75,HYB-s4-b300-a0.50,0.865,0.68,0.18499999999999994,100,4.93963634055701e-10,1.949180499983796e-06,True
BT-v3,HYB-s1-b300-a0.75,HYB-s4-b300-a0.75,0.865,0.785,0.07999999999999996,100,0.0030906350581131167,1.0,False
BT-v3,HYB-s1-b300-a0.75,RL-s0-b0-a1.00,0.865,0.84,0.025000000000000022,100,0.3524318681577747,1.0,False
BT-v3,HYB-s1-b300-a0.75,RL-s0-b100-a1.00,0.865,0.815,0.050000000000000044,100,0.08389093211967427,1.0,False
BT-v3,HYB-s1-b300-a0.75,RL-s0-b200-a1.00,0.865,0.7275,0.13749999999999996,100,6.2196319906373024e-06,0.019909042002030006,True
BT-v3,HYB-s1-b300-a0.75,RL-s0-b300-a1.00,0.865,0.7375,0.12749999999999995,100,5.54835418780988e-06,0.01786015213056,True
BT-v3,HYB-s1-b300-a0.75,RL-s1-b100-a1.00,0.865,0.7475,0.11749999999999994,100,5.197132806324498e-05,0.1526397905217505,False
BT-v3,HYB-s1-b300-a0.75,RL-s1-b200-a1.00,0.865,0.77,0.09499999999999997,100,0.00046761259605201055,1.0,False
BT-v3,HYB-s1-b300-a0.75,RL-s1-b300-a1.00,0.865,0.79,0.07499999999999996,100,0.006209878681133061,1.0,False
BT-v3,HYB-s1-b300-a0.75,RL-s2-b100-a1.00,0.865,0.7475,0.11749999999999994,100,6.679116628858641e-05,0.1944958762323636,False
BT-v3,HYB-s1-b300-a0.75,RL-s2-b200-a1.00,0.865,0.735,0.13,100,9.3633929711029e-05,0.2689166461300753,False
BT-v3,HYB-s1-b300-a0.75,RL-s2-b300-a1.00,0.865,0.7525,0.11250000000000004,100,0.0005644954814980389,1.0,False
BT-v3,HYB-s1-b300-a0.75,RL-s3-b100-a1.00,0.865,0.5925,0.27249999999999996,100,9.286547024876326e-13,3.85577432472865e-09,True
BT-v3,HYB-s1-b300-a0.75,RL-s3-b200-a1.00,0.865,0.73,0.135,100,1.32757633471568e-05,0.04137567160950762,True
BT-v3,HYB-s1-b300-a0.75,RL-s3-b300-a1.00,0.865,0.7475,0.11749999999999994,100,0.0001297842827869238,0.36638103030748587,False
BT-v3,HYB-s1-b300-a0.75,RL-s4-b100-a1.00,0.865,0.7225,0.14249999999999996,100,2.5415562829297355e-06,0.008328679939160743,True
BT-v3,HYB-s1-b300-a0.75,RL-s4-b200-a1.00,0.865,0.8475,0.01749999999999996,100,0.48341781960152275,1.0,False
BT-v3,HYB-s1-b300-a0.75,RL-s4-b300-a1.00,0.865,0.7625,0.10250000000000004,100,0.00034539675125851296,0.9235909128652636,False
BT-v3,HYB-s2-b100-a0.25,HYB-s2-b100-a0.50,0.8125,0.7825,0.030000000000000027,100,0.22278379951520477,1.0,False
BT-v3,HYB-s2-b100-a0.25,HYB-s2-b100-a0.75,0.8125,0.7675,0.04500000000000004,100,0.21711408778063657,1.0,False
BT-v3,HYB-s2-b100-a0.25,HYB-s2-b200-a0.25,0.8125,0.7275,0.08499999999999996,100,0.00929769625488105,1.0,False
BT-v3,HYB-s2-b100-a0.25,HYB-s2-b200-a0.50,0.8125,0.685,0.12749999999999995,100,5.166328996553372e-05,0.1518384092087036,False
BT-v3,HYB-s2-b100-a0.25,HYB-s2-b200-a0.75,0.8125,0.755,0.057499999999999996,100,0.06696645460915497,1.0,False
BT-v3,HYB-s2-b100-a0.25,HYB-s2-b300-a0.25,0.8125,0.6675,0.14500000000000002,100,3.43898024810637e-06,0.011200758668082447,True
BT-v3,HYB-s2-b100-a0.25,HYB-s2-b300-a0.50,0.8125,0.6525,0.16000000000000003,100,2.430175610391082e-07,0.0008493463758316832,True
BT-v3,HYB-s2-b100-a0.25,HYB-s2-b300-a0.75,0.8125,0.68,0.13249999999999995,100,0.0001223756132551957,0.34644536112545904,False
BT-v3,HYB-s2-b100-a0.25,HYB-s3-b100-a0.25,0.8125,0.6425,0.17000000000000004,100,1.2922476819527075e-08,4.834298578185079e-05,True
BT-v3,HYB-s2-b100-a0.25,HYB-s3-b100-a0.50,0.8125,0.6025,0.20999999999999996,100,2.955045109053871e-09,1.1350328263875919e-05,True
BT-v3,HYB-s2-b100-a0.25,HYB-s3-b100-a0.75,0.8125,0.615,0.1975,100,5.024379214812745e-08,0.00018209189748273367,True
BT-v3,HYB-s2-b100-a0.25,HYB-s3-b200-a0.25,0.8125,0.59,0.22250000000000003,100,9.458823909825443e-10,3.698400148741748e-06,True
BT-v3,HYB-s2-b100-a0.25,HYB-s3-b200-a0.50,0.8125,0.57,0.24250000000000005,100,4.4814574482614433e-11,1.8123013920769276e-07,True
BT-v3,HYB-s2-b100-a0.25,HYB-s3-b200-a0.75,0.8125,0.615,0.1975,100,3.817151615028079e-08,0.00013921151940007404,True
BT-v3,HYB-s2-b100-a0.25,HYB-s3-b300-a0.25,0.8125,0.74,0.07250000000000001,100,0.011801708057348906,1.0,False
BT-v3,HYB-s2-b100-a0.25,HYB-s3-b300-a0.50,0.8125,0.6425,0.17000000000000004,100,1.4395656098631983e-07,0.0005091743562086132,True
BT-v3,HYB-s2-b100-a0.25,HYB-s3-b300-a0.75,0.8125,0.695,0.11750000000000005,100,0.0001322313326073632,0.3730245892853716,False
BT-v3,HYB-s2-b100-a0.25,HYB-s4-b100-a0.25,0.8125,0.755,0.057499999999999996,100,0.04381793822353008,1.0,False
BT-v3,HYB-s2-b100-a0.25,HYB-s4-b100-a0.50,0.8125,0.765,0.04749999999999999,100,0.13078204630949825,1.0,False
BT-v3,HYB-s2-b100-a0.25,HYB-s4-b100-a0.75,0.8125,0.7675,0.04500000000000004,100,0.0935135274826598,1.0,False
BT-v3,HYB-s2-b100-a0.25,HYB-s4-b200-a0.25,0.8125,0.725,0.08750000000000002,100,0.005536726596627136,1.0,False
BT-v3,HYB-s2-b100-a0.25,HYB-s4-b200-a0.50,0.8125,0.7375,0.07499999999999996,100,0.02453230559132523,1.0,False
BT-v3,HYB-s2-b100-a0.25,HYB-s4-b200-a0.75,0.8125,0.82,-0.007499999999999951,100,0.5632236743660168,1.0,False
BT-v3,HYB-s2-b100-a0.25,HYB-s4-b300-a0.25,0.8125,0.7125,0.09999999999999998,100,0.0006095012281401767,1.0,False
BT-v3,HYB-s2-b100-a0.25,HYB-s4-b300-a0.50,0.8125,0.68,0.13249999999999995,100,2.2311193947536064e-06,0.007344845047528872,True
BT-v3,HYB-s2-b100-a0.25,HYB-s4-b300-a0.75,0.8125,0.785,0.02749999999999997,100,0.31790401193691864,1.0,False
BT-v3,HYB-s2-b100-a0.25,RL-s0-b0-a1.00,0.8125,0.84,-0.02749999999999997,100,0.33547454893166817,1.0,False
BT-v3,HYB-s2-b100-a0.25,RL-s0-b100-a1.00,0.8125,0.815,-0.0024999999999999467,100,0.913682560932147,1.0,False
BT-v3,HYB-s2-b100-a0.25,RL-s0-b200-a1.00,0.8125,0.7275,0.08499999999999996,100,0.006257032362020965,1.0,False
BT-v3,HYB-s2-b100-a0.25,RL-s0-b300-a1.00,0.8125,0.7375,0.07499999999999996,100,0.013052140545569817,1.0,False
BT-v3,HYB-s2-b100-a0.25,RL-s1-b100-a1.00,0.8125,0.7475,0.06499999999999995,100,0.03636289960495485,1.0,False
BT-v3,HYB-s2-b100-a0.25,RL-s1-b200-a1.00,0.8125,0.77,0.04249999999999998,100,0.22688809836557733,1.0,False
BT-v3,HYB-s2-b100-a0.25,RL-s1-b300-a1.00,0.8125,0.79,0.022499999999999964,100,0.3917635695293069,1.0,False
BT-v3,HYB-s2-b100-a0.25,RL-s2-b100-a1.00,0.8125,0.7475,0.06499999999999995,100,0.047582328446820726,1.0,False
BT-v3,HYB-s2-b100-a0.25,RL-s2-b200-a1.00,0.8125,0.735,0.07750000000000001,100,0.0311117455560603,1.0,False
BT-v3,HYB-s2-b100-a0.25,RL-s2-b300-a1.00,0.8125,0.7525,0.06000000000000005,100,0.12804556511939538,1.0,False
BT-v3,HYB-s2-b100-a0.25,RL-s3-b100-a1.00,0.8125,0.5925,0.21999999999999997,100,1.4032137453743375e-09,5.452888614524675e-06,True
BT-v3,HYB-s2-b100-a0.25,RL-s3-b200-a1.00,0.8125,0.73,0.08250000000000002,100,0.04095683656321665,1.0,False
BT-v3,HYB-s2-b100-a0.25,RL-s3-b300-a1.00,0.8125,0.7475,0.06499999999999995,100,0.057022907261463425,1.0,False
BT-v3,HYB-s2-b100-a0.25,RL-s4-b100-a1.00,0.8125,0.7225,0.08999999999999997,100,0.00824289587519121,1.0,False
BT-v3,HYB-s2-b100-a0.25,RL-s4-b200-a1.00,0.8125,0.8475,-0.03500000000000003,100,0.1673952269568647,1.0,False
BT-v3,HYB-s2-b100-a0.25,RL-s4-b300-a1.00,0.8125,0.7625,0.050000000000000044,100,0.08586190985840156,1.0,False
BT-v3,HYB-s2-b100-a0.50,HYB-s2-b100-a0.75,0.7825,0.7675,0.015000000000000013,100,0.5503973867605942,1.0,False
BT-v3,HYB-s2-b100-a0.50,HYB-s2-b200-a0.25,0.7825,0.7275,0.05499999999999994,100,0.07765042226324488,1.0,False
BT-v3,HYB-s2-b100-a0.50,HYB-s2-b200-a0.50,0.7825,0.685,0.09749999999999992,100,0.0009935791536042503,1.0,False
BT-v3,HYB-s2-b100-a0.50,HYB-s2-b200-a0.75,0.7825,0.755,0.02749999999999997,100,0.4252923418726362,1.0,False
BT-v3,HYB-s2-b100-a0.50,HYB-s2-b300-a0.25,0.7825,0.6675,0.11499999999999999,100,0.00033547571985959544,0.8994104049435754,False
BT-v3,HYB-s2-b100-a0.50,HYB-s2-b300-a0.50,0.7825,0.6525,0.13,100,2.9448861827265806e-06,0.009623888045150466,True
BT-v3,HYB-s2-b100-a0.50,HYB-s2-b300-a0.75,0.7825,0.68,0.10249999999999992,100,0.000588106821761768,1.0,False
BT-v3,HYB-s2-b100-a0.50,HYB-s3-b100-a0.25,0.7825,0.6425,0.14,100,4.525262441374745e-06,0.014643749260288675,True
BT-v3,HYB-s2-b100-a0.50,HYB-s3-b100-a0.50,0.7825,0.6025,0.17999999999999994,100,1.9220758977484038e-08,7.119369125260088e-05,True
BT-v3,HYB-s2-b100-a0.50,HYB-s3-b100-a0.75,0.7825,0.615,0.16749999999999998,100,2.874698234574839e-07,0.0010018323347493314,True
BT-v3,HYB-s2-b100-a0.50,HYB-s3-b200-a0.25,0.7825,0.59,0.1925,100,2.984459121821266e-08,0.00010941027140596762,True
BT-v3,HYB-s2-b100-a0.50,HYB-s3-b200-a0.50,0.7825,0.57,0.21250000000000002,100,1.2591431904365216e-09,4.900585297178942e-06,True
BT-v3,HYB-s2-b100-a0.50,HYB-s3-b200-a0.75,0.7825,0.615,0.16749999999999998,100,4.005848764054854e-08,0.0001458930119868778,True
BT-v3,HYB-s2-b100-a0.50,HYB-s3-b300-a0.25,0.7825,0.74,0.04249999999999998,100,0.17290768861558103,1.0,False
BT-v3,HYB-s2-b100-a0.50,HYB-s3-b300-a0.50,0.7825,0.6425,0.14,100,3.170037258109045e-07,0.001102221954644515,True
BT-v3,HYB-s2-b100-a0.50,HYB-s3-b300-a0.75,0.7825,0.695,0.08750000000000002,100,0.004102953199473212,1.0,False
BT-v3,HYB-s2-b100-a0.50,HYB-s4-b100-a0.25,0.7825,0.755,0.02749999999999997,100,0.39300125250173934,1.0,False
BT-v3,HYB-s2-b100-a0.50,HYB-s4-b100-a0.50,0.7825,0.765,0.01749999999999996,100,0.4994986047662393,1.0,False
BT-v3,HYB-s2-b100-a0.50,HYB-s4-b100-a0.75,0.7825,0.7675,0.015000000000000013,100,0.636971680003715,1.0,False
BT-v3,HYB-s2-b100-a0.50,HYB-s4-b200-a0.25,0.7825,0.725,0.057499999999999996,100,0.04792339015712302,1.0,False
BT-v3,HYB-s2-b100-a0.50,HYB-s4-b200-a0.50,0.7825,0.7375,0.04499999999999993,100,0.24415350640358047,1.0,False
BT-v3,HYB-s2-b100-a0.50,HYB-s4-b200-a0.75,0.7825,0.82,-0.03749999999999998,100,0.21417812722773877,1.0,False
BT-v3,HYB-s2-b100-a0.50,HYB-s4-b300-a0.25,0.7825,0.7125,0.06999999999999995,100,0.01765619037510641,1.0,False
BT-v3,HYB-s2-b100-a0.50,HYB-s4-b300-a0.50,0.7825,0.68,0.10249999999999992,100,0.00025121747876623974,0.6828091072866396,False
BT-v3,HYB-s2-b100-a0.50,HYB-s4-b300-a0.75,0.7825,0.785,-0.0025000000000000577,100,0.9888032455535459,1.0,False
BT-v3,HYB-s2-b100-a0.50,RL-s0-b0-a1.00,0.7825,0.84,-0.057499999999999996,100,0.0530873160657471,1.0,False
BT-v3,HYB-s2-b100-a0.50,RL-s0-b100-a1.00,0.7825,0.815,-0.03249999999999997,100,0.2415594397884977,1.0,False
BT-v3,HYB-s2-b100-a0.50,RL-s0-b200-a1.00,0.7825,0.7275,0.05499999999999994,100,0.08557045942957364,1.0,False
BT-v3,HYB-s2-b100-a0.50,RL-s0-b300-a1.00,0.7825,0.7375,0.04499999999999993,100,0.09543107610668275,1.0,False
BT-v3,HYB-s2-b100-a0.50,RL-s1-b100-a1.00,0.7825,0.7475,0.03499999999999992,100,0.3194145218828356,1.0,False
BT-v3,HYB-s2-b100-a0.50,RL-s1-b200-a1.00,0.7825,0.77,0.012499999999999956,100,0.5933860099184716,1.0,False
BT-v3,HYB-s2-b100-a0.50,RL-s1-b300-a1.00,0.7825,0.79,-0.007500000000000062,100,0.7322631582062802,1.0,False
BT-v3,HYB-s2-b100-a0.50,RL-s2-b100-a1.00,0.7825,0.7475,0.03499999999999992,100,0.23442531010288414,1.0,False
BT-v3,HYB-s2-b100-a0.50,RL-s2-b200-a1.00,0.7825,0.735,0.04749999999999999,100,0.21977723653477443,1.0,False
BT-v3,HYB-s2-b100-a0.50,RL-s2-b300-a1.00,0.7825,0.7525,0.030000000000000027,100,0.5487905867963634,1.0,False
BT-v3,HYB-s2-b100-a0.50,RL-s3-b100-a1.00,0.7825,0.5925,0.18999999999999995,100,9.355338989215123e-08,0.0003341727086947642,True
BT-v3,HYB-s2-b100-a0.50,RL-s3-b200-a1.00,0.7825,0.73,0.05249999999999999,100,0.1820069698686284,1.0,False
BT-v3,HYB-s2-b100-a0.50,RL-s3-b300-a1.00,0.7825,0.7475,0.03499999999999992,100,0.29356264298048396,1.0,False
BT-v3,HYB-s2-b100-a0.50,RL-s4-b100-a1.00,0.7825,0.7225,0.05999999999999994,100,0.042091906857980865,1.0,False
BT-v3,HYB-s2-b100-a0.50,RL-s4-b200-a1.00,0.7825,0.8475,-0.06500000000000006,100,0.04405752146561595,1.0,False
BT-v3,HYB-s2-b100-a0.50,RL-s4-b300-a1.00,0.7825,0.7625,0.020000000000000018,100,0.36199034471344493,1.0,False
BT-v3,HYB-s2-b100-a0.75,HYB-s2-b200-a0.25,0.7675,0.7275,0.039999999999999925,100,0.2695001324459728,1.0,False
BT-v3,HYB-s2-b100-a0.75,HYB-s2-b200-a0.50,0.7675,0.685,0.0824999999999999,100,0.010492270048128484,1.0,False
BT-v3,HYB-s2-b100-a0.75,HYB-s2-b200-a0.75,0.7675,0.755,0.012499999999999956,100,0.5834750490589333,1.0,False
BT-v3,HYB-s2-b100-a0.75,HYB-s2-b300-a0.25,0.7675,0.6675,0.09999999999999998,100,0.0013909082385632472,1.0,False
BT-v3,HYB-s2-b100-a0.75,HYB-s2-b300-a0.50,0.7675,0.6525,0.11499999999999999,100,3.278654645974601e-05,0.09835963937923804,False
BT-v3,HYB-s2-b100-a0.75,HYB-s2-b300-a0.75,0.7675,0.68,0.08749999999999991,100,0.0032347760811407607,1.0,False
BT-v3,HYB-s2-b100-a0.75,HYB-s3-b100-a0.25,0.7675,0.6425,0.125,100,9.381491796934428e-06,0.029561080652140383,True
BT-v3,HYB-s2-b100-a0.75,HYB-s3-b100-a0.50,0.7675,0.6025,0.16499999999999992,100,2.8170999332706264e-08,0.00010341573855036469,True
BT-v3,HYB-s2-b100-a0.75,HYB-s3-b100-a0.75,0.7675,0.615,0.15249999999999997,100,6.01108530502321e-07,0.002059998934031454,True
BT-v3,HYB-s2-b100-a0.75,HYB-s3-b200-a0.25,0.7675,0.59,0.1775,100,4.329759613881704e-08,0.00015743005956073876,True
BT-v3,HYB-s2-b100-a0.75,HYB-s3-b200-a0.50,0.7675,0.57,0.1975,100,5.0119220131597136e-09,1.9040291727993752e-05,True
BT-v3,HYB-s2-b100-a0.75,HYB-s3-b200-a0.75,0.7675,0.615,0.15249999999999997,100,3.8585471101881426e-07,0.0013354431548361161,True
BT-v3,HYB-s2-b100-a0.75,HYB-s3-b300-a0.25,0.7675,0.74,0.02749999999999997,100,0.37602930031849435,1.0,False
BT-v3,HYB-s2-b100-a0.75,HYB-s3-b300-a0.50,0.7675,0.6425,0.125,100,1.080942099002819e-05,0.03387672538274835,True
BT-v3,HYB-s2-b100-a0.75,HYB-s3-b300-a0.75,0.7675,0.695,0.07250000000000001,100,0.0032044696870697324,1.0,False
BT-v3,HYB-s2-b100-a0.75,HYB-s4-b100-a0.25,0.7675,0.755,0.012499999999999956,100,0.5936715651034792,1.0,False
BT-v3,HYB-s2-b100-a0.75,HYB-s4-b100-a0.50,0.7675,0.765,0.0024999999999999467,100,0.8725077554634141,1.0,False
BT-v3,HYB-s2-b100-a0.75,HYB-s4-b100-a0.75,0.7675,0.7675,0.0,100,0.9289784386686786,1.0,False
BT-v3,HYB-s2-b100-a0.75,HYB-s4-b200-a0.25,0.7675,0.725,0.04249999999999998,100,0.18827777169788484,1.0,False
BT-v3,HYB-s2-b100-a0.75,HYB-s4-b200-a0.50,0.7675,0.7375,0.029999999999999916,100,0.40304053874024004,1.0,False
BT-v3,HYB-s2-b100-a0.75,HYB-s4-b200-a0.75,0.7675,0.82,-0.05249999999999999,100,0.07244836049881463,1.0,False
BT-v3,HYB-s2-b100-a0.75,HYB-s4-b300-a0.25,0.7675,0.7125,0.05499999999999994,100,0.049535543953032966,1.0,False
BT-v3,HYB-s2-b100-a0.75,HYB-s4-b300-a0.50,0.7675,0.68,0.08749999999999991,100,0.0006641445139685359,1.0,False
BT-v3,HYB-s2-b100-a0.75,HYB-s4-b300-a0.75,0.7675,0.785,-0.01750000000000007,100,0.5838089969238663,1.0,False
BT-v3,HYB-s2-b100-a0.75,RL-s0-b0-a1.00,0.7675,0.84,-0.07250000000000001,100,0.019663642870359068,1.0,False
BT-v3,HYB-s2-b100-a0.75,RL-s0-b100-a1.00,0.7675,0.815,-0.04749999999999999,100,0.09341058419077038,1.0,False
BT-v3,HYB-s2-b100-a0.75,RL-s0-b200-a1.00,0.7675,0.7275,0.039999999999999925,100,0.12869564459589933,1.0,False
BT-v3,HYB-s2-b100-a0.75,RL-s0-b300-a1.00,0.7675,0.7375,0.029999999999999916,100,0.24180830135717402,1.0,False
BT-v3,HYB-s2-b100-a0.75,RL-s1-b100-a1.00,0.7675,0.7475,0.019999999999999907,100,0.3889935822825977,1.0,False
BT-v3,HYB-s2-b100-a0.75,RL-s1-b200-a1.00,0.7675,0.77,-0.0025000000000000577,100,0.9846006359699303,1.0,False
BT-v3,HYB-s2-b100-a0.75,RL-s1-b300-a1.00,0.7675,0.79,-0.022500000000000075,100,0.22465853303620742,1.0,False
BT-v3,HYB-s2-b100-a0.75,RL-s2-b100-a1.00,0.7675,0.7475,0.019999999999999907,100,0.39413152394692075,1.0,False
BT-v3,HYB-s2-b100-a0.75,RL-s2-b200-a1.00,0.7675,0.735,0.03249999999999997,100,0.4141624089135991,1.0,False
BT-v3,HYB-s2-b100-a0.75,RL-s2-b300-a1.00,0.7675,0.7525,0.015000000000000013,100,0.9428416871839735,1.0,False
BT-v3,HYB-s2-b100-a0.75,RL-s3-b100-a1.00,0.7675,0.5925,0.17499999999999993,100,4.3976335316231976e-08,0.00015972204986855454,True
BT-v3,HYB-s2-b100-a0.75,RL-s3-b200-a1.00,0.7675,0.73,0.03749999999999998,100,0.4145819921371836,1.0,False
BT-v3,HYB-s2-b100-a0.75,RL-s3-b300-a1.00,0.7675,0.7475,0.019999999999999907,100,0.5661632888040089,1.0,False
BT-v3,HYB-s2-b100-a0.75,RL-s4-b100-a1.00,0.7675,0.7225,0.04499999999999993,100,0.1257969716119979,1.0,False
BT-v3,HYB-s2-b100-a0.75,RL-s4-b200-a1.00,0.7675,0.8475,-0.08000000000000007,100,0.011524762519310993,1.0,False
BT-v3,HYB-s2-b100-a0.75,RL-s4-b300-a1.00,0.7675,0.7625,0.0050000000000000044,100,0.6803530502083707,1.0,False
BT-v3,HYB-s2-b200-a0.25,HYB-s2-b200-a0.50,0.7275,0.685,0.04249999999999998,100,0.10804380785576032,1.0,False
BT-v3,HYB-s2-b200-a0.25,HYB-s2-b200-a0.75,0.7275,0.755,-0.02749999999999997,100,0.3727631566793098,1.0,False
BT-v3,HYB-s2-b200-a0.25,HYB-s2-b300-a0.25,0.7275,0.6675,0.06000000000000005,100,0.024345918681622575,1.0,False
BT-v3,HYB-s2-b200-a0.25,HYB-s2-b300-a0.50,0.7275,0.6525,0.07500000000000007,100,0.003905820372087826,1.0,False
BT-v3,HYB-s2-b200-a0.25,HYB-s2-b300-a0.75,0.7275,0.68,0.04749999999999999,100,0.13115402879866417,1.0,False
BT-v3,HYB-s2-b200-a0.25,HYB-s3-b100-a0.25,0.7275,0.6425,0.08500000000000008,100,0.008199951793235868,1.0,False
BT-v3,HYB-s2-b200-a0.25,HYB-s3-b100-a0.50,0.7275,0.6025,0.125,100,0.00017458396840780633,0.48534343217370157,False
BT-v3,HYB-s2-b200-a0.25,HYB-s3-b100-a0.75,0.7275,0.615,0.11250000000000004,100,0.0016622097129184291,1.0,False
BT-v3,HYB-s2-b200-a0.25,HYB-s3-b200-a0.25,0.7275,0.59,0.13750000000000007,100,2.797082996330178e-05,0.08447190648917138,False
BT-v3,HYB-s2-b200-a0.25,HYB-s3-b200-a0.50,0.7275,0.57,0.15750000000000008,100,1.1111486459631229e-07,0.0003951244585044865,True
BT-v3,HYB-s2-b200-a0.25,HYB-s3-b200-a0.75,0.7275,0.615,0.11250000000000004,100,0.0005912665897109061,1.0,False
BT-v3,HYB-s2-b200-a0.25,HYB-s3-b300-a0.25,0.7275,0.74,-0.012499999999999956,100,0.6502871571562823,1.0,False
BT-v3,HYB-s2-b200-a0.25,HYB-s3-b300-a0.50,0.7275,0.6425,0.08500000000000008,100,0.007256168220193464,1.0,False
BT-v3,HYB-s2-b200-a0.25,HYB-s3-b300-a0.75,0.7275,0.695,0.032500000000000084,100,0.47118108183797547,1.0,False
BT-v3,HYB-s2-b200-a0.25,HYB-s4-b100-a0.25,0.7275,0.755,-0.02749999999999997,100,0.1685751047852172,1.0,False
BT-v3,HYB-s2-b200-a0.25,HYB-s4-b100-a0.50,0.7275,0.765,-0.03749999999999998,100,0.24065052350063265,1.0,False
BT-v3,HYB-s2-b200-a0.25,HYB-s4-b100-a0.75,0.7275,0.7675,-0.039999999999999925,100,0.1654909413427903,1.0,False
BT-v3,HYB-s2-b200-a0.25,HYB-s4-b200-a0.25,0.7275,0.725,0.0025000000000000577,100,0.863227542651332,1.0,False
BT-v3,HYB-s2-b200-a0.25,HYB-s4-b200-a0.50,0.7275,0.7375,-0.010000000000000009,100,0.8141034336934578,1.0,False
BT-v3,HYB-s2-b200-a0.25,HYB-s4-b200-a0.75,0.7275,0.82,-0.09249999999999992,100,0.0016393215162773891,1.0,False
BT-v3,HYB-s2-b200-a0.25,HYB-s4-b300-a0.25,0.7275,0.7125,0.015000000000000013,100,0.7167896372189668,1.0,False
BT-v3,HYB-s2-b200-a0.25,HYB-s4-b300-a0.50,0.7275,0.68,0.04749999999999999,100,0.15407598359656788,1.0,False
BT-v3,HYB-s2-b200-a0.25,HYB-s4-b300-a0.75,0.7275,0.785,-0.057499999999999996,100,0.07581206438437417,1.0,False
BT-v3,HYB-s2-b200-a0.25,RL-s0-b0-a1.00,0.7275,0.84,-0.11249999999999993,100,0.00010607297873361695,0.30262620832700915,False
BT-v3,HYB-s2-b200-a0.25,RL-s0-b100-a1.00,0.7275,0.815,-0.08749999999999991,100,0.00310886301450087,1.0,False
BT-v3,HYB-s2-b200-a0.25,RL-s0-b200-a1.00,0.7275,0.7275,0.0,100,0.9374005016895944,1.0,False
BT-v3,HYB-s2-b200-a0.25,RL-s0-b300-a1.00,0.7275,0.7375,-0.010000000000000009,100,0.837103231186801,1.0,False
BT-v3,HYB-s2-b200-a0.25,RL-s1-b100-a1.00,0.7275,0.7475,-0.020000000000000018,100,0.5372473427107929,1.0,False
BT-v3,HYB-s2-b200-a0.25,RL-s1-b200-a1.00,0.7275,0.77,-0.04249999999999998,100,0.16834398775691084,1.0,False
BT-v3,HYB-s2-b200-a0.25,RL-s1-b300-a1.00,0.7275,0.79,-0.0625,100,0.08033078956335825,1.0,False
BT-v3,HYB-s2-b200-a0.25,RL-s2-b100-a1.00,0.7275,0.7475,-0.020000000000000018,100,0.5999141395424483,1.0,False
BT-v3,HYB-s2-b200-a0.25,RL-s2-b200-a1.00,0.7275,0.735,-0.007499999999999951,100,0.8706435735268186,1.0,False
BT-v3,HYB-s2-b200-a0.25,RL-s2-b300-a1.00,0.7275,0.7525,-0.02499999999999991,100,0.4144575761345072,1.0,False
BT-v3,HYB-s2-b200-a0.25,RL-s3-b100-a1.00,0.7275,0.5925,0.135,100,0.00014625603959612533,0.40980942294834316,False
BT-v3,HYB-s2-b200-a0.25,RL-s3-b200-a1.00,0.7275,0.73,-0.0024999999999999467,100,0.8197050570301329,1.0,False
BT-v3,HYB-s2-b200-a0.25,RL-s3-b300-a1.00,0.7275,0.7475,-0.020000000000000018,100,0.49209048568978475,1.0,False
BT-v3,HYB-s2-b200-a0.25,RL-s4-b100-a1.00,0.7275,0.7225,0.0050000000000000044,100,0.8641565897952532,1.0,False
BT-v3,HYB-s2-b200-a0.25,RL-s4-b200-a1.00,0.7275,0.8475,-0.12,100,0.0002469318653857582,0.6721485375800338,False
BT-v3,HYB-s2-b200-a0.25,RL-s4-b300-a1.00,0.7275,0.7625,-0.03499999999999992,100,0.3096332957404956,1.0,False
BT-v3,HYB-s2-b200-a0.50,HYB-s2-b200-a0.75,0.685,0.755,-0.06999999999999995,100,0.017690109425841403,1.0,False
BT-v3,HYB-s2-b200-a0.50,HYB-s2-b300-a0.25,0.685,0.6675,0.01750000000000007,100,0.531777045841328,1.0,False
BT-v3,HYB-s2-b200-a0.50,HYB-s2-b300-a0.50,0.685,0.6525,0.032500000000000084,100,0.222460410125232,1.0,False
BT-v3,HYB-s2-b200-a0.50,HYB-s2-b300-a0.75,0.685,0.68,0.0050000000000000044,100,0.8055408791262763,1.0,False
BT-v3,HYB-s2-b200-a0.50,HYB-s3-b100-a0.25,0.685,0.6425,0.04250000000000009,100,0.17023959718452508,1.0,False
BT-v3,HYB-s2-b200-a0.50,HYB-s3-b100-a0.50,0.685,0.6025,0.08250000000000002,100,0.009858470808060142,1.0,False
BT-v3,HYB-s2-b200-a0.50,HYB-s3-b100-a0.75,0.685,0.615,0.07000000000000006,100,0.032810586872670036,1.0,False
BT-v3,HYB-s2-b200-a0.50,HYB-s3-b200-a0.25,0.685,0.59,0.09500000000000008,100,0.001692319838744513,1.0,False
BT-v3,HYB-s2-b200-a0.50,HYB-s3-b200-a0.50,0.685,0.57,0.1150000000000001,100,0.00027962617896984296,0.7563888141134252,False
BT-v3,HYB-s2-b200-a0.50,HYB-s3-b200-a0.75,0.685,0.615,0.07000000000000006,100,0.03415528242618008,1.0,False
BT-v3,HYB-s2-b200-a0.50,HYB-s3-b300-a0.25,0.685,0.74,-0.05499999999999994,100,0.0904336942556264,1.0,False
BT-v3,HYB-s2-b200-a0.50,HYB-s3-b300-a0.50,0.685,0.6425,0.04250000000000009,100,0.19223227418338862,1.0,False
BT-v3,HYB-s2-b200-a0.50,HYB-s3-b300-a0.75,0.685,0.695,-0.009999999999999898,100,0.6466968272211324,1.0,False
BT-v3,HYB-s2-b200-a0.50,HYB-s4-b100-a0.25,0.685,0.755,-0.06999999999999995,100,0.005439110169304557,1.0,False
BT-v3,HYB-s2-b200-a0.50,HYB-s4-b100-a0.50,0.685,0.765,-0.07999999999999996,100,0.006035111460232571,1.0,False
BT-v3,HYB-s2-b200-a0.50,HYB-s4-b100-a0.75,0.685,0.7675,-0.0824999999999999,100,0.00137956461623674,1.0,False
BT-v3,HYB-s2-b200-a0.50,HYB-s4-b200-a0.25,0.685,0.725,-0.039999999999999925,100,0.12416863862201447,1.0,False
BT-v3,HYB-s2-b200-a0.50,HYB-s4-b200-a0.50,0.685,0.7375,-0.05249999999999999,100,0.07968449292999898,1.0,False
BT-v3,HYB-s2-b200-a0.50,HYB-s4-b200-a0.75,0.685,0.82,-0.1349999999999999,100,1.978533199927533e-05,0.06070139857377671,False
BT-v3,HYB-s2-b200-a0.50,HYB-s4-b300-a0.25,0.685,0.7125,-0.02749999999999997,100,0.4461870305904786,1.0,False
BT-v3,HYB-s2-b200-a0.50,HYB-s4-b300-a0.50,0.685,0.68,0.0050000000000000044,100,0.875087776055238,1.0,False
BT-v3,HYB-s2-b200-a0.50,HYB-s4-b300-a0.75,0.685,0.785,-0.09999999999999998,100,0.0033798689130261363,1.0,False
BT-v3,HYB-s2-b200-a0.50,RL-s0-b0-a1.00,0.685,0.84,-0.15499999999999992,100,1.6610540840269148e-06,0.00551303850488533,True
BT-v3,HYB-s2-b200-a0.50,RL-s0-b100-a1.00,0.685,0.815,-0.1299999999999999,100,3.4063533974842806e-05,0.10198622072067937,False
BT-v3,HYB-s2-b200-a0.50,RL-s0-b200-a1.00,0.685,0.7275,-0.04249999999999998,100,0.2741432895616236,1.0,False
BT-v3,HYB-s2-b200-a0.50,RL-s0-b300-a1.00,0.685,0.7375,-0.05249999999999999,100,0.11923400308612571,1.0,False
BT-v3,HYB-s2-b200-a0.50,RL-s1-b100-a1.00,0.685,0.7475,-0.0625,100,0.08409110043328634,1.0,False
BT-v3,HYB-s2-b200-a0.50,RL-s1-b200-a1.00,0.685,0.77,-0.08499999999999996,100,0.011848347347152456,1.0,False
BT-v3,HYB-s2-b200-a0.50,RL-s1-b300-a1.00,0.685,0.79,-0.10499999999999998,100,0.0023298123263220285,1.0,False
BT-v3,HYB-s2-b200-a0.50,RL-s2-b100-a1.00,0.685,0.7475,-0.0625,100,0.05434523190902654,1.0,False
BT-v3,HYB-s2-b200-a0.50,RL-s2-b200-a1.00,0.685,0.735,-0.04999999999999993,100,0.21095918410321124,1.0,False
BT-v3,HYB-s2-b200-a0.50,RL-s2-b300-a1.00,0.685,0.7525,-0.0674999999999999,100,0.0458170450703529,1.0,False
BT-v3,HYB-s2-b200-a0.50,RL-s3-b100-a1.00,0.685,0.5925,0.09250000000000003,100,0.009211592626853997,1.0,False
BT-v3,HYB-s2-b200-a0.50,RL-s3-b200-a1.00,0.685,0.73,-0.04499999999999993,100,0.16928058207642216,1.0,False
BT-v3,HYB-s2-b200-a0.50,RL-s3-b300-a1.00,0.685,0.7475,-0.0625,100,0.10667106630146705,1.0,False
BT-v3,HYB-s2-b200-a0.50,RL-s4-b100-a1.00,0.685,0.7225,-0.03749999999999998,100,0.17846874836959847,1.0,False
BT-v3,HYB-s2-b200-a0.50,RL-s4-b200-a1.00,0.685,0.8475,-0.16249999999999998,100,8.799992371278152e-07,0.0029840774131004214,True
BT-v3,HYB-s2-b200-a0.50,RL-s4-b300-a1.00,0.685,0.7625,-0.0774999999999999,100,0.01461322356380259,1.0,False
BT-v3,HYB-s2-b200-a0.75,HYB-s2-b300-a0.25,0.755,0.6675,0.08750000000000002,100,0.006791898628055322,1.0,False
BT-v3,HYB-s2-b200-a0.75,HYB-s2-b300-a0.50,0.755,0.6525,0.10250000000000004,100,0.0005370065637880232,1.0,False
BT-v3,HYB-s2-b200-a0.75,HYB-s2-b300-a0.75,0.755,0.68,0.07499999999999996,100,0.016733997498942624,1.0,False
BT-v3,HYB-s2-b200-a0.75,HYB-s3-b100-a0.25,0.755,0.6425,0.11250000000000004,100,0.0005565409214528417,1.0,False
BT-v3,HYB-s2-b200-a0.75,HYB-s3-b100-a0.50,0.755,0.6025,0.15249999999999997,100,8.433344181977616e-07,0.0028622770153632028,True
BT-v3,HYB-s2-b200-a0.75,HYB-s3-b100-a0.75,0.755,0.615,0.14,100,4.355518764558228e-05,0.12883624505563238,False
BT-v3,HYB-s2-b200-a0.75,HYB-s3-b200-a0.25,0.755,0.59,0.16500000000000004,100,7.001351868014415e-07,0.002388161122179717,True
BT-v3,HYB-s2-b200-a0.75,HYB-s3-b200-a0.50,0.755,0.57,0.18500000000000005,100,3.0498894072820274e-09,1.1702425655741139e-05,True
BT-v3,HYB-s2-b200-a0.75,HYB-s3-b200-a0.75,0.755,0.615,0.14,100,4.1048768772420746e-06,0.01331622058977329,True
BT-v3,HYB-s2-b200-a0.75,HYB-s3-b300-a0.25,0.755,0.74,0.015000000000000013,100,0.5905698524972982,1.0,False
BT-v3,HYB-s2-b200-a0.75,HYB-s3-b300-a0.50,0.755,0.6425,0.11250000000000004,100,0.00024968751241818596,0.6789003462650476,False
BT-v3,HYB-s2-b200-a0.75,HYB-s3-b300-a0.75,0.755,0.695,0.06000000000000005,100,0.08075448784105307,1.0,False
BT-v3,HYB-s2-b200-a0.75,HYB-s4-b100-a0.25,0.755,0.755,0.0,100,0.8841270665272339,1.0,False
BT-v3,HYB-s2-b200-a0.75,HYB-s4-b100-a0.50,0.755,0.765,-0.010000000000000009,100,0.7368421989399212,1.0,False
BT-v3,HYB-s2-b200-a0.75,HYB-s4-b100-a0.75,0.755,0.7675,-0.012499999999999956,100,0.5323050145058197,1.0,False
BT-v3,HYB-s2-b200-a0.75,HYB-s4-b200-a0.25,0.755,0.725,0.030000000000000027,100,0.2673663444470922,1.0,False
BT-v3,HYB-s2-b200-a0.75,HYB-s4-b200-a0.50,0.755,0.7375,0.01749999999999996,100,0.705501896986118,1.0,False
BT-v3,HYB-s2-b200-a0.75,HYB-s4-b200-a0.75,0.755,0.82,-0.06499999999999995,100,0.0013388576480810794,1.0,False
BT-v3,HYB-s2-b200-a0.75,HYB-s4-b300-a0.25,0.755,0.7125,0.04249999999999998,100,0.16227816779389026,1.0,False
BT-v3,HYB-s2-b200-a0.75,HYB-s4-b300-a0.50,0.755,0.68,0.07499999999999996,100,0.011174131042773617,1.0,False
BT-v3,HYB-s2-b200-a0.75,HYB-s4-b300-a0.75,0.755,0.785,-0.030000000000000027,100,0.18064136666553765,1.0,False
BT-v3,HYB-s2-b200-a0.75,RL-s0-b0-a1.00,0.755,0.84,-0.08499999999999996,100,0.004403283772844276,1.0,False
BT-v3,HYB-s2-b200-a0.75,RL-s0-b100-a1.00,0.755,0.815,-0.05999999999999994,100,0.015912208256375744,1.0,False
BT-v3,HYB-s2-b200-a0.75,RL-s0-b200-a1.00,0.755,0.7275,0.02749999999999997,100,0.38650492765770317,1.0,False
BT-v3,HYB-s2-b200-a0.75,RL-s0-b300-a1.00,0.755,0.7375,0.01749999999999996,100,0.7402544130652022,1.0,False
BT-v3,HYB-s2-b200-a0.75,RL-s1-b100-a1.00,0.755,0.7475,0.007499999999999951,100,0.8336260930318492,1.0,False
BT-v3,HYB-s2-b200-a0.75,RL-s1-b200-a1.00,0.755,0.77,-0.015000000000000013,100,0.3500635263013585,1.0,False
BT-v3,HYB-s2-b200-a0.75,RL-s1-b300-a1.00,0.755,0.79,-0.03500000000000003,100,0.3060496290172312,1.0,False
BT-v3,HYB-s2-b200-a0.75,RL-s2-b100-a1.00,0.755,0.7475,0.007499999999999951,100,0.6020505227303516,1.0,False
BT-v3,HYB-s2-b200-a0.75,RL-s2-b200-a1.00,0.755,0.735,0.020000000000000018,100,0.3442303710122304,1.0,False
BT-v3,HYB-s2-b200-a0.75,RL-s2-b300-a1.00,0.755,0.7525,0.0025000000000000577,100,0.9664579620959389,1.0,False
BT-v3,HYB-s2-b200-a0.75,RL-s3-b100-a1.00,0.755,0.5925,0.16249999999999998,100,3.1639863794523316e-07,0.0011004344627735209,True
BT-v3,HYB-s2-b200-a0.75,RL-s3-b200-a1.00,0.755,0.73,0.025000000000000022,100,0.6822125040053173,1.0,False
BT-v3,HYB-s2-b200-a0.75,RL-s3-b300-a1.00,0.755,0.7475,0.007499999999999951,100,0.8886170938552551,1.0,False
BT-v3,HYB-s2-b200-a0.75,RL-s4-b100-a1.00,0.755,0.7225,0.03249999999999997,100,0.19992891691378345,1.0,False
BT-v3,HYB-s2-b200-a0.75,RL-s4-b200-a1.00,0.755,0.8475,-0.09250000000000003,100,0.00031862890209861895,0.8564744888410878,False
BT-v3,HYB-s2-b200-a0.75,RL-s4-b300-a1.00,0.755,0.7625,-0.007499999999999951,100,0.7200562127745922,1.0,False
BT-v3,HYB-s2-b300-a0.25,HYB-s2-b300-a0.50,0.6675,0.6525,0.015000000000000013,100,0.5612408430542489,1.0,False
BT-v3,HYB-s2-b300-a0.25,HYB-s2-b300-a0.75,0.6675,0.68,-0.012500000000000067,100,0.6310278381239556,1.0,False
BT-v3,HYB-s2-b300-a0.25,HYB-s3-b100-a0.25,0.6675,0.6425,0.025000000000000022,100,0.458504692071387,1.0,False
BT-v3,HYB-s2-b300-a0.25,HYB-s3-b100-a0.50,0.6675,0.6025,0.06499999999999995,100,0.045385937346518274,1.0,False
BT-v3,HYB-s2-b300-a0.25,HYB-s3-b100-a0.75,0.6675,0.615,0.05249999999999999,100,0.09815515413707433,1.0,False
BT-v3,HYB-s2-b300-a0.25,HYB-s3-b200-a0.25,0.6675,0.59,0.07750000000000001,100,0.013569160374679735,1.0,False
BT-v3,HYB-s2-b300-a0.25,HYB-s3-b200-a0.50,0.6675,0.57,0.09750000000000003,100,0.0001693500272124612,0.4718091758139169,False
BT-v3,HYB-s2-b300-a0.25,HYB-s3-b200-a0.75,0.6675,0.615,0.05249999999999999,100,0.09545380534786238,1.0,False
BT-v3,HYB-s2-b300-a0.25,HYB-s3-b300-a0.25,0.6675,0.74,-0.07250000000000001,100,0.05434664037655315,1.0,False
BT-v3,HYB-s2-b300-a0.25,HYB-s3-b300-a0.50,0.6675,0.6425,0.025000000000000022,100,0.4475517175613798,1.0,False
BT-v3,HYB-s2-b300-a0.25,HYB-s3-b300-a0.75,0.6675,0.695,-0.02749999999999997,100,0.4852821503215109,1.0,False
BT-v3,HYB-s2-b300-a0.25,HYB-s4-b100-a0.25,0.6675,0.755,-0.08750000000000002,100,0.001617426973929151,1.0,False
BT-v3,HYB-s2-b300-a0.25,HYB-s4-b100-a0.50,0.6675,0.765,-0.09750000000000003,100,0.0006290281953855589,1.0,False
BT-v3,HYB-s2-b300-a0.25,HYB-s4-b100-a0.75,0.6675,0.7675,-0.09999999999999998,100,0.00030404061462633046,0.8193894564179606,False
BT-v3,HYB-s2-b300-a0.25,HYB-s4-b200-a0.25,0.6675,0.725,-0.057499999999999996,100,0.029863776815071966,1.0,False
BT-v3,HYB-s2-b300-a0.25,HYB-s4-b200-a0.50,0.6675,0.7375,-0.07000000000000006,100,0.010977954430332755,1.0,False
BT-v3,HYB-s2-b300-a0.25,HYB-s4-b200-a0.75,0.6675,0.82,-0.15249999999999997,100,1.908646327046048e-06,0.006313802049868327,True
BT-v3,HYB-s2-b300-a0.25,HYB-s4-b300-a0.25,0.6675,0.7125,-0.04500000000000004,100,0.16423974461094137,1.0,False
BT-v3,HYB-s2-b300-a0.25,HYB-s4-b300-a0.50,0.6675,0.68,-0.012500000000000067,100,0.7540604429028388,1.0,False
BT-v3,HYB-s2-b300-a0.25,HYB-s4-b300-a0.75,0.6675,0.785,-0.11750000000000005,100,0.0002221632871077274,0.6082830801009577,False
BT-v3,HYB-s2-b300-a0.25,RL-s0-b0-a1.00,0.6675,0.84,-0.1725,100,6.292716430946825e-07,0.0021539968343130982,True
BT-v3,HYB-s2-b300-a0.25,RL-s0-b100-a1.00,0.6675,0.815,-0.14749999999999996,100,9.320853752237083e-07,0.003155108995132253,True
BT-v3,HYB-s2-b300-a0.25,RL-s0-b200-a1.00,0.6675,0.7275,-0.06000000000000005,100,0.07199159746968402,1.0,False
BT-v3,HYB-s2-b300-a0.25,RL-s0-b300-a1.00,0.6675,0.7375,-0.07000000000000006,100,0.019174018931471585,1.0,False
BT-v3,HYB-s2-b300-a0.25,RL-s1-b100-a1.00,0.6675,0.7475,-0.08000000000000007,100,0.01521156949653302,1.0,False
BT-v3,HYB-s2-b300-a0.25,RL-s1-b200-a1.00,0.6675,0.77,-0.10250000000000004,100,0.003743380635896309,1.0,False
BT-v3,HYB-s2-b300-a0.25,RL-s1-b300-a1.00,0.6675,0.79,-0.12250000000000005,100,0.0002386000243319849,0.6506622663533228,False
BT-v3,HYB-s2-b300-a0.25,RL-s2-b100-a1.00,0.6675,0.7475,-0.08000000000000007,100,0.013077571528181845,1.0,False
BT-v3,HYB-s2-b300-a0.25,RL-s2-b200-a1.00,0.6675,0.735,-0.0675,100,0.03804350111124491,1.0,False
BT-v3,HYB-s2-b300-a0.25,RL-s2-b300-a1.00,0.6675,0.7525,-0.08499999999999996,100,0.012401327543988473,1.0,False
BT-v3,HYB-s2-b300-a0.25,RL-s3-b100-a1.00,0.6675,0.5925,0.07499999999999996,100,0.016038279636441048,1.0,False
BT-v3,HYB-s2-b300-a0.25,RL-s3-b200-a1.00,0.6675,0.73,-0.0625,100,0.06106799827188225,1.0,False
BT-v3,HYB-s2-b300-a0.25,RL-s3-b300-a1.00,0.6675,0.7475,-0.08000000000000007,100,0.005867870886379619,1.0,False
BT-v3,HYB-s2-b300-a0.25,RL-s4-b100-a1.00,0.6675,0.7225,-0.05500000000000005,100,0.038976984583273,1.0,False
BT-v3,HYB-s2-b300-a0.25,RL-s4-b200-a1.00,0.6675,0.8475,-0.18000000000000005,100,5.154990623481558e-08,0.00018671376038250203,True
BT-v3,HYB-s2-b300-a0.25,RL-s4-b300-a1.00,0.6675,0.7625,-0.09499999999999997,100,0.0030128990457747936,1.0,False
BT-v3,HYB-s2-b300-a0.50,HYB-s2-b300-a0.75,0.6525,0.68,-0.02750000000000008,100,0.4140319443306705,1.0,False
BT-v3,HYB-s2-b300-a0.50,HYB-s3-b100-a0.25,0.6525,0.6425,0.010000000000000009,100,0.850143007888977,1.0,False
BT-v3,HYB-s2-b300-a0.50,HYB-s3-b100-a0.50,0.6525,0.6025,0.04999999999999993,100,0.07155699810582809,1.0,False
BT-v3,HYB-s2-b300-a0.50,HYB-s3-b100-a0.75,0.6525,0.615,0.03749999999999998,100,0.2393570748497731,1.0,False
BT-v3,HYB-s2-b300-a0.50,HYB-s3-b200-a0.25,0.6525,0.59,0.0625,100,0.04067800464803494,1.0,False
BT-v3,HYB-s2-b300-a0.50,HYB-s3-b200-a0.50,0.6525,0.57,0.08250000000000002,100,0.00193789556627209,1.0,False
BT-v3,HYB-s2-b300-a0.50,HYB-s3-b200-a0.75,0.6525,0.615,0.03749999999999998,100,0.2875386339317245,1.0,False
BT-v3,HYB-s2-b300-a0.50,HYB-s3-b300-a0.25,0.6525,0.74,-0.08750000000000002,100,0.007425045858406374,1.0,False
BT-v3,HYB-s2-b300-a0.50,HYB-s3-b300-a0.50,0.6525,0.6425,0.010000000000000009,100,0.8534995807711978,1.0,False
BT-v3,HYB-s2-b300-a0.50,HYB-s3-b300-a0.75,0.6525,0.695,-0.04249999999999998,100,0.17270763200509898,1.0,False
BT-v3,HYB-s2-b300-a0.50,HYB-s4-b100-a0.25,0.6525,0.755,-0.10250000000000004,100,0.000477276043220092,1.0,False
BT-v3,HYB-s2-b300-a0.50,HYB-s4-b100-a0.50,0.6525,0.765,-0.11250000000000004,100,5.484819245789501e-05,0.16059550751671658,False
BT-v3,HYB-s2-b300-a0.50,HYB-s4-b100-a0.75,0.6525,0.7675,-0.11499999999999999,100,6.189945060852182e-05,0.18074639577688373,False
BT-v3,HYB-s2-b300-a0.50,HYB-s4-b200-a0.25,0.6525,0.725,-0.07250000000000001,100,0.010573491770739966,1.0,False
BT-v3,HYB-s2-b300-a0.50,HYB-s4-b200-a0.50,0.6525,0.7375,-0.08500000000000008,100,0.004885117046658567,1.0,False
BT-v3,HYB-s2-b300-a0.50,HYB-s4-b200-a0.75,0.6525,0.82,-0.16749999999999998,100,2.059790884111986e-07,0.0007221626839696623,True
BT-v3,HYB-s2-b300-a0.50,HYB-s4-b300-a0.25,0.6525,0.7125,-0.06000000000000005,100,0.08046136878393026,1.0,False
BT-v3,HYB-s2-b300-a0.50,HYB-s4-b300-a0.50,0.6525,0.68,-0.02750000000000008,100,0.3335845676642287,1.0,False
BT-v3,HYB-s2-b300-a0.50,HYB-s4-b300-a0.75,0.6525,0.785,-0.13250000000000006,100,5.787168023162603e-07,0.0019844199151424565,True
BT-v3,HYB-s2-b300-a0.50,RL-s0-b0-a1.00,0.6525,0.84,-0.1875,100,3.4029549428460514e-07,0.001181505956156149,True
BT-v3,HYB-s2-b300-a0.50,RL-s0-b100-a1.00,0.6525,0.815,-0.16249999999999998,100,3.5584341056223874e-07,0.0012333532610087194,True
BT-v3,HYB-s2-b300-a0.50,RL-s0-b200-a1.00,0.6525,0.7275,-0.07500000000000007,100,0.004728696731658556,1.0,False
BT-v3,HYB-s2-b300-a0.50,RL-s0-b300-a1.00,0.6525,0.7375,-0.08500000000000008,100,0.0016359303383507362,1.0,False
BT-v3,HYB-s2-b300-a0.50,RL-s1-b100-a1.00,0.6525,0.7475,-0.09500000000000008,100,0.001299155401594684,1.0,False
BT-v3,HYB-s2-b300-a0.50,RL-s1-b200-a1.00,0.6525,0.77,-0.11750000000000005,100,0.0004919208466031376,1.0,False
BT-v3,HYB-s2-b300-a0.50,RL-s1-b300-a1.00,0.6525,0.79,-0.13750000000000007,100,7.802856381082672e-06,0.024750660440794235,True
BT-v3,HYB-s2-b300-a0.50,RL-s2-b100-a1.00,0.6525,0.7475,-0.09500000000000008,100,0.0009316478606743486,1.0,False
BT-v3,HYB-s2-b300-a0.50,RL-s2-b200-a1.00,0.6525,0.735,-0.08250000000000002,100,0.01006608465146241,1.0,False
BT-v3,HYB-s2-b300-a0.50,RL-s2-b300-a1.00,0.6525,0.7525,-0.09999999999999998,100,0.0007984192406330326,1.0,False
BT-v3,HYB-s2-b300-a0.50,RL-s3-b100-a1.00,0.6525,0.5925,0.05999999999999994,100,0.053681053796373446,1.0,False
BT-v3,HYB-s2-b300-a0.50,RL-s3-b200-a1.00,0.6525,0.73,-0.07750000000000001,100,0.00552426018330702,1.0,False
BT-v3,HYB-s2-b300-a0.50,RL-s3-b300-a1.00,0.6525,0.7475,-0.09500000000000008,100,0.0019864763638562893,1.0,False
BT-v3,HYB-s2-b300-a0.50,RL-s4-b100-a1.00,0.6525,0.7225,-0.07000000000000006,100,0.011235050966610994,1.0,False
BT-v3,HYB-s2-b300-a0.50,RL-s4-b200-a1.00,0.6525,0.8475,-0.19500000000000006,100,1.645606850267118e-08,6.120011876143411e-05,True
BT-v3,HYB-s2-b300-a0.50,RL-s4-b300-a1.00,0.6525,0.7625,-0.10999999999999999,100,0.00011180769377900561,0.31842831188260795,False
BT-v3,HYB-s2-b300-a0.75,HYB-s3-b100-a0.25,0.68,0.6425,0.03750000000000009,100,0.1646880964927825,1.0,False
BT-v3,HYB-s2-b300-a0.75,HYB-s3-b100-a0.50,0.68,0.6025,0.07750000000000001,100,0.00476263178517763,1.0,False
BT-v3,HYB-s2-b300-a0.75,HYB-s3-b100-a0.75,0.68,0.615,0.06500000000000006,100,0.030696278263485786,1.0,False
BT-v3,HYB-s2-b300-a0.75,HYB-s3-b200-a0.25,0.68,0.59,0.09000000000000008,100,0.0038840320617347444,1.0,False
BT-v3,HYB-s2-b300-a0.75,HYB-s3-b200-a0.50,0.68,0.57,0.1100000000000001,100,0.0001753305137497278,0.48688796670919576,False
BT-v3,HYB-s2-b300-a0.75,HYB-s3-b200-a0.75,0.68,0.615,0.06500000000000006,100,0.022395308282401355,1.0,False
BT-v3,HYB-s2-b300-a0.75,HYB-s3-b300-a0.25,0.68,0.74,-0.05999999999999994,100,0.07226401787965794,1.0,False
BT-v3,HYB-s2-b300-a0.75,HYB-s3-b300-a0.50,0.68,0.6425,0.03750000000000009,100,0.25529306044897127,1.0,False
BT-v3,HYB-s2-b300-a0.75,HYB-s3-b300-a0.75,0.68,0.695,-0.014999999999999902,100,0.6633398204178542,1.0,False
BT-v3,HYB-s2-b300-a0.75,HYB-s4-b100-a0.25,0.68,0.755,-0.07499999999999996,100,0.027066550774907727,1.0,False
BT-v3,HYB-s2-b300-a0.75,HYB-s4-b100-a0.50,0.68,0.765,-0.08499999999999996,100,0.0057665176698976795,1.0,False
BT-v3,HYB-s2-b300-a0.75,HYB-s4-b100-a0.75,0.68,0.7675,-0.08749999999999991,100,0.0014878183292993481,1.0,False
BT-v3,HYB-s2-b300-a0.75,HYB-s4-b200-a0.25,0.68,0.725,-0.04499999999999993,100,0.2352863950512134,1.0,False
BT-v3,HYB-s2-b300-a0.75,HYB-s4-b200-a0.50,0.68,0.7375,-0.057499999999999996,100,0.08527737074139716,1.0,False
BT-v3,HYB-s2-b300-a0.75,HYB-s4-b200-a0.75,0.68,0.82,-0.1399999999999999,100,3.3803330341269523e-06,0.011013125025185611,True
BT-v3,HYB-s2-b300-a0.75,HYB-s4-b300-a0.25,0.68,0.7125,-0.03249999999999997,100,0.3937485830522949,1.0,False
BT-v3,HYB-s2-b300-a0.75,HYB-s4-b300-a0.50,0.68,0.68,0.0,100,0.7341741038381245,1.0,False
BT-v3,HYB-s2-b300-a0.75,HYB-s4-b300-a0.75,0.68,0.785,-0.10499999999999998,100,0.0005246283724850259,1.0,False
BT-v3,HYB-s2-b300-a0.75,RL-s0-b0-a1.00,0.68,0.84,-0.15999999999999992,100,1.176378118232151e-05,0.0367500524135724,True
BT-v3,HYB-s2-b300-a0.75,RL-s0-b100-a1.00,0.68,0.815,-0.1349999999999999,100,2.576310086236907e-05,0.07806219561297828,False
BT-v3,HYB-s2-b300-a0.75,RL-s0-b200-a1.00,0.68,0.7275,-0.04749999999999999,100,0.1260024643019677,1.0,False
BT-v3,HYB-s2-b300-a0.75,RL-s0-b300-a1.00,0.68,0.7375,-0.057499999999999996,100,0.0174218565505301,1.0,False
BT-v3,HYB-s2-b300-a0.75,RL-s1-b100-a1.00,0.68,0.7475,-0.0675,100,0.020888137754565533,1.0,False
BT-v3,HYB-s2-b300-a0.75,RL-s1-b200-a1.00,0.68,0.77,-0.08999999999999997,100,0.0017760155192884583,1.0,False
BT-v3,HYB-s2-b300-a0.75,RL-s1-b300-a1.00,0.68,0.79,-0.10999999999999999,100,7.293141092334462e-05,0.2115010916776994,False
BT-v3,HYB-s2-b300-a0.75,RL-s2-b100-a1.00,0.68,0.7475,-0.0675,100,0.01647936456803291,1.0,False
BT-v3,HYB-s2-b300-a0.75,RL-s2-b200-a1.00,0.68,0.735,-0.05499999999999994,100,0.05619684097557281,1.0,False
BT-v3,HYB-s2-b300-a0.75,RL-s2-b300-a1.00,0.68,0.7525,-0.0724999999999999,100,0.0037611616065838125,1.0,False
BT-v3,HYB-s2-b300-a0.75,RL-s3-b100-a1.00,0.68,0.5925,0.08750000000000002,100,0.001229008978391413,1.0,False
BT-v3,HYB-s2-b300-a0.75,RL-s3-b200-a1.00,0.68,0.73,-0.04999999999999993,100,0.04945834766062944,1.0,False
BT-v3,HYB-s2-b300-a0.75,RL-s3-b300-a1.00,0.68,0.7475,-0.0675,100,0.01228904817973359,1.0,False
BT-v3,HYB-s2-b300-a0.75,RL-s4-b100-a1.00,0.68,0.7225,-0.04249999999999998,100,0.1535337150883595,1.0,False
BT-v3,HYB-s2-b300-a0.75,RL-s4-b200-a1.00,0.68,0.8475,-0.16749999999999998,100,1.425969141354691e-07,0.0005046504791254251,True
BT-v3,HYB-s2-b300-a0.75,RL-s4-b300-a1.00,0.68,0.7625,-0.0824999999999999,100,0.003857422149291787,1.0,False
BT-v3,HYB-s3-b100-a0.25,HYB-s3-b100-a0.50,0.6425,0.6025,0.039999999999999925,100,0.0562580142064986,1.0,False
BT-v3,HYB-s3-b100-a0.25,HYB-s3-b100-a0.75,0.6425,0.615,0.02749999999999997,100,0.29618658016824306,1.0,False
BT-v3,HYB-s3-b100-a0.25,HYB-s3-b200-a0.25,0.6425,0.59,0.05249999999999999,100,0.0704596179702547,1.0,False
BT-v3,HYB-s3-b100-a0.25,HYB-s3-b200-a0.50,0.6425,0.57,0.07250000000000001,100,0.043019353807428114,1.0,False
BT-v3,HYB-s3-b100-a0.25,HYB-s3-b200-a0.75,0.6425,0.615,0.02749999999999997,100,0.3486308918165941,1.0,False
BT-v3,HYB-s3-b100-a0.25,HYB-s3-b300-a0.25,0.6425,0.74,-0.09750000000000003,100,0.0007327937346511124,1.0,False
BT-v3,HYB-s3-b100-a0.25,HYB-s3-b300-a0.50,0.6425,0.6425,0.0,100,0.8641172477063723,1.0,False
BT-v3,HYB-s3-b100-a0.25,HYB-s3-b300-a0.75,0.6425,0.695,-0.05249999999999999,100,0.07325422971023249,1.0,False
BT-v3,HYB-s3-b100-a0.25,HYB-s4-b100-a0.25,0.6425,0.755,-0.11250000000000004,100,0.0007201596302251897,1.0,False
BT-v3,HYB-s3-b100-a0.25,HYB-s4-b100-a0.50,0.6425,0.765,-0.12250000000000005,100,8.60060378997345e-05,0.24786940122703482,False
BT-v3,HYB-s3-b100-a0.25,HYB-s4-b100-a0.75,0.6425,0.7675,-0.125,100,7.551573813424353e-05,0.21869357763676928,False
BT-v3,HYB-s3-b100-a0.25,HYB-s4-b200-a0.25,0.6425,0.725,-0.08250000000000002,100,0.02832496338313493,1.0,False
BT-v3,HYB-s3-b100-a0.25,HYB-s4-b200-a0.50,0.6425,0.7375,-0.09500000000000008,100,0.008354830584677939,1.0,False
BT-v3,HYB-s3-b100-a0.25,HYB-s4-b200-a0.75,0.6425,0.82,-0.1775,100,5.312105031505173e-07,0.001823645657315726,True
BT-v3,HYB-s3-b100-a0.25,HYB-s4-b300-a0.25,0.6425,0.7125,-0.07000000000000006,100,0.017410641637012083,1.0,False
BT-v3,HYB-s3-b100-a0.25,HYB-s4-b300-a0.50,0.6425,0.68,-0.03750000000000009,100,0.17242388131210473,1.0,False
BT-v3,HYB-s3-b100-a0.25,HYB-s4-b300-a0.75,0.6425,0.785,-0.14250000000000007,100,3.173018229844407e-05,0.09531746762452599,False
BT-v3,HYB-s3-b100-a0.25,RL-s0-b0-a1.00,0.6425,0.84,-0.1975,100,1.0319512022055372e-08,3.873944813079587e-05,True
BT-v3,HYB-s3-b100-a0.25,RL-s0-b100-a1.00,0.6425,0.815,-0.1725,100,1.2728612869104667e-06,0.004265358172436974,True
BT-v3,HYB-s3-b100-a0.25,RL-s0-b200-a1.00,0.6425,0.7275,-0.08500000000000008,100,0.005614788173037146,1.0,False
BT-v3,HYB-s3-b100-a0.25,RL-s0-b300-a1.00,0.6425,0.7375,-0.09500000000000008,100,0.0018272158540271624,1.0,False
BT-v3,HYB-s3-b100-a0.25,RL-s1-b100-a1.00,0.6425,0.7475,-0.1050000000000001,100,0.0001747824005691056,0.4857202911815444,False
BT-v3,HYB-s3-b100-a0.25,RL-s1-b200-a1.00,0.6425,0.77,-0.12750000000000006,100,0.00013340405186217409,0.3760660221994688,False
BT-v3,HYB-s3-b100-a0.25,RL-s1-b300-a1.00,0.6425,0.79,-0.14750000000000008,100,1.3023365626540755e-06,0.004360222811765845,True
BT-v3,HYB-s3-b100-a0.25,RL-s2-b100-a1.00,0.6425,0.7475,-0.1050000000000001,100,0.0005699061159966075,1.0,False
BT-v3,HYB-s3-b100-a0.25,RL-s2-b200-a1.00,0.6425,0.735,-0.09250000000000003,100,0.011319440721826956,1.0,False
BT-v3,HYB-s3-b100-a0.25,RL-s2-b300-a1.00,0.6425,0.7525,-0.10999999999999999,100,0.0006335635748109447,1.0,False
BT-v3,HYB-s3-b100-a0.25,RL-s3-b100-a1.00,0.6425,0.5925,0.04999999999999993,100,0.08022068283864452,1.0,False
BT-v3,HYB-s3-b100-a0.25,RL-s3-b200-a1.00,0.6425,0.73,-0.08750000000000002,100,0.007949894683082324,1.0,False
BT-v3,HYB-s3-b100-a0.25,RL-s3-b300-a1.00,0.6425,0.7475,-0.1050000000000001,100,0.0010278775790115119,1.0,False
BT-v3,HYB-s3-b100-a0.25,RL-s4-b100-a1.00,0.6425,0.7225,-0.08000000000000007,100,0.013845512190671129,1.0,False
BT-v3,HYB-s3-b100-a0.25,RL-s4-b200-a1.00,0.6425,0.8475,-0.20500000000000007,100,1.705117665239675e-08,6.334512126365391e-05,True
BT-v3,HYB-s3-b100-a0.25,RL-s4-b300-a1.00,0.6425,0.7625,-0.12,100,0.0004351372416776826,1.0,False
BT-v3,HYB-s3-b100-a0.50,HYB-s3-b100-a0.75,0.6025,0.615,-0.012499999999999956,100,0.7891519353480303,1.0,False
BT-v3,HYB-s3-b100-a0.50,HYB-s3-b200-a0.25,0.6025,0.59,0.012500000000000067,100,0.6335351396231668,1.0,False
BT-v3,HYB-s3-b100-a0.50,HYB-s3-b200-a0.50,0.6025,0.57,0.032500000000000084,100,0.25784743086366746,1.0,False
BT-v3,HYB-s3-b100-a0.50,HYB-s3-b200-a0.75,0.6025,0.615,-0.012499999999999956,100,0.709935083216418,1.0,False
BT-v3,HYB-s3-b100-a0.50,HYB-s3-b300-a0.25,0.6025,0.74,-0.13749999999999996,100,9.173816492241562e-05,0.26356374782210007,False
BT-v3,HYB-s3-b100-a0.50,HYB-s3-b300-a0.50,0.6025,0.6425,-0.039999999999999925,100,0.20118147916467755,1.0,False
BT-v3,HYB-s3-b100-a0.50,HYB-s3-b300-a0.75,0.6025,0.695,-0.09249999999999992,100,0.004315947227062971,1.0,False
BT-v3,HYB-s3-b100-a0.50,HYB-s4-b100-a0.25,0.6025,0.755,-0.15249999999999997,100,3.264392641349552e-06,0.010641920010799541,True
BT-v3,HYB-s3-b100-a0.50,HYB-s4-b100-a0.50,0.6025,0.765,-0.16249999999999998,100,5.4833744638741726e-08,0.00019822398686905135,True
BT-v3,HYB-s3-b100-a0.50,HYB-s4-b100-a0.75,0.6025,0.7675,-0.16499999999999992,100,1.5048509645896606e-07,0.0005313628755966092,True
BT-v3,HYB-s3-b100-a0.50,HYB-s4-b200-a0.25,0.6025,0.725,-0.12249999999999994,100,0.0005657351531517917,1.0,False
BT-v3,HYB-s3-b100-a0.50,HYB-s4-b200-a0.50,0.6025,0.7375,-0.135,100,3.657334692591511e-05,0.10917144057385661,False
BT-v3,HYB-s3-b100-a0.50,HYB-s4-b200-a0.75,0.6025,0.82,-0.21749999999999992,100,5.309890070544831e-10,2.092627676801718e-06,True
BT-v3,HYB-s3-b100-a0.50,HYB-s4-b300-a0.25,0.6025,0.7125,-0.10999999999999999,100,0.0005468733655014953,1.0,False
BT-v3,HYB-s3-b100-a0.50,HYB-s4-b300-a0.50,0.6025,0.68,-0.07750000000000001,100,0.009014308206668964,1.0,False
BT-v3,HYB-s3-b100-a0.50,HYB-s4-b300-a0.75,0.6025,0.785,-0.1825,100,4.773579099811367e-09,1.815392131658263e-05,True
BT-v3,HYB-s3-b100-a0.50,RL-s0-b0-a1.00,0.6025,0.84,-0.23749999999999993,100,6.336225792391964e-09,2.3995287075788366e-05,True
BT-v3,HYB-s3-b100-a0.50,RL-s0-b100-a1.00,0.6025,0.815,-0.2124999999999999,100,2.401697317238267e-09,9.253739763319042e-06,True
BT-v3,HYB-s3-b100-a0.50,RL-s0-b200-a1.00,0.6025,0.7275,-0.125,100,1.8633874636813637e-05,0.05734705260787556,False
BT-v3,HYB-s3-b100-a0.50,RL-s0-b300-a1.00,0.6025,0.7375,-0.135,100,1.1857462717882425e-06,0.0039829217269367065,True
BT-v3,HYB-s3-b100-a0.50,RL-s1-b100-a1.00,0.6025,0.7475,-0.14500000000000002,100,3.2456867388653933e-06,0.010584184455440047,True
BT-v3,HYB-s3-b100-a0.50,RL-s1-b200-a1.00,0.6025,0.77,-0.16749999999999998,100,8.732011078682007e-07,0.002961898157888937,True
BT-v3,HYB-s3-b100-a0.50,RL-s1-b300-a1.00,0.6025,0.79,-0.1875,100,2.101937333012786e-09,8.115580042762366e-06,True
BT-v3,HYB-s3-b100-a0.50,RL-s2-b100-a1.00,0.6025,0.7475,-0.14500000000000002,100,8.862457295695851e-07,0.0030043730232408934,True
BT-v3,HYB-s3-b100-a0.50,RL-s2-b200-a1.00,0.6025,0.735,-0.13249999999999995,100,0.00016498099251145267,0.4598020261294186,False
BT-v3,HYB-s3-b100-a0.50,RL-s2-b300-a1.00,0.6025,0.7525,-0.1499999999999999,100,8.221097516288332e-06,0.02601155254153628,True
BT-v3,HYB-s3-b100-a0.50,RL-s3-b100-a1.00,0.6025,0.5925,0.010000000000000009,100,0.7907650993577617,1.0,False
BT-v3,HYB-s3-b100-a0.50,RL-s3-b200-a1.00,0.6025,0.73,-0.12749999999999995,100,0.00022613353843437627,0.6182490940795847,False
BT-v3,HYB-s3-b100-a0.50,RL-s3-b300-a1.00,0.6025,0.7475,-0.14500000000000002,100,3.0619662610977438e-06,0.009994257876223036,True
BT-v3,HYB-s3-b100-a0.50,RL-s4-b100-a1.00,0.6025,0.7225,-0.12,100,0.0002849334087746128,0.7696051371002292,False
BT-v3,HYB-s3-b100-a0.50,RL-s4-b200-a1.00,0.6025,0.8475,-0.245,100,1.2691490870736554e-10,5.085480391904137e-07,True
BT-v3,HYB-s3-b100-a0.50,RL-s4-b300-a1.00,0.6025,0.7625,-0.15999999999999992,100,3.7574688291718333e-06,0.012204258757150114,True
BT-v3,HYB-s3-b100-a0.75,HYB-s3-b200-a0.25,0.615,0.59,0.025000000000000022,100,0.6115349508829337,1.0,False
BT-v3,HYB-s3-b100-a0.75,HYB-s3-b200-a0.50,0.615,0.57,0.04500000000000004,100,0.16361977080361512,1.0,False
BT-v3,HYB-s3-b100-a0.75,HYB-s3-b200-a0.75,0.615,0.615,0.0,100,0.9748381819079708,1.0,False
BT-v3,HYB-s3-b100-a0.75,HYB-s3-b300-a0.25,0.615,0.74,-0.125,100,0.0003771497536210334,1.0,False
BT-v3,HYB-s3-b100-a0.75,HYB-s3-b300-a0.50,0.615,0.6425,-0.02749999999999997,100,0.4478304848126745,1.0,False
BT-v3,HYB-s3-b100-a0.75,HYB-s3-b300-a0.75,0.615,0.695,-0.07999999999999996,100,0.012497148033393943,1.0,False
BT-v3,HYB-s3-b100-a0.75,HYB-s4-b100-a0.25,0.615,0.755,-0.14,100,0.00012381293814865316,0.3501429890843911,False
BT-v3,HYB-s3-b100-a0.75,HYB-s4-b100-a0.50,0.615,0.765,-0.15000000000000002,100,3.4374398221767986e-05,0.10284819947952982,False
BT-v3,HYB-s3-b100-a0.75,HYB-s4-b100-a0.75,0.615,0.7675,-0.15249999999999997,100,9.139099286473618e-06,0.028815580050251317,True
BT-v3,HYB-s3-b100-a0.75,HYB-s4-b200-a0.25,0.615,0.725,-0.10999999999999999,100,0.0029061067931670332,1.0,False
BT-v3,HYB-s3-b100-a0.75,HYB-s4-b200-a0.50,0.615,0.7375,-0.12250000000000005,100,0.0006331314533415708,1.0,False
BT-v3,HYB-s3-b100-a0.75,HYB-s4-b200-a0.75,0.615,0.82,-0.20499999999999996,100,1.845271724125353e-08,6.838577009608559e-05,True
BT-v3,HYB-s3-b100-a0.75,HYB-s4-b300-a0.25,0.615,0.7125,-0.09750000000000003,100,0.0032996443715880845,1.0,False
BT-v3,HYB-s3-b100-a0.75,HYB-s4-b300-a0.50,0.615,0.68,-0.06500000000000006,100,0.03483583313089643,1.0,False
BT-v3,HYB-s3-b100-a0.75,HYB-s4-b300-a0.75,0.615,0.785,-0.17000000000000004,100,2.360982228887204e-08,8.695751773345675e-05,True
BT-v3,HYB-s3-b100-a0.75,RL-s0-b0-a1.00,0.615,0.84,-0.22499999999999998,100,6.843715549458121e-08,0.000246100011158514,True
BT-v3,HYB-s3-b100-a0.75,RL-s0-b100-a1.00,0.615,0.815,-0.19999999999999996,100,1.9688840373533033e-08,7.290777590319282e-05,True
BT-v3,HYB-s3-b100-a0.75,RL-s0-b200-a1.00,0.615,0.7275,-0.11250000000000004,100,0.00029837754626842894,0.8047242422859529,False
BT-v3,HYB-s3-b100-a0.75,RL-s0-b300-a1.00,0.615,0.7375,-0.12250000000000005,100,2.1660487364773924e-05,0.06617278889938434,False
BT-v3,HYB-s3-b100-a0.75,RL-s1-b100-a1.00,0.615,0.7475,-0.13250000000000006,100,7.641688632827136e-05,0.22107405214768905,False
BT-v3,HYB-s3-b100-a0.75,RL-s1-b200-a1.00,0.615,0.77,-0.15500000000000003,100,4.532304673468377e-06,0.0146620056186702,True
BT-v3,HYB-s3-b100-a0.75,RL-s1-b300-a1.00,0.615,0.79,-0.17500000000000004,100,1.2079149261833613e-08,4.523641398556688e-05,True
BT-v3,HYB-s3-b100-a0.75,RL-s2-b100-a1.00,0.615,0.7475,-0.13250000000000006,100,2.264399219181961e-06,0.007452137830327834,True
BT-v3,HYB-s3-b100-a0.75,RL-s2-b200-a1.00,0.615,0.735,-0.12,100,0.0004914041760124826,1.0,False
BT-v3,HYB-s3-b100-a0.75,RL-s2-b300-a1.00,0.615,0.7525,-0.13749999999999996,100,2.19010066425145e-05,0.06681997126631174,False
BT-v3,HYB-s3-b100-a0.75,RL-s3-b100-a1.00,0.615,0.5925,0.022499999999999964,100,0.4466980387020142,1.0,False
BT-v3,HYB-s3-b100-a0.75,RL-s3-b200-a1.00,0.615,0.73,-0.11499999999999999,100,0.00023994981208106533,0.6541031877329841,False
BT-v3,HYB-s3-b100-a0.75,RL-s3-b300-a1.00,0.615,0.7475,-0.13250000000000006,100,1.7214251151011085e-05,0.05315760755432223,False
BT-v3,HYB-s3-b100-a0.75,RL-s4-b100-a1.00,0.615,0.7225,-0.10750000000000004,100,0.0010630964989335957,1.0,False
BT-v3,HYB-s3-b100-a0.75,RL-s4-b200-a1.00,0.615,0.8475,-0.23250000000000004,100,1.2108347275150255e-10,4.853025587880223e-07,True
BT-v3,HYB-s3-b100-a0.75,RL-s4-b300-a1.00,0.615,0.7625,-0.14749999999999996,100,3.5454283196909997e-07,0.0012291999984368697,True
BT-v3,HYB-s3-b200-a0.25,HYB-s3-b200-a0.50,0.59,0.57,0.020000000000000018,100,0.5800068733212562,1.0,False
BT-v3,HYB-s3-b200-a0.25,HYB-s3-b200-a0.75,0.59,0.615,-0.025000000000000022,100,0.3605205908606125,1.0,False
BT-v3,HYB-s3-b200-a0.25,HYB-s3-b300-a0.25,0.59,0.74,-0.15000000000000002,100,2.8700335412829434e-06,0.00939074974707779,True
BT-v3,HYB-s3-b200-a0.25,HYB-s3-b300-a0.50,0.59,0.6425,-0.05249999999999999,100,0.07779764940381245,1.0,False
BT-v3,HYB-s3-b200-a0.25,HYB-s3-b300-a0.75,0.59,0.695,-0.10499999999999998,100,0.0005630964811981899,1.0,False
BT-v3,HYB-s3-b200-a0.25,HYB-s4-b100-a0.25,0.59,0.755,-0.16500000000000004,100,6.448926901149366e-07,0.0022068227855733128,True
BT-v3,HYB-s3-b200-a0.25,HYB-s4-b100-a0.50,0.59,0.765,-0.17500000000000004,100,6.626585048884497e-08,0.00023835826420837535,True
BT-v3,HYB-s3-b200-a0.25,HYB-s4-b100-a0.75,0.59,0.7675,-0.1775,100,2.100654797245551e-09,8.112728826962318e-06,True
BT-v3,HYB-s3-b200-a0.25,HYB-s4-b200-a0.25,0.59,0.725,-0.135,100,5.452581636000626e-05,0.15970611611845834,False
BT-v3,HYB-s3-b200-a0.25,HYB-s4-b200-a0.50,0.59,0.7375,-0.14750000000000008,100,4.644205687248335e-05,0.1369576257169534,False
BT-v3,HYB-s3-b200-a0.25,HYB-s4-b200-a0.75,0.59,0.82,-0.22999999999999998,100,1.4467339053808945e-09,5.620561222404775e-06,True
BT-v3,HYB-s3-b200-a0.25,HYB-s4-b300-a0.25,0.59,0.7125,-0.12250000000000005,100,0.00011571582378534449,0.3287486553741637,False
BT-v3,HYB-s3-b200-a0.25,HYB-s4-b300-a0.50,0.59,0.68,-0.09000000000000008,100,0.0008766721334177058,1.0,False
BT-v3,HYB-s3-b200-a0.25,HYB-s4-b300-a0.75,0.59,0.785,-0.19500000000000006,100,1.3075126182762177e-08,4.890097192353054e-05,True
BT-v3,HYB-s3-b200-a0.25,RL-s0-b0-a1.00,0.59,0.84,-0.25,100,4.084282750128426e-11,1.653317657251987e-07,True
BT-v3,HYB-s3-b200-a0.25,RL-s0-b100-a1.00,0.59,0.815,-0.22499999999999998,100,4.6509210819667944e-11,1.8799023013309783e-07,True
BT-v3,HYB-s3-b200-a0.25,RL-s0-b200-a1.00,0.59,0.7275,-0.13750000000000007,100,2.4002946786892357e-05,0.07301696412572654,False
BT-v3,HYB-s3-b200-a0.25,RL-s0-b300-a1.00,0.59,0.7375,-0.14750000000000008,100,4.191303734439146e-06,0.013584015403317273,True
BT-v3,HYB-s3-b200-a0.25,RL-s1-b100-a1.00,0.59,0.7475,-0.15750000000000008,100,2.6949169296576755e-06,0.00882315802769923,True
BT-v3,HYB-s3-b200-a0.25,RL-s1-b200-a1.00,0.59,0.77,-0.18000000000000005,100,1.156264600285872e-07,0.0004105532299663972,True
BT-v3,HYB-s3-b200-a0.25,RL-s1-b300-a1.00,0.59,0.79,-0.20000000000000007,100,1.0436205326485841e-08,3.916707859030136e-05,True
BT-v3,HYB-s3-b200-a0.25,RL-s2-b100-a1.00,0.59,0.7475,-0.15750000000000008,100,1.473729408227596e-06,0.0049119401176225775,True
BT-v3,HYB-s3-b200-a0.25,RL-s2-b200-a1.00,0.59,0.735,-0.14500000000000002,100,9.499400390821684e-05,0.2725377972126741,False
BT-v3,HYB-s3-b200-a0.25,RL-s2-b300-a1.00,0.59,0.7525,-0.16249999999999998,100,2.0758714034661472e-06,0.006848299760034819,True
BT-v3,HYB-s3-b200-a0.25,RL-s3-b100-a1.00,0.59,0.5925,-0.0025000000000000577,100,0.8554668655247067,1.0,False
BT-v3,HYB-s3-b200-a0.25,RL-s3-b200-a1.00,0.59,0.73,-0.14,100,3.665539004691892e-05,0.10937968390000605,False
BT-v3,HYB-s3-b200-a0.25,RL-s3-b300-a1.00,0.59,0.7475,-0.15750000000000008,100,5.320796259024166e-06,0.017148926342834887,True
BT-v3,HYB-s3-b200-a0.25,RL-s4-b100-a1.00,0.59,0.7225,-0.13250000000000006,100,1.1472160292818484e-05,0.035907861716521855,True
BT-v3,HYB-s3-b200-a0.25,RL-s4-b200-a1.00,0.59,0.8475,-0.25750000000000006,100,6.127920355997981e-11,2.468939111431587e-07,True
BT-v3,HYB-s3-b200-a0.25,RL-s4-b300-a1.00,0.59,0.7625,-0.1725,100,7.915378102450075e-07,0.0026920200926432705,True
BT-v3,HYB-s3-b200-a0.50,HYB-s3-b200-a0.75,0.57,0.615,-0.04500000000000004,100,0.061707431884306455,1.0,False
BT-v3,HYB-s3-b200-a0.50,HYB-s3-b300-a0.25,0.57,0.74,-0.17000000000000004,100,2.937173466718671e-06,0.009604557236170055,True
BT-v3,HYB-s3-b200-a0.50,HYB-s3-b300-a0.50,0.57,0.6425,-0.07250000000000001,100,0.012426518282187741,1.0,False
BT-v3,HYB-s3-b200-a0.50,HYB-s3-b300-a0.75,0.57,0.695,-0.125,100,3.0154178308953743e-05,0.09073392253164181,False
BT-v3,HYB-s3-b200-a0.50,HYB-s4-b100-a0.25,0.57,0.755,-0.18500000000000005,100,4.97504358148187e-08,0.0001803950802645326,True
BT-v3,HYB-s3-b200-a0.50,HYB-s4-b100-a0.50,0.57,0.765,-0.19500000000000006,100,7.294879789346826e-09,2.7530876324994923e-05,True
BT-v3,HYB-s3-b200-a0.50,HYB-s4-b100-a0.75,0.57,0.7675,-0.1975,100,3.2349653451230676e-10,1.2842812420138577e-06,True
BT-v3,HYB-s3-b200-a0.50,HYB-s4-b200-a0.25,0.57,0.725,-0.15500000000000003,100,6.533349220277865e-07,0.002235002887613223,True
BT-v3,HYB-s3-b200-a0.50,HYB-s4-b200-a0.50,0.57,0.7375,-0.1675000000000001,100,9.641205900778116e-07,0.0032606558356431587,True
BT-v3,HYB-s3-b200-a0.50,HYB-s4-b200-a0.75,0.57,0.82,-0.25,100,1.0966702890257267e-11,4.4788014603810674e-08,True
BT-v3,HYB-s3-b200-a0.50,HYB-s4-b300-a0.25,0.57,0.7125,-0.14250000000000007,100,9.089638548275208e-06,0.028677809619808283,True
BT-v3,HYB-s3-b200-a0.50,HYB-s4-b300-a0.50,0.57,0.68,-0.1100000000000001,100,0.00015181852534960365,0.4246364154028414,False
BT-v3,HYB-s3-b200-a0.50,HYB-s4-b300-a0.75,0.57,0.785,-0.21500000000000008,100,2.483583710477437e-11,1.0073415529696484e-07,True
BT-v3,HYB-s3-b200-a0.50,RL-s0-b0-a1.00,0.57,0.84,-0.27,100,3.115100968858334e-12,1.2846676395571768e-08,True
BT-v3,HYB-s3-b200-a0.50,RL-s0-b100-a1.00,0.57,0.815,-0.245,100,1.901914785062668e-11,7.733185516064808e-08,True
BT-v3,HYB-s3-b200-a0.50,RL-s0-b200-a1.00,0.57,0.7275,-0.15750000000000008,100,1.1295157210962874e-06,0.003799690885767911,True
BT-v3,HYB-s3-b200-a0.50,RL-s0-b300-a1.00,0.57,0.7375,-0.1675000000000001,100,3.5282106585176946e-09,1.351304682212277e-05,True
BT-v3,HYB-s3-b200-a0.50,RL-s1-b100-a1.00,0.57,0.7475,-0.1775000000000001,100,1.0608923037407534e-07,0.00037788983859245634,True
BT-v3,HYB-s3-b200-a0.50,RL-s1-b200-a1.00,0.57,0.77,-0.20000000000000007,100,2.0530711536190713e-09,7.93512000873771e-06,True
BT-v3,HYB-s3-b200-a0.50,RL-s1-b300-a1.00,0.57,0.79,-0.22000000000000008,100,1.4802292052532232e-11,6.033414240612138e-08,True
BT-v3,HYB-s3-b200-a0.50,RL-s2-b100-a1.00,0.57,0.7475,-0.1775000000000001,100,7.358557855438143e-09,2.7763838788568115e-05,True
BT-v3,HYB-s3-b200-a0.50,RL-s2-b200-a1.00,0.57,0.735,-0.16500000000000004,100,2.137989414353378e-06,0.007042537130880027,True
BT-v3,HYB-s3-b200-a0.50,RL-s2-b300-a1.00,0.57,0.7525,-0.1825,100,2.540058246904049e-08,9.344874290359997e-05,True
BT-v3,HYB-s3-b200-a0.50,RL-s3-b100-a1.00,0.57,0.5925,-0.022500000000000075,100,0.424144458214049,1.0,False
BT-v3,HYB-s3-b200-a0.50,RL-s3-b200-a1.00,0.57,0.73,-0.16000000000000003,100,4.893717760835935e-07,0.0016814814226232273,True
BT-v3,HYB-s3-b200-a0.50,RL-s3-b300-a1.00,0.57,0.7475,-0.1775000000000001,100,5.191603703405706e-08,0.00018793605406328655,True
BT-v3,HYB-s3-b200-a0.50,RL-s4-b100-a1.00,0.57,0.7225,-0.15250000000000008,100,4.5500375066008905e-07,0.001567942924774667,True
BT-v3,HYB-s3-b200-a0.50,RL-s4-b200-a1.00,0.57,0.8475,-0.2775000000000001,100,7.813152630074265e-13,3.248708863584879e-09,True
BT-v3,HYB-s3-b200-a0.50,RL-s4-b300-a1.00,0.57,0.7625,-0.1925,100,2.883138839132233e-08,0.00010572470123097898,True
BT-v3,HYB-s3-b200-a0.75,HYB-s3-b300-a0.25,0.615,0.74,-0.125,100,0.0003007301317235238,0.8107684351266201,False
BT-v3,HYB-s3-b200-a0.75,HYB-s3-b300-a0.50,0.615,0.6425,-0.02749999999999997,100,0.2510239702093985,1.0,False
BT-v3,HYB-s3-b200-a0.75,HYB-s3-b300-a0.75,0.615,0.695,-0.07999999999999996,100,0.0022207101923295003,1.0,False
BT-v3,HYB-s3-b200-a0.75,HYB-s4-b100-a0.25,0.615,0.755,-0.14,100,8.927146107696478e-05,0.2567447220573507,False
BT-v3,HYB-s3-b200-a0.75,HYB-s4-b100-a0.50,0.615,0.765,-0.15000000000000002,100,1.3226389452278584e-06,0.004422904632841959,True
BT-v3,HYB-s3-b200-a0.75,HYB-s4-b100-a0.75,0.615,0.7675,-0.15249999999999997,100,3.6612603051137953e-07,0.0012678944436609074,True
BT-v3,HYB-s3-b200-a0.75,HYB-s4-b200-a0.25,0.615,0.725,-0.10999999999999999,100,0.0015230497715224922,1.0,False
BT-v3,HYB-s3-b200-a0.75,HYB-s4-b200-a0.50,0.615,0.7375,-0.12250000000000005,100,0.001300547726117534,1.0,False
BT-v3,HYB-s3-b200-a0.75,HYB-s4-b200-a0.75,0.615,0.82,-0.20499999999999996,100,1.6016967693806347e-09,6.216185161966243e-06,True
BT-v3,HYB-s3-b200-a0.75,HYB-s4-b300-a0.25,0.615,0.7125,-0.09750000000000003,100,0.002362005530003379,1.0,False
BT-v3,HYB-s3-b200-a0.75,HYB-s4-b300-a0.50,0.615,0.68,-0.06500000000000006,100,0.03217040956156958,1.0,False
BT-v3,HYB-s3-b200-a0.75,HYB-s4-b300-a0.75,0.615,0.785,-0.17000000000000004,100,4.6949177918085994e-09,1.7868857115623528e-05,True
BT-v3,HYB-s3-b200-a0.75,RL-s0-b0-a1.00,0.615,0.84,-0.22499999999999998,100,1.4147523898390119e-08,5.279855918879192e-05,True
BT-v3,HYB-s3-b200-a0.75,RL-s0-b100-a1.00,0.615,0.815,-0.19999999999999996,100,4.424137990300911e-09,1.6869238157017372e-05,True
BT-v3,HYB-s3-b200-a0.75,RL-s0-b200-a1.00,0.615,0.7275,-0.11250000000000004,100,1.073874566825908e-05,0.03366596766999222,True
BT-v3,HYB-s3-b200-a0.75,RL-s0-b300-a1.00,0.615,0.7375,-0.12250000000000005,100,6.110019409669499e-06,0.019570392169171405,True
BT-v3,HYB-s3-b200-a0.75,RL-s1-b100-a1.00,0.615,0.7475,-0.13250000000000006,100,2.844636617316622e-05,0.08582476425834505,False
BT-v3,HYB-s3-b200-a0.75,RL-s1-b200-a1.00,0.615,0.77,-0.15500000000000003,100,6.64803403852274e-07,0.0022716332309632202,True
BT-v3,HYB-s3-b200-a0.75,RL-s1-b300-a1.00,0.615,0.79,-0.17500000000000004,100,3.475079270253144e-08,0.00012690989494964483,True
BT-v3,HYB-s3-b200-a0.75,RL-s2-b100-a1.00,0.615,0.7475,-0.13250000000000006,100,1.0606067241674383e-05,0.03327123293713254,True
BT-v3,HYB-s3-b200-a0.75,RL-s2-b200-a1.00,0.615,0.735,-0.12,100,0.00020751898824434257,0.5712997746366751,False
BT-v3,HYB-s3-b200-a0.75,RL-s2-b300-a1.00,0.615,0.7525,-0.13749999999999996,100,5.659362790947506e-06,0.018194851372896233,True
BT-v3,HYB-s3-b200-a0.75,RL-s3-b100-a1.00,0.615,0.5925,0.022499999999999964,100,0.4271629074280415,1.0,False
BT-v3,HYB-s3-b200-a0.75,RL-s3-b200-a1.00,0.615,0.73,-0.11499999999999999,100,5.0318739118221476e-05,0.14793709300757113,False
BT-v3,HYB-s3-b200-a0.75,RL-s3-b300-a1.00,0.615,0.7475,-0.13250000000000006,100,1.500414011164724e-06,0.004994878243167366,True
BT-v3,HYB-s3-b200-a0.75,RL-s4-b100-a1.00,0.615,0.7225,-0.10750000000000004,100,0.0004803670135717403,1.0,False
BT-v3,HYB-s3-b200-a0.75,RL-s4-b200-a1.00,0.615,0.8475,-0.23250000000000004,100,1.654676244984399e-10,6.612086274957658e-07,True
BT-v3,HYB-s3-b200-a0.75,RL-s4-b300-a1.00,0.615,0.7625,-0.14749999999999996,100,4.349597667662869e-07,0.0015010461551104562,True
BT-v3,HYB-s3-b300-a0.25,HYB-s3-b300-a0.50,0.74,0.6425,0.09750000000000003,100,0.0012458900751043547,1.0,False
BT-v3,HYB-s3-b300-a0.25,HYB-s3-b300-a0.75,0.74,0.695,0.04500000000000004,100,0.10415078706359124,1.0,False
BT-v3,HYB-s3-b300-a0.25,HYB-s4-b100-a0.25,0.74,0.755,-0.015000000000000013,100,0.7139545574440316,1.0,False
BT-v3,HYB-s3-b300-a0.25,HYB-s4-b100-a0.50,0.74,0.765,-0.025000000000000022,100,0.40654924165779993,1.0,False
BT-v3,HYB-s3-b300-a0.25,HYB-s4-b100-a0.75,0.74,0.7675,-0.02749999999999997,100,0.4283024871356851,1.0,False
BT-v3,HYB-s3-b300-a0.25,HYB-s4-b200-a0.25,0.74,0.725,0.015000000000000013,100,0.6501098737490603,1.0,False
BT-v3,HYB-s3-b300-a0.25,HYB-s4-b200-a0.50,0.74,0.7375,0.0024999999999999467,100,0.9708250811043031,1.0,False
BT-v3,HYB-s3-b300-a0.25,HYB-s4-b200-a0.75,0.74,0.82,-0.07999999999999996,100,0.011156031632041706,1.0,False
BT-v3,HYB-s3-b300-a0.25,HYB-s4-b300-a0.25,0.74,0.7125,0.02749999999999997,100,0.25760240267424694,1.0,False
BT-v3,HYB-s3-b300-a0.25,HYB-s4-b300-a0.50,0.74,0.68,0.05999999999999994,100,0.04131619567876634,1.0,False
BT-v3,HYB-s3-b300-a0.25,HYB-s4-b300-a0.75,0.74,0.785,-0.04500000000000004,100,0.18832350915012885,1.0,False
BT-v3,HYB-s3-b300-a0.25,RL-s0-b0-a1.00,0.74,0.84,-0.09999999999999998,100,0.0005905942314508628,1.0,False
BT-v3,HYB-s3-b300-a0.25,RL-s0-b100-a1.00,0.74,0.815,-0.07499999999999996,100,0.01551754501453832,1.0,False
BT-v3,HYB-s3-b300-a0.25,RL-s0-b200-a1.00,0.74,0.7275,0.012499999999999956,100,0.5770070566592052,1.0,False
BT-v3,HYB-s3-b300-a0.25,RL-s0-b300-a1.00,0.74,0.7375,0.0024999999999999467,100,0.9014920692882448,1.0,False
BT-v3,HYB-s3-b300-a0.25,RL-s1-b100-a1.00,0.74,0.7475,-0.007500000000000062,100,0.885981004137434,1.0,False
BT-v3,HYB-s3-b300-a0.25,RL-s1-b200-a1.00,0.74,0.77,-0.030000000000000027,100,0.4617826962591408,1.0,False
BT-v3,HYB-s3-b300-a0.25,RL-s1-b300-a1.00,0.74,0.79,-0.050000000000000044,100,0.14613152801290408,1.0,False
BT-v3,HYB-s3-b300-a0.25,RL-s2-b100-a1.00,0.74,0.7475,-0.007500000000000062,100,0.6753163769927717,1.0,False
BT-v3,HYB-s3-b300-a0.25,RL-s2-b200-a1.00,0.74,0.735,0.0050000000000000044,100,0.9597535338572605,1.0,False
BT-v3,HYB-s3-b300-a0.25,RL-s2-b300-a1.00,0.74,0.7525,-0.012499999999999956,100,0.6213451701639696,1.0,False
BT-v3,HYB-s3-b300-a0.25,RL-s3-b100-a1.00,0.74,0.5925,0.14749999999999996,100,5.221632409103739e-05,0.15330712753128578,False
BT-v3,HYB-s3-b300-a0.25,RL-s3-b200-a1.00,0.74,0.73,0.010000000000000009,100,0.8646171137772671,1.0,False
BT-v3,HYB-s3-b300-a0.25,RL-s3-b300-a1.00,0.74,0.7475,-0.007500000000000062,100,0.915340352729355,1.0,False
BT-v3,HYB-s3-b300-a0.25,RL-s4-b100-a1.00,0.74,0.7225,0.01749999999999996,100,0.631930651014109,1.0,False
BT-v3,HYB-s3-b300-a0.25,RL-s4-b200-a1.00,0.74,0.8475,-0.10750000000000004,100,0.0013157089500558355,1.0,False
BT-v3,HYB-s3-b300-a0.25,RL-s4-b300-a1.00,0.74,0.7625,-0.022499999999999964,100,0.4186520755901738,1.0,False
BT-v3,HYB-s3-b300-a0.50,HYB-s3-b300-a0.75,0.6425,0.695,-0.05249999999999999,100,0.06014780423129241,1.0,False
BT-v3,HYB-s3-b300-a0.50,HYB-s4-b100-a0.25,0.6425,0.755,-0.11250000000000004,100,0.00021182632777219144,0.5814632697346656,False
BT-v3,HYB-s3-b300-a0.50,HYB-s4-b100-a0.50,0.6425,0.765,-0.12250000000000005,100,5.3420180573738627e-05,0.15657454926162792,False
BT-v3,HYB-s3-b300-a0.50,HYB-s4-b100-a0.75,0.6425,0.7675,-0.125,100,2.034268983581175e-05,0.06228931627725558,False
BT-v3,HYB-s3-b300-a0.50,HYB-s4-b200-a0.25,0.6425,0.725,-0.08250000000000002,100,0.015155049104246398,1.0,False
BT-v3,HYB-s3-b300-a0.50,HYB-s4-b200-a0.50,0.6425,0.7375,-0.09500000000000008,100,0.004608953192921163,1.0,False
BT-v3,HYB-s3-b300-a0.50,HYB-s4-b200-a0.75,0.6425,0.82,-0.1775,100,6.711301664040774e-07,0.0022919095182699243,True
BT-v3,HYB-s3-b300-a0.50,HYB-s4-b300-a0.25,0.6425,0.7125,-0.07000000000000006,100,0.008130295110544306,1.0,False
BT-v3,HYB-s3-b300-a0.50,HYB-s4-b300-a0.50,0.6425,0.68,-0.03750000000000009,100,0.14903112467895402,1.0,False
BT-v3,HYB-s3-b300-a0.50,HYB-s4-b300-a0.75,0.6425,0.785,-0.14250000000000007,100,2.1037788539563408e-06,0.006938262660348012,True
BT-v3,HYB-s3-b300-a0.50,RL-s0-b0-a1.00,0.6425,0.84,-0.1975,100,2.708307486503561e-08,9.953030012900587e-05,True
BT-v3,HYB-s3-b300-a0.50,RL-s0-b100-a1.00,0.6425,0.815,-0.1725,100,2.3638036973974112e-06,0.007765095145950496,True
BT-v3,HYB-s3-b300-a0.50,RL-s0-b200-a1.00,0.6425,0.7275,-0.08500000000000008,100,0.006075588855858904,1.0,False
BT-v3,HYB-s3-b300-a0.50,RL-s0-b300-a1.00,0.6425,0.7375,-0.09500000000000008,100,0.0008664190503195448,1.0,False
BT-v3,HYB-s3-b300-a0.50,RL-s1-b100-a1.00,0.6425,0.7475,-0.1050000000000001,100,0.00011256726220330922,0.32025386096841474,False
BT-v3,HYB-s3-b300-a0.50,RL-s1-b200-a1.00,0.6425,0.77,-0.12750000000000006,100,4.365456655128317e-05,0.12908655329214433,False
BT-v3,HYB-s3-b300-a0.50,RL-s1-b300-a1.00,0.6425,0.79,-0.14750000000000008,100,6.153063529923952e-07,0.0021080395653519457,True
BT-v3,HYB-s3-b300-a0.50,RL-s2-b100-a1.00,0.6425,0.7475,-0.1050000000000001,100,0.0002147325671946938,0.5890114318150451,False
BT-v3,HYB-s3-b300-a0.50,RL-s2-b200-a1.00,0.6425,0.735,-0.09250000000000003,100,0.006825395276257167,1.0,False
BT-v3,HYB-s3-b300-a0.50,RL-s2-b300-a1.00,0.6425,0.7525,-0.10999999999999999,100,0.00013285158813381248,0.3746414785373512,False
BT-v3,HYB-s3-b300-a0.50,RL-s3-b100-a1.00,0.6425,0.5925,0.04999999999999993,100,0.12757441293984514,1.0,False
BT-v3,HYB-s3-b300-a0.50,RL-s3-b200-a1.00,0.6425,0.73,-0.08750000000000002,100,0.0017315720093228587,1.0,False
BT-v3,HYB-s3-b300-a0.50,RL-s3-b300-a1.00,0.6425,0.7475,-0.1050000000000001,100,0.000886895967886631,1.0,False
BT-v3,HYB-s3-b300-a0.50,RL-s4-b100-a1.00,0.6425,0.7225,-0.08000000000000007,100,0.01111385764820166,1.0,False
BT-v3,HYB-s3-b300-a0.50,RL-s4-b200-a1.00,0.6425,0.8475,-0.20500000000000007,100,1.2435588057563155e-08,4.653397051140133e-05,True
BT-v3,HYB-s3-b300-a0.50,RL-s4-b300-a1.00,0.6425,0.7625,-0.12,100,0.00017532876006812954,0.48688796670919576,False
BT-v3,HYB-s3-b300-a0.75,HYB-s4-b100-a0.25,0.695,0.755,-0.06000000000000005,100,0.10790659112202124,1.0,False
BT-v3,HYB-s3-b300-a0.75,HYB-s4-b100-a0.50,0.695,0.765,-0.07000000000000006,100,0.020841140145912693,1.0,False
BT-v3,HYB-s3-b300-a0.75,HYB-s4-b100-a0.75,0.695,0.7675,-0.07250000000000001,100,0.00909443048677729,1.0,False
BT-v3,HYB-s3-b300-a0.75,HYB-s4-b200-a0.25,0.695,0.725,-0.030000000000000027,100,0.44425359634007044,1.0,False
BT-v3,HYB-s3-b300-a0.75,HYB-s4-b200-a0.50,0.695,0.7375,-0.04250000000000009,100,0.20284409060585795,1.0,False
BT-v3,HYB-s3-b300-a0.75,HYB-s4-b200-a0.75,0.695,0.82,-0.125,100,0.00022522468993217356,0.6159895269644947,False
BT-v3,HYB-s3-b300-a0.75,HYB-s4-b300-a0.25,0.695,0.7125,-0.01750000000000007,100,0.5343793685582418,1.0,False
BT-v3,HYB-s3-b300-a0.75,HYB-s4-b300-a0.50,0.695,0.68,0.014999999999999902,100,0.6747342743819256,1.0,False
BT-v3,HYB-s3-b300-a0.75,HYB-s4-b300-a0.75,0.695,0.785,-0.09000000000000008,100,0.0007257839853595907,1.0,False
BT-v3,HYB-s3-b300-a0.75,RL-s0-b0-a1.00,0.695,0.84,-0.14500000000000002,100,4.400312187104027e-05,0.130029225128924,False
BT-v3,HYB-s3-b300-a0.75,RL-s0-b100-a1.00,0.695,0.815,-0.12,100,0.00021106201023900475,0.579998404136785,False
BT-v3,HYB-s3-b300-a0.75,RL-s0-b200-a1.00,0.695,0.7275,-0.032500000000000084,100,0.22694715967143464,1.0,False
BT-v3,HYB-s3-b300-a0.75,RL-s0-b300-a1.00,0.695,0.7375,-0.04250000000000009,100,0.08684870072879988,1.0,False
BT-v3,HYB-s3-b300-a0.75,RL-s1-b100-a1.00,0.695,0.7475,-0.0525000000000001,100,0.05746557072102593,1.0,False
BT-v3,HYB-s3-b300-a0.75,RL-s1-b200-a1.00,0.695,0.77,-0.07500000000000007,100,0.010181815227822043,1.0,False
BT-v3,HYB-s3-b300-a0.75,RL-s1-b300-a1.00,0.695,0.79,-0.09500000000000008,100,0.0008020225373537944,1.0,False
BT-v3,HYB-s3-b300-a0.75,RL-s2-b100-a1.00,0.695,0.7475,-0.0525000000000001,100,0.08767897222697195,1.0,False
BT-v3,HYB-s3-b300-a0.75,RL-s2-b200-a1.00,0.695,0.735,-0.040000000000000036,100,0.222276507492966,1.0,False
BT-v3,HYB-s3-b300-a0.75,RL-s2-b300-a1.00,0.695,0.7525,-0.057499999999999996,100,0.08546400021881181,1.0,False
BT-v3,HYB-s3-b300-a0.75,RL-s3-b100-a1.00,0.695,0.5925,0.10249999999999992,100,0.0005574799506469128,1.0,False
BT-v3,HYB-s3-b300-a0.75,RL-s3-b200-a1.00,0.695,0.73,-0.03500000000000003,100,0.15201824973346903,1.0,False
BT-v3,HYB-s3-b300-a0.75,RL-s3-b300-a1.00,0.695,0.7475,-0.0525000000000001,100,0.05483743873236709,1.0,False
BT-v3,HYB-s3-b300-a0.75,RL-s4-b100-a1.00,0.695,0.7225,-0.02750000000000008,100,0.2809609531365901,1.0,False
BT-v3,HYB-s3-b300-a0.75,RL-s4-b200-a1.00,0.695,0.8475,-0.15250000000000008,100,1.3837615453645046e-05,0.04304882167628974,True
BT-v3,HYB-s3-b300-a0.75,RL-s4-b300-a1.00,0.695,0.7625,-0.0675,100,0.020125958650257285,1.0,False
BT-v3,HYB-s4-b100-a0.25,HYB-s4-b100-a0.50,0.755,0.765,-0.010000000000000009,100,0.745463499717341,1.0,False
BT-v3,HYB-s4-b100-a0.25,HYB-s4-b100-a0.75,0.755,0.7675,-0.012499999999999956,100,0.7381564961613372,1.0,False
BT-v3,HYB-s4-b100-a0.25,HYB-s4-b200-a0.25,0.755,0.725,0.030000000000000027,100,0.31894276403714217,1.0,False
BT-v3,HYB-s4-b100-a0.25,HYB-s4-b200-a0.50,0.755,0.7375,0.01749999999999996,100,0.7523229905152878,1.0,False
BT-v3,HYB-s4-b100-a0.25,HYB-s4-b200-a0.75,0.755,0.82,-0.06499999999999995,100,0.011888319159649482,1.0,False
BT-v3,HYB-s4-b100-a0.25,HYB-s4-b300-a0.25,0.755,0.7125,0.04249999999999998,100,0.17525245470149797,1.0,False
BT-v3,HYB-s4-b100-a0.25,HYB-s4-b300-a0.50,0.755,0.68,0.07499999999999996,100,0.0244592415605123,1.0,False
BT-v3,HYB-s4-b100-a0.25,HYB-s4-b300-a0.75,0.755,0.785,-0.030000000000000027,100,0.29142455778120413,1.0,False
BT-v3,HYB-s4-b100-a0.25,RL-s0-b0-a1.00,0.755,0.84,-0.08499999999999996,100,0.0019669844805710653,1.0,False
BT-v3,HYB-s4-b100-a0.25,RL-s0-b100-a1.00,0.755,0.815,-0.05999999999999994,100,0.0460535596517649,1.0,False
BT-v3,HYB-s4-b100-a0.25,RL-s0-b200-a1.00,0.755,0.7275,0.02749999999999997,100,0.38465738611510014,1.0,False
BT-v3,HYB-s4-b100-a0.25,RL-s0-b300-a1.00,0.755,0.7375,0.01749999999999996,100,0.6013865407326109,1.0,False
BT-v3,HYB-s4-b100-a0.25,RL-s1-b100-a1.00,0.755,0.7475,0.007499999999999951,100,0.8180154356160266,1.0,False
BT-v3,HYB-s4-b100-a0.25,RL-s1-b200-a1.00,0.755,0.77,-0.015000000000000013,100,0.44578818541271026,1.0,False
BT-v3,HYB-s4-b100-a0.25,RL-s1-b300-a1.00,0.755,0.79,-0.03500000000000003,100,0.2653733311919081,1.0,False
BT-v3,HYB-s4-b100-a0.25,RL-s2-b100-a1.00,0.755,0.7475,0.007499999999999951,100,0.8712599500347923,1.0,False
BT-v3,HYB-s4-b100-a0.25,RL-s2-b200-a1.00,0.755,0.735,0.020000000000000018,100,0.35851541110646934,1.0,False
BT-v3,HYB-s4-b100-a0.25,RL-s2-b300-a1.00,0.755,0.7525,0.0025000000000000577,100,0.9680344902630657,1.0,False
BT-v3,HYB-s4-b100-a0.25,RL-s3-b100-a1.00,0.755,0.5925,0.16249999999999998,100,7.2868217599492e-06,0.023157519553118556,True
BT-v3,HYB-s4-b100-a0.25,RL-s3-b200-a1.00,0.755,0.73,0.025000000000000022,100,0.8138448013934593,1.0,False
BT-v3,HYB-s4-b100-a0.25,RL-s3-b300-a1.00,0.755,0.7475,0.007499999999999951,100,0.9596866426124039,1.0,False
BT-v3,HYB-s4-b100-a0.25,RL-s4-b100-a1.00,0.755,0.7225,0.03249999999999997,100,0.30869594104185527,1.0,False
BT-v3,HYB-s4-b100-a0.25,RL-s4-b200-a1.00,0.755,0.8475,-0.09250000000000003,100,0.0009547554062540545,1.0,False
BT-v3,HYB-s4-b100-a0.25,RL-s4-b300-a1.00,0.755,0.7625,-0.007499999999999951,100,0.6370633315780745,1.0,False
BT-v3,HYB-s4-b100-a0.50,HYB-s4-b100-a0.75,0.765,0.7675,-0.0024999999999999467,100,0.9299550190240778,1.0,False
BT-v3,HYB-s4-b100-a0.50,HYB-s4-b200-a0.25,0.765,0.725,0.040000000000000036,100,0.14526523781145165,1.0,False
BT-v3,HYB-s4-b100-a0.50,HYB-s4-b200-a0.50,0.765,0.7375,0.02749999999999997,100,0.7860114501359955,1.0,False
BT-v3,HYB-s4-b100-a0.50,HYB-s4-b200-a0.75,0.765,0.82,-0.05499999999999994,100,0.014472738397118157,1.0,False
BT-v3,HYB-s4-b100-a0.50,HYB-s4-b300-a0.25,0.765,0.7125,0.05249999999999999,100,0.11911958827950192,1.0,False
BT-v3,HYB-s4-b100-a0.50,HYB-s4-b300-a0.50,0.765,0.68,0.08499999999999996,100,0.005558332828410283,1.0,False
BT-v3,HYB-s4-b100-a0.50,HYB-s4-b300-a0.75,0.765,0.785,-0.020000000000000018,100,0.4764833565046449,1.0,False
BT-v3,HYB-s4-b100-a0.50,RL-s0-b0-a1.00,0.765,0.84,-0.07499999999999996,100,0.00920872208774613,1.0,False
BT-v3,HYB-s4-b100-a0.50,RL-s0-b100-a1.00,0.765,0.815,-0.04999999999999993,100,0.05978793785555255,1.0,False
BT-v3,HYB-s4-b100-a0.50,RL-s0-b200-a1.00,0.765,0.7275,0.03749999999999998,100,0.18604313260302052,1.0,False
BT-v3,HYB-s4-b100-a0.50,RL-s0-b300-a1.00,0.765,0.7375,0.02749999999999997,100,0.3149111007874805,1.0,False
BT-v3,HYB-s4-b100-a0.50,RL-s1-b100-a1.00,0.765,0.7475,0.01749999999999996,100,0.5672635043507972,1.0,False
BT-v3,HYB-s4-b100-a0.50,RL-s1-b200-a1.00,0.765,0.77,-0.0050000000000000044,100,0.761721072970155,1.0,False
BT-v3,HYB-s4-b100-a0.50,RL-s1-b300-a1.00,0.765,0.79,-0.025000000000000022,100,0.4692601684594485,1.0,False
BT-v3,HYB-s4-b100-a0.50,RL-s2-b100-a1.00,0.765,0.7475,0.01749999999999996,100,0.563574974492731,1.0,False
BT-v3,HYB-s4-b100-a0.50,RL-s2-b200-a1.00,0.765,0.735,0.030000000000000027,100,0.35408924963699917,1.0,False
BT-v3,HYB-s4-b100-a0.50,RL-s2-b300-a1.00,0.765,0.7525,0.012500000000000067,100,0.9790587652883107,1.0,False
BT-v3,HYB-s4-b100-a0.50,RL-s3-b100-a1.00,0.765,0.5925,0.1725,100,4.739496073517496e-07,0.0016308605988973703,True
BT-v3,HYB-s4-b100-a0.50,RL-s3-b200-a1.00,0.765,0.73,0.03500000000000003,100,0.460074917138357,1.0,False
BT-v3,HYB-s4-b100-a0.50,RL-s3-b300-a1.00,0.765,0.7475,0.01749999999999996,100,0.9067432021824604,1.0,False
BT-v3,HYB-s4-b100-a0.50,RL-s4-b100-a1.00,0.765,0.7225,0.04249999999999998,100,0.06781645951955662,1.0,False
BT-v3,HYB-s4-b100-a0.50,RL-s4-b200-a1.00,0.765,0.8475,-0.08250000000000002,100,0.0030145313357662486,1.0,False
BT-v3,HYB-s4-b100-a0.50,RL-s4-b300-a1.00,0.765,0.7625,0.0025000000000000577,100,0.9344015338358203,1.0,False
BT-v3,HYB-s4-b100-a0.75,HYB-s4-b200-a0.25,0.7675,0.725,0.04249999999999998,100,0.11828840696269244,1.0,False
BT-v3,HYB-s4-b100-a0.75,HYB-s4-b200-a0.50,0.7675,0.7375,0.029999999999999916,100,0.3471582615512627,1.0,False
BT-v3,HYB-s4-b100-a0.75,HYB-s4-b200-a0.75,0.7675,0.82,-0.05249999999999999,100,0.041644873761895435,1.0,False
BT-v3,HYB-s4-b100-a0.75,HYB-s4-b300-a0.25,0.7675,0.7125,0.05499999999999994,100,0.0789087351430014,1.0,False
BT-v3,HYB-s4-b100-a0.75,HYB-s4-b300-a0.50,0.7675,0.68,0.08749999999999991,100,0.002045114922107454,1.0,False
BT-v3,HYB-s4-b100-a0.75,HYB-s4-b300-a0.75,0.7675,0.785,-0.01750000000000007,100,0.4249721403112209,1.0,False
BT-v3,HYB-s4-b100-a0.75,RL-s0-b0-a1.00,0.7675,0.84,-0.07250000000000001,100,0.027116240993782074,1.0,False
BT-v3,HYB-s4-b100-a0.75,RL-s0-b100-a1.00,0.7675,0.815,-0.04749999999999999,100,0.03813388237264517,1.0,False
BT-v3,HYB-s4-b100-a0.75,RL-s0-b200-a1.00,0.7675,0.7275,0.039999999999999925,100,0.17563995063723237,1.0,False
BT-v3,HYB-s4-b100-a0.75,RL-s0-b300-a1.00,0.7675,0.7375,0.029999999999999916,100,0.36144144022722846,1.0,False
BT-v3,HYB-s4-b100-a0.75,RL-s1-b100-a1.00,0.7675,0.7475,0.019999999999999907,100,0.5507130886590117,1.0,False
BT-v3,HYB-s4-b100-a0.75,RL-s1-b200-a1.00,0.7675,0.77,-0.0025000000000000577,100,0.7759835617757,1.0,False
BT-v3,HYB-s4-b100-a0.75,RL-s1-b300-a1.00,0.7675,0.79,-0.022500000000000075,100,0.4202471788477361,1.0,False
BT-v3,HYB-s4-b100-a0.75,RL-s2-b100-a1.00,0.7675,0.7475,0.019999999999999907,100,0.60446067311696,1.0,False
BT-v3,HYB-s4-b100-a0.75,RL-s2-b200-a1.00,0.7675,0.735,0.03249999999999997,100,0.2316248416490152,1.0,False
BT-v3,HYB-s4-b100-a0.75,RL-s2-b300-a1.00,0.7675,0.7525,0.015000000000000013,100,0.7610583633923137,1.0,False
BT-v3,HYB-s4-b100-a0.75,RL-s3-b100-a1.00,0.7675,0.5925,0.17499999999999993,100,4.5749805050954345e-07,0.0015760807840053772,True
BT-v3,HYB-s4-b100-a0.75,RL-s3-b200-a1.00,0.7675,0.73,0.03749999999999998,100,0.40898927728551693,1.0,False
BT-v3,HYB-s4-b100-a0.75,RL-s3-b300-a1.00,0.7675,0.7475,0.019999999999999907,100,0.5849793528679754,1.0,False
BT-v3,HYB-s4-b100-a0.75,RL-s4-b100-a1.00,0.7675,0.7225,0.04499999999999993,100,0.03348376158177895,1.0,False
BT-v3,HYB-s4-b100-a0.75,RL-s4-b200-a1.00,0.7675,0.8475,-0.08000000000000007,100,0.0030156202056512422,1.0,False
BT-v3,HYB-s4-b100-a0.75,RL-s4-b300-a1.00,0.7675,0.7625,0.0050000000000000044,100,0.743618302422178,1.0,False
BT-v3,HYB-s4-b200-a0.25,HYB-s4-b200-a0.50,0.725,0.7375,-0.012500000000000067,100,0.45328818565590234,1.0,False
BT-v3,HYB-s4-b200-a0.25,HYB-s4-b200-a0.75,0.725,0.82,-0.09499999999999997,100,0.0009509800034426524,1.0,False
BT-v3,HYB-s4-b200-a0.25,HYB-s4-b300-a0.25,0.725,0.7125,0.012499999999999956,100,0.6834197362446988,1.0,False
BT-v3,HYB-s4-b200-a0.25,HYB-s4-b300-a0.50,0.725,0.68,0.04499999999999993,100,0.2063452442964514,1.0,False
BT-v3,HYB-s4-b200-a0.25,HYB-s4-b300-a0.75,0.725,0.785,-0.06000000000000005,100,0.04725819018725189,1.0,False
BT-v3,HYB-s4-b200-a0.25,RL-s0-b0-a1.00,0.725,0.84,-0.11499999999999999,100,0.0001446354037899353,0.4059915784383484,False
BT-v3,HYB-s4-b200-a0.25,RL-s0-b100-a1.00,0.725,0.815,-0.08999999999999997,100,0.0016524419653012427,1.0,False
BT-v3,HYB-s4-b200-a0.25,RL-s0-b200-a1.00,0.725,0.7275,-0.0025000000000000577,100,0.8724399192560937,1.0,False
BT-v3,HYB-s4-b200-a0.25,RL-s0-b300-a1.00,0.725,0.7375,-0.012500000000000067,100,0.7256896580168661,1.0,False
BT-v3,HYB-s4-b200-a0.25,RL-s1-b100-a1.00,0.725,0.7475,-0.022500000000000075,100,0.45006474703984833,1.0,False
BT-v3,HYB-s4-b200-a0.25,RL-s1-b200-a1.00,0.725,0.77,-0.04500000000000004,100,0.14082201252743554,1.0,False
BT-v3,HYB-s4-b200-a0.25,RL-s1-b300-a1.00,0.725,0.79,-0.06500000000000006,100,0.03724180979387298,1.0,False
BT-v3,HYB-s4-b200-a0.25,RL-s2-b100-a1.00,0.725,0.7475,-0.022500000000000075,100,0.44800148264112927,1.0,False
BT-v3,HYB-s4-b200-a0.25,RL-s2-b200-a1.00,0.725,0.735,-0.010000000000000009,100,0.8938972978162282,1.0,False
BT-v3,HYB-s4-b200-a0.25,RL-s2-b300-a1.00,0.725,0.7525,-0.02749999999999997,100,0.4080868094870922,1.0,False
BT-v3,HYB-s4-b200-a0.25,RL-s3-b100-a1.00,0.725,0.5925,0.13249999999999995,100,0.0003116894270659664,0.8384445588074496,False
BT-v3,HYB-s4-b200-a0.25,RL-s3-b200-a1.00,0.725,0.73,-0.0050000000000000044,100,0.7123404263667106,1.0,False
BT-v3,HYB-s4-b200-a0.25,RL-s3-b300-a1.00,0.725,0.7475,-0.022500000000000075,100,0.4383514448874637,1.0,False
BT-v3,HYB-s4-b200-a0.25,RL-s4-b100-a1.00,0.725,0.7225,0.0024999999999999467,100,0.9145731365271114,1.0,False
BT-v3,HYB-s4-b200-a0.25,RL-s4-b200-a1.00,0.725,0.8475,-0.12250000000000005,100,0.0002420823335599828,0.6594322766173931,False
BT-v3,HYB-s4-b200-a0.25,RL-s4-b300-a1.00,0.725,0.7625,-0.03749999999999998,100,0.18619535056796188,1.0,False
BT-v3,HYB-s4-b200-a0.50,HYB-s4-b200-a0.75,0.7375,0.82,-0.0824999999999999,100,0.0060957979011795884,1.0,False
BT-v3,HYB-s4-b200-a0.50,HYB-s4-b300-a0.25,0.7375,0.7125,0.025000000000000022,100,0.49210227089657776,1.0,False
BT-v3,HYB-s4-b200-a0.50,HYB-s4-b300-a0.50,0.7375,0.68,0.057499999999999996,100,0.07308696871697268,1.0,False
BT-v3,HYB-s4-b200-a0.50,HYB-s4-b300-a0.75,0.7375,0.785,-0.04749999999999999,100,0.15454792799175698,1.0,False
BT-v3,HYB-s4-b200-a0.50,RL-s0-b0-a1.00,0.7375,0.84,-0.10249999999999992,100,0.002384084691888441,1.0,False
BT-v3,HYB-s4-b200-a0.50,RL-s0-b100-a1.00,0.7375,0.815,-0.0774999999999999,100,0.008136144219298811,1.0,False
BT-v3,HYB-s4-b200-a0.50,RL-s0-b200-a1.00,0.7375,0.7275,0.010000000000000009,100,0.7183114512778664,1.0,False
BT-v3,HYB-s4-b200-a0.50,RL-s0-b300-a1.00,0.7375,0.7375,0.0,100,0.981905148257314,1.0,False
BT-v3,HYB-s4-b200-a0.50,RL-s1-b100-a1.00,0.7375,0.7475,-0.010000000000000009,100,0.7803906666912759,1.0,False
BT-v3,HYB-s4-b200-a0.50,RL-s1-b200-a1.00,0.7375,0.77,-0.03249999999999997,100,0.374049594103422,1.0,False
BT-v3,HYB-s4-b200-a0.50,RL-s1-b300-a1.00,0.7375,0.79,-0.05249999999999999,100,0.09404930374278384,1.0,False
BT-v3,HYB-s4-b200-a0.50,RL-s2-b100-a1.00,0.7375,0.7475,-0.010000000000000009,100,0.8467084018290403,1.0,False
BT-v3,HYB-s4-b200-a0.50,RL-s2-b200-a1.00,0.7375,0.735,0.0025000000000000577,100,0.7691960823562363,1.0,False
BT-v3,HYB-s4-b200-a0.50,RL-s2-b300-a1.00,0.7375,0.7525,-0.014999999999999902,100,0.7029066750067007,1.0,False
BT-v3,HYB-s4-b200-a0.50,RL-s3-b100-a1.00,0.7375,0.5925,0.14500000000000002,100,4.7246411698632306e-05,0.1392351752758694,False
BT-v3,HYB-s4-b200-a0.50,RL-s3-b200-a1.00,0.7375,0.73,0.007500000000000062,100,0.8047582204428118,1.0,False
BT-v3,HYB-s4-b200-a0.50,RL-s3-b300-a1.00,0.7375,0.7475,-0.010000000000000009,100,0.6330274506184999,1.0,False
BT-v3,HYB-s4-b200-a0.50,RL-s4-b100-a1.00,0.7375,0.7225,0.015000000000000013,100,0.4545099172219108,1.0,False
BT-v3,HYB-s4-b200-a0.50,RL-s4-b200-a1.00,0.7375,0.8475,-0.10999999999999999,100,0.0007052443823588112,1.0,False
BT-v3,HYB-s4-b200-a0.50,RL-s4-b300-a1.00,0.7375,0.7625,-0.02499999999999991,100,0.45082644961625973,1.0,False
BT-v3,HYB-s4-b200-a0.75,HYB-s4-b300-a0.25,0.82,0.7125,0.10749999999999993,100,0.0018303562875100832,1.0,False
BT-v3,HYB-s4-b200-a0.75,HYB-s4-b300-a0.50,0.82,0.68,0.1399999999999999,100,1.8368934519792142e-05,0.05663142512451917,False
BT-v3,HYB-s4-b200-a0.75,HYB-s4-b300-a0.75,0.82,0.785,0.03499999999999992,100,0.3038539049915394,1.0,False
BT-v3,HYB-s4-b200-a0.75,RL-s0-b0-a1.00,0.82,0.84,-0.020000000000000018,100,0.2849670794365975,1.0,False
BT-v3,HYB-s4-b200-a0.75,RL-s0-b100-a1.00,0.82,0.815,0.0050000000000000044,100,0.4960634626829803,1.0,False
BT-v3,HYB-s4-b200-a0.75,RL-s0-b200-a1.00,0.82,0.7275,0.09249999999999992,100,0.0005217513976505942,1.0,False
BT-v3,HYB-s4-b200-a0.75,RL-s0-b300-a1.00,0.82,0.7375,0.0824999999999999,100,0.0031910594626152694,1.0,False
BT-v3,HYB-s4-b200-a0.75,RL-s1-b100-a1.00,0.82,0.7475,0.0724999999999999,100,0.03374490869545802,1.0,False
BT-v3,HYB-s4-b200-a0.75,RL-s1-b200-a1.00,0.82,0.77,0.04999999999999993,100,0.20165433129792742,1.0,False
BT-v3,HYB-s4-b200-a0.75,RL-s1-b300-a1.00,0.82,0.79,0.029999999999999916,100,0.31185498404628087,1.0,False
BT-v3,HYB-s4-b200-a0.75,RL-s2-b100-a1.00,0.82,0.7475,0.0724999999999999,100,0.021059184099489134,1.0,False
BT-v3,HYB-s4-b200-a0.75,RL-s2-b200-a1.00,0.82,0.735,0.08499999999999996,100,0.0007677765194569027,1.0,False
BT-v3,HYB-s4-b200-a0.75,RL-s2-b300-a1.00,0.82,0.7525,0.0675,100,0.033416076357101254,1.0,False
BT-v3,HYB-s4-b200-a0.75,RL-s3-b100-a1.00,0.82,0.5925,0.22749999999999992,100,1.9000417640083148e-10,7.583066680157184e-07,True
BT-v3,HYB-s4-b200-a0.75,RL-s3-b200-a1.00,0.82,0.73,0.08999999999999997,100,0.003625952657688445,1.0,False
BT-v3,HYB-s4-b200-a0.75,RL-s3-b300-a1.00,0.82,0.7475,0.0724999999999999,100,0.01297583783070892,1.0,False
BT-v3,HYB-s4-b200-a0.75,RL-s4-b100-a1.00,0.82,0.7225,0.09749999999999992,100,0.00018682075877908693,0.5173066810592917,False
BT-v3,HYB-s4-b200-a0.75,RL-s4-b200-a1.00,0.82,0.8475,-0.02750000000000008,100,0.2709457165715238,1.0,False
BT-v3,HYB-s4-b200-a0.75,RL-s4-b300-a1.00,0.82,0.7625,0.057499999999999996,100,0.05174455601362633,1.0,False
BT-v3,HYB-s4-b300-a0.25,HYB-s4-b300-a0.50,0.7125,0.68,0.03249999999999997,100,0.3164136540010054,1.0,False
BT-v3,HYB-s4-b300-a0.25,HYB-s4-b300-a0.75,0.7125,0.785,-0.07250000000000001,100,0.01801636599933312,1.0,False
BT-v3,HYB-s4-b300-a0.25,RL-s0-b0-a1.00,0.7125,0.84,-0.12749999999999995,100,8.852755110083147e-05,0.25469376451709214,False
BT-v3,HYB-s4-b300-a0.25,RL-s0-b100-a1.00,0.7125,0.815,-0.10249999999999992,100,0.002236514259312629,1.0,False
BT-v3,HYB-s4-b300-a0.25,RL-s0-b200-a1.00,0.7125,0.7275,-0.015000000000000013,100,0.505213237975479,1.0,False
BT-v3,HYB-s4-b300-a0.25,RL-s0-b300-a1.00,0.7125,0.7375,-0.025000000000000022,100,0.33053729789586994,1.0,False
BT-v3,HYB-s4-b300-a0.25,RL-s1-b100-a1.00,0.7125,0.7475,-0.03500000000000003,100,0.3576305223523144,1.0,False
BT-v3,HYB-s4-b300-a0.25,RL-s1-b200-a1.00,0.7125,0.77,-0.057499999999999996,100,0.08800605232065063,1.0,False
BT-v3,HYB-s4-b300-a0.25,RL-s1-b300-a1.00,0.7125,0.79,-0.07750000000000001,100,0.004605234498579599,1.0,False
BT-v3,HYB-s4-b300-a0.25,RL-s2-b100-a1.00,0.7125,0.7475,-0.03500000000000003,100,0.1348074750013015,1.0,False
BT-v3,HYB-s4-b300-a0.25,RL-s2-b200-a1.00,0.7125,0.735,-0.022499999999999964,100,0.5086887753437785,1.0,False
BT-v3,HYB-s4-b300-a0.25,RL-s2-b300-a1.00,0.7125,0.7525,-0.039999999999999925,100,0.1856481098716367,1.0,False
BT-v3,HYB-s4-b300-a0.25,RL-s3-b100-a1.00,0.7125,0.5925,0.12,100,0.0002969629087872554,0.8012059279080151,False
BT-v3,HYB-s4-b300-a0.25,RL-s3-b200-a1.00,0.7125,0.73,-0.01749999999999996,100,0.43479726796801643,1.0,False
BT-v3,HYB-s4-b300-a0.25,RL-s3-b300-a1.00,0.7125,0.7475,-0.03500000000000003,100,0.27207793114720313,1.0,False
BT-v3,HYB-s4-b300-a0.25,RL-s4-b100-a1.00,0.7125,0.7225,-0.010000000000000009,100,0.8179431344128594,1.0,False
BT-v3,HYB-s4-b300-a0.25,RL-s4-b200-a1.00,0.7125,0.8475,-0.135,100,0.00013746740398364732,0.3868332748099836,False
BT-v3,HYB-s4-b300-a0.25,RL-s4-b300-a1.00,0.7125,0.7625,-0.04999999999999993,100,0.1523336450403157,1.0,False
BT-v3,HYB-s4-b300-a0.50,HYB-s4-b300-a0.75,0.68,0.785,-0.10499999999999998,100,5.1814595643857014e-05,0.1522312820016519,False
BT-v3,HYB-s4-b300-a0.50,RL-s0-b0-a1.00,0.68,0.84,-0.15999999999999992,100,5.600849170303473e-06,0.018023532630036577,True
BT-v3,HYB-s4-b300-a0.50,RL-s0-b100-a1.00,0.68,0.815,-0.1349999999999999,100,2.1802592245153803e-05,0.06654151153220941,False
BT-v3,HYB-s4-b300-a0.50,RL-s0-b200-a1.00,0.68,0.7275,-0.04749999999999999,100,0.03309887819535548,1.0,False
BT-v3,HYB-s4-b300-a0.50,RL-s0-b300-a1.00,0.68,0.7375,-0.057499999999999996,100,0.010214206766517946,1.0,False
BT-v3,HYB-s4-b300-a0.50,RL-s1-b100-a1.00,0.68,0.7475,-0.0675,100,0.018676981082474318,1.0,False
BT-v3,HYB-s4-b300-a0.50,RL-s1-b200-a1.00,0.68,0.77,-0.08999999999999997,100,0.003141137019050486,1.0,False
BT-v3,HYB-s4-b300-a0.50,RL-s1-b300-a1.00,0.68,0.79,-0.10999999999999999,100,4.600771678418717e-05,0.1358147799469205,False
BT-v3,HYB-s4-b300-a0.50,RL-s2-b100-a1.00,0.68,0.7475,-0.0675,100,0.0062698847220832524,1.0,False
BT-v3,HYB-s4-b300-a0.50,RL-s2-b200-a1.00,0.68,0.735,-0.05499999999999994,100,0.07532371617241049,1.0,False
BT-v3,HYB-s4-b300-a0.50,RL-s2-b300-a1.00,0.68,0.7525,-0.0724999999999999,100,0.008125636949391276,1.0,False
BT-v3,HYB-s4-b300-a0.50,RL-s3-b100-a1.00,0.68,0.5925,0.08750000000000002,100,0.003732919330923823,1.0,False
BT-v3,HYB-s4-b300-a0.50,RL-s3-b200-a1.00,0.68,0.73,-0.04999999999999993,100,0.05164825059467606,1.0,False
BT-v3,HYB-s4-b300-a0.50,RL-s3-b300-a1.00,0.68,0.7475,-0.0675,100,0.008122986751712346,1.0,False
BT-v3,HYB-s4-b300-a0.50,RL-s4-b100-a1.00,0.68,0.7225,-0.04249999999999998,100,0.11412923321992106,1.0,False
BT-v3,HYB-s4-b300-a0.50,RL-s4-b200-a1.00,0.68,0.8475,-0.16749999999999998,100,8.284093915799617e-07,0.00281493511258871,True
BT-v3,HYB-s4-b300-a0.50,RL-s4-b300-a1.00,0.68,0.7625,-0.0824999999999999,100,0.0018568396929560967,1.0,False
BT-v3,HYB-s4-b300-a0.75,RL-s0-b0-a1.00,0.785,0.84,-0.05499999999999994,100,0.07878772439130882,1.0,False
BT-v3,HYB-s4-b300-a0.75,RL-s0-b100-a1.00,0.785,0.815,-0.029999999999999916,100,0.3216188571707036,1.0,False
BT-v3,HYB-s4-b300-a0.75,RL-s0-b200-a1.00,0.785,0.7275,0.057499999999999996,100,0.028977030207780124,1.0,False
BT-v3,HYB-s4-b300-a0.75,RL-s0-b300-a1.00,0.785,0.7375,0.04749999999999999,100,0.058920576135104166,1.0,False
BT-v3,HYB-s4-b300-a0.75,RL-s1-b100-a1.00,0.785,0.7475,0.03749999999999998,100,0.26064685125166165,1.0,False
BT-v3,HYB-s4-b300-a0.75,RL-s1-b200-a1.00,0.785,0.77,0.015000000000000013,100,0.6437939034411799,1.0,False
BT-v3,HYB-s4-b300-a0.75,RL-s1-b300-a1.00,0.785,0.79,-0.0050000000000000044,100,0.6963768098706756,1.0,False
BT-v3,HYB-s4-b300-a0.75,RL-s2-b100-a1.00,0.785,0.7475,0.03749999999999998,100,0.07456251241591434,1.0,False
BT-v3,HYB-s4-b300-a0.75,RL-s2-b200-a1.00,0.785,0.735,0.050000000000000044,100,0.05989139120587017,1.0,False
BT-v3,HYB-s4-b300-a0.75,RL-s2-b300-a1.00,0.785,0.7525,0.032500000000000084,100,0.2953581033732061,1.0,False
BT-v3,HYB-s4-b300-a0.75,RL-s3-b100-a1.00,0.785,0.5925,0.1925,100,9.816055200435721e-10,3.8341511612901925e-06,True
BT-v3,HYB-s4-b300-a0.75,RL-s3-b200-a1.00,0.785,0.73,0.05500000000000005,100,0.0734740445895745,1.0,False
BT-v3,HYB-s4-b300-a0.75,RL-s3-b300-a1.00,0.785,0.7475,0.03749999999999998,100,0.2646727933957459,1.0,False
BT-v3,HYB-s4-b300-a0.75,RL-s4-b100-a1.00,0.785,0.7225,0.0625,100,0.01647366738762764,1.0,False
BT-v3,HYB-s4-b300-a0.75,RL-s4-b200-a1.00,0.785,0.8475,-0.0625,100,0.05583302598536227,1.0,False
BT-v3,HYB-s4-b300-a0.75,RL-s4-b300-a1.00,0.785,0.7625,0.022500000000000075,100,0.24639881559134158,1.0,False
BT-v3,RL-s0-b0-a1.00,RL-s0-b100-a1.00,0.84,0.815,0.025000000000000022,100,0.25771034571363616,1.0,False
BT-v3,RL-s0-b0-a1.00,RL-s0-b200-a1.00,0.84,0.7275,0.11249999999999993,100,0.0012824718548848399,1.0,False
BT-v3,RL-s0-b0-a1.00,RL-s0-b300-a1.00,0.84,0.7375,0.10249999999999992,100,0.0017496884532650513,1.0,False
BT-v3,RL-s0-b0-a1.00,RL-s1-b100-a1.00,0.84,0.7475,0.09249999999999992,100,0.004373049419922975,1.0,False
BT-v3,RL-s0-b0-a1.00,RL-s1-b200-a1.00,0.84,0.77,0.06999999999999995,100,0.061298203940023915,1.0,False
BT-v3,RL-s0-b0-a1.00,RL-s1-b300-a1.00,0.84,0.79,0.04999999999999993,100,0.12168641934475986,1.0,False
BT-v3,RL-s0-b0-a1.00,RL-s2-b100-a1.00,0.84,0.7475,0.09249999999999992,100,0.0033871758891751247,1.0,False
BT-v3,RL-s0-b0-a1.00,RL-s2-b200-a1.00,0.84,0.735,0.10499999999999998,100,0.0020730301918169543,1.0,False
BT-v3,RL-s0-b0-a1.00,RL-s2-b300-a1.00,0.84,0.7525,0.08750000000000002,100,0.013139107045190623,1.0,False
BT-v3,RL-s0-b0-a1.00,RL-s3-b100-a1.00,0.84,0.5925,0.24749999999999994,100,1.4114313663172621e-08,5.268873290462339e-05,True
BT-v3,RL-s0-b0-a1.00,RL-s3-b200-a1.00,0.84,0.73,0.10999999999999999,100,0.0020320245161613666,1.0,False
BT-v3,RL-s0-b0-a1.00,RL-s3-b300-a1.00,0.84,0.7475,0.09249999999999992,100,0.010122512649343635,1.0,False
BT-v3,RL-s0-b0-a1.00,RL-s4-b100-a1.00,0.84,0.7225,0.11749999999999994,100,0.0007903021243994847,1.0,False
BT-v3,RL-s0-b0-a1.00,RL-s4-b200-a1.00,0.84,0.8475,-0.007500000000000062,100,0.9096827991824985,1.0,False
BT-v3,RL-s0-b0-a1.00,RL-s4-b300-a1.00,0.84,0.7625,0.07750000000000001,100,0.02498455740661652,1.0,False
BT-v3,RL-s0-b100-a1.00,RL-s0-b200-a1.00,0.815,0.7275,0.08749999999999991,100,0.0033507218825653156,1.0,False
BT-v3,RL-s0-b100-a1.00,RL-s0-b300-a1.00,0.815,0.7375,0.0774999999999999,100,0.011223604470238584,1.0,False
BT-v3,RL-s0-b100-a1.00,RL-s1-b100-a1.00,0.815,0.7475,0.0674999999999999,100,0.03615408851129485,1.0,False
BT-v3,RL-s0-b100-a1.00,RL-s1-b200-a1.00,0.815,0.77,0.04499999999999993,100,0.3006955582872487,1.0,False
BT-v3,RL-s0-b100-a1.00,RL-s1-b300-a1.00,0.815,0.79,0.02499999999999991,100,0.41375123299717276,1.0,False
BT-v3,RL-s0-b100-a1.00,RL-s2-b100-a1.00,0.815,0.7475,0.0674999999999999,100,0.028063879724688313,1.0,False
BT-v3,RL-s0-b100-a1.00,RL-s2-b200-a1.00,0.815,0.735,0.07999999999999996,100,0.010637852644261475,1.0,False
BT-v3,RL-s0-b100-a1.00,RL-s2-b300-a1.00,0.815,0.7525,0.0625,100,0.09728661144440791,1.0,False
BT-v3,RL-s0-b100-a1.00,RL-s3-b100-a1.00,0.815,0.5925,0.22249999999999992,100,2.2110505703593376e-09,8.528022049875965e-06,True
BT-v3,RL-s0-b100-a1.00,RL-s3-b200-a1.00,0.815,0.73,0.08499999999999996,100,0.018901927810095656,1.0,False
BT-v3,RL-s0-b100-a1.00,RL-s3-b300-a1.00,0.815,0.7475,0.0674999999999999,100,0.053189353306017435,1.0,False
BT-v3,RL-s0-b100-a1.00,RL-s4-b100-a1.00,0.815,0.7225,0.09249999999999992,100,0.0008028651887103294,1.0,False
BT-v3,RL-s0-b100-a1.00,RL-s4-b200-a1.00,0.815,0.8475,-0.032500000000000084,100,0.09886383580413752,1.0,False
BT-v3,RL-s0-b100-a1.00,RL-s4-b300-a1.00,0.815,0.7625,0.05249999999999999,100,0.13190453038972028,1.0,False
BT-v3,RL-s0-b200-a1.00,RL-s0-b300-a1.00,0.7275,0.7375,-0.010000000000000009,100,0.42638624439892225,1.0,False
BT-v3,RL-s0-b200-a1.00,RL-s1-b100-a1.00,0.7275,0.7475,-0.020000000000000018,100,0.45193434039849933,1.0,False
BT-v3,RL-s0-b200-a1.00,RL-s1-b200-a1.00,0.7275,0.77,-0.04249999999999998,100,0.09995206899313328,1.0,False
BT-v3,RL-s0-b200-a1.00,RL-s1-b300-a1.00,0.7275,0.79,-0.0625,100,0.031822481354924555,1.0,False
BT-v3,RL-s0-b200-a1.00,RL-s2-b100-a1.00,0.7275,0.7475,-0.020000000000000018,100,0.5165383231466114,1.0,False
BT-v3,RL-s0-b200-a1.00,RL-s2-b200-a1.00,0.7275,0.735,-0.007499999999999951,100,0.8014116697092843,1.0,False
BT-v3,RL-s0-b200-a1.00,RL-s2-b300-a1.00,0.7275,0.7525,-0.02499999999999991,100,0.26056308405584283,1.0,False
BT-v3,RL-s0-b200-a1.00,RL-s3-b100-a1.00,0.7275,0.5925,0.135,100,2.325680711153022e-06,0.007644512497559984,True
BT-v3,RL-s0-b200-a1.00,RL-s3-b200-a1.00,0.7275,0.73,-0.0024999999999999467,100,0.6040186205509304,1.0,False
BT-v3,RL-s0-b200-a1.00,RL-s3-b300-a1.00,0.7275,0.7475,-0.020000000000000018,100,0.4101946210817713,1.0,False
BT-v3,RL-s0-b200-a1.00,RL-s4-b100-a1.00,0.7275,0.7225,0.0050000000000000044,100,0.7740498362667043,1.0,False
BT-v3,RL-s0-b200-a1.00,RL-s4-b200-a1.00,0.7275,0.8475,-0.12,100,4.7611335563480725e-05,0.1402629945700142,False
BT-v3,RL-s0-b200-a1.00,RL-s4-b300-a1.00,0.7275,0.7625,-0.03499999999999992,100,0.19371530937810966,1.0,False
BT-v3,RL-s0-b300-a1.00,RL-s1-b100-a1.00,0.7375,0.7475,-0.010000000000000009,100,0.4924667744106396,1.0,False
BT-v3,RL-s0-b300-a1.00,RL-s1-b200-a1.00,0.7375,0.77,-0.03249999999999997,100,0.32119151993760464,1.0,False
BT-v3,RL-s0-b300-a1.00,RL-s1-b300-a1.00,0.7375,0.79,-0.05249999999999999,100,0.04765305427860567,1.0,False
BT-v3,RL-s0-b300-a1.00,RL-s2-b100-a1.00,0.7375,0.7475,-0.010000000000000009,100,0.918728218038944,1.0,False
BT-v3,RL-s0-b300-a1.00,RL-s2-b200-a1.00,0.7375,0.735,0.0025000000000000577,100,0.8147593678877162,1.0,False
BT-v3,RL-s0-b300-a1.00,RL-s2-b300-a1.00,0.7375,0.7525,-0.014999999999999902,100,0.5572413385160015,1.0,False
BT-v3,RL-s0-b300-a1.00,RL-s3-b100-a1.00,0.7375,0.5925,0.14500000000000002,100,6.855896367574337e-07,0.002340603019889879,True
BT-v3,RL-s0-b300-a1.00,RL-s3-b200-a1.00,0.7375,0.73,0.007500000000000062,100,0.6812086886080877,1.0,False
BT-v3,RL-s0-b300-a1.00,RL-s3-b300-a1.00,0.7375,0.7475,-0.010000000000000009,100,0.42638624439892225,1.0,False
BT-v3,RL-s0-b300-a1.00,RL-s4-b100-a1.00,0.7375,0.7225,0.015000000000000013,100,0.47802091225301213,1.0,False
BT-v3,RL-s0-b300-a1.00,RL-s4-b200-a1.00,0.7375,0.8475,-0.10999999999999999,100,0.00014703789749541754,0.4118531508846645,False
BT-v3,RL-s0-b300-a1.00,RL-s4-b300-a1.00,0.7375,0.7625,-0.02499999999999991,100,0.5813046806036691,1.0,False
BT-v3,RL-s1-b100-a1.00,RL-s1-b200-a1.00,0.7475,0.77,-0.022499999999999964,100,0.5217439877960084,1.0,False
BT-v3,RL-s1-b100-a1.00,RL-s1-b300-a1.00,0.7475,0.79,-0.04249999999999998,100,0.1335285256427388,1.0,False
BT-v3,RL-s1-b100-a1.00,RL-s2-b100-a1.00,0.7475,0.7475,0.0,100,1.0,1.0,False
BT-v3,RL-s1-b100-a1.00,RL-s2-b200-a1.00,0.7475,0.735,0.012500000000000067,100,0.6910906546492438,1.0,False
BT-v3,RL-s1-b100-a1.00,RL-s2-b300-a1.00,0.7475,0.7525,-0.004999999999999893,100,0.8425197931502639,1.0,False
BT-v3,RL-s1-b100-a1.00,RL-s3-b100-a1.00,0.7475,0.5925,0.15500000000000003,100,7.481166458347948e-07,0.0025473371790674763,True
BT-v3,RL-s1-b100-a1.00,RL-s3-b200-a1.00,0.7475,0.73,0.01750000000000007,100,0.8501436876766394,1.0,False
BT-v3,RL-s1-b100-a1.00,RL-s3-b300-a1.00,0.7475,0.7475,0.0,100,0.9706587496803754,1.0,False
BT-v3,RL-s1-b100-a1.00,RL-s4-b100-a1.00,0.7475,0.7225,0.025000000000000022,100,0.4742775058106775,1.0,False
BT-v3,RL-s1-b100-a1.00,RL-s4-b200-a1.00,0.7475,0.8475,-0.09999999999999998,100,0.0049094114394796036,1.0,False
BT-v3,RL-s1-b100-a1.00,RL-s4-b300-a1.00,0.7475,0.7625,-0.014999999999999902,100,0.731633772414067,1.0,False
BT-v3,RL-s1-b200-a1.00,RL-s1-b300-a1.00,0.77,0.79,-0.020000000000000018,100,0.3757344901718521,1.0,False
BT-v3,RL-s1-b200-a1.00,RL-s2-b100-a1.00,0.77,0.7475,0.022499999999999964,100,0.42609735697572526,1.0,False
BT-v3,RL-s1-b200-a1.00,RL-s2-b200-a1.00,0.77,0.735,0.03500000000000003,100,0.2781596880395456,1.0,False
BT-v3,RL-s1-b200-a1.00,RL-s2-b300-a1.00,0.77,0.7525,0.01750000000000007,100,0.5572283734013832,1.0,False
BT-v3,RL-s1-b200-a1.00,RL-s3-b100-a1.00,0.77,0.5925,0.1775,100,1.5423519950732185e-07,0.0005442960190613388,True
BT-v3,RL-s1-b200-a1.00,RL-s3-b200-a1.00,0.77,0.73,0.040000000000000036,100,0.22687391627893227,1.0,False
BT-v3,RL-s1-b200-a1.00,RL-s3-b300-a1.00,0.77,0.7475,0.022499999999999964,100,0.5814333128453109,1.0,False
BT-v3,RL-s1-b200-a1.00,RL-s4-b100-a1.00,0.77,0.7225,0.04749999999999999,100,0.06562849673641147,1.0,False
BT-v3,RL-s1-b200-a1.00,RL-s4-b200-a1.00,0.77,0.8475,-0.07750000000000001,100,0.02199971810108826,1.0,False
BT-v3,RL-s1-b200-a1.00,RL-s4-b300-a1.00,0.77,0.7625,0.007500000000000062,100,0.8617286575780981,1.0,False
BT-v3,RL-s1-b300-a1.00,RL-s2-b100-a1.00,0.79,0.7475,0.04249999999999998,100,0.03338398666490243,1.0,False
BT-v3,RL-s1-b300-a1.00,RL-s2-b200-a1.00,0.79,0.735,0.05500000000000005,100,0.16887212851095057,1.0,False
BT-v3,RL-s1-b300-a1.00,RL-s2-b300-a1.00,0.79,0.7525,0.03750000000000009,100,0.29482445860760487,1.0,False
BT-v3,RL-s1-b300-a1.00,RL-s3-b100-a1.00,0.79,0.5925,0.1975,100,3.4208530296410045e-10,1.3570523968585865e-06,True
BT-v3,RL-s1-b300-a1.00,RL-s3-b200-a1.00,0.79,0.73,0.06000000000000005,100,0.04044883628399529,1.0,False
BT-v3,RL-s1-b300-a1.00,RL-s3-b300-a1.00,0.79,0.7475,0.04249999999999998,100,0.12562796419150113,1.0,False
BT-v3,RL-s1-b300-a1.00,RL-s4-b100-a1.00,0.79,0.7225,0.0675,100,0.031786367652203315,1.0,False
BT-v3,RL-s1-b300-a1.00,RL-s4-b200-a1.00,0.79,0.8475,-0.057499999999999996,100,0.06466470387850508,1.0,False
BT-v3,RL-s1-b300-a1.00,RL-s4-b300-a1.00,0.79,0.7625,0.02750000000000008,100,0.29373978971755144,1.0,False
BT-v3,RL-s2-b100-a1.00,RL-s2-b200-a1.00,0.7475,0.735,0.012500000000000067,100,0.9776611042612556,1.0,False
BT-v3,RL-s2-b100-a1.00,RL-s2-b300-a1.00,0.7475,0.7525,-0.004999999999999893,100,0.48040479438366046,1.0,False
BT-v3,RL-s2-b100-a1.00,RL-s3-b100-a1.00,0.7475,0.5925,0.15500000000000003,100,4.2384126015382873e-07,0.0014639477125713244,True
BT-v3,RL-s2-b100-a1.00,RL-s3-b200-a1.00,0.7475,0.73,0.01750000000000007,100,0.9163756668204123,1.0,False
BT-v3,RL-s2-b100-a1.00,RL-s3-b300-a1.00,0.7475,0.7475,0.0,100,0.6585987336415449,1.0,False
BT-v3,RL-s2-b100-a1.00,RL-s4-b100-a1.00,0.7475,0.7225,0.025000000000000022,100,0.34337283077761305,1.0,False
BT-v3,RL-s2-b100-a1.00,RL-s4-b200-a1.00,0.7475,0.8475,-0.09999999999999998,100,0.001384233843063507,1.0,False
BT-v3,RL-s2-b100-a1.00,RL-s4-b300-a1.00,0.7475,0.7625,-0.014999999999999902,100,0.3835386542377135,1.0,False
BT-v3,RL-s2-b200-a1.00,RL-s2-b300-a1.00,0.735,0.7525,-0.01749999999999996,100,0.3245650889130891,1.0,False
BT-v3,RL-s2-b200-a1.00,RL-s3-b100-a1.00,0.735,0.5925,0.14249999999999996,100,2.2317232442833678e-05,0.06802292448575704,False
BT-v3,RL-s2-b200-a1.00,RL-s3-b200-a1.00,0.735,0.73,0.0050000000000000044,100,0.9986059750544182,1.0,False
BT-v3,RL-s2-b200-a1.00,RL-s3-b300-a1.00,0.735,0.7475,-0.012500000000000067,100,0.6924749885938097,1.0,False
BT-v3,RL-s2-b200-a1.00,RL-s4-b100-a1.00,0.735,0.7225,0.012499999999999956,100,0.7108667586942177,1.0,False
BT-v3,RL-s2-b200-a1.00,RL-s4-b200-a1.00,0.735,0.8475,-0.11250000000000004,100,0.00016277402127879196,0.45381397132527196,False
BT-v3,RL-s2-b200-a1.00,RL-s4-b300-a1.00,0.735,0.7625,-0.02749999999999997,100,0.35537096429881654,1.0,False
BT-v3,RL-s2-b300-a1.00,RL-s3-b100-a1.00,0.7525,0.5925,0.15999999999999992,100,3.2305364438061215e-07,0.0011229344678670079,True
BT-v3,RL-s2-b300-a1.00,RL-s3-b200-a1.00,0.7525,0.73,0.022499999999999964,100,0.3980783982970345,1.0,False
BT-v3,RL-s2-b300-a1.00,RL-s3-b300-a1.00,0.7525,0.7475,0.004999999999999893,100,0.8712164016291797,1.0,False
BT-v3,RL-s2-b300-a1.00,RL-s4-b100-a1.00,0.7525,0.7225,0.029999999999999916,100,0.17718673914023564,1.0,False
BT-v3,RL-s2-b300-a1.00,RL-s4-b200-a1.00,0.7525,0.8475,-0.09500000000000008,100,0.0013273504239244354,1.0,False
BT-v3,RL-s2-b300-a1.00,RL-s4-b300-a1.00,0.7525,0.7625,-0.010000000000000009,100,0.9426401280444977,1.0,False
BT-v3,RL-s3-b100-a1.00,RL-s3-b200-a1.00,0.5925,0.73,-0.13749999999999996,100,1.6146479008168315e-07,0.0005690019202478514,True
BT-v3,RL-s3-b100-a1.00,RL-s3-b300-a1.00,0.5925,0.7475,-0.15500000000000003,100,3.88725112731081e-07,0.0013449888900495402,True
BT-v3,RL-s3-b100-a1.00,RL-s4-b100-a1.00,0.5925,0.7225,-0.13,100,3.6470704893442845e-05,0.10890152481182033,False
BT-v3,RL-s3-b100-a1.00,RL-s4-b200-a1.00,0.5925,0.8475,-0.255,100,7.160001488651124e-11,2.8804685988843473e-07,True
BT-v3,RL-s3-b100-a1.00,RL-s4-b300-a1.00,0.5925,0.7625,-0.16999999999999993,100,2.010971742706297e-07,0.0007052477901670983,True
BT-v3,RL-s3-b200-a1.00,RL-s3-b300-a1.00,0.73,0.7475,-0.01750000000000007,100,0.3258750685857603,1.0,False
BT-v3,RL-s3-b200-a1.00,RL-s4-b100-a1.00,0.73,0.7225,0.007499999999999951,100,0.34177402474849494,1.0,False
BT-v3,RL-s3-b200-a1.00,RL-s4-b200-a1.00,0.73,0.8475,-0.11750000000000005,100,0.0004663507816723237,1.0,False
BT-v3,RL-s3-b200-a1.00,RL-s4-b300-a1.00,0.73,0.7625,-0.03249999999999997,100,0.49748430264346766,1.0,False
BT-v3,RL-s3-b300-a1.00,RL-s4-b100-a1.00,0.7475,0.7225,0.025000000000000022,100,0.20765431961242475,1.0,False
BT-v3,RL-s3-b300-a1.00,RL-s4-b200-a1.00,0.7475,0.8475,-0.09999999999999998,100,0.001623492281231479,1.0,False
BT-v3,RL-s3-b300-a1.00,RL-s4-b300-a1.00,0.7475,0.7625,-0.014999999999999902,100,0.8576171814073552,1.0,False
BT-v3,RL-s4-b100-a1.00,RL-s4-b200-a1.00,0.7225,0.8475,-0.125,100,1.8631271152656126e-05,0.05734705260787556,False
BT-v3,RL-s4-b100-a1.00,RL-s4-b300-a1.00,0.7225,0.7625,-0.039999999999999925,100,0.05719293289550679,1.0,False
BT-v3,RL-s4-b200-a1.00,RL-s4-b300-a1.00,0.8475,0.7625,0.08500000000000008,100,0.01146388024605376,1.0,False
