cond,kind,alpha,bt_version,ckpt,budget,opponent,seed,side,score,win,draw,loss,outcome,duration,damage_dealt,damage_taken,wez_time,surv_time,viol_deck,viol_over_g,viol_sep,mean_es
BT-v1,bt,0.0,-1,,-1,BT-v2,10000,0,0.0,0,0,1,gun_kill,54.28080423874833,4.0973523936194685,1.6527635528529094,6.506161913602179,112.14800195499495,0.002912800031591096,0.0026629566741904697,0.0,4630.874974396269
BT-v1,bt,0.0,-1,,-1,BT-v2,10000,1,0.0,0,0,1,gun_kill,103.42681987093789,0.2738500170148095,85.74042765875693,0.26868460244371484,95.66899017869497,0.0014874128517075838,0.0016190187119998832,0.0,4624.383660747275
BT-v1,bt,0.0,-1,,-1,BT-v2,10001,0,0.5,0,1,0,timeout,68.04184990778927,2.8319671145462966,12.428327649956394,5.364995317549043,88.2470560416825,0.002632429127156266,0.002065808608432612,0.0,5991.6298073676335
BT-v1,bt,0.0,-1,,-1,BT-v2,10001,1,0.0,0,0,1,gun_kill,91.69877860326253,65.04592762678163,68.84467305709401,3.1113713918328303,42.15868545201701,0.0023785919092800655,0.0021502613857544385,0.0,3930.7256266768673
BT-v1,bt,0.0,-1,,-1,BT-v2,10002,0,0.0,0,0,1,gun_kill,110.05390509141002,93.40435159562497,35.77951967090702,4.5722386458380875,58.96824519683479,0.002942112796647613,0.0025469179804902993,0.0,4174.857001584483
BT-v1,bt,0.0,-1,,-1,BT-v2,10002,1,0.0,0,0,1,gun_kill,50.44418341800417,62.31871446860424,8.401534358238482,6.661153181227182,100.8388476739815,0.00115417695740248,0.0019968821068159417,0.0,3175.704104415583
BT-v1,bt,0.0,-1,,-1,BT-v2,10003,0,0.5,0,1,0,timeout,43.525152020535515,45.033936664928696,79.63242702872942,1.8451376719499795,34.68191709579686,0.0016944953269997453,0.001181138664558995,0.0,3272.259136857366
BT-v1,bt,0.0,-1,,-1,BT-v2,10003,1,0.0,0,0,1,gun_kill,56.88265195370303,67.19948779563593,19.95154439682133,7.536904884051983,62.85991514203457,0.00045754308354734453,0.0020364202819819206,0.0,5781.463659203602
BT-v1,bt,0.0,-1,,-1,BT-v2,10004,0,0.5,0,1,0,timeout,115.91314443216635,49.9895813687647,42.522862484907556,4.9617076161230225,119.55868547117917,0.0015369303847293466,0.0026545349916798156,0.0,5273.186535924874
BT-v1,bt,0.0,-1,,-1,BT-v2,10004,1,0.0,0,0,1,gun_kill,77.63809441770934,78.57857007138075,41.46558493556708,5.875868574309835,94.00285901907749,0.0024412880435377626,0.0024068160686889642,0.0,5187.045351228928
BT-v1,bt,0.0,-1,,-1,BT-v2,10005,0,0.0,0,0,1,gun_kill,117.11335709321817,1.4706304965369288,86.36400902455757,7.849560320530754,116.14891616498672,0.002174849760091067,0.0027220171594086306,0.0,5669.806667161562
BT-v1,bt,0.0,-1,,-1,BT-v2,10005,1,0.0,0,0,1,gun_kill,73.1989131427049,23.237291963930385,80.1880578718308,7.388241278267756,53.951724506306334,0.0012479445992400959,0.0026111295068351947,0.0,5793.051947943465
BT-v1,bt,0.0,-1,,-1,BT-v2,10006,0,1.0,1,0,0,gun_kill,95.88055760909047,61.437324694899665,2.8365365113521057,5.753758182613923,31.43925565712148,0.0019470089316454239,0.002141480076530772,0.0,5787.312662391018
BT-v1,bt,0.0,-1,,-1,BT-v2,10006,1,1.0,1,0,0,gun_kill,105.7185551651145,6.6690008767101405,34.43099788041252,3.4423898555826664,116.94558727056632,0.0025908550764050147,0.0020529155275200196,0.0,3725.0271422830347
BT-v1,bt,0.0,-1,,-1,BT-v2,10007,0,0.0,0,0,1,gun_kill,50.32824855755919,12.45547058352835,28.83307570075776,4.688984518501862,79.86814519559411,0.0012791368933919756,0.0012698992439499042,0.0,3865.2636432936315
BT-v1,bt,0.0,-1,,-1,BT-v2,10007,1,0.5,0,1,0,timeout,103.63088738738193,62.65064624197535,95.90776426974422,2.955235288733447,79.73503594691584,0.000344287265606118,0.002860078603442395,0.0,3436.4206145595954
BT-v1,bt,0.0,-1,,-1,BT-v2,10008,0,0.5,0,1,0,timeout,111.89630654960672,4.306688856820418,82.27062801815019,3.323072298969797,104.68235867502925,0.0019237596904648038,0.0014373877060355265,0.0,3235.8901114969194
BT-v1,bt,0.0,-1,,-1,BT-v2,10008,1,0.0,0,0,1,gun_kill,54.646418873960144,70.26520706597863,94.38014269420908,1.014536818089982,107.83004658606967,0.002210479580006224,0.0019257494225865745,0.0,4289.32218353573
BT-v1,bt,0.0,-1,,-1,BT-v2,10009,0,0.0,0,0,1,gun_kill,117.881608974244,77.56911881018283,30.8857362719261,2.158694284006401,107.6808183770386,0.00196513932165825,0.0020606334840919797,0.0,4032.8871928869758
BT-v1,bt,0.0,-1,,-1,BT-v2,10009,1,0.0,0,0,1,gun_kill,58.43491908309302,18.271237892656245,88.00981213040697,6.498683184890032,90.1100465014216,0.0024292323545013045,0.001893464929114197,0.0,5244.745509905262
BT-v1,bt,0.0,-1,,-1,BT-v2,10010,0,0.0,0,0,1,gun_kill,52.243206628989675,14.124655690103161,67.00618493149359,5.716948293238022,45.034763590404495,0.0018597692090133022,0.001694192172081903,0.0,4684.202302650669
BT-v1,bt,0.0,-1,,-1,BT-v2,10010,1,0.0,0,0,1,gun_kill,47.471679560171424,52.60222486178752,52.34347273949199,0.7114851219701759,118.37484238140357,0.002760781549337854,0.0019645771558220605,0.0,5317.947603676166
BT-v1,bt,0.0,-1,,-1,BT-v2,10011,0,0.0,0,0,1,gun_kill,83.08830254888554,31.9681636282665,18.75077157277849,5.380213071334954,47.55966586111245,0.0015706075059701804,0.0008763954221804205,0.0,5887.269279373143
BT-v1,bt,0.0,-1,,-1,BT-v2,10011,1,1.0,1,0,0,gun_kill,74.99755412927567,74.40974792826482,17.72267404746588,3.104533854276154,35.66059486094742,0.0016697307916813686,0.0029645656669057647,0.0,4185.275125073903
BT-v1,bt,0.0,-1,,-1,BT-v2,10012,0,0.0,0,0,1,gun_kill,72.50703030750103,91.26219336408856,76.59171177388724,7.322591680894127,41.46627081440157,0.0016071613227135887,0.0013926682649748083,0.0,5606.562883041957
BT-v1,bt,0.0,-1,,-1,BT-v2,10012,1,0.0,0,0,1,gun_kill,74.69145244189677,16.35434161964803,67.37334377272737,2.544139102766384,93.97918769393505,0.0027016787909907706,0.001893362954923035,0.0,5368.997197379611
BT-v1,bt,0.0,-1,,-1,BT-v2,10013,0,1.0,1,0,0,gun_kill,82.08826529911522,19.723494729586854,80.81367518135681,3.9107682890340794,118.98258000310378,0.0011728219170194757,0.0007620417000391581,0.0,5402.751109825827
BT-v1,bt,0.0,-1,,-1,BT-v2,10013,1,0.0,0,0,1,gun_kill,103.2180657761672,60.28489052411163,65.51210639913802,7.309526101659111,35.874337477016226,0.003232467107895186,0.0021394525881097,0.0,3976.6368483021133
BT-v1,bt,0.0,-1,,-1,BT-v2,10014,0,0.0,0,0,1,gun_kill,100.30714518687404,48.55351387795878,42.26283964247812,7.020231246974369,37.813338499340475,0.0013548562528515322,0.0025633018520356482,0.0,5397.589139148344
BT-v1,bt,0.0,-1,,-1,BT-v2,10014,1,0.5,0,1,0,timeout,101.69752644714491,22.532844187566514,36.23079504845691,3.3395848976350386,78.72689852671482,0.0012539133846256377,0.0017577151073787786,0.0,3000.902070320769
BT-v1,bt,0.0,-1,,-1,BT-v2,10015,0,0.0,0,0,1,gun_kill,106.66883210108313,13.893167912019756,70.37857692667978,6.56882470715711,118.36454905846144,0.002728870234186357,0.0014530031708258795,0.0,5939.06612552897
BT-v1,bt,0.0,-1,,-1,BT-v2,10015,1,0.0,0,0,1,gun_kill,75.33092812805211,75.34465385839052,91.38376676731629,3.8091765757500244,107.74076169873764,0.002316179815906567,0.0017378023863024454,0.0,5302.956809950421
BT-v1,bt,0.0,-1,,-1,BT-v2,10016,0,0.0,0,0,1,gun_kill,38.446063808997565,39.138042630466416,7.374101339780593,3.8093357057359647,68.56856473286314,0.002512611200297908,0.0011806284341146218,0.0,3368.07198052822
BT-v1,bt,0.0,-1,,-1,BT-v2,10016,1,0.0,0,0,1,gun_kill,91.56454032675296,82.37813583927716,89.68012322637598,4.6665603753878075,33.61963988141406,0.0011173278039541261,0.002583026114552585,0.0,5477.871666511198
BT-v1,bt,0.0,-1,,-1,BT-v2,10017,0,0.0,0,0,1,gun_kill,103.19196858277732,99.70102930724917,35.05548113678881,1.3681715201653928,65.25073195085125,0.0019821882783152196,0.001897068145207567,0.0,4765.1403282876445
BT-v1,bt,0.0,-1,,-1,BT-v2,10017,1,1.0,1,0,0,gun_kill,95.35111598405823,28.008240186649946,19.06175604040182,6.903599988665556,80.79715390085346,0.0027211086384767136,0.0021237687246113673,0.0,3258.037308183008
BT-v1,bt,0.0,-1,,-1,BT-v2,10018,0,0.0,0,0,1,gun_kill,59.51840607881422,17.54097499850811,67.47986499672788,2.902575606903489,59.69062492445423,0.0022112012654507494,0.0026701699247893523,0.0,4536.520973513205
BT-v1,bt,0.0,-1,,-1,BT-v2,10018,1,1.0,1,0,0,gun_kill,44.703128202326056,88.3418733633562,78.92475482526763,4.454683920431922,50.020805639222424,0.0024509333662327826,0.0018390472628776796,0.0,5138.980892813763
BT-v1,bt,0.0,-1,,-1,BT-v2,10019,0,0.0,0,0,1,gun_kill,88.14405212097193,61.13386842752012,7.371643262453754,1.9712477524078045,81.69402432881387,0.002164966248677744,0.003023989599629204,0.0,5771.236072125544
BT-v1,bt,0.0,-1,,-1,BT-v2,10019,1,1.0,1,0,0,gun_kill,83.09645333845776,69.62151061034567,13.654341430088612,2.50076517680937,94.43260622329448,0.0024354876551240475,0.0009296349875500874,0.0,3716.831135073842
BT-v1,bt,0.0,-1,,-1,BT-v2,10020,0,0.0,0,0,1,gun_kill,82.64844122031104,47.658842170577046,25.615002142789233,0.5812667891865679,31.610227880727773,0.002591422146263001,0.0026953353431147554,0.0,5926.598935280461
BT-v1,bt,0.0,-1,,-1,BT-v2,10020,1,1.0,1,0,0,gun_kill,70.68799094943975,39.465979707096,23.231147528553098,5.9900458000314805,87.93342858722792,0.0015463885940672612,0.0014645882242994355,0.0,4058.2302470892155
BT-v1,bt,0.0,-1,,-1,BT-v2,10021,0,0.0,0,0,1,gun_kill,68.4049029357217,4.061756187274524,19.40274549007932,7.560197186437012,44.63127522779864,0.002659835288153914,0.002503258396070538,0.0,4173.881271234324
BT-v1,bt,0.0,-1,,-1,BT-v2,10021,1,0.0,0,0,1,gun_kill,104.16016268849273,68.06863255702125,83.6943736429071,6.06077268665699,92.21443314965441,0.0016589472905027159,0.0013174999166297892,0.0,3537.18806274898
BT-v1,bt,0.0,-1,,-1,BT-v2,10022,0,0.0,0,0,1,gun_kill,37.80131908030885,42.585624029402155,39.67518871534252,1.617344751803877,114.41145977723903,0.0023718758509453323,0.002062339227117454,0.0,3968.762410991935
BT-v1,bt,0.0,-1,,-1,BT-v2,10022,1,0.0,0,0,1,gun_kill,53.82256155495959,83.06942655177309,17.311363702046545,4.691026838387022,116.25684016614528,0.003483162121510525,0.001060568882699491,0.0,4723.669947267119
BT-v1,bt,0.0,-1,,-1,BT-v2,10023,0,0.0,0,0,1,gun_kill,105.33423285480035,77.82482261019283,88.84898869115003,5.051932138092933,62.07280917389143,0.0017749167848999515,0.0,0.0,5332.632371645116
BT-v1,bt,0.0,-1,,-1,BT-v2,10023,1,1.0,1,0,0,gun_kill,81.94781540879316,53.58989295791143,67.19028034776905,6.083892789322,39.8845097457518,0.0029689155770041276,0.0027581374500747725,0.0,4756.438757281865
BT-v1,bt,0.0,-1,,-1,BT-v2,10024,0,0.0,0,0,1,gun_kill,76.80227314841832,46.28678091292717,28.67688654485352,1.8332133599736524,92.57718954826366,0.003365857554420414,0.0013724316497995604,0.0,5915.512249833337
BT-v1,bt,0.0,-1,,-1,BT-v2,10024,1,0.0,0,0,1,gun_kill,77.80945108888437,84.11753515449676,48.652043330315486,3.8075589608026146,53.244696006978316,0.0016202953250955407,0.002524421833628057,0.0,5532.332904717127
BT-v1,bt,0.0,-1,,-1,BT-v2,10025,0,0.0,0,0,1,gun_kill,63.193936502635516,57.57220912190522,56.34124736739899,7.4925286677943514,64.89067907601203,0.002394087807627866,0.0019875804343076945,0.0,5684.185490660606
BT-v1,bt,0.0,-1,,-1,BT-v2,10025,1,1.0,1,0,0,gun_kill,47.84016277555341,63.62836535994598,78.88451556348379,4.853540053924403,47.243027651390236,0.002820715859142426,0.0019408349583982833,0.0,5446.531219977034
BT-v1,bt,0.0,-1,,-1,BT-v2,10026,0,1.0,1,0,0,gun_kill,36.76194253855053,55.104499579330465,19.181714813525463,0.5393897638741567,99.59381382371414,0.0014384808948880283,0.001908438150903902,0.0,3882.2290805048533
BT-v1,bt,0.0,-1,,-1,BT-v2,10026,1,0.5,0,1,0,timeout,62.48742832455157,57.69076431162621,52.78200781124773,2.8427934493815705,87.36788813143633,0.0029806218003839654,0.0017244051638683879,0.0,4161.884745155622
BT-v1,bt,0.0,-1,,-1,BT-v2,10027,0,0.0,0,0,1,gun_kill,83.27125048926995,34.03238573806664,30.320101266424526,4.365991032154293,85.11075651016657,0.0016592671524450196,0.0020659079093379327,0.0,4697.321721648766
BT-v1,bt,0.0,-1,,-1,BT-v2,10027,1,0.0,0,0,1,gun_kill,68.52220671395565,84.30147145899906,8.132369130695693,7.001826029615775,114.75355399768978,0.002099314479769213,0.0021522999488920243,0.0,4449.025240301398
BT-v1,bt,0.0,-1,,-1,BT-v2,10028,0,1.0,1,0,0,gun_kill,117.4468128856741,89.76984351175483,96.06648859302716,4.830957261926022,76.36443302123779,0.0029050251351356634,0.002317569884979878,0.0,3745.6730291017357
BT-v1,bt,0.0,-1,,-1,BT-v2,10028,1,0.0,0,0,1,gun_kill,69.57295049689782,77.3556228309299,50.09379569884867,1.4668499448410204,56.633416230847196,0.0015040743343814047,0.0017967199439489312,0.0,3041.2135758494355
BT-v1,bt,0.0,-1,,-1,BT-v2,10029,0,0.5,0,1,0,timeout,98.59774546732977,61.4157273742888,32.414637580737605,5.737927514363946,73.60631697988859,0.0008005923934249826,0.0019012841344208844,0.0,3456.8848885464417
BT-v1,bt,0.0,-1,,-1,BT-v2,10029,1,1.0,1,0,0,gun_kill,68.90384679116394,51.214911962090035,19.46093477322345,6.239558167908653,108.15880389755067,0.0022029818016369726,0.0019281973011416734,0.0,4783.123807538277
BT-v1,bt,0.0,-1,,-1,BT-v2,10030,0,0.0,0,0,1,gun_kill,43.272520901882075,28.087106140315644,73.07059958584028,4.545538514341013,110.99512140950536,0.0008959605945221074,0.0022610660792333455,0.0,3919.521652592107
BT-v1,bt,0.0,-1,,-1,BT-v2,10030,1,1.0,1,0,0,gun_kill,88.56897012870584,26.468600182269554,86.22755206430473,2.1651871652168664,90.6023668102633,0.0011418821063437917,0.00198422747577271,0.0,5686.250326895514
BT-v1,bt,0.0,-1,,-1,BT-v2,10031,0,1.0,1,0,0,gun_kill,43.48339912879159,12.190222133530625,7.6439020918216976,4.273848188829925,44.915803675704495,0.0011251569927893442,0.00212287703999735,0.0,4123.820915204573
BT-v1,bt,0.0,-1,,-1,BT-v2,10031,1,0.0,0,0,1,gun_kill,49.4875470609142,35.59062195172905,22.279143552845216,2.254624850677806,113.41839546557324,0.00173587827941433,0.002096740212203825,0.0,4833.5233573025225
BT-v1,bt,0.0,-1,,-1,BT-v2,10032,0,0.0,0,0,1,gun_kill,89.42488904349162,8.475896722401387,58.190257903468925,5.887388799183805,101.60115295291045,0.0025397345285317844,0.0019594167999512154,0.0,3251.220971690337
BT-v1,bt,0.0,-1,,-1,BT-v2,10032,1,0.5,0,1,0,timeout,113.48029285193664,47.26175288334824,89.5473907147648,3.677399626216199,97.96062959041143,0.0015173517798529972,0.0029323589579713922,0.0,3951.537830001539
BT-v1,bt,0.0,-1,,-1,BT-v2,10033,0,0.0,0,0,1,gun_kill,53.91372618629248,0.6176828784278166,72.1165786116842,5.4128357059566365,89.12113049331094,0.0012786636848833093,0.0024523698940005284,0.0,3345.836859235543
BT-v1,bt,0.0,-1,,-1,BT-v2,10033,1,0.0,0,0,1,gun_kill,30.59386714026343,18.284287895470065,42.08784051953482,3.026955043269237,40.706864617306586,0.0009367782391747233,0.0009040874400391516,0.0,4132.390294597302
BT-v1,bt,0.0,-1,,-1,BT-v2,10034,0,0.0,0,0,1,gun_kill,50.78298858404493,14.382527227092346,74.88998444884865,5.349825038096439,68.64336239652863,0.0021489028423880467,0.0025480875162760103,0.0,5249.867249778643
BT-v1,bt,0.0,-1,,-1,BT-v2,10034,1,1.0,1,0,0,gun_kill,92.03715632371657,35.563708638178596,91.51186148896831,6.01231750086713,54.63580532100567,0.0015338867441799442,0.0018191318281070576,0.0,3554.472043435195
BT-v1,bt,0.0,-1,,-1,BT-v2,10035,0,0.5,0,1,0,timeout,95.88720750328959,52.616803050162154,46.437540789406626,1.780266710177468,98.082039932365,0.0026253685364108943,0.0026355845374975064,0.0,5419.080958724928
BT-v1,bt,0.0,-1,,-1,BT-v2,10035,1,0.5,0,1,0,timeout,108.9135962939648,60.1664104232256,78.9544646958382,1.4992261834329685,58.45996809088201,0.002022606768752146,0.0028680126807163458,0.0,4417.401073432591
BT-v1,bt,0.0,-1,,-1,BT-v2,10036,0,0.0,0,0,1,gun_kill,45.58714787208383,85.1485914629652,88.90462941434096,0.604152284488781,30.845133265906412,0.0016176818291965612,0.0022203746787322954,0.0,5911.348220245522
BT-v1,bt,0.0,-1,,-1,BT-v2,10036,1,1.0,1,0,0,gun_kill,100.31747387054712,47.542495358772875,12.987352477313463,2.9286424693652684,64.28112663728197,0.0030149781463393796,0.0016352997738248967,0.0,4259.756493607725
BT-v1,bt,0.0,-1,,-1,BT-v2,10037,0,0.0,0,0,1,gun_kill,71.29745120834247,95.01350121123174,3.053207158355553,0.528882068585756,32.50343155775423,0.0015267987920646708,0.0024173709947435465,0.0,4729.260543879145
BT-v1,bt,0.0,-1,,-1,BT-v2,10037,1,0.0,0,0,1,gun_kill,59.86325267926534,24.567749270908678,72.54085871405749,3.807182346396563,43.428913144437054,0.002812762894854801,0.0012929550088069649,0.0,5581.237004636774
BT-v1,bt,0.0,-1,,-1,BT-v2,10038,0,0.0,0,0,1,gun_kill,75.90801067362332,15.345456636464716,22.565741227847802,3.628191112167481,106.66716362450522,0.002205249598106669,0.002074442433066839,0.0,5267.815924671539
BT-v1,bt,0.0,-1,,-1,BT-v2,10038,1,0.5,0,1,0,timeout,118.44875506747488,42.87271374848053,83.71963489035463,0.11633305088815504,94.63991385838514,0.0015760351951551088,0.0029637077662515135,0.0,3596.4774010967367
BT-v1,bt,0.0,-1,,-1,BT-v2,10039,0,0.0,0,0,1,gun_kill,47.968051204306875,56.15867040751434,59.73456235768031,6.867547418396093,71.99998857170489,0.0029104787792243406,0.001757155042415421,0.0,5869.003978267856
BT-v1,bt,0.0,-1,,-1,BT-v2,10039,1,0.0,0,0,1,gun_kill,112.08947348856137,94.23605323086545,80.22461563180588,0.978940372764054,41.198573841091445,0.00023856219949751432,0.0017807669261290858,0.0,4155.456972678818
BT-v1,bt,0.0,-1,,-1,BT-v2,10040,0,1.0,1,0,0,gun_kill,98.59544967543489,85.44977036455471,13.28046270642882,4.1346794941122775,65.55116369978282,0.0017396694962056548,0.002876458757065372,0.0,5192.427147444519
BT-v1,bt,0.0,-1,,-1,BT-v2,10040,1,0.0,0,0,1,gun_kill,118.04233026175929,41.963307594794706,98.76708696600728,3.323508666345079,46.44017862517279,0.0023084947213344925,0.0022397607736673888,0.0,4697.264192505168
BT-v1,bt,0.0,-1,,-1,BT-v2,10041,0,0.0,0,0,1,gun_kill,47.970953233770885,3.4406935678024553,98.70333435599575,6.539121144623251,41.13347294635293,0.0013278942164965581,0.0019288582092850004,0.0,3741.8542211649783
BT-v1,bt,0.0,-1,,-1,BT-v2,10041,1,0.0,0,0,1,gun_kill,98.16258111214098,84.59573439320407,13.665200788665876,5.980689401800685,72.28414868458856,0.0011697512422094588,0.001258657510377899,0.0,5535.429242874605
BT-v1,bt,0.0,-1,,-1,BT-v2,10042,0,0.5,0,1,0,timeout,43.93304009944158,99.16847183338881,91.91899892378981,2.318729198528299,103.29728771996986,0.0009871815412104614,0.0025280700049579185,0.0,5323.956705795012
BT-v1,bt,0.0,-1,,-1,BT-v2,10042,1,1.0,1,0,0,gun_kill,56.61185222979293,59.55548548409993,35.5757664231393,5.889870527579636,83.31265824095942,0.0024011461946348545,0.0036685145604638814,0.0,3042.1772554467357
BT-v1,bt,0.0,-1,,-1,BT-v2,10043,0,1.0,1,0,0,gun_kill,44.50870353959865,35.36777120194139,1.1909738341017828,7.439260189309427,51.55580599250352,0.0017866402348214179,0.0020062029293259624,0.0,5822.216147185325
BT-v1,bt,0.0,-1,,-1,BT-v2,10043,1,0.5,0,1,0,timeout,68.80195705841376,29.850727250244834,97.62450350517938,2.918857798938003,37.51836788906686,0.0017548331551238343,0.001148573611677486,0.0,4116.723072585057
BT-v1,bt,0.0,-1,,-1,BT-v2,10044,0,1.0,1,0,0,gun_kill,66.83263060652203,43.90682105123638,99.5299803387861,6.867482604433498,85.88180085779561,0.0011920800015911785,0.002994559890023045,0.0,5276.997006846191
BT-v1,bt,0.0,-1,,-1,BT-v2,10044,1,1.0,1,0,0,gun_kill,64.15378650319414,32.68477975458089,57.04313226114667,5.224425746946304,46.324900954952525,0.0027143191199701603,0.001261435206612056,0.0,3047.5579176821225
BT-v1,bt,0.0,-1,,-1,BT-v2,10045,0,0.5,0,1,0,timeout,60.08812174706743,40.55830200225494,86.91937155246815,3.506440306395791,109.47702013463979,0.0014847073400689125,0.002441790362401183,0.0,3756.909262973237
BT-v1,bt,0.0,-1,,-1,BT-v2,10045,1,0.0,0,0,1,gun_kill,87.97804662029475,21.22260698821593,13.007049345508348,1.0034506292252239,111.81647665643746,0.0022986168185771157,0.0025226163991835283,0.0,5686.08627827933
BT-v1,bt,0.0,-1,,-1,BT-v2,10046,0,1.0,1,0,0,gun_kill,32.93151148331499,18.03360865456828,77.29787056611062,0.12330540896929598,80.77188540160742,0.0027805863641553368,0.00212321463403008,0.0,4438.127089288365
BT-v1,bt,0.0,-1,,-1,BT-v2,10046,1,0.0,0,0,1,gun_kill,56.406743121025514,45.65785036981372,4.571260294579826,6.4761571765593615,111.67490310385206,0.00198792699939051,0.0019713105947124065,0.0,4997.872220964633
BT-v1,bt,0.0,-1,,-1,BT-v2,10047,0,0.0,0,0,1,gun_kill,59.39906134730431,85.65716909439779,0.019000160734350402,5.056961691509099,57.092158288255405,0.0019552989906583646,0.001989034637483496,0.0,3629.3396102608463
BT-v1,bt,0.0,-1,,-1,BT-v2,10047,1,0.0,0,0,1,gun_kill,74.72413385545619,18.72806883090319,88.61749299123011,7.059093295898878,79.46115645265358,0.0025626303059591822,0.002484619736252522,0.0,5404.330093112603
BT-v1,bt,0.0,-1,,-1,BT-v2,10048,0,0.0,0,0,1,gun_kill,98.77437293554807,24.31488392814517,2.448846019798312,5.266024626330486,67.01319250350852,0.002185214234350932,0.0024607793249642666,0.0,4601.256281985714
BT-v1,bt,0.0,-1,,-1,BT-v2,10048,1,0.5,0,1,0,timeout,94.16905868328199,70.93696955124041,68.22828931380144,6.739392434722685,81.9586726720344,0.0020629499030865505,0.002122483965242583,0.0,5666.94197405804
BT-v1,bt,0.0,-1,,-1,BT-v2,10049,0,0.5,0,1,0,timeout,105.77242738293644,50.48895637581793,8.533895076932673,3.5918558985007705,56.20767578812857,0.0018420803683203034,0.0008991446069199036,0.0,3538.366581661372
BT-v1,bt,0.0,-1,,-1,BT-v2,10049,1,0.0,0,0,1,gun_kill,82.4252026561672,76.98203115008191,94.09769625013746,4.404863049880614,112.9456216976141,0.002379357128267628,0.0018352796072790376,0.0,5291.176374953204
BT-v1,bt,0.0,-1,,-1,BT-v2,10050,0,0.0,0,0,1,gun_kill,45.640984685474194,38.620429566027504,29.08501182392267,7.7350289541206765,88.01602148779148,0.0016466030742567762,0.0018944335691006928,0.0,4286.820175757365
BT-v1,bt,0.0,-1,,-1,BT-v2,10050,1,0.0,0,0,1,gun_kill,61.92553650512784,45.64996271539488,59.930705720113096,0.2262877948046187,60.58300394074571,0.0019975851020440387,0.0015096158238359263,0.0,4824.00199524132
BT-v1,bt,0.0,-1,,-1,BT-v2,10051,0,1.0,1,0,0,gun_kill,51.788496193031705,80.39918210590137,84.02815598495977,3.101866034162917,103.2801357487104,0.0017901027875805741,0.0027832608389320454,0.0,4636.3698709713435
BT-v1,bt,0.0,-1,,-1,BT-v2,10051,1,0.5,0,1,0,timeout,89.07980485563989,1.339067909718994,16.24434427083553,2.350587715103652,91.25063487926383,0.0022217469146784186,0.0013555666753915984,0.0,5302.851319691227
BT-v1,bt,0.0,-1,,-1,BT-v2,10052,0,1.0,1,0,0,gun_kill,39.530001757381925,85.53511602621138,35.68377529611344,4.546970323868078,75.31525251600728,0.002003802265990898,0.001197653666489309,0.0,5309.370679099244
BT-v1,bt,0.0,-1,,-1,BT-v2,10052,1,1.0,1,0,0,gun_kill,91.32370156506317,40.21420991507107,49.22616360621384,5.373549874885956,63.390247562607314,0.0023211762743635166,0.001269967802703146,0.0,4568.030698223748
BT-v1,bt,0.0,-1,,-1,BT-v2,10053,0,0.0,0,0,1,gun_kill,77.81653503517552,81.96869026699723,56.46161790877259,0.9820550270975676,87.77159081902248,0.0028094856175038124,0.003228564109569368,0.0,5043.184801418446
BT-v1,bt,0.0,-1,,-1,BT-v2,10053,1,0.0,0,0,1,gun_kill,86.61727105873595,22.516309745477102,55.71375458252831,6.174178215679176,94.06994677725687,0.0008912887402862345,0.0018281142245892433,0.0,5805.807183903224
BT-v1,bt,0.0,-1,,-1,BT-v2,10054,0,0.0,0,0,1,gun_kill,63.05712620272219,91.07583303834285,82.76241927281727,6.8414700821373415,39.61572390239715,0.0017615625449427996,0.0025317306044915734,0.0,3824.422487654053
BT-v1,bt,0.0,-1,,-1,BT-v2,10054,1,1.0,1,0,0,gun_kill,91.49394112253273,79.9269956479039,64.17678081403646,2.7587466914000363,80.37959870707938,0.001780370443744501,0.0013871270009691997,0.0,5570.403524145235
BT-v1,bt,0.0,-1,,-1,BT-v2,10055,0,1.0,1,0,0,gun_kill,64.49874568930488,16.486371752648665,38.00078966332565,0.1040613869990823,104.49866278480309,0.003542676886416089,0.002512245188088484,0.0,4805.384146909354
BT-v1,bt,0.0,-1,,-1,BT-v2,10055,1,0.0,0,0,1,gun_kill,56.21346523419489,26.75169724052795,4.9494207712161735,2.131192749866327,35.95906633842866,0.002281868812947146,0.00177213727891972,0.0,3551.504662210664
BT-v1,bt,0.0,-1,,-1,BT-v2,10056,0,1.0,1,0,0,gun_kill,112.50432672720062,14.87338924706233,9.483079072396784,7.765424466617621,90.02702675114725,0.002972980210305863,0.001534960536215969,0.0,3211.1691423605375
BT-v1,bt,0.0,-1,,-1,BT-v2,10056,1,0.0,0,0,1,gun_kill,67.62261037847321,39.24678243761738,13.530924400438927,0.9057590866502441,77.00213396192686,0.0013304880422828123,0.002138189556620021,0.0,4839.374033862643
BT-v1,bt,0.0,-1,,-1,BT-v2,10057,0,0.0,0,0,1,gun_kill,75.37843604500985,37.914767869986854,25.657270258042775,2.454773139639398,80.47263480231308,0.0015349505834524621,0.002750076838450554,0.0,3122.286981925843
BT-v1,bt,0.0,-1,,-1,BT-v2,10057,1,1.0,1,0,0,gun_kill,38.15870100824629,33.33434140297783,68.43766580709426,4.725717855238958,89.59148309624166,0.002338967889939459,0.003130041686995497,0.0,3888.7678651180286
BT-v1,bt,0.0,-1,,-1,BT-v2,10058,0,0.0,0,0,1,gun_kill,74.74484685653883,24.366138788293934,82.53015581668586,3.46650668789632,106.09105126446123,0.002102641576151526,0.002416448103292777,0.0,3335.5720392036756
BT-v1,bt,0.0,-1,,-1,BT-v2,10058,1,0.0,0,0,1,gun_kill,31.81678077087474,23.632066354151103,87.05533043101933,2.8008399984902974,113.92315437529075,0.001589358382088408,0.002539546163623298,0.0,4188.316347674447
BT-v1,bt,0.0,-1,,-1,BT-v2,10059,0,0.0,0,0,1,gun_kill,71.13939032359374,12.617219508562783,85.19583689191784,6.529973635375167,42.20088964070739,0.004012150336975892,0.001879692857833998,0.0,5230.7722755365285
BT-v1,bt,0.0,-1,,-1,BT-v2,10059,1,0.5,0,1,0,timeout,49.39153354394847,84.83128149076781,60.02137980585972,1.181643724869212,62.9283077626536,0.0012351249394123858,0.0025568388577094487,0.0,4010.55868683718
BT-v1,bt,0.0,-1,,-1,BT-v2,10060,0,0.5,0,1,0,timeout,104.2179782010571,45.42990275397899,94.83535027347261,2.497601207212587,98.08322962521767,0.001741346358667236,0.0019433244450030231,0.0,3052.7939294319144
BT-v1,bt,0.0,-1,,-1,BT-v2,10060,1,1.0,1,0,0,gun_kill,53.3331215876576,87.0091964631436,32.249837634659286,3.868204329606529,39.634006804026484,0.0029669435345438446,0.001100139304560626,0.0,3424.8070134693703
BT-v1,bt,0.0,-1,,-1,BT-v2,10061,0,0.0,0,0,1,gun_kill,51.95192576183502,6.125371109147981,60.18248802352767,1.1720012481654392,34.75350513694196,0.002815113539755303,0.0017646507456520644,0.0,5596.425228215213
BT-v1,bt,0.0,-1,,-1,BT-v2,10061,1,0.0,0,0,1,gun_kill,48.0867626990954,8.48112958859929,17.13572524069734,3.9566413157374125,62.19733256153388,0.0014633679011238584,0.0026465263253948024,0.0,4664.249101331468
BT-v1,bt,0.0,-1,,-1,BT-v2,10062,0,0.5,0,1,0,timeout,97.94103045284953,68.8939791286174,68.57723340752234,6.172755107219103,65.87455158453952,0.0029744982198998487,0.002222404170399158,0.0,4036.5674566832204
BT-v1,bt,0.0,-1,,-1,BT-v2,10062,1,0.0,0,0,1,gun_kill,118.96193184371106,70.1761735444785,90.66857311312557,0.1068395890759044,84.33457228680781,0.002204443780872486,0.0012739811680379243,0.0,5880.743259093856
BT-v1,bt,0.0,-1,,-1,BT-v2,10063,0,1.0,1,0,0,gun_kill,41.99352153320173,83.27610351493956,68.68864269896167,7.853262212688074,98.08582753671914,0.0028314098289235327,0.002471408343127278,0.0,3029.6020791225465
BT-v1,bt,0.0,-1,,-1,BT-v2,10063,1,0.0,0,0,1,gun_kill,64.56016077669187,10.665319951510266,54.68347971127406,2.959701920893999,84.5272159457239,0.0018502644409674244,0.0025706846047027143,0.0,4619.492789455706
BT-v1,bt,0.0,-1,,-1,BT-v2,10064,0,0.0,0,0,1,gun_kill,37.39927433455428,63.637787544494174,84.12211483671103,2.2942690072954504,76.91977007761898,0.0018924946326246439,0.0007815557168827558,0.0,3620.1669838754005
BT-v1,bt,0.0,-1,,-1,BT-v2,10064,1,0.0,0,0,1,gun_kill,60.78675395661423,82.42024408289295,45.25174757234932,6.318140497627957,112.88304067176742,0.0017897525073568578,0.002628092346098409,0.0,3968.9169927003113
BT-v1,bt,0.0,-1,,-1,BT-v2,10065,0,0.0,0,0,1,gun_kill,43.80057966828724,26.019497662267867,64.63532240715742,5.985448961935593,34.53026548759873,0.0022266052693781188,0.000779954370014006,0.0,5541.739573082759
BT-v1,bt,0.0,-1,,-1,BT-v2,10065,1,1.0,1,0,0,gun_kill,110.09960221278442,33.47305584682944,61.65735537428427,7.486086297826786,35.54386904076535,0.0025330610174821243,0.0031451690448143213,0.0,5106.742458039209
BT-v1,bt,0.0,-1,,-1,BT-v2,10066,0,0.0,0,0,1,gun_kill,52.16244995284738,85.98945712694444,17.74134705314514,3.8405781533000773,41.81543500789074,0.002757553498247249,0.0029084501697884094,0.0,4588.965975445147
BT-v1,bt,0.0,-1,,-1,BT-v2,10066,1,0.0,0,0,1,gun_kill,100.71617900864082,29.353842921599295,5.634943906044398,1.8964166149936599,79.13522794245091,0.001977184149863021,0.0021204357507163514,0.0,4821.836431405863
BT-v1,bt,0.0,-1,,-1,BT-v2,10067,0,1.0,1,0,0,gun_kill,74.82331372764135,33.09017980635159,34.74164266497423,7.675104364014502,44.71206644728924,0.0024080174680482062,0.002516410345474542,0.0,4928.095026862031
BT-v1,bt,0.0,-1,,-1,BT-v2,10067,1,0.5,0,1,0,timeout,93.52387743779664,69.50918695550627,43.81940760623048,6.6775943424555875,59.14051879074923,0.001112008268386781,0.0009267036655751205,0.0,4689.415657452298
BT-v1,bt,0.0,-1,,-1,BT-v2,10068,0,0.0,0,0,1,gun_kill,100.52864821851847,48.09069961107222,19.647047256994334,2.1596997608714528,33.818161972685644,0.0015379884824971329,0.001377042297730181,0.0,4975.62824185236
BT-v1,bt,0.0,-1,,-1,BT-v2,10068,1,0.0,0,0,1,gun_kill,67.51057243697169,35.20259749571497,4.062224652090485,7.86373656463079,36.76775596377287,0.002198856975293236,0.0010664553001430604,0.0,3408.5587400023305
BT-v1,bt,0.0,-1,,-1,BT-v2,10069,0,0.0,0,0,1,gun_kill,43.646669801458906,33.99500669714246,1.3248380983513885,7.452552701651049,58.89363551080557,0.0027915188344915924,0.0026363562871694777,0.0,5182.356062453942
BT-v1,bt,0.0,-1,,-1,BT-v2,10069,1,0.5,0,1,0,timeout,74.29309272629025,78.26519390154762,69.86461570509097,6.620573585846419,79.01168184496206,0.00214440474304216,0.0007447795431421839,0.0,3574.2188617412944
BT-v1,bt,0.0,-1,,-1,BT-v2,10070,0,0.0,0,0,1,gun_kill,30.259410694842213,78.3880941299395,0.7233220398069506,4.934407365052904,83.51524655946059,0.0014570510377830666,0.003166724825343248,0.0,5273.541189820044
BT-v1,bt,0.0,-1,,-1,BT-v2,10070,1,0.0,0,0,1,gun_kill,90.54844955541645,70.86717127055003,20.590988238547226,7.412932051306484,59.47873041371001,0.0026284840094114434,0.001186551679213776,0.0,5989.2150511173895
BT-v1,bt,0.0,-1,,-1,BT-v2,10071,0,0.0,0,0,1,gun_kill,71.56070701213658,56.611974629114634,2.7188322292675537,1.9206371685086925,117.72201509254126,0.002466111049904465,0.0022047171462854427,0.0,4719.23178350316
BT-v1,bt,0.0,-1,,-1,BT-v2,10071,1,0.0,0,0,1,gun_kill,106.75858442557993,86.12282828422182,76.02221564048733,2.7812618859737688,82.34230385144767,0.002569369586870483,0.001859893130649892,0.0,3244.2617194639984
BT-v1,bt,0.0,-1,,-1,BT-v2,10072,0,0.5,0,1,0,timeout,57.93063027857005,0.3734730026382249,51.686351768924396,2.9838222113766903,109.4821089907788,0.0015158010648053753,0.0019077020121332654,0.0,4704.235141284973
BT-v1,bt,0.0,-1,,-1,BT-v2,10072,1,0.5,0,1,0,timeout,72.08508507833997,36.76599607854942,23.758604997457923,0.7049803032744126,34.69091932315643,0.0036297055072122882,0.0015356716891949578,0.0,3451.8937356466095
BT-v1,bt,0.0,-1,,-1,BT-v2,10073,0,1.0,1,0,0,gun_kill,63.59689922112919,23.817385100892718,0.44088663224430835,0.26329694175469154,119.10482538195967,0.0013641559096345388,0.0017443186089232253,0.0,4878.029369424339
BT-v1,bt,0.0,-1,,-1,BT-v2,10073,1,0.0,0,0,1,gun_kill,64.99663672951344,73.3331833675533,93.69829015551946,3.1708420191586635,63.7793244223861,0.001879664676500159,0.0028630612201468253,0.0,3521.9217325213613
BT-v1,bt,0.0,-1,,-1,BT-v2,10074,0,0.5,0,1,0,timeout,90.93171246797701,1.477000491945013,13.839524767614432,6.464864970964667,59.893076247578946,0.0024641450333101117,0.0031355815009632493,0.0,4652.3205301005555
BT-v1,bt,0.0,-1,,-1,BT-v2,10074,1,1.0,1,0,0,gun_kill,48.65325925902889,44.7896798538948,52.3812301502496,1.0024671159710996,71.31330281035603,0.001698029777710741,0.002670196776740458,0.0,4107.238932579342
BT-v1,bt,0.0,-1,,-1,BT-v2,10075,0,0.0,0,0,1,gun_kill,101.91025133313876,26.31760625764509,14.022047838405616,7.75205777880746,108.57066135696427,0.0034285333579278593,0.0014306063293258657,0.0,3106.0562645653818
BT-v1,bt,0.0,-1,,-1,BT-v2,10075,1,0.0,0,0,1,gun_kill,101.11420726345992,96.51307886119497,3.578055936215785,6.502493266376106,60.31183095352611,0.0016690120629729317,0.0021389075552352083,0.0,3754.854314039995
BT-v1,bt,0.0,-1,,-1,BT-v2,10076,0,0.0,0,0,1,gun_kill,33.40638222715862,11.471558572938301,48.06777411190761,5.751606532345337,113.38445390711567,0.0005114513407905546,0.0031830126993881297,0.0,4324.075918274061
BT-v1,bt,0.0,-1,,-1,BT-v2,10076,1,0.5,0,1,0,timeout,83.05050830650106,69.19489770114056,90.28811551744809,4.736187406148194,111.5371154623877,0.001812177068070536,0.0022578514113328636,0.0,5994.202370199034
BT-v1,bt,0.0,-1,,-1,BT-v2,10077,0,1.0,1,0,0,gun_kill,93.65196332494247,90.3159858882565,89.44909043468074,6.982068724051295,55.087244101346485,0.002197304457668071,0.0021265445484545224,0.0,5909.018437745881
BT-v1,bt,0.0,-1,,-1,BT-v2,10077,1,0.5,0,1,0,timeout,89.44464907573806,75.97791414559913,14.66882319095667,6.96275037216895,75.4706120546422,0.003052047840481303,0.0018759113023923113,0.0,5842.316915594627
BT-v1,bt,0.0,-1,,-1,BT-v2,10078,0,1.0,1,0,0,gun_kill,105.11841602753074,86.2819348116165,94.72783133470418,5.19637633063076,63.16788565418095,0.002917885794618825,0.0019381773818265907,0.0,5988.558526739254
BT-v1,bt,0.0,-1,,-1,BT-v2,10078,1,0.0,0,0,1,gun_kill,60.56010386298627,91.88747162343675,71.23908747730557,2.664996351679431,113.64460549124793,0.0008734806063947697,0.0026530336592495186,0.0,3089.174087667635
BT-v1,bt,0.0,-1,,-1,BT-v2,10079,0,0.0,0,0,1,gun_kill,39.720141925516515,4.867224663875957,65.60677562824468,7.746841655125307,35.77586614385203,0.001975874405769015,0.0011556169117476248,0.0,5583.699146417345
BT-v1,bt,0.0,-1,,-1,BT-v2,10079,1,1.0,1,0,0,gun_kill,47.47343259913626,97.51452710466863,57.53904748336897,1.0537529483918835,30.424742144400394,0.0023690649356960247,0.0024076869176162773,0.0,4598.410189342745
BT-v1,bt,0.0,-1,,-1,BT-v2,10080,0,0.0,0,0,1,gun_kill,43.857762435118154,31.836271317067556,5.298572151930136,7.972030923418596,68.14652802330568,0.0015562978615437863,0.002207465326885552,0.0,3426.6536309701833
BT-v1,bt,0.0,-1,,-1,BT-v2,10080,1,1.0,1,0,0,gun_kill,31.36713090654091,68.82786011315314,98.96895416653955,0.732807496776867,44.871599142677894,0.002633692222549271,0.002092770618397157,0.0,5843.399433606294
BT-v1,bt,0.0,-1,,-1,BT-v2,10081,0,0.5,0,1,0,timeout,68.52561264563099,28.640252521902042,80.43891931718716,1.5001305189778549,64.18207982491724,0.0022265293292268178,0.0023522203245813526,0.0,5438.488848756758
BT-v1,bt,0.0,-1,,-1,BT-v2,10081,1,1.0,1,0,0,gun_kill,107.76715450326253,79.13256657064282,47.073436747045314,4.430212737712751,69.88919138964071,0.0024413918724509242,0.0016213519762571466,0.0,5739.253575545352
BT-v1,bt,0.0,-1,,-1,BT-v2,10082,0,0.0,0,0,1,gun_kill,38.8363702958739,55.144090623927234,61.84311379949739,6.489909039021191,82.3427186087087,0.0013867093385171929,0.0028488969200549247,0.0,3888.794667659584
BT-v1,bt,0.0,-1,,-1,BT-v2,10082,1,0.0,0,0,1,gun_kill,91.89529021617221,92.32767482499823,76.50268426147872,3.101639686373993,34.321568107611334,0.0021515889645360234,0.0018487731875794968,0.0,3157.208733236961
BT-v1,bt,0.0,-1,,-1,BT-v2,10083,0,1.0,1,0,0,gun_kill,81.58174343103087,78.74425114599552,7.025205916566668,2.5543719300809844,64.12615544639758,0.002216593237305475,0.001955179736736922,0.0,4214.252994185136
BT-v1,bt,0.0,-1,,-1,BT-v2,10083,1,0.0,0,0,1,gun_kill,91.84180872741098,67.2246468862194,71.20932769706188,4.334623102311332,72.07486791338683,0.0023607781265739497,0.00247586742091332,0.0,4218.592882169046
BT-v1,bt,0.0,-1,,-1,BT-v2,10084,0,1.0,1,0,0,gun_kill,47.303341212056736,98.32895848581315,96.17045770773358,0.02380909520802721,37.00156392876758,0.001722688839612459,0.0028426262225619463,0.0,4990.959055766945
BT-v1,bt,0.0,-1,,-1,BT-v2,10084,1,1.0,1,0,0,gun_kill,65.71583863674566,32.58861949464129,24.64836490875102,6.200915387347942,57.343244449225566,0.0016137880079662146,0.00236653604655142,0.0,5684.808326508086
BT-v1,bt,0.0,-1,,-1,BT-v2,10085,0,1.0,1,0,0,gun_kill,56.63500739183025,98.37029416064158,4.731794038949255,6.7063559220475275,44.73150553511695,0.0018451682108342872,0.0016735477137646729,0.0,3356.7896870419922
BT-v1,bt,0.0,-1,,-1,BT-v2,10085,1,0.5,0,1,0,timeout,75.73619679417405,65.22325136291333,33.62381019529867,1.9899741398407755,111.70382779392858,0.0021247433274193756,0.003528190081146428,0.0,3447.911917449943
BT-v1,bt,0.0,-1,,-1,BT-v2,10086,0,1.0,1,0,0,gun_kill,95.84681116841962,75.30611951948528,51.301911028674304,0.17237995693885377,50.03942920749415,0.0009440974801210897,0.0019722476959536084,0.0,4376.504159632332
BT-v1,bt,0.0,-1,,-1,BT-v2,10086,1,0.0,0,0,1,gun_kill,111.56120650205065,39.31510270623203,92.38844141325961,5.443315450019547,84.4373941299074,0.002525063783788418,0.0026619907391990678,0.0,3971.9598430976716
BT-v1,bt,0.0,-1,,-1,BT-v2,10087,0,0.5,0,1,0,timeout,73.66298798800017,40.76604927390114,26.23171760632541,0.5898084785195321,117.59423610585445,0.0013993670586532518,0.0011411389114993576,0.0,5520.923443836193
BT-v1,bt,0.0,-1,,-1,BT-v2,10087,1,0.0,0,0,1,gun_kill,105.22620174134943,16.4766610897806,14.559734006768144,1.8820924936211139,107.42047100109437,0.001972512252332616,0.0028500718427940837,0.0,5800.606270096745
BT-v1,bt,0.0,-1,,-1,BT-v2,10088,0,0.0,0,0,1,gun_kill,64.9272476329996,59.98572323747074,98.48328040306227,5.65039066300165,47.796651384864404,0.0024137256790853737,0.0021860661811688026,0.0,4596.982046924119
BT-v1,bt,0.0,-1,,-1,BT-v2,10088,1,0.0,0,0,1,gun_kill,97.08545914921966,45.40442279491956,63.314356453420004,0.05621450851808607,98.65298831551507,0.00311330308845364,0.0015944834525082508,0.0,5450.134168896916
BT-v1,bt,0.0,-1,,-1,BT-v2,10089,0,0.0,0,0,1,gun_kill,96.18235649468241,48.915910344543065,11.354244797895374,0.2682823115933335,61.337637922460914,0.001426057000414883,0.0031605600996614342,0.0,3333.0710568847076
BT-v1,bt,0.0,-1,,-1,BT-v2,10089,1,1.0,1,0,0,gun_kill,77.5072600461358,24.840914690106253,63.871821916182284,2.3658297633209093,69.92343753396133,0.0021421705133074544,0.0017837900347215606,0.0,4705.886182445264
BT-v1,bt,0.0,-1,,-1,BT-v2,10090,0,0.0,0,0,1,gun_kill,39.1955723415212,86.00405275554289,71.38786034477887,1.1906504759104637,39.922738602270655,0.002354022233702629,0.002237656630105791,0.0,3734.4948545624093
BT-v1,bt,0.0,-1,,-1,BT-v2,10090,1,1.0,1,0,0,gun_kill,86.4883337191888,11.940913056214331,21.301015446904316,7.315595175230492,40.59282321900546,0.0012475042145209828,0.0022930940744843157,0.0,5343.190079835449
BT-v1,bt,0.0,-1,,-1,BT-v2,10091,0,0.5,0,1,0,timeout,117.25926320071322,32.69282394063592,59.370475645199186,1.626938684375279,71.33060845965637,0.0006719422964019479,0.0007535520719154066,0.0,3552.6069933240547
BT-v1,bt,0.0,-1,,-1,BT-v2,10091,1,0.0,0,0,1,gun_kill,110.72456777909345,76.85603961061744,88.5931477891457,2.4190698265770276,34.66108960858854,0.0022651279575991753,0.00156812301732519,0.0,3131.8362908705926
BT-v1,bt,0.0,-1,,-1,BT-v2,10092,0,0.0,0,0,1,gun_kill,58.93635438944804,95.20073955698587,98.46149766496522,4.821127731477542,111.70542850562357,0.0005453522919674563,0.002411224601895354,0.0,5190.516070051208
BT-v1,bt,0.0,-1,,-1,BT-v2,10092,1,0.0,0,0,1,gun_kill,32.22274951787025,34.87289813901106,0.8636209165301167,2.472408665495565,72.09206199381074,2.649599309845988e-05,0.0020947317828816916,0.0,3088.4263160674873
BT-v1,bt,0.0,-1,,-1,BT-v2,10093,0,0.0,0,0,1,gun_kill,48.99991068484354,8.412346430196605,60.60581486104437,5.36837659313939,58.87904259981031,0.001386969170122615,0.0016303757658010913,0.0,3516.0096096845896
BT-v1,bt,0.0,-1,,-1,BT-v2,10093,1,0.0,0,0,1,gun_kill,70.4220293975549,55.97829593066047,76.77895302852475,3.8041416917118136,110.141160512736,0.0029550958834364018,0.0034909342432130064,0.0,3509.7180157922085
BT-v1,bt,0.0,-1,,-1,BT-v2,10094,0,1.0,1,0,0,gun_kill,85.20498681781227,60.19984387713697,38.13078882621621,0.07321664242093551,70.34903477220249,0.001815915774187282,0.0009197445266673505,0.0,4735.381450493329
BT-v1,bt,0.0,-1,,-1,BT-v2,10094,1,0.0,0,0,1,gun_kill,92.21270877338185,9.142453216616108,49.06957343273463,7.597651858903694,77.82277225128777,0.002156232300955295,0.002156213350512804,0.0,5334.022180845244
BT-v1,bt,0.0,-1,,-1,BT-v2,10095,0,0.0,0,0,1,gun_kill,89.4645534878295,85.08870829375965,43.03187501202754,2.7226163402977823,110.60504379291031,0.0017113290542132911,0.001095010769353351,0.0,3535.21854299939
BT-v1,bt,0.0,-1,,-1,BT-v2,10095,1,0.5,0,1,0,timeout,102.16744213796125,12.49162254960925,37.28902551690262,5.190559454376097,59.75290896580843,0.0022709524336207813,0.0022392241146622608,0.0,4769.484450882448
BT-v1,bt,0.0,-1,,-1,BT-v2,10096,0,0.5,0,1,0,timeout,39.869589248287895,27.84275630372318,81.61614707623757,2.535543347341412,61.07771780929957,0.0018591697131469741,0.0017001275156888797,0.0,4722.1168917025425
BT-v1,bt,0.0,-1,,-1,BT-v2,10096,1,1.0,1,0,0,gun_kill,53.32895358231641,79.15053732621573,37.92299300432392,7.425689407418641,64.12640497250237,0.002565258522758736,0.002250074981262939,0.0,3836.264480223871
BT-v1,bt,0.0,-1,,-1,BT-v2,10097,0,0.0,0,0,1,gun_kill,102.03004637799461,24.818818589472002,29.523327456214155,3.331321036276437,62.658133237120715,0.0025300245760934786,0.0022361971234877757,0.0,4769.553113644638
BT-v1,bt,0.0,-1,,-1,BT-v2,10097,1,0.0,0,0,1,gun_kill,66.17653141157243,68.61992168302598,16.855004777996285,6.6710175939773375,59.53314826308717,0.0014494000158834948,0.0016701726566971543,0.0,3440.6296308756396
BT-v1,bt,0.0,-1,,-1,BT-v2,10098,0,0.0,0,0,1,gun_kill,90.8201511862151,0.49266883089104097,76.17529041059437,5.014494256144299,115.31878061788437,0.0013096288385856455,0.0024219898849517215,0.0,3333.421930823602
BT-v1,bt,0.0,-1,,-1,BT-v2,10098,1,0.5,0,1,0,timeout,65.71351258375886,50.00221267318777,24.927308756644518,2.6098491433671818,35.76241026018726,0.0020178138331598027,0.0023210951315120834,0.0,5042.469765426857
BT-v1,bt,0.0,-1,,-1,BT-v2,10099,0,0.5,0,1,0,timeout,105.72257474589796,23.82458187674792,12.060343678587405,6.248052651119544,50.52812269819317,0.0014217224527246896,0.0022732839429623897,0.0,3187.4012365894264
BT-v1,bt,0.0,-1,,-1,BT-v2,10099,1,0.0,0,0,1,gun_kill,31.652913947372234,42.83937525256477,41.52890026941264,0.683522615518914,37.38629706164555,0.0011629727785586932,0.0020329414784314172,0.0,5195.163285782843
BT-v1,bt,0.0,-1,,-1,BT-v3,10000,0,0.5,0,1,0,timeout,53.654313357473455,95.10429621275863,2.2371398725433256,5.015714975977499,31.60797171668712,0.001952232029535814,0.0027162682903238756,0.0,3241.0259846185504
BT-v1,bt,0.0,-1,,-1,BT-v3,10000,1,0.0,0,0,1,gun_kill,81.46733092475856,7.733634594947136,97.71695630814656,0.885930231376916,74.28705887848042,0.0019632251157867004,0.0006836228208424154,0.0,5568.922345008169
BT-v1,bt,0.0,-1,,-1,BT-v3,10001,0,0.0,0,0,1,gun_kill,61.70498010680468,18.430110288847178,4.5218926087582485,2.6281000570074093,35.65435701421977,0.0011508824562218298,0.0016404622742214354,0.0,3604.651556001701
BT-v1,bt,0.0,-1,,-1,BT-v3,10001,1,0.5,0,1,0,timeout,30.63791209821775,91.26756407433325,84.08571199526907,0.756958725884715,91.61117593260953,0.0006812414256484026,0.002609949825433824,0.0,3536.227717202637
BT-v1,bt,0.0,-1,,-1,BT-v3,10002,0,1.0,1,0,0,gun_kill,115.86024370325917,20.826349215076146,43.49928786859921,1.3377973675300563,59.24871217334967,0.0028352329673888023,0.002532359173830753,0.0,4587.389161981246
BT-v1,bt,0.0,-1,,-1,BT-v3,10002,1,0.0,0,0,1,gun_kill,102.70481948898346,74.3448561441666,29.671480907347348,2.422983164543158,71.17539720739012,0.0016121976573030329,0.0023954464025565917,0.0,3590.041262983952
BT-v1,bt,0.0,-1,,-1,BT-v3,10003,0,0.5,0,1,0,timeout,60.25854443676242,94.11001275051991,60.50263087788307,6.958591051845349,38.875696555986465,0.0018521905191312355,0.0010277353937564724,0.0,4311.976065654519
BT-v1,bt,0.0,-1,,-1,BT-v3,10003,1,0.0,0,0,1,gun_kill,54.54435425937291,43.32149820481689,13.269913200316575,7.933048027189565,79.468566517243,0.002946221289956461,0.0014874955513639585,0.0,4290.2388273526985
BT-v1,bt,0.0,-1,,-1,BT-v3,10004,0,0.0,0,0,1,gun_kill,44.15263187131622,39.55885220804445,49.798696051067594,3.978020772721412,103.77804850407897,0.001390561563293982,0.0024593894146965056,0.0,3803.2653757093785
BT-v1,bt,0.0,-1,,-1,BT-v3,10004,1,0.5,0,1,0,timeout,72.51008310832262,26.429476517189865,3.0946489790594334,1.5938891066346654,82.03401785375513,0.0022543244754052966,0.003071374372516916,0.0,3775.733258869333
BT-v1,bt,0.0,-1,,-1,BT-v3,10005,0,1.0,1,0,0,gun_kill,46.235392060427785,25.448072628909614,83.93499896576193,1.7698057543244001,104.55580369919834,0.0031472739726166174,0.0005825071305351809,0.0,5260.770432684557
BT-v1,bt,0.0,-1,,-1,BT-v3,10005,1,1.0,1,0,0,gun_kill,114.60384778346103,84.209462101656,44.36286016689019,3.468711545866795,32.78588551517342,0.0006454789074002098,0.002318161300642533,0.0,3331.580398220013
BT-v1,bt,0.0,-1,,-1,BT-v3,10006,0,0.0,0,0,1,gun_kill,31.951422635152586,99.09734607433262,29.620757236084007,3.686921712247007,79.09243070806272,0.0015911021696989572,0.0009166757432996907,0.0,3151.707585680668
BT-v1,bt,0.0,-1,,-1,BT-v3,10006,1,0.0,0,0,1,gun_kill,117.50784339398362,12.555747591095102,85.98308385500755,5.764315576938697,97.52028070589719,0.0018839968904685962,0.0017782502225710155,0.0,5071.269370823489
BT-v1,bt,0.0,-1,,-1,BT-v3,10007,0,0.0,0,0,1,gun_kill,89.28824220204959,23.40523135811453,53.673526409931696,0.9734011444082453,94.60906915346308,0.002441093689759237,0.0010243656750883383,0.0,3025.9934811083085
BT-v1,bt,0.0,-1,,-1,BT-v3,10007,1,1.0,1,0,0,gun_kill,91.37799177322835,69.24133433279735,57.5209326882013,1.8215297823009813,89.68184284592667,0.0008456559253539287,0.001985685265088185,0.0,4716.9537238627445
BT-v1,bt,0.0,-1,,-1,BT-v3,10008,0,0.5,0,1,0,timeout,49.72494374542071,72.4582703328062,18.09919550128066,1.2588372645382542,86.94877071591571,0.002170408495553996,0.0030724916748723925,0.0,3786.864921106826
BT-v1,bt,0.0,-1,,-1,BT-v3,10008,1,1.0,1,0,0,gun_kill,112.24483161434344,0.8386515104713554,35.101157772023704,1.2545680594505715,72.02953893142791,0.002157362012433039,0.0011027027391290736,0.0,4080.521263838107
BT-v1,bt,0.0,-1,,-1,BT-v3,10009,0,1.0,1,0,0,gun_kill,93.45109204018283,54.19158729876399,72.02899696480966,0.35884228866185985,45.582656174427605,0.0015125352011688114,0.0010854945302930918,0.0,4708.338060981291
BT-v1,bt,0.0,-1,,-1,BT-v3,10009,1,0.0,0,0,1,gun_kill,78.86240957364872,56.61163410614428,41.74756231277408,2.230502790408325,76.63165867931598,0.0028873924118777506,0.0013919258009620654,0.0,5346.981423333686
BT-v1,bt,0.0,-1,,-1,BT-v3,10010,0,0.5,0,1,0,timeout,60.277021944093306,3.3538175582148444,96.9085796919129,4.496764843140928,37.34232890197594,0.0013929028253187713,0.0030757728950633586,0.0,3180.1237726871195
BT-v1,bt,0.0,-1,,-1,BT-v3,10010,1,0.0,0,0,1,gun_kill,55.15594040997398,7.788710109903329,62.464580721498265,7.169891762068814,62.9774133877448,0.00287527697809147,0.0018296522951787588,0.0,3933.741565491532
BT-v1,bt,0.0,-1,,-1,BT-v3,10011,0,1.0,1,0,0,gun_kill,75.47439704617094,34.15680806774534,16.61422987550203,5.77896183148767,110.39134247527107,0.0023741171466056775,0.002059727550531217,0.0,5740.620217827888
BT-v1,bt,0.0,-1,,-1,BT-v3,10011,1,0.5,0,1,0,timeout,112.31284025732128,8.363663611481464,98.37899231995702,0.7739160654743582,97.08823272075014,0.0014254880240137247,0.0019012917979207785,0.0,3733.9921633840286
BT-v1,bt,0.0,-1,,-1,BT-v3,10012,0,0.0,0,0,1,gun_kill,76.16110737683644,4.704944116497645,9.752909616287809,2.241898455979965,106.27040520076632,0.0013634007068821018,0.002258460531984036,0.0,4604.704558579551
BT-v1,bt,0.0,-1,,-1,BT-v3,10012,1,0.5,0,1,0,timeout,57.72688091363654,19.8202044408185,35.12966694373794,1.3255483209959218,81.66937837105334,0.001989425807189895,0.0014414133896624012,0.0,3648.3614784404185
BT-v1,bt,0.0,-1,,-1,BT-v3,10013,0,0.0,0,0,1,gun_kill,55.02252683361377,88.23342649864352,5.823821478746494,5.183412771921192,107.48869426724005,0.002937404484380621,0.0025934714934543455,0.0,4209.310307722712
BT-v1,bt,0.0,-1,,-1,BT-v3,10013,1,1.0,1,0,0,gun_kill,71.8181468321678,64.99032246183619,33.82219614807911,1.2939277401833529,72.35603585489099,0.002312396892016805,0.0015869374290168612,0.0,4370.988184868641
BT-v1,bt,0.0,-1,,-1,BT-v3,10014,0,0.0,0,0,1,gun_kill,44.66059521811998,63.52125796416974,19.941530350343616,3.347771104762783,97.26940244577959,0.0005881838826045118,0.0026841025952811627,0.0,5667.399757969822
BT-v1,bt,0.0,-1,,-1,BT-v3,10014,1,0.0,0,0,1,gun_kill,64.42761446907848,9.466299609774897,34.286637343206706,1.4929417726098277,97.038502466069,0.0019107008012553626,0.0019722895930709057,0.0,3049.1235096216133
BT-v1,bt,0.0,-1,,-1,BT-v3,10015,0,0.0,0,0,1,gun_kill,31.212078593374216,52.74495190953211,43.16443745227823,2.095154097420288,110.0997382364815,0.002929729165012024,0.001368584733281085,0.0,3391.687803245096
BT-v1,bt,0.0,-1,,-1,BT-v3,10015,1,1.0,1,0,0,gun_kill,105.62028701465877,12.88692065510012,13.525353801469741,5.254715248307437,49.341152099344995,0.0017751795645798466,0.0024797048198951536,0.0,3093.545980871536
BT-v1,bt,0.0,-1,,-1,BT-v3,10016,0,0.5,0,1,0,timeout,108.02643238658511,13.446391670740066,0.528894307627259,3.856684992309992,70.39981157645065,0.0016823033998782828,0.0009299067880255232,0.0,5130.845180112641
BT-v1,bt,0.0,-1,,-1,BT-v3,10016,1,0.0,0,0,1,gun_kill,70.85178825495555,92.59085185547542,71.66897129067506,0.6142645373814943,114.63938836235367,0.0022227516328322374,0.0020589684923044914,0.0,3526.424121306142
BT-v1,bt,0.0,-1,,-1,BT-v3,10017,0,0.0,0,0,1,gun_kill,49.84285045492097,65.48026427208539,30.58608661892308,7.974583328673131,39.800336019045005,0.0024950180427049566,0.0024441698931794457,0.0,3886.325380261262
BT-v1,bt,0.0,-1,,-1,BT-v3,10017,1,0.0,0,0,1,gun_kill,75.11483235893296,8.901166989892461,72.8612141642588,3.552791179875573,37.44170851998111,0.002743066170265938,0.0016134346559857078,0.0,4751.362982957143
BT-v1,bt,0.0,-1,,-1,BT-v3,10018,0,0.0,0,0,1,gun_kill,84.08115143345383,70.3839784629583,98.94622450493522,4.461000086714749,69.65556652479029,0.003126465804389566,0.0016688396933992864,0.0,3069.02455895517
BT-v1,bt,0.0,-1,,-1,BT-v3,10018,1,1.0,1,0,0,gun_kill,117.95909904114393,54.60085556461709,5.177665940135068,5.282983756396583,38.687490583739546,0.0010218291024349702,0.002226944769191605,0.0,4991.107666167205
BT-v1,bt,0.0,-1,,-1,BT-v3,10019,0,0.0,0,0,1,gun_kill,106.84825233675866,38.67791625789003,98.0181894577855,1.1157235261716059,90.36422897747696,0.0004277079122310158,0.0014129372588550242,0.0,4408.019927143811
BT-v1,bt,0.0,-1,,-1,BT-v3,10019,1,1.0,1,0,0,gun_kill,34.019213272842606,29.59027419707818,9.741625155082811,5.5046050811695215,71.46779374933816,0.0021907906743232662,0.0015345019147201332,0.0,3142.4905685922126
BT-v1,bt,0.0,-1,,-1,BT-v3,10020,0,0.5,0,1,0,timeout,91.45948586689806,90.31155838251314,94.5998687301501,3.0616553869420944,81.87122396495431,0.0011872179198625784,0.0015818780427708935,0.0,5928.564371761773
BT-v1,bt,0.0,-1,,-1,BT-v3,10020,1,0.0,0,0,1,gun_kill,106.44134661893877,16.78310855007209,93.584340629851,6.195649564706619,88.76362665850215,0.0021247870803342774,0.00128223846771532,0.0,4757.068380530154
BT-v1,bt,0.0,-1,,-1,BT-v3,10021,0,0.5,0,1,0,timeout,110.35832124033365,55.07870637930132,8.905328745015185,7.002691666107534,58.01766876010676,0.002287800248827808,0.0022056760602216638,0.0,5423.920749039944
BT-v1,bt,0.0,-1,,-1,BT-v3,10021,1,0.5,0,1,0,timeout,73.8646132629911,96.79813977597043,44.196157064482875,2.9844290514497818,79.53796879581779,0.002878466948631006,0.0018562782622879217,0.0,3099.588468549777
BT-v1,bt,0.0,-1,,-1,BT-v3,10022,0,0.0,0,0,1,gun_kill,71.26678977988084,70.42209664032754,59.866188242789164,1.3138339837982906,119.52671043271046,0.0018396045105449265,0.002223040741241147,0.0,3809.0881862981796
BT-v1,bt,0.0,-1,,-1,BT-v3,10022,1,1.0,1,0,0,gun_kill,38.067660888099056,55.76369454953913,21.11010785902797,3.367310632145079,98.49435894987874,0.0011678339551489515,0.0013671542170821654,0.0,3278.5197131501404
BT-v1,bt,0.0,-1,,-1,BT-v3,10023,0,0.5,0,1,0,timeout,47.757366873282365,54.52660992798924,42.24035169810777,2.8704197929563753,64.77329515603458,0.0017749451572719702,0.0015789852611704871,0.0,3981.3997265765606
BT-v1,bt,0.0,-1,,-1,BT-v3,10023,1,0.0,0,0,1,gun_kill,77.62548651655528,1.1292205339423544,41.06562849806736,1.8000079470924533,83.59010239141476,0.001655755241149175,0.003514490538431272,0.0,3369.0214379733716
BT-v1,bt,0.0,-1,,-1,BT-v3,10024,0,0.0,0,0,1,gun_kill,71.89631430968184,43.95869134482585,36.90591042071152,5.493570793432511,40.951923780677404,0.002742120540426304,0.002149106230030799,0.0,3601.6073159751113
BT-v1,bt,0.0,-1,,-1,BT-v3,10024,1,0.5,0,1,0,timeout,112.98536056153995,14.189790480180719,84.97903132121951,3.2460285532332485,47.256900770673084,0.0006530553962452081,0.0008773562560421978,0.0,3666.711705987943
BT-v1,bt,0.0,-1,,-1,BT-v3,10025,0,0.0,0,0,1,gun_kill,63.34802256908498,53.22583483160743,35.65648301163523,1.308103345083917,104.515297525179,0.0016094239401322913,0.0019409515858484212,0.0,4583.0627332539825
BT-v1,bt,0.0,-1,,-1,BT-v3,10025,1,1.0,1,0,0,gun_kill,106.0345788090247,22.233290186417033,30.76880879306454,7.125165936697828,47.68864548329324,0.0014909134544243692,0.0014219139677836318,0.0,4716.612330302219
BT-v1,bt,0.0,-1,,-1,BT-v3,10026,0,0.0,0,0,1,gun_kill,80.99455404612436,99.46127911954954,59.08292204340151,3.363462634492457,56.640841376785865,0.002053653746512572,0.0023804214997268027,0.0,4223.881601504807
BT-v1,bt,0.0,-1,,-1,BT-v3,10026,1,0.0,0,0,1,gun_kill,91.90360769852921,60.9623596881155,28.96820083531164,7.8684108570015185,51.82739703834409,0.0014077718528887,0.0029015321084180173,0.0,4410.479822754621
BT-v1,bt,0.0,-1,,-1,BT-v3,10027,0,0.5,0,1,0,timeout,94.1567972843206,81.49495387949676,13.556934818979816,0.3264426995658605,70.00864509523285,0.0008756547467852918,0.0025428846970794727,0.0,5391.668038997001
BT-v1,bt,0.0,-1,,-1,BT-v3,10027,1,1.0,1,0,0,gun_kill,85.5737036840821,81.44856448253968,36.31586432337486,3.603599868018697,57.242637426506874,0.0033766790842632076,0.0016973788725670549,0.0,3001.134254646451
BT-v1,bt,0.0,-1,,-1,BT-v3,10028,0,1.0,1,0,0,gun_kill,76.98930853750626,19.904020680777347,22.297760760016605,3.5060034018981323,79.86861700049022,0.0010302913307319414,0.0011896295554652103,0.0,5602.924348423474
BT-v1,bt,0.0,-1,,-1,BT-v3,10028,1,0.0,0,0,1,gun_kill,82.09274019785528,13.094969186846473,43.346470722185316,0.5243566521456735,117.00858833210337,0.0018319303371415693,0.0020529128461660184,0.0,4575.894987961951
BT-v1,bt,0.0,-1,,-1,BT-v3,10029,0,0.5,0,1,0,timeout,37.214240439118996,56.49183597566616,39.33688149039055,0.9481940440464216,37.299159560129546,0.0029757344789696034,0.0021141177762116136,0.0,3801.3761324180214
BT-v1,bt,0.0,-1,,-1,BT-v3,10029,1,0.0,0,0,1,gun_kill,93.61718902517718,72.33154269444893,97.64469526488561,1.4772105571781058,110.90311907115404,0.002445584745055877,0.0014055473711791183,0.0,3828.616526605892
BT-v1,bt,0.0,-1,,-1,BT-v3,10030,0,0.0,0,0,1,gun_kill,111.41479085262598,52.52509321050917,39.0929990683603,2.8551920876627257,114.65165827155266,0.0010616010927611147,0.0009354739397707177,0.0,5027.010178646025
BT-v1,bt,0.0,-1,,-1,BT-v3,10030,1,1.0,1,0,0,gun_kill,69.10764597220981,92.15666809514211,9.09403630838208,2.903532618611748,111.69426234236964,0.0021756958499077653,0.0021641286727677135,0.0,3872.853278214085
BT-v1,bt,0.0,-1,,-1,BT-v3,10031,0,0.5,0,1,0,timeout,46.14095083254891,88.1395374887217,93.35821299951016,5.1341061449639245,109.9447389973496,0.0005340757467453255,0.0012572275932819575,0.0,5506.793997567234
BT-v1,bt,0.0,-1,,-1,BT-v3,10031,1,0.0,0,0,1,gun_kill,36.15556328384739,90.10790996654802,83.3629699239212,2.7460882166376956,73.15882856494167,0.0016477262443702352,0.0026070938933969723,0.0,4187.833797560334
BT-v1,bt,0.0,-1,,-1,BT-v3,10032,0,0.5,0,1,0,timeout,99.41113360966976,89.46708057849312,42.06925556706725,1.3062674345731216,111.53303011596292,0.0022071952123433967,0.0016355887301242478,0.0,4553.099343930666
BT-v1,bt,0.0,-1,,-1,BT-v3,10032,1,0.5,0,1,0,timeout,43.07084790386119,61.16745697235921,92.46687905693798,1.9322901867817244,115.24565381593226,0.0022047110835513722,0.0015445700708209469,0.0,4551.369016432196
BT-v1,bt,0.0,-1,,-1,BT-v3,10033,0,1.0,1,0,0,gun_kill,37.35492896562638,3.41518314783128,4.614670650377894,3.5870192079721335,61.33330483151754,0.0011691151233058769,0.002199080215016531,0.0,4464.291536430809
BT-v1,bt,0.0,-1,,-1,BT-v3,10033,1,1.0,1,0,0,gun_kill,94.72552790475235,30.570279320503957,76.36001760469519,5.471179976103202,87.88429932702532,0.0020796241264170153,0.001318662327599799,0.0,4856.208674234707
BT-v1,bt,0.0,-1,,-1,BT-v3,10034,0,0.0,0,0,1,gun_kill,105.21680737842708,21.022235874476625,59.355380533009786,7.79139419035821,104.68067656840682,0.0025473848996167645,0.0022327444719950885,0.0,3227.9654434802146
BT-v1,bt,0.0,-1,,-1,BT-v3,10034,1,0.0,0,0,1,gun_kill,104.53532098518399,28.649110706964297,46.04631407685987,2.2676439887254913,46.203669664452164,0.0030668813134945676,0.0013537859605775554,0.0,4611.700168383304
BT-v1,bt,0.0,-1,,-1,BT-v3,10035,0,0.0,0,0,1,gun_kill,52.137070809822745,67.41593223610418,94.97155310066655,6.461879030314581,93.12763553849754,0.0026056492048650045,0.0015650030504263206,0.0,4078.14007938301
BT-v1,bt,0.0,-1,,-1,BT-v3,10035,1,1.0,1,0,0,gun_kill,92.4612091728379,86.22074719117224,42.015099782663,7.073350457581725,104.23306991395222,0.001898258568991344,0.0029674282244163564,0.0,5363.952906637311
BT-v1,bt,0.0,-1,,-1,BT-v3,10036,0,0.0,0,0,1,gun_kill,115.777004143798,14.331702169632033,79.569844889866,3.511732237612999,52.81923029214629,0.0017139746698410755,0.0013458198318250009,0.0,3126.1282210497584
BT-v1,bt,0.0,-1,,-1,BT-v3,10036,1,0.0,0,0,1,gun_kill,64.33600506290088,89.52476846277406,31.368622753205965,5.317507009677387,62.85092353141768,0.001120512286960754,0.0018871427342931216,0.0,5326.603473508928
BT-v1,bt,0.0,-1,,-1,BT-v3,10037,0,1.0,1,0,0,gun_kill,37.59962535724697,23.75651451039348,14.624164992181921,1.944014467514572,113.10503216528838,0.0022489739785429234,0.003245658417946581,0.0,5719.265254928972
BT-v1,bt,0.0,-1,,-1,BT-v3,10037,1,0.5,0,1,0,timeout,38.47567912635376,36.57264705880387,87.96037337143669,0.22575880786183866,108.74786191059546,0.003024396053053751,0.0012181398329345126,0.0,4581.415941358346
BT-v1,bt,0.0,-1,,-1,BT-v3,10038,0,1.0,1,0,0,gun_kill,96.03921708465614,12.759521760008695,94.50271905828917,4.093417322517963,88.07947134111424,0.0018605430425030775,0.0020400599635625274,0.0,5452.218305502328
BT-v1,bt,0.0,-1,,-1,BT-v3,10038,1,1.0,1,0,0,gun_kill,33.7780531673975,8.66033813894046,17.433342140649977,6.004877608317571,89.86347615697801,0.001726620958478069,0.0020953568304580093,0.0,3194.291025553783
BT-v1,bt,0.0,-1,,-1,BT-v3,10039,0,0.5,0,1,0,timeout,113.58360758440126,53.5447004549779,70.39873589374575,7.816267677860903,113.42136362638264,0.0015621468760488992,0.002774596711357655,0.0,4607.157373705354
BT-v1,bt,0.0,-1,,-1,BT-v3,10039,1,1.0,1,0,0,gun_kill,34.2951487681269,53.45060612091117,23.00395681567403,2.8187651211151357,52.44569516996697,0.0022250606938823,0.0027586362505577426,0.0,3690.9444194520433
BT-v1,bt,0.0,-1,,-1,BT-v3,10040,0,1.0,1,0,0,gun_kill,115.79352737242525,63.71252733733771,37.030366739750335,4.023272340541596,38.72025666034754,0.0015856552613100698,0.002461748519638715,0.0,3450.2485437976975
BT-v1,bt,0.0,-1,,-1,BT-v3,10040,1,0.0,0,0,1,gun_kill,37.42524891818865,32.3431940417758,59.21796227935341,6.8973717235486065,50.5679186115292,0.0030354742900603263,0.0023986667333523886,0.0,3859.0115427839773
BT-v1,bt,0.0,-1,,-1,BT-v3,10041,0,0.0,0,0,1,gun_kill,68.97761654207716,80.94252966835653,14.976141474642413,3.6911450123917815,72.08181310812665,0.0013127264458473384,0.001802876003407216,0.0,4177.039336775499
BT-v1,bt,0.0,-1,,-1,BT-v3,10041,1,1.0,1,0,0,gun_kill,115.02654221017517,37.04301874557362,12.494847875260772,4.333708161930877,48.62076233644515,0.0013646699275568787,0.0021793856558785536,0.0,4799.794755189271
BT-v1,bt,0.0,-1,,-1,BT-v3,10042,0,1.0,1,0,0,gun_kill,68.02975554846441,55.21624539224089,76.38257397863354,2.7272903854206962,114.20666716312715,0.0028991590375925264,0.0028147604777287614,0.0,4307.999126883643
BT-v1,bt,0.0,-1,,-1,BT-v3,10042,1,0.0,0,0,1,gun_kill,46.928508835075874,32.24903008202313,97.75362034651536,0.5874710262891414,60.50008956962627,0.0017721164487831723,0.0031631438861259207,0.0,4645.285154318029
BT-v1,bt,0.0,-1,,-1,BT-v3,10043,0,0.0,0,0,1,gun_kill,65.18821171142821,3.448562702658664,33.871300243140425,0.1700228085655482,75.08053901662973,0.001485188989666002,0.0029091279728646413,0.0,4220.257353756923
BT-v1,bt,0.0,-1,,-1,BT-v3,10043,1,0.0,0,0,1,gun_kill,104.72733311147731,73.83083951277972,71.06253602471283,0.06173514503970523,69.21811911140519,0.0018694371977626164,0.0006122163258047435,0.0,4055.818683367045
BT-v1,bt,0.0,-1,,-1,BT-v3,10044,0,0.0,0,0,1,gun_kill,85.7260764255978,86.36485207022646,54.86483665833549,6.834875788142526,96.31414957222262,0.0010586936038111607,0.0011003427011181221,0.0,4547.060187987371
BT-v1,bt,0.0,-1,,-1,BT-v3,10044,1,0.0,0,0,1,gun_kill,31.33924417192118,53.91613509588855,47.00635774965394,2.2297009613010363,85.40544329166732,0.0030215740987632337,0.0015903352221436887,0.0,5719.068296759757
BT-v1,bt,0.0,-1,,-1,BT-v3,10045,0,0.0,0,0,1,gun_kill,94.0867343831451,17.949301682389784,65.28818460808762,1.056010559304685,101.63814905892878,0.002408142436224528,0.0020870038908364814,0.0,5774.83496921062
BT-v1,bt,0.0,-1,,-1,BT-v3,10045,1,0.0,0,0,1,gun_kill,112.19087754216343,86.50493989147377,35.34036509716763,5.831872579220415,109.33742815510529,0.0015511440259472244,0.0018315365413074317,0.0,4161.091580162018
BT-v1,bt,0.0,-1,,-1,BT-v3,10046,0,1.0,1,0,0,gun_kill,55.271609036832714,15.921836885703422,72.21603102501477,4.3624122285957805,43.67875663840762,0.000527853616304059,0.002138003130171468,0.0,4716.190009264045
BT-v1,bt,0.0,-1,,-1,BT-v3,10046,1,0.5,0,1,0,timeout,98.26959244963008,49.357665945766584,82.389836459407,2.8147422687796793,66.44603599941874,0.002220630776148074,0.002825176497009774,0.0,5783.236586827141
BT-v1,bt,0.0,-1,,-1,BT-v3,10047,0,1.0,1,0,0,gun_kill,82.5524879826534,53.399079768518796,84.21444094313266,3.8144083467694703,86.77255440275312,0.001631971314059424,0.0006241881924207255,0.0,5462.012685083313
BT-v1,bt,0.0,-1,,-1,BT-v3,10047,1,1.0,1,0,0,gun_kill,90.45094649568343,11.728287802705106,78.07944828154916,4.174587941698689,84.7086028492836,0.0018251350996809743,0.0030156428395112698,0.0,3532.165482264954
BT-v1,bt,0.0,-1,,-1,BT-v3,10048,0,0.0,0,0,1,gun_kill,52.19251411838283,60.240272160404395,68.52601295789616,2.36630089131559,40.851135052614346,0.0016285230377137154,0.0017661870216175643,0.0,4432.582338175501
BT-v1,bt,0.0,-1,,-1,BT-v3,10048,1,0.5,0,1,0,timeout,43.30426451477095,89.29596489092908,25.68564585178976,0.002635118618483645,58.35294557513883,0.0019037493600407495,0.001830270324981113,0.0,3709.883431923337
BT-v1,bt,0.0,-1,,-1,BT-v3,10049,0,0.5,0,1,0,timeout,80.06843381789403,6.738199741003347,6.826852806768946,2.038931120014751,69.66645546689139,0.002422333023481299,0.0015834590152826245,0.0,3086.470786786879
BT-v1,bt,0.0,-1,,-1,BT-v3,10049,1,0.0,0,0,1,gun_kill,55.66084220230114,50.06365112113772,9.661369156985389,1.142576025226199,90.6729972842684,0.0011658542217110822,0.0009496173742944679,0.0,4575.412324398525
BT-v1,bt,0.0,-1,,-1,BT-v3,10050,0,0.0,0,0,1,gun_kill,110.99383415008494,47.29467923037546,91.37742546457905,4.810696300284984,96.80584634121445,0.0016950244114823062,0.0020402604823703293,0.0,5697.165515858379
BT-v1,bt,0.0,-1,,-1,BT-v3,10050,1,0.0,0,0,1,gun_kill,92.79267116731448,19.39553746499548,7.8595069112988085,7.623031754674114,46.48431043359274,0.0028251886857850626,0.0016702750353554201,0.0,5451.106861267688
BT-v1,bt,0.0,-1,,-1,BT-v3,10051,0,0.5,0,1,0,timeout,44.14635826871903,42.746557877193645,82.51744734639861,0.3523057151149134,78.02469652862625,0.001165055836308306,0.0031842504444663192,0.0,5617.601907938575
BT-v1,bt,0.0,-1,,-1,BT-v3,10051,1,0.5,0,1,0,timeout,93.62685204527946,16.87699988189497,13.63221200940159,5.072202625174851,68.70513576601071,0.001916088848255091,0.0022449622414005975,0.0,4466.11637420373
BT-v1,bt,0.0,-1,,-1,BT-v3,10052,0,0.0,0,0,1,gun_kill,38.14767886556403,57.122632039513064,82.82301496129323,0.1658287953524411,94.39144736405444,0.0015188017146836148,0.0012150550759387783,0.0,3011.286085151114
BT-v1,bt,0.0,-1,,-1,BT-v3,10052,1,0.5,0,1,0,timeout,105.17154132107864,8.018372845049647,91.68526312003394,3.440589713867232,74.50169675121961,0.0024151355694510463,0.00132755948079532,0.0,3593.864400053963
BT-v1,bt,0.0,-1,,-1,BT-v3,10053,0,0.0,0,0,1,gun_kill,77.37182805938377,31.523623960649992,67.83541995307239,6.343223455118878,109.07741158134928,0.00247982370023934,0.001742177377036668,0.0,3814.5458346602672
BT-v1,bt,0.0,-1,,-1,BT-v3,10053,1,0.5,0,1,0,timeout,54.13813838639814,18.886498036243715,28.10747932350547,5.847977897681226,62.3229359336566,0.0007781176875699513,0.002423817646672033,0.0,5447.947172214706
BT-v1,bt,0.0,-1,,-1,BT-v3,10054,0,0.0,0,0,1,gun_kill,103.96052299556308,55.280044807218765,4.959588856596852,2.9028130417620623,54.81454188146283,0.0011371215531516582,0.0023362906627778517,0.0,5485.21959301906
BT-v1,bt,0.0,-1,,-1,BT-v3,10054,1,0.0,0,0,1,gun_kill,57.556425612321014,45.39412423497817,29.449926516904025,2.9339060269198862,70.44844686866583,0.0006279600193081468,0.0037678883920559524,0.0,4226.082626847111
BT-v1,bt,0.0,-1,,-1,BT-v3,10055,0,0.0,0,0,1,gun_kill,82.05566237765487,35.88327838163528,75.69791441586442,7.848599184377638,97.50758550883124,0.0016083187227771193,0.0023066978602267916,0.0,3902.886536978718
BT-v1,bt,0.0,-1,,-1,BT-v3,10055,1,1.0,1,0,0,gun_kill,114.83614838482771,19.433794498554402,79.54593819943464,4.751084860760563,66.61176171869062,0.0016402031750559329,0.001965843560837905,0.0,5717.385309182526
BT-v1,bt,0.0,-1,,-1,BT-v3,10056,0,0.0,0,0,1,gun_kill,99.15684825969845,65.93803573497996,89.20545605360195,0.826822328462474,92.30004053220439,0.0025946919897363585,0.0023621212457557847,0.0,3578.810365014223
BT-v1,bt,0.0,-1,,-1,BT-v3,10056,1,0.0,0,0,1,gun_kill,31.728162820960314,71.90655816784962,98.73602570055574,6.796606876918436,74.56176500233352,0.0031724021594420637,0.0029975094541525465,0.0,4034.969312649338
BT-v1,bt,0.0,-1,,-1,BT-v3,10057,0,0.5,0,1,0,timeout,100.11275586174645,35.405490125165215,60.23335389154414,6.351637944051387,113.71534761508158,0.0021916447501446413,0.0022104419045054116,0.0,5446.915192453893
BT-v1,bt,0.0,-1,,-1,BT-v3,10057,1,0.5,0,1,0,timeout,72.00334817394186,85.5072104669119,5.794901439269696,6.701416286333061,100.31436072370289,0.0013153812203810628,0.0021785351627649505,0.0,4775.687903183034
BT-v1,bt,0.0,-1,,-1,BT-v3,10058,0,0.0,0,0,1,gun_kill,32.07788688363568,82.32149215971336,81.56940566302805,5.205193275795842,82.04076676271373,0.0014442712762252282,0.0018111727003683798,0.0,4173.192004228149
BT-v1,bt,0.0,-1,,-1,BT-v3,10058,1,0.5,0,1,0,timeout,75.33580230798019,70.47591426418165,43.93645624890987,3.465084491187949,46.94217963324453,0.0022805128163293654,0.0012544247768078928,0.0,4866.598233550391
BT-v1,bt,0.0,-1,,-1,BT-v3,10059,0,0.0,0,0,1,gun_kill,70.09253136004389,15.224582531746133,99.25505390734051,3.1208673974631056,74.98331164584977,0.003821455897211109,0.0008090890430677725,0.0,4396.021216092754
BT-v1,bt,0.0,-1,,-1,BT-v3,10059,1,0.0,0,0,1,gun_kill,52.35793867664373,18.16919912097624,65.1923093277921,3.05660074497802,78.13625776743896,0.0020086234439397202,0.0026039514651759813,0.0,5819.321143030847
BT-v1,bt,0.0,-1,,-1,BT-v3,10060,0,1.0,1,0,0,gun_kill,105.51085214095272,78.89593375296171,11.803839093591062,4.409907278396907,100.55542326308758,0.002214425711128616,0.0006560341691570848,0.0,5236.479935097223
BT-v1,bt,0.0,-1,,-1,BT-v3,10060,1,0.0,0,0,1,gun_kill,65.42436105210622,83.71165126505467,81.23338925916144,0.948983150683965,90.1954089633972,0.0024178053719843178,0.003040449551381564,0.0,4254.465681369036
BT-v1,bt,0.0,-1,,-1,BT-v3,10061,0,0.5,0,1,0,timeout,45.37125681310653,85.25823145256535,33.35229218785305,6.446542264852167,84.7410840806407,0.0010293601825179148,0.00250010897977196,0.0,5420.25359388313
BT-v1,bt,0.0,-1,,-1,BT-v3,10061,1,0.0,0,0,1,gun_kill,61.74891327153898,78.04728286613549,5.725197207246236,4.230126997182429,42.456736772573656,0.002742011507483518,0.0027886961994691337,0.0,4063.487419615417
BT-v1,bt,0.0,-1,,-1,BT-v3,10062,0,0.0,0,0,1,gun_kill,39.01737516277454,44.917156090763044,30.85665176228701,7.939448403848072,37.96184787268267,0.0017585200212131206,0.002952837373361164,0.0,5086.4131159239005
BT-v1,bt,0.0,-1,,-1,BT-v3,10062,1,0.0,0,0,1,gun_kill,106.76431297764628,71.61197579966647,76.1284504532647,2.5177222942260773,44.06843009483205,0.002074073823752052,0.0025055433682061676,0.0,3730.4368023068514
BT-v1,bt,0.0,-1,,-1,BT-v3,10063,0,0.0,0,0,1,gun_kill,48.16340924746391,3.8662732240855813,56.33743840641562,6.244066492998729,47.02319718354329,0.0016458276433778517,0.0029321926198020744,0.0,4591.088490191996
BT-v1,bt,0.0,-1,,-1,BT-v3,10063,1,0.0,0,0,1,gun_kill,79.35714485077304,58.256456342684245,10.34589523426125,4.002250278974104,97.4853465387894,0.0018670717524356848,0.00182930404791261,0.0,3190.3341625371936
BT-v1,bt,0.0,-1,,-1,BT-v3,10064,0,0.0,0,0,1,gun_kill,64.82603948512408,29.36447304581302,84.95377837814117,6.567203725988998,84.6322115303588,0.0020668778322969926,0.002402471802016423,0.0,3452.0575954356336
BT-v1,bt,0.0,-1,,-1,BT-v3,10064,1,0.5,0,1,0,timeout,67.91455455254216,15.901962336224628,40.32439967534977,2.9411177113413585,42.90490327961055,0.0024203423754367353,0.002287585309887237,0.0,3206.270512532865
BT-v1,bt,0.0,-1,,-1,BT-v3,10065,0,1.0,1,0,0,gun_kill,117.01033187736034,95.03267058755462,33.54094710003035,0.8223151855804733,84.77942335624346,0.0015869828199756519,0.0013694301423247176,0.0,3385.0061167750546
BT-v1,bt,0.0,-1,,-1,BT-v3,10065,1,0.0,0,0,1,gun_kill,32.235103175603705,20.765294904215104,30.052863043613353,1.3154183493713383,101.54733497841117,0.001388501909586642,0.0011648939037439765,0.0,3388.02630527331
BT-v1,bt,0.0,-1,,-1,BT-v3,10066,0,0.0,0,0,1,gun_kill,90.41441319034712,4.900238083062048,17.964877768950483,4.997904403206705,68.02556329928507,0.0027081642366910508,0.0020302838194271523,0.0,5652.835958195971
BT-v1,bt,0.0,-1,,-1,BT-v3,10066,1,0.0,0,0,1,gun_kill,50.09214134583348,53.392127629916494,59.618073307768924,1.6766079281490844,95.89322350673433,0.0024375545230557946,0.0018025235110457822,0.0,4359.20623599408
BT-v1,bt,0.0,-1,,-1,BT-v3,10067,0,0.0,0,0,1,gun_kill,48.912198049419075,89.16208360584594,19.735710749554492,1.9949618490342624,62.719072777581275,0.002892073501481062,0.002484279477497294,0.0,3438.499429947353
BT-v1,bt,0.0,-1,,-1,BT-v3,10067,1,0.0,0,0,1,gun_kill,56.13068073721543,2.0948474708511355,73.22831306505554,7.69332041305609,110.53364404582919,0.0024071181638941445,0.0010618454310999197,0.0,3572.6330563699476
BT-v1,bt,0.0,-1,,-1,BT-v3,10068,0,0.5,0,1,0,timeout,46.85620332141305,78.40420996465085,28.023616209367972,7.726908926737262,77.24300448516001,0.002999366052157248,0.0018599708146182902,0.0,5041.997529087724
BT-v1,bt,0.0,-1,,-1,BT-v3,10068,1,0.0,0,0,1,gun_kill,41.460259994193166,49.55601464619711,54.74771796059379,0.8731370207998586,95.93580926729479,0.0026972581220065517,0.0008396833980923234,0.0,5590.108656411881
BT-v1,bt,0.0,-1,,-1,BT-v3,10069,0,0.0,0,0,1,gun_kill,99.40204841057476,29.281587697764422,44.726473304842116,7.385620760173471,65.01180166033384,0.0006471152157239573,0.0020685976757874366,0.0,5007.327548315155
BT-v1,bt,0.0,-1,,-1,BT-v3,10069,1,0.5,0,1,0,timeout,44.8071457311419,86.94550218585537,17.690442009047867,4.713922394837315,53.95533879971201,0.0034611462137683013,0.002419890730373272,0.0,5322.208818275423
BT-v1,bt,0.0,-1,,-1,BT-v3,10070,0,0.0,0,0,1,gun_kill,38.330948729550336,10.702685073329787,77.08517349296555,3.828449003998073,106.19936902120558,0.002007306841863554,0.002026778716578525,0.0,3802.7437119849574
BT-v1,bt,0.0,-1,,-1,BT-v3,10070,1,0.5,0,1,0,timeout,74.84513885116675,17.477596120457594,38.665410140954535,2.8465731610018485,51.66271714993451,0.0020867453851604613,1.9324015147828555e-05,0.0,4299.87164004702
BT-v1,bt,0.0,-1,,-1,BT-v3,10071,0,0.0,0,0,1,gun_kill,70.26926018678304,33.211483878342726,22.134540749156486,5.5953585154293535,31.19968931172395,0.003184817920710181,0.002310570866047601,0.0,3867.662054065536
BT-v1,bt,0.0,-1,,-1,BT-v3,10071,1,0.5,0,1,0,timeout,99.1825573975553,99.15454694976327,53.20054580970641,0.020668508710207867,84.12635400440712,0.002056866414813412,0.0025926975047287186,0.0,3728.756158084807
BT-v1,bt,0.0,-1,,-1,BT-v3,10072,0,0.5,0,1,0,timeout,100.57665332177355,93.10849410419281,80.25302111269814,3.070764481778407,100.29925605986926,0.00119253853539701,0.0018417092729282741,0.0,4369.167030133303
BT-v1,bt,0.0,-1,,-1,BT-v3,10072,1,1.0,1,0,0,gun_kill,117.459507090505,82.35136585772058,20.852298077803113,5.159313735094485,39.46992447444601,0.001505586291351231,0.0019124165785190913,0.0,4710.902323665561
BT-v1,bt,0.0,-1,,-1,BT-v3,10073,0,0.5,0,1,0,timeout,105.27672297286941,60.776395861088716,85.61446334437059,7.705671349715001,40.1810763450412,0.003132765541949173,0.0017381742773223733,0.0,4097.556446803992
BT-v1,bt,0.0,-1,,-1,BT-v3,10073,1,0.5,0,1,0,timeout,93.65079904729359,17.894672001100133,70.43860059578219,3.110505468782481,77.68710779664428,0.002414035872715997,0.0018510739892378168,0.0,3722.3111214025757
BT-v1,bt,0.0,-1,,-1,BT-v3,10074,0,0.0,0,0,1,gun_kill,60.31255146724588,97.90910607268486,62.9095908651274,2.649595740854549,52.48048803530585,0.0021572560749316162,0.003043066937351779,0.0,5436.3813953448835
BT-v1,bt,0.0,-1,,-1,BT-v3,10074,1,0.5,0,1,0,timeout,87.79865843270642,95.10815876120226,12.084827046555624,7.473552455129437,47.06340000265135,0.002095222676068208,0.00138132878421266,0.0,5463.318364167897
BT-v1,bt,0.0,-1,,-1,BT-v3,10075,0,0.5,0,1,0,timeout,56.0729103106594,59.16995715790265,61.81936521313326,6.878577077593761,40.96153770688311,0.0016407234784548354,0.002132872881912373,0.0,3359.6448085424045
BT-v1,bt,0.0,-1,,-1,BT-v3,10075,1,0.5,0,1,0,timeout,119.54072527543644,69.21981973125715,59.012986058597136,6.40127104204793,87.95519253257126,0.0024493968431168927,0.0018512511668755537,0.0,3145.2704679803965
BT-v1,bt,0.0,-1,,-1,BT-v3,10076,0,0.0,0,0,1,gun_kill,62.14841881101633,83.31755667636178,41.27143123469577,5.453510261689737,69.25165198754789,0.0021829887676134228,0.001807268256975396,0.0,5894.543527040309
BT-v1,bt,0.0,-1,,-1,BT-v3,10076,1,0.5,0,1,0,timeout,47.20855227214395,84.31622002209399,38.02204887894308,4.086220836386675,80.5732221625627,0.0014629593679387695,0.0023277242250090966,0.0,4223.572362478332
BT-v1,bt,0.0,-1,,-1,BT-v3,10077,0,0.0,0,0,1,gun_kill,37.45531058916117,87.65788457808061,67.30273236128765,2.6698097811396453,45.969003213233336,0.0023494921567657626,0.002619460865432169,0.0,4096.733560958517
BT-v1,bt,0.0,-1,,-1,BT-v3,10077,1,0.0,0,0,1,gun_kill,74.08370293989239,55.463760166491895,99.84723921325688,1.7229261773616997,70.08338426231961,0.0024720069956553495,0.0015815868539770675,0.0,4756.68123475916
BT-v1,bt,0.0,-1,,-1,BT-v3,10078,0,0.0,0,0,1,gun_kill,89.18881238729529,47.61034968990149,52.983692714766114,3.610983069111761,60.04140792661934,0.002906799462577796,0.0016771187188711423,0.0,5461.576580483294
BT-v1,bt,0.0,-1,,-1,BT-v3,10078,1,0.0,0,0,1,gun_kill,60.41162902315176,69.17000287249012,43.07751035931631,1.947278561995212,119.04631883825023,0.00315939303193783,0.0023586796579979927,0.0,5287.360654114356
BT-v1,bt,0.0,-1,,-1,BT-v3,10079,0,0.0,0,0,1,gun_kill,37.9533767990474,28.60617896865909,68.33652494768386,2.0414990936319617,117.14650778821681,0.0023769903308855423,0.0017290260535681925,0.0,4511.298314628872
BT-v1,bt,0.0,-1,,-1,BT-v3,10079,1,0.0,0,0,1,gun_kill,71.89140981468296,91.71937478773108,2.341769885062195,7.758204320698737,40.314685705559846,0.00281856452506141,0.0015389013972433596,0.0,5400.807304954251
BT-v1,bt,0.0,-1,,-1,BT-v3,10080,0,0.0,0,0,1,gun_kill,74.11728300757433,89.03455816150601,43.47311955971491,1.9792875016770575,100.27616867098331,0.002927726135371095,0.0021136586394180754,0.0,3989.4519420072384
BT-v1,bt,0.0,-1,,-1,BT-v3,10080,1,1.0,1,0,0,gun_kill,78.7141937534475,14.993810244307848,71.58895918992528,4.444059120320147,117.39703278305028,0.00186733122347843,0.0005913005759709538,0.0,3611.0399479531443
BT-v1,bt,0.0,-1,,-1,BT-v3,10081,0,1.0,1,0,0,gun_kill,86.53538160497467,54.57153594356839,30.23660816902789,4.058640317722646,34.9581783137253,0.002278645229289347,0.0026725307674514845,0.0,5624.131048085492
BT-v1,bt,0.0,-1,,-1,BT-v3,10081,1,0.0,0,0,1,gun_kill,101.74939511801941,92.19935749096584,41.80834589364284,3.5923964174293435,30.827663298644524,0.0011912611014466665,0.002072719901660809,0.0,4665.544832283073
BT-v1,bt,0.0,-1,,-1,BT-v3,10082,0,0.0,0,0,1,gun_kill,37.40279594267098,31.059508527026804,42.59714782290464,6.616331639548129,88.78468536140619,0.00147182181945701,0.001637628775404762,0.0,3993.324782835244
BT-v1,bt,0.0,-1,,-1,BT-v3,10082,1,1.0,1,0,0,gun_kill,113.1159700956731,71.90811214359968,36.01851242628125,4.038936072369832,30.877214185777746,0.0023539889576937763,0.002539850761500978,0.0,3771.6452915373256
BT-v1,bt,0.0,-1,,-1,BT-v3,10083,0,0.0,0,0,1,gun_kill,76.11847480220086,66.67719104942478,57.250010386449816,4.201922447591413,83.17310237823044,0.003757894449197458,0.0012634415891411169,0.0,3939.783693074475
BT-v1,bt,0.0,-1,,-1,BT-v3,10083,1,1.0,1,0,0,gun_kill,64.05714425288093,8.157967161362944,16.613758673906787,5.64388401698199,32.173469199356425,0.000282941544059515,0.0008897060049337256,0.0,5255.305246155385
BT-v1,bt,0.0,-1,,-1,BT-v3,10084,0,0.0,0,0,1,gun_kill,40.42205386034408,39.973995750172406,35.44762745312007,5.100592865075913,59.163280148805384,0.002120982634885158,0.0033765619284605534,0.0,4007.911781795673
BT-v1,bt,0.0,-1,,-1,BT-v3,10084,1,0.0,0,0,1,gun_kill,103.49770007827718,98.3349537022825,86.83893751917722,7.795787344343888,118.9368785436854,0.0012855831690040675,0.0004446845968709165,0.0,3034.7748310001584
BT-v1,bt,0.0,-1,,-1,BT-v3,10085,0,1.0,1,0,0,gun_kill,43.4536549431065,98.21353476972482,66.74172785420254,5.120741627251886,34.490400312930674,0.0015605797055994787,0.0015987519714379388,0.0,4351.61714804393
BT-v1,bt,0.0,-1,,-1,BT-v3,10085,1,1.0,1,0,0,gun_kill,62.819133194825696,2.981196028138755,26.64050982970718,6.901676741478778,93.55446043906821,0.0018124085596431347,0.0023703977629246117,0.0,4204.375943120395
BT-v1,bt,0.0,-1,,-1,BT-v3,10086,0,0.0,0,0,1,gun_kill,69.95207487856558,87.274286752645,92.72469368321707,6.8527308632591515,41.55825391737987,0.0023155003587363426,0.0018417951044950977,0.0,5815.3430675182535
BT-v1,bt,0.0,-1,,-1,BT-v3,10086,1,0.0,0,0,1,gun_kill,31.06368342836442,34.43976026402652,43.84298180515675,3.211530360772932,32.57641901518204,0.003229706860536625,0.0012094679305286117,0.0,5727.1090667865965
BT-v1,bt,0.0,-1,,-1,BT-v3,10087,0,1.0,1,0,0,gun_kill,34.47706118658427,71.16844495673847,17.619850392716387,2.38148106578961,119.90781042904219,0.002056444139621523,0.0015786606932629594,0.0,4114.999929112027
BT-v1,bt,0.0,-1,,-1,BT-v3,10087,1,0.5,0,1,0,timeout,35.32558688869351,48.925880007348034,19.135862319538756,6.536696230578604,109.85285269316175,0.003809401130132683,0.003091501736835566,0.0,4563.2947555243245
BT-v1,bt,0.0,-1,,-1,BT-v3,10088,0,0.5,0,1,0,timeout,113.19723112596323,93.35944017088697,54.09483397822572,2.079857178311319,52.38506929316644,0.0025266319336128312,0.0012756157892750025,0.0,5168.684167388272
BT-v1,bt,0.0,-1,,-1,BT-v3,10088,1,1.0,1,0,0,gun_kill,94.20775777081721,31.629397166212936,36.140163632998636,7.996527340843043,46.71057879721192,0.002021054027650659,0.001768048784632129,0.0,5604.401415435672
BT-v1,bt,0.0,-1,,-1,BT-v3,10089,0,0.0,0,0,1,gun_kill,47.924542259133744,1.018842365176642,98.8563790381297,7.927014045741832,51.98902199125528,0.001610133021244127,0.0023437573703490814,0.0,5199.418295569369
BT-v1,bt,0.0,-1,,-1,BT-v3,10089,1,0.0,0,0,1,gun_kill,102.39963503805556,44.759092121591195,86.55570410680987,2.583230603196575,35.5592871362975,0.0019855968471029326,0.0017570485507583833,0.0,3755.9224955709105
BT-v1,bt,0.0,-1,,-1,BT-v3,10090,0,0.5,0,1,0,timeout,92.76102317261065,2.2894797384320986,51.468532746397564,0.9697531419192735,41.25748163391107,0.001239047970005601,0.003115920139977507,0.0,4084.70295284834
BT-v1,bt,0.0,-1,,-1,BT-v3,10090,1,0.5,0,1,0,timeout,72.15306368855025,40.96891103280655,49.411954449343355,7.470342186859817,87.35807229565874,0.0029926138460580824,0.0013671277102781762,0.0,3094.0512901877573
BT-v1,bt,0.0,-1,,-1,BT-v3,10091,0,0.0,0,0,1,gun_kill,99.51990763186447,48.98308001061279,40.9570304205094,7.12178952626507,32.650536787959894,0.003227382285569049,0.0021490482149954804,0.0,5654.923794484514
BT-v1,bt,0.0,-1,,-1,BT-v3,10091,1,1.0,1,0,0,gun_kill,58.80384045849384,59.79086246702917,29.30177870473737,4.739148156985597,111.09522497027613,0.0025180764559580926,0.002784706811161594,0.0,3369.3481168112075
BT-v1,bt,0.0,-1,,-1,BT-v3,10092,0,0.0,0,0,1,gun_kill,36.34031187565275,84.2470216087698,98.66405321972115,1.2974981929268994,93.36550711931864,0.002468302032989454,0.0009400885751233744,0.0,5529.285952157527
BT-v1,bt,0.0,-1,,-1,BT-v3,10092,1,0.0,0,0,1,gun_kill,99.33235558046997,77.81136344522874,9.111272467805554,2.7022675240073637,106.96443990996555,0.0035146957230045095,0.000922695816911914,0.0,5523.753293463137
BT-v1,bt,0.0,-1,,-1,BT-v3,10093,0,0.0,0,0,1,gun_kill,78.00139265072137,10.783876497913969,43.38198318422265,7.695577528207618,34.177729506121224,0.0026021541179181767,0.003044622617430966,0.0,5296.669435935248
BT-v1,bt,0.0,-1,,-1,BT-v3,10093,1,1.0,1,0,0,gun_kill,58.46752808801587,30.627818797101735,35.50982765411293,6.869851775709791,46.27932899130261,0.0027086623824229446,0.002000187407065997,0.0,3214.619511774623
BT-v1,bt,0.0,-1,,-1,BT-v3,10094,0,0.0,0,0,1,gun_kill,99.04229605215316,44.714679185173765,65.39244320910925,5.418000152642486,65.98943481748626,0.0017912980067685967,0.0016543059901795091,0.0,4436.969443407081
BT-v1,bt,0.0,-1,,-1,BT-v3,10094,1,0.0,0,0,1,gun_kill,67.35471818981642,40.40673179585509,77.18166333357084,2.338003834867192,61.125811003821084,0.0015590258222111426,0.002591611076247784,0.0,5612.9658767507235
BT-v1,bt,0.0,-1,,-1,BT-v3,10095,0,0.5,0,1,0,timeout,59.548682777233324,6.217306460513727,22.362927663828913,4.830199407228445,34.33910866038322,0.0009172581144316473,0.0006908917546459693,0.0,3423.6184773354717
BT-v1,bt,0.0,-1,,-1,BT-v3,10095,1,1.0,1,0,0,gun_kill,67.78138254693317,26.578700217147077,16.530356563429415,0.8231289490153699,73.90443659198523,0.0020133017777385015,0.002548510301271606,0.0,4016.4188015650047
BT-v1,bt,0.0,-1,,-1,BT-v3,10096,0,0.5,0,1,0,timeout,88.78612631690592,38.40949273786502,90.54433623782528,6.345270350955006,83.17807415970373,0.0022223750784340426,0.0008435548680613646,0.0,4982.560928634741
BT-v1,bt,0.0,-1,,-1,BT-v3,10096,1,0.5,0,1,0,timeout,78.66360842749256,29.55362586129929,28.372626045162587,5.392505063627602,68.4614215626219,0.0027121258278636406,0.0022821014360771756,0.0,3782.5078100591327
BT-v1,bt,0.0,-1,,-1,BT-v3,10097,0,0.0,0,0,1,gun_kill,62.22651242374457,97.22837823072497,13.228014834718705,6.857201903502156,79.72218697848515,0.0025196931788360644,0.0018845443057954707,0.0,3547.2774701398607
BT-v1,bt,0.0,-1,,-1,BT-v3,10097,1,0.0,0,0,1,gun_kill,66.32195390161601,62.62562271353417,64.16922277871173,6.941511695328338,113.40753018408633,0.001903366204416547,0.0023877730994834793,0.0,4576.1147256031845
BT-v1,bt,0.0,-1,,-1,BT-v3,10098,0,0.0,0,0,1,gun_kill,56.29025614919067,23.646273732832956,74.02994233310218,7.1241043744058645,47.57846994831175,0.002505236379218949,0.0024949084819246357,0.0,4690.4891429192285
BT-v1,bt,0.0,-1,,-1,BT-v3,10098,1,0.0,0,0,1,gun_kill,91.5737677570481,66.76796337019222,13.522175575559025,1.8106113279941543,51.59090605341518,0.00142400000308374,0.001971462648105849,0.0,3584.4429107188653
BT-v1,bt,0.0,-1,,-1,BT-v3,10099,0,0.0,0,0,1,gun_kill,53.65493583629195,5.877100185586315,16.979547258327155,1.976612497797002,43.87674248312533,0.0014410761297325274,0.002475632554147136,0.0,5347.32347080387
BT-v1,bt,0.0,-1,,-1,BT-v3,10099,1,0.5,0,1,0,timeout,98.20406275618764,71.54863917943993,33.66618458793612,1.9955795732105006,116.88298994909367,0.0023095983503711092,0.0015729967981543027,0.0,5304.111062780998
BT-v2,bt,0.0,-1,,-1,BT-v2,10000,0,0.0,0,0,1,gun_kill,93.65425787094634,87.64520600899206,45.41250963775906,1.8064826677596661,73.07470363297443,0.04150004789234544,0.03386186596965048,0.0,4827.3422538773175
BT-v2,bt,0.0,-1,,-1,BT-v2,10000,1,1.0,1,0,0,gun_kill,47.59857279044934,97.6971572850917,80.99426571853736,6.410170057526675,110.4375143674244,0.057926085558352755,0.05195084574630791,0.0,3518.802045447841
BT-v2,bt,0.0,-1,,-1,BT-v2,10001,0,0.0,0,0,1,gun_kill,30.128838372147595,54.36517139599831,13.101960607937302,5.978243043225926,79.26311575390362,0.05132886340139977,0.04219805036888271,0.0,5841.440664049982
BT-v2,bt,0.0,-1,,-1,BT-v2,10001,1,1.0,1,0,0,gun_kill,66.7267570794467,50.84363082484858,38.64591975324989,7.793133927892013,95.46501236271077,0.053150226034194524,0.05362193191844383,0.0,3047.9327231031584
BT-v2,bt,0.0,-1,,-1,BT-v2,10002,0,0.5,0,1,0,timeout,85.87955625953674,22.35573494359616,11.41995754239742,6.705259477075198,42.04168778573289,0.04520047918525942,0.05333641232083102,0.0,5043.336030666449
BT-v2,bt,0.0,-1,,-1,BT-v2,10002,1,1.0,1,0,0,gun_kill,61.13305917941976,32.78294333323129,55.521607733695035,2.0103732064183237,93.58950643567758,0.05943150860120603,0.05172158795752534,0.0,3391.4045832540264
BT-v2,bt,0.0,-1,,-1,BT-v2,10003,0,1.0,1,0,0,gun_kill,72.81674957518851,49.86649930903603,60.34764520434105,1.2844296978337955,32.62375747568545,0.05725895442897663,0.03618023005207261,0.0,4311.332936592161
BT-v2,bt,0.0,-1,,-1,BT-v2,10003,1,1.0,1,0,0,gun_kill,78.13830218918571,85.98152019160862,66.10509458024025,6.559644098451073,31.87776990709854,0.05357637651559783,0.06715360469327805,0.0,3414.250439965183
BT-v2,bt,0.0,-1,,-1,BT-v2,10004,0,1.0,1,0,0,gun_kill,58.43844370738721,0.8441833300792401,67.60191890783769,0.9490901010278918,33.58065291650819,0.05969791219223893,0.0540057445254889,0.0,3443.0029932049356
BT-v2,bt,0.0,-1,,-1,BT-v2,10004,1,0.5,0,1,0,timeout,54.85637458692929,80.60289854365513,35.76583012698775,6.869443685379822,108.10859468864531,0.03142445297750475,0.07207386649707555,0.0,5579.818296121941
BT-v2,bt,0.0,-1,,-1,BT-v2,10005,0,0.5,0,1,0,timeout,64.34466352009008,98.28847708361008,56.552385296578,2.213601262837119,105.24550660931067,0.07378363674024932,0.033231637171830725,0.0,4714.725079176316
BT-v2,bt,0.0,-1,,-1,BT-v2,10005,1,1.0,1,0,0,gun_kill,69.76776162749246,9.068715166721864,50.584163885835395,2.0948877673542494,80.43896997935741,0.051382939182213296,0.03370462818807626,0.0,3719.506598628584
BT-v2,bt,0.0,-1,,-1,BT-v2,10006,0,1.0,1,0,0,gun_kill,43.44573370434525,11.361292973627435,98.58632138169706,2.5723786192441276,83.9075335760713,0.04232219435669192,0.04188676399044821,0.0,3772.4111784907286
BT-v2,bt,0.0,-1,,-1,BT-v2,10006,1,1.0,1,0,0,gun_kill,100.79297723558088,61.46437621274313,87.3671276838191,6.53243773675709,97.91118427016248,0.04077650595533429,0.05251064852165117,0.0,4623.469614296385
BT-v2,bt,0.0,-1,,-1,BT-v2,10007,0,1.0,1,0,0,gun_kill,78.07673038392699,14.1741650831253,82.42991671126838,4.717174095727862,103.52808704200272,0.05451684552484195,0.03832244938022296,0.0,5398.070637618459
BT-v2,bt,0.0,-1,,-1,BT-v2,10007,1,1.0,1,0,0,gun_kill,79.14347221648896,78.28007784489282,8.338338720179095,4.956698091747762,99.51312101823811,0.03228163411576201,0.013166138710709901,0.0,5096.573178625211
BT-v2,bt,0.0,-1,,-1,BT-v2,10008,0,1.0,1,0,0,gun_kill,108.15294004407022,89.77518568426969,11.287640261415277,7.996207733490426,89.0511559478064,0.06425429532365026,0.02936816085586437,0.0,5685.303847475083
BT-v2,bt,0.0,-1,,-1,BT-v2,10008,1,1.0,1,0,0,gun_kill,31.417395618594107,36.38812796588361,7.398726847013448,5.345266749874981,116.97463922683765,0.055217887475368564,0.07529382536805054,0.0,5630.312942187715
BT-v2,bt,0.0,-1,,-1,BT-v2,10009,0,0.0,0,0,1,gun_kill,111.24494568405726,76.1178204751211,4.7871760646228445,6.369392437138709,119.97350533839264,0.047213240309181746,0.02187678346173314,0.0,4762.753582943482
BT-v2,bt,0.0,-1,,-1,BT-v2,10009,1,1.0,1,0,0,gun_kill,57.89985916218802,4.146355846973759,69.21420533573688,3.4730694523725356,83.4275845210457,0.043914358945634537,0.04679630536148962,0.0,5130.147386563231
BT-v2,bt,0.0,-1,,-1,BT-v2,10010,0,0.5,0,1,0,timeout,107.68469390753626,88.66336054034379,0.5995653815355606,4.7202168752315785,112.81975741601693,0.056927588255723985,0.04362548612021225,0.0,3373.191736310948
BT-v2,bt,0.0,-1,,-1,BT-v2,10010,1,1.0,1,0,0,gun_kill,86.6437652065221,89.45472064377454,47.280509555716264,6.941191924887986,106.73751722841699,0.03505127453402378,0.0662483361263802,0.0,3553.17878806529
BT-v2,bt,0.0,-1,,-1,BT-v2,10011,0,1.0,1,0,0,gun_kill,75.15821481047894,4.724547784698963,32.30673961914808,5.831237186855782,51.1706257345222,0.04013652774376764,0.036600505991202806,0.0,4212.909630658184
BT-v2,bt,0.0,-1,,-1,BT-v2,10011,1,1.0,1,0,0,gun_kill,55.70219872189468,58.71070598297968,26.383628549973693,2.4859650587849424,104.91045441829932,0.06553024320887471,0.06767116712939643,0.0,3052.681595424417
BT-v2,bt,0.0,-1,,-1,BT-v2,10012,0,1.0,1,0,0,gun_kill,91.65083334859716,98.6704072320748,9.680916641799787,2.9109086059131775,67.71096207744677,0.040664215632324634,0.03783520035691966,0.0,3104.6381201335125
BT-v2,bt,0.0,-1,,-1,BT-v2,10012,1,0.5,0,1,0,timeout,95.98588211020233,85.5371565626093,47.20813876663767,1.419381281095097,39.82235613804599,0.05307856871868936,0.05455903941995218,0.0,5120.7835031503655
BT-v2,bt,0.0,-1,,-1,BT-v2,10013,0,1.0,1,0,0,gun_kill,34.205910104222404,58.05774645974581,25.204101242689024,6.184703039851321,61.085307856808086,0.05263515977580254,0.05807542085688106,0.0,3955.9139011146094
BT-v2,bt,0.0,-1,,-1,BT-v2,10013,1,0.5,0,1,0,timeout,114.65286927306492,66.50574986689143,12.604578742141781,5.492317135336769,46.101681801550015,0.05521432857443009,0.0577037670844919,0.0,3683.737185521501
BT-v2,bt,0.0,-1,,-1,BT-v2,10014,0,0.0,0,0,1,gun_kill,35.31517433163501,55.564880878239165,67.76100986914017,5.697170322829184,44.22468368215064,0.06503341945799357,0.04987485570438194,0.0,5855.298540634178
BT-v2,bt,0.0,-1,,-1,BT-v2,10014,1,0.5,0,1,0,timeout,102.91872702180493,62.73094125591759,14.857845240571931,1.3572322446872667,107.87385099069773,0.024260617010103996,0.06322700725279667,0.0,4022.2243803965544
BT-v2,bt,0.0,-1,,-1,BT-v2,10015,0,0.5,0,1,0,timeout,85.2251227733429,34.67240906248888,11.146643321125783,4.153996846904468,43.41431647240438,0.04247881586449143,0.060079591241819,0.0,5965.743304281237
BT-v2,bt,0.0,-1,,-1,BT-v2,10015,1,0.0,0,0,1,gun_kill,112.84118997545959,5.954327963608885,94.62440864353859,0.7902804975573972,52.66269761992266,0.05791035436275707,0.04812979899451955,0.0,4902.383202544206
BT-v2,bt,0.0,-1,,-1,BT-v2,10016,0,1.0,1,0,0,gun_kill,59.823768404619265,66.42839054849395,30.372490557619138,1.2443223792574107,92.23049055603356,0.03993494381534938,0.05044408789027673,0.0,3502.356413312156
BT-v2,bt,0.0,-1,,-1,BT-v2,10016,1,0.0,0,0,1,gun_kill,114.50428479401874,33.58632906131237,28.386205396868203,2.6170828184619523,97.95147426041481,0.03681696054253177,0.043425353628789125,0.0,4427.237237135398
BT-v2,bt,0.0,-1,,-1,BT-v2,10017,0,0.5,0,1,0,timeout,76.57539623371645,31.05583145054116,30.88685953738619,5.296332974628177,83.81888302933316,0.057565225753328196,0.027347610628918436,0.0,3227.439820093985
BT-v2,bt,0.0,-1,,-1,BT-v2,10017,1,1.0,1,0,0,gun_kill,117.75623668201868,55.15189373377164,48.68514491381707,3.784679728228995,65.73914843679057,0.03895964104403706,0.07099482410931557,0.0,5124.1329718088855
BT-v2,bt,0.0,-1,,-1,BT-v2,10018,0,0.0,0,0,1,gun_kill,41.874556843706095,12.007736992579755,21.237980808104716,4.862687597304786,55.24400548879075,0.03218887427796833,0.017884398838968994,0.0,4581.744615067062
BT-v2,bt,0.0,-1,,-1,BT-v2,10018,1,0.0,0,0,1,gun_kill,75.7068865332891,36.37346403061734,31.98892274952321,2.4770803519483007,115.00979825316752,0.05176164085474961,0.05057246140445382,0.0,5163.653853782829
BT-v2,bt,0.0,-1,,-1,BT-v2,10019,0,0.0,0,0,1,gun_kill,102.36706059521617,52.409769217229695,77.38499481285517,0.13865515582383292,83.6059536485823,0.034629075199321166,0.0652005139857188,0.0,3514.1500726900854
BT-v2,bt,0.0,-1,,-1,BT-v2,10019,1,0.5,0,1,0,timeout,85.14199185522602,39.601442045023646,75.39643313898975,6.129697451443535,99.50282500118686,0.06802416684327225,0.0398565021831096,0.0,3646.734405163834
BT-v2,bt,0.0,-1,,-1,BT-v2,10020,0,0.0,0,0,1,gun_kill,98.62948636276387,47.203275133273436,3.0856531145881827,6.137300158530199,37.36216474567527,0.06694630044267161,0.05116540815830331,0.0,4113.7899435360305
BT-v2,bt,0.0,-1,,-1,BT-v2,10020,1,0.5,0,1,0,timeout,86.16358196428683,75.25784641571256,55.92341993992665,7.98992346804126,88.84125948741803,0.028184186464587473,0.04595004293737927,0.0,4876.616757328744
BT-v2,bt,0.0,-1,,-1,BT-v2,10021,0,0.5,0,1,0,timeout,70.1607496782162,35.558865925701575,95.44861112728358,5.519281643079812,91.5477698051576,0.07180728716677108,0.039416782625312716,0.0,5577.079384236606
BT-v2,bt,0.0,-1,,-1,BT-v2,10021,1,0.5,0,1,0,timeout,66.50756658913157,98.35175511675459,23.213446834565964,6.097642846639105,82.09638288779703,0.07165502641668603,0.05526351066682953,0.0,4118.310233647256
BT-v2,bt,0.0,-1,,-1,BT-v2,10022,0,1.0,1,0,0,gun_kill,101.58035196040504,36.336623773480504,27.665379346601227,6.857598718239364,45.59975027170093,0.037778778881137315,0.05326572531223683,0.0,3644.7697169131907
BT-v2,bt,0.0,-1,,-1,BT-v2,10022,1,1.0,1,0,0,gun_kill,51.707322432433955,30.516212319405234,42.16323293567742,7.77084300219086,83.44011290852131,0.04744965581746854,0.033035620707147655,0.0,3707.9731448811826
BT-v2,bt,0.0,-1,,-1,BT-v2,10023,0,0.0,0,0,1,gun_kill,40.33001011828796,73.5045631475135,92.45626576803016,0.4186667434350815,87.13938798728572,0.029646412859629104,0.049424183228763054,0.0,5748.516219792591
BT-v2,bt,0.0,-1,,-1,BT-v2,10023,1,1.0,1,0,0,gun_kill,81.19205523018985,86.95144401010502,65.08392492498031,3.9080492080251528,109.05899416207731,0.04924821333087136,0.03966742311591221,0.0,4720.766436268446
BT-v2,bt,0.0,-1,,-1,BT-v2,10024,0,1.0,1,0,0,gun_kill,79.88939565612814,95.49443201076949,32.72482850699787,3.158126861143608,87.83597331293167,0.0737925505342978,0.06309350915075862,0.0,3415.0742088234238
BT-v2,bt,0.0,-1,,-1,BT-v2,10024,1,1.0,1,0,0,gun_kill,113.45844139521695,45.284839405309675,12.498669786242955,1.1187976651196143,48.71553813265737,0.02845419293586031,0.0547776865596704,0.0,3531.6553925234107
BT-v2,bt,0.0,-1,,-1,BT-v2,10025,0,0.5,0,1,0,timeout,61.11459614384249,79.6018943657225,97.09506189779434,3.2815328014406386,102.39548456481721,0.03412243360124907,0.05603060681150392,0.0,3454.7773768789675
BT-v2,bt,0.0,-1,,-1,BT-v2,10025,1,0.0,0,0,1,gun_kill,56.52108458937151,18.95801312818165,48.16950172340954,4.819548324030191,105.52411896070207,0.025213162617185664,0.013984367860761265,0.0,4471.552306879631
BT-v2,bt,0.0,-1,,-1,BT-v2,10026,0,0.5,0,1,0,timeout,89.28501352099806,58.87158561929275,48.733550800032845,6.89241435115946,55.04587854885244,0.05237973705135044,0.06249313068856889,0.0,5661.826071903722
BT-v2,bt,0.0,-1,,-1,BT-v2,10026,1,0.0,0,0,1,gun_kill,57.00876545751889,3.023230185163406,49.45373480594403,0.0032348455593504966,82.40680438736558,0.04882520380117145,0.04056851434436192,0.0,5835.433759257559
BT-v2,bt,0.0,-1,,-1,BT-v2,10027,0,1.0,1,0,0,gun_kill,35.12334848971268,90.18293765504025,77.14033992093067,2.646737038363425,72.2724221924486,0.07676931754832783,0.07151672192896358,0.0,3668.737076791042
BT-v2,bt,0.0,-1,,-1,BT-v2,10027,1,0.5,0,1,0,timeout,36.55336248828099,12.236685877339394,37.62181209241802,1.7196538463880344,88.57940878374421,0.0376617331764218,0.03328654806163115,0.0,4679.0112656354195
BT-v2,bt,0.0,-1,,-1,BT-v2,10028,0,0.0,0,0,1,gun_kill,68.35789632536141,72.55798447181898,0.9887995982547415,7.967956474495845,118.1521020043688,0.06332539319182215,0.041606374553732756,0.0,5339.026006648175
BT-v2,bt,0.0,-1,,-1,BT-v2,10028,1,0.0,0,0,1,gun_kill,116.97793192361885,4.083906172949636,16.607810480669826,4.007423284463505,109.0051604422352,0.035839926260027945,0.048135069933612655,0.0,4512.500088785951
BT-v2,bt,0.0,-1,,-1,BT-v2,10029,0,1.0,1,0,0,gun_kill,119.94871499176807,72.7998351802565,15.240708192913432,2.0739463099509257,55.65997353305045,0.061291240609603254,0.0019497271681879896,0.0,5390.970967771111
BT-v2,bt,0.0,-1,,-1,BT-v2,10029,1,0.5,0,1,0,timeout,68.7963540568207,26.37025865238538,43.95288740825507,7.509426350306214,105.82669368030385,0.03500006739226509,0.06215626488459554,0.0,5914.683461886027
BT-v2,bt,0.0,-1,,-1,BT-v2,10030,0,1.0,1,0,0,gun_kill,72.2405813990519,13.22078327806655,72.95440847849505,2.558340901274855,76.49818456332754,0.05317487203552856,0.07907361999857557,0.0,5018.787108253073
BT-v2,bt,0.0,-1,,-1,BT-v2,10030,1,1.0,1,0,0,gun_kill,117.7350352905134,82.57350667379848,0.6237415666781265,0.5215021522934604,87.59497926732878,0.06846669368202368,0.057674879156145095,0.0,5262.876534887825
BT-v2,bt,0.0,-1,,-1,BT-v2,10031,0,0.0,0,0,1,gun_kill,79.59347559424336,32.1652185898984,39.631244783124195,6.992908882715158,107.46950515113843,0.04831944226473535,0.046294892752958415,0.0,5901.999645810778
BT-v2,bt,0.0,-1,,-1,BT-v2,10031,1,1.0,1,0,0,gun_kill,39.66466897537981,25.002147796199402,46.300379417051886,3.58476107215896,52.412922252696156,0.035356723679579594,0.01376693738204595,0.0,5025.033236793002
BT-v2,bt,0.0,-1,,-1,BT-v2,10032,0,1.0,1,0,0,gun_kill,76.98581271350801,44.375794334236886,76.58246342437062,3.624600992109869,112.05703034558405,0.05993770005166943,0.05449383884975636,0.0,3345.384290360465
BT-v2,bt,0.0,-1,,-1,BT-v2,10032,1,1.0,1,0,0,gun_kill,101.85806188863044,33.67187998519995,23.6694049096963,7.591421882725065,72.14786090837347,0.051169776892817695,0.04688979735974929,0.0,5412.388797732738
BT-v2,bt,0.0,-1,,-1,BT-v2,10033,0,0.0,0,0,1,gun_kill,32.02198496622781,31.31452418693994,12.0738317920979,2.5142193146679306,68.50655842557225,0.046216007785480046,0.04641174158995989,0.0,5282.521509970988
BT-v2,bt,0.0,-1,,-1,BT-v2,10033,1,1.0,1,0,0,gun_kill,60.56840501757972,22.9869086720067,62.344673512273154,3.4201170426206913,103.55300461688003,0.024663103878501947,0.07162525632083444,0.0,3840.2587553933577
BT-v2,bt,0.0,-1,,-1,BT-v2,10034,0,1.0,1,0,0,gun_kill,112.91463104520788,31.784127971644903,76.24920624907949,7.69614710527662,40.72447294211632,0.054649568014153126,0.044771543865745826,0.0,3090.1641919799704
BT-v2,bt,0.0,-1,,-1,BT-v2,10034,1,1.0,1,0,0,gun_kill,86.5072150874502,9.641063466205813,13.355035269234495,6.840013517818737,92.4350588254111,0.04303030148884102,0.0796503827109078,0.0,4648.483148746712
BT-v2,bt,0.0,-1,,-1,BT-v2,10035,0,1.0,1,0,0,gun_kill,110.67849100924994,59.582815904564825,29.55912337596208,2.1502228206399883,33.194122583208625,0.08663624379541443,0.03453485358343253,0.0,5579.93131057915
BT-v2,bt,0.0,-1,,-1,BT-v2,10035,1,1.0,1,0,0,gun_kill,88.05806594147181,90.6157501067242,39.51545221492013,4.736270373918388,41.99029479287876,0.08065848160830134,0.05453502870422828,0.0,4986.53558105081
BT-v2,bt,0.0,-1,,-1,BT-v2,10036,0,1.0,1,0,0,gun_kill,67.33517205044937,46.6854815544615,55.39012897214185,4.1657136549337235,111.12987831414952,0.07297599213074807,0.06323456359531547,0.0,3035.957771356175
BT-v2,bt,0.0,-1,,-1,BT-v2,10036,1,1.0,1,0,0,gun_kill,82.092550638944,92.48321359143448,1.8302442824776555,3.7217037616124475,74.35941910611044,0.022868078742188838,0.05202881389468211,0.0,3374.219357088189
BT-v2,bt,0.0,-1,,-1,BT-v2,10037,0,0.0,0,0,1,gun_kill,100.29700460704062,32.52632411520465,65.21986332199833,0.47345503148226786,38.326287405237295,0.024356325581463653,0.08378791547750375,0.0,3669.162762160423
BT-v2,bt,0.0,-1,,-1,BT-v2,10037,1,0.0,0,0,1,gun_kill,45.42834869884814,54.129200310820245,63.95698753800219,5.770555964117002,51.35031402665175,0.026244194472749116,0.029558079287362413,0.0,4056.516565240947
BT-v2,bt,0.0,-1,,-1,BT-v2,10038,0,1.0,1,0,0,gun_kill,104.29685721855951,77.28415801504934,54.50515492814212,6.190430947229544,68.97459908748668,0.08154641476961681,0.067933067046649,0.0,5191.965004463409
BT-v2,bt,0.0,-1,,-1,BT-v2,10038,1,1.0,1,0,0,gun_kill,75.66774308322897,58.226779111641704,97.30187368487245,4.767447690550677,57.89478933676024,0.0681930987669353,0.05619349400267522,0.0,3588.075791800148
BT-v2,bt,0.0,-1,,-1,BT-v2,10039,0,1.0,1,0,0,gun_kill,52.11640512151934,30.812184133599462,5.242314259701297,0.5993772473815611,108.90086150396975,0.023024867399587975,0.04080502562417039,0.0,5735.127708632546
BT-v2,bt,0.0,-1,,-1,BT-v2,10039,1,1.0,1,0,0,gun_kill,74.3052533343967,50.010217224478204,69.70318264282936,5.509247026822889,50.293232050738894,0.0709087758394306,0.04690705610528199,0.0,5392.123242498838
BT-v2,bt,0.0,-1,,-1,BT-v2,10040,0,0.0,0,0,1,gun_kill,30.298311131093733,30.472524932272517,4.386103802922159,3.011777763551043,110.20717631375615,0.030070987419076562,0.05259486409835135,0.0,5048.434431682421
BT-v2,bt,0.0,-1,,-1,BT-v2,10040,1,1.0,1,0,0,gun_kill,68.85432337481706,46.737795324573874,84.5482546729882,1.8532908345625323,115.09737969252959,0.05161693204368639,0.049225450392489864,0.0,5574.2976647139585
BT-v2,bt,0.0,-1,,-1,BT-v2,10041,0,0.0,0,0,1,gun_kill,116.1311673160025,93.2079949452922,36.01137114272789,5.426012997464431,102.89450545694497,0.029811720739272855,0.0443298492339897,0.0,5023.763439604565
BT-v2,bt,0.0,-1,,-1,BT-v2,10041,1,0.0,0,0,1,gun_kill,115.88610048814057,85.95374311289741,87.3245121738993,0.2797256962888124,47.57395926614613,0.044012350662810736,0.05084212631369353,0.0,3804.2776015494724
BT-v2,bt,0.0,-1,,-1,BT-v2,10042,0,1.0,1,0,0,gun_kill,92.47167605425349,51.8067706456697,73.54043460572116,0.642947012844763,46.755714720291785,0.06557107713056562,0.04071650075118656,0.0,4855.009043257736
BT-v2,bt,0.0,-1,,-1,BT-v2,10042,1,1.0,1,0,0,gun_kill,34.44029245259811,44.124883495827646,96.67840531278873,4.600612691718709,79.01506259878539,0.038910179557027,0.050403630994310035,0.0,3781.0629536449715
BT-v2,bt,0.0,-1,,-1,BT-v2,10043,0,1.0,1,0,0,gun_kill,86.00056916839873,28.364938118479788,66.79746846735644,2.6330390716416936,90.18264664493161,0.04038793098562175,0.047820472224354385,0.0,3787.1289401981057
BT-v2,bt,0.0,-1,,-1,BT-v2,10043,1,0.0,0,0,1,gun_kill,95.56821213939263,81.36500685985226,21.45788837708431,0.20493651851466854,55.94417832070774,0.044499261759650896,0.04622821042259597,0.0,3902.9858728320087
BT-v2,bt,0.0,-1,,-1,BT-v2,10044,0,1.0,1,0,0,gun_kill,62.66535811814627,98.83840820005835,77.31097684137096,6.082022345248644,50.20121336129512,0.04127735817388949,0.03537814613851749,0.0,5380.618546982365
BT-v2,bt,0.0,-1,,-1,BT-v2,10044,1,0.5,0,1,0,timeout,79.91331660054499,6.485803922202116,86.16815782431561,1.455148977096921,110.97327536014956,0.005778037121625508,0.057140516484200536,0.0,4899.194439955423
BT-v2,bt,0.0,-1,,-1,BT-v2,10045,0,1.0,1,0,0,gun_kill,87.08199634236541,72.34547712571404,46.248539919786815,1.601901256157145,58.29732858319585,0.059973653680894634,0.06854228219914085,0.0,5080.934488417045
BT-v2,bt,0.0,-1,,-1,BT-v2,10045,1,1.0,1,0,0,gun_kill,85.76340952298487,16.90186480699599,53.60218310645142,6.887740478613871,35.76274001428373,0.051764394612005896,0.0562562886781743,0.0,5540.29384904687
BT-v2,bt,0.0,-1,,-1,BT-v2,10046,0,0.0,0,0,1,gun_kill,85.21043106022114,20.494100780237233,97.4010879653687,6.396276179886889,93.8133086143557,0.06402155151937032,0.068489577931654,0.0,3686.2071748982144
BT-v2,bt,0.0,-1,,-1,BT-v2,10046,1,1.0,1,0,0,gun_kill,106.13336592650123,77.0501497633729,13.53760489392285,2.0700412448354806,72.29192761118546,0.041182367252133714,0.06371774260935492,0.0,4997.496644752614
BT-v2,bt,0.0,-1,,-1,BT-v2,10047,0,0.0,0,0,1,gun_kill,76.99982737269282,53.44190241930518,39.38194284911993,1.499601820962611,71.10609508170268,0.05252729089441652,0.03863011090293911,0.0,3179.9951826611186
BT-v2,bt,0.0,-1,,-1,BT-v2,10047,1,1.0,1,0,0,gun_kill,106.09098178494031,33.80614993728567,96.39364081150819,7.395580101619098,55.262499882459785,0.05839277978785616,0.041233837241330486,0.0,3090.390222504135
BT-v2,bt,0.0,-1,,-1,BT-v2,10048,0,0.5,0,1,0,timeout,56.4641330005292,2.804853988359557,63.23554393227736,2.7730054041277254,32.35968703863129,0.03882969846622977,0.06055191240603057,0.0,5717.747326340194
BT-v2,bt,0.0,-1,,-1,BT-v2,10048,1,1.0,1,0,0,gun_kill,118.74412409446194,95.7850658334033,46.148882116384456,3.402027499663249,112.22574254056474,0.043940553243826605,0.05918776975787432,0.0,3645.6486656732436
BT-v2,bt,0.0,-1,,-1,BT-v2,10049,0,0.5,0,1,0,timeout,95.32868863108396,53.22276229385133,97.34892093379702,3.705584016756454,38.08526219975442,0.04240765557933511,0.05276694766079497,0.0,4407.159612501006
BT-v2,bt,0.0,-1,,-1,BT-v2,10049,1,0.0,0,0,1,gun_kill,96.61122337500463,50.49906148087895,40.17192356578104,5.316834248604043,47.37078311349623,0.03225392666454976,0.039800088766354054,0.0,5411.160808760449
BT-v2,bt,0.0,-1,,-1,BT-v2,10050,0,0.5,0,1,0,timeout,71.06629913667919,75.27161246106485,47.08627957415037,2.074142475852903,50.75952901285511,0.040139066761891065,0.08076514182485411,0.0,5016.647107235891
BT-v2,bt,0.0,-1,,-1,BT-v2,10050,1,0.0,0,0,1,gun_kill,33.03228193519521,84.30688258445545,67.5006568317561,2.146669517234816,70.12150942768287,0.05286113419595124,0.056221046367308264,0.0,4581.408729310898
BT-v2,bt,0.0,-1,,-1,BT-v2,10051,0,1.0,1,0,0,gun_kill,63.16579881143124,63.079060223136665,41.138226911321865,1.3538478613949216,31.120422553934855,0.06171724681860817,0.04738760128980087,0.0,5152.935452719088
BT-v2,bt,0.0,-1,,-1,BT-v2,10051,1,0.0,0,0,1,gun_kill,111.74384846749624,76.49538419155782,53.12215398865385,7.968397335345476,85.11280522410978,0.07321941810901282,0.061517998053408525,0.0,4384.383172459919
BT-v2,bt,0.0,-1,,-1,BT-v2,10052,0,0.0,0,0,1,gun_kill,98.66301013622689,21.705811848046874,39.25853163062188,6.296697950518553,68.44075987324175,0.023585938239184135,0.06173004973817904,0.0,3898.459350782618
BT-v2,bt,0.0,-1,,-1,BT-v2,10052,1,1.0,1,0,0,gun_kill,90.35056492698433,94.00802746275053,80.26530321179133,4.9905439235646725,112.90553399359834,0.04492184533156825,0.037288381136949676,0.0,5837.012487421061
BT-v2,bt,0.0,-1,,-1,BT-v2,10053,0,1.0,1,0,0,gun_kill,31.725050533677912,32.993910159442265,97.38389145472756,3.009625180100758,87.44068435784885,0.06897767320025049,0.027321388600822994,0.0,3143.370399811862
BT-v2,bt,0.0,-1,,-1,BT-v2,10053,1,0.0,0,0,1,gun_kill,84.27655062283498,67.91430988834611,3.089064075220216,4.872740102510701,107.96327972461829,0.0580193322237718,0.06477177141037811,0.0,4524.138903953671
BT-v2,bt,0.0,-1,,-1,BT-v2,10054,0,1.0,1,0,0,gun_kill,104.54609956027326,19.228111673209636,1.7398108061620232,4.711383805154095,83.08546632428516,0.02437457548102607,0.07183590738356777,0.0,3266.9180580128304
BT-v2,bt,0.0,-1,,-1,BT-v2,10054,1,1.0,1,0,0,gun_kill,78.57378186059947,82.73837268487813,60.898324421946725,5.6997030183428485,49.84110418593586,0.05196642577257659,0.01638606266009531,0.0,5460.390164076631
BT-v2,bt,0.0,-1,,-1,BT-v2,10055,0,0.0,0,0,1,gun_kill,98.69389900846917,66.15269834703629,65.51602433324636,4.865134266781993,33.267823229054954,0.04714043648403618,0.021871564537167012,0.0,3975.70710499722
BT-v2,bt,0.0,-1,,-1,BT-v2,10055,1,1.0,1,0,0,gun_kill,101.32294818622691,76.36000874293087,6.418399041448408,1.470288996459117,54.140146402363655,0.07792518630404797,0.05767774186982852,0.0,3820.41760598943
BT-v2,bt,0.0,-1,,-1,BT-v2,10056,0,1.0,1,0,0,gun_kill,77.94683800360218,78.97714592427793,55.26119130973276,0.7961841870272499,106.78952567479658,0.05333390046491365,0.07455474324954614,0.0,5863.293502097367
BT-v2,bt,0.0,-1,,-1,BT-v2,10056,1,1.0,1,0,0,gun_kill,70.2177864074993,59.521925382237754,6.194203748357796,1.8460892619332867,113.25615187536263,0.045837992010270466,0.05232853897707495,0.0,4911.1964907759375
BT-v2,bt,0.0,-1,,-1,BT-v2,10057,0,0.0,0,0,1,gun_kill,31.028289373436774,99.07408301885353,22.102839446274935,5.57924091750765,90.57348200807921,0.05805301754224544,0.04491580255904347,0.0,4047.3981138573654
BT-v2,bt,0.0,-1,,-1,BT-v2,10057,1,1.0,1,0,0,gun_kill,62.01618446718628,29.613936352534388,94.77711606436633,5.656116399978027,41.83760261769486,0.06072763991443558,0.053289386099558744,0.0,3088.253513379112
BT-v2,bt,0.0,-1,,-1,BT-v2,10058,0,0.5,0,1,0,timeout,101.63674990278878,57.90021017135706,52.595775815806235,6.717862754476061,47.4071285453134,0.04990223554290505,0.05041548513960601,0.0,5799.967880665892
BT-v2,bt,0.0,-1,,-1,BT-v2,10058,1,1.0,1,0,0,gun_kill,96.42917531830497,26.23029947592813,39.99295496434271,0.00793247870195124,82.28505054840544,0.0673190427511326,0.04022536691011531,0.0,4494.4968327543675
BT-v2,bt,0.0,-1,,-1,BT-v2,10059,0,0.5,0,1,0,timeout,70.41750317866266,10.302851398362412,93.43124978335841,3.8699119384953606,30.8800838602803,0.07498293559335198,0.061131603157769526,0.0,4239.937140610492
BT-v2,bt,0.0,-1,,-1,BT-v2,10059,1,0.0,0,0,1,gun_kill,42.02069817227816,3.279725700943459,97.63853756973401,7.888850552841223,94.90651702922045,0.03358315598992496,0.02716668796824396,0.0,5605.8528147222805
BT-v2,bt,0.0,-1,,-1,BT-v2,10060,0,0.0,0,0,1,gun_kill,56.81485353268775,25.640203095883905,90.24435075619839,3.466227667323004,60.18744123690435,0.05238022527842928,0.06041556468921348,0.0,4197.709184820764
BT-v2,bt,0.0,-1,,-1,BT-v2,10060,1,1.0,1,0,0,gun_kill,116.42669649306337,7.571194893873868,35.52237958442418,2.0406730987295045,102.23048337483212,0.0348571870167627,0.027959489984184103,0.0,5218.719112022802
BT-v2,bt,0.0,-1,,-1,BT-v2,10061,0,1.0,1,0,0,gun_kill,93.66487156763307,13.694276903694803,3.191328904073343,0.10069556238477428,33.73124291548323,0.041665163758277446,0.05622455214588263,0.0,3493.49432923075
BT-v2,bt,0.0,-1,,-1,BT-v2,10061,1,1.0,1,0,0,gun_kill,85.9846674945133,6.910840658346062,8.947427570569388,7.524651458954761,37.1003141203665,0.0773249825182313,0.06664257450455376,0.0,4903.0234426868
BT-v2,bt,0.0,-1,,-1,BT-v2,10062,0,0.5,0,1,0,timeout,94.94104612361572,6.993962077954796,41.10423115465921,7.5728469321436505,57.816212916724076,0.06685747378798514,0.040623608940749165,0.0,5906.494112688168
BT-v2,bt,0.0,-1,,-1,BT-v2,10062,1,0.5,0,1,0,timeout,86.81296809646284,30.475017266174042,59.62442820161999,5.459295490614127,45.98864079366103,0.03558055982608509,0.03341761221475367,0.0,4420.294339150193
BT-v2,bt,0.0,-1,,-1,BT-v2,10063,0,1.0,1,0,0,gun_kill,106.12931316955152,54.52872050748263,0.1977260376071266,2.968804513238008,32.03362149679199,0.050263019916776425,0.009151471402708937,0.0,4593.721859624275
BT-v2,bt,0.0,-1,,-1,BT-v2,10063,1,0.0,0,0,1,gun_kill,119.11713111717988,62.608059929308624,39.49278756213652,7.21205722297759,116.08444058611835,0.05704995717319648,0.06484088701190098,0.0,4104.858408154709
BT-v2,bt,0.0,-1,,-1,BT-v2,10064,0,1.0,1,0,0,gun_kill,75.06292190597173,49.2409904106898,84.87363381532867,7.562064330396287,77.70085091505696,0.030236957810715295,0.07066311132551988,0.0,3399.785113590587
BT-v2,bt,0.0,-1,,-1,BT-v2,10064,1,0.0,0,0,1,gun_kill,34.078232054023886,4.130508458793781,7.121610916661836,1.7472593741334652,96.66633546483587,0.052400585260058426,0.04632405021988288,0.0,3668.509699325672
BT-v2,bt,0.0,-1,,-1,BT-v2,10065,0,1.0,1,0,0,gun_kill,44.8396646957935,78.89744438306482,36.296261560641874,2.3037557409754745,56.98108839361076,0.033293269132923464,0.06219048211350187,0.0,3825.494646004201
BT-v2,bt,0.0,-1,,-1,BT-v2,10065,1,0.0,0,0,1,gun_kill,32.20465621755178,63.767992487902106,12.054151946719681,7.0709140387800655,56.410631194115865,0.028326435044848552,0.05863622647078459,0.0,5224.615746426538
BT-v2,bt,0.0,-1,,-1,BT-v2,10066,0,1.0,1,0,0,gun_kill,63.85646618559151,87.3221711937973,72.85804363227757,1.246718788614979,70.82996832216048,0.04808164190864151,0.04994879218294247,0.0,5534.607773119424
BT-v2,bt,0.0,-1,,-1,BT-v2,10066,1,1.0,1,0,0,gun_kill,92.61468229884096,4.954426939243451,46.23411164893753,4.626169509309766,62.53343871938832,0.031091271088414606,0.043422977617051425,0.0,5617.696767902744
BT-v2,bt,0.0,-1,,-1,BT-v2,10067,0,1.0,1,0,0,gun_kill,36.82329319360008,2.262422703542466,37.08466430602664,0.5846877740283025,104.72557698999111,0.035408095269731446,0.05575662497409902,0.0,3809.2037007460385
BT-v2,bt,0.0,-1,,-1,BT-v2,10067,1,0.0,0,0,1,gun_kill,92.04776087798356,53.473878010447976,65.53159838863016,1.2673197695338532,95.86647040505888,0.03303747679063316,0.0499812643373489,0.0,3515.989700209523
BT-v2,bt,0.0,-1,,-1,BT-v2,10068,0,1.0,1,0,0,gun_kill,88.68431197523941,24.20304509971637,98.34753071561805,1.5455618640559505,35.91877926935644,0.016211075205283698,0.057321093324286136,0.0,4158.856859740882
BT-v2,bt,0.0,-1,,-1,BT-v2,10068,1,1.0,1,0,0,gun_kill,87.09500650034224,22.454811970846087,28.713051201855087,5.1704225147356,95.3198565797695,0.03792035403958956,0.047548718989486864,0.0,3085.0122287671475
BT-v2,bt,0.0,-1,,-1,BT-v2,10069,0,1.0,1,0,0,gun_kill,116.44698011635293,74.84018907664759,61.96657820498076,7.66844365698998,81.39946319852413,0.06264608543999721,0.03652372431528661,0.0,3094.2447511191826
BT-v2,bt,0.0,-1,,-1,BT-v2,10069,1,1.0,1,0,0,gun_kill,46.7067475012877,84.89929944327297,66.37811218156214,0.3748648410878408,41.553884280793206,0.04805809446669624,0.0625975619536463,0.0,3977.735983441613
BT-v2,bt,0.0,-1,,-1,BT-v2,10070,0,1.0,1,0,0,gun_kill,107.5590294022325,59.948134688208135,4.319262153566294,3.993907559723996,57.171786481996584,0.026251915029284773,0.04184162826271869,0.0,3450.9413615908916
BT-v2,bt,0.0,-1,,-1,BT-v2,10070,1,0.5,0,1,0,timeout,110.23516740552385,77.12031310914954,46.78624240872223,7.009692115553846,47.462644317330714,0.02774451119644006,0.05043585323285699,0.0,4768.67471391099
BT-v2,bt,0.0,-1,,-1,BT-v2,10071,0,1.0,1,0,0,gun_kill,89.68718309437818,10.938207673522072,17.872747649303513,1.5643158780643036,85.5214223493909,0.06652768253112018,0.06280245126409763,0.0,5988.556091432407
BT-v2,bt,0.0,-1,,-1,BT-v2,10071,1,0.0,0,0,1,gun_kill,53.62435402046103,20.45803543390703,49.83130337518668,7.573595578533832,44.38303284233998,0.07271351564136234,0.06654168430690038,0.0,5920.379663072546
BT-v2,bt,0.0,-1,,-1,BT-v2,10072,0,1.0,1,0,0,gun_kill,36.2401778533756,82.8562918204404,85.2174223182246,4.294161732922689,30.369262786692577,0.05842828224843698,0.0442921008193507,0.0,4856.851656940152
BT-v2,bt,0.0,-1,,-1,BT-v2,10072,1,0.0,0,0,1,gun_kill,45.378604944791206,66.65549826495545,64.66537859828526,4.534902061047784,87.59998833224142,0.04347322649172983,0.05604074757494565,0.0,3610.8929683669876
BT-v2,bt,0.0,-1,,-1,BT-v2,10073,0,0.5,0,1,0,timeout,97.22746343652827,32.97227407049505,19.095541529742064,0.3468852420469899,69.46165319694464,0.07711090601651745,0.05565950122966841,0.0,4853.234849974987
BT-v2,bt,0.0,-1,,-1,BT-v2,10073,1,0.0,0,0,1,gun_kill,67.81598513036951,5.27561078995763,59.615645314724766,3.3152513362311407,96.4633149645011,0.04204942775934991,0.05749163508328372,0.0,3609.807677710315
BT-v2,bt,0.0,-1,,-1,BT-v2,10074,0,0.5,0,1,0,timeout,42.10166635857075,74.36427518198836,33.460372802426406,7.656636594221491,47.46782749354264,0.038586037517068586,0.04472586980805403,0.0,3800.085523116183
BT-v2,bt,0.0,-1,,-1,BT-v2,10074,1,1.0,1,0,0,gun_kill,98.3475246104763,73.68678417161782,68.34867921179044,6.391598377399079,92.64242999771899,0.08323189893791363,0.034856363004360194,0.0,5648.50368444649
BT-v2,bt,0.0,-1,,-1,BT-v2,10075,0,1.0,1,0,0,gun_kill,33.2321693275005,37.17447989542584,7.23859510377266,6.528286103084582,61.94530387705514,0.04709666812314052,0.030082813227781384,0.0,3378.269489510807
BT-v2,bt,0.0,-1,,-1,BT-v2,10075,1,0.5,0,1,0,timeout,58.11477528087761,70.64274575389734,5.420370328378921,1.0410196248394108,102.35615656642234,0.04212891876917006,0.03385286787462595,0.0,3086.850446704478
BT-v2,bt,0.0,-1,,-1,BT-v2,10076,0,1.0,1,0,0,gun_kill,93.07152383078818,39.69929245961129,64.47452977708546,5.041960922527719,66.37499303685706,0.06943206296605214,0.053573542196416093,0.0,4882.962391607793
BT-v2,bt,0.0,-1,,-1,BT-v2,10076,1,1.0,1,0,0,gun_kill,37.887091542182596,30.522460510475746,72.79684029426109,1.6151508258034246,45.332786865191665,0.058649432553011235,0.035108735022778406,0.0,4990.196557946714
BT-v2,bt,0.0,-1,,-1,BT-v2,10077,0,1.0,1,0,0,gun_kill,57.68192016478578,77.9098308412694,75.53203990397466,6.296943520178055,35.96680734848695,0.016058440706927773,0.06498789623578673,0.0,4551.521617054492
BT-v2,bt,0.0,-1,,-1,BT-v2,10077,1,1.0,1,0,0,gun_kill,79.72355865965007,20.866239964100696,6.967500814399974,5.377915440645447,41.370072218124264,0.08155175461652014,0.04653729456244892,0.0,3802.5632318759126
BT-v2,bt,0.0,-1,,-1,BT-v2,10078,0,1.0,1,0,0,gun_kill,112.04766276644683,51.98122316385181,51.21520178501962,4.48664774938657,80.57673626628747,0.04700253690112369,0.04588700531815299,0.0,4415.812776527782
BT-v2,bt,0.0,-1,,-1,BT-v2,10078,1,0.0,0,0,1,gun_kill,51.51222468268239,73.46332128984739,27.99866275313182,3.817270512686161,70.1692489629894,0.02977378637539026,0.04794051909873248,0.0,5623.791686539946
BT-v2,bt,0.0,-1,,-1,BT-v2,10079,0,1.0,1,0,0,gun_kill,102.76715756308641,18.654508638735678,2.905874909382611,1.1522716691759483,106.15913981014037,0.022907333623437744,0.02237166085062642,0.0,3990.0944917662664
BT-v2,bt,0.0,-1,,-1,BT-v2,10079,1,1.0,1,0,0,gun_kill,42.561788094084086,56.62594121836671,71.37461546273252,2.714896574273057,31.992251074911582,0.06395374726481899,0.04383108106437391,0.0,5502.636174859369
BT-v2,bt,0.0,-1,,-1,BT-v2,10080,0,1.0,1,0,0,gun_kill,112.68680391233555,92.24051759204754,38.968684475012374,1.7198290192405965,65.28980068715494,0.06559614159668789,0.05428240917391218,0.0,4997.124347482868
BT-v2,bt,0.0,-1,,-1,BT-v2,10080,1,1.0,1,0,0,gun_kill,77.89812785222003,68.20493083319748,59.55803764139529,2.7367330276578956,61.93096356944909,0.08565572163420095,0.04684513570333579,0.0,4599.615035675979
BT-v2,bt,0.0,-1,,-1,BT-v2,10081,0,1.0,1,0,0,gun_kill,98.70220757177886,84.30192972225976,56.94354344768367,3.4352546080768773,43.928989637277056,0.061498388711534846,0.060643979819761926,0.0,4122.8570271845165
BT-v2,bt,0.0,-1,,-1,BT-v2,10081,1,0.0,0,0,1,gun_kill,66.82048509510805,65.40133031240435,16.227157770825627,5.989613013036272,116.73976045978753,0.03754506615030307,0.03929073173518528,0.0,5739.420075825127
BT-v2,bt,0.0,-1,,-1,BT-v2,10082,0,1.0,1,0,0,gun_kill,69.35394010418705,14.343881516138257,24.701306868530402,2.5082913842787553,89.216013337275,0.05391173791529027,0.07098354852561833,0.0,5032.7141782793915
BT-v2,bt,0.0,-1,,-1,BT-v2,10082,1,0.5,0,1,0,timeout,51.08757952896077,38.118804131023275,58.16884109909477,5.555759850352763,61.425776833434554,0.04780730785301975,0.03683513202918367,0.0,4476.878894087353
BT-v2,bt,0.0,-1,,-1,BT-v2,10083,0,0.0,0,0,1,gun_kill,115.19551993443615,62.61270435672998,39.79761067601888,5.930059772756753,31.75820577769494,0.06613850181628966,0.04893568863010324,0.0,3140.3436709217553
BT-v2,bt,0.0,-1,,-1,BT-v2,10083,1,1.0,1,0,0,gun_kill,30.34987891761075,99.97637788654518,95.02902966153161,3.038886484430506,88.30151109512417,0.050449585184999986,0.07058733563787759,0.0,5515.6592298338865
BT-v2,bt,0.0,-1,,-1,BT-v2,10084,0,1.0,1,0,0,gun_kill,44.57406300078358,25.09944512085388,36.094086920166056,7.265172287619441,41.484974799467864,0.06522117514652079,0.0663931442468331,0.0,3515.0543514902693
BT-v2,bt,0.0,-1,,-1,BT-v2,10084,1,0.0,0,0,1,gun_kill,67.40432883923006,67.19708136082049,94.14129099620062,0.7274372056813574,110.5862875831023,0.04294615135417381,0.03665111479652337,0.0,5209.8692582684625
BT-v2,bt,0.0,-1,,-1,BT-v2,10085,0,1.0,1,0,0,gun_kill,113.57912515873569,77.50997874887581,83.8625976590123,4.119384394400692,60.03333391662363,0.028729256960721084,0.050670863613891975,0.0,4035.354750150665
BT-v2,bt,0.0,-1,,-1,BT-v2,10085,1,0.5,0,1,0,timeout,62.81311452907325,91.70234477890389,95.39096794122622,5.488810015899632,32.86739056406008,0.03760039013318668,0.0044917234396997865,0.0,3456.3285233955803
BT-v2,bt,0.0,-1,,-1,BT-v2,10086,0,1.0,1,0,0,gun_kill,80.45912529362411,65.67645105186408,23.042034366146915,6.194332050312605,33.53418072535733,0.05351728943595977,0.04878983599446267,0.0,4500.03072731053
BT-v2,bt,0.0,-1,,-1,BT-v2,10086,1,0.5,0,1,0,timeout,60.92365604542553,62.04938895719525,86.01145476564164,4.613184056177978,38.85225112005904,0.05592497094463719,0.018786863283826123,0.0,3491.9509042837585
BT-v2,bt,0.0,-1,,-1,BT-v2,10087,0,0.0,0,0,1,gun_kill,74.1324798417402,10.13584404774388,32.738925774022846,3.799688030038234,105.79019904317165,0.05872703423765362,0.05891318918449852,0.0,3031.017302780865
BT-v2,bt,0.0,-1,,-1,BT-v2,10087,1,1.0,1,0,0,gun_kill,102.46142865622551,50.087751328108155,56.19521621423891,3.9064176631816423,38.265267826858704,0.051397843741358765,0.04863264143434427,0.0,4486.162036479441
BT-v2,bt,0.0,-1,,-1,BT-v2,10088,0,1.0,1,0,0,gun_kill,119.93797153881842,38.02417680544238,81.05223035761598,3.692400304407406,98.24464050944599,0.06601762517145994,0.0790584584498782,0.0,3049.7469680103945
BT-v2,bt,0.0,-1,,-1,BT-v2,10088,1,1.0,1,0,0,gun_kill,68.43351050685067,90.8259148067209,74.44198175133067,2.578479242382664,80.80647062765408,0.049589408074209265,0.040557855312026075,0.0,4515.954103840132
BT-v2,bt,0.0,-1,,-1,BT-v2,10089,0,1.0,1,0,0,gun_kill,89.42474197105773,62.93335562718604,0.5298307263137847,7.997475091190108,101.35478179441438,0.06045533922209303,0.0665325628668154,0.0,3506.5582505078805
BT-v2,bt,0.0,-1,,-1,BT-v2,10089,1,0.0,0,0,1,gun_kill,84.05062004016818,4.128809144873291,56.12012181869037,2.490227576748371,41.005542280925496,0.06190277629626301,0.040678120088026924,0.0,4598.483076004795
BT-v2,bt,0.0,-1,,-1,BT-v2,10090,0,0.0,0,0,1,gun_kill,43.50472032664095,1.6519796258796848,47.92688999817296,3.039537105604956,47.1889948527298,0.03754529051123064,0.046334366453195296,0.0,4692.08749712758
BT-v2,bt,0.0,-1,,-1,BT-v2,10090,1,0.0,0,0,1,gun_kill,44.797550701906914,8.473149338628039,24.728093891748347,0.2258968579312679,106.57675367200653,0.04649041973228209,0.06061602807888054,0.0,4104.526328989956
BT-v2,bt,0.0,-1,,-1,BT-v2,10091,0,0.5,0,1,0,timeout,38.33835713490191,34.31787333537801,0.6516802002299649,6.004296262848871,86.38925565246636,0.04940616413989609,0.05627971562984347,0.0,4337.536144777763
BT-v2,bt,0.0,-1,,-1,BT-v2,10091,1,1.0,1,0,0,gun_kill,40.41023368133757,75.36649645988471,16.987892628178148,6.025656510534222,114.06975452205897,0.06692334954219746,0.04684977549066726,0.0,5564.508005590216
BT-v2,bt,0.0,-1,,-1,BT-v2,10092,0,1.0,1,0,0,gun_kill,30.229090421191586,15.389246744436091,63.421547234236265,2.3842646710495536,119.72252913825795,0.06109598697600947,0.03950334603613286,0.0,3249.614058946848
BT-v2,bt,0.0,-1,,-1,BT-v2,10092,1,0.5,0,1,0,timeout,71.91392729662581,15.74557277819466,91.49423879388846,1.4629283476848345,77.80734710076734,0.05075086789787162,0.05642548554069756,0.0,5184.192421460248
BT-v2,bt,0.0,-1,,-1,BT-v2,10093,0,0.0,0,0,1,gun_kill,72.79211052844407,24.37528022700367,52.481973180348184,0.6274986347058151,36.662650359267815,0.02867551780313547,0.04198946638294452,0.0,3433.652604293917
BT-v2,bt,0.0,-1,,-1,BT-v2,10093,1,1.0,1,0,0,gun_kill,30.807381741766907,66.72248077939987,12.67168697899188,2.3316427079627626,75.54430505843638,0.03931436061006422,0.05849337371025122,0.0,3679.12682425175
BT-v2,bt,0.0,-1,,-1,BT-v2,10094,0,0.0,0,0,1,gun_kill,76.41985094221218,84.50623373693476,61.549009077656834,2.7868061773711448,117.2947111520977,0.0646799392300691,0.04162363220364451,0.0,3024.8054712579074
BT-v2,bt,0.0,-1,,-1,BT-v2,10094,1,1.0,1,0,0,gun_kill,49.76970526749424,4.188200067174986,49.02301530422521,4.672199716170233,40.59153431480466,0.0533706422231608,0.05378309395670615,0.0,5188.730956268269
BT-v2,bt,0.0,-1,,-1,BT-v2,10095,0,0.0,0,0,1,gun_kill,73.0252541627176,15.585897468540155,91.34295409520222,2.029195628173137,83.38626308287652,0.05798181315781212,0.03347323855594659,0.0,3214.1517752489754
BT-v2,bt,0.0,-1,,-1,BT-v2,10095,1,1.0,1,0,0,gun_kill,44.7905925268916,82.01709800966108,73.36204027858754,6.094373476470264,35.623075484477226,0.048058426902325785,0.04607493803992288,0.0,3685.8942882214624
BT-v2,bt,0.0,-1,,-1,BT-v2,10096,0,0.5,0,1,0,timeout,44.50220798632563,77.66876171594048,82.94011424928975,5.957143505340396,111.32790718838788,0.026557878157917082,0.048896342582080206,0.0,3551.359417567429
BT-v2,bt,0.0,-1,,-1,BT-v2,10096,1,0.5,0,1,0,timeout,82.70688873614793,38.01628267288297,0.5894832591617272,5.202876013646944,32.50259794517563,0.03878542589318226,0.0801948163485394,0.0,4108.62639693518
BT-v2,bt,0.0,-1,,-1,BT-v2,10097,0,0.0,0,0,1,gun_kill,88.67292883285333,92.25960837343955,34.89946705099884,4.020715160126472,40.3895467554104,0.03113601707164507,0.06500415661371914,0.0,5356.476009659809
BT-v2,bt,0.0,-1,,-1,BT-v2,10097,1,0.5,0,1,0,timeout,52.110694494223324,98.21694021899454,57.635820365342106,0.5073139333735179,95.1913078094679,0.02886359147006796,0.05534150393322232,0.0,4252.470190150624
BT-v2,bt,0.0,-1,,-1,BT-v2,10098,0,0.5,0,1,0,timeout,82.41836625522785,5.569579989873452,61.383342744375824,0.01700392808619622,33.69110916910038,0.05791663525973649,0.08187614620533096,0.0,4340.037345607492
BT-v2,bt,0.0,-1,,-1,BT-v2,10098,1,1.0,1,0,0,gun_kill,60.82670415982885,42.45241096862469,94.36278413133728,7.098296601491372,43.726363766887246,0.04438393263327471,0.04419275614962356,0.0,5017.83813932473
BT-v2,bt,0.0,-1,,-1,BT-v2,10099,0,1.0,1,0,0,gun_kill,53.90707940410151,50.597672788605955,57.27778084643376,1.0183999845206158,66.00775114719832,0.08405223311523953,0.025886299918536665,0.0,4685.887903586301
BT-v2,bt,0.0,-1,,-1,BT-v2,10099,1,1.0,1,0,0,gun_kill,51.65420128744151,76.67153308398987,60.908292183983306,2.2969541670424443,90.22221472184398,0.058619013298598185,0.04184522129986956,0.0,5917.107426533332
BT-v2,bt,0.0,-1,,-1,BT-v3,10000,0,1.0,1,0,0,gun_kill,50.16012148162994,7.387238598093737,93.48494181651061,4.265970526320651,52.277090381164115,0.06002117904187971,0.06436077146779574,0.0,5156.442475231992
BT-v2,bt,0.0,-1,,-1,BT-v3,10000,1,1.0,1,0,0,gun_kill,103.41547884893626,96.16888430694529,61.75186837843067,5.164602951151929,65.45503211750014,0.051192462674301456,0.04978947379816445,0.0,5476.608865147475
BT-v2,bt,0.0,-1,,-1,BT-v3,10001,0,1.0,1,0,0,gun_kill,106.4014087490594,76.22604688020029,28.32735160520222,0.7136586119777846,103.5989380239386,0.0626027134650672,0.05416528500725643,0.0,5491.5125717290375
BT-v2,bt,0.0,-1,,-1,BT-v3,10001,1,1.0,1,0,0,gun_kill,90.44075331903217,15.248309744380828,92.23174145550391,7.883779618482448,113.80209349544688,0.05039615999392681,0.07424184550480527,0.0,5504.856505559507
BT-v2,bt,0.0,-1,,-1,BT-v3,10002,0,0.0,0,0,1,gun_kill,89.17473065140084,46.465814099629746,40.89292912205023,3.7958696589311325,75.46961100115188,0.040998730090396084,0.039344989100931316,0.0,5946.6315794791435
BT-v2,bt,0.0,-1,,-1,BT-v3,10002,1,1.0,1,0,0,gun_kill,86.37720123818752,38.39351076546269,56.66998381412306,1.9463928844062188,88.50016993680815,0.04842653301696315,0.04447503780103449,0.0,4931.876735937771
BT-v2,bt,0.0,-1,,-1,BT-v3,10003,0,0.5,0,1,0,timeout,103.25210918630687,48.27501120953867,37.85475715801778,5.058468045285138,95.76064450688877,0.04049243126811026,0.054364177884827274,0.0,4463.017593231952
BT-v2,bt,0.0,-1,,-1,BT-v3,10003,1,0.0,0,0,1,gun_kill,114.83887994242775,42.180661376030336,97.85292817986385,1.7862824743310206,72.96469344071433,0.07270088657092036,0.045932185164027174,0.0,3269.70741301953
BT-v2,bt,0.0,-1,,-1,BT-v3,10004,0,0.0,0,0,1,gun_kill,110.91170336676598,4.468689114439128,80.20187593896034,0.45006431199902863,100.38619537614713,0.05581942346994718,0.0452507915264792,0.0,3337.3939968127406
BT-v2,bt,0.0,-1,,-1,BT-v3,10004,1,1.0,1,0,0,gun_kill,31.788643040184702,68.34169388829429,91.8655155874874,7.832027766396656,117.09327140367961,0.04615428991076538,0.05108166420910798,0.0,5666.392016412825
BT-v2,bt,0.0,-1,,-1,BT-v3,10005,0,0.0,0,0,1,gun_kill,52.751256103115765,93.36980426664006,22.697413972448544,5.888379288150269,62.85125206643998,0.0794984372827274,0.04940087182382691,0.0,3157.1544277949697
BT-v2,bt,0.0,-1,,-1,BT-v3,10005,1,0.0,0,0,1,gun_kill,81.45534413054428,9.513079796665336,19.71350496309515,1.4845046178679597,95.55099088634336,0.049650075813684476,0.015813702279696848,0.0,4895.422079079918
BT-v2,bt,0.0,-1,,-1,BT-v3,10006,0,0.0,0,0,1,gun_kill,82.78676618665813,42.072154224224555,83.25349260640054,5.862154731974385,70.82245961219668,0.06585930182615393,0.02741250880760082,0.0,3668.578671291587
BT-v2,bt,0.0,-1,,-1,BT-v3,10006,1,0.0,0,0,1,gun_kill,79.46980189029509,8.548350333426457,26.268852241814077,0.8101970829855327,61.90884368103421,0.05799815334411981,0.06837328035941118,0.0,4798.526454773947
BT-v2,bt,0.0,-1,,-1,BT-v3,10007,0,0.0,0,0,1,gun_kill,71.61277754964853,22.14931469859144,30.126016039313242,6.9859124234737635,102.69041436049388,0.0579034076418688,0.0432587290656524,0.0,5852.876512731076
BT-v2,bt,0.0,-1,,-1,BT-v3,10007,1,0.5,0,1,0,timeout,88.41844992439904,51.00209989852412,40.059714416910055,5.27500852188602,71.60255176121163,0.04534565622455845,0.05148079013288772,0.0,5603.153030390269
BT-v2,bt,0.0,-1,,-1,BT-v3,10008,0,0.5,0,1,0,timeout,119.83132862738746,39.94343163244493,40.60446137067601,5.899644709651939,57.77416029947146,0.025886717653414937,0.04836474056035243,0.0,4369.751269174669
BT-v2,bt,0.0,-1,,-1,BT-v3,10008,1,0.0,0,0,1,gun_kill,103.55117876928438,52.52304926851914,61.58031804521368,1.9224718016037645,37.79005981304007,0.04600027807993957,0.0678193682620119,0.0,4350.559787630615
BT-v2,bt,0.0,-1,,-1,BT-v3,10009,0,0.0,0,0,1,gun_kill,50.22400440850613,78.48509257312742,3.338667397903261,0.3900081295186135,55.953935684062444,0.06882407646848868,0.023599436396205885,0.0,5880.118003657904
BT-v2,bt,0.0,-1,,-1,BT-v3,10009,1,0.5,0,1,0,timeout,56.39361962057458,90.29662747789774,85.83687989571993,0.8466025921949969,103.14001640467075,0.06618077963500234,0.050562510926542244,0.0,3772.3642649567064
BT-v2,bt,0.0,-1,,-1,BT-v3,10010,0,0.0,0,0,1,gun_kill,107.79176815844316,43.26096049349874,57.017697711481965,1.6506007976526984,86.25512671098096,0.062413347271681574,0.052430870560049234,0.0,3931.3264794557545
BT-v2,bt,0.0,-1,,-1,BT-v3,10010,1,0.0,0,0,1,gun_kill,37.932334260239806,82.44902158904628,64.96446887689422,3.8085779526870285,62.362584304985056,0.07010316852972522,0.022551757333417768,0.0,5465.124305943698
BT-v2,bt,0.0,-1,,-1,BT-v3,10011,0,0.5,0,1,0,timeout,55.513532093455154,41.59555705060271,75.76860872221711,3.059629885025223,53.47560925795925,0.05437307830550402,0.03669889484042002,0.0,5783.777573211095
BT-v2,bt,0.0,-1,,-1,BT-v3,10011,1,0.0,0,0,1,gun_kill,32.74974554283316,72.79532205064288,28.070370689513325,3.347141919657303,44.94003724402273,0.040381567480544875,0.05181059016761694,0.0,5710.556506158601
BT-v2,bt,0.0,-1,,-1,BT-v3,10012,0,1.0,1,0,0,gun_kill,74.30304986103577,51.52293834698673,50.069149531163944,4.536766835113744,109.68803731332657,0.04396459232301899,0.0344451317085292,0.0,5875.395737123849
BT-v2,bt,0.0,-1,,-1,BT-v3,10012,1,1.0,1,0,0,gun_kill,79.65135794686344,77.88056666727434,88.08619008634258,3.6163367408835647,116.33364609492374,0.05684382999991226,0.0459420892420916,0.0,3158.633769148702
BT-v2,bt,0.0,-1,,-1,BT-v3,10013,0,0.5,0,1,0,timeout,58.83810503444011,52.9509748033303,90.25222151402262,3.2892423477105677,117.3550467051041,0.05870724994808029,0.017790832500547422,0.0,4137.499130465883
BT-v2,bt,0.0,-1,,-1,BT-v3,10013,1,0.5,0,1,0,timeout,111.29905490882007,49.85356437704157,11.795743511649526,2.41147771170204,94.95469793265951,0.05475506397974974,0.06966591592111535,0.0,4109.571891790407
BT-v2,bt,0.0,-1,,-1,BT-v3,10014,0,0.5,0,1,0,timeout,39.48108563856514,26.19660738325762,46.54967244146534,2.7482136372882158,79.46275021427539,0.0441681317846366,0.035685793839259836,0.0,3243.923162994786
BT-v2,bt,0.0,-1,,-1,BT-v3,10014,1,0.0,0,0,1,gun_kill,31.166946471367936,49.691972012061825,39.16392102498266,7.85563426784666,93.63702340978675,0.057166317534239695,0.047089579908567075,0.0,5331.61603310392
BT-v2,bt,0.0,-1,,-1,BT-v3,10015,0,1.0,1,0,0,gun_kill,74.53443796163444,64.27203039998814,64.88207116829355,6.979127162059233,51.928701806876035,0.04282643160154074,0.0494318781080545,0.0,3306.595660789407
BT-v2,bt,0.0,-1,,-1,BT-v3,10015,1,0.5,0,1,0,timeout,36.38543438953198,45.89865154492706,57.53280478128027,1.7222419403464357,110.29318978028087,0.04466695099144552,0.05465844372319932,0.0,5029.502805868732
BT-v2,bt,0.0,-1,,-1,BT-v3,10016,0,0.5,0,1,0,timeout,46.55616536768757,63.43422331152715,23.38097118830518,1.9934793441720702,109.1205217138863,0.06046063212431704,0.05224353641598229,0.0,4239.869859884884
BT-v2,bt,0.0,-1,,-1,BT-v3,10016,1,0.0,0,0,1,gun_kill,112.68945077738434,27.58776966260855,55.60984580045576,3.2013746755058676,65.522730580785,0.053562294109935925,0.0591480846853367,0.0,3758.795458334738
BT-v2,bt,0.0,-1,,-1,BT-v3,10017,0,1.0,1,0,0,gun_kill,68.50362668900593,71.02540634250362,58.582827238763244,2.8874341120165896,57.545420249554596,0.031153728824629322,0.04778230782492525,0.0,3113.8065347010656
BT-v2,bt,0.0,-1,,-1,BT-v3,10017,1,0.5,0,1,0,timeout,65.70480208555972,40.57260893968907,47.70886339002659,1.1251142493375994,89.12701693042612,0.055632940662573536,0.034137772507573425,0.0,4519.964887175508
BT-v2,bt,0.0,-1,,-1,BT-v3,10018,0,1.0,1,0,0,gun_kill,81.43448868538421,19.141546378744156,86.19012190270529,3.8710395480834183,119.27465802802381,0.056062723798000286,0.050548785816436084,0.0,3567.3301497208076
BT-v2,bt,0.0,-1,,-1,BT-v3,10018,1,0.5,0,1,0,timeout,55.3011340031059,56.9279857456266,43.36685408457483,0.3885906413294693,32.481170208985155,0.05692893864574659,0.05734035182268959,0.0,4243.242990270031
BT-v2,bt,0.0,-1,,-1,BT-v3,10019,0,0.0,0,0,1,gun_kill,107.22198916228055,50.34119828500647,17.547389013355108,5.303805655368126,47.65047751788818,0.08346434020849865,0.059044634974141114,0.0,3809.242211209251
BT-v2,bt,0.0,-1,,-1,BT-v3,10019,1,0.0,0,0,1,gun_kill,36.2628025527344,68.1856144656541,41.96659048883289,3.9006873107111097,85.87570608650591,0.029276261591632467,0.041516150314949096,0.0,5565.265789998324
BT-v2,bt,0.0,-1,,-1,BT-v3,10020,0,0.0,0,0,1,gun_kill,90.25757878133024,79.72310354234949,63.71117714124247,1.33031789091892,79.3240847352647,0.03743125589359588,0.054612038716824476,0.0,3528.3513744314364
BT-v2,bt,0.0,-1,,-1,BT-v3,10020,1,0.0,0,0,1,gun_kill,50.60522652149919,56.15408247536544,32.05374929521905,2.416571791360319,64.12788492695941,0.06681197866888332,0.05245107150187744,0.0,5981.161964630604
BT-v2,bt,0.0,-1,,-1,BT-v3,10021,0,0.0,0,0,1,gun_kill,49.61460589552587,59.17547521607405,69.5732694514435,6.624718764716682,118.86667554218553,0.024203021752082568,0.07219659829885366,0.0,5036.1601298655405
BT-v2,bt,0.0,-1,,-1,BT-v3,10021,1,1.0,1,0,0,gun_kill,76.37540415732448,71.91427546509563,31.714595911944897,7.247435620266673,95.07693009253695,0.034695639097523115,0.03883492565055997,0.0,4670.640595339284
BT-v2,bt,0.0,-1,,-1,BT-v3,10022,0,0.0,0,0,1,gun_kill,103.98158087266582,85.99558776047101,35.723259936848365,5.741441847811209,119.85824240278073,0.03878862932054193,0.07417942139088546,0.0,5103.948248472618
BT-v2,bt,0.0,-1,,-1,BT-v3,10022,1,0.0,0,0,1,gun_kill,84.21344103476585,25.163789851242434,14.844820604434672,2.895006727012534,79.41562895771108,0.05527398295275228,0.06336502404307068,0.0,3125.5483340300057
BT-v2,bt,0.0,-1,,-1,BT-v3,10023,0,1.0,1,0,0,gun_kill,31.8469531739675,59.65620884366071,4.96101393459234,7.658786857647442,75.16679433570242,0.032143494576603426,0.05845658729696417,0.0,3540.6015019206175
BT-v2,bt,0.0,-1,,-1,BT-v3,10023,1,1.0,1,0,0,gun_kill,102.39623687274292,38.77235642358487,86.60132112500249,2.9012513142742486,70.0604079301996,0.051120037485294666,0.04464370535093135,0.0,5115.736657183621
BT-v2,bt,0.0,-1,,-1,BT-v3,10024,0,0.0,0,0,1,gun_kill,30.573262522896968,81.77349864219663,28.356285195585073,5.2942131467958,50.26990602693975,0.0380765141838077,0.0296130493718776,0.0,3488.259315044023
BT-v2,bt,0.0,-1,,-1,BT-v3,10024,1,0.0,0,0,1,gun_kill,77.54466178818078,0.729985619938478,90.44832006329938,3.342533059393947,46.02534189389737,0.05384886723836595,0.04438908699813268,0.0,4022.4421485687417
BT-v2,bt,0.0,-1,,-1,BT-v3,10025,0,0.0,0,0,1,gun_kill,88.0348722645156,83.57321356226127,51.664289057839206,6.820575177198724,96.89953114341792,0.06257310999653608,0.040553089388011776,0.0,5624.75969501902
BT-v2,bt,0.0,-1,,-1,BT-v3,10025,1,0.5,0,1,0,timeout,92.70381182494208,88.9975422728364,68.04376410442916,3.6225822298554835,44.06405474666301,0.05262131631339406,0.04989771906010555,0.0,4477.305341916572
BT-v2,bt,0.0,-1,,-1,BT-v3,10026,0,0.0,0,0,1,gun_kill,60.11233469506155,93.75094929663021,94.0343057024628,7.69555672584625,78.18464609554249,0.04899333824292374,0.026862993061790255,0.0,3582.1334673786514
BT-v2,bt,0.0,-1,,-1,BT-v3,10026,1,0.5,0,1,0,timeout,81.60434214834966,47.32737037669168,50.54800579397926,3.3579883294883848,59.85645144483604,0.061261047521053304,0.06154472727946912,0.0,3085.8220798325424
BT-v2,bt,0.0,-1,,-1,BT-v3,10027,0,0.0,0,0,1,gun_kill,78.84667751183461,34.074390485717096,75.89431854483102,4.093713757177767,35.39508090076914,0.029216619443106693,0.06412197079043983,0.0,4104.830404783604
BT-v2,bt,0.0,-1,,-1,BT-v3,10027,1,0.5,0,1,0,timeout,84.79916974344923,43.318022559272876,53.0582026026037,5.230373693981211,55.712330883775095,0.01788345361446319,0.03365098814901592,0.0,5746.051869141274
BT-v2,bt,0.0,-1,,-1,BT-v3,10028,0,1.0,1,0,0,gun_kill,107.89848233746166,85.75630363073272,88.00030571457185,6.767171098613439,64.11917367520084,0.015312450657757853,0.06040633375846967,0.0,3948.7732088405164
BT-v2,bt,0.0,-1,,-1,BT-v3,10028,1,0.0,0,0,1,gun_kill,33.986785912275195,82.35865446726135,21.6389797170766,3.3894731581830113,99.19543497766422,0.057871474653397224,0.01656797996160366,0.0,5474.803993700172
BT-v2,bt,0.0,-1,,-1,BT-v3,10029,0,0.0,0,0,1,gun_kill,45.711264950675854,89.73505934431833,30.842356364435574,1.171610008198238,65.05284766157291,0.022468858497745815,0.05610026204789943,0.0,4374.524758349444
BT-v2,bt,0.0,-1,,-1,BT-v3,10029,1,0.0,0,0,1,gun_kill,93.34934771688955,55.061042795486905,78.67694293083215,4.242829546779499,96.1461107708223,0.03442074314742972,0.05410159844024899,0.0,3950.18033089557
BT-v2,bt,0.0,-1,,-1,BT-v3,10030,0,1.0,1,0,0,gun_kill,104.14167549543966,59.66586424499335,25.436194959399337,3.8803617942544424,116.80784926956562,0.02446358038844917,0.023940459515723628,0.0,3905.3897615543174
BT-v2,bt,0.0,-1,,-1,BT-v3,10030,1,0.0,0,0,1,gun_kill,84.86003981724888,37.32495910074386,63.3571008021091,7.586377394240866,57.01014007146277,0.0552025008777185,0.06850811301387547,0.0,5518.024794953495
BT-v2,bt,0.0,-1,,-1,BT-v3,10031,0,0.0,0,0,1,gun_kill,81.55567108518974,77.16261242832918,75.02790944294121,6.635666872416019,97.1029556577096,0.042483422032480775,0.0583877505448067,0.0,3139.071039782922
BT-v2,bt,0.0,-1,,-1,BT-v3,10031,1,0.5,0,1,0,timeout,52.02024457219062,20.299094379310944,24.55579249790518,6.930679612424217,45.11903260014716,0.061833503668297304,0.008806370530949174,0.0,3528.4226327594674
BT-v2,bt,0.0,-1,,-1,BT-v3,10032,0,1.0,1,0,0,gun_kill,44.66803300775997,85.15311169471371,41.46945739076284,3.216363139251545,117.77259808109278,0.04563618429584626,0.03202477402526253,0.0,4941.860537216803
BT-v2,bt,0.0,-1,,-1,BT-v3,10032,1,1.0,1,0,0,gun_kill,33.909751774198675,56.53304669996133,36.65646319641097,2.4700148594089564,42.9682362308598,0.05407880505396281,0.04132754709938009,0.0,3773.659171415773
BT-v2,bt,0.0,-1,,-1,BT-v3,10033,0,0.0,0,0,1,gun_kill,37.455840114407906,87.82553865582156,24.05379704926558,7.987127772653724,57.41724524260137,0.02061838391419591,0.04005742338424666,0.0,3942.581177615335
BT-v2,bt,0.0,-1,,-1,BT-v3,10033,1,0.0,0,0,1,gun_kill,117.84413351894041,55.92343025619307,18.294062836584523,0.8955324532986113,74.24730233934326,0.0331737250876972,0.04019933569508393,0.0,5259.383192014335
BT-v2,bt,0.0,-1,,-1,BT-v3,10034,0,0.0,0,0,1,gun_kill,92.05644993006564,42.64096741606706,32.79252489504431,1.1434754911749536,102.5112373864303,0.08080496104119136,0.03431572046764779,0.0,5259.648734839524
BT-v2,bt,0.0,-1,,-1,BT-v3,10034,1,1.0,1,0,0,gun_kill,62.1261010426062,64.01473110964079,31.00660920418744,6.09401956849774,33.38658089850204,0.05804550605716635,0.0,0.0,5402.262152111908
BT-v2,bt,0.0,-1,,-1,BT-v3,10035,0,0.0,0,0,1,gun_kill,45.606499477130626,99.93695311049842,89.1310851096984,5.413073998533136,80.86945206803269,0.055419706412315965,0.03356589175085636,0.0,3974.638756194803
BT-v2,bt,0.0,-1,,-1,BT-v3,10035,1,1.0,1,0,0,gun_kill,57.918791617793445,56.98319455548493,77.66635765377174,6.593284498009366,43.921425935324784,0.029502541266688387,0.053406891096495816,0.0,4820.989523169896
BT-v2,bt,0.0,-1,,-1,BT-v3,10036,0,0.0,0,0,1,gun_kill,70.1531427998969,73.91581719658072,53.639303664822116,7.961158104367456,117.70166671311361,0.03952061339843907,0.056788774400469796,0.0,4625.980944450572
BT-v2,bt,0.0,-1,,-1,BT-v3,10036,1,0.0,0,0,1,gun_kill,46.32396887488217,32.17924712462493,38.72984170842684,0.6907091978373598,90.32144507309906,0.030862155071219973,0.04508455705890229,0.0,3695.470830800744
BT-v2,bt,0.0,-1,,-1,BT-v3,10037,0,1.0,1,0,0,gun_kill,42.4152442485986,21.97965650982091,28.50357019248507,6.202501865421198,111.00189606314956,0.049684820558788034,0.048903633445478996,0.0,5544.508746810366
BT-v2,bt,0.0,-1,,-1,BT-v3,10037,1,1.0,1,0,0,gun_kill,86.2093270241019,5.1216937096179915,73.47743519574713,2.372823712089329,110.48775741130328,0.04941338043233634,0.04804384601275789,0.0,3046.208192035104
BT-v2,bt,0.0,-1,,-1,BT-v3,10038,0,1.0,1,0,0,gun_kill,103.46957058300559,70.65449556357493,1.3366800756319464,7.15173413211334,119.89609838326817,0.08124344474747086,0.061470699874853686,0.0,3313.4120876987618
BT-v2,bt,0.0,-1,,-1,BT-v3,10038,1,1.0,1,0,0,gun_kill,53.75132725876777,7.074109590326283,41.68149953127678,6.731947082577896,34.02069178720538,0.027266869060786365,0.05572534231749065,0.0,5427.7907059214385
BT-v2,bt,0.0,-1,,-1,BT-v3,10039,0,0.0,0,0,1,gun_kill,81.9203953346757,5.2391022272539445,69.47109926948494,0.8802424509222853,81.93600697568611,0.05735615591238062,0.0506050786010384,0.0,3531.024620497782
BT-v2,bt,0.0,-1,,-1,BT-v3,10039,1,1.0,1,0,0,gun_kill,40.39847210649006,33.19371107249756,87.7832719223544,4.817548715749685,56.503674886896036,0.047410069752206525,0.039445484319626405,0.0,3939.460857669376
BT-v2,bt,0.0,-1,,-1,BT-v3,10040,0,0.5,0,1,0,timeout,83.72342770733553,54.37935079556099,17.206455657113974,2.5439759946983314,44.04124850815985,0.05361703754162631,0.054652004389243315,0.0,5644.84852818792
BT-v2,bt,0.0,-1,,-1,BT-v3,10040,1,1.0,1,0,0,gun_kill,43.55204719946461,47.20283565639829,8.685169141223103,7.387856107068587,51.15237592346482,0.05412274327943688,0.07230203957135511,0.0,4332.63971696018
BT-v2,bt,0.0,-1,,-1,BT-v3,10041,0,1.0,1,0,0,gun_kill,95.62196268371962,97.27917148759718,55.04255241173145,6.135089898247357,66.05204570680975,0.06578522010304416,0.0468181712379851,0.0,5400.708496588133
BT-v2,bt,0.0,-1,,-1,BT-v3,10041,1,0.5,0,1,0,timeout,97.36387366373944,77.10021609063132,3.0417883862606465,6.3630435616854975,61.22661299174494,0.05382711436374011,0.058761346506743126,0.0,3709.160988784474
BT-v2,bt,0.0,-1,,-1,BT-v3,10042,0,0.5,0,1,0,timeout,87.04220706386104,94.6040106772012,4.437214889573937,5.087236494314948,45.086991117618226,0.021540806617940656,0.026429986269891997,0.0,5863.703212477832
BT-v2,bt,0.0,-1,,-1,BT-v3,10042,1,0.0,0,0,1,gun_kill,42.20509647410099,92.34438516061333,99.7722367653267,2.253170907586341,41.22382733360091,0.02498949345013743,0.051291122135178994,0.0,5196.458830013431
BT-v2,bt,0.0,-1,,-1,BT-v3,10043,0,0.0,0,0,1,gun_kill,119.99765281736278,70.97255573692127,44.632365011968744,1.816863340610496,83.61645014938888,0.06547832222445332,0.07067848766347,0.0,3885.4032652506994
BT-v2,bt,0.0,-1,,-1,BT-v3,10043,1,0.5,0,1,0,timeout,71.4100728558341,60.208674738327794,11.872344197642636,3.6257463672972436,55.007952730010274,0.05170806749293466,0.04792621376527514,0.0,5635.082584641144
BT-v2,bt,0.0,-1,,-1,BT-v3,10044,0,0.5,0,1,0,timeout,81.61672796557664,10.30259553141537,28.14509571504763,3.2387456443780316,92.11802906547246,0.05247697337968993,0.01791980250462892,0.0,5928.074006822781
BT-v2,bt,0.0,-1,,-1,BT-v3,10044,1,1.0,1,0,0,gun_kill,49.41872176101654,35.89595406749081,85.55185758232187,7.400673713768763,30.10699458188879,0.027276776384838695,0.05654487606974307,0.0,3214.7629240164224
BT-v2,bt,0.0,-1,,-1,BT-v3,10045,0,0.0,0,0,1,gun_kill,89.78516474404304,4.659731995459837,8.104256205830573,5.443184028687772,82.06908392160045,0.0562168477994322,0.025455596532098862,0.0,5896.789759486905
BT-v2,bt,0.0,-1,,-1,BT-v3,10045,1,1.0,1,0,0,gun_kill,53.719602165035425,39.317287957133274,70.11946478039766,6.865701291062827,112.80620768311961,0.05293039900402521,0.05403267014667154,0.0,5278.13970140347
BT-v2,bt,0.0,-1,,-1,BT-v3,10046,0,0.0,0,0,1,gun_kill,98.254416974103,9.949057579045828,69.62038734744935,0.915572665181215,84.34227974676853,0.06287824027499792,0.070631054038634,0.0,5442.771030073453
BT-v2,bt,0.0,-1,,-1,BT-v3,10046,1,0.0,0,0,1,gun_kill,60.707298310389305,37.399589922129564,63.57420493227816,2.1189401211649956,47.22185128236018,0.04715770044607157,0.05856394236240895,0.0,3573.557616603057
BT-v2,bt,0.0,-1,,-1,BT-v3,10047,0,1.0,1,0,0,gun_kill,97.64375400921807,68.4373296188581,95.54950664049178,7.112413146786954,75.48799257881188,0.04875811094704892,0.03241671967141245,0.0,5793.181923537787
BT-v2,bt,0.0,-1,,-1,BT-v3,10047,1,0.0,0,0,1,gun_kill,32.51585407539997,70.0032600941215,37.02555232858802,2.653351241081423,47.86810581506773,0.037472340043066224,0.05120700664719458,0.0,3458.732872131307
BT-v2,bt,0.0,-1,,-1,BT-v3,10048,0,0.5,0,1,0,timeout,51.03749782637783,65.89021578731243,53.71091005466164,7.175071796424994,64.2346753178021,0.04003031073516541,0.022017627374507687,0.0,4959.598873183505
BT-v2,bt,0.0,-1,,-1,BT-v3,10048,1,0.5,0,1,0,timeout,71.01407010437381,12.134342020267553,48.58916356822377,3.4531926306793572,43.75797910943053,0.0542185540795207,0.054133858739317677,0.0,5753.515377049936
BT-v2,bt,0.0,-1,,-1,BT-v3,10049,0,0.0,0,0,1,gun_kill,106.18783631191253,48.07278193476387,4.92037887161062,5.026406080076626,31.764869739679543,0.05233714602768496,0.04535802508552361,0.0,3545.5139420532414
BT-v2,bt,0.0,-1,,-1,BT-v3,10049,1,0.0,0,0,1,gun_kill,115.16455398984854,22.8247360689269,93.05286675828116,6.856873953045778,65.18083460992482,0.06172498837344852,0.045678197983507654,0.0,3859.6908208592376
BT-v2,bt,0.0,-1,,-1,BT-v3,10050,0,0.0,0,0,1,gun_kill,76.84002031610513,80.11932200376802,69.1637072963822,4.019451837024334,45.09322094231932,0.04243495486118151,0.03241026099225385,0.0,3170.810249936995
BT-v2,bt,0.0,-1,,-1,BT-v3,10050,1,1.0,1,0,0,gun_kill,109.82601129866438,27.36882723336035,59.68143283330717,4.130813808722032,61.23139024539902,0.043656570012465715,0.06253288309312506,0.0,4506.513664894759
BT-v2,bt,0.0,-1,,-1,BT-v3,10051,0,1.0,1,0,0,gun_kill,38.813604765279415,73.51709561246692,52.3346357822216,2.2443557947272623,53.06887118728639,0.059883453043664665,0.02725706096035456,0.0,4750.815175628739
BT-v2,bt,0.0,-1,,-1,BT-v3,10051,1,0.5,0,1,0,timeout,97.46018288371542,64.29567898979192,96.38733652031449,7.792877290893973,75.67192494388028,0.055819466032454225,0.0653300967606515,0.0,5059.953390173483
BT-v2,bt,0.0,-1,,-1,BT-v3,10052,0,0.0,0,0,1,gun_kill,37.81629362125629,4.337940609558166,14.753973533138875,4.004807555846353,52.88343335728459,0.05315344910093166,0.06288570453262153,0.0,5014.0423244681515
BT-v2,bt,0.0,-1,,-1,BT-v3,10052,1,0.5,0,1,0,timeout,96.11778127950286,75.08669125123478,83.26138801340963,5.939523963686297,61.849834584862066,0.037018901154921215,0.03734309369161258,0.0,5376.578152054966
BT-v2,bt,0.0,-1,,-1,BT-v3,10053,0,1.0,1,0,0,gun_kill,100.3846954881465,90.65697411436902,5.384845919246795,6.841941126212416,71.66475501182555,0.073824364431584,0.03608610908694377,0.0,3153.98388817926
BT-v2,bt,0.0,-1,,-1,BT-v3,10053,1,0.5,0,1,0,timeout,51.23331995989423,64.14210262504719,27.689654792244113,5.29787879313776,41.928588306805295,0.038712447420270524,0.07326081706629282,0.0,5935.541580059484
BT-v2,bt,0.0,-1,,-1,BT-v3,10054,0,1.0,1,0,0,gun_kill,79.69848799538418,3.6964411557877774,0.018086503625414085,5.539309636795407,97.910126167072,0.03603604570214337,0.04636144485496272,0.0,5385.711696811482
BT-v2,bt,0.0,-1,,-1,BT-v3,10054,1,1.0,1,0,0,gun_kill,93.12368766821014,58.21337595048918,71.2675791331196,3.2623948308160067,32.34754798140662,0.04655244918223768,0.022706255310248252,0.0,3400.253247997651
BT-v2,bt,0.0,-1,,-1,BT-v3,10055,0,0.0,0,0,1,gun_kill,62.69242143656173,8.593441031170046,16.07953025066311,7.460912897929899,54.70185696696875,0.004693938888129828,0.05060947474676757,0.0,5721.907011385454
BT-v2,bt,0.0,-1,,-1,BT-v3,10055,1,0.0,0,0,1,gun_kill,98.63806361571125,67.31214655698896,29.605577593772136,0.5079024081386603,48.07812081299116,0.06672956170082786,0.08097298924609314,0.0,4866.925332842705
BT-v2,bt,0.0,-1,,-1,BT-v3,10056,0,1.0,1,0,0,gun_kill,91.30307433036926,35.06655633348732,14.575828415538894,6.314678969677312,101.44198587217892,0.03811561898227985,0.03766351803668868,0.0,3494.3993380809147
BT-v2,bt,0.0,-1,,-1,BT-v3,10056,1,1.0,1,0,0,gun_kill,109.79658608937066,43.080896140996515,12.074582054713412,3.38292350231011,109.33643341628313,0.052536689776224575,0.02667025149665871,0.0,5554.80980971982
BT-v2,bt,0.0,-1,,-1,BT-v3,10057,0,0.5,0,1,0,timeout,72.35154643983003,92.56304394940058,75.66663023204715,5.042955489528951,37.18556044836589,0.04465975404628536,0.04891121836571037,0.0,5483.547473366617
BT-v2,bt,0.0,-1,,-1,BT-v3,10057,1,1.0,1,0,0,gun_kill,69.9964382355673,83.42746230503155,40.552864957968325,0.8218248407954016,67.90589638936366,0.054922674257798745,0.06258104759950002,0.0,3877.7076149446643
BT-v2,bt,0.0,-1,,-1,BT-v3,10058,0,0.5,0,1,0,timeout,45.59902754235982,10.10741845469112,99.94938346343677,5.677052234749114,105.8519277164211,0.016133001214909952,0.05245079963139009,0.0,3479.193403623043
BT-v2,bt,0.0,-1,,-1,BT-v3,10058,1,1.0,1,0,0,gun_kill,103.95022128790016,47.706766770661616,55.58187205637968,0.17425966506969992,82.92849500029001,0.02859118895941768,0.0,0.0,5583.03321767689
BT-v2,bt,0.0,-1,,-1,BT-v3,10059,0,0.0,0,0,1,gun_kill,63.02961629531106,10.478954077546742,57.00532931817454,2.622669838015014,58.55702910630364,0.038936745526062924,0.030717344687609716,0.0,5052.626484961422
BT-v2,bt,0.0,-1,,-1,BT-v3,10059,1,1.0,1,0,0,gun_kill,112.07689866016553,18.475938160294824,53.84142373927645,3.14744204250582,97.25321114611046,0.07529096808327104,0.042642633113011585,0.0,5554.020309459727
BT-v2,bt,0.0,-1,,-1,BT-v3,10060,0,0.0,0,0,1,gun_kill,104.41779671838324,65.09000994956438,4.673747321161814,1.266887346347839,71.28161368855386,0.05967602532328529,0.06293299990006318,0.0,3056.293617856668
BT-v2,bt,0.0,-1,,-1,BT-v3,10060,1,0.5,0,1,0,timeout,35.58754450451494,81.62726047899011,43.413125217678974,1.343451695964876,113.36844874607915,0.04111011963969294,0.05718039407349065,0.0,4935.534141618045
BT-v2,bt,0.0,-1,,-1,BT-v3,10061,0,0.5,0,1,0,timeout,91.8883688755702,56.785292136303276,45.657705790570155,2.059151405953731,59.84771877134304,0.039235757031679586,0.07094687884379527,0.0,5935.558461946737
BT-v2,bt,0.0,-1,,-1,BT-v3,10061,1,0.0,0,0,1,gun_kill,95.92160719295241,68.97656736922838,80.27981660948498,6.821383300609694,78.81008086757171,0.04511143753720331,0.04831281351130657,0.0,3918.9227116272386
BT-v2,bt,0.0,-1,,-1,BT-v3,10062,0,0.0,0,0,1,gun_kill,59.622529563973906,38.15522299312717,74.66117473252775,5.924892420457808,30.39164310855769,0.06496342341857586,0.034966498174208306,0.0,4504.503122819284
BT-v2,bt,0.0,-1,,-1,BT-v3,10062,1,0.5,0,1,0,timeout,118.1660955431131,22.003741440412018,45.25040420081883,6.109792070283751,35.48834245742841,0.06052121327261748,0.04532156836154088,0.0,5427.488923360215
BT-v2,bt,0.0,-1,,-1,BT-v3,10063,0,1.0,1,0,0,gun_kill,118.70867052357985,63.577840111192394,64.39629338438726,3.093258019296087,61.36208210403611,0.07855487910586689,0.03637981721814332,0.0,4368.267445890535
BT-v2,bt,0.0,-1,,-1,BT-v3,10063,1,1.0,1,0,0,gun_kill,33.61174949458055,8.410980364856368,90.03125534336856,3.1646805404497886,56.08065749051313,0.025643381364076064,0.05117147381592099,0.0,4300.790762189422
BT-v2,bt,0.0,-1,,-1,BT-v3,10064,0,0.5,0,1,0,timeout,54.252383062761254,54.364242776430174,92.23895600879234,5.858651878831766,67.40677450430857,0.03156097393940527,0.03761683212927475,0.0,3273.948810497348
BT-v2,bt,0.0,-1,,-1,BT-v3,10064,1,0.5,0,1,0,timeout,113.36418587678062,67.28904862470667,7.438920721571418,2.7160464585507755,51.39475557031705,0.06128203073622695,0.04521223978112656,0.0,5478.860409074761
BT-v2,bt,0.0,-1,,-1,BT-v3,10065,0,0.0,0,0,1,gun_kill,68.38045967787252,22.85930531870719,79.01383288910915,1.4663995009357116,32.80567782482743,0.036436217121465886,0.043323387797900896,0.0,4897.639824109923
BT-v2,bt,0.0,-1,,-1,BT-v3,10065,1,0.0,0,0,1,gun_kill,73.28287224308542,11.120526557226984,73.80048483141954,5.972647833324337,46.28302380765062,0.04973973515825876,0.03900726109578383,0.0,5822.743327350244
BT-v2,bt,0.0,-1,,-1,BT-v3,10066,0,0.5,0,1,0,timeout,88.68925555239181,15.802138830529433,80.45150055984355,1.4543017090363781,62.716144598663234,0.07177915888400922,0.05033845358923771,0.0,3288.2965015408827
BT-v2,bt,0.0,-1,,-1,BT-v3,10066,1,1.0,1,0,0,gun_kill,88.43149129747559,30.880584694231494,45.372888456612955,0.5803108880354797,118.65383821399791,0.051042777258278216,0.03555376411745477,0.0,4049.593204192375
BT-v2,bt,0.0,-1,,-1,BT-v3,10067,0,0.0,0,0,1,gun_kill,69.64589368015757,67.26433509727956,7.348632576894176,2.382167460939443,64.83512621102066,0.08877737751306172,0.05284927541165628,0.0,4059.960193728871
BT-v2,bt,0.0,-1,,-1,BT-v3,10067,1,0.0,0,0,1,gun_kill,64.565359522453,43.05331310717235,71.88218741257432,4.771951661084848,68.0676462256894,0.06144206776248197,0.07913697882708835,0.0,3172.5735588024545
BT-v2,bt,0.0,-1,,-1,BT-v3,10068,0,0.0,0,0,1,gun_kill,61.854613628749036,87.41306917294807,32.94235723501519,2.054869386874171,94.01433683373197,0.05828983010467818,0.061307763401067465,0.0,3535.7986996856253
BT-v2,bt,0.0,-1,,-1,BT-v3,10068,1,0.0,0,0,1,gun_kill,62.83287881832667,50.85449280123681,61.426231960349156,5.014294926291515,64.92238252761732,0.08483667556775398,0.057984706562231106,0.0,3175.7884673183235
BT-v2,bt,0.0,-1,,-1,BT-v3,10069,0,1.0,1,0,0,gun_kill,70.12918669634044,42.53461002237141,39.72742515308624,1.7118058309772657,116.85157473211159,0.01562628186983059,0.06157122441720215,0.0,5773.945736990986
BT-v2,bt,0.0,-1,,-1,BT-v3,10069,1,0.0,0,0,1,gun_kill,37.72010259678136,0.8692261016111535,1.0430819075266995,2.376698098815897,50.58718368101047,0.009108049782984566,0.054086870987036656,0.0,5566.566473768854
BT-v2,bt,0.0,-1,,-1,BT-v3,10070,0,1.0,1,0,0,gun_kill,115.42492910710926,74.94968105607045,23.020886475156498,0.7228069514950564,49.46560800519925,0.0546308544094524,0.047484732911161995,0.0,3216.7612443176763
BT-v2,bt,0.0,-1,,-1,BT-v3,10070,1,0.0,0,0,1,gun_kill,83.54078992175292,25.070149371350436,7.6003929331235565,4.891736365731046,76.32230817756442,0.08722807349336978,0.030877370210622992,0.0,4736.405448626072
BT-v2,bt,0.0,-1,,-1,BT-v3,10071,0,1.0,1,0,0,gun_kill,84.30003447086514,74.57990539588609,9.987385989350006,0.7640276749691921,47.555187191330056,0.0434806467035801,0.04706653796797483,0.0,5644.270914450139
BT-v2,bt,0.0,-1,,-1,BT-v3,10071,1,0.0,0,0,1,gun_kill,43.458128474911504,33.45336555272106,64.22303381400604,6.854038991547723,43.78560678048553,0.032186382946112264,0.019015640357608426,0.0,5484.245287780215
BT-v2,bt,0.0,-1,,-1,BT-v3,10072,0,0.0,0,0,1,gun_kill,68.30982830797295,92.77805200967731,53.200127445554045,0.7387611381709567,64.46424269485092,0.03235795693046238,0.04516892339383098,0.0,4209.332752278774
BT-v2,bt,0.0,-1,,-1,BT-v3,10072,1,0.0,0,0,1,gun_kill,34.08267224302014,86.40785203674045,49.859286918208454,7.071800961882673,30.125228307851284,0.07263852238266136,0.04255922912031719,0.0,4546.4494123187005
BT-v2,bt,0.0,-1,,-1,BT-v3,10073,0,1.0,1,0,0,gun_kill,77.21203270547957,13.556506772467248,93.22684461911813,4.01334145853744,73.85166670291107,0.032299540701412346,0.06710231251095945,0.0,5492.801401383973
BT-v2,bt,0.0,-1,,-1,BT-v3,10073,1,1.0,1,0,0,gun_kill,71.03689645482203,41.381079367765864,8.704264828235175,0.8710259808886578,70.76812574674261,0.02403553300657891,0.05112989810132868,0.0,4128.298251388988
BT-v2,bt,0.0,-1,,-1,BT-v3,10074,0,1.0,1,0,0,gun_kill,35.51214471299502,66.78256774478925,95.46721890283678,3.325187483678734,63.33156630516535,0.06020476804479993,0.05691674166908342,0.0,4278.191103298315
BT-v2,bt,0.0,-1,,-1,BT-v3,10074,1,0.0,0,0,1,gun_kill,77.49616269197406,2.008350057061481,7.750634231778708,7.795283232228254,56.47255797432075,0.06309005765546642,0.04364295342620004,0.0,4517.058908451303
BT-v2,bt,0.0,-1,,-1,BT-v3,10075,0,0.5,0,1,0,timeout,86.50078676196597,24.138293476307194,37.555104213464205,4.24863915640853,63.78467382148886,0.05082707459011776,0.04607638792848074,0.0,3990.3694250791214
BT-v2,bt,0.0,-1,,-1,BT-v3,10075,1,1.0,1,0,0,gun_kill,58.68689877596113,57.43335463490443,80.86901859383237,0.7988559496821699,53.92443686835602,0.0522803515331969,0.06426526752179582,0.0,5103.049205196126
BT-v2,bt,0.0,-1,,-1,BT-v3,10076,0,0.5,0,1,0,timeout,113.12504037178904,84.94431238765532,30.7060891287531,6.324825409770504,76.82866399126976,0.0377123259330466,0.049547792037513166,0.0,3059.359993815568
BT-v2,bt,0.0,-1,,-1,BT-v3,10076,1,1.0,1,0,0,gun_kill,73.0152932430623,5.191649870070181,34.763499089382435,4.814559840297305,73.73512684496973,0.0474741346987251,0.04829120334134834,0.0,3194.8038936488456
BT-v2,bt,0.0,-1,,-1,BT-v3,10077,0,1.0,1,0,0,gun_kill,60.02741761347742,6.697778747372141,20.529630408221056,6.460430276607516,66.65964635648766,0.045297972854803505,0.05984156544326584,0.0,3853.7908906196553
BT-v2,bt,0.0,-1,,-1,BT-v3,10077,1,1.0,1,0,0,gun_kill,51.376526108653664,54.16956387500855,17.421450811999538,1.1104703677567542,70.1811011814983,0.04110617268893809,0.02742253108186861,0.0,5870.186694538737
BT-v2,bt,0.0,-1,,-1,BT-v3,10078,0,1.0,1,0,0,gun_kill,36.03398121544208,42.873392199526336,87.55082008768478,4.064421111143363,34.740160967958,0.07138136998214889,0.036632396222117,0.0,3524.61927960485
BT-v2,bt,0.0,-1,,-1,BT-v3,10078,1,1.0,1,0,0,gun_kill,65.10044944137829,55.688517261760396,79.3949066974861,3.52072098670594,70.58073850386981,0.07308031131714329,0.037934943932818085,0.0,5420.363240261553
BT-v2,bt,0.0,-1,,-1,BT-v3,10079,0,0.5,0,1,0,timeout,34.28888217263818,57.27977135208805,11.05914158441459,0.13061733814322274,92.98849053057089,0.04260584122389521,0.04944177627321306,0.0,3076.8026027314754
BT-v2,bt,0.0,-1,,-1,BT-v3,10079,1,0.5,0,1,0,timeout,97.71311899638097,66.90448453873726,99.64262381674395,2.90406934817244,52.54654164497293,0.03019814023075763,0.05164090721613313,0.0,5269.541421231854
BT-v2,bt,0.0,-1,,-1,BT-v3,10080,0,1.0,1,0,0,gun_kill,51.69512838632818,37.58047353798205,97.7476999702884,5.964710285571813,119.90831531940621,0.04732330067945544,0.05427724551682941,0.0,5122.929467265585
BT-v2,bt,0.0,-1,,-1,BT-v3,10080,1,1.0,1,0,0,gun_kill,92.87897570052897,0.6490037601058041,21.720707993501478,1.9565505722713894,62.264327960870425,0.08478508040739918,0.07924818323539554,0.0,5866.350848934166
BT-v2,bt,0.0,-1,,-1,BT-v3,10081,0,0.5,0,1,0,timeout,31.172428180694435,95.60585781953975,98.75178117893316,1.0642602162125678,74.9052532620091,0.027763120650242053,0.06696590731488423,0.0,4906.727524000178
BT-v2,bt,0.0,-1,,-1,BT-v3,10081,1,0.0,0,0,1,gun_kill,93.81799548134381,49.05857066112823,52.33563489051626,3.2670218112335023,50.65826869638077,0.04840379680793486,0.06199930313712717,0.0,3743.673036440437
BT-v2,bt,0.0,-1,,-1,BT-v3,10082,0,1.0,1,0,0,gun_kill,118.90604125660295,22.884992782041568,39.775053670185216,4.434204780856669,101.54671656477653,0.06040923529679228,0.07292482241956243,0.0,4246.460852963755
BT-v2,bt,0.0,-1,,-1,BT-v3,10082,1,1.0,1,0,0,gun_kill,102.23657172480758,24.091003023704804,81.27657418296063,5.546275396268649,71.54452959505505,0.034571971759961094,0.045673656878662997,0.0,4119.316378771393
BT-v2,bt,0.0,-1,,-1,BT-v3,10083,0,1.0,1,0,0,gun_kill,84.60660681004762,31.450362379259044,30.742702128690592,4.642724775724455,43.60837010859983,0.07576919601959581,0.04711410578281874,0.0,4644.59286671174
BT-v2,bt,0.0,-1,,-1,BT-v3,10083,1,1.0,1,0,0,gun_kill,110.35904003023818,55.91703243052598,10.472537940966332,7.896100954830461,54.44599713189142,0.06908727598177564,0.031575629743779116,0.0,4718.015418085012
BT-v2,bt,0.0,-1,,-1,BT-v3,10084,0,0.0,0,0,1,gun_kill,35.133422878908604,78.13734840402773,88.92228094202274,7.022820404347341,61.42651065958868,0.03723862865121309,0.06884492399918005,0.0,5001.616195092633
BT-v2,bt,0.0,-1,,-1,BT-v3,10084,1,0.5,0,1,0,timeout,43.362730736480245,31.292021301775197,9.406792343047854,3.351849325902844,97.48346299795415,0.025643076834494443,0.05827257496409249,0.0,3633.314777151615
BT-v2,bt,0.0,-1,,-1,BT-v3,10085,0,0.0,0,0,1,gun_kill,83.86917382977741,99.68419018245707,75.92341372289408,1.291847390764568,75.19499996140891,0.040175592075911246,0.05404203028792546,0.0,5208.419747737444
BT-v2,bt,0.0,-1,,-1,BT-v3,10085,1,0.0,0,0,1,gun_kill,58.9605751510607,10.045575927784112,30.185395047230166,0.1443422626206976,54.03054989250525,0.04744971403941671,0.04618559570856313,0.0,5321.3144149609925
BT-v2,bt,0.0,-1,,-1,BT-v3,10086,0,0.5,0,1,0,timeout,110.45200351679206,95.78619158706992,53.43528259324777,2.7786730076690187,106.420355058903,0.06783108789425545,0.059326164126519386,0.0,4307.961746066761
BT-v2,bt,0.0,-1,,-1,BT-v3,10086,1,0.0,0,0,1,gun_kill,96.00197668140595,0.8816603867667694,38.4293954550938,3.704429095327211,45.62962607928264,0.053833377155603074,0.06546009443100559,0.0,3551.1889310342303
BT-v2,bt,0.0,-1,,-1,BT-v3,10087,0,0.5,0,1,0,timeout,57.46113482665571,1.9889018982434115,86.52631460599447,4.272968111855575,67.09612592498875,0.051858476498547454,0.06084038918111734,0.0,5352.4378013118785
BT-v2,bt,0.0,-1,,-1,BT-v3,10087,1,0.5,0,1,0,timeout,47.602838806258234,18.883159489228195,87.8193230116865,4.626194766429247,42.2373885683393,0.016705686240459025,0.06038769542288282,0.0,3483.168078380635
BT-v2,bt,0.0,-1,,-1,BT-v3,10088,0,0.5,0,1,0,timeout,88.51397829791932,4.293818867467635,96.47319064579808,7.9246597240446395,92.02407234792005,0.05358344130684304,0.06810774501933,0.0,5897.26342586548
BT-v2,bt,0.0,-1,,-1,BT-v3,10088,1,0.0,0,0,1,gun_kill,69.85869127545112,58.25543556442844,97.0675358896512,7.976138556092682,108.37211511386472,0.04098444290011229,0.04409513298234494,0.0,4563.928032853279
BT-v2,bt,0.0,-1,,-1,BT-v3,10089,0,0.5,0,1,0,timeout,107.04559568281526,57.98321603121682,35.337700984360254,4.4654903077105175,76.7278145013399,0.03977495559732866,0.06713865540314452,0.0,3609.953119409459
BT-v2,bt,0.0,-1,,-1,BT-v3,10089,1,0.0,0,0,1,gun_kill,88.37531900379437,3.745121668029461,10.777316896176458,7.162795571146495,89.88634811072527,0.04399841166743584,0.0475796980355233,0.0,3655.4003089080566
BT-v2,bt,0.0,-1,,-1,BT-v3,10090,0,0.0,0,0,1,gun_kill,43.437851061548066,68.40324544750553,67.93107062721818,0.5264908577745686,100.07115844918206,0.04488374647323591,0.07675714883524876,0.0,4321.338477366717
BT-v2,bt,0.0,-1,,-1,BT-v3,10090,1,0.5,0,1,0,timeout,43.94259607935386,81.35910392617455,8.48921080200251,5.006311943697212,77.35483941061136,0.055528264520212235,0.09112614743170336,0.0,5695.478942276747
BT-v2,bt,0.0,-1,,-1,BT-v3,10091,0,0.0,0,0,1,gun_kill,46.84228781023148,95.72305329981718,36.662176298809825,7.794634198326079,41.63823954437866,0.03555416503229245,0.04259145485390977,0.0,5103.536403198952
BT-v2,bt,0.0,-1,,-1,BT-v3,10091,1,0.5,0,1,0,timeout,53.62085088661547,93.34676386156244,38.157102370010385,5.520187744495057,31.966526608849996,0.06783814713937283,0.05181818281583363,0.0,4283.795896424829
BT-v2,bt,0.0,-1,,-1,BT-v3,10092,0,0.5,0,1,0,timeout,53.66904591202383,10.087336524604806,60.181571640977275,3.623682930635389,45.42842847400924,0.044754678700921084,0.06302609907773879,0.0,4366.21818138205
BT-v2,bt,0.0,-1,,-1,BT-v3,10092,1,1.0,1,0,0,gun_kill,46.581903304556306,25.856451937327098,86.29258913058747,1.600881661423096,76.6288308162797,0.03868804633596832,0.04942972664240319,0.0,5255.450754496664
BT-v2,bt,0.0,-1,,-1,BT-v3,10093,0,0.5,0,1,0,timeout,60.968633099417644,95.37438577344119,1.8656279731528058,7.8824429836055385,78.61583200920924,0.013054502117584618,0.05750616164264517,0.0,5586.232203958444
BT-v2,bt,0.0,-1,,-1,BT-v3,10093,1,0.0,0,0,1,gun_kill,58.431659938762074,73.00216136627596,86.7708609196975,4.554590835198371,80.07285951656127,0.0562630228373717,0.05333643650918442,0.0,3600.7838811561223
BT-v2,bt,0.0,-1,,-1,BT-v3,10094,0,0.5,0,1,0,timeout,101.77986100951142,76.61885427294618,54.834393476630595,0.14024274080773225,76.59228015889127,0.019816891120505834,0.029124999549500305,0.0,3034.620702088878
BT-v2,bt,0.0,-1,,-1,BT-v3,10094,1,0.0,0,0,1,gun_kill,85.53642264400064,48.18527628112379,84.87440081722627,7.922306488613831,47.785358349555636,0.025150094419575213,0.036960259516016954,0.0,5544.659099297988
BT-v2,bt,0.0,-1,,-1,BT-v3,10095,0,0.5,0,1,0,timeout,52.76414547089436,20.924347713145252,80.55908857706315,5.61541271282817,62.84956533615272,0.0562745953282983,0.02552705561473141,0.0,5351.596822380182
BT-v2,bt,0.0,-1,,-1,BT-v3,10095,1,0.0,0,0,1,gun_kill,110.96033514653956,47.556258764807616,2.5737933642425603,2.0813056149914306,41.65071016633314,0.042911463864815494,0.06823898028461822,0.0,5715.213561546865
BT-v2,bt,0.0,-1,,-1,BT-v3,10096,0,1.0,1,0,0,gun_kill,70.91061396574307,87.05079612651932,89.61475957991671,4.444564640651996,94.86173935494261,0.06533686230177008,0.06723632069877733,0.0,4093.701700590659
BT-v2,bt,0.0,-1,,-1,BT-v3,10096,1,1.0,1,0,0,gun_kill,89.74504268752514,21.22751837447335,48.344814954559155,1.5286733977625158,33.04560229831521,0.039374037408743345,0.03734744301344693,0.0,4258.332881656945
BT-v2,bt,0.0,-1,,-1,BT-v3,10097,0,1.0,1,0,0,gun_kill,94.14420005754913,87.45348938639378,57.25721422036465,5.433986144043559,72.8582975617378,0.032937901640590975,0.04692366373989831,0.0,5156.636330741632
BT-v2,bt,0.0,-1,,-1,BT-v3,10097,1,1.0,1,0,0,gun_kill,52.601145750550245,73.79136935606346,65.73870169267862,0.5329662492261962,67.3615825719302,0.05315400770011536,0.07502761856359808,0.0,5390.712338756677
BT-v2,bt,0.0,-1,,-1,BT-v3,10098,0,0.5,0,1,0,timeout,41.70806811852705,55.72310184302328,19.676439445635108,2.3415834189490594,86.19119965517508,0.054252781096408915,0.07447588448885702,0.0,4626.056984602323
BT-v2,bt,0.0,-1,,-1,BT-v3,10098,1,0.5,0,1,0,timeout,83.24159738172557,8.281332456500156,99.8004239465925,7.867249497659441,66.62801592087382,0.07504402854886516,0.046102137174022575,0.0,4618.408831777028
BT-v2,bt,0.0,-1,,-1,BT-v3,10099,0,1.0,1,0,0,gun_kill,31.82680689351248,25.757569032940342,63.80208374206624,3.152474436387224,70.49236603062883,0.06625333877465761,0.0706513444127875,0.0,3763.090518541937
BT-v2,bt,0.0,-1,,-1,BT-v3,10099,1,0.0,0,0,1,gun_kill,90.8598859417176,16.90816506810513,80.30414391908371,1.988167314280326,95.31897465441584,0.033827122956143714,0.06244379901116761,0.0,3042.7606713294617
BT-v3,bt,0.0,-1,,-1,BT-v2,10000,0,0.0,0,0,1,gun_kill,65.77540713292086,22.544826000872863,82.07109019489478,1.9033260034906299,117.3595652103161,0.00019410873256467376,0.00010543003160966631,0.0,3690.176413401035
BT-v3,bt,0.0,-1,,-1,BT-v2,10000,1,0.5,0,1,0,timeout,117.93023499080815,10.026912292476586,54.3093863813918,0.528222521358245,56.6635730531332,0.0,5.426597986693379e-06,0.0,5329.455701201876
BT-v3,bt,0.0,-1,,-1,BT-v2,10001,0,1.0,1,0,0,gun_kill,115.28281037851545,14.57815743685076,7.350322353008776,7.372229436890468,77.51529831673395,0.0,0.0,0.0,3090.7503289038414
BT-v3,bt,0.0,-1,,-1,BT-v2,10001,1,0.5,0,1,0,timeout,87.05016269255239,23.282323252326353,59.18306077253044,4.136394646047081,106.85817035554209,0.0,0.0,0.0,3102.170691064719
BT-v3,bt,0.0,-1,,-1,BT-v2,10002,0,0.0,0,0,1,gun_kill,99.3000367417866,78.22951827642207,21.769448197819607,1.1075630176517794,34.55431618707289,0.0,0.0001746346253566144,0.0,3293.9734144055606
BT-v3,bt,0.0,-1,,-1,BT-v2,10002,1,0.0,0,0,1,gun_kill,47.617514396022315,96.53052309813293,21.341218582510002,0.9051907185425847,93.92351506154874,0.00015076457062046593,0.0,0.0,4261.385658092449
BT-v3,bt,0.0,-1,,-1,BT-v2,10003,0,1.0,1,0,0,gun_kill,67.08056322718132,6.3813182754224425,13.049754257773216,5.03075221023344,42.96292289959672,0.0,2.6916129044911216e-05,0.0,4402.498065146752
BT-v3,bt,0.0,-1,,-1,BT-v2,10003,1,0.5,0,1,0,timeout,100.04327607828172,12.25069991969152,21.211984575825515,4.469447764873901,95.48503179661749,2.030213296097404e-05,7.961120014288928e-06,0.0,4900.680526804259
BT-v3,bt,0.0,-1,,-1,BT-v2,10004,0,1.0,1,0,0,gun_kill,70.6763092177713,64.67704344503747,7.580628576313764,6.903334528021695,107.48951444347693,0.0001641745860460391,5.007759419035079e-05,0.0,3546.4848893972235
BT-v3,bt,0.0,-1,,-1,BT-v2,10004,1,1.0,1,0,0,gun_kill,42.614819475909975,4.253808375852719,96.71703972128918,3.4281166341550975,50.45937595538204,0.0,0.0,0.0,4987.8377966622675
BT-v3,bt,0.0,-1,,-1,BT-v2,10005,0,0.0,0,0,1,gun_kill,88.02574927272329,1.7063672145816833,37.245443855453594,0.1903962122802607,36.367016763324926,0.0,0.0,0.0,5784.323492995098
BT-v3,bt,0.0,-1,,-1,BT-v2,10005,1,1.0,1,0,0,gun_kill,76.74727405917751,33.2542485983637,24.407445438928065,4.813456498782687,73.17801319618857,0.0,0.0,0.0,4035.672871134091
BT-v3,bt,0.0,-1,,-1,BT-v2,10006,0,1.0,1,0,0,gun_kill,93.49382720602702,51.950385094986196,89.76554003999009,6.226047726404915,87.38273033651325,0.0,0.0001046807111337718,0.0,3171.9927881762837
BT-v3,bt,0.0,-1,,-1,BT-v2,10006,1,1.0,1,0,0,gun_kill,76.70456403582631,81.81266664405187,95.57491441531208,7.724037420119003,64.31665649368071,0.0,2.6545300220958026e-05,0.0,3374.498801677273
BT-v3,bt,0.0,-1,,-1,BT-v2,10007,0,0.0,0,0,1,gun_kill,100.78353382427734,0.7080174034021502,69.2615537253013,3.9805551081429984,74.07164051349115,0.00010579771910979178,0.0,0.0,5361.356435544075
BT-v3,bt,0.0,-1,,-1,BT-v2,10007,1,0.5,0,1,0,timeout,77.74963890769888,89.2775252752858,80.01174392971937,7.196623134267674,70.05812916974747,0.0,0.0,0.0,3297.840739230196
BT-v3,bt,0.0,-1,,-1,BT-v2,10008,0,1.0,1,0,0,gun_kill,115.71374421089486,86.1107914252159,62.28747338779399,3.5642333497351686,111.91218267335714,0.0,0.0,0.0,3494.5938557172058
BT-v3,bt,0.0,-1,,-1,BT-v2,10008,1,0.5,0,1,0,timeout,43.64134213776018,67.70272790516319,32.04482527902791,2.2714031275249615,46.720528570631444,0.0,6.324976449342305e-05,0.0,3105.188911428172
BT-v3,bt,0.0,-1,,-1,BT-v2,10009,0,0.0,0,0,1,gun_kill,118.15316191976878,81.55062755437704,71.17166231075362,4.24169282704795,94.71651820572718,3.237779533814772e-05,0.00012526302280099517,0.0,3301.2123762780634
BT-v3,bt,0.0,-1,,-1,BT-v2,10009,1,0.5,0,1,0,timeout,59.521862902324784,24.28800726562893,68.8690637757511,2.8424181700438904,58.05273655458844,2.5327433344342828e-05,9.211779526866245e-05,0.0,3398.786781996863
BT-v3,bt,0.0,-1,,-1,BT-v2,10010,0,1.0,1,0,0,gun_kill,105.98934819775789,12.426137628926416,21.082585292353517,5.587508890152258,83.9370231870314,0.0,0.0,0.0,4749.45515469154
BT-v3,bt,0.0,-1,,-1,BT-v2,10010,1,0.5,0,1,0,timeout,74.94745517050512,42.58926260220947,70.07123427414341,0.5790435110357723,69.24327344357735,2.6397588864770535e-05,0.00015922706490312173,0.0,5937.790440071866
BT-v3,bt,0.0,-1,,-1,BT-v2,10011,0,0.0,0,0,1,gun_kill,48.02885421230733,65.38447037629102,46.3247936327813,0.8515646988912868,49.82540833066979,0.000166005900138931,1.2147195403788908e-05,0.0,5846.173395284148
BT-v3,bt,0.0,-1,,-1,BT-v2,10011,1,0.0,0,0,1,gun_kill,82.09523609320436,34.9134571073878,4.108374423890615,5.850592155949352,72.02605961304326,5.7094723506160134e-05,9.629726212561276e-06,0.0,3392.3740364657992
BT-v3,bt,0.0,-1,,-1,BT-v2,10012,0,0.0,0,0,1,gun_kill,39.73088519897529,81.29728435025227,54.014432344738125,4.142343878401133,65.98783902929898,7.958848267963878e-05,0.0,0.0,5732.252679421635
BT-v3,bt,0.0,-1,,-1,BT-v2,10012,1,0.5,0,1,0,timeout,41.767652256479586,88.64412871655777,37.44202430982444,0.09107909240656653,49.73026714917372,1.0888638513792735e-05,0.0,0.0,4836.890172381379
BT-v3,bt,0.0,-1,,-1,BT-v2,10013,0,0.5,0,1,0,timeout,71.28078632774677,7.49389123145503,9.83812088982081,2.0772347558611672,41.29920402103239,0.0,0.0001545361183172697,0.0,5920.141263507001
BT-v3,bt,0.0,-1,,-1,BT-v2,10013,1,0.0,0,0,1,gun_kill,104.67884715557415,12.875267563470095,25.012805207545586,3.6458878479150645,31.541195664697387,0.0,4.889646810152982e-05,0.0,4220.70589656455
BT-v3,bt,0.0,-1,,-1,BT-v2,10014,0,1.0,1,0,0,gun_kill,113.36791585106519,88.87519036614633,50.962873672191364,7.510084304392299,49.081761319897296,0.0,0.0,0.0,3863.9937773453316
BT-v3,bt,0.0,-1,,-1,BT-v2,10014,1,1.0,1,0,0,gun_kill,89.08654566352942,5.257983845388026,89.01971926665506,6.832410577322677,112.14301341124039,0.00011320051557461326,0.0,0.0,3456.9437084322717
BT-v3,bt,0.0,-1,,-1,BT-v2,10015,0,0.5,0,1,0,timeout,74.16326058556952,56.07049001514528,9.191045851611223,4.014805933118563,62.9660777251004,0.0,0.0,0.0,4345.765812098477
BT-v3,bt,0.0,-1,,-1,BT-v2,10015,1,0.0,0,0,1,gun_kill,114.01716791146558,98.85433809153643,56.69128232042918,5.062600734764401,76.690115813559,0.0,0.0,0.0,5387.15464641528
BT-v3,bt,0.0,-1,,-1,BT-v2,10016,0,0.0,0,0,1,gun_kill,34.60315736723064,83.83925698625741,75.03762185751623,4.601666919751451,33.03329537472738,0.0,1.9834826451931617e-05,0.0,4422.522256459192
BT-v3,bt,0.0,-1,,-1,BT-v2,10016,1,0.0,0,0,1,gun_kill,98.29679631918889,87.51911764534111,40.4679745963049,0.004068890014327309,56.50272257275893,7.5199390768458976e-06,0.00015705707561645537,0.0,5976.058964108713
BT-v3,bt,0.0,-1,,-1,BT-v2,10017,0,0.0,0,0,1,gun_kill,117.40521904732515,84.50079886428898,66.1449186427858,3.4527717596599263,104.1421258921181,0.0,7.446718466853756e-05,0.0,4014.3376934940347
BT-v3,bt,0.0,-1,,-1,BT-v2,10017,1,0.0,0,0,1,gun_kill,58.01703147122255,34.51764810511234,75.50749616550728,6.400897705311072,57.60311215863289,0.0,0.00014247885583518457,0.0,3317.3483719642395
BT-v3,bt,0.0,-1,,-1,BT-v2,10018,0,0.0,0,0,1,gun_kill,87.37953422974445,76.38471490827703,0.35700166374152964,3.908665404568791,39.99568308345806,5.054596914395754e-05,0.0,0.0,5745.365251941566
BT-v3,bt,0.0,-1,,-1,BT-v2,10018,1,1.0,1,0,0,gun_kill,111.22127752332388,79.7253230616956,11.809859964171288,7.671917134832771,104.98008101890053,0.00014699871179253387,0.00019352988745173394,0.0,5960.946940722926
BT-v3,bt,0.0,-1,,-1,BT-v2,10019,0,0.0,0,0,1,gun_kill,49.31563539448654,27.754312401691227,27.943517124913885,7.474259659682192,76.04698878604611,2.6900324534147104e-05,0.0001268885283870493,0.0,4866.546069947515
BT-v3,bt,0.0,-1,,-1,BT-v2,10019,1,0.0,0,0,1,gun_kill,80.70754651381372,0.07277440812722968,12.76007794187115,7.688606782885176,56.14740991176402,0.0,0.0,0.0,4980.832501610063
BT-v3,bt,0.0,-1,,-1,BT-v2,10020,0,0.0,0,0,1,gun_kill,71.00315257655524,99.98980435190083,70.95865352102739,5.01871329316948,82.45376118168019,0.0,0.0,0.0,5266.157877498235
BT-v3,bt,0.0,-1,,-1,BT-v2,10020,1,1.0,1,0,0,gun_kill,45.02203120242375,31.14986157767985,32.574285691675975,5.611041843697778,106.6846793571458,0.00017576528187617977,4.9700172671429694e-05,0.0,4453.901788895015
BT-v3,bt,0.0,-1,,-1,BT-v2,10021,0,0.0,0,0,1,gun_kill,118.68704218318818,90.9475119193237,37.04449578887561,2.727256418534182,49.65117734476226,0.0,7.983242147218204e-05,0.0,3596.0382935944244
BT-v3,bt,0.0,-1,,-1,BT-v2,10021,1,0.0,0,0,1,gun_kill,72.87162843934912,62.55523047097744,9.67082669646404,2.345566784945442,109.21197656434309,0.0,0.00020728403415849305,0.0,3491.7342105747716
BT-v3,bt,0.0,-1,,-1,BT-v2,10022,0,1.0,1,0,0,gun_kill,55.29200765931096,43.098894295605696,67.98891305758904,7.35388294495062,78.96235770863501,0.0,7.380852951144955e-05,0.0,4824.021660982178
BT-v3,bt,0.0,-1,,-1,BT-v2,10022,1,0.0,0,0,1,gun_kill,77.24598322397534,43.634596452718064,71.8749924516828,3.0102399473496417,102.37239407435123,0.00011622559613135879,0.00011123644333758388,0.0,3503.1422319025164
BT-v3,bt,0.0,-1,,-1,BT-v2,10023,0,1.0,1,0,0,gun_kill,85.85334294154279,95.30749879162764,72.91786846084477,6.615165847565727,119.26047942940009,0.0,9.58116006908249e-05,0.0,3283.593468579485
BT-v3,bt,0.0,-1,,-1,BT-v2,10023,1,0.0,0,0,1,gun_kill,64.37082979333121,87.17318934232445,1.480883999880156,1.4986746104181377,70.10300879598987,6.969284566515402e-05,0.00025134024662134375,0.0,4061.9688362882744
BT-v3,bt,0.0,-1,,-1,BT-v2,10024,0,0.0,0,0,1,gun_kill,60.44005430782381,26.933607426925555,8.864069478348725,3.8171203146416044,110.93881373613578,6.6638501375615444e-06,2.620326437532134e-05,0.0,5099.6334374234975
BT-v3,bt,0.0,-1,,-1,BT-v2,10024,1,1.0,1,0,0,gun_kill,68.31561384354194,6.725700153383684,98.84583508810738,7.243827333472895,48.82014716355269,0.0,0.0,0.0,5535.0998635859305
BT-v3,bt,0.0,-1,,-1,BT-v2,10025,0,0.0,0,0,1,gun_kill,35.978811771371895,78.1120727018671,95.22575945899534,5.649638914656475,95.29323713786751,6.118515552295324e-05,0.0,0.0,3576.0702296917398
BT-v3,bt,0.0,-1,,-1,BT-v2,10025,1,1.0,1,0,0,gun_kill,37.53677669107057,99.65493981451708,12.937688860088093,4.452124433481687,65.92927613203248,0.0,0.00011869966700979593,0.0,3171.922624094097
BT-v3,bt,0.0,-1,,-1,BT-v2,10026,0,0.0,0,0,1,gun_kill,70.1178665024828,54.71259079729914,74.99590475794305,2.8517293609355416,59.58835643975705,0.00012040943815437287,0.0,0.0,5464.988689996313
BT-v3,bt,0.0,-1,,-1,BT-v2,10026,1,0.0,0,0,1,gun_kill,36.67977988935842,30.63383204229172,38.019880296367795,4.144886321755288,39.28265443702665,2.110455921814823e-05,4.627710440464542e-05,0.0,4911.293121298087
BT-v3,bt,0.0,-1,,-1,BT-v2,10027,0,0.0,0,0,1,gun_kill,45.28673989954903,27.577774471295257,25.00425666599575,6.313364300027342,72.83424294061548,0.0001545434131823044,0.0,0.0,3492.2053694744495
BT-v3,bt,0.0,-1,,-1,BT-v2,10027,1,1.0,1,0,0,gun_kill,94.75778620980627,36.43021646579974,68.43569225714504,7.8253358821763905,53.57877220364401,0.0,2.8375018816901466e-05,0.0,4832.850334058344
BT-v3,bt,0.0,-1,,-1,BT-v2,10028,0,1.0,1,0,0,gun_kill,46.86283489758569,9.35106214676149,64.65320356681488,6.535166241920708,78.23510056602632,5.592301141161196e-05,0.00016821364832450482,0.0,5246.420819056776
BT-v3,bt,0.0,-1,,-1,BT-v2,10028,1,1.0,1,0,0,gun_kill,99.89819107740902,39.63065382731046,30.503281596136745,4.455366670874093,106.82665201802855,0.0,0.0,0.0,4021.4185482385656
BT-v3,bt,0.0,-1,,-1,BT-v2,10029,0,0.0,0,0,1,gun_kill,39.53151167398467,25.77324060839573,80.96859391690168,6.767700604779919,43.742236655504044,0.0,0.0,0.0,5237.764485395888
BT-v3,bt,0.0,-1,,-1,BT-v2,10029,1,1.0,1,0,0,gun_kill,47.39204664518765,11.038390367740869,18.798489717434975,4.680037750173286,92.08314570088231,0.0,7.852249340955896e-05,0.0,5013.306731214556
BT-v3,bt,0.0,-1,,-1,BT-v2,10030,0,0.0,0,0,1,gun_kill,96.472096112668,14.883081112215457,13.865621833318343,4.5816748714928,48.5097878898749,6.645939861319345e-07,0.00010323888103467573,0.0,3706.7838709622642
BT-v3,bt,0.0,-1,,-1,BT-v2,10030,1,0.0,0,0,1,gun_kill,72.81533167543334,41.79361137611731,12.554333011399411,3.782263127585101,61.25553182644872,5.866664106787761e-06,0.0,0.0,5971.978192477719
BT-v3,bt,0.0,-1,,-1,BT-v2,10031,0,0.0,0,0,1,gun_kill,33.273674322743034,58.66753251491069,71.14867751165961,1.3718448660459277,98.6587223752342,0.0,3.5561615927781455e-05,0.0,5432.9781890702125
BT-v3,bt,0.0,-1,,-1,BT-v2,10031,1,1.0,1,0,0,gun_kill,110.86349774593693,80.97874577709067,0.7795672748220572,5.17127843158848,67.66266649017842,0.0,0.0,0.0,4019.715381438461
BT-v3,bt,0.0,-1,,-1,BT-v2,10032,0,1.0,1,0,0,gun_kill,116.73792702479903,49.7145944215786,84.89306179930605,5.916948669885658,77.95104502197867,1.6578765772446308e-05,3.8648791470353015e-05,0.0,3798.0356902193184
BT-v3,bt,0.0,-1,,-1,BT-v2,10032,1,0.5,0,1,0,timeout,119.06644462609381,74.22977370125491,72.21989166051344,2.5010644739290706,47.02420475082822,1.387631450212974e-05,0.0,0.0,5421.142816218
BT-v3,bt,0.0,-1,,-1,BT-v2,10033,0,1.0,1,0,0,gun_kill,115.21328221719982,90.55258682855546,65.27202036734202,3.5972271277360557,98.94328009410366,0.0,8.216026581406286e-05,0.0,5398.9908836237555
BT-v3,bt,0.0,-1,,-1,BT-v2,10033,1,1.0,1,0,0,gun_kill,116.58187003223364,61.9364475943881,19.47562585675402,6.524866622347351,78.32284005082742,0.0,0.0,0.0,4642.981710756538
BT-v3,bt,0.0,-1,,-1,BT-v2,10034,0,0.5,0,1,0,timeout,117.75379225392092,71.10142624400328,87.44727006928586,4.42102644818097,51.95281400757722,0.0,0.0,0.0,4516.8322634353935
BT-v3,bt,0.0,-1,,-1,BT-v2,10034,1,0.0,0,0,1,gun_kill,48.324227232647445,65.6768649587463,43.68475249549289,7.692415879763332,69.55453142191897,9.696163762463469e-05,0.0,0.0,5367.919860506889
BT-v3,bt,0.0,-1,,-1,BT-v2,10035,0,0.5,0,1,0,timeout,93.94171425636179,29.349130070216887,21.9540698856865,4.391385633331114,35.51042245825117,0.0,0.0,0.0,5800.403297685436
BT-v3,bt,0.0,-1,,-1,BT-v2,10035,1,1.0,1,0,0,gun_kill,91.82248645191927,75.48429418687773,39.04166926622404,0.5484607772574357,81.49442915710556,5.353293059661894e-05,3.6457200397151456e-05,0.0,5835.448729449899
BT-v3,bt,0.0,-1,,-1,BT-v2,10036,0,0.0,0,0,1,gun_kill,39.06977528618534,75.76709561474752,87.38153879984087,3.593826929680789,91.16428752777776,5.206108221505646e-06,0.0,0.0,5063.979970819457
BT-v3,bt,0.0,-1,,-1,BT-v2,10036,1,0.0,0,0,1,gun_kill,69.38598468076117,1.158915822466322,60.79919512171632,0.056777409756420205,108.61885393083477,0.0,0.00020324619969799788,0.0,3303.6230916968516
BT-v3,bt,0.0,-1,,-1,BT-v2,10037,0,1.0,1,0,0,gun_kill,71.52589037561589,52.37100724217035,85.03266075899211,5.313214290231903,63.67690498330439,9.370477125473787e-05,0.0,0.0,5160.4266913898755
BT-v3,bt,0.0,-1,,-1,BT-v2,10037,1,1.0,1,0,0,gun_kill,83.96103205114697,61.28769241590677,70.49073188802582,5.9277028298814285,104.10857941837676,8.345071615716625e-05,0.0,0.0,4855.8593808542755
BT-v3,bt,0.0,-1,,-1,BT-v2,10038,0,0.0,0,0,1,gun_kill,107.73665381033518,27.184673595819763,46.08708988334341,0.28675419078876896,112.06575572942552,0.0001601635669875833,0.00013768904031686297,0.0,5426.120709482221
BT-v3,bt,0.0,-1,,-1,BT-v2,10038,1,0.0,0,0,1,gun_kill,100.70047107128664,39.98704045038174,64.6280760671193,0.9438838224738202,113.68778324316351,0.00017041407488014787,7.717277066626525e-05,0.0,4555.146510896518
BT-v3,bt,0.0,-1,,-1,BT-v2,10039,0,1.0,1,0,0,gun_kill,103.56537677380663,99.80583841890868,84.46662483069053,4.295578644132656,99.35549955581891,7.725114020821156e-06,0.00015874783464885642,0.0,4644.356816130266
BT-v3,bt,0.0,-1,,-1,BT-v2,10039,1,0.0,0,0,1,gun_kill,37.92738247492372,67.41565847372904,87.65390665346101,3.7875324746123917,35.725797850603456,0.0,5.511717518009042e-05,0.0,4001.3800948319686
BT-v3,bt,0.0,-1,,-1,BT-v2,10040,0,1.0,1,0,0,gun_kill,42.719933033767745,15.575217952267828,96.00608648357421,6.498131600170633,85.40307976194025,0.00011467967423791161,1.902242275263382e-05,0.0,3058.871100575378
BT-v3,bt,0.0,-1,,-1,BT-v2,10040,1,1.0,1,0,0,gun_kill,80.45074869868532,86.69597126831623,79.47406398867518,7.197358929911076,81.62117340429282,0.0002817596123430456,0.0,0.0,3517.4267825141023
BT-v3,bt,0.0,-1,,-1,BT-v2,10041,0,1.0,1,0,0,gun_kill,97.36553630770906,47.1809948561005,2.6778124993304786,4.227138001803042,76.2978067409413,2.60960683191262e-05,0.0,0.0,5383.886121317891
BT-v3,bt,0.0,-1,,-1,BT-v2,10041,1,1.0,1,0,0,gun_kill,51.86760744385832,48.0351743884185,69.33060723905908,5.929589759393073,110.07849608397052,3.899654609917211e-06,0.0,0.0,3523.784539657033
BT-v3,bt,0.0,-1,,-1,BT-v2,10042,0,1.0,1,0,0,gun_kill,51.50306411692771,40.07289188190796,5.3909991104315935,4.549322992649317,38.25543558196756,4.607100194657799e-05,5.879503331665312e-05,0.0,5141.232674129264
BT-v3,bt,0.0,-1,,-1,BT-v2,10042,1,0.0,0,0,1,gun_kill,42.0913588287287,14.462463568634544,8.89118011742831,2.1741383516953308,96.6323192563882,0.0,0.0,0.0,3037.600283376206
BT-v3,bt,0.0,-1,,-1,BT-v2,10043,0,0.0,0,0,1,gun_kill,99.8329844137522,60.46646905786769,92.10502030448104,0.3323093371774162,43.48138784324301,4.865750434033729e-05,0.0,0.0,5203.566266095532
BT-v3,bt,0.0,-1,,-1,BT-v2,10043,1,0.5,0,1,0,timeout,118.87607039297119,97.53392979174782,9.987522410526417,1.2635379523607497,96.58978619291821,0.00019946106258969716,0.0,0.0,3905.2484106617776
BT-v3,bt,0.0,-1,,-1,BT-v2,10044,0,0.0,0,0,1,gun_kill,58.51180122114748,82.75023955243466,92.47855202990725,4.532979937941162,69.99190700541936,0.0,0.00010302404223429121,0.0,3184.3928493266862
BT-v3,bt,0.0,-1,,-1,BT-v2,10044,1,0.0,0,0,1,gun_kill,60.710571870122564,90.56964843932262,37.791703160574706,1.8733616178500947,118.05603527332016,0.0,0.0002014235996047217,0.0,4363.165865951072
BT-v3,bt,0.0,-1,,-1,BT-v2,10045,0,0.0,0,0,1,gun_kill,60.93101985217963,18.08504818265262,14.835616882627377,7.6260447791298525,79.11812425018546,0.0,0.000149692487631219,0.0,4510.5904162687875
BT-v3,bt,0.0,-1,,-1,BT-v2,10045,1,0.0,0,0,1,gun_kill,57.02845115475356,51.712804179595864,66.45475706479965,1.480347944587816,59.767072502484034,0.0,0.00015929705679236,0.0,4515.268162864311
BT-v3,bt,0.0,-1,,-1,BT-v2,10046,0,1.0,1,0,0,gun_kill,78.71143573048339,0.5818340816058032,86.45568110824529,2.5056939616701452,57.0651540761758,0.0,3.175829834820532e-05,0.0,4458.703353452385
BT-v3,bt,0.0,-1,,-1,BT-v2,10046,1,1.0,1,0,0,gun_kill,112.90448523205478,72.64884320278881,21.929726597461517,5.428094675282876,103.4032404578006,0.0,3.0960320220160516e-05,0.0,4792.709483856296
BT-v3,bt,0.0,-1,,-1,BT-v2,10047,0,0.0,0,0,1,gun_kill,79.97414018834885,93.24279530371072,15.13343416520595,1.1893444145926715,50.01105837804924,0.0,0.00024087198775652198,0.0,4990.498020763381
BT-v3,bt,0.0,-1,,-1,BT-v2,10047,1,1.0,1,0,0,gun_kill,49.39409563560472,15.631791269753393,0.5077478755416753,2.1287460936488376,114.99708406959667,2.2418815423442708e-05,0.0001338548311604149,0.0,3443.9851526951097
BT-v3,bt,0.0,-1,,-1,BT-v2,10048,0,0.5,0,1,0,timeout,31.756117380799882,44.285381103730614,2.341194820263237,1.835569775280165,67.99399230394019,0.0,0.0,0.0,5111.272100217877
BT-v3,bt,0.0,-1,,-1,BT-v2,10048,1,0.0,0,0,1,gun_kill,67.53629200889738,11.388791288254918,67.75918622675132,2.7343137565350233,30.013718577669984,0.0,0.0,0.0,4828.828439251894
BT-v3,bt,0.0,-1,,-1,BT-v2,10049,0,0.0,0,0,1,gun_kill,36.34173680020207,70.17923094597381,81.24225774543254,4.860648478060167,81.15715753270116,0.0,0.0,0.0,5600.212030557065
BT-v3,bt,0.0,-1,,-1,BT-v2,10049,1,0.5,0,1,0,timeout,61.569664960879365,67.22814740103937,4.825901292143097,2.433288049987505,119.275957513698,0.0,0.0,0.0,3317.8019890650157
BT-v3,bt,0.0,-1,,-1,BT-v2,10050,0,0.0,0,0,1,gun_kill,35.14400446707297,61.33175189146864,20.579207949922452,7.250459845248738,90.23082812814708,0.0,9.15863916402132e-05,0.0,4502.936391968743
BT-v3,bt,0.0,-1,,-1,BT-v2,10050,1,0.5,0,1,0,timeout,78.24913545022697,77.78179454633364,57.353218588939,0.70569068628311,35.87252433121788,0.0,0.0,0.0,5501.836334378831
BT-v3,bt,0.0,-1,,-1,BT-v2,10051,0,0.0,0,0,1,gun_kill,53.63463751315196,20.51279237700021,36.92409765240551,6.89467534844987,58.21490496425223,0.0,0.00019085754777563706,0.0,5685.45705703076
BT-v3,bt,0.0,-1,,-1,BT-v2,10051,1,0.5,0,1,0,timeout,74.5258537700731,49.80080081405119,94.11425142830659,2.3755162309081435,87.76741082763274,1.2186985187696461e-05,0.0,0.0,4115.395475207217
BT-v3,bt,0.0,-1,,-1,BT-v2,10052,0,0.0,0,0,1,gun_kill,64.23203148019948,73.97831846409271,27.963537347068723,1.3412265030007102,79.4732372747647,0.0,0.0,0.0,3020.4138223863797
BT-v3,bt,0.0,-1,,-1,BT-v2,10052,1,0.5,0,1,0,timeout,90.83623355964025,88.89941857719562,90.85085766268104,5.0968116560666985,40.863817951898696,0.0,0.0,0.0,3105.693497626308
BT-v3,bt,0.0,-1,,-1,BT-v2,10053,0,0.5,0,1,0,timeout,114.83434943943806,66.58053891809917,56.98689675865977,6.232275592341757,80.9639325011299,0.0,2.5716577054447928e-06,0.0,5986.823356520214
BT-v3,bt,0.0,-1,,-1,BT-v2,10053,1,1.0,1,0,0,gun_kill,107.39937222968776,35.49856127328286,19.573031548893084,6.413941530308378,102.5551609039429,0.00013496807397569822,0.0,0.0,5964.456619974519
BT-v3,bt,0.0,-1,,-1,BT-v2,10054,0,0.0,0,0,1,gun_kill,99.54364066169724,43.68953030426482,34.401968306486786,0.5718136124049291,107.4336030079676,0.00014038083316174365,4.211206577621822e-05,0.0,4452.167532505868
BT-v3,bt,0.0,-1,,-1,BT-v2,10054,1,0.5,0,1,0,timeout,57.411800848064146,18.579344092572512,58.30079768020667,7.889577162027929,48.467024564622925,3.09386130021593e-05,4.149335531709529e-05,0.0,4858.62973436276
BT-v3,bt,0.0,-1,,-1,BT-v2,10055,0,0.0,0,0,1,gun_kill,115.0777620184956,1.6461353402000278,90.80462892672058,4.403940462552396,44.52788197134463,4.055346707116886e-05,5.536837984736864e-06,0.0,4120.755267728182
BT-v3,bt,0.0,-1,,-1,BT-v2,10055,1,0.0,0,0,1,gun_kill,118.68471431905581,41.0606771652328,76.08024394036029,1.4483113055165813,73.76769136083112,0.0,0.0,0.0,3901.391537529239
BT-v3,bt,0.0,-1,,-1,BT-v2,10056,0,0.0,0,0,1,gun_kill,65.63191106324902,38.157811728710925,12.758133998471443,4.820651085020935,57.35556115372123,2.60262852154895e-05,4.6359795294178414e-05,0.0,4741.609603674381
BT-v3,bt,0.0,-1,,-1,BT-v2,10056,1,0.0,0,0,1,gun_kill,98.46054330368662,8.020773510729285,12.408813306767708,3.647533958653204,48.22889687252801,0.0,0.0,0.0,4061.8362650502486
BT-v3,bt,0.0,-1,,-1,BT-v2,10057,0,0.0,0,0,1,gun_kill,74.7958435980959,74.78516382655391,40.105568078673585,1.5139270324286587,53.13683161962392,6.783063545913584e-05,6.9273925980686e-05,0.0,5808.733605549996
BT-v3,bt,0.0,-1,,-1,BT-v2,10057,1,1.0,1,0,0,gun_kill,86.8376857880841,57.96782827771961,8.699644180529308,2.7057555043577466,38.47459010735903,0.0,0.0,0.0,4413.336134262254
BT-v3,bt,0.0,-1,,-1,BT-v2,10058,0,0.5,0,1,0,timeout,108.84147959512516,73.98490918490756,33.20532447384905,5.730095641859968,59.50286241130296,5.785772072062522e-05,0.0,0.0,4532.774989579733
BT-v3,bt,0.0,-1,,-1,BT-v2,10058,1,0.5,0,1,0,timeout,100.35270405135297,29.008398773810327,45.89931981102181,6.524479692310172,36.45814033397666,0.00023272038197461842,6.413212501303346e-05,0.0,4929.39651027556
BT-v3,bt,0.0,-1,,-1,BT-v2,10059,0,0.0,0,0,1,gun_kill,67.75580109300341,85.04187216233376,47.22354825035463,2.967421938128977,33.150024502321415,0.0,0.0,0.0,5185.634227781254
BT-v3,bt,0.0,-1,,-1,BT-v2,10059,1,1.0,1,0,0,gun_kill,39.068418796137664,54.65718026540042,89.47217809126823,6.939084545695842,104.31119791101713,0.00022701166941991297,7.913112151091605e-05,0.0,4921.602186638252
BT-v3,bt,0.0,-1,,-1,BT-v2,10060,0,0.0,0,0,1,gun_kill,113.40998266568674,26.31447683725584,40.45803662242376,1.5949551173910619,106.17066883708709,1.0329596783403647e-05,0.0,0.0,3983.506662148751
BT-v3,bt,0.0,-1,,-1,BT-v2,10060,1,0.0,0,0,1,gun_kill,78.24416759777958,89.09978894883703,99.28544399320275,4.038386441147662,76.22309259140046,0.0,9.470255222842946e-05,0.0,5371.422180568663
BT-v3,bt,0.0,-1,,-1,BT-v2,10061,0,0.5,0,1,0,timeout,101.43888030633929,24.239746543369822,98.91773015646926,1.0351304567099975,57.34568111384911,0.0,0.0,0.0,5326.361304478422
BT-v3,bt,0.0,-1,,-1,BT-v2,10061,1,0.0,0,0,1,gun_kill,73.51131938876244,22.244102324324,78.7242140619375,0.770201155311665,79.64973953340069,7.345705751418598e-05,0.0,0.0,4013.7469814550795
BT-v3,bt,0.0,-1,,-1,BT-v2,10062,0,1.0,1,0,0,gun_kill,97.10796660043869,69.67249798165227,24.47407533164886,5.321576449890111,80.04485166502911,0.00014903237874188104,0.00011994739218967502,0.0,5326.769551025438
BT-v3,bt,0.0,-1,,-1,BT-v2,10062,1,0.0,0,0,1,gun_kill,39.317939858625934,68.30259677946893,13.760329460592535,0.2482181471717242,52.1943374410139,0.0,3.4610287588537364e-05,0.0,4058.903092481799
BT-v3,bt,0.0,-1,,-1,BT-v2,10063,0,1.0,1,0,0,gun_kill,52.28536768460336,96.64768549372835,84.35138773268483,6.279243926305966,56.10268328303336,7.05318475421798e-06,0.0,0.0,5414.052701590785
BT-v3,bt,0.0,-1,,-1,BT-v2,10063,1,1.0,1,0,0,gun_kill,90.99680319249217,6.400763098875162,23.153168103695243,3.287859820581126,64.0674501582504,1.829530927486765e-05,3.489457887820785e-05,0.0,3885.1992592711435
BT-v3,bt,0.0,-1,,-1,BT-v2,10064,0,0.0,0,0,1,gun_kill,72.80115370222968,81.68699772833551,14.723731552659858,3.6786486292006666,67.06371343563119,0.0,5.4665163401514474e-06,0.0,5957.952449478034
BT-v3,bt,0.0,-1,,-1,BT-v2,10064,1,0.0,0,0,1,gun_kill,40.358100119446455,25.911338867108046,43.63362797717072,6.014650229456139,92.66436761292775,0.0,0.0,0.0,3647.4038127117974
BT-v3,bt,0.0,-1,,-1,BT-v2,10065,0,1.0,1,0,0,gun_kill,46.16757795314143,26.732494321260557,73.45268995634841,5.855718338329181,91.96154138736338,3.7025478279115143e-05,0.00020976059782954325,0.0,3377.0283803085235
BT-v3,bt,0.0,-1,,-1,BT-v2,10065,1,1.0,1,0,0,gun_kill,57.411826127049046,9.707523561538324,89.90119446637847,4.542796819303609,60.424917945537764,7.688201033748648e-05,3.822023334039741e-05,0.0,4785.320084826199
BT-v3,bt,0.0,-1,,-1,BT-v2,10066,0,0.5,0,1,0,timeout,81.80904006215289,47.58992200276673,22.95643378909632,4.825916048952405,51.13158034817761,0.0,0.00010320351617263569,0.0,4677.604518174669
BT-v3,bt,0.0,-1,,-1,BT-v2,10066,1,0.0,0,0,1,gun_kill,78.65206216094083,84.99904492321328,9.108350658708508,0.22325426164965823,99.14223313266596,8.297070554186269e-05,0.0001892549956915898,0.0,5817.912752813274
BT-v3,bt,0.0,-1,,-1,BT-v2,10067,0,1.0,1,0,0,gun_kill,68.39912424186602,3.1847135543897287,43.071360359570356,6.643946948401341,96.3714615880139,5.840584873027602e-05,6.020253466049145e-05,0.0,5588.447200391722
BT-v3,bt,0.0,-1,,-1,BT-v2,10067,1,0.5,0,1,0,timeout,82.15928617874562,10.397858081974832,47.496132336807406,3.8498242004512155,118.39234984906416,0.0,4.8178749835940116e-05,0.0,4393.221959367878
BT-v3,bt,0.0,-1,,-1,BT-v2,10068,0,1.0,1,0,0,gun_kill,54.445663273161955,77.48279969316019,90.50993595083311,2.8816779164705206,63.409676109479314,7.040342058624499e-05,0.0,0.0,5894.163988308876
BT-v3,bt,0.0,-1,,-1,BT-v2,10068,1,0.0,0,0,1,gun_kill,100.32731860939339,10.585674849069504,33.7178216093532,6.513936936559002,88.72681568432026,1.3150917330794143e-05,0.0,0.0,3312.4989612145105
BT-v3,bt,0.0,-1,,-1,BT-v2,10069,0,0.0,0,0,1,gun_kill,111.25729172741195,32.06017582046301,48.5340011645342,1.1545345224232708,64.94583834304238,2.2529396580535915e-05,4.1431965291967666e-05,0.0,3715.921651660012
BT-v3,bt,0.0,-1,,-1,BT-v2,10069,1,0.0,0,0,1,gun_kill,118.46579353010944,50.201134200921125,6.6070139357353845,6.83174367638301,42.58668058787324,0.0,0.0,0.0,3080.769405750464
BT-v3,bt,0.0,-1,,-1,BT-v2,10070,0,1.0,1,0,0,gun_kill,44.53754856094683,11.077647688452153,35.00812078338694,6.834883537253879,32.617023121474176,0.0,0.0,0.0,4003.7119863073544
BT-v3,bt,0.0,-1,,-1,BT-v2,10070,1,0.0,0,0,1,gun_kill,54.93729415012689,92.1743279428245,71.59903482216737,1.8989766311059437,71.89623846399584,0.0,0.0,0.0,5974.277621897545
BT-v3,bt,0.0,-1,,-1,BT-v2,10071,0,1.0,1,0,0,gun_kill,91.3692132868981,98.6988758858211,39.18638998390788,4.316760217638982,108.48460583045117,0.0,0.0,0.0,5369.061588661627
BT-v3,bt,0.0,-1,,-1,BT-v2,10071,1,0.0,0,0,1,gun_kill,51.04561996609828,42.32119925130375,4.6016639852335945,7.634819521606447,117.35382714113203,0.0,1.1753878998438825e-05,0.0,4146.732117827687
BT-v3,bt,0.0,-1,,-1,BT-v2,10072,0,0.0,0,0,1,gun_kill,47.58112010932652,1.807913860170085,52.05150193974208,2.187511291893032,74.6495392538879,2.539463180552412e-06,4.489018882516204e-05,0.0,5067.307389444526
BT-v3,bt,0.0,-1,,-1,BT-v2,10072,1,0.0,0,0,1,gun_kill,48.32083345037134,25.417507923154115,39.887744499890985,7.026980174740868,87.26056142912321,1.1899363254161249e-05,0.0,0.0,3719.7892115795084
BT-v3,bt,0.0,-1,,-1,BT-v2,10073,0,0.0,0,0,1,gun_kill,30.78661040822239,48.55747151805605,21.593158392546542,5.134849879344795,96.66586729200093,0.0001794550614209896,5.986804012127637e-06,0.0,3115.036798021589
BT-v3,bt,0.0,-1,,-1,BT-v2,10073,1,1.0,1,0,0,gun_kill,90.71181466117335,83.69919647200904,25.789389289551224,3.809326170082887,94.54899059259684,3.8172018593002476e-05,0.0,0.0,3348.7723746808056
BT-v3,bt,0.0,-1,,-1,BT-v2,10074,0,0.0,0,0,1,gun_kill,54.585442706952925,55.855905303000554,83.47630912921466,4.921731882747197,41.377898011297994,0.00011665198934740109,0.0,0.0,3900.853788835516
BT-v3,bt,0.0,-1,,-1,BT-v2,10074,1,0.5,0,1,0,timeout,39.19069994155372,68.4861048156716,69.36654104287729,4.83144868435409,53.308754594447954,0.0,0.0,0.0,4704.863139732656
BT-v3,bt,0.0,-1,,-1,BT-v2,10075,0,0.0,0,0,1,gun_kill,65.7830040175316,27.863970452100894,86.62695941011089,3.742066503414681,79.71938299710013,0.0,0.0,0.0,3348.0806203466595
BT-v3,bt,0.0,-1,,-1,BT-v2,10075,1,1.0,1,0,0,gun_kill,56.601530926233686,52.590895343800035,34.54789204422486,1.763390496582943,78.45332022817334,0.0,0.0,0.0,5713.258214525844
BT-v3,bt,0.0,-1,,-1,BT-v2,10076,0,1.0,1,0,0,gun_kill,73.81640251989222,64.92095628975491,45.81456116024082,0.8029525572893741,42.075448104101234,7.629170967889194e-05,0.0,0.0,3803.822066426483
BT-v3,bt,0.0,-1,,-1,BT-v2,10076,1,1.0,1,0,0,gun_kill,60.74647146829433,74.11047789270091,91.9771401833281,3.0458596269094356,36.48754246246036,0.0,0.0,0.0,5636.332660323177
BT-v3,bt,0.0,-1,,-1,BT-v2,10077,0,0.5,0,1,0,timeout,79.45405095382444,26.55747060003352,59.18368087015033,0.8132379816320965,88.63239771234718,0.00013226854987701916,0.0,0.0,4606.97386803471
BT-v3,bt,0.0,-1,,-1,BT-v2,10077,1,1.0,1,0,0,gun_kill,110.45866096776327,42.22611278613867,31.010422259333627,5.758277235884599,50.57704635332918,0.0,0.00010004385686315643,0.0,4626.814894359263
BT-v3,bt,0.0,-1,,-1,BT-v2,10078,0,0.0,0,0,1,gun_kill,57.679801162187665,23.322705887169104,90.0176907328703,4.334131209623223,32.294889799944706,0.0001552737356080285,0.00011230046741858446,0.0,3828.415952988987
BT-v3,bt,0.0,-1,,-1,BT-v2,10078,1,0.0,0,0,1,gun_kill,63.843041014561244,49.180557845549146,61.473682200417315,2.144029485569334,75.51928490608952,3.435399371171316e-05,0.0,0.0,5575.566083503169
BT-v3,bt,0.0,-1,,-1,BT-v2,10079,0,1.0,1,0,0,gun_kill,52.893452711781734,46.31013761453172,56.353577346389415,5.088486529233697,77.45273804612249,1.1961142467489308e-05,4.063860993862672e-05,0.0,3781.5465901190782
BT-v3,bt,0.0,-1,,-1,BT-v2,10079,1,1.0,1,0,0,gun_kill,39.03051228805616,93.83191520659288,19.27463226292947,5.717163575651563,117.78869760317681,0.00013995226301859442,1.9715327190906255e-05,0.0,3250.0220748570323
BT-v3,bt,0.0,-1,,-1,BT-v2,10080,0,0.0,0,0,1,gun_kill,58.31453699995554,63.33526320851397,72.79114927204257,6.721133989528825,63.77265647764159,2.2626017468369128e-05,0.0,0.0,3838.1196169909686
BT-v3,bt,0.0,-1,,-1,BT-v2,10080,1,0.0,0,0,1,gun_kill,86.40783659981679,83.1709977406371,33.534593189626506,7.061982377435329,40.996300863112026,0.0,7.483070567440627e-05,0.0,3009.4913645818215
BT-v3,bt,0.0,-1,,-1,BT-v2,10081,0,0.0,0,0,1,gun_kill,89.89251099594236,96.41286440187254,90.10684835032812,7.3409711128624515,30.500894161618355,0.0001596265405472731,1.763786168778792e-06,0.0,4037.09308751383
BT-v3,bt,0.0,-1,,-1,BT-v2,10081,1,0.0,0,0,1,gun_kill,67.60793008100595,21.519660342741997,70.49430728783256,0.5800538687756092,113.8586747590214,0.0,3.273650061450925e-05,0.0,4388.361878673224
BT-v3,bt,0.0,-1,,-1,BT-v2,10082,0,0.5,0,1,0,timeout,102.11625387162476,38.92904208453921,82.45145110872457,4.398304239639997,103.9839082516571,0.0,0.0,0.0,4481.461838819776
BT-v3,bt,0.0,-1,,-1,BT-v2,10082,1,0.5,0,1,0,timeout,91.94243653509304,3.568895459462562,99.30550395431716,3.3357968605774806,94.86333099550814,3.711692147796492e-05,0.0,0.0,4080.443902309672
BT-v3,bt,0.0,-1,,-1,BT-v2,10083,0,1.0,1,0,0,gun_kill,102.86283156517025,10.828761971418077,47.66309521648514,6.946247478285132,68.09348881436058,0.0,0.0,0.0,3112.8426554550506
BT-v3,bt,0.0,-1,,-1,BT-v2,10083,1,0.5,0,1,0,timeout,91.12920921571212,24.057525953075565,83.6796772084057,5.240482114054853,82.75423654226675,0.0,0.0,0.0,5911.781542402805
BT-v3,bt,0.0,-1,,-1,BT-v2,10084,0,1.0,1,0,0,gun_kill,45.13336442577456,51.72848464092128,51.97067941157608,7.516084111481502,97.79941637958886,0.0,8.285537175997866e-05,0.0,5046.7181651277715
BT-v3,bt,0.0,-1,,-1,BT-v2,10084,1,0.5,0,1,0,timeout,103.1961576486114,2.1152894365398134,76.48799618240642,5.382388951239002,30.560920553719605,4.51266435786806e-05,0.0,0.0,3637.3560750215443
BT-v3,bt,0.0,-1,,-1,BT-v2,10085,0,0.0,0,0,1,gun_kill,82.1902159849313,3.8393643692654855,21.83841720989269,4.976704314122519,92.09964106227302,0.0,0.0,0.0,5803.60331115096
BT-v3,bt,0.0,-1,,-1,BT-v2,10085,1,0.5,0,1,0,timeout,46.870224790913326,66.68970648017691,8.53390012802696,2.4673988427043305,104.78424929079002,4.492196236772259e-05,0.0,0.0,3758.733417572086
BT-v3,bt,0.0,-1,,-1,BT-v2,10086,0,0.0,0,0,1,gun_kill,43.96713579556414,25.208425377767586,69.5572953228973,1.5970737419912586,37.058021112313945,0.0,0.0,0.0,3502.0722096129034
BT-v3,bt,0.0,-1,,-1,BT-v2,10086,1,0.0,0,0,1,gun_kill,57.45781640144901,61.598810514546024,0.2096231487717315,3.946296076703259,61.68412394079373,6.621204787462696e-05,7.779951372230477e-05,0.0,4900.279284423983
BT-v3,bt,0.0,-1,,-1,BT-v2,10087,0,0.0,0,0,1,gun_kill,71.43809824984521,94.34325174101696,75.83291063902097,4.192200648714711,57.74213996258517,0.0002446339346804913,2.6062674329432834e-05,0.0,5764.806952490766
BT-v3,bt,0.0,-1,,-1,BT-v2,10087,1,0.5,0,1,0,timeout,111.84726000772021,12.467316368585625,74.16977588269756,0.14327639247597102,78.60693692331695,6.392909668576533e-05,0.0,0.0,4955.546261372658
BT-v3,bt,0.0,-1,,-1,BT-v2,10088,0,0.0,0,0,1,gun_kill,41.59385949249673,5.977189764566482,83.84663576477372,6.138405261360991,105.59131251640807,0.0,0.00012165233824078661,0.0,5520.21104521411
BT-v3,bt,0.0,-1,,-1,BT-v2,10088,1,1.0,1,0,0,gun_kill,118.9569016365784,27.43173646327125,53.314084885196486,3.844214994800292,113.64660842362429,3.6429306235920506e-05,0.0,0.0,5664.7344100934715
BT-v3,bt,0.0,-1,,-1,BT-v2,10089,0,0.0,0,0,1,gun_kill,37.09758979597969,59.58987137411459,73.03776089942293,5.77253551684634,54.21561617756076,0.00018210826416473018,1.3764865447126113e-05,0.0,5162.1910207098645
BT-v3,bt,0.0,-1,,-1,BT-v2,10089,1,0.5,0,1,0,timeout,58.531349288681255,35.355389751535945,52.61749935296164,2.3833015289854576,41.02038665408867,3.928947720715849e-05,1.0362318464048197e-06,0.0,4944.2731396697345
BT-v3,bt,0.0,-1,,-1,BT-v2,10090,0,0.5,0,1,0,timeout,117.31019983668088,71.90705531447944,13.098253227401468,2.7964120215716717,49.699234553078824,0.0,0.0,0.0,5961.744632223037
BT-v3,bt,0.0,-1,,-1,BT-v2,10090,1,0.0,0,0,1,gun_kill,49.744872653145926,3.4740884640008463,81.22120802467089,0.9244915913544247,32.54159493526688,5.1517211120084585e-05,0.0001388825358026376,0.0,5178.409603089938
BT-v3,bt,0.0,-1,,-1,BT-v2,10091,0,0.0,0,0,1,gun_kill,93.22776129363817,39.486668131449484,0.8883266506968912,4.938301891776777,87.5840140945311,0.0,0.0,0.0,4346.097324306388
BT-v3,bt,0.0,-1,,-1,BT-v2,10091,1,0.0,0,0,1,gun_kill,104.95963540261778,76.76140941822999,48.1058817647356,3.304427151337231,46.23868354609846,0.0,7.099636663679792e-05,0.0,4388.150924852431
BT-v3,bt,0.0,-1,,-1,BT-v2,10092,0,0.5,0,1,0,timeout,48.73442098646416,3.286004935539155,37.031740344923705,4.229725437776372,31.951129830480827,0.0,3.916053830229735e-05,0.0,4542.366512460295
BT-v3,bt,0.0,-1,,-1,BT-v2,10092,1,0.0,0,0,1,gun_kill,57.378215740869,89.97622237612923,83.49968293623759,6.08030425537558,102.63002779864438,7.260884396377064e-06,0.0,0.0,3959.0545881168487
BT-v3,bt,0.0,-1,,-1,BT-v2,10093,0,1.0,1,0,0,gun_kill,81.66637173884544,8.783442547119623,83.13930798266377,6.990550664813807,105.62697405668287,0.0,0.00013997648660588912,0.0,5520.4454898921995
BT-v3,bt,0.0,-1,,-1,BT-v2,10093,1,0.5,0,1,0,timeout,84.29592027928574,13.663888695058969,88.5999284839537,3.1660624729922224,84.99955790998902,0.00011983241627120032,2.9875017725872173e-05,0.0,5732.618120310641
BT-v3,bt,0.0,-1,,-1,BT-v2,10094,0,1.0,1,0,0,gun_kill,103.84414087649759,41.20566164058116,81.51891901798076,5.102775536859249,102.5764707356729,0.0,0.00014166473151250246,0.0,5764.656536246419
BT-v3,bt,0.0,-1,,-1,BT-v2,10094,1,0.5,0,1,0,timeout,41.023840413350925,66.24987827023031,7.159069304936327,5.932616848315416,47.77352663493179,2.50522682168887e-05,0.00019203822288015558,0.0,3206.4062580040363
BT-v3,bt,0.0,-1,,-1,BT-v2,10095,0,0.5,0,1,0,timeout,41.787549101176026,96.61146051460896,61.15849175964646,5.122883785596436,115.61425902444495,0.0,0.00010173007449226951,0.0,3773.5381890997696
BT-v3,bt,0.0,-1,,-1,BT-v2,10095,1,1.0,1,0,0,gun_kill,90.36158313250604,55.88065587991801,23.873515891333064,4.271430529832908,42.70038673585411,0.0,0.00011396906193419037,0.0,4855.869119910309
BT-v3,bt,0.0,-1,,-1,BT-v2,10096,0,1.0,1,0,0,gun_kill,30.901840026152456,76.71368584291656,25.2767298954536,1.1447621882994197,44.34303268061595,0.0,6.543163737654796e-05,0.0,3997.5686380262405
BT-v3,bt,0.0,-1,,-1,BT-v2,10096,1,0.5,0,1,0,timeout,84.79060279284032,33.04315732002734,56.56333005264973,6.104572611388272,109.06322664531835,7.601890577956498e-05,0.0001059434879570911,0.0,5085.895519090427
BT-v3,bt,0.0,-1,,-1,BT-v2,10097,0,0.5,0,1,0,timeout,69.35498623389705,52.75701200779466,42.09035735887052,1.0007336149959674,110.2905815020947,0.0,3.635462663807206e-05,0.0,3711.1955180432224
BT-v3,bt,0.0,-1,,-1,BT-v2,10097,1,1.0,1,0,0,gun_kill,65.99123038647795,24.05355419556514,27.252456710602814,7.274203172904674,44.80461049231201,5.4352853260472095e-05,0.0,0.0,3951.3290718193875
BT-v3,bt,0.0,-1,,-1,BT-v2,10098,0,1.0,1,0,0,gun_kill,76.90619444085002,16.21111238301459,56.98713418049669,4.488228647158186,58.01640192243882,0.0,0.00013849830219356057,0.0,4342.483237123169
BT-v3,bt,0.0,-1,,-1,BT-v2,10098,1,1.0,1,0,0,gun_kill,94.4100903339734,14.814799450232297,8.55075192721717,7.985765254754565,54.617566841768806,0.0,1.568833266027803e-05,0.0,5129.553807301455
BT-v3,bt,0.0,-1,,-1,BT-v2,10099,0,0.0,0,0,1,gun_kill,84.54858553601562,31.279911072994537,54.11168636130389,4.809630400098901,65.10571534773713,0.00014449008152017897,0.0,0.0,4304.125536275341
BT-v3,bt,0.0,-1,,-1,BT-v2,10099,1,1.0,1,0,0,gun_kill,94.67557119003096,71.65209906789565,60.39733058125244,7.450423444661702,56.02019247750663,6.854543704515177e-05,0.0,0.0,5148.652289093741
BT-v3,bt,0.0,-1,,-1,BT-v3,10000,0,0.5,0,1,0,timeout,102.03715492649026,41.6261761566192,91.3134476118043,7.725735700709894,46.9416607934781,2.667197592587857e-05,0.0,0.0,4433.6020909007075
BT-v3,bt,0.0,-1,,-1,BT-v3,10000,1,0.5,0,1,0,timeout,34.641407626781174,91.29695672523468,32.09781701018668,4.292751993559198,63.67799604950081,0.0,0.0,0.0,5031.61196774396
BT-v3,bt,0.0,-1,,-1,BT-v3,10001,0,0.0,0,0,1,gun_kill,116.44161956336235,28.487207911334156,46.79248443305249,6.328255409124084,34.21591807307004,0.00015096837507038227,0.0002885181790350671,0.0,4903.298716469761
BT-v3,bt,0.0,-1,,-1,BT-v3,10001,1,0.5,0,1,0,timeout,43.00578265284119,75.8392968735675,58.09257914690402,0.27755705300354716,95.94496910535771,0.0,0.0001148613230234104,0.0,4294.004067826162
BT-v3,bt,0.0,-1,,-1,BT-v3,10002,0,0.0,0,0,1,gun_kill,35.58076835745552,66.80709991264374,36.008070181374464,1.707927316404299,69.16692243562059,6.59547618037712e-05,0.0001700060767166922,0.0,3049.563459120055
BT-v3,bt,0.0,-1,,-1,BT-v3,10002,1,0.5,0,1,0,timeout,94.30298658948976,74.81803991022838,36.03807987038141,5.6250535611700165,51.76515661384821,0.0,4.249560815908262e-05,0.0,3913.9850477108416
BT-v3,bt,0.0,-1,,-1,BT-v3,10003,0,0.5,0,1,0,timeout,65.86354990021962,46.184843695679454,62.92801391202989,7.193259350568937,103.91625466818307,0.0002333147271210943,0.0,0.0,5697.410729834713
BT-v3,bt,0.0,-1,,-1,BT-v3,10003,1,1.0,1,0,0,gun_kill,66.78705048964204,52.04593963690666,7.203180503508011,0.878531502705199,109.56292770577585,0.0,2.0048255476784305e-05,0.0,3403.8384824639547
BT-v3,bt,0.0,-1,,-1,BT-v3,10004,0,1.0,1,0,0,gun_kill,97.63710733493653,38.406371771948486,38.80274662536214,6.770912404536385,105.39423809390571,0.0,0.0,0.0,4695.1512555206045
BT-v3,bt,0.0,-1,,-1,BT-v3,10004,1,1.0,1,0,0,gun_kill,103.82304246829979,83.6298951559248,3.208978376484428,3.281376576330371,58.079037060089945,1.2273367244384238e-05,0.0,0.0,5618.070346447546
BT-v3,bt,0.0,-1,,-1,BT-v3,10005,0,0.0,0,0,1,gun_kill,50.755448581860435,26.086089079701026,92.35431111613275,3.0903756335548316,111.2503171152393,3.468341268894191e-05,2.7503784640655266e-05,0.0,3243.2266137443517
BT-v3,bt,0.0,-1,,-1,BT-v3,10005,1,0.5,0,1,0,timeout,112.92659101355105,58.084769257082016,56.523510262068996,5.404653626531455,32.23824025982571,0.0,0.0,0.0,3015.738510267636
BT-v3,bt,0.0,-1,,-1,BT-v3,10006,0,1.0,1,0,0,gun_kill,90.42340645423405,47.65936234458585,19.723918224858206,5.876219790298362,93.88851759296777,0.0,4.139775601015661e-05,0.0,4088.2519969610553
BT-v3,bt,0.0,-1,,-1,BT-v3,10006,1,0.5,0,1,0,timeout,43.93918284767553,20.274431745265918,39.751864617025426,2.155976587024835,51.24925545176533,7.165224873797679e-05,0.0,0.0,3358.458713906617
BT-v3,bt,0.0,-1,,-1,BT-v3,10007,0,0.5,0,1,0,timeout,54.37589834384499,82.16316795763308,92.29710201051549,5.359572978254082,93.23967125875444,0.0,7.251252333416002e-05,0.0,4922.607888705135
BT-v3,bt,0.0,-1,,-1,BT-v3,10007,1,0.5,0,1,0,timeout,107.08907072137355,41.87292044240113,52.129675152644886,5.3553215520167194,74.5234936453617,3.192789027876012e-05,0.00011051583041253138,0.0,5397.176634829608
BT-v3,bt,0.0,-1,,-1,BT-v3,10008,0,0.5,0,1,0,timeout,100.57034126115147,90.2248404587376,33.695319065833274,2.7097842739710805,81.09162403293043,0.0002468681832384439,5.692265896626521e-05,0.0,3702.092425760555
BT-v3,bt,0.0,-1,,-1,BT-v3,10008,1,0.0,0,0,1,gun_kill,74.62681875507968,92.60384816825616,23.083092071184673,6.2110345350129235,53.16966610383085,0.0,4.718474349856896e-05,0.0,4158.458554412254
BT-v3,bt,0.0,-1,,-1,BT-v3,10009,0,1.0,1,0,0,gun_kill,80.8388756957789,94.31736443570104,68.96104247882661,0.20502688148305026,74.72841490514924,0.0,0.0001586493232336126,0.0,4905.072249227824
BT-v3,bt,0.0,-1,,-1,BT-v3,10009,1,0.0,0,0,1,gun_kill,89.34194831281127,3.088814087484537,81.09506790585434,7.687631423814676,102.48529806617894,0.0,0.00022020073234079606,0.0,4368.403101815255
BT-v3,bt,0.0,-1,,-1,BT-v3,10010,0,0.0,0,0,1,gun_kill,76.34923858329563,60.65009478046775,76.63590640366247,7.883137684571868,96.84552801831536,0.0,9.99045256745091e-05,0.0,3336.2111731554105
BT-v3,bt,0.0,-1,,-1,BT-v3,10010,1,0.0,0,0,1,gun_kill,45.21901163139249,40.827056885465964,14.705484183017015,1.5643409106795643,105.72231681297032,2.2126695712985696e-05,8.283726430141351e-05,0.0,4471.524139411453
BT-v3,bt,0.0,-1,,-1,BT-v3,10011,0,0.0,0,0,1,gun_kill,100.16595933424742,50.45000731133894,90.95433240953665,2.178441267699653,89.46803238821093,0.0,0.0,0.0,3259.238069155891
BT-v3,bt,0.0,-1,,-1,BT-v3,10011,1,0.0,0,0,1,gun_kill,47.53614679235196,43.1461710039253,23.521542297812903,6.568521188887533,104.77946175978366,5.156151754440663e-05,0.0,0.0,5985.811915486993
BT-v3,bt,0.0,-1,,-1,BT-v3,10012,0,0.0,0,0,1,gun_kill,98.7871704102745,22.843687542314317,65.28255533302665,2.635291465498944,119.75392009170466,0.00015000297366264583,0.0,0.0,3084.803168011442
BT-v3,bt,0.0,-1,,-1,BT-v3,10012,1,0.0,0,0,1,gun_kill,100.55666895826913,46.30874434548781,93.60188217498587,7.467224002164205,79.61443852813639,0.0003035224654380287,2.028537267086057e-05,0.0,3072.9319971393043
BT-v3,bt,0.0,-1,,-1,BT-v3,10013,0,0.0,0,0,1,gun_kill,96.41435075342828,27.577793526847948,39.44139800688825,7.122010953206276,51.84736346905011,0.00012401347411688388,0.00024024493235972485,0.0,5519.361932068354
BT-v3,bt,0.0,-1,,-1,BT-v3,10013,1,1.0,1,0,0,gun_kill,34.40686965518279,24.487785940966987,1.140726726508201,7.569257210046393,40.77134061277455,3.617202269054956e-05,0.0,0.0,4886.791083330039
BT-v3,bt,0.0,-1,,-1,BT-v3,10014,0,1.0,1,0,0,gun_kill,83.42079186143604,80.84186932382504,56.08278118902844,7.60607197844032,40.35634753328477,0.0,0.0,0.0,5970.644662508232
BT-v3,bt,0.0,-1,,-1,BT-v3,10014,1,0.0,0,0,1,gun_kill,81.41595531395848,78.94080820107526,40.87362396842441,3.2130056760350296,42.9859573203857,0.0001144113325036152,0.0,0.0,5516.0940408956185
BT-v3,bt,0.0,-1,,-1,BT-v3,10015,0,1.0,1,0,0,gun_kill,95.22453964577497,88.44535083062962,81.19755621276487,3.0994996487236133,67.80800675268843,8.80092026985713e-05,0.0,0.0,3968.822387772602
BT-v3,bt,0.0,-1,,-1,BT-v3,10015,1,0.5,0,1,0,timeout,78.65713217960855,75.32743381468825,16.162828883744073,7.061566003718258,117.37832326158983,4.8112557617042875e-06,0.0,0.0,5212.073657535268
BT-v3,bt,0.0,-1,,-1,BT-v3,10016,0,0.0,0,0,1,gun_kill,43.914098104814045,40.04421395814226,98.50150097019701,0.27594736870512016,106.65379957130601,0.0,1.215849080807854e-05,0.0,4125.5943276303005
BT-v3,bt,0.0,-1,,-1,BT-v3,10016,1,1.0,1,0,0,gun_kill,109.6401630120224,13.059393622279003,22.969702813818515,6.396506750639645,85.39078881560134,0.00013148499714566505,0.0,0.0,3437.65494969957
BT-v3,bt,0.0,-1,,-1,BT-v3,10017,0,0.0,0,0,1,gun_kill,33.408515306997586,79.82411825512649,43.04373297760353,1.2078796455056358,97.60579783281884,0.0,2.939708264228664e-05,0.0,4500.905187248486
BT-v3,bt,0.0,-1,,-1,BT-v3,10017,1,0.0,0,0,1,gun_kill,36.697558534251506,37.19277273666447,88.95596056630471,2.9842325037535344,115.15789484054088,1.6178228244069434e-05,8.345213671656157e-05,0.0,3362.525075663727
BT-v3,bt,0.0,-1,,-1,BT-v3,10018,0,0.0,0,0,1,gun_kill,117.97004665846043,18.489080578240113,69.98663947914172,3.921281148959065,69.03603980476606,0.0,0.0001459644151819596,0.0,3263.072050442711
BT-v3,bt,0.0,-1,,-1,BT-v3,10018,1,0.5,0,1,0,timeout,78.708501853651,96.24944060744816,21.873715767552802,5.469513388366547,77.1049301117364,3.133718423592496e-06,0.00011909853723375914,0.0,5385.720512190432
BT-v3,bt,0.0,-1,,-1,BT-v3,10019,0,0.0,0,0,1,gun_kill,35.730995399050805,10.157902395526685,23.895389567323377,6.900038907050505,91.77580484737094,0.0,6.268313221488655e-05,0.0,3698.57837753373
BT-v3,bt,0.0,-1,,-1,BT-v3,10019,1,0.0,0,0,1,gun_kill,91.53224704690709,51.833854781996436,25.167304773991393,7.464211155397153,51.13014770344736,0.0,6.373038538277448e-05,0.0,3852.862724933702
BT-v3,bt,0.0,-1,,-1,BT-v3,10020,0,1.0,1,0,0,gun_kill,64.72531152794403,2.8977340070026725,20.886928852984965,4.004902113144086,35.220841997975974,0.0,5.0444400660688085e-05,0.0,4548.236934210492
BT-v3,bt,0.0,-1,,-1,BT-v3,10020,1,0.0,0,0,1,gun_kill,109.02935020826212,78.76126509993142,11.424258844144397,1.7471042857802725,107.48159811308015,0.0,0.0,0.0,5517.485730031615
BT-v3,bt,0.0,-1,,-1,BT-v3,10021,0,0.5,0,1,0,timeout,74.02809833762002,5.704179185582669,30.411974621790904,0.16733083259054915,43.0651199468312,0.0,0.0,0.0,4685.301566040341
BT-v3,bt,0.0,-1,,-1,BT-v3,10021,1,1.0,1,0,0,gun_kill,113.80755983192746,51.888510752897055,67.98916698888847,1.996152884946702,76.57423311709111,0.0,0.0,0.0,4895.4108003875735
BT-v3,bt,0.0,-1,,-1,BT-v3,10022,0,1.0,1,0,0,gun_kill,76.0805978352447,75.93790345919942,92.48222541150886,1.5422791774062903,98.6880500060766,9.723431960259566e-05,6.421906475629801e-05,0.0,4791.156590280252
BT-v3,bt,0.0,-1,,-1,BT-v3,10022,1,0.5,0,1,0,timeout,99.28517761554637,28.25205576978692,1.817056000810946,1.2401003893511344,65.79421940120983,0.00020253127040630435,0.0,0.0,4744.7027746751255
BT-v3,bt,0.0,-1,,-1,BT-v3,10023,0,1.0,1,0,0,gun_kill,118.84498907443233,93.66180034902636,46.35226721631156,3.352368842787974,39.761377221461814,0.0,1.5761099677193376e-05,0.0,3599.6853605033943
BT-v3,bt,0.0,-1,,-1,BT-v3,10023,1,0.5,0,1,0,timeout,83.63360563195535,50.32927727498014,73.25433901497624,6.582546622210212,81.76067942454436,0.0,0.0,0.0,5308.530919909737
BT-v3,bt,0.0,-1,,-1,BT-v3,10024,0,1.0,1,0,0,gun_kill,95.14251140796877,43.183887973045124,32.49100790235543,6.801982886708389,95.79369560783681,0.0002111812919591229,2.0303355557927616e-06,0.0,4717.526249855136
BT-v3,bt,0.0,-1,,-1,BT-v3,10024,1,0.0,0,0,1,gun_kill,85.76433185384423,89.21393048630514,89.11931602548651,7.5172468076258925,59.99295791370979,0.0,0.0,0.0,3193.0924654616106
BT-v3,bt,0.0,-1,,-1,BT-v3,10025,0,1.0,1,0,0,gun_kill,37.51749947686915,98.25299878969147,19.282593899689402,1.056015736833018,113.78130711987842,2.5614083322808095e-06,0.00011085381590261412,0.0,3318.6434582956085
BT-v3,bt,0.0,-1,,-1,BT-v3,10025,1,0.0,0,0,1,gun_kill,74.61185004403856,26.553193184680566,44.433971741850854,3.3986443595569398,48.4287655495072,0.0,2.7385879833251566e-05,0.0,3218.392475470301
BT-v3,bt,0.0,-1,,-1,BT-v3,10026,0,0.0,0,0,1,gun_kill,118.47454410735166,67.62092754225439,23.328522760338423,0.30192012743508556,84.71433057538661,0.0,5.548190653500286e-05,0.0,3746.426315726388
BT-v3,bt,0.0,-1,,-1,BT-v3,10026,1,0.0,0,0,1,gun_kill,69.1213257740379,68.26560744114899,74.73356201108943,5.544203667902598,89.12078562531013,0.0,1.3017720679687018e-05,0.0,5392.370821240756
BT-v3,bt,0.0,-1,,-1,BT-v3,10027,0,0.0,0,0,1,gun_kill,45.471325930248334,21.960802075851948,67.82030882289283,3.6840529250413727,80.33118736349314,0.0,0.0,0.0,5512.087111198428
BT-v3,bt,0.0,-1,,-1,BT-v3,10027,1,0.0,0,0,1,gun_kill,32.74112806720625,75.58852764485079,30.088854760130378,2.249963735521444,83.41913360739304,9.953290177703026e-06,4.734966809693743e-05,0.0,5760.313774412736
BT-v3,bt,0.0,-1,,-1,BT-v3,10028,0,0.5,0,1,0,timeout,84.75195807379397,93.22818683722046,93.7819482409424,2.9480805873118365,49.03224444273459,0.00016872678203717212,0.0001612436538519903,0.0,4786.3593082570305
BT-v3,bt,0.0,-1,,-1,BT-v3,10028,1,1.0,1,0,0,gun_kill,49.75615471494605,93.07864784503975,87.33946961382244,4.208510195417332,53.90633484782181,2.392282988872365e-05,0.0,0.0,4329.400322329281
BT-v3,bt,0.0,-1,,-1,BT-v3,10029,0,1.0,1,0,0,gun_kill,117.29927577300056,97.59403898186541,60.912695746763646,2.3399889280803485,112.55141571323506,0.0,0.00013018376109786848,0.0,4135.010626179667
BT-v3,bt,0.0,-1,,-1,BT-v3,10029,1,1.0,1,0,0,gun_kill,87.44842418063826,51.49583287991217,61.53986442257442,0.7477929897045046,118.17841762204917,5.538192042787568e-06,0.00012411998923245472,0.0,3703.7163702831554
BT-v3,bt,0.0,-1,,-1,BT-v3,10030,0,1.0,1,0,0,gun_kill,55.96313513253093,91.063512437818,73.01926512651293,6.51658640400599,65.72121730959248,1.1624590849514896e-05,6.994960925323637e-05,0.0,4172.856188504267
BT-v3,bt,0.0,-1,,-1,BT-v3,10030,1,0.0,0,0,1,gun_kill,87.99041178678488,83.30597754960878,83.74148298373252,3.118842114805486,76.93059995836727,3.269465645623464e-05,3.265202331349662e-05,0.0,5300.972146784004
BT-v3,bt,0.0,-1,,-1,BT-v3,10031,0,0.5,0,1,0,timeout,88.96069177542587,15.362026612770375,46.56331074450738,3.1593390246379522,41.15682927568853,0.0,8.009577743267644e-06,0.0,5231.392530168806
BT-v3,bt,0.0,-1,,-1,BT-v3,10031,1,0.0,0,0,1,gun_kill,115.95786966718217,79.55865625292289,5.058537248776296,3.3073482714374034,46.946483856549975,6.421783255710717e-05,0.0,0.0,5332.589148375273
BT-v3,bt,0.0,-1,,-1,BT-v3,10032,0,0.0,0,0,1,gun_kill,45.551538843801445,38.71088171759861,3.8844189288947617,4.818191259467358,82.03664876926493,0.00011510394361222305,0.0,0.0,5158.91354490622
BT-v3,bt,0.0,-1,,-1,BT-v3,10032,1,0.5,0,1,0,timeout,75.2207600910387,78.2302805432017,58.26010517070647,2.5248320673218085,100.48937959785788,1.5421009156843703e-05,6.599982238044008e-06,0.0,3173.9701752810065
BT-v3,bt,0.0,-1,,-1,BT-v3,10033,0,0.0,0,0,1,gun_kill,42.441275869776874,98.32287220226985,21.83025549807194,4.0781356230570545,88.19808072925878,0.0,0.0002082459492684473,0.0,4374.229482196021
BT-v3,bt,0.0,-1,,-1,BT-v3,10033,1,1.0,1,0,0,gun_kill,36.52860770642833,10.129350087825074,22.637299441156678,4.055008896055398,95.08979641531988,0.0,0.0,0.0,3105.3386748394387
BT-v3,bt,0.0,-1,,-1,BT-v3,10034,0,1.0,1,0,0,gun_kill,75.08019534638794,87.82700147085214,20.338751372333864,0.21478264358407007,79.0786127261733,1.2368163769928494e-05,2.8012584262421232e-05,0.0,4407.088240186382
BT-v3,bt,0.0,-1,,-1,BT-v3,10034,1,0.0,0,0,1,gun_kill,113.47609182829882,68.87110135874217,8.802220491923574,1.9481517710930518,58.51746436133867,0.00019707709235311597,0.0,0.0,3861.1776276706623
BT-v3,bt,0.0,-1,,-1,BT-v3,10035,0,0.5,0,1,0,timeout,80.14839002721351,61.31129707637547,82.0091895370093,0.4842753659960666,34.55012018746287,7.606330384265112e-05,0.0,0.0,4606.48842954062
BT-v3,bt,0.0,-1,,-1,BT-v3,10035,1,0.5,0,1,0,timeout,55.12276999539314,23.661346214148615,51.78926258908037,4.1371249951780165,84.24748324927263,0.0,4.497272398203209e-05,0.0,5415.886851738298
BT-v3,bt,0.0,-1,,-1,BT-v3,10036,0,0.5,0,1,0,timeout,69.54364235080817,99.21683433684177,24.70204401106524,4.876718573175768,93.3815182506609,0.0,3.6633935078140643e-05,0.0,5524.894828603035
BT-v3,bt,0.0,-1,,-1,BT-v3,10036,1,0.0,0,0,1,gun_kill,112.74389336131894,64.02362300498399,29.375210757458536,2.317420238297826,71.17309986088827,5.196756142513499e-05,0.0,0.0,5435.023029781203
BT-v3,bt,0.0,-1,,-1,BT-v3,10037,0,0.0,0,0,1,gun_kill,58.8897254877186,89.76395424732738,32.21162145915441,7.928127904296327,53.12180383839167,0.0,3.6753161265412853e-05,0.0,3007.8612467237353
BT-v3,bt,0.0,-1,,-1,BT-v3,10037,1,0.5,0,1,0,timeout,49.27820561627327,54.803554903499716,40.82159250464081,3.6529346497962525,114.54941257638725,0.00011297833581337087,0.00014437948289965956,0.0,4408.118132165598
BT-v3,bt,0.0,-1,,-1,BT-v3,10038,0,1.0,1,0,0,gun_kill,40.585247652938754,98.79854342645625,13.049116628772206,1.1799637394041023,62.302401105024224,0.0,0.0,0.0,3017.3907278998595
BT-v3,bt,0.0,-1,,-1,BT-v3,10038,1,0.0,0,0,1,gun_kill,66.59519233112972,96.91787682401993,85.1054769291228,4.633557095519569,111.66413243529473,0.0,8.326369476960812e-05,0.0,5530.442804706444
BT-v3,bt,0.0,-1,,-1,BT-v3,10039,0,0.0,0,0,1,gun_kill,87.23659127521103,57.016508164290315,60.30205742766235,4.2408329749879,115.66527792877312,2.279454614325985e-05,0.0,0.0,5185.977389147
BT-v3,bt,0.0,-1,,-1,BT-v3,10039,1,0.0,0,0,1,gun_kill,43.52113662551772,23.39476071149641,59.27542966175633,5.401467694412245,70.14283977124552,5.08001848218783e-05,0.0001379848199072353,0.0,4277.507978216343
BT-v3,bt,0.0,-1,,-1,BT-v3,10040,0,1.0,1,0,0,gun_kill,92.1354812137932,43.634528402139004,86.92673953923736,3.8105134887278576,55.54131122175148,0.0,3.8928837009837644e-05,0.0,4526.350815879694
BT-v3,bt,0.0,-1,,-1,BT-v3,10040,1,1.0,1,0,0,gun_kill,61.13483367893232,78.94151325237186,57.862546946559824,7.1364128805660645,109.73951302726067,0.0,0.00015243664400716312,0.0,4833.115128141957
BT-v3,bt,0.0,-1,,-1,BT-v3,10041,0,0.0,0,0,1,gun_kill,47.60396170945077,74.16286087087263,20.49323255252552,3.547685789216107,78.21098943963096,0.0,5.112848977177127e-05,0.0,3558.0192746995253
BT-v3,bt,0.0,-1,,-1,BT-v3,10041,1,0.5,0,1,0,timeout,62.973886567539495,76.16985363195995,60.32252433738652,0.1358539010344595,32.4902357676409,0.0,0.0,0.0,3096.756144831173
BT-v3,bt,0.0,-1,,-1,BT-v3,10042,0,0.0,0,0,1,gun_kill,110.98772090751777,18.017063976780555,12.557549419929547,3.4685637821853668,106.20371484271105,0.0,5.382686355167746e-05,0.0,5499.532521628359
BT-v3,bt,0.0,-1,,-1,BT-v3,10042,1,0.0,0,0,1,gun_kill,98.15627018950596,85.9009423131485,13.820444123316033,1.2121341552072993,73.52732108535503,2.3718139081669964e-05,3.794504606765406e-05,0.0,3949.5525128335794
BT-v3,bt,0.0,-1,,-1,BT-v3,10043,0,1.0,1,0,0,gun_kill,46.10773410585537,59.685568866804694,31.936201796412778,2.8859029190869627,81.1200263406484,0.0,0.0,0.0,4313.799778438836
BT-v3,bt,0.0,-1,,-1,BT-v3,10043,1,0.0,0,0,1,gun_kill,105.2851213115526,43.58925983292158,88.7993197334825,2.3279532571750545,112.74553923643995,0.0,0.0,0.0,5148.478717018159
BT-v3,bt,0.0,-1,,-1,BT-v3,10044,0,0.5,0,1,0,timeout,99.73988493610645,62.00044818267121,19.213364466894145,3.6734832340560084,36.362944343817965,9.215846861930616e-05,0.0,0.0,4588.805142816049
BT-v3,bt,0.0,-1,,-1,BT-v3,10044,1,0.5,0,1,0,timeout,116.49571567248255,54.44527964966108,18.472052078314704,3.5768193747598183,101.75919321723596,0.0,0.0,0.0,4662.4414994657445
BT-v3,bt,0.0,-1,,-1,BT-v3,10045,0,0.0,0,0,1,gun_kill,36.58127209037403,13.959463899653946,38.08677061068707,3.8906984804147573,41.99882324859907,0.0,1.092274502546706e-05,0.0,5936.837794731738
BT-v3,bt,0.0,-1,,-1,BT-v3,10045,1,0.5,0,1,0,timeout,115.83507064669229,43.54778388909579,8.780286820514704,0.024795784260131626,100.46715470483727,0.0,4.633588642244154e-05,0.0,5645.071909265744
BT-v3,bt,0.0,-1,,-1,BT-v3,10046,0,0.0,0,0,1,gun_kill,109.49935890130845,14.998652801990842,90.50990853941337,3.077403858840669,80.05635609295611,0.0,4.3818988539399006e-05,0.0,3558.5789590262357
BT-v3,bt,0.0,-1,,-1,BT-v3,10046,1,0.5,0,1,0,timeout,110.23720879142276,20.312230594185188,34.64132305739137,6.545333895010839,85.42419217278737,0.0,0.0,0.0,5302.499511853957
BT-v3,bt,0.0,-1,,-1,BT-v3,10047,0,0.5,0,1,0,timeout,52.42406144416944,13.841645923568091,48.34605683149612,1.035932859426623,44.1440219997756,0.0,4.166543983257328e-05,0.0,3913.4903678358455
BT-v3,bt,0.0,-1,,-1,BT-v3,10047,1,0.5,0,1,0,timeout,77.16346413064143,98.43509271704343,36.87808746884801,2.7608496794735906,77.66286918427275,5.202797384328513e-05,0.0,0.0,5333.54243530208
BT-v3,bt,0.0,-1,,-1,BT-v3,10048,0,0.0,0,0,1,gun_kill,105.5997632582808,67.1023555871686,65.64392117468049,7.985543877525625,116.60775963393309,0.0,0.00014048367901869417,0.0,3704.9807129013107
BT-v3,bt,0.0,-1,,-1,BT-v3,10048,1,0.5,0,1,0,timeout,39.893914558546946,18.29643043856479,13.002118758618874,2.23344737101257,57.10015614036725,3.191161847257291e-05,0.00017873091011212509,0.0,5264.807058920085
BT-v3,bt,0.0,-1,,-1,BT-v3,10049,0,0.0,0,0,1,gun_kill,71.04148253380237,64.43463727451027,71.32888658467037,0.3973506787517991,33.52786517900605,0.0,0.0,0.0,4841.324523239804
BT-v3,bt,0.0,-1,,-1,BT-v3,10049,1,0.5,0,1,0,timeout,118.90670913287649,70.98750514491809,91.92715649215683,3.350366111615414,99.07544571747795,0.0,2.2714803637844727e-05,0.0,5740.181477880385
BT-v3,bt,0.0,-1,,-1,BT-v3,10050,0,1.0,1,0,0,gun_kill,38.07927666621451,41.12195304162771,49.97896901907624,0.04104315604576225,96.92293803749914,5.739855255819354e-05,0.0,0.0,4197.090168570359
BT-v3,bt,0.0,-1,,-1,BT-v3,10050,1,1.0,1,0,0,gun_kill,85.4719213526173,86.0863856480373,13.50382636462345,3.7671724546968184,104.26223822477219,7.270493708592408e-05,2.5413778514339914e-05,0.0,5214.285737853863
BT-v3,bt,0.0,-1,,-1,BT-v3,10051,0,1.0,1,0,0,gun_kill,80.74046346183545,81.9143532212851,14.353489295288346,6.134517005021943,44.5784824526919,1.9159965508135892e-05,0.00015229299009267435,0.0,4496.027533164568
BT-v3,bt,0.0,-1,,-1,BT-v3,10051,1,0.0,0,0,1,gun_kill,82.51956299762925,57.2799997122464,45.45580285637939,4.458855216455093,76.63787779078328,0.0,0.0,0.0,5773.621552875935
BT-v3,bt,0.0,-1,,-1,BT-v3,10052,0,0.0,0,0,1,gun_kill,73.3265397182096,30.69820737587775,80.7106984040943,1.9249989955592017,38.34892837007542,5.5490839994969204e-05,8.68780495345099e-05,0.0,3854.10678162101
BT-v3,bt,0.0,-1,,-1,BT-v3,10052,1,0.0,0,0,1,gun_kill,95.18545678622112,99.5228905630816,98.8123388018452,3.496064164148458,103.87584653398572,0.0,0.0002432831597315727,0.0,4432.82230394237
BT-v3,bt,0.0,-1,,-1,BT-v3,10053,0,0.0,0,0,1,gun_kill,56.79666170046775,69.35846090380373,98.66085216471095,4.241716468511212,33.745680595215596,2.687280268589959e-05,0.0,0.0,3186.3474891382148
BT-v3,bt,0.0,-1,,-1,BT-v3,10053,1,0.0,0,0,1,gun_kill,85.12173618186299,63.40442073016727,54.46717363542842,4.653564112944472,113.04616454442083,0.0,0.0,0.0,3804.2401652013937
BT-v3,bt,0.0,-1,,-1,BT-v3,10054,0,0.0,0,0,1,gun_kill,109.94134399671175,17.572922852770844,8.397485596439703,7.58149268982757,94.36395531668506,0.0,2.947089433942795e-05,0.0,3980.7840499506083
BT-v3,bt,0.0,-1,,-1,BT-v3,10054,1,0.5,0,1,0,timeout,109.32809096108967,96.4638871177832,84.04036785375789,5.561979514346275,46.95381312487833,0.0,0.0,0.0,4508.202908419127
BT-v3,bt,0.0,-1,,-1,BT-v3,10055,0,1.0,1,0,0,gun_kill,116.4667424042934,2.496874322774245,90.50542469237651,3.4095486861035598,44.67321500771153,0.00012021746088195019,0.0,0.0,4354.912853418634
BT-v3,bt,0.0,-1,,-1,BT-v3,10055,1,0.0,0,0,1,gun_kill,109.4432905246223,53.48385501043491,14.947170088799233,2.0014255047331497,30.225334903407273,0.00021209795998972997,0.00011567370125340412,0.0,5577.161067859146
BT-v3,bt,0.0,-1,,-1,BT-v3,10056,0,0.5,0,1,0,timeout,104.54374915454945,54.843077656580306,45.417982915383995,7.067086379180226,109.07152351733946,0.0,0.0,0.0,5236.135681725065
BT-v3,bt,0.0,-1,,-1,BT-v3,10056,1,0.0,0,0,1,gun_kill,59.01647859451716,73.22628596125875,95.12095259547671,4.248698260865489,100.81529294394609,0.0,0.0,0.0,4648.944623883467
BT-v3,bt,0.0,-1,,-1,BT-v3,10057,0,0.0,0,0,1,gun_kill,76.86593904615461,55.73641332469451,79.01539348465238,1.710088419868594,100.50830089294398,0.0,0.00012490015002655848,0.0,5848.986101758616
BT-v3,bt,0.0,-1,,-1,BT-v3,10057,1,0.5,0,1,0,timeout,57.6332374145696,44.662239578832676,84.58681294472564,2.9391914958477248,92.20256572865887,0.0,4.339940083222884e-05,0.0,5483.970484454421
BT-v3,bt,0.0,-1,,-1,BT-v3,10058,0,0.0,0,0,1,gun_kill,116.99729762641917,86.85059044939071,32.54919409356308,3.6459171059503426,112.21462236602264,3.561395437032046e-05,0.0,0.0,4839.820375060381
BT-v3,bt,0.0,-1,,-1,BT-v3,10058,1,1.0,1,0,0,gun_kill,97.38424187007746,36.24321211929389,67.95570938394259,2.1762085448725985,80.41023614191525,0.0,6.693722199457126e-05,0.0,5140.01666622144
BT-v3,bt,0.0,-1,,-1,BT-v3,10059,0,0.0,0,0,1,gun_kill,103.52379408750946,58.84783955955983,60.24788326224778,4.218082001737693,100.54245111106863,0.0,0.00014309243887981757,0.0,3151.082465474834
BT-v3,bt,0.0,-1,,-1,BT-v3,10059,1,0.5,0,1,0,timeout,70.30908526132853,91.76345473180702,37.10141589655479,1.3725368275400331,97.870975651904,0.0,1.6354770291346733e-05,0.0,3579.680785402471
BT-v3,bt,0.0,-1,,-1,BT-v3,10060,0,0.0,0,0,1,gun_kill,63.880807585274745,49.72299602681078,43.18063601208206,2.4858910659008915,70.91533746606588,0.0,0.0,0.0,3127.1453724155317
BT-v3,bt,0.0,-1,,-1,BT-v3,10060,1,0.5,0,1,0,timeout,48.76553535481812,33.49231613984656,0.2013310706940219,0.5061466777862034,46.78481644562093,0.0,0.00016079948737437663,0.0,3944.643030529509
BT-v3,bt,0.0,-1,,-1,BT-v3,10061,0,0.0,0,0,1,gun_kill,59.58539755596669,88.47907363830147,60.0985613199796,2.420083519361568,45.53801991245072,9.389443898986913e-05,6.07802072853098e-05,0.0,5881.466420822688
BT-v3,bt,0.0,-1,,-1,BT-v3,10061,1,0.0,0,0,1,gun_kill,88.26425078752527,22.332448868559307,7.407676256799423,7.774299157978069,60.94916859933389,5.6958858439049357e-05,3.0262449800374115e-05,0.0,4089.649037978158
BT-v3,bt,0.0,-1,,-1,BT-v3,10062,0,0.0,0,0,1,gun_kill,98.79148078079818,41.67991153621852,78.60064564356325,4.4322752326159165,70.88619303335489,0.0,0.0,0.0,4889.69538610293
BT-v3,bt,0.0,-1,,-1,BT-v3,10062,1,1.0,1,0,0,gun_kill,30.92193986760852,92.64594566931841,23.085544254698753,6.652083874930769,114.13782954143107,0.0,0.00011144329591001167,0.0,3123.596260191278
BT-v3,bt,0.0,-1,,-1,BT-v3,10063,0,0.5,0,1,0,timeout,89.94076349872745,98.85608252165869,39.46560034700347,5.569980023019699,88.95263611652467,0.0,5.688338450748431e-05,0.0,4743.535759654084
BT-v3,bt,0.0,-1,,-1,BT-v3,10063,1,0.5,0,1,0,timeout,48.63970866414439,94.38620111191669,23.030982279992994,1.2592385228172729,73.52777851769066,6.374487987785477e-05,2.9195101515301588e-05,0.0,4500.745523622146
BT-v3,bt,0.0,-1,,-1,BT-v3,10064,0,1.0,1,0,0,gun_kill,36.24469413783578,14.720826988625557,21.51564132948549,1.453060702782829,108.82134212462037,7.09910702676245e-05,0.0,0.0,5743.954225664831
BT-v3,bt,0.0,-1,,-1,BT-v3,10064,1,0.0,0,0,1,gun_kill,34.421708608296235,77.90041615901056,14.032137845077253,1.422848494934155,100.2165088791735,7.126528229771394e-05,2.7126977536208003e-06,0.0,5027.7806739655025
BT-v3,bt,0.0,-1,,-1,BT-v3,10065,0,1.0,1,0,0,gun_kill,37.60836081056824,9.135014749797465,43.3864044743953,1.5597133938263008,99.10535417908233,4.120503409709111e-05,4.8665855836827875e-05,0.0,3801.986176018433
BT-v3,bt,0.0,-1,,-1,BT-v3,10065,1,0.0,0,0,1,gun_kill,105.07950071449682,57.22473645717157,44.02249764889407,2.875791536525095,51.531161071536985,0.0,0.0,0.0,4365.100019113619
BT-v3,bt,0.0,-1,,-1,BT-v3,10066,0,0.0,0,0,1,gun_kill,69.27567768185921,81.65297853573523,23.32898863358297,6.772124287317048,107.29376115852068,0.0,0.00014788131649210833,0.0,4407.811021475376
BT-v3,bt,0.0,-1,,-1,BT-v3,10066,1,0.0,0,0,1,gun_kill,96.71484655649611,94.68036240650842,42.737949406238265,3.8009611323694283,87.75628075779068,0.00015530229351914273,0.0,0.0,5323.347780183729
BT-v3,bt,0.0,-1,,-1,BT-v3,10067,0,0.0,0,0,1,gun_kill,78.34509885616086,0.804420697998165,73.3735827637243,6.800665513388659,116.78009084643654,7.276028924660201e-06,6.464194289485129e-05,0.0,4712.205409792414
BT-v3,bt,0.0,-1,,-1,BT-v3,10067,1,0.5,0,1,0,timeout,88.84559879910958,96.34046698058403,42.10319217426331,5.455155388218377,85.35519761544494,8.967665142202773e-06,0.0,0.0,3244.282256347446
BT-v3,bt,0.0,-1,,-1,BT-v3,10068,0,0.0,0,0,1,gun_kill,72.53072796527904,98.11764311481222,61.87375058908887,1.6222647539608985,56.36065916338521,0.0,0.00010363678571358997,0.0,4885.1132351617325
BT-v3,bt,0.0,-1,,-1,BT-v3,10068,1,1.0,1,0,0,gun_kill,97.36468273467204,47.453094089150895,35.64865740127796,2.2864404273983476,33.11832526232952,5.1534271287453085e-05,3.6629720377104287e-05,0.0,3131.979630505337
BT-v3,bt,0.0,-1,,-1,BT-v3,10069,0,0.0,0,0,1,gun_kill,81.65923783919456,40.03964211955816,26.861433808453995,0.2366104993822482,88.77726770412272,0.00011683621651389201,4.1993183012338746e-05,0.0,3107.6495977396316
BT-v3,bt,0.0,-1,,-1,BT-v3,10069,1,1.0,1,0,0,gun_kill,81.5302596779512,32.450477296046586,83.59293976186319,4.406665131723504,55.55583139807494,6.083889745204867e-05,7.333899014864429e-05,0.0,5642.402943037143
BT-v3,bt,0.0,-1,,-1,BT-v3,10070,0,0.5,0,1,0,timeout,51.7651904333966,2.413207669976236,10.63330025897644,7.8289324381426475,50.04724887704849,0.0,0.0,0.0,5089.130616292722
BT-v3,bt,0.0,-1,,-1,BT-v3,10070,1,0.0,0,0,1,gun_kill,119.78390476026944,11.27341828190156,71.34745491419613,0.1381148738196547,38.04789984070202,0.0001862681463852731,0.00017226422535998807,0.0,4120.074174256908
BT-v3,bt,0.0,-1,,-1,BT-v3,10071,0,0.5,0,1,0,timeout,108.6510431613937,89.05459320040087,49.93731253721339,5.707629416693275,86.7044112596931,0.00014309296984722097,0.0,0.0,4687.698198856797
BT-v3,bt,0.0,-1,,-1,BT-v3,10071,1,0.5,0,1,0,timeout,71.12200899583172,53.55112822832774,23.527816055818775,6.008994508918414,103.40360840130884,0.0,1.5302846931234776e-05,0.0,3913.165550654108
BT-v3,bt,0.0,-1,,-1,BT-v3,10072,0,1.0,1,0,0,gun_kill,30.641242357976072,84.36821088446325,8.145060655150438,2.299706946273502,61.307983661768304,0.0,7.259782214869222e-05,0.0,5291.9168984245025
BT-v3,bt,0.0,-1,,-1,BT-v3,10072,1,1.0,1,0,0,gun_kill,117.04625074222592,97.21333485128292,74.59176938212362,4.097813501925455,87.53858943529114,0.0001776894624082608,0.0,0.0,5021.448775242287
BT-v3,bt,0.0,-1,,-1,BT-v3,10073,0,0.0,0,0,1,gun_kill,116.60235899372445,47.70817640662227,29.9986835570795,7.222960225811126,104.98215250954931,0.0,0.0,0.0,4685.854412967925
BT-v3,bt,0.0,-1,,-1,BT-v3,10073,1,0.0,0,0,1,gun_kill,62.277880443304376,40.990886876243984,20.14869665972564,0.017259360579726213,45.743955158494785,2.729807695016447e-05,0.0002227148909987785,0.0,4677.09145350549
BT-v3,bt,0.0,-1,,-1,BT-v3,10074,0,0.0,0,0,1,gun_kill,65.27570845534886,15.08304762056869,76.76168828608915,2.3573725142599704,44.497354390311884,8.147660902292247e-06,0.0,0.0,3722.0863228472444
BT-v3,bt,0.0,-1,,-1,BT-v3,10074,1,0.0,0,0,1,gun_kill,76.2565185624857,69.09522766504818,98.57589448827093,0.3835019334031662,111.37379336823824,0.0,0.0,0.0,4440.780405469518
BT-v3,bt,0.0,-1,,-1,BT-v3,10075,0,1.0,1,0,0,gun_kill,50.295483875933826,19.532195854386558,44.01580944302962,5.517422330045583,107.57899029880625,0.0,0.0,0.0,3068.3000916294723
BT-v3,bt,0.0,-1,,-1,BT-v3,10075,1,0.0,0,0,1,gun_kill,109.98162929271273,73.44828215705365,30.647865673918197,7.290970172326111,100.07849304045793,0.0,0.0,0.0,3584.0186342699344
BT-v3,bt,0.0,-1,,-1,BT-v3,10076,0,0.0,0,0,1,gun_kill,38.302502141675504,98.38324731397134,71.28461007883816,5.674490953455008,50.37163606730593,0.0,0.0,0.0,4499.379935040403
BT-v3,bt,0.0,-1,,-1,BT-v3,10076,1,0.5,0,1,0,timeout,82.71462915265249,71.3521825542438,87.54436540914233,6.379999802549263,42.29809931362421,0.0,0.0,0.0,3716.193762505707
BT-v3,bt,0.0,-1,,-1,BT-v3,10077,0,1.0,1,0,0,gun_kill,89.81162303713037,96.98655180541783,97.18852518022359,0.7316950317725777,55.68565545058718,5.433109867485404e-05,0.0,0.0,4661.199264223983
BT-v3,bt,0.0,-1,,-1,BT-v3,10077,1,0.0,0,0,1,gun_kill,103.66537404840021,55.105076646922605,59.10380305799669,7.776515422425345,72.66847790633815,0.0,0.0,0.0,5691.337930491127
BT-v3,bt,0.0,-1,,-1,BT-v3,10078,0,0.0,0,0,1,gun_kill,34.81556936172605,20.638638343053838,29.33791430372551,4.158981638999463,102.02538380702597,0.0,0.0,0.0,3311.891619349154
BT-v3,bt,0.0,-1,,-1,BT-v3,10078,1,1.0,1,0,0,gun_kill,91.23486966092574,28.883429420155128,97.06581566612206,5.168904353429487,46.402084836663406,1.0611671526318638e-05,0.0,0.0,3851.9785509878093
BT-v3,bt,0.0,-1,,-1,BT-v3,10079,0,1.0,1,0,0,gun_kill,116.60575620300672,68.04442278808271,75.72517068158974,0.06473206536311515,76.44911853085833,0.0,0.0,0.0,3523.4182533109374
BT-v3,bt,0.0,-1,,-1,BT-v3,10079,1,0.0,0,0,1,gun_kill,53.42486733814872,75.81425987860496,95.38582379807595,5.2414426297894625,82.99069849965304,0.0,0.0,0.0,4952.398120305876
BT-v3,bt,0.0,-1,,-1,BT-v3,10080,0,0.0,0,0,1,gun_kill,71.65526083926474,77.31357628203959,18.660897456750682,4.5112486777376795,106.27672880798269,6.327600020106241e-05,2.984927863904387e-07,0.0,3532.5835422573887
BT-v3,bt,0.0,-1,,-1,BT-v3,10080,1,1.0,1,0,0,gun_kill,95.3912891514389,24.70153671458577,29.47138925696248,5.830006155646112,84.4919670168798,0.00012569245616962015,0.0,0.0,3681.9560369768724
BT-v3,bt,0.0,-1,,-1,BT-v3,10081,0,1.0,1,0,0,gun_kill,45.007659031135724,0.9684458850519051,86.16070955515478,0.6960727093272379,67.13622227466891,0.0,0.00011949541717720438,0.0,3584.0780272965662
BT-v3,bt,0.0,-1,,-1,BT-v3,10081,1,1.0,1,0,0,gun_kill,117.09298825173221,2.3390965206097736,73.9023140753292,0.37426047363820736,115.16676912264032,0.00016309574150328446,0.0,0.0,4329.891526621432
BT-v3,bt,0.0,-1,,-1,BT-v3,10082,0,0.0,0,0,1,gun_kill,89.5324473572901,2.4978752521127134,82.92243664134847,2.2154893992649516,115.22975878171736,0.00012155630681324576,8.442023974035994e-05,0.0,3254.320009709003
BT-v3,bt,0.0,-1,,-1,BT-v3,10082,1,1.0,1,0,0,gun_kill,89.31147883575751,2.506777202634558,27.469255919722222,6.8225534788565865,80.58195126262643,0.0001393407639464973,7.703007352116198e-05,0.0,5220.42273981992
BT-v3,bt,0.0,-1,,-1,BT-v3,10083,0,1.0,1,0,0,gun_kill,56.71614134790618,61.65273327936701,81.73380676570758,2.547963549780662,54.62050120495516,2.8542216951609752e-05,4.4234775122218394e-05,0.0,5730.188012737763
BT-v3,bt,0.0,-1,,-1,BT-v3,10083,1,1.0,1,0,0,gun_kill,43.705855396898244,74.81536186723713,40.940677603607554,0.7311779328258279,79.44006554299177,0.0,0.0,0.0,3608.452607007686
BT-v3,bt,0.0,-1,,-1,BT-v3,10084,0,1.0,1,0,0,gun_kill,99.92333407446255,77.29635718570633,12.033068185746941,5.082177914696221,61.30824665401849,3.5310669738044854e-05,1.3696282062358508e-05,0.0,5305.613802816327
BT-v3,bt,0.0,-1,,-1,BT-v3,10084,1,0.0,0,0,1,gun_kill,42.13841914571898,15.486213511197311,66.58405271973551,5.182465152825076,32.36569641943514,3.7680986987808206e-05,0.00011515998657210354,0.0,3719.8824187141763
BT-v3,bt,0.0,-1,,-1,BT-v3,10085,0,1.0,1,0,0,gun_kill,101.82214924490948,28.454544123726976,7.510982723785564,4.922028087135012,33.90893353086543,6.37544663045044e-05,0.0,0.0,3747.4350707420344
BT-v3,bt,0.0,-1,,-1,BT-v3,10085,1,1.0,1,0,0,gun_kill,104.91881879345472,77.4158958765669,20.63772093394475,4.475965363909721,85.0465068668926,0.00021473289660426547,0.0,0.0,3957.7470036947716
BT-v3,bt,0.0,-1,,-1,BT-v3,10086,0,1.0,1,0,0,gun_kill,79.18627061164038,73.14242845454625,92.32735873120824,3.780631168383737,68.49913477586115,4.7451996302067705e-05,0.0,0.0,4695.665501334828
BT-v3,bt,0.0,-1,,-1,BT-v3,10086,1,1.0,1,0,0,gun_kill,31.071850799533678,31.49642095296874,37.63492360252827,6.078926285111725,117.19755444118591,0.0,0.0,0.0,5509.361416173981
BT-v3,bt,0.0,-1,,-1,BT-v3,10087,0,0.0,0,0,1,gun_kill,90.59743396370284,58.8719189632221,40.72963412227676,3.5331964979603523,40.0366277162541,0.0,0.0,0.0,4280.42907916904
BT-v3,bt,0.0,-1,,-1,BT-v3,10087,1,1.0,1,0,0,gun_kill,47.70287985241353,62.549533885949856,33.6015456517916,0.011354667162259524,51.992488746214434,5.3594061436634746e-05,0.0,0.0,5295.868572950241
BT-v3,bt,0.0,-1,,-1,BT-v3,10088,0,0.0,0,0,1,gun_kill,44.78182721916315,86.16129388544861,0.666266643774327,3.5655711780843964,90.86731421843484,1.6789785846247143e-05,0.0,0.0,3119.29964764718
BT-v3,bt,0.0,-1,,-1,BT-v3,10088,1,0.0,0,0,1,gun_kill,113.08195225173976,1.4483561222025987,21.789985159478697,3.8484225162455026,49.637655819888536,0.0,0.0001662210059993083,0.0,5593.834920771489
BT-v3,bt,0.0,-1,,-1,BT-v3,10089,0,1.0,1,0,0,gun_kill,114.51897792346928,89.58069193723878,48.688071077559016,0.8123595122977081,108.31083491815716,0.0,5.647504046901728e-05,0.0,5699.615185782133
BT-v3,bt,0.0,-1,,-1,BT-v3,10089,1,0.5,0,1,0,timeout,113.09998977231999,3.980079222700461,19.33619024275679,5.231298002720322,106.50530953781384,0.0,4.1444404538770075e-05,0.0,3212.129846886435
BT-v3,bt,0.0,-1,,-1,BT-v3,10090,0,1.0,1,0,0,gun_kill,49.832049749888775,11.768282075252845,95.89618831986355,0.507448168778259,113.47170458106358,0.0,0.0,0.0,5412.703689529223
BT-v3,bt,0.0,-1,,-1,BT-v3,10090,1,1.0,1,0,0,gun_kill,47.05937993256926,46.99499517881042,50.142404165062274,0.24104844051183072,51.398564334073185,2.4798352152045394e-05,4.474585922963731e-05,0.0,3807.2948310196225
BT-v3,bt,0.0,-1,,-1,BT-v3,10091,0,0.0,0,0,1,gun_kill,37.73494095896679,70.75620242387623,70.93420203616824,1.6095032907608484,113.31375482597056,0.00015375735244743463,0.00010092566211499163,0.0,5571.232498775076
BT-v3,bt,0.0,-1,,-1,BT-v3,10091,1,1.0,1,0,0,gun_kill,94.0663384910583,72.26405809023883,78.75985617135322,2.491487791421327,61.67027666088377,6.438822129037332e-05,0.00012201230880905397,0.0,3142.0017723502433
BT-v3,bt,0.0,-1,,-1,BT-v3,10092,0,1.0,1,0,0,gun_kill,89.35216568495984,1.3655778578468225,60.556306345667885,5.732855012536186,48.581262294705795,0.00015801860173214908,1.6636566774149638e-05,0.0,4479.482604955936
BT-v3,bt,0.0,-1,,-1,BT-v3,10092,1,1.0,1,0,0,gun_kill,88.83774593050971,53.569688065588664,6.021886322309378,2.379593030485709,92.26260015672119,0.0,0.0,0.0,4405.089102391243
BT-v3,bt,0.0,-1,,-1,BT-v3,10093,0,0.0,0,0,1,gun_kill,54.008230221788565,39.338997245205164,46.92337150028888,1.5380085408678248,70.67622390121218,0.00013734869266249106,8.213842974949271e-05,0.0,5503.851511470935
BT-v3,bt,0.0,-1,,-1,BT-v3,10093,1,1.0,1,0,0,gun_kill,59.998567992474165,44.51228394220955,68.97500572578821,3.2435360184384914,107.15759442758221,0.0,2.231101091203874e-06,0.0,3918.3251129109035
BT-v3,bt,0.0,-1,,-1,BT-v3,10094,0,0.0,0,0,1,gun_kill,114.87603160389575,93.17824700495422,83.23486413844508,2.0441799225400388,80.51115131695764,0.0,5.1048137959981556e-05,0.0,3182.83554195952
BT-v3,bt,0.0,-1,,-1,BT-v3,10094,1,0.5,0,1,0,timeout,107.8190515353926,77.54406361667846,37.93250141951654,4.137017186822025,108.27875804257674,2.759604395203237e-05,0.0,0.0,4728.405283950295
BT-v3,bt,0.0,-1,,-1,BT-v3,10095,0,1.0,1,0,0,gun_kill,88.71840713397356,73.62949078970497,8.22169246324883,7.037363975018899,68.83325138720899,1.991699688303296e-05,0.0,0.0,4952.2320346329525
BT-v3,bt,0.0,-1,,-1,BT-v3,10095,1,1.0,1,0,0,gun_kill,49.244055910833104,92.52827974821032,57.84024420086921,6.251907909223245,114.47929352019572,7.773583046166896e-05,0.0,0.0,3226.665433656064
BT-v3,bt,0.0,-1,,-1,BT-v3,10096,0,0.5,0,1,0,timeout,31.545498194985655,0.38090658784888376,51.293558638827164,6.1634246846043395,37.10321695084512,0.0,0.0,0.0,5113.316460743395
BT-v3,bt,0.0,-1,,-1,BT-v3,10096,1,0.0,0,0,1,gun_kill,50.92507259421396,49.104369663628376,50.35573499531883,0.05823072195003576,30.288885050868082,0.0,6.627107842838953e-05,0.0,3404.3492965123282
BT-v3,bt,0.0,-1,,-1,BT-v3,10097,0,0.0,0,0,1,gun_kill,48.46777035733846,69.26659195809873,71.66994295307668,4.517512918350509,67.45328825659679,0.0,0.0,0.0,5927.351107594432
BT-v3,bt,0.0,-1,,-1,BT-v3,10097,1,0.0,0,0,1,gun_kill,48.00818196720657,56.395929779101415,41.121688601829085,1.1078098465515769,54.410386174099585,0.0,0.0,0.0,3001.529216899109
BT-v3,bt,0.0,-1,,-1,BT-v3,10098,0,0.5,0,1,0,timeout,45.26824651815852,32.58821620326721,26.03761062990625,4.103412140455963,115.62412161641981,0.0,9.371382084947467e-05,0.0,4244.956719036265
BT-v3,bt,0.0,-1,,-1,BT-v3,10098,1,0.0,0,0,1,gun_kill,86.87714677674109,74.58146116018494,6.930249439668234,5.152926710309605,80.03539024875211,8.554569408377107e-05,0.0,0.0,5073.097931601358
BT-v3,bt,0.0,-1,,-1,BT-v3,10099,0,0.5,0,1,0,timeout,96.822912532379,65.23260670056,32.49789381528413,7.062519185066182,58.98297519876942,0.0,4.231392085505835e-05,0.0,3534.31976095197
BT-v3,bt,0.0,-1,,-1,BT-v3,10099,1,0.0,0,0,1,gun_kill,116.7099400927168,74.29063522005796,59.84561722794338,5.321101456607744,116.68541120230095,0.0,0.00011386619871453159,0.0,5068.568129082312
HYB-b1000000-a0.25,hybrid,0.0,-1,,-1,BT-v2,10000,0,0.0,0,0,1,gun_kill,63.173845557518646,3.226097034725117,67.53272392282531,1.4950866839322146,45.90084240049747,0.00544819589319915,0.0024435997334595473,0.0,4783.618276483958
HYB-b1000000-a0.25,hybrid,0.0,-1,,-1,BT-v2,10000,1,0.0,0,0,1,gun_kill,69.34416067661259,76.30846431788149,66.39601753769526,4.376710857162656,65.03357396134102,0.005718655106954687,0.005534360704558141,0.0,4262.783708666151
HYB-b1000000-a0.25,hybrid,0.0,-1,,-1,BT-v2,10001,0,0.0,0,0,1,gun_kill,35.26489974033587,84.43326049527388,82.7315253207648,5.831338431731511,92.68617365522002,0.002588764764973256,0.004003537500688445,0.0,4062.9561980707063
HYB-b1000000-a0.25,hybrid,0.0,-1,,-1,BT-v2,10001,1,1.0,1,0,0,gun_kill,68.8463211652668,87.2414540828818,20.409532883963532,2.8909477542605178,46.63895472150696,0.00406444883879581,0.004704318095751633,0.0,5570.773669605658
HYB-b1000000-a0.25,hybrid,0.0,-1,,-1,BT-v2,10002,0,0.0,0,0,1,gun_kill,45.08547423112702,11.501490975025108,42.28227090806524,1.3134366150122272,64.02132232800002,0.004918804885162714,0.00410513397932037,0.0,4745.088448081336
HYB-b1000000-a0.25,hybrid,0.0,-1,,-1,BT-v2,10002,1,0.0,0,0,1,gun_kill,80.84424995117686,58.204172575675095,54.589466417058134,4.005947250771757,61.62527256464821,0.004055931670591164,0.0031819668910285097,0.0,4841.241461619916
HYB-b1000000-a0.25,hybrid,0.0,-1,,-1,BT-v2,10003,0,0.0,0,0,1,gun_kill,113.40426114767337,39.724141419705305,9.29784071283165,4.072296375389048,94.00748370932756,0.003567847282227491,0.002698256884589507,0.0,5584.845780903573
HYB-b1000000-a0.25,hybrid,0.0,-1,,-1,BT-v2,10003,1,0.0,0,0,1,gun_kill,118.37476471125962,29.18557824654904,93.42540418728301,3.1408351412397666,65.60994719959051,0.0036126669893651008,0.003965954972491134,0.0,3817.807470215009
HYB-b1000000-a0.25,hybrid,0.0,-1,,-1,BT-v2,10004,0,1.0,1,0,0,gun_kill,36.12966832570311,77.56806757932961,67.07474905602894,1.922309916256908,116.31726948897735,0.003152339025710173,0.004016755308919464,0.0,4713.344759758511
HYB-b1000000-a0.25,hybrid,0.0,-1,,-1,BT-v2,10004,1,0.5,0,1,0,timeout,37.36611296784274,52.827604500929084,0.6579612059290918,4.771852021251215,119.31046380492909,0.005044372896686697,0.004156647856075023,0.0,4494.903908539945
HYB-b1000000-a0.25,hybrid,0.0,-1,,-1,BT-v2,10005,0,0.0,0,0,1,gun_kill,50.63246243952608,29.35924778749712,69.48158009610633,1.799766132413926,34.366880926257416,0.004567409194060175,0.0025465090967907514,0.0,3818.9764956073554
HYB-b1000000-a0.25,hybrid,0.0,-1,,-1,BT-v2,10005,1,1.0,1,0,0,gun_kill,69.94091668279852,95.4583371049591,52.995439323044536,5.780564221239608,46.62930452881129,0.0038065380040124648,0.0023019447792504135,0.0,4167.383477216685
HYB-b1000000-a0.25,hybrid,0.0,-1,,-1,BT-v2,10006,0,0.5,0,1,0,timeout,74.63929182903641,34.61787138714564,33.954574827478524,5.194541500486863,117.28643263443566,0.00573840300937747,0.002832182233023086,0.0,3262.8006298082346
HYB-b1000000-a0.25,hybrid,0.0,-1,,-1,BT-v2,10006,1,0.0,0,0,1,gun_kill,50.13791041415506,16.868818096872907,26.70638072398297,6.9354834379478305,97.37748452581015,0.0043478481432065175,0.006359118892116348,0.0,4982.2356543593105
HYB-b1000000-a0.25,hybrid,0.0,-1,,-1,BT-v2,10007,0,0.5,0,1,0,timeout,38.52028572856746,9.512038763324536,63.6048890136457,7.449476456838794,108.5976958780315,0.004931909400699529,0.00148695869870264,0.0,3937.728325634479
HYB-b1000000-a0.25,hybrid,0.0,-1,,-1,BT-v2,10007,1,0.0,0,0,1,gun_kill,117.43122203571374,27.854613442782895,13.106193410780575,3.1917927535764425,76.855882446713,0.004763878878995618,0.0032109217194071175,0.0,4297.141508507934
HYB-b1000000-a0.25,hybrid,0.0,-1,,-1,BT-v2,10008,0,1.0,1,0,0,gun_kill,54.191159682327836,44.06153592237788,30.18447521581201,0.37691189013213844,75.05885933317273,0.005230216200936685,0.0029888844946719005,0.0,4113.116283222583
HYB-b1000000-a0.25,hybrid,0.0,-1,,-1,BT-v2,10008,1,0.5,0,1,0,timeout,107.06476515190049,63.66940445701432,25.627914807494502,3.7930653720043317,92.66576946185802,0.004770879572091172,0.0042509233671650494,0.0,5711.944326332403
HYB-b1000000-a0.25,hybrid,0.0,-1,,-1,BT-v2,10009,0,1.0,1,0,0,gun_kill,119.69600025654503,70.33847337098038,10.090931447228524,5.829950807387453,68.90478694490852,0.003705414273331102,0.0010787639666536286,0.0,4900.029820565927
HYB-b1000000-a0.25,hybrid,0.0,-1,,-1,BT-v2,10009,1,0.5,0,1,0,timeout,117.4592266781031,70.50524454023322,55.8275087139696,6.059977125181963,109.86365713936299,0.0032725170811963573,0.0018393932151143542,0.0,3088.355216691285
HYB-b1000000-a0.25,hybrid,0.0,-1,,-1,BT-v2,10010,0,0.0,0,0,1,gun_kill,86.12685441665835,18.874717566420184,68.13293581035323,6.044206796749097,95.70159011997052,0.003645929435244378,0.006178421955699325,0.0,4916.17661015609
HYB-b1000000-a0.25,hybrid,0.0,-1,,-1,BT-v2,10010,1,1.0,1,0,0,gun_kill,64.71972477115094,59.22201486317199,54.795489598587736,7.728104041005451,31.85410433455622,0.006155255223883216,0.0063894564247097795,0.0,5487.526398718435
HYB-b1000000-a0.25,hybrid,0.0,-1,,-1,BT-v2,10011,0,0.0,0,0,1,gun_kill,111.90187831668715,77.53790965099346,96.35171023781342,7.304071552083267,95.64926794777821,0.0031658593287474204,0.002386120016206526,0.0,5144.4142509684425
HYB-b1000000-a0.25,hybrid,0.0,-1,,-1,BT-v2,10011,1,0.5,0,1,0,timeout,81.6749815342497,65.59781537406248,49.108571990629,3.058728388797097,58.249744622247114,0.0061127365097182595,0.005315737394120876,0.0,3210.6784349707923
HYB-b1000000-a0.25,hybrid,0.0,-1,,-1,BT-v2,10012,0,0.0,0,0,1,gun_kill,84.54131631962815,37.99225759154634,38.33290887717099,2.8253558386366766,110.47985698823244,0.005514904164352595,0.0035208650562396538,0.0,5769.378753802914
HYB-b1000000-a0.25,hybrid,0.0,-1,,-1,BT-v2,10012,1,0.0,0,0,1,gun_kill,115.07399047551051,66.80282944408312,4.68821234151936,6.697240183862347,115.36604825338932,0.004700100657408602,0.0033300599018530165,0.0,3359.170543522619
HYB-b1000000-a0.25,hybrid,0.0,-1,,-1,BT-v2,10013,0,0.0,0,0,1,gun_kill,118.27175288885132,72.30567217244241,2.0520203367808465,3.694060232860238,73.71607509144499,0.0049713042760626235,0.0034187773045677196,0.0,4226.216887508801
HYB-b1000000-a0.25,hybrid,0.0,-1,,-1,BT-v2,10013,1,0.5,0,1,0,timeout,38.66964946492783,24.337529936620996,35.343294353635855,6.918130178554321,100.45364561155901,0.006664989492971231,0.0051206658260019395,0.0,3613.7119168109007
HYB-b1000000-a0.25,hybrid,0.0,-1,,-1,BT-v2,10014,0,0.0,0,0,1,gun_kill,101.91519934798065,86.58333613018199,96.55995121037199,0.7541768726810103,57.994510835735895,0.0032951210685548613,0.007038637907458759,0.0,4690.21264788072
HYB-b1000000-a0.25,hybrid,0.0,-1,,-1,BT-v2,10014,1,0.5,0,1,0,timeout,68.1726066995898,3.4260436263446215,76.3800306404898,0.743594678749206,93.50311958257717,0.003922629731405275,0.0034762235448632024,0.0,5960.467642578145
HYB-b1000000-a0.25,hybrid,0.0,-1,,-1,BT-v2,10015,0,1.0,1,0,0,gun_kill,73.35700072381933,27.9392422827323,58.00622361842963,4.666358031178775,92.07685798339841,0.003613914596210584,0.003598958756336044,0.0,4287.20358747378
HYB-b1000000-a0.25,hybrid,0.0,-1,,-1,BT-v2,10015,1,0.0,0,0,1,gun_kill,30.784935863723998,2.5111066171558227,36.09409585634641,5.138418155373386,93.91914782055716,0.0018095516208437856,0.002782242290546625,0.0,5609.90915154989
HYB-b1000000-a0.25,hybrid,0.0,-1,,-1,BT-v2,10016,0,1.0,1,0,0,gun_kill,41.1260842134824,71.17941271446747,69.65594642885658,3.7860452196776135,54.18719543427648,0.003653434145655311,0.0035138582250609754,0.0,5899.757728213524
HYB-b1000000-a0.25,hybrid,0.0,-1,,-1,BT-v2,10016,1,0.0,0,0,1,gun_kill,76.86150453979594,28.794683800938124,23.04882981643016,3.3743542934386896,96.1805933458842,0.0033206613352725,0.007071033603735694,0.0,4491.284256818692
HYB-b1000000-a0.25,hybrid,0.0,-1,,-1,BT-v2,10017,0,1.0,1,0,0,gun_kill,116.02575804785846,33.06392625827951,42.98980897269236,3.452110180831843,96.00585962997755,0.004348916187269395,0.004942985702441897,0.0,3254.4620473310256
HYB-b1000000-a0.25,hybrid,0.0,-1,,-1,BT-v2,10017,1,0.0,0,0,1,gun_kill,106.9925642312453,22.522874072622734,88.04295611974167,3.1384112859787745,40.59672794891283,0.003387947166919935,0.00034449219057236915,0.0,4202.922411181433
HYB-b1000000-a0.25,hybrid,0.0,-1,,-1,BT-v2,10018,0,0.0,0,0,1,gun_kill,62.166139315559995,93.49704111092122,51.343111539041665,0.34427891661648324,91.88586570520212,0.004689727997479024,0.0032237605956171814,0.0,4913.462244625781
HYB-b1000000-a0.25,hybrid,0.0,-1,,-1,BT-v2,10018,1,0.5,0,1,0,timeout,71.49745638414801,27.72432873330163,13.297643413247329,1.8311998917650145,69.59466357852628,0.0011378175299393222,0.005185501456946386,0.0,4364.735263937965
HYB-b1000000-a0.25,hybrid,0.0,-1,,-1,BT-v2,10019,0,0.0,0,0,1,gun_kill,89.06489510377025,96.97431112262687,20.71239028056703,4.62757296239376,99.69381417303327,0.0029949676498758964,0.005018546225058219,0.0,3676.549330162478
HYB-b1000000-a0.25,hybrid,0.0,-1,,-1,BT-v2,10019,1,1.0,1,0,0,gun_kill,69.85995377171429,62.426967381776144,13.092815920453349,7.9627289702049255,103.95429137067988,0.0035507425828727266,0.006156089542647835,0.0,3420.9378310862585
HYB-b1000000-a0.25,hybrid,0.0,-1,,-1,BT-v2,10020,0,1.0,1,0,0,gun_kill,69.83146361813675,15.351230076748823,79.1416777775162,5.443318142878168,47.35108852014093,0.001974578024440133,0.0015800286094358128,0.0,3531.44074990477
HYB-b1000000-a0.25,hybrid,0.0,-1,,-1,BT-v2,10020,1,0.5,0,1,0,timeout,34.663290717628854,76.26462368581008,69.95655873419938,4.67765900106931,44.68817221209237,0.0052724683726494475,0.0027607814005449153,0.0,3152.0489615201973
HYB-b1000000-a0.25,hybrid,0.0,-1,,-1,BT-v2,10021,0,0.5,0,1,0,timeout,73.32082857678012,56.43045024943144,67.27986718142283,7.130253607926899,72.80919426694702,0.006169860191992501,0.0032612817019112604,0.0,5941.289175752885
HYB-b1000000-a0.25,hybrid,0.0,-1,,-1,BT-v2,10021,1,1.0,1,0,0,gun_kill,47.40410724804928,25.101896963805025,61.90556243298468,7.556374835434343,69.08050576202211,0.004482826122221064,0.003166999285093325,0.0,4301.282467328696
HYB-b1000000-a0.25,hybrid,0.0,-1,,-1,BT-v2,10022,0,0.5,0,1,0,timeout,72.49770857293365,40.10186169948295,41.202008220054296,6.435116888666279,50.29730088605372,0.0038229187277378884,0.004814453903550428,0.0,3816.1148026558567
HYB-b1000000-a0.25,hybrid,0.0,-1,,-1,BT-v2,10022,1,1.0,1,0,0,gun_kill,61.965735588608126,54.64544665950248,92.5236035033683,5.938326618492821,113.3175998648083,0.00341885376926944,0.002821216429506248,0.0,4924.017335822751
HYB-b1000000-a0.25,hybrid,0.0,-1,,-1,BT-v2,10023,0,0.5,0,1,0,timeout,90.27145319509378,72.25607070544268,7.794125296916421,2.4372323724070144,45.29804775255546,0.004312431824214778,0.001599929062136701,0.0,3360.0928288218392
HYB-b1000000-a0.25,hybrid,0.0,-1,,-1,BT-v2,10023,1,1.0,1,0,0,gun_kill,35.019216780520125,99.78077773600222,70.11175879983693,2.819573796548057,64.6099664335031,0.0030996280531402063,0.004022343283195713,0.0,5648.14531473362
HYB-b1000000-a0.25,hybrid,0.0,-1,,-1,BT-v2,10024,0,1.0,1,0,0,gun_kill,110.10625134839714,33.76545345652843,15.69532343593143,5.128271694675141,49.29302755534029,0.0008368949201918749,0.0038531879337924233,0.0,5259.839202236856
HYB-b1000000-a0.25,hybrid,0.0,-1,,-1,BT-v2,10024,1,0.5,0,1,0,timeout,55.36759310151421,13.275670457514844,29.89276843966816,6.215015609746522,30.995031624068446,0.0032150403618752404,0.002618380747431596,0.0,3287.506348328563
HYB-b1000000-a0.25,hybrid,0.0,-1,,-1,BT-v2,10025,0,0.0,0,0,1,gun_kill,110.00617783780932,53.66219963331713,61.68523598057213,6.279641933122178,117.33104604403695,0.0018769125819175837,0.00525317140826069,0.0,3741.3734523972903
HYB-b1000000-a0.25,hybrid,0.0,-1,,-1,BT-v2,10025,1,1.0,1,0,0,gun_kill,100.55403424952867,77.45061937773109,46.87391112760254,6.831848549666409,39.32077746336741,0.004975863294436825,0.0,0.0,3618.4294715010947
HYB-b1000000-a0.25,hybrid,0.0,-1,,-1,BT-v2,10026,0,0.5,0,1,0,timeout,78.09671788498355,57.89633959773652,85.30456060466598,3.370762641229395,96.2633136454264,0.0029861292634509613,0.004121755260237489,0.0,4524.174339478945
HYB-b1000000-a0.25,hybrid,0.0,-1,,-1,BT-v2,10026,1,1.0,1,0,0,gun_kill,102.8492525784301,38.781391795593464,18.419532556900197,3.3041137099711024,107.61575205694112,0.0034123382998383824,0.004679534385064199,0.0,3262.8861218103484
HYB-b1000000-a0.25,hybrid,0.0,-1,,-1,BT-v2,10027,0,0.0,0,0,1,gun_kill,85.92413175909294,84.77901318586225,58.20774726642113,3.854763587847735,48.880600986032654,0.006190384903596266,0.0036561487496434087,0.0,3384.4264426543473
HYB-b1000000-a0.25,hybrid,0.0,-1,,-1,BT-v2,10027,1,0.0,0,0,1,gun_kill,98.22373695092196,43.56839457989129,9.68892960725577,0.708690315224616,42.19034600741242,0.005095380179044844,0.004229662655107987,0.0,3565.0537488564737
HYB-b1000000-a0.25,hybrid,0.0,-1,,-1,BT-v2,10028,0,0.0,0,0,1,gun_kill,110.10976759118913,80.23437241371035,45.17488233892224,0.3543990147601246,53.47517532382702,0.005300951417295157,0.004165050388291893,0.0,4388.675363773739
HYB-b1000000-a0.25,hybrid,0.0,-1,,-1,BT-v2,10028,1,0.0,0,0,1,gun_kill,64.8773583052276,28.259426782352083,92.05682870835552,2.7504936358892014,103.91785650129114,0.0022115146836797807,0.007167807389189974,0.0,4552.0649838598965
HYB-b1000000-a0.25,hybrid,0.0,-1,,-1,BT-v2,10029,0,1.0,1,0,0,gun_kill,44.304130681125756,88.90521867302841,25.965456338604586,2.2505869580875304,100.71698383849761,0.005556721748519012,0.004328187247838643,0.0,3263.442239723611
HYB-b1000000-a0.25,hybrid,0.0,-1,,-1,BT-v2,10029,1,1.0,1,0,0,gun_kill,107.67896879005389,83.98765303073392,21.8899080290752,0.06769888474496089,90.77435779559424,0.0028165347404248194,0.0036113701076804245,0.0,5262.433528034693
HYB-b1000000-a0.25,hybrid,0.0,-1,,-1,BT-v2,10030,0,0.0,0,0,1,gun_kill,101.19681756038585,85.2402308114143,56.9216498479999,5.329509707701478,51.17914076759313,0.004318003284776088,0.002854422694053245,0.0,3066.1881757553174
HYB-b1000000-a0.25,hybrid,0.0,-1,,-1,BT-v2,10030,1,0.5,0,1,0,timeout,109.95820115315743,19.98411278012139,9.2148460116934,4.047825306296688,97.59751352159668,0.0044654112052604005,0.001978740284569486,0.0,3825.3114003139385
HYB-b1000000-a0.25,hybrid,0.0,-1,,-1,BT-v2,10031,0,1.0,1,0,0,gun_kill,45.65182395106494,40.73635676317869,11.032974626798575,4.861087749941255,85.50957166771343,0.0015277257579967558,0.005177354047846999,0.0,3641.554843432588
HYB-b1000000-a0.25,hybrid,0.0,-1,,-1,BT-v2,10031,1,1.0,1,0,0,gun_kill,56.04613760270705,69.18951627388103,59.079212694361246,1.4527133223546906,39.066319585661525,0.00389174710495133,0.004865218879001942,0.0,5880.171241113203
HYB-b1000000-a0.25,hybrid,0.0,-1,,-1,BT-v2,10032,0,0.0,0,0,1,gun_kill,47.73507223776251,9.845622435222845,84.6216822180218,6.060105486401612,111.6059723608155,0.003274808578419049,0.0022400026583228308,0.0,4803.049313992934
HYB-b1000000-a0.25,hybrid,0.0,-1,,-1,BT-v2,10032,1,0.0,0,0,1,gun_kill,107.07312440187516,97.90179050308943,95.40138515632354,3.1814020066784234,97.23119001056615,0.004604181228433816,0.004348580120885073,0.0,4150.239568370656
HYB-b1000000-a0.25,hybrid,0.0,-1,,-1,BT-v2,10033,0,0.0,0,0,1,gun_kill,76.2154106621488,92.68737079526585,28.86736585210109,4.6534844388149255,64.14570039172472,0.003156954013268669,0.0040234088644849645,0.0,3097.977643790247
HYB-b1000000-a0.25,hybrid,0.0,-1,,-1,BT-v2,10033,1,0.0,0,0,1,gun_kill,57.179393913430786,96.65481355347659,91.47410922579995,7.34113609644782,72.03587885985476,0.002947611412412894,0.002923389537592302,0.0,5669.755397392463
HYB-b1000000-a0.25,hybrid,0.0,-1,,-1,BT-v2,10034,0,0.5,0,1,0,timeout,34.45120786356736,25.119524030204566,18.714607787212266,1.4413318718816077,97.39897967095098,0.0013954118119666233,0.0045304691845422865,0.0,3923.015030032103
HYB-b1000000-a0.25,hybrid,0.0,-1,,-1,BT-v2,10034,1,0.5,0,1,0,timeout,79.19739304231638,32.467628261560286,16.762633991863574,3.9743602909174482,35.818443940028956,0.0043096566177564955,0.0028533706428356224,0.0,4991.123287656515
HYB-b1000000-a0.25,hybrid,0.0,-1,,-1,BT-v2,10035,0,0.0,0,0,1,gun_kill,59.29763097732698,9.40287055659944,78.26579980429185,4.358987844267534,111.12939289428903,0.002554263713499618,0.003930980778231623,0.0,3098.2683083101174
HYB-b1000000-a0.25,hybrid,0.0,-1,,-1,BT-v2,10035,1,1.0,1,0,0,gun_kill,72.52872770313503,50.311085943252905,94.7022018624516,3.5304793690359046,118.47269924347044,0.002369402504161834,0.0023358752422979563,0.0,5202.73539695585
HYB-b1000000-a0.25,hybrid,0.0,-1,,-1,BT-v2,10036,0,0.0,0,0,1,gun_kill,39.78873615682254,87.79354365556941,65.00552262343862,0.8646482957523052,103.40234647726412,0.004747786836000097,0.002851343835646676,0.0,3223.5473336751793
HYB-b1000000-a0.25,hybrid,0.0,-1,,-1,BT-v2,10036,1,1.0,1,0,0,gun_kill,95.36784069224453,82.7090950081517,64.5833404362301,0.2294419410979529,42.46721125552166,0.002804473534350367,0.00231630199455329,0.0,3813.867648227976
HYB-b1000000-a0.25,hybrid,0.0,-1,,-1,BT-v2,10037,0,0.0,0,0,1,gun_kill,45.653980380744144,37.24627309806726,5.493030655173136,3.7475529920440556,90.24059430233933,0.0047885951305381685,0.003226220936842782,0.0,4718.4171628744125
HYB-b1000000-a0.25,hybrid,0.0,-1,,-1,BT-v2,10037,1,1.0,1,0,0,gun_kill,35.68739865440295,49.18876186361663,33.52661993790941,1.5620860963470466,94.28309812888939,0.004789943022174147,0.005011077840837772,0.0,3112.7766252379706
HYB-b1000000-a0.25,hybrid,0.0,-1,,-1,BT-v2,10038,0,0.0,0,0,1,gun_kill,48.43681647035163,43.717326988738016,87.48905950760295,7.707344824037047,52.7864999647921,0.005555707411510294,0.006457991991743271,0.0,4931.506122090077
HYB-b1000000-a0.25,hybrid,0.0,-1,,-1,BT-v2,10038,1,1.0,1,0,0,gun_kill,56.08333878911973,60.188711219096504,65.09530632886413,4.661300924249628,46.93906810506316,0.004317140659340829,0.004142664965939449,0.0,5394.008986620771
HYB-b1000000-a0.25,hybrid,0.0,-1,,-1,BT-v2,10039,0,1.0,1,0,0,gun_kill,76.61917433277858,41.44292518184906,55.05370685282779,2.2940249440972105,47.49703800294675,0.0014006259218421273,0.004099814965068317,0.0,4654.754850286881
HYB-b1000000-a0.25,hybrid,0.0,-1,,-1,BT-v2,10039,1,0.5,0,1,0,timeout,90.95686556382994,39.963970251078784,61.68524352572393,5.1437446808906415,85.2947638491444,0.002637182674022279,0.004005013249543553,0.0,3998.5129129472216
HYB-b1000000-a0.25,hybrid,0.0,-1,,-1,BT-v2,10040,0,0.0,0,0,1,gun_kill,63.62848358225544,21.991562887184923,48.15497450782259,0.10308255638353536,65.7284983960366,0.004196850360581307,0.0049559501925418225,0.0,5788.161818259188
HYB-b1000000-a0.25,hybrid,0.0,-1,,-1,BT-v2,10040,1,1.0,1,0,0,gun_kill,52.77068883519409,87.2326701709401,64.63297332813178,6.138290750753488,108.46811543399835,0.005512367245225085,0.00315613562614346,0.0,5005.854378920123
HYB-b1000000-a0.25,hybrid,0.0,-1,,-1,BT-v2,10041,0,0.0,0,0,1,gun_kill,107.46985425390949,46.7993001204695,89.21588859380411,0.03068011244450375,39.580587668696516,0.004544724363659573,0.003661875158843761,0.0,3367.150806465726
HYB-b1000000-a0.25,hybrid,0.0,-1,,-1,BT-v2,10041,1,0.5,0,1,0,timeout,36.333483241337866,21.72378354111537,17.610707143994386,2.3661305082119792,112.18036535143152,0.001139617550037237,0.0030503283228102253,0.0,4554.108706858206
HYB-b1000000-a0.25,hybrid,0.0,-1,,-1,BT-v2,10042,0,1.0,1,0,0,gun_kill,86.6753349834477,58.15788893550386,86.22188971719082,4.5196280043611035,66.95104195913649,0.0013435853058906405,0.004583723194239524,0.0,5571.39006567522
HYB-b1000000-a0.25,hybrid,0.0,-1,,-1,BT-v2,10042,1,1.0,1,0,0,gun_kill,61.062796652892985,91.39278350003435,66.80487840980743,6.2236728258884435,104.78437791838552,0.00526308972345512,0.0031319381688432223,0.0,5497.295132333695
HYB-b1000000-a0.25,hybrid,0.0,-1,,-1,BT-v2,10043,0,1.0,1,0,0,gun_kill,99.43833056892859,34.67073360586729,77.59649502426812,6.754443611602697,44.64703685156502,0.004821626388279648,0.0034330875849721866,0.0,5028.5960674181715
HYB-b1000000-a0.25,hybrid,0.0,-1,,-1,BT-v2,10043,1,0.5,0,1,0,timeout,58.7424034462834,67.78565999191449,56.13186149696311,6.7796800552885985,59.70945853287208,0.004574871555084021,0.0031953159013074395,0.0,3985.5284446746855
HYB-b1000000-a0.25,hybrid,0.0,-1,,-1,BT-v2,10044,0,1.0,1,0,0,gun_kill,89.6781568066269,35.259904335589255,87.91765921151064,6.109167329647661,97.54685914164693,0.0033632445518678453,0.0028048069885552593,0.0,4214.5648279414345
HYB-b1000000-a0.25,hybrid,0.0,-1,,-1,BT-v2,10044,1,0.0,0,0,1,gun_kill,55.242364124205785,4.161808894122043,64.04039896372785,2.5067770006818506,79.86223733203448,0.008964711962390324,0.0029728904695339453,0.0,4258.406995034006
HYB-b1000000-a0.25,hybrid,0.0,-1,,-1,BT-v2,10045,0,1.0,1,0,0,gun_kill,99.30318193928035,60.95151730677826,61.65056257157372,5.51940145067158,111.03194932101273,0.0027661728645428313,0.005041988936647021,0.0,4262.139910595781
HYB-b1000000-a0.25,hybrid,0.0,-1,,-1,BT-v2,10045,1,0.5,0,1,0,timeout,62.99369883796933,38.83092677730629,83.97995658737992,2.984502545710849,93.840879065496,0.004223300256608013,0.004450040619357313,0.0,5446.436025270297
HYB-b1000000-a0.25,hybrid,0.0,-1,,-1,BT-v2,10046,0,1.0,1,0,0,gun_kill,92.56153988182986,20.270444130392697,29.971115873624953,3.12456252783866,64.52640076710708,0.004078087461350389,0.0027527192953781376,0.0,5597.848887073871
HYB-b1000000-a0.25,hybrid,0.0,-1,,-1,BT-v2,10046,1,1.0,1,0,0,gun_kill,73.58598011914339,43.649051392635904,1.3896806005251672,0.520086368677279,110.29646530800952,0.002632387549504301,0.003030829287349188,0.0,3559.2022187514112
HYB-b1000000-a0.25,hybrid,0.0,-1,,-1,BT-v2,10047,0,0.0,0,0,1,gun_kill,93.77903480854572,76.37192937971334,35.6146808282619,3.466169245354074,86.03806024804118,0.004402008004350914,0.004451865447728802,0.0,5967.691090459861
HYB-b1000000-a0.25,hybrid,0.0,-1,,-1,BT-v2,10047,1,1.0,1,0,0,gun_kill,65.46465196570315,18.37607746004225,3.187673422131998,4.10569191029718,96.62175915332541,0.004625621949179687,0.0014307967461898298,0.0,3420.5401971344645
HYB-b1000000-a0.25,hybrid,0.0,-1,,-1,BT-v2,10048,0,0.0,0,0,1,gun_kill,42.39154445472666,70.70533538089303,1.07426060581014,5.952147360656127,109.33281684429073,0.005596791640564162,0.004502428962855668,0.0,3705.2507630571663
HYB-b1000000-a0.25,hybrid,0.0,-1,,-1,BT-v2,10048,1,0.5,0,1,0,timeout,54.17818982873671,37.73218573011167,32.2465380640919,7.836395582885193,46.9651628727907,0.004845380961092107,0.0026158554409178407,0.0,3369.6407201894413
HYB-b1000000-a0.25,hybrid,0.0,-1,,-1,BT-v2,10049,0,1.0,1,0,0,gun_kill,115.59340723711644,57.07859292812165,16.632923602501403,4.503119919721394,65.22660697133176,0.0026567349171941084,0.0046797619814000595,0.0,4858.696316058239
HYB-b1000000-a0.25,hybrid,0.0,-1,,-1,BT-v2,10049,1,1.0,1,0,0,gun_kill,113.51057634839265,18.014231378078694,57.927914680864134,6.631092202759003,46.80708679714833,0.0035439790867329434,0.0054213321708292475,0.0,4055.1775063710343
HYB-b1000000-a0.25,hybrid,0.0,-1,,-1,BT-v2,10050,0,0.5,0,1,0,timeout,119.5441572859377,74.23222488403474,4.130373033381341,3.89879944908855,60.449880915948526,0.00376987816646675,0.006535290507645342,0.0,3158.7552252072496
HYB-b1000000-a0.25,hybrid,0.0,-1,,-1,BT-v2,10050,1,1.0,1,0,0,gun_kill,87.9229701403219,30.417787968956176,88.52579637969542,7.31517696056133,88.81134708368955,0.00518211530356254,0.004146781925026961,0.0,4872.479890358059
HYB-b1000000-a0.25,hybrid,0.0,-1,,-1,BT-v2,10051,0,0.0,0,0,1,gun_kill,70.64257831818023,60.84586651236462,5.1601402498640425,5.3050926924050446,51.072729994460275,0.004730527057500483,0.0020382082284708335,0.0,3891.3449223417697
HYB-b1000000-a0.25,hybrid,0.0,-1,,-1,BT-v2,10051,1,1.0,1,0,0,gun_kill,115.8449193974667,44.59665963079951,2.280349566554263,6.364039144848543,53.27674619465161,0.0033516499055888335,0.004177713062258874,0.0,4794.567686730163
HYB-b1000000-a0.25,hybrid,0.0,-1,,-1,BT-v2,10052,0,0.0,0,0,1,gun_kill,115.9839601662012,49.11020775861819,7.752209043659319,7.1895586352765175,60.31023314937485,0.0059865476060193,0.0039047318139041306,0.0,5335.215739911462
HYB-b1000000-a0.25,hybrid,0.0,-1,,-1,BT-v2,10052,1,1.0,1,0,0,gun_kill,73.41228084923904,84.12684651592501,16.86512413406024,1.6868394461976193,75.31037648597155,0.004775532355019995,0.002027119056201303,0.0,3441.1329918435017
HYB-b1000000-a0.25,hybrid,0.0,-1,,-1,BT-v2,10053,0,0.0,0,0,1,gun_kill,96.35718334477765,50.590242548405925,47.226660082237174,4.332500794309777,118.62385244161004,0.0010883486142396776,0.0035907763989965306,0.0,4672.847430706095
HYB-b1000000-a0.25,hybrid,0.0,-1,,-1,BT-v2,10053,1,0.5,0,1,0,timeout,71.31934672865492,14.736001753007955,76.88655965615607,5.991159093817807,87.62925699082356,0.004389084114940286,0.004076762602012927,0.0,5807.64434672842
HYB-b1000000-a0.25,hybrid,0.0,-1,,-1,BT-v2,10054,0,0.0,0,0,1,gun_kill,111.14096325208904,74.25764365876583,91.51965911003806,0.57189252588147,81.76979612967472,0.006080919059526485,0.005413281781579338,0.0,3166.5284945002563
HYB-b1000000-a0.25,hybrid,0.0,-1,,-1,BT-v2,10054,1,1.0,1,0,0,gun_kill,42.23876879837641,94.91411356493784,32.23983140687573,6.854311671023378,62.1069899849205,0.004844707074808965,0.0055146594605392585,0.0,4207.766396568177
HYB-b1000000-a0.25,hybrid,0.0,-1,,-1,BT-v2,10055,0,0.5,0,1,0,timeout,95.9871272615174,94.43134911557459,86.7233888576871,4.275137631283332,94.79218056943657,0.003509437283177733,0.0028498619601702068,0.0,3449.4397110815253
HYB-b1000000-a0.25,hybrid,0.0,-1,,-1,BT-v2,10055,1,0.0,0,0,1,gun_kill,48.483851206603006,25.14441531812509,97.54297925465464,1.7135086995086413,115.38247581273838,0.000479952590079298,0.002447203709410013,0.0,5691.364508402013
HYB-b1000000-a0.25,hybrid,0.0,-1,,-1,BT-v2,10056,0,1.0,1,0,0,gun_kill,94.98502502943566,51.17012329002096,96.33533492169938,6.9367316239671375,89.02983823358792,0.004375462708923482,0.0041321725156185235,0.0,3517.6971321030637
HYB-b1000000-a0.25,hybrid,0.0,-1,,-1,BT-v2,10056,1,0.0,0,0,1,gun_kill,82.62526650864775,41.189063497549604,12.97004818490497,5.710474754651037,83.68924221754708,0.005168344530377634,0.0012915052723178801,0.0,4493.469175552341
HYB-b1000000-a0.25,hybrid,0.0,-1,,-1,BT-v2,10057,0,1.0,1,0,0,gun_kill,44.80622728045675,24.8019795924916,2.6828341038380055,5.0958999551910935,62.52896810965029,0.0032684988953126945,0.004292723734273119,0.0,5988.245940878394
HYB-b1000000-a0.25,hybrid,0.0,-1,,-1,BT-v2,10057,1,0.0,0,0,1,gun_kill,100.22060383623607,15.410047407606198,49.279526924328046,1.6502801666634843,80.78426256281855,0.003135750832542055,0.0022781374343066414,0.0,5132.91964212854
HYB-b1000000-a0.25,hybrid,0.0,-1,,-1,BT-v2,10058,0,0.0,0,0,1,gun_kill,73.14207839430271,26.8349069793102,42.19119282392838,4.235591563745511,73.33681247987522,0.0054906314358328465,0.005365365492180113,0.0,4521.664910233835
HYB-b1000000-a0.25,hybrid,0.0,-1,,-1,BT-v2,10058,1,0.0,0,0,1,gun_kill,77.05121157083838,88.02675277259988,90.04736471084729,0.6244677942639258,112.95793826885208,0.0040594768371985165,0.004205187620289995,0.0,5724.908848772626
HYB-b1000000-a0.25,hybrid,0.0,-1,,-1,BT-v2,10059,0,1.0,1,0,0,gun_kill,106.51627171142825,98.52325959401236,59.500095500270746,2.107234124599753,30.79248446231118,0.0032713794363005305,0.0010538651954344414,0.0,3762.414974676819
HYB-b1000000-a0.25,hybrid,0.0,-1,,-1,BT-v2,10059,1,0.5,0,1,0,timeout,62.67121087013773,84.0913048616782,54.82165240110859,2.0003931675711657,94.57722297434827,0.005573169207392143,0.004185835217536597,0.0,5540.266609199177
HYB-b1000000-a0.25,hybrid,0.0,-1,,-1,BT-v2,10060,0,1.0,1,0,0,gun_kill,66.386138088685,50.78982084999727,23.027390267737335,6.035397516172496,80.44277214897144,0.0021607304860438116,0.006256578933003036,0.0,3890.297076128194
HYB-b1000000-a0.25,hybrid,0.0,-1,,-1,BT-v2,10060,1,1.0,1,0,0,gun_kill,88.77949590220146,35.75507435893862,67.05241722204096,7.453306347859333,38.35260033440845,0.0027637053787559988,0.003092290815810687,0.0,4140.971059863492
HYB-b1000000-a0.25,hybrid,0.0,-1,,-1,BT-v2,10061,0,0.0,0,0,1,gun_kill,67.28511660450638,80.91047429695209,11.235340225784263,1.5570772552717136,81.90032558471775,0.0020420111479105747,0.004642757938598837,0.0,4324.479894948089
HYB-b1000000-a0.25,hybrid,0.0,-1,,-1,BT-v2,10061,1,1.0,1,0,0,gun_kill,98.08703920618188,65.70865890485756,78.15958445823146,2.2877659471690537,105.74745152709963,0.004736494899844114,0.0059992996377940516,0.0,4917.728879683931
HYB-b1000000-a0.25,hybrid,0.0,-1,,-1,BT-v2,10062,0,0.0,0,0,1,gun_kill,88.12492914489331,37.5675651656527,20.467488501524667,4.626764175397475,83.07672851461638,0.004873569363380298,0.004056955525408941,0.0,4565.855079119493
HYB-b1000000-a0.25,hybrid,0.0,-1,,-1,BT-v2,10062,1,0.0,0,0,1,gun_kill,38.502583414770065,73.14353268836545,45.93523769302779,3.660190148798468,47.73246288204611,0.006242624863927783,0.0036932963606239677,0.0,3997.891935866292
HYB-b1000000-a0.25,hybrid,0.0,-1,,-1,BT-v2,10063,0,0.5,0,1,0,timeout,74.51094336319561,74.93271220009699,79.26350776471169,6.742199566585584,37.049533532895154,0.005908066173774228,0.003545817427750453,0.0,5617.70748272122
HYB-b1000000-a0.25,hybrid,0.0,-1,,-1,BT-v2,10063,1,0.5,0,1,0,timeout,41.49264129979896,75.05896019975403,90.28473342374028,3.951849909712334,30.292725617767168,0.00464618216365333,0.00395726148253676,0.0,4954.309494272458
HYB-b1000000-a0.25,hybrid,0.0,-1,,-1,BT-v2,10064,0,0.0,0,0,1,gun_kill,61.02930399643908,89.23849922558776,67.62604645115192,6.826443998231122,54.60898197993381,0.005856341722163402,0.0038579728619578283,0.0,3321.2258197306573
HYB-b1000000-a0.25,hybrid,0.0,-1,,-1,BT-v2,10064,1,0.0,0,0,1,gun_kill,83.65271338265723,4.608179640162724,11.257605147784966,4.772131365341163,46.749385278010905,0.0018561247511129629,0.004274896116492228,0.0,5062.379419500317
HYB-b1000000-a0.25,hybrid,0.0,-1,,-1,BT-v2,10065,0,0.0,0,0,1,gun_kill,106.15598527253897,48.827571120282975,15.247460870998985,6.78536901116289,64.6128278071915,0.003904691282553785,0.004178938380535836,0.0,5322.8684390969765
HYB-b1000000-a0.25,hybrid,0.0,-1,,-1,BT-v2,10065,1,0.0,0,0,1,gun_kill,46.10698870515475,89.37954051794183,87.2169229974752,6.080655609960629,115.1796801294104,0.0019152359702366366,0.002161434389259616,0.0,3471.747654944275
HYB-b1000000-a0.25,hybrid,0.0,-1,,-1,BT-v2,10066,0,1.0,1,0,0,gun_kill,54.07796743104933,33.42419449596187,21.317815198923974,2.5363251953033465,118.57666964646816,0.0027107604409883075,0.0034011084307356467,0.0,3861.8186653625753
HYB-b1000000-a0.25,hybrid,0.0,-1,,-1,BT-v2,10066,1,0.5,0,1,0,timeout,60.46492104574882,34.5455093004564,39.0972814364722,6.636624128347704,88.3242582402346,0.0057803530519283525,0.0037240946436664147,0.0,4009.1873684565653
HYB-b1000000-a0.25,hybrid,0.0,-1,,-1,BT-v2,10067,0,0.5,0,1,0,timeout,35.321346501996075,92.17920705844223,72.28951396034702,0.9082861258830768,45.08279721528187,0.005972408043077615,0.005283812493644632,0.0,5031.733092762746
HYB-b1000000-a0.25,hybrid,0.0,-1,,-1,BT-v2,10067,1,0.0,0,0,1,gun_kill,36.048814657499406,74.39431994468902,58.799284839580544,7.467824413026872,105.40211977881918,0.0030995858570878596,0.004486443032498859,0.0,3849.500082351903
HYB-b1000000-a0.25,hybrid,0.0,-1,,-1,BT-v2,10068,0,0.0,0,0,1,gun_kill,62.36256875242166,17.53026540428039,83.55517411882947,7.435158171252139,40.12679497614492,0.0046329528011713715,0.004145217195375903,0.0,3911.8689569553444
HYB-b1000000-a0.25,hybrid,0.0,-1,,-1,BT-v2,10068,1,0.0,0,0,1,gun_kill,63.29760478644845,29.565642203446153,6.538515280338242,4.268986628245859,101.55645277502396,0.003817313121527135,0.004705649327081011,0.0,5924.984282617522
HYB-b1000000-a0.25,hybrid,0.0,-1,,-1,BT-v2,10069,0,0.0,0,0,1,gun_kill,40.69389601995436,24.154813087130268,23.32435346344247,7.66283673668248,98.61191830210534,0.0024486258374881347,0.006230218545450831,0.0,3422.771582841292
HYB-b1000000-a0.25,hybrid,0.0,-1,,-1,BT-v2,10069,1,1.0,1,0,0,gun_kill,95.28582113707134,29.489208821400815,54.18075745474634,6.18682939209535,39.335475318348934,0.0039652609782796855,0.004972885716762094,0.0,4926.813184507031
HYB-b1000000-a0.25,hybrid,0.0,-1,,-1,BT-v2,10070,0,0.5,0,1,0,timeout,93.37033063732255,75.4998944443992,95.10831147934142,7.712369470000186,74.3841415855697,0.0052571402527072835,0.0029647277763184213,0.0,3956.8908185135333
HYB-b1000000-a0.25,hybrid,0.0,-1,,-1,BT-v2,10070,1,1.0,1,0,0,gun_kill,33.22138560233514,93.68244898683318,38.08679995241807,3.198324537662483,78.51993632521013,0.003047195560841252,0.004371505634105586,0.0,3867.319031297455
HYB-b1000000-a0.25,hybrid,0.0,-1,,-1,BT-v2,10071,0,0.0,0,0,1,gun_kill,31.08750318732786,22.482120140136708,67.97840142447673,7.594993052064258,30.090205041168193,0.004963523184054508,0.0029064014014369647,0.0,3924.476497201884
HYB-b1000000-a0.25,hybrid,0.0,-1,,-1,BT-v2,10071,1,1.0,1,0,0,gun_kill,53.28009124516081,13.64022425812329,46.23866274945164,2.654845138042514,68.98155623243987,0.0049371254221338545,0.002229845744790634,0.0,3255.837101645084
HYB-b1000000-a0.25,hybrid,0.0,-1,,-1,BT-v2,10072,0,0.0,0,0,1,gun_kill,91.30435597390075,75.4678256423112,75.28246120229444,5.248522283258245,106.147607129225,0.00333794646416009,0.005871577711287275,0.0,3758.209714100403
HYB-b1000000-a0.25,hybrid,0.0,-1,,-1,BT-v2,10072,1,0.5,0,1,0,timeout,94.77723730962131,29.22310695896355,63.115942236748644,3.9281061396969656,112.39957259934476,0.0018435299612135372,0.00483311695362206,0.0,4476.974473878545
HYB-b1000000-a0.25,hybrid,0.0,-1,,-1,BT-v2,10073,0,1.0,1,0,0,gun_kill,84.63848267063719,38.70931664262452,34.796721875789515,1.0915711267314903,113.92924240874561,0.005631418639293978,0.005338037458592896,0.0,5622.722976430761
HYB-b1000000-a0.25,hybrid,0.0,-1,,-1,BT-v2,10073,1,1.0,1,0,0,gun_kill,92.61494780640086,10.978588932533274,19.653511125311475,0.6245753945222248,65.90062343094095,0.004788445723661395,0.0028157471909363574,0.0,4614.398958753782
HYB-b1000000-a0.25,hybrid,0.0,-1,,-1,BT-v2,10074,0,1.0,1,0,0,gun_kill,80.38781959109107,48.09477755766204,6.992097664149033,6.153392278649838,68.5578366621184,0.0038044655370634726,0.006582706780110982,0.0,4577.1541390612
HYB-b1000000-a0.25,hybrid,0.0,-1,,-1,BT-v2,10074,1,1.0,1,0,0,gun_kill,43.53320190246083,54.908025887427456,10.906306654159392,2.7492056097260837,81.57369981321924,0.001777771098850659,0.004255939402181696,0.0,4566.72391977536
HYB-b1000000-a0.25,hybrid,0.0,-1,,-1,BT-v2,10075,0,0.0,0,0,1,gun_kill,36.45126273622051,37.033323451503634,63.92815464081585,4.105829755154709,75.61257745683498,0.004734702157328065,0.0027066134946137207,0.0,4389.283211294705
HYB-b1000000-a0.25,hybrid,0.0,-1,,-1,BT-v2,10075,1,0.0,0,0,1,gun_kill,104.86457573112018,95.9646391032777,10.92098882971435,2.0161074474133036,41.32755363441042,0.005528228253195206,0.0044702276377396625,0.0,5850.975167635129
HYB-b1000000-a0.25,hybrid,0.0,-1,,-1,BT-v2,10076,0,0.0,0,0,1,gun_kill,67.61386836241022,63.417949098231844,91.18458895904182,6.989937789986655,46.01847503563566,0.0040589086453992835,0.002799475942011304,0.0,5508.339419740556
HYB-b1000000-a0.25,hybrid,0.0,-1,,-1,BT-v2,10076,1,1.0,1,0,0,gun_kill,36.18031254053612,4.297793459378441,93.97494249898206,7.408393163136877,32.83885232525512,0.002131413509419431,0.0043613175408262865,0.0,5000.079847242538
HYB-b1000000-a0.25,hybrid,0.0,-1,,-1,BT-v2,10077,0,1.0,1,0,0,gun_kill,117.82646070235519,53.51024120549841,56.60696643558744,3.4371333105397417,113.0054017234079,0.0037067183237524427,0.007164867922235815,0.0,4429.386196039872
HYB-b1000000-a0.25,hybrid,0.0,-1,,-1,BT-v2,10077,1,0.5,0,1,0,timeout,44.54419226722355,83.38352202942168,98.7725758322249,3.8307594876714326,42.71632442128668,0.004470515195081541,0.004131657929816629,0.0,4383.026521407471
HYB-b1000000-a0.25,hybrid,0.0,-1,,-1,BT-v2,10078,0,0.0,0,0,1,gun_kill,55.29299947259971,40.29402013246308,20.37097983895486,2.0620837641236243,54.07567159149808,0.0032797426500072602,0.003611943512502738,0.0,3218.1248682132423
HYB-b1000000-a0.25,hybrid,0.0,-1,,-1,BT-v2,10078,1,1.0,1,0,0,gun_kill,89.34956061765979,38.692519945755954,80.69438891223724,6.8791831203829314,75.94420461914635,0.0019562180934470665,0.003044261129554449,0.0,3005.6091621987184
HYB-b1000000-a0.25,hybrid,0.0,-1,,-1,BT-v2,10079,0,1.0,1,0,0,gun_kill,52.25984128256452,47.59185332808291,77.19574281512214,7.979682028928916,92.04954569493059,0.005398147815936797,0.001792817922770315,0.0,3995.2475429030146
HYB-b1000000-a0.25,hybrid,0.0,-1,,-1,BT-v2,10079,1,0.5,0,1,0,timeout,65.5759143429315,96.43676121995317,71.8268488656442,6.6530316703379375,31.076869686731854,0.002973123653943324,0.004426836382704846,0.0,4869.34149457561
HYB-b1000000-a0.25,hybrid,0.0,-1,,-1,BT-v2,10080,0,1.0,1,0,0,gun_kill,56.11597984210388,47.52983577387293,25.882370535355513,1.8181865516031097,91.35755557395771,0.00343131552462591,0.002905089085913249,0.0,4789.998277109237
HYB-b1000000-a0.25,hybrid,0.0,-1,,-1,BT-v2,10080,1,1.0,1,0,0,gun_kill,41.88688445012153,13.549954130089892,56.09195455453896,1.5782433585328492,66.41182782913968,0.004144679917288275,0.005866291477022266,0.0,4114.452969031111
HYB-b1000000-a0.25,hybrid,0.0,-1,,-1,BT-v2,10081,0,0.0,0,0,1,gun_kill,91.49587855538388,82.29124409828597,75.42655596239037,5.281109940927306,38.838006052851505,0.004900019086989963,0.003040095713947281,0.0,5079.495983182522
HYB-b1000000-a0.25,hybrid,0.0,-1,,-1,BT-v2,10081,1,1.0,1,0,0,gun_kill,117.96552913865379,51.44300010193825,85.24442832873092,7.4871526662091705,97.83356720960991,0.0013204378605061674,0.0045445024651040175,0.0,4359.767319662597
HYB-b1000000-a0.25,hybrid,0.0,-1,,-1,BT-v2,10082,0,1.0,1,0,0,gun_kill,107.97057744701127,99.1994292009446,52.234310690113794,7.777588470865512,60.63977815350529,0.005457369570407193,0.004358431130708985,0.0,5017.5417016390375
HYB-b1000000-a0.25,hybrid,0.0,-1,,-1,BT-v2,10082,1,0.5,0,1,0,timeout,84.56343563123166,53.91091463815838,44.913892885039864,5.0549462002905825,81.96320823875271,0.006206023103441325,0.0034897743313896845,0.0,3449.954445826794
HYB-b1000000-a0.25,hybrid,0.0,-1,,-1,BT-v2,10083,0,1.0,1,0,0,gun_kill,114.0130457212539,9.976822649179894,5.824781295071668,0.9820240775925768,79.8904256926184,0.0040859941502034754,0.0044159844497842615,0.0,3951.273427571891
HYB-b1000000-a0.25,hybrid,0.0,-1,,-1,BT-v2,10083,1,1.0,1,0,0,gun_kill,41.55365216711478,61.040744889721,19.77886669619753,2.7108204870672843,106.84119588453157,0.0033421713549792896,0.003922887699827446,0.0,4454.775236075928
HYB-b1000000-a0.25,hybrid,0.0,-1,,-1,BT-v2,10084,0,0.5,0,1,0,timeout,119.2478184549604,12.455991817727629,35.76406494961265,0.2550477896774641,91.67101269267263,0.00363165441065517,0.004877327660678931,0.0,3884.7237342338562
HYB-b1000000-a0.25,hybrid,0.0,-1,,-1,BT-v2,10084,1,0.0,0,0,1,gun_kill,57.68536916750456,74.79062045647707,56.26765340052976,0.07552827389016947,107.23697607655575,0.0010685663479447984,0.003426661932801036,0.0,3963.9291581609095
HYB-b1000000-a0.25,hybrid,0.0,-1,,-1,BT-v2,10085,0,1.0,1,0,0,gun_kill,93.7881701779216,90.45427165985376,20.459140751241677,1.2464662540811178,102.17767391197383,0.00628408260830449,0.005171464437772841,0.0,4965.53673358372
HYB-b1000000-a0.25,hybrid,0.0,-1,,-1,BT-v2,10085,1,0.5,0,1,0,timeout,37.07285662317546,72.85927762239487,40.38737093903049,2.585715139728788,75.95126333073591,0.006517238717463233,0.004168453890509936,0.0,4520.046050643901
HYB-b1000000-a0.25,hybrid,0.0,-1,,-1,BT-v2,10086,0,0.5,0,1,0,timeout,97.49226736106728,73.21402369690328,80.36117261913292,2.251481202633377,50.97752987210197,0.0033622284765305647,0.005333525812480578,0.0,5647.157722392476
HYB-b1000000-a0.25,hybrid,0.0,-1,,-1,BT-v2,10086,1,1.0,1,0,0,gun_kill,35.31009652554785,33.05972160370233,1.8994717954741058,2.6645339118060134,41.11918621059306,0.0032633187990567577,0.003888751463527737,0.0,4302.174040528498
HYB-b1000000-a0.25,hybrid,0.0,-1,,-1,BT-v2,10087,0,1.0,1,0,0,gun_kill,117.93217509295052,86.62448734096391,63.66433091113915,3.879170118809455,101.30836555712348,0.006738711057865449,0.0036032016550848357,0.0,5130.355020826579
HYB-b1000000-a0.25,hybrid,0.0,-1,,-1,BT-v2,10087,1,1.0,1,0,0,gun_kill,90.24384083916974,94.49723308887901,93.49276919996522,0.3279903851356121,82.04438118797569,0.004711017805640393,0.0027749150806530773,0.0,5859.805278370531
HYB-b1000000-a0.25,hybrid,0.0,-1,,-1,BT-v2,10088,0,0.5,0,1,0,timeout,72.00351796541591,60.03849904077705,30.999978552529438,5.125460330413048,69.23909379523997,0.002519410526164537,0.005010302161118107,0.0,3124.5848205584734
HYB-b1000000-a0.25,hybrid,0.0,-1,,-1,BT-v2,10088,1,0.5,0,1,0,timeout,73.98555258119812,51.80689801332951,57.38764523620067,3.55503804178535,33.33019397580844,0.003001540983846117,0.004481913315010359,0.0,4430.5701971171175
HYB-b1000000-a0.25,hybrid,0.0,-1,,-1,BT-v2,10089,0,1.0,1,0,0,gun_kill,77.66743810173855,61.195280809922146,92.39780220189004,6.38557171790534,87.57362162743397,0.004553270512648409,0.004545387361374886,0.0,5127.64422154257
HYB-b1000000-a0.25,hybrid,0.0,-1,,-1,BT-v2,10089,1,1.0,1,0,0,gun_kill,93.93323969976255,88.21568516723825,38.291993054849506,6.755897127737641,43.22684796335293,0.0025937366288686704,0.003512722405677541,0.0,4011.294514137
HYB-b1000000-a0.25,hybrid,0.0,-1,,-1,BT-v2,10090,0,0.0,0,0,1,gun_kill,93.1263349101466,29.741514279585935,53.885270955722966,0.7425126398632713,56.978196599037176,0.003414341564896555,0.0050175435838811615,0.0,4384.747602579997
HYB-b1000000-a0.25,hybrid,0.0,-1,,-1,BT-v2,10090,1,0.0,0,0,1,gun_kill,75.30733442693733,67.70043516471063,39.090744085092524,4.118379371838992,64.02967840018795,0.0041956028999871895,0.0023812133350541807,0.0,3746.8521528779024
HYB-b1000000-a0.25,hybrid,0.0,-1,,-1,BT-v2,10091,0,1.0,1,0,0,gun_kill,57.63035491953352,45.491969552059444,12.924264955849408,3.075909761787016,46.816953043582195,0.0013805427778223103,0.0033525791247743762,0.0,5951.236320500177
HYB-b1000000-a0.25,hybrid,0.0,-1,,-1,BT-v2,10091,1,1.0,1,0,0,gun_kill,119.51253738261626,70.78629295559547,12.46160648282818,3.5147987213430945,85.10391750744841,0.0027016363637470783,0.0047735800965985325,0.0,5197.430907261118
HYB-b1000000-a0.25,hybrid,0.0,-1,,-1,BT-v2,10092,0,1.0,1,0,0,gun_kill,31.825850673263794,46.99282266065161,2.701666901589761,3.8168378055662258,95.04917492484708,0.003442290785248171,0.0032901463769015194,0.0,5513.089740493586
HYB-b1000000-a0.25,hybrid,0.0,-1,,-1,BT-v2,10092,1,1.0,1,0,0,gun_kill,88.82283045556099,8.31813503851343,26.48933766875079,1.3444159544893113,118.39938420476489,0.0019237936294962425,0.0036544719776876343,0.0,3498.5773203626363
HYB-b1000000-a0.25,hybrid,0.0,-1,,-1,BT-v2,10093,0,1.0,1,0,0,gun_kill,32.88976608797351,55.22981289527061,29.083474746129255,2.287825463955474,106.61769099967881,0.0017303723161938038,0.003373969605937186,0.0,5603.742582584198
HYB-b1000000-a0.25,hybrid,0.0,-1,,-1,BT-v2,10093,1,0.0,0,0,1,gun_kill,114.42229108612968,55.907280583052064,11.508200637320076,5.89302147228058,114.35800774294414,0.005101174941708452,0.0030971769135473125,0.0,4063.14783376131
HYB-b1000000-a0.25,hybrid,0.0,-1,,-1,BT-v2,10094,0,1.0,1,0,0,gun_kill,84.75924679334334,75.45969104601126,9.417483766203228,0.6488593696321985,35.4242561365202,0.0027362978240509164,0.0034933276740058963,0.0,4490.872763892266
HYB-b1000000-a0.25,hybrid,0.0,-1,,-1,BT-v2,10094,1,0.0,0,0,1,gun_kill,47.22510435253754,9.311972608197305,11.291970940897034,1.8682662532319032,117.44680350989819,0.004677793157696115,0.004079535162031613,0.0,4302.75666861051
HYB-b1000000-a0.25,hybrid,0.0,-1,,-1,BT-v2,10095,0,1.0,1,0,0,gun_kill,106.31953089671504,2.2820876640535337,70.37785825667278,3.199318209954699,49.656980649993365,0.005026356007671224,0.004017094510253738,0.0,4598.266328609064
HYB-b1000000-a0.25,hybrid,0.0,-1,,-1,BT-v2,10095,1,0.0,0,0,1,gun_kill,118.10592786458866,13.752147904055501,98.52000119537482,6.973021510059868,92.49187049418205,0.003317831253892257,0.002691647756300635,0.0,5409.76943816743
HYB-b1000000-a0.25,hybrid,0.0,-1,,-1,BT-v2,10096,0,1.0,1,0,0,gun_kill,95.90462763089482,40.795108312971294,31.01887531901565,5.105592344998413,48.46150584940522,0.003808127133396398,0.003083261534094792,0.0,4129.102170133115
HYB-b1000000-a0.25,hybrid,0.0,-1,,-1,BT-v2,10096,1,0.0,0,0,1,gun_kill,60.624987434884325,36.58863307427317,67.40897563272831,2.3378400044976946,44.20188074237329,0.002665555311907885,0.0035429798158335907,0.0,4323.78613695738
HYB-b1000000-a0.25,hybrid,0.0,-1,,-1,BT-v2,10097,0,1.0,1,0,0,gun_kill,106.27085126151368,47.5385151613264,48.86776959500602,0.5018640178306812,103.05023356409394,0.004207288411659745,0.005347092357664961,0.0,4492.067631902789
HYB-b1000000-a0.25,hybrid,0.0,-1,,-1,BT-v2,10097,1,0.0,0,0,1,gun_kill,96.68381152223955,90.87421700429374,42.901438588048954,2.1262497228888453,85.16839820153568,0.0030205248643063003,0.003086884273540829,0.0,3022.3911986670855
HYB-b1000000-a0.25,hybrid,0.0,-1,,-1,BT-v2,10098,0,1.0,1,0,0,gun_kill,59.87188455048169,62.42375984954225,6.722164146673815,4.1943335758967075,103.6522088304809,0.004196360564009599,0.0026299375292919195,0.0,5774.3416515436675
HYB-b1000000-a0.25,hybrid,0.0,-1,,-1,BT-v2,10098,1,1.0,1,0,0,gun_kill,84.3511319614997,22.57496337292083,81.58358007787506,2.7731190183431327,65.79642149106823,0.003823393506342372,0.0036016419785125306,0.0,5838.07435736592
HYB-b1000000-a0.25,hybrid,0.0,-1,,-1,BT-v2,10099,0,1.0,1,0,0,gun_kill,71.2481631407896,5.046293150094561,68.19244035606863,5.591729305380045,47.76617068475613,0.002360034484200954,0.004905123694519712,0.0,3647.6627163137928
HYB-b1000000-a0.25,hybrid,0.0,-1,,-1,BT-v2,10099,1,0.0,0,0,1,gun_kill,34.395946329903445,81.46345167993229,32.94659395483917,3.2121788915069835,63.92001969799063,0.0020681306702856565,0.002966069210767414,0.0,4946.105622839955
HYB-b1000000-a0.25,hybrid,0.0,-1,,-1,BT-v3,10000,0,0.0,0,0,1,gun_kill,86.4880302048073,10.160813023763716,65.18737738799616,1.3245700879309465,108.4825773123527,0.003907142837584351,0.003957295726483967,0.0,5271.956776534637
HYB-b1000000-a0.25,hybrid,0.0,-1,,-1,BT-v3,10000,1,0.0,0,0,1,gun_kill,45.66649230952231,11.933808614486786,43.63458912445773,6.806013304849266,59.52413704666249,0.0053143638371899084,0.002530458869737744,0.0,5908.019091047574
HYB-b1000000-a0.25,hybrid,0.0,-1,,-1,BT-v3,10001,0,1.0,1,0,0,gun_kill,77.2766438999598,3.698291714542734,63.73257869028872,3.487002091113415,75.24548090856405,0.0033411533278654123,0.0051657762478427285,0.0,5474.420508341409
HYB-b1000000-a0.25,hybrid,0.0,-1,,-1,BT-v3,10001,1,0.5,0,1,0,timeout,32.79537574718637,20.872126118619594,20.623169843745536,5.700154602427698,41.34550198396233,0.004427707743513512,0.00444651214563195,0.0,5086.482400740126
HYB-b1000000-a0.25,hybrid,0.0,-1,,-1,BT-v3,10002,0,1.0,1,0,0,gun_kill,71.68204190973304,36.78822249835611,3.3423132833273583,7.9630244217312685,92.08384388072702,0.0008646075378013801,0.00531066291226225,0.0,4475.188747341454
HYB-b1000000-a0.25,hybrid,0.0,-1,,-1,BT-v3,10002,1,1.0,1,0,0,gun_kill,73.22794867481005,0.22226962886675583,14.888094811257291,7.399152078508881,83.79321351974784,0.00327140962054075,0.00480209925837542,0.0,4652.990845443658
HYB-b1000000-a0.25,hybrid,0.0,-1,,-1,BT-v3,10003,0,0.0,0,0,1,gun_kill,72.80571226876327,23.609299521322992,99.09192317288597,5.903966024022947,67.24063319919452,0.003532673652533024,0.0009207117931788462,0.0,4979.708177436157
HYB-b1000000-a0.25,hybrid,0.0,-1,,-1,BT-v3,10003,1,0.0,0,0,1,gun_kill,105.8111273589434,75.59871088571892,15.088660039709879,3.4065385602857567,61.32297788409703,0.0049129162310468785,0.001702971615792256,0.0,4418.827997723376
HYB-b1000000-a0.25,hybrid,0.0,-1,,-1,BT-v3,10004,0,1.0,1,0,0,gun_kill,87.04758294190142,20.78211501623297,15.363048141576318,7.0505911449697845,70.63689595517876,0.004382223142224248,0.001625396813590366,0.0,5112.6887614460775
HYB-b1000000-a0.25,hybrid,0.0,-1,,-1,BT-v3,10004,1,0.5,0,1,0,timeout,41.1189372738784,73.56197246406086,27.54667223879843,4.943712657013753,112.34297408962938,0.002565183899108455,0.0029811713654689575,0.0,3626.083706286779
HYB-b1000000-a0.25,hybrid,0.0,-1,,-1,BT-v3,10005,0,1.0,1,0,0,gun_kill,115.28963202995766,79.08730011239406,12.529158425273057,7.574398084707476,107.8623883863183,0.003450430622113504,0.0017915092352793704,0.0,3579.4049943408836
HYB-b1000000-a0.25,hybrid,0.0,-1,,-1,BT-v3,10005,1,0.5,0,1,0,timeout,107.39782329623335,87.61208627492658,67.79855362956381,3.864011570101389,42.73764084190056,0.004139097328707373,0.0026937440011415284,0.0,4272.894374445522
HYB-b1000000-a0.25,hybrid,0.0,-1,,-1,BT-v3,10006,0,0.0,0,0,1,gun_kill,59.24872794540543,25.4694141128047,35.85313090834666,3.0135746622014263,40.642733322856664,0.0048784930155244014,0.0035019882961479848,0.0,3623.547445431848
HYB-b1000000-a0.25,hybrid,0.0,-1,,-1,BT-v3,10006,1,1.0,1,0,0,gun_kill,69.3879493702134,80.90746698417381,91.9672895264571,1.6955734111184375,42.84636414851826,0.003495844841227279,0.004655655292775241,0.0,3853.8543789161254
HYB-b1000000-a0.25,hybrid,0.0,-1,,-1,BT-v3,10007,0,1.0,1,0,0,gun_kill,94.89302287176795,7.3620820062953225,85.21542960728816,1.020771687243263,103.69841334355968,0.0029418771116509505,0.0037495945992513874,0.0,4437.472120492832
HYB-b1000000-a0.25,hybrid,0.0,-1,,-1,BT-v3,10007,1,0.0,0,0,1,gun_kill,81.4904317270531,36.81820018056842,17.66123601168561,7.117602196125111,54.77591458144868,0.0019275800120639578,0.005249456293616896,0.0,3189.2579880414796
HYB-b1000000-a0.25,hybrid,0.0,-1,,-1,BT-v3,10008,0,1.0,1,0,0,gun_kill,92.34840143702331,51.261640727535905,81.05799669422997,7.167232095247158,64.14443827766375,0.0018537714268171157,0.005100259336450792,0.0,3170.4138588495293
HYB-b1000000-a0.25,hybrid,0.0,-1,,-1,BT-v3,10008,1,1.0,1,0,0,gun_kill,62.21996628018062,91.83531428402348,91.86593838396585,2.938052530170479,72.79398492135233,0.0029554045613469403,0.00379630563431543,0.0,3575.4471307320355
HYB-b1000000-a0.25,hybrid,0.0,-1,,-1,BT-v3,10009,0,1.0,1,0,0,gun_kill,72.11998483810223,91.97056213695625,30.522094912721087,3.860051467882365,48.07624938861732,0.0029292003855700866,0.005192035593326868,0.0,5843.630214568178
HYB-b1000000-a0.25,hybrid,0.0,-1,,-1,BT-v3,10009,1,1.0,1,0,0,gun_kill,93.61616625574912,3.48594938202772,59.95164760663584,7.07159354027356,69.89265283141339,0.004345767827249239,0.004397884502985491,0.0,3819.7318679177897
HYB-b1000000-a0.25,hybrid,0.0,-1,,-1,BT-v3,10010,0,0.0,0,0,1,gun_kill,39.575044607396926,44.091753722852744,95.96199549074288,4.473469701953624,41.27220027658194,0.0048119848760415735,0.004240542160817802,0.0,5385.9455047797765
HYB-b1000000-a0.25,hybrid,0.0,-1,,-1,BT-v3,10010,1,0.0,0,0,1,gun_kill,99.98690912039308,99.14731385769328,27.77096908177934,2.8225683698262163,53.976826094335635,0.003285472018389634,0.004940125710464394,0.0,5089.787704437766
HYB-b1000000-a0.25,hybrid,0.0,-1,,-1,BT-v3,10011,0,1.0,1,0,0,gun_kill,55.07564065850268,57.51072745268084,91.7165826797955,1.7346687792699607,42.69741997588386,0.001698274568103726,0.0037081938859036814,0.0,5989.215144121432
HYB-b1000000-a0.25,hybrid,0.0,-1,,-1,BT-v3,10011,1,0.5,0,1,0,timeout,101.93025169193794,23.71711207379108,8.032894655916657,2.36128482650874,102.20577407225022,0.006237489309345026,0.004238523603371282,0.0,4034.3704007069837
HYB-b1000000-a0.25,hybrid,0.0,-1,,-1,BT-v3,10012,0,0.0,0,0,1,gun_kill,71.78070527367723,70.2426828367345,64.88271602143439,4.590747320478366,37.41472149010665,0.004641621181969915,0.004625175619581619,0.0,5484.937739382827
HYB-b1000000-a0.25,hybrid,0.0,-1,,-1,BT-v3,10012,1,0.5,0,1,0,timeout,98.72265164084104,20.252088189350438,34.57281307397447,5.276540147688163,96.29223744149719,0.003830893372792492,0.004682092736402434,0.0,4996.85247203082
HYB-b1000000-a0.25,hybrid,0.0,-1,,-1,BT-v3,10013,0,0.5,0,1,0,timeout,109.52113045400098,15.058948839707442,75.36357240211869,5.58108807648039,64.44944559223731,0.002057632129388872,0.003250371960013216,0.0,4316.024104027791
HYB-b1000000-a0.25,hybrid,0.0,-1,,-1,BT-v3,10013,1,0.5,0,1,0,timeout,56.05714983070153,18.671388536602006,23.90997313892712,7.726340418515761,110.76575829954322,0.003484583397077839,0.006734684453906758,0.0,3544.7965445529894
HYB-b1000000-a0.25,hybrid,0.0,-1,,-1,BT-v3,10014,0,1.0,1,0,0,gun_kill,31.184981722352532,93.6456291858017,69.53954553923587,3.9208143110875673,81.96198311168345,0.0032791261817672933,0.004982628521432545,0.0,5101.384305158791
HYB-b1000000-a0.25,hybrid,0.0,-1,,-1,BT-v3,10014,1,0.0,0,0,1,gun_kill,38.905831477469484,71.34324123970424,96.65092096104632,4.848271893295692,52.825304220958394,0.0038527684476754756,0.004141846772416214,0.0,5467.882379495553
HYB-b1000000-a0.25,hybrid,0.0,-1,,-1,BT-v3,10015,0,0.5,0,1,0,timeout,77.20146243677684,77.93832383943113,0.5816076317689212,4.1425008089758695,47.19143054796221,0.004157627150619895,0.0029326731595507374,0.0,5094.309947195736
HYB-b1000000-a0.25,hybrid,0.0,-1,,-1,BT-v3,10015,1,0.0,0,0,1,gun_kill,59.35270317658264,62.09517700618296,34.197758980746244,7.063954984732973,101.4007759386829,0.002593107012015339,0.003778906054421518,0.0,3042.683881496485
HYB-b1000000-a0.25,hybrid,0.0,-1,,-1,BT-v3,10016,0,1.0,1,0,0,gun_kill,72.68990403077419,65.40326046802211,18.536532075326562,3.158512275207565,43.30327584512662,0.002014586103243977,0.004601799100783125,0.0,3691.1104961338337
HYB-b1000000-a0.25,hybrid,0.0,-1,,-1,BT-v3,10016,1,0.0,0,0,1,gun_kill,78.95659417788923,15.798036465647247,39.35855532775386,6.424265322868352,57.09820845917214,0.00254742153439203,0.0031499089651867655,0.0,4675.673891617962
HYB-b1000000-a0.25,hybrid,0.0,-1,,-1,BT-v3,10017,0,0.0,0,0,1,gun_kill,43.52689797979952,58.436049592234696,39.32692695891969,0.23413107543317313,112.49705370172373,0.0055975475331519545,0.0025884509639274213,0.0,5212.260545285277
HYB-b1000000-a0.25,hybrid,0.0,-1,,-1,BT-v3,10017,1,0.0,0,0,1,gun_kill,99.58001845835388,63.92691902539514,80.272426865707,1.9583884883584908,71.5778996773168,0.00405797469425165,0.0049561846521718345,0.0,5409.734581507573
HYB-b1000000-a0.25,hybrid,0.0,-1,,-1,BT-v3,10018,0,0.0,0,0,1,gun_kill,91.00361038591993,87.64141672082889,11.014769386279188,7.6670106364639325,52.923451136478846,0.00476242516356291,0.0047319322528584,0.0,5567.978376699211
HYB-b1000000-a0.25,hybrid,0.0,-1,,-1,BT-v3,10018,1,0.0,0,0,1,gun_kill,94.6408679825134,48.161818014498415,50.9559123294691,3.6571783183893762,78.64044949433077,0.004458287314334033,0.005105206827564557,0.0,5502.111747630313
HYB-b1000000-a0.25,hybrid,0.0,-1,,-1,BT-v3,10019,0,0.0,0,0,1,gun_kill,37.8678495444177,49.77116346066772,92.89136725184873,7.944815647795348,63.461617514484445,0.002382223513273063,0.0032072164668572,0.0,5959.338746417647
HYB-b1000000-a0.25,hybrid,0.0,-1,,-1,BT-v3,10019,1,1.0,1,0,0,gun_kill,107.82095976725779,99.58217431164454,58.06076522159842,6.379354423613384,50.81528274667828,0.003281193480902402,0.004215299613475492,0.0,4570.145009626107
HYB-b1000000-a0.25,hybrid,0.0,-1,,-1,BT-v3,10020,0,1.0,1,0,0,gun_kill,45.77046168554912,11.708660172919371,79.71083620557059,4.8391276755494905,118.3714829436906,0.0042839568848541155,0.004277813103749229,0.0,4076.6004080419043
HYB-b1000000-a0.25,hybrid,0.0,-1,,-1,BT-v3,10020,1,0.5,0,1,0,timeout,66.52939570920049,88.65595261707676,57.87390996005559,7.3974543768989784,107.4417084152949,0.005492652588366868,0.004657260858890311,0.0,5089.066722628175
HYB-b1000000-a0.25,hybrid,0.0,-1,,-1,BT-v3,10021,0,0.0,0,0,1,gun_kill,45.74975941204425,79.97241486284011,75.09459465503755,0.9256598177252604,47.39926390248813,0.0033126304866036363,0.006766407301499089,0.0,5521.066872297535
HYB-b1000000-a0.25,hybrid,0.0,-1,,-1,BT-v3,10021,1,0.0,0,0,1,gun_kill,42.45608266182666,52.281795437625135,2.2623753967512483,5.100024630531552,61.520714453813795,0.003251801078409243,0.0031697732428875953,0.0,3035.347635301224
HYB-b1000000-a0.25,hybrid,0.0,-1,,-1,BT-v3,10022,0,0.0,0,0,1,gun_kill,112.64493629442195,55.49003604331655,88.78805895958227,1.133937073660623,39.15917688978107,0.00442141331841301,0.003520692986871933,0.0,5847.894835755579
HYB-b1000000-a0.25,hybrid,0.0,-1,,-1,BT-v3,10022,1,1.0,1,0,0,gun_kill,83.78176610296939,20.258742242802917,17.683117207719302,6.942518064813974,96.86075034077878,0.0025729670880272728,0.003849642666109127,0.0,3075.414780373788
HYB-b1000000-a0.25,hybrid,0.0,-1,,-1,BT-v3,10023,0,0.5,0,1,0,timeout,98.18459293062236,41.348857494595336,63.78167151265545,0.23061366165542818,53.164605222821805,0.0054184250847518454,0.0050646160297041195,0.0,5541.654261876312
HYB-b1000000-a0.25,hybrid,0.0,-1,,-1,BT-v3,10023,1,0.0,0,0,1,gun_kill,106.33201456907126,83.45622641392198,89.46502076353019,7.1919781463371,51.76294415623825,0.003043283092218647,0.003922350452954444,0.0,5216.965246092628
HYB-b1000000-a0.25,hybrid,0.0,-1,,-1,BT-v3,10024,0,1.0,1,0,0,gun_kill,73.67834986316021,67.48082109567265,16.612654482932943,4.328970700079779,119.9461237892917,0.005358055149312286,0.0032384575372405465,0.0,5190.605551717858
HYB-b1000000-a0.25,hybrid,0.0,-1,,-1,BT-v3,10024,1,0.5,0,1,0,timeout,94.11757068005491,85.7706104755341,20.308896734398363,3.6620155510967765,103.73262561674937,0.0028740688931447947,0.004686303966326499,0.0,5275.332786120756
HYB-b1000000-a0.25,hybrid,0.0,-1,,-1,BT-v3,10025,0,1.0,1,0,0,gun_kill,53.067266272964524,20.319118768103895,18.521177119786493,2.159126925912859,73.14242902903004,0.0020359743851780143,0.005340140467654258,0.0,4662.818253585883
HYB-b1000000-a0.25,hybrid,0.0,-1,,-1,BT-v3,10025,1,0.0,0,0,1,gun_kill,92.86817358736147,81.68508466871997,66.83994515663602,5.7542246081648685,49.162159489844754,0.005891118576735552,0.0032288770312185896,0.0,5721.694215827498
HYB-b1000000-a0.25,hybrid,0.0,-1,,-1,BT-v3,10026,0,1.0,1,0,0,gun_kill,61.159998820687946,78.22272304942743,8.212546992239457,4.997497610547421,92.90175121827001,0.004665884496398549,0.0060604559357455845,0.0,5419.754852334527
HYB-b1000000-a0.25,hybrid,0.0,-1,,-1,BT-v3,10026,1,0.5,0,1,0,timeout,32.11179005194892,33.97421513471516,8.140777615633398,4.9501513458148185,43.64989577600211,0.005329081459405911,0.0037550355018363332,0.0,5026.083671360702
HYB-b1000000-a0.25,hybrid,0.0,-1,,-1,BT-v3,10027,0,0.5,0,1,0,timeout,42.272009548734175,13.0347507834483,67.81507713100028,0.5844410114084937,52.75877250101067,0.004793384325196556,0.0020483057018729762,0.0,5509.251862319786
HYB-b1000000-a0.25,hybrid,0.0,-1,,-1,BT-v3,10027,1,0.5,0,1,0,timeout,106.40053481678552,67.16011850836448,72.31359602181864,1.9110105740261902,40.227496295079526,0.005023650586956945,0.002964189870030858,0.0,4508.335167441226
HYB-b1000000-a0.25,hybrid,0.0,-1,,-1,BT-v3,10028,0,1.0,1,0,0,gun_kill,31.0410905643059,49.73118634077318,64.35902853549482,0.39089833920283645,90.00066344099747,0.004688787179387347,0.004732975691353229,0.0,3744.896749992847
HYB-b1000000-a0.25,hybrid,0.0,-1,,-1,BT-v3,10028,1,0.0,0,0,1,gun_kill,97.59285634546214,50.232023280968654,59.27919145980258,6.641302952220476,104.78884286313844,0.0001228410437474456,0.006720685439959125,0.0,4238.667463936153
HYB-b1000000-a0.25,hybrid,0.0,-1,,-1,BT-v3,10029,0,1.0,1,0,0,gun_kill,92.33160590840856,80.66683510698202,93.00294648652229,6.163022015544059,62.76403318827915,0.0040795982225245025,0.004212483035747574,0.0,4818.169720119797
HYB-b1000000-a0.25,hybrid,0.0,-1,,-1,BT-v3,10029,1,1.0,1,0,0,gun_kill,48.06886846435245,96.29526068318195,23.67373016871792,6.584307335447215,35.29516497605267,0.0044853272014012055,0.0022865012184714716,0.0,4943.723731479602
HYB-b1000000-a0.25,hybrid,0.0,-1,,-1,BT-v3,10030,0,1.0,1,0,0,gun_kill,115.47777076309289,47.64971723633407,41.29407609615986,3.553023704970313,65.24629207311547,0.0023046183329147292,0.005106445414941057,0.0,4665.239158197346
HYB-b1000000-a0.25,hybrid,0.0,-1,,-1,BT-v3,10030,1,0.5,0,1,0,timeout,73.5552513304811,58.05065075179985,91.25965228118028,7.953932572202198,104.66190337149499,0.0028202836437419875,0.0037806764796101022,0.0,4638.3797088427245
HYB-b1000000-a0.25,hybrid,0.0,-1,,-1,BT-v3,10031,0,1.0,1,0,0,gun_kill,92.81338485913145,7.279905261514519,65.58743278544132,0.7692213688011709,63.2019350813038,0.004489107718398778,0.003102487691981273,0.0,4164.335440771917
HYB-b1000000-a0.25,hybrid,0.0,-1,,-1,BT-v3,10031,1,1.0,1,0,0,gun_kill,69.03582769290644,38.03560501608282,76.06735284999301,6.660150213081858,118.58474352965646,0.005832671070561388,0.0,0.0,5129.253342577087
HYB-b1000000-a0.25,hybrid,0.0,-1,,-1,BT-v3,10032,0,1.0,1,0,0,gun_kill,76.53649663399403,64.29784820352225,1.520008704824427,1.5622510513288503,50.30898326409411,0.004675495881941432,0.0027791051712494673,0.0,4557.094539972097
HYB-b1000000-a0.25,hybrid,0.0,-1,,-1,BT-v3,10032,1,0.5,0,1,0,timeout,107.93793207866162,47.16383095745837,59.55598728363015,2.5693681904794303,30.62085066124653,0.0036327506796583584,0.0035717397381070802,0.0,3518.889744740278
HYB-b1000000-a0.25,hybrid,0.0,-1,,-1,BT-v3,10033,0,1.0,1,0,0,gun_kill,45.65248964161525,74.26472496674079,53.666078287831574,2.687584095478849,52.84421319760679,0.0033083398762415537,0.005323340137416099,0.0,5673.79398937519
HYB-b1000000-a0.25,hybrid,0.0,-1,,-1,BT-v3,10033,1,1.0,1,0,0,gun_kill,105.86079559746184,21.57766619231851,8.625332501341475,1.4115873257604337,113.78503613267549,0.0039131988946582525,0.004250595907621749,0.0,3153.822389797104
HYB-b1000000-a0.25,hybrid,0.0,-1,,-1,BT-v3,10034,0,0.5,0,1,0,timeout,86.01904479871999,55.322451330414665,28.522539495055256,4.718735870820588,87.55564809768106,0.0034717325015714805,0.003587763236381341,0.0,5500.11015431001
HYB-b1000000-a0.25,hybrid,0.0,-1,,-1,BT-v3,10034,1,0.5,0,1,0,timeout,35.85299935257824,41.67049388262265,14.691887306076834,0.8643516771718218,113.06557394192421,0.0032985166828950296,0.004564933215941449,0.0,5383.89581166853
HYB-b1000000-a0.25,hybrid,0.0,-1,,-1,BT-v3,10035,0,1.0,1,0,0,gun_kill,64.59630948472397,48.83344160705602,60.315516233510536,3.660283235940171,65.40173948204716,0.004787007256983436,0.004308394449886551,0.0,3921.3382337160256
HYB-b1000000-a0.25,hybrid,0.0,-1,,-1,BT-v3,10035,1,0.0,0,0,1,gun_kill,48.09786582830589,38.46025277713606,48.011608691468275,5.823418094383198,99.2534436221991,0.0028156072691518023,0.005044360268928124,0.0,4824.311714735206
HYB-b1000000-a0.25,hybrid,0.0,-1,,-1,BT-v3,10036,0,0.5,0,1,0,timeout,87.63503087052905,25.959306811100646,30.00879037093843,1.1588594694817296,81.51351848029944,0.0031107731473951302,0.0043510593179797025,0.0,5129.334795161342
HYB-b1000000-a0.25,hybrid,0.0,-1,,-1,BT-v3,10036,1,1.0,1,0,0,gun_kill,86.23486492941748,25.76248242479663,35.0037631728217,0.2675316690092666,88.52974013686722,0.0037548249355258186,0.006052246571221773,0.0,5893.895416718455
HYB-b1000000-a0.25,hybrid,0.0,-1,,-1,BT-v3,10037,0,0.0,0,0,1,gun_kill,96.39203199954726,39.57587409530563,27.922073962741155,0.7352316768472402,108.47366091865354,0.0026840030352983085,0.0034084713007354627,0.0,4974.610290298049
HYB-b1000000-a0.25,hybrid,0.0,-1,,-1,BT-v3,10037,1,1.0,1,0,0,gun_kill,114.51516396598494,85.41761605618603,17.07135356149244,2.7571850379777896,79.66738770636798,0.004003698541697261,0.0034996601003809235,0.0,5874.747586575664
HYB-b1000000-a0.25,hybrid,0.0,-1,,-1,BT-v3,10038,0,1.0,1,0,0,gun_kill,56.0829856584504,47.39837589993387,67.35827880466363,3.204221832100176,40.17420006624215,0.00548527566425064,0.003288876417868158,0.0,4866.246783858505
HYB-b1000000-a0.25,hybrid,0.0,-1,,-1,BT-v3,10038,1,0.0,0,0,1,gun_kill,39.25286769399344,55.51949812326511,26.565144458783706,7.556115085421436,114.17612852596032,0.00559021348849268,0.0038845856695384887,0.0,4250.391956572177
HYB-b1000000-a0.25,hybrid,0.0,-1,,-1,BT-v3,10039,0,0.0,0,0,1,gun_kill,82.2242022559372,21.176862337280888,16.15373588929655,7.31420113727559,67.1707928678826,0.005948255289424956,0.0038619378701016433,0.0,3380.7760940104463
HYB-b1000000-a0.25,hybrid,0.0,-1,,-1,BT-v3,10039,1,0.0,0,0,1,gun_kill,70.88831225816938,53.538544563459276,97.13142139581986,1.245671599006295,76.74521603409752,0.005733514150108573,0.004491663143947162,0.0,4434.107144819614
HYB-b1000000-a0.25,hybrid,0.0,-1,,-1,BT-v3,10040,0,0.0,0,0,1,gun_kill,39.405159225959665,44.644335255497225,81.53919822913151,3.1285668918186476,73.3019074172137,0.0024726399351245962,0.0046030092835860365,0.0,4936.757902313152
HYB-b1000000-a0.25,hybrid,0.0,-1,,-1,BT-v3,10040,1,1.0,1,0,0,gun_kill,62.87995327045911,29.263701865083767,57.68098144571335,6.296655274447443,33.193621056343844,0.0045529711236496915,0.0010007316403525747,0.0,5140.919600114211
HYB-b1000000-a0.25,hybrid,0.0,-1,,-1,BT-v3,10041,0,1.0,1,0,0,gun_kill,44.58474507540777,30.383454809719247,11.731702075424666,1.5922250136502498,45.61896127087925,0.005174797570472076,0.003949304206734201,0.0,5472.191294523036
HYB-b1000000-a0.25,hybrid,0.0,-1,,-1,BT-v3,10041,1,0.0,0,0,1,gun_kill,111.04897728257811,0.3304338798842399,49.90900127721778,7.723321841014932,81.58112182316668,0.003405907237388144,0.0033505101140755148,0.0,5493.53460122443
HYB-b1000000-a0.25,hybrid,0.0,-1,,-1,BT-v3,10042,0,1.0,1,0,0,gun_kill,111.3912115054439,78.45736891584426,11.66405618994617,1.8567238662462007,75.3753332085817,0.0054321871987601834,0.003039015555851901,0.0,5670.573248620495
HYB-b1000000-a0.25,hybrid,0.0,-1,,-1,BT-v3,10042,1,0.0,0,0,1,gun_kill,32.207285164031106,84.02189747967716,27.672563572123764,2.6579174908604504,97.71480649304043,0.0015733862905731168,0.003954992481525047,0.0,5551.218266591543
HYB-b1000000-a0.25,hybrid,0.0,-1,,-1,BT-v3,10043,0,1.0,1,0,0,gun_kill,39.744312801629654,19.45968743966928,87.5435314646523,5.738295207032379,71.85181192274058,0.0046589591607400045,0.0040225480440639495,0.0,4018.471013280171
HYB-b1000000-a0.25,hybrid,0.0,-1,,-1,BT-v3,10043,1,0.0,0,0,1,gun_kill,80.21878504393226,35.31898724947421,38.063493067282735,1.853775806099632,38.44409364157167,0.00460465654866074,0.002761165280613656,0.0,3365.115516117665
HYB-b1000000-a0.25,hybrid,0.0,-1,,-1,BT-v3,10044,0,0.0,0,0,1,gun_kill,59.275224358516475,82.24990569593787,3.168465559705569,7.120540142984455,43.189413312416484,0.0028935575550140887,0.005506475277947814,0.0,5200.57016026331
HYB-b1000000-a0.25,hybrid,0.0,-1,,-1,BT-v3,10044,1,0.0,0,0,1,gun_kill,44.58461125275437,25.6651772535649,19.011872251086025,6.621269373530101,82.2621685575576,0.003899105217107172,0.003926061730014447,0.0,3496.51101028574
HYB-b1000000-a0.25,hybrid,0.0,-1,,-1,BT-v3,10045,0,0.5,0,1,0,timeout,115.82026741589216,14.060671980085148,71.43109266558677,5.896267819225946,90.44404318066356,0.004582412069517948,0.004392305299994373,0.0,5411.49101355206
HYB-b1000000-a0.25,hybrid,0.0,-1,,-1,BT-v3,10045,1,1.0,1,0,0,gun_kill,35.52797728925403,2.3005641994384596,65.68281781715322,6.128183783901283,102.36938746778495,0.004878564444503572,0.004202977900734774,0.0,5928.92830185877
HYB-b1000000-a0.25,hybrid,0.0,-1,,-1,BT-v3,10046,0,1.0,1,0,0,gun_kill,49.30741868661363,11.317153212965591,92.46595136404842,7.863408407027021,63.988327662044824,0.003888754608424056,0.004183061271425806,0.0,5889.762066070962
HYB-b1000000-a0.25,hybrid,0.0,-1,,-1,BT-v3,10046,1,1.0,1,0,0,gun_kill,62.80155437320392,82.7259546445088,71.87935640390182,0.4773449614161267,94.26455410200616,0.004562030206381742,0.004644786175837001,0.0,3513.181748984397
HYB-b1000000-a0.25,hybrid,0.0,-1,,-1,BT-v3,10047,0,0.5,0,1,0,timeout,45.03586161262125,61.73211859033738,21.216070425451704,0.32411337310063804,78.83159869409732,0.004174049343764239,0.0044282836258168505,0.0,3847.329169472315
HYB-b1000000-a0.25,hybrid,0.0,-1,,-1,BT-v3,10047,1,0.0,0,0,1,gun_kill,60.266025243967675,57.93573178518427,51.72122380502334,7.4691222546003475,94.5205304281234,0.0032919181638012738,0.0031081784205286705,0.0,3434.4134223793158
HYB-b1000000-a0.25,hybrid,0.0,-1,,-1,BT-v3,10048,0,0.0,0,0,1,gun_kill,91.16834162237163,70.22558522952004,32.861239422915936,0.9585302575292616,30.964457448354977,0.004461432781921383,0.003974777003280055,0.0,5168.8025595346535
HYB-b1000000-a0.25,hybrid,0.0,-1,,-1,BT-v3,10048,1,1.0,1,0,0,gun_kill,69.57579709238487,42.83465540567103,27.8050144578445,1.538935370859317,77.88389475613369,0.003656062610495397,0.0040194790499139535,0.0,5482.98101744588
HYB-b1000000-a0.25,hybrid,0.0,-1,,-1,BT-v3,10049,0,1.0,1,0,0,gun_kill,65.16212641876473,41.4246639674798,5.138494906653824,1.349378258436567,100.66510120264302,0.00444181865772398,0.0016669620989687916,0.0,5168.092818165311
HYB-b1000000-a0.25,hybrid,0.0,-1,,-1,BT-v3,10049,1,0.5,0,1,0,timeout,84.23691388365113,60.6042857278851,93.27673576082591,7.343308496010389,89.26173449727617,0.0035437680368266746,0.0025075105824720013,0.0,3607.6549886648404
HYB-b1000000-a0.25,hybrid,0.0,-1,,-1,BT-v3,10050,0,1.0,1,0,0,gun_kill,115.41057201173322,88.97743166321621,41.48309528910187,0.0574087491867008,56.09905423471872,0.004934860453246841,0.0022549945223180276,0.0,3612.630421099584
HYB-b1000000-a0.25,hybrid,0.0,-1,,-1,BT-v3,10050,1,0.0,0,0,1,gun_kill,108.44351162224713,82.21282945380608,58.03753470880824,3.491820854953791,33.98200332734429,0.004535724428120832,0.0055307026427641875,0.0,3396.4299845953383
HYB-b1000000-a0.25,hybrid,0.0,-1,,-1,BT-v3,10051,0,1.0,1,0,0,gun_kill,119.5057168703287,85.37629628176254,2.9666195167541987,5.8487293218134395,34.33977692336183,0.004742073427937234,0.0019382334321640148,0.0,5058.535972108426
HYB-b1000000-a0.25,hybrid,0.0,-1,,-1,BT-v3,10051,1,0.0,0,0,1,gun_kill,65.88409077925616,52.65990933867942,94.0910100506344,7.075732827420466,93.83949286994945,0.002902360807112642,0.005059749467639952,0.0,3958.2145739727202
HYB-b1000000-a0.25,hybrid,0.0,-1,,-1,BT-v3,10052,0,0.5,0,1,0,timeout,100.1904523143196,79.57207982213782,86.37314977355076,0.45563954812539365,69.35302518681655,0.0035764004442270353,0.004676795355487131,0.0,3740.47823427196
HYB-b1000000-a0.25,hybrid,0.0,-1,,-1,BT-v3,10052,1,0.0,0,0,1,gun_kill,55.042864093249165,18.42453534082734,84.8233538496446,7.1823131828955775,95.73035808181054,0.0036472881889782994,0.0036117326753377947,0.0,3000.466715878338
HYB-b1000000-a0.25,hybrid,0.0,-1,,-1,BT-v3,10053,0,0.0,0,0,1,gun_kill,76.05209315572795,67.60238788090253,13.463693429205904,0.6843394755795682,43.3853712807617,0.0027369815531077396,0.003994176779681438,0.0,5418.081124756079
HYB-b1000000-a0.25,hybrid,0.0,-1,,-1,BT-v3,10053,1,0.5,0,1,0,timeout,99.11182894078121,37.64538033971969,9.655899068247741,4.417684386627226,98.74774866183365,0.003958739526775639,0.002384874478131486,0.0,4660.368549254583
HYB-b1000000-a0.25,hybrid,0.0,-1,,-1,BT-v3,10054,0,0.0,0,0,1,gun_kill,66.38450503786765,92.13359656483175,68.5156115583394,1.2831317592087048,69.04663088751997,0.00472153525966844,0.00436148559125424,0.0,4957.845935488488
HYB-b1000000-a0.25,hybrid,0.0,-1,,-1,BT-v3,10054,1,0.0,0,0,1,gun_kill,114.91009604554337,35.43669955028573,64.6482483068778,0.26350233490608144,82.93136575281297,0.0056311447140687445,0.004164566479953752,0.0,3621.7890052980933
HYB-b1000000-a0.25,hybrid,0.0,-1,,-1,BT-v3,10055,0,1.0,1,0,0,gun_kill,76.97423887058375,27.232438542727554,28.260520702611924,2.532735607392481,61.35025770979598,0.005792261429284313,0.0034152967331645082,0.0,5504.404927935554
HYB-b1000000-a0.25,hybrid,0.0,-1,,-1,BT-v3,10055,1,1.0,1,0,0,gun_kill,111.5461666988287,96.13573517092802,56.106886441721294,6.62045382314911,94.61213952116124,0.004837423951018636,0.001825901552818469,0.0,3679.284931570185
HYB-b1000000-a0.25,hybrid,0.0,-1,,-1,BT-v3,10056,0,1.0,1,0,0,gun_kill,107.50242593939066,83.66669652349884,59.126528364419265,1.269512614126656,74.98499551288421,0.004432605818227065,0.0041184065656997325,0.0,3890.2921155553145
HYB-b1000000-a0.25,hybrid,0.0,-1,,-1,BT-v3,10056,1,0.0,0,0,1,gun_kill,64.24986687424101,68.48997771509863,40.000353490807605,1.5849705670111094,34.021871787908545,0.005047447071094574,0.0045188861383810225,0.0,4518.197586806051
HYB-b1000000-a0.25,hybrid,0.0,-1,,-1,BT-v3,10057,0,0.5,0,1,0,timeout,36.89733731056433,30.498323863316557,41.71980174493986,2.1271883066941255,31.469398920200703,0.0026092748767911943,0.005803142646044022,0.0,4197.72500997916
HYB-b1000000-a0.25,hybrid,0.0,-1,,-1,BT-v3,10057,1,1.0,1,0,0,gun_kill,80.02636015485692,82.3764168376818,53.04937664396119,0.2309095372638339,108.31467084471933,0.003915537199748306,0.00376511663108241,0.0,5632.241187238049
HYB-b1000000-a0.25,hybrid,0.0,-1,,-1,BT-v3,10058,0,0.0,0,0,1,gun_kill,93.35382024156826,46.3808817306805,21.164151346298286,5.459271221656277,67.71139827822014,0.003177827932344686,0.0049993149617182054,0.0,4477.4892040694485
HYB-b1000000-a0.25,hybrid,0.0,-1,,-1,BT-v3,10058,1,0.0,0,0,1,gun_kill,44.17164603343093,67.24074446759562,90.57335467461559,2.1994981481596527,114.38697678932722,0.005214514734197994,0.004268743568922549,0.0,5055.312848649155
HYB-b1000000-a0.25,hybrid,0.0,-1,,-1,BT-v3,10059,0,0.0,0,0,1,gun_kill,103.48895565896287,16.121186614827675,41.80133634667686,5.278445878440626,109.68147373280068,0.0042450595770639,0.0033698082134718133,0.0,5635.848241987522
HYB-b1000000-a0.25,hybrid,0.0,-1,,-1,BT-v3,10059,1,0.0,0,0,1,gun_kill,78.00056846686317,38.90725707687378,74.89404274867,2.1792705245167436,55.24878951653036,0.0038653740146417596,0.0028791455349513754,0.0,5866.4716071108305
HYB-b1000000-a0.25,hybrid,0.0,-1,,-1,BT-v3,10060,0,0.0,0,0,1,gun_kill,112.38428618495053,90.52627347425555,63.89889907078715,2.8003836955362384,97.92224967455252,0.0035982765574260763,0.004637654045810225,0.0,4035.887731654478
HYB-b1000000-a0.25,hybrid,0.0,-1,,-1,BT-v3,10060,1,0.0,0,0,1,gun_kill,107.92393625120259,26.101769226478833,57.10543300550203,2.267801334770594,100.4701193547486,0.0037330931515238363,0.003585170466355093,0.0,4371.244433023217
HYB-b1000000-a0.25,hybrid,0.0,-1,,-1,BT-v3,10061,0,0.0,0,0,1,gun_kill,62.72582310933757,12.518288191733685,96.3097111233771,1.1639989960470931,54.873910586958594,0.003183396886348987,0.0015631912883301911,0.0,4116.754386499815
HYB-b1000000-a0.25,hybrid,0.0,-1,,-1,BT-v3,10061,1,0.0,0,0,1,gun_kill,85.46279559206417,73.50893460786668,57.87916954733575,0.5413719382584574,99.4231316889002,0.005508887793266927,0.0028060935838742857,0.0,3769.228381640825
HYB-b1000000-a0.25,hybrid,0.0,-1,,-1,BT-v3,10062,0,0.5,0,1,0,timeout,110.08875726258213,33.12613611512918,3.63066798535554,7.780990844006092,110.0850316104114,0.0071617539898884575,0.00494009466602945,0.0,3318.319238732908
HYB-b1000000-a0.25,hybrid,0.0,-1,,-1,BT-v3,10062,1,0.0,0,0,1,gun_kill,31.613447004469226,1.448913820323039,8.467628265476957,1.4404352491181465,67.27099299776003,0.0061750342455328565,0.005229688323858723,0.0,5728.049524485274
HYB-b1000000-a0.25,hybrid,0.0,-1,,-1,BT-v3,10063,0,0.0,0,0,1,gun_kill,65.32791327725405,30.90163042654256,39.742284159093956,5.774645072394644,37.27418139752825,0.004904321779002986,0.004716026369765058,0.0,3083.7745681675824
HYB-b1000000-a0.25,hybrid,0.0,-1,,-1,BT-v3,10063,1,0.5,0,1,0,timeout,40.93185367418734,78.75539366063867,0.6234298782166081,7.706827155711387,94.49738034661172,0.0013438488668737086,0.0021972779191403438,0.0,4118.782377719575
HYB-b1000000-a0.25,hybrid,0.0,-1,,-1,BT-v3,10064,0,0.0,0,0,1,gun_kill,109.77326372371822,78.51139119018463,14.537970682361811,2.1833745801331856,93.19516564285092,0.003379372534694051,0.004340917849130181,0.0,4506.05065161901
HYB-b1000000-a0.25,hybrid,0.0,-1,,-1,BT-v3,10064,1,0.5,0,1,0,timeout,93.48267149704442,67.20161685372142,42.12084529375524,6.534003215961925,88.19242489429686,0.00534911527617806,0.0038117927495062566,0.0,4215.495053032765
HYB-b1000000-a0.25,hybrid,0.0,-1,,-1,BT-v3,10065,0,0.0,0,0,1,gun_kill,51.81197318424068,39.789519913007624,51.654564867165305,7.629205064755328,118.90143446808999,0.005122612579335945,0.0037464895955538658,0.0,4968.905453758829
HYB-b1000000-a0.25,hybrid,0.0,-1,,-1,BT-v3,10065,1,0.5,0,1,0,timeout,42.49079098636125,77.60107003762111,25.39577793734784,0.22096699009470644,55.614474034894684,0.002631890622029266,0.0021621660860534314,0.0,3802.298783778091
HYB-b1000000-a0.25,hybrid,0.0,-1,,-1,BT-v3,10066,0,0.0,0,0,1,gun_kill,115.30801649916336,29.314957363145666,24.61003158431985,3.6621435674309817,75.32374146874798,0.0025335271121586646,0.004464698558656079,0.0,4245.671132462496
HYB-b1000000-a0.25,hybrid,0.0,-1,,-1,BT-v3,10066,1,0.5,0,1,0,timeout,57.71080176731991,21.6962523940207,50.00941657097183,6.747600029226672,107.45182823863453,0.002664261002582561,0.004175992446735356,0.0,5289.782518552032
HYB-b1000000-a0.25,hybrid,0.0,-1,,-1,BT-v3,10067,0,0.5,0,1,0,timeout,71.89657515610871,18.643751503419416,51.921912418223584,7.6641832851017,47.064612788389496,0.0044301136597247855,0.004430000841901048,0.0,4103.2882000690515
HYB-b1000000-a0.25,hybrid,0.0,-1,,-1,BT-v3,10067,1,0.0,0,0,1,gun_kill,37.78929055723002,93.45979917193866,7.849255242945164,1.3932497545718743,92.59275210205438,0.004432923434823459,0.0023509981501897304,0.0,4240.927653109929
HYB-b1000000-a0.25,hybrid,0.0,-1,,-1,BT-v3,10068,0,0.0,0,0,1,gun_kill,77.09812681761986,83.99482195018882,47.120719100625195,0.5580832117555667,74.1459428806232,0.0035138951616549828,0.0053160452303891385,0.0,5897.079573375853
HYB-b1000000-a0.25,hybrid,0.0,-1,,-1,BT-v3,10068,1,1.0,1,0,0,gun_kill,49.90576597610581,38.06159893604958,38.94213356706743,6.970939682846462,42.31177483899451,0.003383199003200765,0.00290708672909436,0.0,3987.731877235452
HYB-b1000000-a0.25,hybrid,0.0,-1,,-1,BT-v3,10069,0,0.5,0,1,0,timeout,117.17422298269734,87.9994680528826,67.51502555453985,5.5093747783345,119.49618430199442,0.003120076336513827,0.002218687844972089,0.0,4270.4054214140415
HYB-b1000000-a0.25,hybrid,0.0,-1,,-1,BT-v3,10069,1,0.0,0,0,1,gun_kill,50.387179573820305,92.35882805229298,87.50689145171624,0.3343003334882306,71.03934022058006,0.002124117771869465,0.0042144164242898475,0.0,3420.783791137159
HYB-b1000000-a0.25,hybrid,0.0,-1,,-1,BT-v3,10070,0,0.5,0,1,0,timeout,75.12226201625752,92.52804231283156,74.5230852279317,2.367012993144268,31.371351381525855,0.005606943982444444,0.003059979466933405,0.0,5249.835287823671
HYB-b1000000-a0.25,hybrid,0.0,-1,,-1,BT-v3,10070,1,0.0,0,0,1,gun_kill,35.402454808196254,38.87653985818359,76.23970940044596,2.9095176694647407,49.6396483228445,0.004583854231887135,0.006009776275849298,0.0,3394.1116656019954
HYB-b1000000-a0.25,hybrid,0.0,-1,,-1,BT-v3,10071,0,0.0,0,0,1,gun_kill,64.54189931646289,2.519221359314483,13.53858778448923,7.910724212456446,55.612468102014184,0.004515368108561779,0.0037664003113118435,0.0,3530.4086385234355
HYB-b1000000-a0.25,hybrid,0.0,-1,,-1,BT-v3,10071,1,1.0,1,0,0,gun_kill,50.112554898451506,75.68982445583062,40.78825432871884,5.574770095127073,99.9895720390471,0.003504966295584699,0.005474721127593004,0.0,5523.268996370222
HYB-b1000000-a0.25,hybrid,0.0,-1,,-1,BT-v3,10072,0,0.0,0,0,1,gun_kill,108.15753530376148,30.403470268644384,17.70695068105903,6.239791314697881,43.608402484003896,0.0029212095307460297,0.0057434125690657735,0.0,5685.359792375846
HYB-b1000000-a0.25,hybrid,0.0,-1,,-1,BT-v3,10072,1,0.0,0,0,1,gun_kill,55.100115753521415,38.825248428613136,47.172286361882385,1.9347531529362794,104.10467827011303,0.003916192988430442,0.004553554046742642,0.0,5151.631567857733
HYB-b1000000-a0.25,hybrid,0.0,-1,,-1,BT-v3,10073,0,1.0,1,0,0,gun_kill,61.489249618890994,59.94085196351669,14.75231672580204,5.47918453058573,67.85535967683911,0.0034357841472369872,0.005069452239928315,0.0,4732.9367424260845
HYB-b1000000-a0.25,hybrid,0.0,-1,,-1,BT-v3,10073,1,1.0,1,0,0,gun_kill,88.48973908109743,53.44921055499007,55.20455760892059,3.1315970029377027,115.74074076619578,0.0066858321914372455,0.00632653388969844,0.0,3385.721427453776
HYB-b1000000-a0.25,hybrid,0.0,-1,,-1,BT-v3,10074,0,1.0,1,0,0,gun_kill,65.48201070111769,90.53304986823333,32.54820645784184,3.187988127813889,43.14835359084309,0.003800135570496413,0.004398343458509959,0.0,3948.4017910552825
HYB-b1000000-a0.25,hybrid,0.0,-1,,-1,BT-v3,10074,1,0.0,0,0,1,gun_kill,108.27126941638872,88.47551878968795,68.77175325489208,5.070869644501115,100.65089606302467,0.005611492368891359,0.002503364165606318,0.0,3224.250219467928
HYB-b1000000-a0.25,hybrid,0.0,-1,,-1,BT-v3,10075,0,1.0,1,0,0,gun_kill,110.24657054462283,37.153960422311904,9.169144475797687,2.932012219926766,114.18387767167545,0.0,0.005591769066182805,0.0,3904.312734814809
HYB-b1000000-a0.25,hybrid,0.0,-1,,-1,BT-v3,10075,1,1.0,1,0,0,gun_kill,57.1066413754623,92.2618899439884,33.57874426687897,3.2376142787431537,61.79014940991193,0.002548882281448261,0.003654536683796152,0.0,4560.312728320122
HYB-b1000000-a0.25,hybrid,0.0,-1,,-1,BT-v3,10076,0,1.0,1,0,0,gun_kill,58.6989231326232,97.80856314915954,22.32158064497366,0.444642013353274,100.90835146205937,0.005027338847790539,0.003806597856566228,0.0,3321.161994868637
HYB-b1000000-a0.25,hybrid,0.0,-1,,-1,BT-v3,10076,1,0.0,0,0,1,gun_kill,116.51449150181331,13.984086208421298,86.35300935496261,2.589029563067619,40.80528749341423,0.003945741386741289,0.0009472968637589886,0.0,3008.199528987586
HYB-b1000000-a0.25,hybrid,0.0,-1,,-1,BT-v3,10077,0,0.5,0,1,0,timeout,75.93621058475057,78.92327956645137,98.30194140885324,3.975484176211763,38.06625361713635,0.0010178873073633955,0.001894896709538638,0.0,3206.8443347230586
HYB-b1000000-a0.25,hybrid,0.0,-1,,-1,BT-v3,10077,1,0.0,0,0,1,gun_kill,117.69481531072867,52.88077301840573,14.783258816243016,2.5290997033942135,66.2831493366701,0.004424544876941066,0.004187628408045409,0.0,5341.873709379443
HYB-b1000000-a0.25,hybrid,0.0,-1,,-1,BT-v3,10078,0,1.0,1,0,0,gun_kill,63.98245290492676,91.20585490100648,68.99628444365875,7.388197416714621,33.857752885971244,0.0061179796203126215,0.0020865987117999535,0.0,5153.8984815566155
HYB-b1000000-a0.25,hybrid,0.0,-1,,-1,BT-v3,10078,1,0.5,0,1,0,timeout,34.51575689617354,49.4855838345455,88.73269087967236,1.669315310672454,100.80512803079637,0.003493528957865384,0.003102164409082229,0.0,3335.948767680392
HYB-b1000000-a0.25,hybrid,0.0,-1,,-1,BT-v3,10079,0,0.5,0,1,0,timeout,47.363372490991566,39.13651054975523,24.872596621718102,7.147201521443987,109.05610939247849,0.0033541697687876648,0.007158159660170007,0.0,4178.751531621512
HYB-b1000000-a0.25,hybrid,0.0,-1,,-1,BT-v3,10079,1,0.5,0,1,0,timeout,62.53780170994336,80.74302623850666,41.120349713684924,2.7521635154658064,43.954203193039845,0.0031258746122792497,0.004384018945814366,0.0,3004.7073538800164
HYB-b1000000-a0.25,hybrid,0.0,-1,,-1,BT-v3,10080,0,1.0,1,0,0,gun_kill,35.61055485648823,43.627023403839246,64.67810091819013,0.7517645501174393,85.50143140102023,0.005147866414996987,0.004522695001153448,0.0,4527.124872465516
HYB-b1000000-a0.25,hybrid,0.0,-1,,-1,BT-v3,10080,1,0.0,0,0,1,gun_kill,108.20259149800975,80.17485920768621,77.93982737515735,0.6864140976227002,86.61207817147445,0.004837776816877286,0.0016591504791030835,0.0,3998.750068398562
HYB-b1000000-a0.25,hybrid,0.0,-1,,-1,BT-v3,10081,0,1.0,1,0,0,gun_kill,65.34709973783434,37.304776925597835,22.160457492656437,3.9010906650719175,115.08485192232968,0.002654701493368606,0.0036567772608215063,0.0,4001.06411398641
HYB-b1000000-a0.25,hybrid,0.0,-1,,-1,BT-v3,10081,1,0.0,0,0,1,gun_kill,109.3451181252751,90.50736704157451,82.9660767003183,6.9157523566932975,108.24514092714438,0.0030340324850213784,0.003987647093513182,0.0,3234.6605570472566
HYB-b1000000-a0.25,hybrid,0.0,-1,,-1,BT-v3,10082,0,1.0,1,0,0,gun_kill,101.69823945252041,93.38194300208487,16.12618226856356,7.885254160852933,65.08039942433794,0.004555762733844697,0.00519476696223393,0.0,5679.707819002964
HYB-b1000000-a0.25,hybrid,0.0,-1,,-1,BT-v3,10082,1,0.5,0,1,0,timeout,89.6014692438387,92.9421731014895,69.69677202959915,7.236886226007022,61.12096124708813,0.0027435276718247035,0.0028064326422296967,0.0,5359.624448258862
HYB-b1000000-a0.25,hybrid,0.0,-1,,-1,BT-v3,10083,0,0.0,0,0,1,gun_kill,88.79715562727213,5.286471973997376,78.75331743521129,3.8516379927963644,89.39687723192165,0.0005783354454009845,0.00297542285190432,0.0,5251.01423287121
HYB-b1000000-a0.25,hybrid,0.0,-1,,-1,BT-v3,10083,1,0.0,0,0,1,gun_kill,59.93211473708508,83.67211317541818,20.15776483136078,2.3996644753832355,102.42916317385051,0.004046734181228387,0.004080831332425877,0.0,5578.062428490008
HYB-b1000000-a0.25,hybrid,0.0,-1,,-1,BT-v3,10084,0,0.0,0,0,1,gun_kill,41.085926501512375,42.65545741606383,61.36050710375356,1.2768480239209987,64.71855706366529,0.0023393094988233137,0.006211943857997141,0.0,5788.365161586872
HYB-b1000000-a0.25,hybrid,0.0,-1,,-1,BT-v3,10084,1,0.0,0,0,1,gun_kill,35.94139654424788,19.832502638843508,73.43263251592617,3.3886021684507446,106.95881540380404,0.0015838908510424658,0.004195718371735673,0.0,5386.633743411496
HYB-b1000000-a0.25,hybrid,0.0,-1,,-1,BT-v3,10085,0,1.0,1,0,0,gun_kill,44.142601402598814,48.312288910014956,52.488059324336646,6.519818413955374,72.73802037159524,0.002520767222665329,0.0066662813601606405,0.0,5524.38611740509
HYB-b1000000-a0.25,hybrid,0.0,-1,,-1,BT-v3,10085,1,1.0,1,0,0,gun_kill,118.36647248051416,17.659260103506547,47.209019741888234,2.4527836320524923,72.09531306391833,0.0027957454630791944,0.003209005416930275,0.0,3924.9187184917805
HYB-b1000000-a0.25,hybrid,0.0,-1,,-1,BT-v3,10086,0,0.0,0,0,1,gun_kill,67.08525057126616,58.86259848935534,80.77350814875176,1.0222220052580147,81.82679821857096,0.0038462980194432683,0.004881989340786856,0.0,3944.273775112738
HYB-b1000000-a0.25,hybrid,0.0,-1,,-1,BT-v3,10086,1,1.0,1,0,0,gun_kill,99.58605708963347,75.06642505759473,83.84167582064453,1.248561266791774,48.96604803600878,0.002760464936811917,0.006423193503605626,0.0,4162.063794492463
HYB-b1000000-a0.25,hybrid,0.0,-1,,-1,BT-v3,10087,0,1.0,1,0,0,gun_kill,111.53358546528888,74.77191230470505,59.085316719194104,3.031027149506097,71.0106427262339,0.004119831640058496,0.003301188245121358,0.0,4554.852305578842
HYB-b1000000-a0.25,hybrid,0.0,-1,,-1,BT-v3,10087,1,0.0,0,0,1,gun_kill,109.99165924835569,75.40244700995281,72.91994582912852,7.531161632312338,116.76674639329431,0.005348927064566234,0.0012717800163314147,0.0,5863.848361348721
HYB-b1000000-a0.25,hybrid,0.0,-1,,-1,BT-v3,10088,0,0.0,0,0,1,gun_kill,34.12759541187952,88.85169724788436,52.597970637628976,0.6528343614279741,80.2626434094283,0.003202683609203953,0.0037532711342655226,0.0,4355.957736773236
HYB-b1000000-a0.25,hybrid,0.0,-1,,-1,BT-v3,10088,1,0.5,0,1,0,timeout,66.98027536051319,26.30148252812603,53.091560168287835,4.955684551553698,93.95223003551344,0.004904413032385497,0.005535237572598161,0.0,5925.636426088355
HYB-b1000000-a0.25,hybrid,0.0,-1,,-1,BT-v3,10089,0,1.0,1,0,0,gun_kill,76.48627717226825,51.39654229755685,8.098873696834442,4.856171781282662,81.37591705443336,0.006787131880863197,0.003118340937202031,0.0,5774.7794562821355
HYB-b1000000-a0.25,hybrid,0.0,-1,,-1,BT-v3,10089,1,1.0,1,0,0,gun_kill,116.5090368935644,71.72431868856589,59.719347299142726,6.973309780964631,78.27629602015733,0.0036839153406710654,0.005748886015790231,0.0,4936.787350758123
HYB-b1000000-a0.25,hybrid,0.0,-1,,-1,BT-v3,10090,0,1.0,1,0,0,gun_kill,30.252658785233926,48.35964219812276,50.85248646289927,2.4036229550020103,39.2931666444791,0.004102214416302392,0.00346860814625729,0.0,4191.309371047262
HYB-b1000000-a0.25,hybrid,0.0,-1,,-1,BT-v3,10090,1,0.0,0,0,1,gun_kill,119.63923027035895,39.86118146310661,45.69029178052724,0.5810142353701284,36.43830822002566,0.003614856327816019,0.004930963912497484,0.0,4593.668747934281
HYB-b1000000-a0.25,hybrid,0.0,-1,,-1,BT-v3,10091,0,1.0,1,0,0,gun_kill,86.82753802440402,96.06389856354068,49.1373229085274,6.890680196836833,59.87595859441515,0.007811831055840361,0.0029636326830513957,0.0,3455.32173763974
HYB-b1000000-a0.25,hybrid,0.0,-1,,-1,BT-v3,10091,1,0.0,0,0,1,gun_kill,111.49140416561048,16.24918835513206,26.070119750291333,2.650072625585854,95.77451788398491,0.0038601029597646044,0.005870093429497915,0.0,4489.856510769122
HYB-b1000000-a0.25,hybrid,0.0,-1,,-1,BT-v3,10092,0,0.0,0,0,1,gun_kill,72.86863063764494,33.815590125452886,80.29590225584666,7.304429307022279,59.24639835315101,0.005081000626462031,0.0045027525208555744,0.0,3635.628321996563
HYB-b1000000-a0.25,hybrid,0.0,-1,,-1,BT-v3,10092,1,0.0,0,0,1,gun_kill,72.87543171833963,19.12528795956043,90.60900018319941,4.82918826222642,75.82257656477738,0.004482006369110283,0.0044335298123232576,0.0,3063.6099899195997
HYB-b1000000-a0.25,hybrid,0.0,-1,,-1,BT-v3,10093,0,0.0,0,0,1,gun_kill,93.71999016896723,81.26380749707917,74.1018706479211,6.027211354357866,86.8763019956971,0.004405518657362911,0.0014511046232620877,0.0,3477.6807833383027
HYB-b1000000-a0.25,hybrid,0.0,-1,,-1,BT-v3,10093,1,1.0,1,0,0,gun_kill,54.86824369581625,84.60433819895032,14.514312452523292,4.57144351606715,67.61481505284051,0.0033591294050070025,0.0037131011708407824,0.0,4238.861559711431
HYB-b1000000-a0.25,hybrid,0.0,-1,,-1,BT-v3,10094,0,1.0,1,0,0,gun_kill,84.5274538575245,83.91776153157761,25.00681564784705,2.895316976408507,32.359109121854885,0.0043630001421221835,0.0040778770709551165,0.0,5436.362038405294
HYB-b1000000-a0.25,hybrid,0.0,-1,,-1,BT-v3,10094,1,1.0,1,0,0,gun_kill,105.92493334535116,30.272165858025534,91.28487663097195,5.171215415831712,53.012216202828036,0.0041012353714625785,0.004560327021120135,0.0,5205.058946933741
HYB-b1000000-a0.25,hybrid,0.0,-1,,-1,BT-v3,10095,0,1.0,1,0,0,gun_kill,85.99638320514015,84.49105460510576,51.03676189136975,5.753760708799485,53.126089009737036,0.0013241099231202486,0.0024568932409804005,0.0,5213.512114772195
HYB-b1000000-a0.25,hybrid,0.0,-1,,-1,BT-v3,10095,1,0.0,0,0,1,gun_kill,71.15479298012872,50.63017261259491,66.60360053575994,5.610398255453654,98.50875918832101,0.005004507203907388,0.004482766546882816,0.0,3408.5829040458757
HYB-b1000000-a0.25,hybrid,0.0,-1,,-1,BT-v3,10096,0,0.5,0,1,0,timeout,43.267250778318065,77.25956196165544,9.183405470920626,0.700656653905467,82.06451044403877,0.0046050740062567805,0.002771686626548288,0.0,3009.9398969106496
HYB-b1000000-a0.25,hybrid,0.0,-1,,-1,BT-v3,10096,1,0.0,0,0,1,gun_kill,96.01372002514388,85.11685259155149,28.552517488323282,6.222610446908213,99.32958490651941,0.0050482288111222155,0.006153712427904586,0.0,4016.3616176422156
HYB-b1000000-a0.25,hybrid,0.0,-1,,-1,BT-v3,10097,0,1.0,1,0,0,gun_kill,81.08967533121492,2.3239676887726657,94.97923359711586,4.992922719916937,47.474039322822335,0.0055195321313307585,0.005966831156340573,0.0,5159.207924181732
HYB-b1000000-a0.25,hybrid,0.0,-1,,-1,BT-v3,10097,1,0.0,0,0,1,gun_kill,84.45413895233574,99.15596451152173,67.25832959776535,6.969033221201948,74.22318961396921,0.003994550420146732,0.005470478567032469,0.0,3473.704235707629
HYB-b1000000-a0.25,hybrid,0.0,-1,,-1,BT-v3,10098,0,0.0,0,0,1,gun_kill,32.46344204436589,16.06502475237833,70.67300511524722,5.98341482418065,52.00893667446908,0.0032477782716625833,0.0032271454779701273,0.0,4001.790198585598
HYB-b1000000-a0.25,hybrid,0.0,-1,,-1,BT-v3,10098,1,1.0,1,0,0,gun_kill,87.67529854308003,75.49901068462087,90.88196733473197,1.9987145625531584,56.192774666934355,0.006383756461418673,0.0030898990792371512,0.0,4352.453592492896
HYB-b1000000-a0.25,hybrid,0.0,-1,,-1,BT-v3,10099,0,1.0,1,0,0,gun_kill,70.99663361947434,51.181792729633216,62.95262037796812,7.15446849140593,43.88946610126051,0.004443239183040826,0.005446213812287655,0.0,5276.615327435313
HYB-b1000000-a0.25,hybrid,0.0,-1,,-1,BT-v3,10099,1,0.0,0,0,1,gun_kill,79.0599363844275,51.622772050010845,30.11087737288497,1.9492504389104166,80.17701053993676,0.004078296544536371,0.002169916478191876,0.0,4914.392993420037
HYB-b1000000-a0.50,hybrid,0.0,-1,,-1,BT-v2,10000,0,1.0,1,0,0,gun_kill,87.53493966238446,90.87207537449441,60.501451759569434,1.2445582148712848,77.70389129414502,0.010180282334361619,0.013196058547553475,0.0,5298.296976573012
HYB-b1000000-a0.50,hybrid,0.0,-1,,-1,BT-v2,10000,1,1.0,1,0,0,gun_kill,77.35256123445119,58.52793365314801,84.27928906179277,2.0946897023673534,116.4422041114554,0.016772703130633608,0.012860140946293844,0.0,3764.342354976019
HYB-b1000000-a0.50,hybrid,0.0,-1,,-1,BT-v2,10001,0,1.0,1,0,0,gun_kill,58.23972459820935,46.99072807214605,49.6228077080285,4.119789879629291,49.94365967154097,0.015584713956758629,0.009821440537934975,0.0,3145.0335387186315
HYB-b1000000-a0.50,hybrid,0.0,-1,,-1,BT-v2,10001,1,0.0,0,0,1,gun_kill,34.53657048621647,73.24101754550689,89.37178446647248,1.6442069577727443,55.19527684971394,0.0099882581862426,0.008053291998154747,0.0,3673.83017149311
HYB-b1000000-a0.50,hybrid,0.0,-1,,-1,BT-v2,10002,0,1.0,1,0,0,gun_kill,77.49715497184482,90.02364604030195,69.01864364452167,1.0870002689338367,49.38199216676675,0.012984738367360938,0.010315787074612356,0.0,4067.7790108571826
HYB-b1000000-a0.50,hybrid,0.0,-1,,-1,BT-v2,10002,1,1.0,1,0,0,gun_kill,66.75385743061611,50.4468595791596,67.31447490862082,7.432762030955063,105.15327343242919,0.012045583248201985,0.009814104637333529,0.0,5724.459072598447
HYB-b1000000-a0.50,hybrid,0.0,-1,,-1,BT-v2,10003,0,0.0,0,0,1,gun_kill,110.97558677317761,11.996342681122407,73.46723655141693,4.898984726109665,103.51408124637383,0.011877343874012977,0.009761333365667837,0.0,3414.8382975398617
HYB-b1000000-a0.50,hybrid,0.0,-1,,-1,BT-v2,10003,1,0.0,0,0,1,gun_kill,48.474002135805875,48.12982328926911,84.39912190064084,6.8866735792870415,95.28463845933953,0.011164591606379629,0.00977208608132329,0.0,5620.219806485844
HYB-b1000000-a0.50,hybrid,0.0,-1,,-1,BT-v2,10004,0,0.0,0,0,1,gun_kill,42.52383329868133,98.86422201094288,93.32662286546412,0.6235221842781158,82.74075878983074,0.013554600521477009,0.011960165550426356,0.0,5607.612555646943
HYB-b1000000-a0.50,hybrid,0.0,-1,,-1,BT-v2,10004,1,0.5,0,1,0,timeout,83.68412191639088,5.7170232062315085,27.964131530006476,2.594271578832082,92.26125443980877,0.010701384129871776,0.007017241476692512,0.0,4383.304660797368
HYB-b1000000-a0.50,hybrid,0.0,-1,,-1,BT-v2,10005,0,1.0,1,0,0,gun_kill,82.82120560636093,30.1446746963852,82.94594711559725,2.9176807121219968,77.60009433261688,0.011442473262851336,0.006889257868952373,0.0,3310.698062256036
HYB-b1000000-a0.50,hybrid,0.0,-1,,-1,BT-v2,10005,1,0.0,0,0,1,gun_kill,84.08791274146265,36.62358324244074,57.846102583352646,3.5525868039934343,102.29619741401712,0.011492870896368773,0.012225172532410991,0.0,3416.1504405525425
HYB-b1000000-a0.50,hybrid,0.0,-1,,-1,BT-v2,10006,0,0.0,0,0,1,gun_kill,38.96348516946357,53.0165550570938,35.047063114505825,5.722390063187574,44.064686505486264,0.012295453102835596,0.009992297366989398,0.0,5700.177563985926
HYB-b1000000-a0.50,hybrid,0.0,-1,,-1,BT-v2,10006,1,0.0,0,0,1,gun_kill,65.31958625491973,80.77281586950157,31.979065918865313,6.589922875788982,119.66102276526337,0.015849175485896948,0.007978833799013985,0.0,5332.830050781168
HYB-b1000000-a0.50,hybrid,0.0,-1,,-1,BT-v2,10007,0,1.0,1,0,0,gun_kill,96.92241860926792,62.834835833569244,75.36888939734854,6.167879639033034,111.24254122622948,0.007166713368790856,0.01384999709457977,0.0,3564.2952706712213
HYB-b1000000-a0.50,hybrid,0.0,-1,,-1,BT-v2,10007,1,1.0,1,0,0,gun_kill,41.555444920298896,7.442534855098115,4.1605045759819825,2.096071683620618,41.72066323413091,0.005074945497533569,0.01065496722639767,0.0,4924.226310561842
HYB-b1000000-a0.50,hybrid,0.0,-1,,-1,BT-v2,10008,0,0.5,0,1,0,timeout,54.46084958609997,37.5041311148408,37.9137441720154,2.179515779324536,92.11733132336823,0.004185475792918341,0.003574543541671636,0.0,5079.049828969297
HYB-b1000000-a0.50,hybrid,0.0,-1,,-1,BT-v2,10008,1,0.0,0,0,1,gun_kill,97.64463436854717,49.347091099276874,51.49940263455197,0.056503912714735094,94.70397055340723,0.006259817660585867,0.011753131031868676,0.0,4782.153006769306
HYB-b1000000-a0.50,hybrid,0.0,-1,,-1,BT-v2,10009,0,0.0,0,0,1,gun_kill,111.40109447713826,47.68017546587239,76.38933731864587,5.187380348663113,118.39998843120144,0.013928996672687162,0.005498528382138665,0.0,3508.7652096847364
HYB-b1000000-a0.50,hybrid,0.0,-1,,-1,BT-v2,10009,1,0.0,0,0,1,gun_kill,93.93595467939771,60.41817481771484,9.185521634298643,3.471406090163491,70.9100610687342,0.005134532220765812,0.008890925191939,0.0,5671.3303667555565
HYB-b1000000-a0.50,hybrid,0.0,-1,,-1,BT-v2,10010,0,1.0,1,0,0,gun_kill,102.70002381159657,18.76227796268879,71.80055674546915,7.164899900991882,108.7868387815686,0.010741134796347421,0.014604927054071543,0.0,5603.563094646542
HYB-b1000000-a0.50,hybrid,0.0,-1,,-1,BT-v2,10010,1,0.0,0,0,1,gun_kill,48.26702143773214,13.616848404710746,27.975302261615077,2.9423244062587273,106.56778247701217,0.003950161269640807,0.006734534064777078,0.0,3708.21704104472
HYB-b1000000-a0.50,hybrid,0.0,-1,,-1,BT-v2,10011,0,0.0,0,0,1,gun_kill,32.28416073700734,15.719144193836431,26.17459769588466,6.509793899328591,115.14161011618074,0.011291274055879808,0.01342867758258473,0.0,5613.694707906083
HYB-b1000000-a0.50,hybrid,0.0,-1,,-1,BT-v2,10011,1,0.0,0,0,1,gun_kill,101.32368462382018,9.850042990931618,26.939108970107807,0.62105328887613,34.551154453357995,0.012735679442050778,0.012218710644736171,0.0,3105.050207860457
HYB-b1000000-a0.50,hybrid,0.0,-1,,-1,BT-v2,10012,0,0.5,0,1,0,timeout,112.21667423869195,73.50178064403161,80.33154656512441,0.9640254135857154,117.1995519693296,0.006562718241251323,0.012348340775085516,0.0,5774.354135198018
HYB-b1000000-a0.50,hybrid,0.0,-1,,-1,BT-v2,10012,1,1.0,1,0,0,gun_kill,93.41576046901571,1.472022901124037,32.232876311150434,3.5481125614551905,37.968537832439864,0.010398230461313175,0.003803110531770847,0.0,3227.0963386123753
HYB-b1000000-a0.50,hybrid,0.0,-1,,-1,BT-v2,10013,0,0.0,0,0,1,gun_kill,81.51371849766718,89.62050513739364,33.204712096816756,1.0041318705025448,75.15557099687447,0.01607779096113943,0.01026064883000246,0.0,5710.15676336445
HYB-b1000000-a0.50,hybrid,0.0,-1,,-1,BT-v2,10013,1,1.0,1,0,0,gun_kill,30.34237672279439,0.11033874147106104,94.88383677749879,0.5011101599279026,100.04894291555887,0.012898559630104625,0.013610108267841203,0.0,4501.7302613608645
HYB-b1000000-a0.50,hybrid,0.0,-1,,-1,BT-v2,10014,0,0.5,0,1,0,timeout,73.6917608505845,39.665242925255875,42.30982295792612,6.015346989900299,53.0135279330306,0.012165547252231408,0.010813308921251059,0.0,4987.676927262518
HYB-b1000000-a0.50,hybrid,0.0,-1,,-1,BT-v2,10014,1,1.0,1,0,0,gun_kill,92.23805113394924,99.79544481750699,74.36047059883138,6.96774559101014,119.84346014188363,0.008298558255498118,0.008351591479461677,0.0,4307.346535290375
HYB-b1000000-a0.50,hybrid,0.0,-1,,-1,BT-v2,10015,0,1.0,1,0,0,gun_kill,117.7220193740654,3.5546229861235568,81.7645351533508,1.717303905579728,42.77740190717925,0.0058664723616344405,0.009440697262375756,0.0,5645.4986833289395
HYB-b1000000-a0.50,hybrid,0.0,-1,,-1,BT-v2,10015,1,1.0,1,0,0,gun_kill,105.50131405532608,34.65264820010039,8.577129884527857,4.5047806907022485,81.92513426308705,0.0071845235426701,0.017365300111626392,0.0,4438.366186852388
HYB-b1000000-a0.50,hybrid,0.0,-1,,-1,BT-v2,10016,0,1.0,1,0,0,gun_kill,63.02131496737053,59.605452444028536,25.660883405874912,1.5154310721253772,43.62736305565586,0.008093584206504916,0.009875489682305515,0.0,4639.965816063396
HYB-b1000000-a0.50,hybrid,0.0,-1,,-1,BT-v2,10016,1,1.0,1,0,0,gun_kill,91.03564616922549,26.466718004231993,42.1561581772828,6.81599703266292,97.90786726471853,0.007834835886323683,0.008019466619261006,0.0,5981.792811952515
HYB-b1000000-a0.50,hybrid,0.0,-1,,-1,BT-v2,10017,0,1.0,1,0,0,gun_kill,82.93695029093777,77.89381968685024,24.22130908110508,6.174387132571668,107.6219875679886,0.013004483476850126,0.006083938801576058,0.0,4628.217185804179
HYB-b1000000-a0.50,hybrid,0.0,-1,,-1,BT-v2,10017,1,1.0,1,0,0,gun_kill,32.31009942043045,37.13524394238688,14.714342113782353,1.412331247804615,73.51528209383936,0.010695936122211456,0.013658481051560723,0.0,5326.977311722851
HYB-b1000000-a0.50,hybrid,0.0,-1,,-1,BT-v2,10018,0,0.0,0,0,1,gun_kill,53.58283647268464,5.207114872898321,65.28844814248956,4.1911783921936285,80.21103136504378,0.0067652182797737605,0.01791357952032848,0.0,3432.7166535111373
HYB-b1000000-a0.50,hybrid,0.0,-1,,-1,BT-v2,10018,1,0.0,0,0,1,gun_kill,40.24018274783453,87.54886532731986,50.652984525698194,7.126936776303425,36.69565430774741,0.009496166274666538,0.005581776959772634,0.0,5451.306529462898
HYB-b1000000-a0.50,hybrid,0.0,-1,,-1,BT-v2,10019,0,0.0,0,0,1,gun_kill,41.874497383112384,78.68119614659452,44.29188105948081,6.711743501066801,96.27999479547547,0.013319897931825477,0.011543394150301825,0.0,3020.6973420300988
HYB-b1000000-a0.50,hybrid,0.0,-1,,-1,BT-v2,10019,1,1.0,1,0,0,gun_kill,98.90171529132431,71.82940110879596,20.52992206234453,7.834378750631499,96.1655915865881,0.008121473170349218,0.009716232384062523,0.0,3116.2286856070205
HYB-b1000000-a0.50,hybrid,0.0,-1,,-1,BT-v2,10020,0,0.0,0,0,1,gun_kill,34.787440213306894,29.010332258795767,42.92126662531635,2.083925138610609,80.69937400642763,0.012023361542052764,0.0037431260668656357,0.0,5524.877122996493
HYB-b1000000-a0.50,hybrid,0.0,-1,,-1,BT-v2,10020,1,0.5,0,1,0,timeout,65.80072084997784,76.71552072655301,55.041876557977496,7.296982272363045,73.37071732693812,0.0098538797860818,0.012343325349550956,0.0,3524.049948474519
HYB-b1000000-a0.50,hybrid,0.0,-1,,-1,BT-v2,10021,0,0.0,0,0,1,gun_kill,111.81067029482463,78.30584914773607,23.083526008905984,1.104333312302864,65.79800218620733,0.012945797568442661,0.012794932755664703,0.0,4208.196449265131
HYB-b1000000-a0.50,hybrid,0.0,-1,,-1,BT-v2,10021,1,0.0,0,0,1,gun_kill,71.67591179000993,66.15592621543846,23.67067868044157,2.529562883405621,84.26107265775909,0.007064997203538606,0.011468925760682475,0.0,3651.354216480218
HYB-b1000000-a0.50,hybrid,0.0,-1,,-1,BT-v2,10022,0,1.0,1,0,0,gun_kill,52.50031457292232,66.3174510828139,10.135039890207976,7.454344036659697,54.44577147910363,0.007229672565341855,0.011778097860430648,0.0,3304.6861662514766
HYB-b1000000-a0.50,hybrid,0.0,-1,,-1,BT-v2,10022,1,0.5,0,1,0,timeout,83.51188406845893,66.34860919434317,84.51236144666198,6.460167178930869,57.49646724694236,0.01223383692625431,0.011477150346143859,0.0,4640.048642097056
HYB-b1000000-a0.50,hybrid,0.0,-1,,-1,BT-v2,10023,0,0.0,0,0,1,gun_kill,40.79809147470354,81.42915713800653,94.47493616337694,6.411429800556469,43.682529049711505,0.0058923436897699915,0.010051535107278367,0.0,3589.005193987046
HYB-b1000000-a0.50,hybrid,0.0,-1,,-1,BT-v2,10023,1,0.0,0,0,1,gun_kill,63.21537478278248,51.9283114150481,44.716958350093726,0.3107415537246565,100.36893413562193,0.00818714472028255,0.00948507231377002,0.0,5824.436388510861
HYB-b1000000-a0.50,hybrid,0.0,-1,,-1,BT-v2,10024,0,0.0,0,0,1,gun_kill,33.81812302512037,97.60504677100283,58.96555974235089,7.606632397829495,110.59271324292358,0.006271351957469321,0.010944970703758989,0.0,4297.569151889878
HYB-b1000000-a0.50,hybrid,0.0,-1,,-1,BT-v2,10024,1,0.0,0,0,1,gun_kill,84.14427132397705,99.48684130123183,30.269631774944283,4.199888106947312,93.47057603368121,0.01309680253554399,0.0073465602126465135,0.0,5658.526240488574
HYB-b1000000-a0.50,hybrid,0.0,-1,,-1,BT-v2,10025,0,1.0,1,0,0,gun_kill,119.90564213898907,36.48662149274017,19.880097594382928,2.0781299900597014,54.913158808673415,0.01211595262731498,0.01066938049323878,0.0,5234.902650541766
HYB-b1000000-a0.50,hybrid,0.0,-1,,-1,BT-v2,10025,1,0.0,0,0,1,gun_kill,31.747257034482292,67.9241758656708,35.537478686721826,5.985543505648885,46.95677154968142,0.012424242187385158,0.0057876979667073405,0.0,5411.451328986666
HYB-b1000000-a0.50,hybrid,0.0,-1,,-1,BT-v2,10026,0,0.0,0,0,1,gun_kill,61.29024338168568,52.688527836510445,51.06793054627078,1.6102915603859351,50.898665432484194,0.008823704371307441,0.007313856169735461,0.0,4519.512179345435
HYB-b1000000-a0.50,hybrid,0.0,-1,,-1,BT-v2,10026,1,0.0,0,0,1,gun_kill,100.87928219619192,57.272415708631705,17.4969322220321,5.033472689134952,97.82567720171727,0.012059641751952031,0.005297348849514388,0.0,4189.533786974129
HYB-b1000000-a0.50,hybrid,0.0,-1,,-1,BT-v2,10027,0,1.0,1,0,0,gun_kill,94.10720796127215,12.696175494974737,50.29993289140793,5.826129954300634,115.22816670397171,0.008799913949488938,0.01094359112845741,0.0,3988.4919092365185
HYB-b1000000-a0.50,hybrid,0.0,-1,,-1,BT-v2,10027,1,0.5,0,1,0,timeout,110.11029263002307,56.086156537261324,49.59248099238109,4.57611549430525,68.3464998964549,0.007186063924765418,0.0061913531353399946,0.0,3029.8335332149227
HYB-b1000000-a0.50,hybrid,0.0,-1,,-1,BT-v2,10028,0,1.0,1,0,0,gun_kill,74.1218154762219,33.69372861432722,70.14344151088714,1.134732080934163,39.51193717217794,0.011330842161626562,0.00801534675603284,0.0,4726.671642748458
HYB-b1000000-a0.50,hybrid,0.0,-1,,-1,BT-v2,10028,1,1.0,1,0,0,gun_kill,54.68596762562997,52.347475983137734,21.86333507365823,3.3055985908981356,60.93016009937746,0.014170833268750214,0.010235481999460283,0.0,5954.408624569502
HYB-b1000000-a0.50,hybrid,0.0,-1,,-1,BT-v2,10029,0,1.0,1,0,0,gun_kill,31.961392059145915,63.00075951688786,55.56183290081991,1.7169203564023192,111.36234497215519,0.012818010843915194,0.01007108273247893,0.0,5192.951713979226
HYB-b1000000-a0.50,hybrid,0.0,-1,,-1,BT-v2,10029,1,1.0,1,0,0,gun_kill,111.80755838270322,60.84900006995721,43.27926321054581,6.099681596038938,36.91057265390326,0.012544075190262734,0.011016557988056095,0.0,5855.5940139774075
HYB-b1000000-a0.50,hybrid,0.0,-1,,-1,BT-v2,10030,0,0.0,0,0,1,gun_kill,86.27740798042962,89.06837115241561,73.88706427619496,6.017648207088095,52.39114788407227,0.012660570886760179,0.007749919216134819,0.0,4613.410272526302
HYB-b1000000-a0.50,hybrid,0.0,-1,,-1,BT-v2,10030,1,0.0,0,0,1,gun_kill,101.88702449301748,79.91526706424284,98.78558279369372,6.560323490298594,118.11723505632706,0.005461940069520033,0.01102754229594442,0.0,5654.633945519332
HYB-b1000000-a0.50,hybrid,0.0,-1,,-1,BT-v2,10031,0,1.0,1,0,0,gun_kill,31.474297357064746,80.66071210028228,85.22829183873154,1.2420991214352641,52.832952216562056,0.009705742345677974,0.005794558747930369,0.0,5230.055410643018
HYB-b1000000-a0.50,hybrid,0.0,-1,,-1,BT-v2,10031,1,0.0,0,0,1,gun_kill,44.13101885554964,50.43173342284849,24.648721967952458,0.5792936194725398,41.566408696525464,0.009835079974050639,0.006823444572765975,0.0,3279.111000911106
HYB-b1000000-a0.50,hybrid,0.0,-1,,-1,BT-v2,10032,0,0.0,0,0,1,gun_kill,44.31565634377008,21.353336294013157,49.145900457327144,2.3210041809255904,54.14519048983314,0.010734180403663128,0.010919376520516052,0.0,5211.851009645243
HYB-b1000000-a0.50,hybrid,0.0,-1,,-1,BT-v2,10032,1,0.0,0,0,1,gun_kill,74.43841565511536,34.3335266465459,66.38980484893355,4.858781117019821,76.56737243299517,0.011770205751956635,0.00594982044899137,0.0,3157.454652559304
HYB-b1000000-a0.50,hybrid,0.0,-1,,-1,BT-v2,10033,0,0.0,0,0,1,gun_kill,45.451443993126546,3.7199040824938523,92.03249671762339,1.0858455521324357,37.008146889855716,0.005848848786557016,0.012401978306737449,0.0,5757.949387198746
HYB-b1000000-a0.50,hybrid,0.0,-1,,-1,BT-v2,10033,1,0.0,0,0,1,gun_kill,63.99027123218356,77.49249991186342,49.57874472004173,3.9795565849971037,64.09913252339584,0.011777326628039098,0.012318183385565354,0.0,3364.535718869513
HYB-b1000000-a0.50,hybrid,0.0,-1,,-1,BT-v2,10034,0,1.0,1,0,0,gun_kill,71.28031307700684,13.965765177429335,79.14823394019828,5.052039920063136,61.07262278366407,0.011173761923227884,0.008635281744748688,0.0,4241.2366457407325
HYB-b1000000-a0.50,hybrid,0.0,-1,,-1,BT-v2,10034,1,0.0,0,0,1,gun_kill,117.7518018286272,92.46888799355546,49.29968119764878,1.2751428459091532,45.82340400628473,0.011228713525800214,0.005311685546778042,0.0,3392.531276340272
HYB-b1000000-a0.50,hybrid,0.0,-1,,-1,BT-v2,10035,0,0.0,0,0,1,gun_kill,60.095828097384356,50.13308127540736,85.00958398541275,6.23191701471445,68.24680561902179,0.016756698206629256,0.01124098504419791,0.0,3253.8507816541555
HYB-b1000000-a0.50,hybrid,0.0,-1,,-1,BT-v2,10035,1,1.0,1,0,0,gun_kill,63.784047246436906,33.424725046830105,21.57481274477071,7.950982472378047,84.48612604947564,0.0073723817663229685,0.009735764516470975,0.0,5636.444305693922
HYB-b1000000-a0.50,hybrid,0.0,-1,,-1,BT-v2,10036,0,0.5,0,1,0,timeout,107.6920064115358,50.92834775024768,64.12209326346611,7.236665145648312,50.57762332747862,0.010907769251592933,0.009403267765469757,0.0,4092.6647000529456
HYB-b1000000-a0.50,hybrid,0.0,-1,,-1,BT-v2,10036,1,0.0,0,0,1,gun_kill,111.74073106405747,35.383223275513366,98.54845463789442,7.586415698297157,37.11977270019949,0.006620418337141264,0.011437551940991974,0.0,5557.043794946323
HYB-b1000000-a0.50,hybrid,0.0,-1,,-1,BT-v2,10037,0,1.0,1,0,0,gun_kill,67.42485808751593,95.64400920889723,34.369697933344376,5.612312034892253,82.36598723494379,0.007700403979763522,0.007653971842495493,0.0,4294.4284800859905
HYB-b1000000-a0.50,hybrid,0.0,-1,,-1,BT-v2,10037,1,1.0,1,0,0,gun_kill,88.97661436337158,41.02919344379663,17.034852093958474,1.1609148307751145,75.6056456664683,0.008900845244099325,0.010785901764414414,0.0,4842.564203822485
HYB-b1000000-a0.50,hybrid,0.0,-1,,-1,BT-v2,10038,0,0.0,0,0,1,gun_kill,80.4391039675337,0.24797284836529654,89.49911640546418,2.016582882942415,59.16689615683418,0.01111537420527426,0.00735216991509012,0.0,4994.745901015376
HYB-b1000000-a0.50,hybrid,0.0,-1,,-1,BT-v2,10038,1,1.0,1,0,0,gun_kill,109.57856280911048,54.56609346515414,14.63384943680598,7.3806863118185095,119.3522924011766,0.017531809910423028,0.01504490794335999,0.0,4965.457145991183
HYB-b1000000-a0.50,hybrid,0.0,-1,,-1,BT-v2,10039,0,1.0,1,0,0,gun_kill,64.26201703826737,66.08889791250421,93.12572453943817,1.0388456207605081,31.36994508854657,0.014871079302775762,0.0076888600238738235,0.0,5366.901282996285
HYB-b1000000-a0.50,hybrid,0.0,-1,,-1,BT-v2,10039,1,1.0,1,0,0,gun_kill,102.80418737045733,60.67167484103827,71.14967923220816,5.524579155590746,101.9453677951982,0.01026235956644967,0.006414359988918756,0.0,4665.492185752457
HYB-b1000000-a0.50,hybrid,0.0,-1,,-1,BT-v2,10040,0,0.5,0,1,0,timeout,116.42573888680909,45.790867083926976,46.28659179718956,2.125297857552927,52.8369256895628,0.012698427780044732,0.009627410647768044,0.0,4677.007521841834
HYB-b1000000-a0.50,hybrid,0.0,-1,,-1,BT-v2,10040,1,0.0,0,0,1,gun_kill,114.84974640476727,18.071020357547763,3.966514625446649,7.955362208755539,51.2520542715248,0.00892531599532929,0.004694434211582769,0.0,3493.1081217518854
HYB-b1000000-a0.50,hybrid,0.0,-1,,-1,BT-v2,10041,0,0.0,0,0,1,gun_kill,70.85089484487159,81.85335525802009,35.04531878752384,4.056194940274432,109.70218443209626,0.002753246517516469,0.008113234734264056,0.0,5594.824251608581
HYB-b1000000-a0.50,hybrid,0.0,-1,,-1,BT-v2,10041,1,1.0,1,0,0,gun_kill,31.00859338289302,9.043661547674176,95.48728949675814,4.388310849713062,50.7193115522837,0.006960287572116445,0.010557223431690549,0.0,5651.341263241616
HYB-b1000000-a0.50,hybrid,0.0,-1,,-1,BT-v2,10042,0,0.5,0,1,0,timeout,112.49969469138452,51.34360516436306,68.93699530036879,3.6756497758454776,86.84576435011365,0.008014314435929894,0.010764308261162077,0.0,4862.462437267126
HYB-b1000000-a0.50,hybrid,0.0,-1,,-1,BT-v2,10042,1,0.5,0,1,0,timeout,46.10705122401851,34.41201627488485,73.99882322000234,0.9066606524238487,90.64244281117325,0.011149414792014445,0.017776242443224555,0.0,5546.490386881754
HYB-b1000000-a0.50,hybrid,0.0,-1,,-1,BT-v2,10043,0,0.0,0,0,1,gun_kill,42.394785342322436,92.02205880353603,43.36108546743449,4.252173193329504,49.208783128204146,0.0064468935571894495,0.013315615531908947,0.0,3713.6148132272288
HYB-b1000000-a0.50,hybrid,0.0,-1,,-1,BT-v2,10043,1,0.5,0,1,0,timeout,81.68659868926869,18.543583304568777,65.17250886735289,6.226539739109962,36.216716010062534,0.009119290421766029,0.014275116263762249,0.0,4269.012602545795
HYB-b1000000-a0.50,hybrid,0.0,-1,,-1,BT-v2,10044,0,1.0,1,0,0,gun_kill,106.6018536956109,24.532239139965874,69.91921631746443,0.9660541914089844,36.15516738113503,0.012945954434795095,0.00759414533159045,0.0,4668.026228884202
HYB-b1000000-a0.50,hybrid,0.0,-1,,-1,BT-v2,10044,1,1.0,1,0,0,gun_kill,31.90316885688587,2.2661165602983147,30.634255609251515,5.147801945709222,75.1206233865023,0.012227078786559284,0.007748496931429255,0.0,3763.6206381591105
HYB-b1000000-a0.50,hybrid,0.0,-1,,-1,BT-v2,10045,0,1.0,1,0,0,gun_kill,118.55922280425091,67.41698063492805,44.49685559518288,5.857960644567393,44.47833028316555,0.011814488972828698,0.010249492438441324,0.0,4674.540419894372
HYB-b1000000-a0.50,hybrid,0.0,-1,,-1,BT-v2,10045,1,0.0,0,0,1,gun_kill,38.08943191829085,59.55525274074608,89.4911718490169,5.985490440410958,114.561436231605,0.007267077759301305,0.005159477914491907,0.0,5218.5639000489755
HYB-b1000000-a0.50,hybrid,0.0,-1,,-1,BT-v2,10046,0,0.5,0,1,0,timeout,106.34969545686715,14.028162293408009,69.92178184683978,2.984332594136152,49.097312523345536,0.0081785806940785,0.013325095688425674,0.0,5876.056794441109
HYB-b1000000-a0.50,hybrid,0.0,-1,,-1,BT-v2,10046,1,0.5,0,1,0,timeout,104.93940531836074,14.459118849196406,73.16350439968339,7.76098373577329,99.76467569211027,0.009510683776810492,0.009172331759558318,0.0,3949.050449854026
HYB-b1000000-a0.50,hybrid,0.0,-1,,-1,BT-v2,10047,0,1.0,1,0,0,gun_kill,101.14335106232909,94.35494141037913,43.90606100383137,5.647633792918163,32.86598439766012,0.0092855425604743,0.012512893994808882,0.0,5763.311093200917
HYB-b1000000-a0.50,hybrid,0.0,-1,,-1,BT-v2,10047,1,0.0,0,0,1,gun_kill,110.55259129653919,83.37304394109809,31.523143288866173,2.107133539032019,119.5069702451226,0.01319336582523227,0.007977313792793221,0.0,4192.504021606075
HYB-b1000000-a0.50,hybrid,0.0,-1,,-1,BT-v2,10048,0,1.0,1,0,0,gun_kill,117.30415086862813,23.208432694452597,29.70417675337703,4.619076441737732,108.35497592587825,0.009497636788925134,0.008585296241464207,0.0,3471.0641668475364
HYB-b1000000-a0.50,hybrid,0.0,-1,,-1,BT-v2,10048,1,1.0,1,0,0,gun_kill,42.83285746094719,94.30415668036804,35.35045857360076,5.510569148208214,32.6450932891896,0.009398944223267437,0.010226746569988704,0.0,3819.073291563656
HYB-b1000000-a0.50,hybrid,0.0,-1,,-1,BT-v2,10049,0,1.0,1,0,0,gun_kill,82.488270338442,96.33140308619723,74.0055569298451,7.825322696198266,98.29320248545801,0.010212236504919741,0.011957196826415065,0.0,5275.4283643283625
HYB-b1000000-a0.50,hybrid,0.0,-1,,-1,BT-v2,10049,1,0.0,0,0,1,gun_kill,107.54443747404436,78.8001816496697,30.277684933764103,3.1437667915139285,101.75245733839972,0.0095143267165312,0.007207764774386844,0.0,3909.0588892904725
HYB-b1000000-a0.50,hybrid,0.0,-1,,-1,BT-v2,10050,0,1.0,1,0,0,gun_kill,45.83230510569301,86.74893502812438,9.798274115750571,7.402369248988614,37.99130866291595,0.006221434295454666,0.0030074876322068777,0.0,5353.251378011137
HYB-b1000000-a0.50,hybrid,0.0,-1,,-1,BT-v2,10050,1,1.0,1,0,0,gun_kill,95.04239737977485,52.871260156814905,7.115238549469294,5.166518220635581,108.58912096824763,0.010311643689265017,0.0159193717120372,0.0,4280.994800501317
HYB-b1000000-a0.50,hybrid,0.0,-1,,-1,BT-v2,10051,0,0.0,0,0,1,gun_kill,111.77726902872588,42.443168259549516,92.09097866269005,0.36402336783090306,87.87846471323905,0.010317782244764971,0.006472718493621422,0.0,3010.291931110822
HYB-b1000000-a0.50,hybrid,0.0,-1,,-1,BT-v2,10051,1,1.0,1,0,0,gun_kill,68.4948809937977,33.99368582094581,35.0865804754826,0.8616977630182054,100.9389251384221,0.00888727150952969,0.010764790585049071,0.0,4670.050455766353
HYB-b1000000-a0.50,hybrid,0.0,-1,,-1,BT-v2,10052,0,0.0,0,0,1,gun_kill,79.61373198210279,18.408678783626307,57.27166254945084,6.0391047570260925,68.23589407936996,0.004787936922314982,0.010136752443184743,0.0,3395.0991027122786
HYB-b1000000-a0.50,hybrid,0.0,-1,,-1,BT-v2,10052,1,0.0,0,0,1,gun_kill,95.47360209999958,9.383540367071486,24.370404173811224,1.3982855269290884,110.08873926248702,0.005928297800635602,0.016506092732757386,0.0,4219.129793853077
HYB-b1000000-a0.50,hybrid,0.0,-1,,-1,BT-v2,10053,0,0.0,0,0,1,gun_kill,110.43376811444375,92.79534569718875,34.02985493672255,4.230495045493494,68.04855019321309,0.012165865001645397,0.009972662937373216,0.0,3489.988776749753
HYB-b1000000-a0.50,hybrid,0.0,-1,,-1,BT-v2,10053,1,1.0,1,0,0,gun_kill,91.75919514646202,94.7282767018788,88.72832643007882,2.8945499614636416,112.82062998707801,0.013000391546849479,0.01425665361387414,0.0,4349.79105569948
HYB-b1000000-a0.50,hybrid,0.0,-1,,-1,BT-v2,10054,0,0.5,0,1,0,timeout,90.67945994653604,37.29923350603192,52.07754526317897,2.295421981205836,78.60874473012191,0.009522793517126267,0.00923345685805024,0.0,5936.854169699089
HYB-b1000000-a0.50,hybrid,0.0,-1,,-1,BT-v2,10054,1,1.0,1,0,0,gun_kill,119.67736421406859,65.17142908498379,69.19215358777873,0.8016056402348521,78.61330290002684,0.0061651321912328545,0.014561227274455395,0.0,3871.67377662829
HYB-b1000000-a0.50,hybrid,0.0,-1,,-1,BT-v2,10055,0,0.0,0,0,1,gun_kill,101.47118885813715,38.409765622561906,80.57675036985724,0.8539174959462246,32.03017639067724,0.010729295313727811,0.009656075825255265,0.0,4128.056126669325
HYB-b1000000-a0.50,hybrid,0.0,-1,,-1,BT-v2,10055,1,1.0,1,0,0,gun_kill,85.6412297729668,49.463544785513626,35.38615426422531,3.2418220881111255,49.89690931359881,0.008493798305941469,0.009286963678178608,0.0,4379.211374601369
HYB-b1000000-a0.50,hybrid,0.0,-1,,-1,BT-v2,10056,0,1.0,1,0,0,gun_kill,117.77913862052216,9.686851888064451,15.467004574433851,1.3057603570145018,56.25678944866038,0.009548214893121758,0.012191749178537884,0.0,3945.3826714245174
HYB-b1000000-a0.50,hybrid,0.0,-1,,-1,BT-v2,10056,1,1.0,1,0,0,gun_kill,102.1350665974108,86.07929032298355,82.00873384670984,2.856097862159671,116.12105515574694,0.0074749717586854265,0.004783080541562943,0.0,3581.4331829841312
HYB-b1000000-a0.50,hybrid,0.0,-1,,-1,BT-v2,10057,0,1.0,1,0,0,gun_kill,39.35449489606776,80.63136419284623,97.26021903044696,0.15302409224051416,117.04651678364274,0.009227658011225603,0.010068319938213423,0.0,3415.5216285934353
HYB-b1000000-a0.50,hybrid,0.0,-1,,-1,BT-v2,10057,1,0.0,0,0,1,gun_kill,100.25089970371548,15.765136676516434,45.94086573371692,7.190452957867345,49.10284842630695,0.013611993026022673,0.011313815214629933,0.0,3256.922572942827
HYB-b1000000-a0.50,hybrid,0.0,-1,,-1,BT-v2,10058,0,0.0,0,0,1,gun_kill,47.014481640122696,48.16383669753552,26.994310494117045,6.486274689653097,78.85939807303147,0.015595779404940684,0.009074808026837543,0.0,5517.812284504054
HYB-b1000000-a0.50,hybrid,0.0,-1,,-1,BT-v2,10058,1,1.0,1,0,0,gun_kill,53.218882621424164,30.343946784369514,86.9902389184294,2.2099242017125595,76.99337847673152,0.010921646153203377,0.014453608836826745,0.0,3260.75221065208
HYB-b1000000-a0.50,hybrid,0.0,-1,,-1,BT-v2,10059,0,0.5,0,1,0,timeout,104.89257081686434,32.01911574978647,90.92892851956168,0.9947289459262105,93.15880720819331,0.012304607315810208,0.011482590917735062,0.0,5740.952874688809
HYB-b1000000-a0.50,hybrid,0.0,-1,,-1,BT-v2,10059,1,0.0,0,0,1,gun_kill,58.06547076255325,75.18027355205021,59.52877470311721,6.8921027578605125,111.37279548980626,0.006351502675410155,0.006688364312409855,0.0,5843.370310878136
HYB-b1000000-a0.50,hybrid,0.0,-1,,-1,BT-v2,10060,0,0.5,0,1,0,timeout,33.24424631178615,82.74007649685086,7.9799736470306915,1.3662142311739878,119.20876066549867,0.009036885438494815,0.011255475120073811,0.0,4872.0645984047
HYB-b1000000-a0.50,hybrid,0.0,-1,,-1,BT-v2,10060,1,0.0,0,0,1,gun_kill,48.76900973776902,17.049096791625097,9.838664456041968,5.125789055000852,95.06777419075911,0.018989923963407252,0.016562202202307138,0.0,3767.8716195654624
HYB-b1000000-a0.50,hybrid,0.0,-1,,-1,BT-v2,10061,0,1.0,1,0,0,gun_kill,85.14897312706607,55.12956326010973,81.34217605183622,7.562507412053702,116.39134520652071,0.010056231087137166,0.0093113275954002,0.0,3103.6946330523815
HYB-b1000000-a0.50,hybrid,0.0,-1,,-1,BT-v2,10061,1,0.0,0,0,1,gun_kill,101.90020419888448,33.650243869112806,27.19364680216213,6.115688979704245,102.64512240627056,0.009320709311362398,0.009522073027998582,0.0,3043.8285670719188
HYB-b1000000-a0.50,hybrid,0.0,-1,,-1,BT-v2,10062,0,1.0,1,0,0,gun_kill,100.00450310999307,41.19032219698844,68.4681974369113,2.1030739271588565,43.60847790794887,0.010867289534929464,0.007662145154352203,0.0,3727.567495099648
HYB-b1000000-a0.50,hybrid,0.0,-1,,-1,BT-v2,10062,1,0.5,0,1,0,timeout,55.042329502689014,47.802556682531176,43.74322502513076,0.4481056830974506,97.73479680902406,0.0056767117513109215,0.010519846192454628,0.0,4428.003300705391
HYB-b1000000-a0.50,hybrid,0.0,-1,,-1,BT-v2,10063,0,0.0,0,0,1,gun_kill,40.18751626357863,39.36150926145796,80.74220238163895,5.93609924495553,57.29374906398752,0.006995454398484457,0.007797980224216003,0.0,5259.846887032183
HYB-b1000000-a0.50,hybrid,0.0,-1,,-1,BT-v2,10063,1,0.0,0,0,1,gun_kill,101.83425496874479,55.10134898494522,53.487469280003516,0.10892941533712985,40.02354107102619,0.013473195131567754,0.010502889039176186,0.0,4456.339187859622
HYB-b1000000-a0.50,hybrid,0.0,-1,,-1,BT-v2,10064,0,0.5,0,1,0,timeout,88.09422867822282,70.99982670778705,73.00768970408183,0.27656131160916964,92.57327021482783,0.005887998606271718,0.01269160910032822,0.0,3086.02426886767
HYB-b1000000-a0.50,hybrid,0.0,-1,,-1,BT-v2,10064,1,0.0,0,0,1,gun_kill,54.46932097749726,55.770192937759255,12.795017802343834,1.2802422469957406,115.88079756110304,0.0019313026148087033,0.009559325749425456,0.0,5360.246750884613
HYB-b1000000-a0.50,hybrid,0.0,-1,,-1,BT-v2,10065,0,0.0,0,0,1,gun_kill,71.16847051861319,60.39927284925898,55.78179907570006,1.3647311419960735,44.17065288264306,0.007597909851169462,0.008162299620985606,0.0,5906.137448776979
HYB-b1000000-a0.50,hybrid,0.0,-1,,-1,BT-v2,10065,1,0.0,0,0,1,gun_kill,98.37957477743586,1.2237666823316617,97.44171842238377,3.177732007824998,74.99852094939212,0.011969815194435688,0.006679524194316095,0.0,4743.256792433513
HYB-b1000000-a0.50,hybrid,0.0,-1,,-1,BT-v2,10066,0,1.0,1,0,0,gun_kill,104.64919185301196,35.86519913344949,77.571148892457,0.4960243576293255,102.19553471387945,0.011784425099888841,0.00954098870211334,0.0,4414.012334153521
HYB-b1000000-a0.50,hybrid,0.0,-1,,-1,BT-v2,10066,1,0.5,0,1,0,timeout,57.008701157616514,92.16253544877576,5.321193992682716,7.597324345278277,104.89183725745518,0.01285769440433914,0.008242805049500923,0.0,5516.253104865804
HYB-b1000000-a0.50,hybrid,0.0,-1,,-1,BT-v2,10067,0,0.5,0,1,0,timeout,97.11346072766862,85.58420488418793,83.46754101171005,2.364071985183478,45.06139760371365,0.005509430521547976,0.011100576995595222,0.0,3475.2990388978906
HYB-b1000000-a0.50,hybrid,0.0,-1,,-1,BT-v2,10067,1,0.5,0,1,0,timeout,82.41249954659122,56.58639256541158,30.920266082301772,5.174995051541719,105.81734769075278,0.013471627677224617,0.009641866022421453,0.0,4298.0704686365425
HYB-b1000000-a0.50,hybrid,0.0,-1,,-1,BT-v2,10068,0,0.0,0,0,1,gun_kill,50.40955266191632,24.382561154643454,20.82062526520684,7.695945283656107,42.21391850578485,0.012750886034332137,0.007302082775117557,0.0,5245.578297961098
HYB-b1000000-a0.50,hybrid,0.0,-1,,-1,BT-v2,10068,1,0.5,0,1,0,timeout,51.90973780303584,21.523321234360647,71.76322472167374,5.18819274060348,76.43357237893383,0.004039250638678235,0.014800815443877798,0.0,5292.653295416387
HYB-b1000000-a0.50,hybrid,0.0,-1,,-1,BT-v2,10069,0,0.5,0,1,0,timeout,77.77281821431043,9.62576146298354,80.83895431258526,5.809535061087463,92.08966126736658,0.010044610666225461,0.011960287852388486,0.0,3829.496289990778
HYB-b1000000-a0.50,hybrid,0.0,-1,,-1,BT-v2,10069,1,0.0,0,0,1,gun_kill,113.99732653655778,65.42745693950506,9.181643029635755,6.405954566647968,67.00848197330015,0.00628377007283169,0.008045325358988381,0.0,3201.4705925052567
HYB-b1000000-a0.50,hybrid,0.0,-1,,-1,BT-v2,10070,0,0.5,0,1,0,timeout,64.68081426652951,19.85706095916565,28.02653706069076,0.4586078152792288,115.72070177176448,0.01553803378958126,0.011769281753895551,0.0,3217.009846918085
HYB-b1000000-a0.50,hybrid,0.0,-1,,-1,BT-v2,10070,1,1.0,1,0,0,gun_kill,97.99923713680316,86.97084935759624,5.512560617477769,3.334295480424702,31.886832309665074,0.011177598787756638,0.008903988380181211,0.0,5226.410064607672
HYB-b1000000-a0.50,hybrid,0.0,-1,,-1,BT-v2,10071,0,1.0,1,0,0,gun_kill,45.33508287014428,90.13247214609368,67.45200528484412,2.762854837470079,33.636359571676415,0.007514901769265497,0.013764734060978712,0.0,5273.204829521415
HYB-b1000000-a0.50,hybrid,0.0,-1,,-1,BT-v2,10071,1,0.0,0,0,1,gun_kill,61.53106375187939,20.711465172253295,51.793654861815966,3.030794046669018,33.20077567275425,0.009200612637959417,0.010480255238006614,0.0,4920.88803961674
HYB-b1000000-a0.50,hybrid,0.0,-1,,-1,BT-v2,10072,0,0.5,0,1,0,timeout,52.86145445129165,40.796347679717385,83.68344663349188,7.962925500801383,64.88001136561468,0.011803655616308946,0.00943961296672229,0.0,3956.1854704044576
HYB-b1000000-a0.50,hybrid,0.0,-1,,-1,BT-v2,10072,1,1.0,1,0,0,gun_kill,46.18967814408107,67.5367813940895,30.18671884225882,7.123203518780741,49.460643465098194,0.00812678625556903,0.00929279341430416,0.0,4035.4829012022938
HYB-b1000000-a0.50,hybrid,0.0,-1,,-1,BT-v2,10073,0,0.5,0,1,0,timeout,97.98738032919911,87.92398252494765,85.26763652892653,3.501957610503725,65.07777683476291,0.007584670947349433,0.004511820269744415,0.0,4878.606812818209
HYB-b1000000-a0.50,hybrid,0.0,-1,,-1,BT-v2,10073,1,0.5,0,1,0,timeout,102.85457263251494,8.836898172062412,51.773873117504074,5.318467619244466,45.0204684122957,0.0063910676494976755,0.008646702052059467,0.0,3560.377652219462
HYB-b1000000-a0.50,hybrid,0.0,-1,,-1,BT-v2,10074,0,0.5,0,1,0,timeout,32.42557322843505,73.37567787572965,20.98678877692146,5.8029093866857515,66.58011390900938,0.010664043982168506,0.011437402095633525,0.0,3342.11263779243
HYB-b1000000-a0.50,hybrid,0.0,-1,,-1,BT-v2,10074,1,0.5,0,1,0,timeout,119.64919906993187,55.630670348505284,32.08396912140985,4.928940628186502,76.87136909626716,0.013810033464561383,0.01231351848709904,0.0,4585.60915948794
HYB-b1000000-a0.50,hybrid,0.0,-1,,-1,BT-v2,10075,0,0.5,0,1,0,timeout,50.43616858548944,99.29809004249776,44.450505952282924,3.131845937351356,30.198783564830777,0.011943530248824469,0.010255580454505373,0.0,5695.687378083441
HYB-b1000000-a0.50,hybrid,0.0,-1,,-1,BT-v2,10075,1,1.0,1,0,0,gun_kill,76.67280682526018,5.292918577230187,5.2367865295466,4.213173769946588,56.09212723132134,0.00784637421376678,0.013980113387426496,0.0,4811.924826589497
HYB-b1000000-a0.50,hybrid,0.0,-1,,-1,BT-v2,10076,0,0.5,0,1,0,timeout,100.36612981757388,75.74410140997682,84.4710513800168,4.302873531366121,54.61789059407036,0.013621369479755835,0.010777140788717119,0.0,4608.739326311706
HYB-b1000000-a0.50,hybrid,0.0,-1,,-1,BT-v2,10076,1,0.5,0,1,0,timeout,90.86424042124867,42.02299702213038,86.51933221658435,1.5784691811303677,112.64692136140063,0.00992743780120976,0.009487478270655766,0.0,5028.84244318233
HYB-b1000000-a0.50,hybrid,0.0,-1,,-1,BT-v2,10077,0,1.0,1,0,0,gun_kill,74.65329915904073,69.8537053060598,24.94523315639955,5.587121355504529,112.24815660995965,0.014065122651956653,0.011250290425009704,0.0,3192.38106934433
HYB-b1000000-a0.50,hybrid,0.0,-1,,-1,BT-v2,10077,1,0.0,0,0,1,gun_kill,60.27697551008994,95.94393251378138,34.20421784605059,2.681458135670975,73.19816504682039,0.007559330688542828,0.017752974700928324,0.0,3839.2269806053055
HYB-b1000000-a0.50,hybrid,0.0,-1,,-1,BT-v2,10078,0,0.0,0,0,1,gun_kill,34.18247470708746,82.33519534106729,89.36462477836623,2.693136166530828,71.07559346864203,0.011926306057360253,0.010883552996225308,0.0,4230.793936131062
HYB-b1000000-a0.50,hybrid,0.0,-1,,-1,BT-v2,10078,1,0.5,0,1,0,timeout,80.37378831038652,14.861098695085984,30.160314867053494,0.3581651952803613,38.77931928569544,0.010782118769422257,0.013071688662143185,0.0,5832.437650325408
HYB-b1000000-a0.50,hybrid,0.0,-1,,-1,BT-v2,10079,0,0.0,0,0,1,gun_kill,71.09415068201645,30.409084371577954,81.73158102916503,1.6293580560765344,62.009306512874296,0.00850850707585585,0.01763676136708715,0.0,3370.7506616370724
HYB-b1000000-a0.50,hybrid,0.0,-1,,-1,BT-v2,10079,1,0.5,0,1,0,timeout,83.11669451361226,23.202952174107793,50.10315839284027,7.386874885822554,103.44411633606134,0.006624933897167768,0.009693019653804348,0.0,3931.2948231611263
HYB-b1000000-a0.50,hybrid,0.0,-1,,-1,BT-v2,10080,0,0.5,0,1,0,timeout,111.2088358540466,95.61048701968996,51.02072852294497,5.446610611462535,39.592854111297214,0.013173338258599555,0.008543811757567531,0.0,5925.684052749959
HYB-b1000000-a0.50,hybrid,0.0,-1,,-1,BT-v2,10080,1,0.0,0,0,1,gun_kill,116.67007919272793,40.36893802996082,11.078451324749706,6.7493970732853725,62.87561884117398,0.012050618703720472,0.014283593882077797,0.0,4559.481431674921
HYB-b1000000-a0.50,hybrid,0.0,-1,,-1,BT-v2,10081,0,0.0,0,0,1,gun_kill,97.15013073628761,45.765618536127796,25.617837692231017,4.955283220666379,86.64383890017817,0.00826697702580522,0.008205789071831306,0.0,3747.4132920638804
HYB-b1000000-a0.50,hybrid,0.0,-1,,-1,BT-v2,10081,1,1.0,1,0,0,gun_kill,118.24248413399442,20.747983881867793,35.10029444225231,0.9877979352917556,55.15979915307295,0.007545456986087634,0.010627331084951825,0.0,4092.5461244919343
HYB-b1000000-a0.50,hybrid,0.0,-1,,-1,BT-v2,10082,0,1.0,1,0,0,gun_kill,86.33519831336864,9.624217732495277,21.126098457053498,6.158048924531879,68.54809203776162,0.00886309300654142,0.011719525430862136,0.0,4730.572761922805
HYB-b1000000-a0.50,hybrid,0.0,-1,,-1,BT-v2,10082,1,1.0,1,0,0,gun_kill,105.9840128365261,41.644177544652194,32.613147853598036,4.446191289545844,114.33526552675332,0.012041840072474348,0.006125911907256099,0.0,5816.085191263284
HYB-b1000000-a0.50,hybrid,0.0,-1,,-1,BT-v2,10083,0,1.0,1,0,0,gun_kill,30.326456005016805,48.07917251125197,97.50255571295949,7.732190580784459,37.424872320766646,0.01418131652821809,0.008740150326194348,0.0,4758.474285535699
HYB-b1000000-a0.50,hybrid,0.0,-1,,-1,BT-v2,10083,1,0.0,0,0,1,gun_kill,98.96332543644101,68.25242126031445,68.58123628902591,0.46262018866779897,73.49846567276684,0.007248768130704467,0.00858965645825609,0.0,5696.59892712885
HYB-b1000000-a0.50,hybrid,0.0,-1,,-1,BT-v2,10084,0,1.0,1,0,0,gun_kill,61.48376930058016,36.46419987177364,66.06805440100423,0.9237040281679061,104.68261850958986,0.011902208653024061,0.012469432714616042,0.0,3375.657229905836
HYB-b1000000-a0.50,hybrid,0.0,-1,,-1,BT-v2,10084,1,1.0,1,0,0,gun_kill,47.24019994704847,43.9035578942675,15.534653658684562,5.318138769355712,40.40417893163914,0.008055931076436571,0.009661591550081538,0.0,5344.259598603527
HYB-b1000000-a0.50,hybrid,0.0,-1,,-1,BT-v2,10085,0,1.0,1,0,0,gun_kill,117.92954677819779,70.85283116135395,61.80114149035963,3.060455391163293,41.54737839969084,0.012385095334653984,0.013213981600118484,0.0,4666.567085567083
HYB-b1000000-a0.50,hybrid,0.0,-1,,-1,BT-v2,10085,1,0.5,0,1,0,timeout,117.46144283113877,89.42549736844434,58.220293003890866,5.2147617294814514,59.33642885854264,0.013216357909442065,0.009287808691452643,0.0,5108.421899573865
HYB-b1000000-a0.50,hybrid,0.0,-1,,-1,BT-v2,10086,0,1.0,1,0,0,gun_kill,81.32517486642274,83.69095139154022,53.9268851377678,0.7741189482768265,95.88718687425155,0.01623707799400675,0.013232285764708031,0.0,4861.780229790494
HYB-b1000000-a0.50,hybrid,0.0,-1,,-1,BT-v2,10086,1,0.5,0,1,0,timeout,49.00249278698374,71.61500410367078,29.177260954647856,7.742976743007442,48.011295770520476,0.011993648980627724,0.0128800244074684,0.0,5204.9378018266925
HYB-b1000000-a0.50,hybrid,0.0,-1,,-1,BT-v2,10087,0,0.5,0,1,0,timeout,116.30063134101496,71.3050865328977,94.83832911158612,0.09752506181112253,95.47249317628976,0.009664732033776784,0.011454052253897153,0.0,5728.854635732832
HYB-b1000000-a0.50,hybrid,0.0,-1,,-1,BT-v2,10087,1,0.0,0,0,1,gun_kill,114.5840883225324,20.44399801804502,48.912007215920184,0.15957590635535635,42.98134466136976,0.0061279606370883526,0.00819736788717364,0.0,4599.46899490603
HYB-b1000000-a0.50,hybrid,0.0,-1,,-1,BT-v2,10088,0,1.0,1,0,0,gun_kill,32.389642944551284,13.648390589930436,99.44429098685703,4.147187157837031,66.4397554283058,0.01366379219190825,0.012061675900924475,0.0,3527.3836952562074
HYB-b1000000-a0.50,hybrid,0.0,-1,,-1,BT-v2,10088,1,0.0,0,0,1,gun_kill,98.33600883785927,27.835026021928876,63.191644266296755,2.6198485099590236,76.23592315277759,0.011472329483928468,0.009387835552685245,0.0,3983.269911048629
HYB-b1000000-a0.50,hybrid,0.0,-1,,-1,BT-v2,10089,0,0.0,0,0,1,gun_kill,32.424358397778505,86.87567060099666,30.272021402482927,0.9601287295943539,85.66391738568313,0.008395660861192979,0.010367772488022444,0.0,5778.350624348966
HYB-b1000000-a0.50,hybrid,0.0,-1,,-1,BT-v2,10089,1,1.0,1,0,0,gun_kill,95.86367951749307,22.08467998479521,92.26999180590153,0.1462230313287245,117.5059927374939,0.010588168513241712,0.01187948267645602,0.0,5826.544921344157
HYB-b1000000-a0.50,hybrid,0.0,-1,,-1,BT-v2,10090,0,1.0,1,0,0,gun_kill,38.71048508256799,48.30107807086323,75.32451768333513,6.40459835562371,98.35609525026643,0.010777687318223952,0.012849819607952508,0.0,5960.36592211978
HYB-b1000000-a0.50,hybrid,0.0,-1,,-1,BT-v2,10090,1,1.0,1,0,0,gun_kill,40.48644807838609,53.93108802538269,69.32592202584303,0.7105601257171585,44.04164829298885,0.009709225024462276,0.008646329994258812,0.0,3257.367480697069
HYB-b1000000-a0.50,hybrid,0.0,-1,,-1,BT-v2,10091,0,0.0,0,0,1,gun_kill,65.5926565675567,80.13063438312119,3.855604079921293,4.425086621755284,71.02294566689386,0.012456099893231603,0.010356492381061353,0.0,5861.228974783189
HYB-b1000000-a0.50,hybrid,0.0,-1,,-1,BT-v2,10091,1,0.0,0,0,1,gun_kill,112.4537143332826,18.504712757793275,26.584263293824474,6.78809307614025,37.42235415147546,0.009304769758934312,0.008487155748479056,0.0,3361.995428158246
HYB-b1000000-a0.50,hybrid,0.0,-1,,-1,BT-v2,10092,0,1.0,1,0,0,gun_kill,52.43053232275141,81.25738897702949,75.02394418450054,1.3322443623803784,54.96278615642476,0.002984441871724396,0.007750062852448898,0.0,3653.9438804035076
HYB-b1000000-a0.50,hybrid,0.0,-1,,-1,BT-v2,10092,1,1.0,1,0,0,gun_kill,85.89058070934692,90.25896616915277,70.40357121319101,7.396032463723711,70.74108315733223,0.009652349148257897,0.011771694162607836,0.0,5169.374122108196
HYB-b1000000-a0.50,hybrid,0.0,-1,,-1,BT-v2,10093,0,1.0,1,0,0,gun_kill,37.26989147907945,40.913467221975196,90.3780750982075,1.2486029743121163,53.13481861839894,0.01120089180737859,0.01331524666989401,0.0,3732.5586815739634
HYB-b1000000-a0.50,hybrid,0.0,-1,,-1,BT-v2,10093,1,1.0,1,0,0,gun_kill,81.39279059071175,0.9741257503276368,6.846336170589229,0.946463125692361,55.10779029557884,0.0007060029666332967,0.014153125815501455,0.0,3816.2514527592793
HYB-b1000000-a0.50,hybrid,0.0,-1,,-1,BT-v2,10094,0,0.0,0,0,1,gun_kill,56.04958262682981,76.35488316054698,58.288823166858315,6.936845009085757,79.88517170625435,0.012000949958140631,0.010425929323184547,0.0,4199.401197138962
HYB-b1000000-a0.50,hybrid,0.0,-1,,-1,BT-v2,10094,1,1.0,1,0,0,gun_kill,109.44910877233607,10.800732201212625,65.29662646137973,2.6619653964470134,44.628198637138155,0.009335922944632554,0.00800315683599917,0.0,4096.19341932723
HYB-b1000000-a0.50,hybrid,0.0,-1,,-1,BT-v2,10095,0,0.0,0,0,1,gun_kill,61.725617145292404,94.25710737361786,77.69678809772283,7.779185395224633,49.745073651182224,0.0129988836648036,0.010249218511033357,0.0,4945.49122574659
HYB-b1000000-a0.50,hybrid,0.0,-1,,-1,BT-v2,10095,1,1.0,1,0,0,gun_kill,41.97748076178121,19.534323524809782,31.965001943806225,2.2271589471358455,39.93871397290727,0.011805578856547892,0.012010812821774257,0.0,4667.200781860656
HYB-b1000000-a0.50,hybrid,0.0,-1,,-1,BT-v2,10096,0,1.0,1,0,0,gun_kill,113.32283549567462,92.51016996468671,65.52193656227058,0.21673836652361445,72.56064855018182,0.008626469952489049,0.013596829038202324,0.0,5288.749874896051
HYB-b1000000-a0.50,hybrid,0.0,-1,,-1,BT-v2,10096,1,0.5,0,1,0,timeout,56.50146092737599,53.6678798761864,42.13573465728647,3.1838011666289203,46.53480615659554,0.00867920363141621,0.005611925631425141,0.0,3760.769786231665
HYB-b1000000-a0.50,hybrid,0.0,-1,,-1,BT-v2,10097,0,1.0,1,0,0,gun_kill,41.38982013984078,76.11583917466089,68.08725005278103,4.1788239763769175,60.18533059674897,0.011376074222338068,0.011498888251775002,0.0,3216.7618452827846
HYB-b1000000-a0.50,hybrid,0.0,-1,,-1,BT-v2,10097,1,1.0,1,0,0,gun_kill,88.392502423292,77.8245360506966,55.03317849618144,7.430766451137334,75.39987548690428,0.014926913636151149,0.011323175365888052,0.0,4557.882883303114
HYB-b1000000-a0.50,hybrid,0.0,-1,,-1,BT-v2,10098,0,1.0,1,0,0,gun_kill,70.8217501846425,9.324445238172585,36.872644879487204,6.6826351032626405,113.76575809273332,0.012451906918870013,0.00335481478389565,0.0,4865.06269352568
HYB-b1000000-a0.50,hybrid,0.0,-1,,-1,BT-v2,10098,1,0.5,0,1,0,timeout,97.03766185322752,38.59621685179536,38.352910063553516,2.337385487865321,103.6582439014546,0.015431396216448571,0.0056350743688347174,0.0,3564.2448496942475
HYB-b1000000-a0.50,hybrid,0.0,-1,,-1,BT-v2,10099,0,1.0,1,0,0,gun_kill,101.76955969057539,87.88890095919731,17.622468647122545,6.990520440498717,60.72428746486254,0.018176780823819023,0.005739642946848229,0.0,3528.534749015748
HYB-b1000000-a0.50,hybrid,0.0,-1,,-1,BT-v2,10099,1,0.5,0,1,0,timeout,109.57349056447006,27.16525651927906,76.32624981152648,7.656336712024882,45.31664447673958,0.00837328564373665,0.010092183872900506,0.0,4792.4849875766195
HYB-b1000000-a0.50,hybrid,0.0,-1,,-1,BT-v3,10000,0,1.0,1,0,0,gun_kill,76.68650077657944,29.81568723395146,41.0509911264342,0.9366467836541013,90.97210559981562,0.010472025203571954,0.009959203266030336,0.0,4287.182396042374
HYB-b1000000-a0.50,hybrid,0.0,-1,,-1,BT-v3,10000,1,1.0,1,0,0,gun_kill,88.25052866036948,53.425593880322,79.68576911361541,0.3435287996785972,50.79576150285985,0.010973628733578466,0.011034115265146659,0.0,4823.590012753973
HYB-b1000000-a0.50,hybrid,0.0,-1,,-1,BT-v3,10001,0,0.0,0,0,1,gun_kill,100.74995522425452,86.08024043178665,78.18199551931137,7.687408315430675,55.04774415438556,0.012056499067403482,0.012246089432694913,0.0,5896.1393331088575
HYB-b1000000-a0.50,hybrid,0.0,-1,,-1,BT-v3,10001,1,0.0,0,0,1,gun_kill,89.73979875702548,1.4600963011002221,71.278616633036,1.1483257227667458,43.84518871378759,0.012345140802207508,0.006911167345571269,0.0,3467.08725478488
HYB-b1000000-a0.50,hybrid,0.0,-1,,-1,BT-v3,10002,0,0.0,0,0,1,gun_kill,90.67089054774632,27.762775461797673,83.07363380489512,5.713197635041672,41.46584887741284,0.011752549529031632,0.011281130548985326,0.0,5604.828239671071
HYB-b1000000-a0.50,hybrid,0.0,-1,,-1,BT-v3,10002,1,0.0,0,0,1,gun_kill,52.38300031868015,23.344108807726204,25.18442916575546,7.470752942710494,51.261798539100084,0.006361885954930078,0.010677655999880796,0.0,3744.040485237187
HYB-b1000000-a0.50,hybrid,0.0,-1,,-1,BT-v3,10003,0,1.0,1,0,0,gun_kill,82.14373167767509,10.065678069605843,94.11645940704373,7.280921792975992,59.5936982254993,0.008477745177582388,0.009241706640061187,0.0,5820.638811867921
HYB-b1000000-a0.50,hybrid,0.0,-1,,-1,BT-v3,10003,1,0.5,0,1,0,timeout,92.4335868166788,55.00040584000663,53.226402434074124,5.616908903386879,109.33278265710287,0.0063872390724117,0.008522144391758567,0.0,5991.740813273879
HYB-b1000000-a0.50,hybrid,0.0,-1,,-1,BT-v3,10004,0,0.5,0,1,0,timeout,54.90056035480406,3.5784284806733346,56.50239286463579,6.339464377251962,115.30674750482463,0.00981915224130057,0.013866051517902576,0.0,3115.61790561466
HYB-b1000000-a0.50,hybrid,0.0,-1,,-1,BT-v3,10004,1,0.0,0,0,1,gun_kill,43.69320652811972,3.409057625973577,38.12056897771714,2.8370833427900513,99.59823121823784,0.01034271139087486,0.006550520293936648,0.0,3979.5417542438477
HYB-b1000000-a0.50,hybrid,0.0,-1,,-1,BT-v3,10005,0,0.0,0,0,1,gun_kill,33.125902169749764,11.619598412756915,18.088457394250845,7.295987268594628,30.82855586448381,0.008439638979901758,0.004798617975579208,0.0,3746.7122483178587
HYB-b1000000-a0.50,hybrid,0.0,-1,,-1,BT-v3,10005,1,1.0,1,0,0,gun_kill,68.74004516619152,26.732286881223466,90.47523877061369,6.987909439514962,103.33079360833626,0.01080661070299803,0.014254186432851965,0.0,5495.2495724892
HYB-b1000000-a0.50,hybrid,0.0,-1,,-1,BT-v3,10006,0,0.0,0,0,1,gun_kill,62.23230312777428,3.4621220840353795,54.34105934897381,4.276759426916665,42.421453611183765,0.010493143432659715,0.009139492666033477,0.0,5753.174892483892
HYB-b1000000-a0.50,hybrid,0.0,-1,,-1,BT-v3,10006,1,1.0,1,0,0,gun_kill,50.05744163371236,17.515649359132734,65.91574969780982,1.9147261320906663,64.08438160659489,0.013971839831658013,0.011233058012079657,0.0,4832.713850206958
HYB-b1000000-a0.50,hybrid,0.0,-1,,-1,BT-v3,10007,0,0.0,0,0,1,gun_kill,67.44716539791091,62.20096831428672,22.604928824118808,0.6587263398491316,60.571738805260786,0.01106891192337023,0.009700825582572506,0.0,3070.0965166666933
HYB-b1000000-a0.50,hybrid,0.0,-1,,-1,BT-v3,10007,1,0.0,0,0,1,gun_kill,62.90042596563045,38.96577829815078,97.34746054556936,3.9271074098714447,50.319905947939034,0.009435045193670819,0.013129295784254215,0.0,3636.0925253166183
HYB-b1000000-a0.50,hybrid,0.0,-1,,-1,BT-v3,10008,0,0.0,0,0,1,gun_kill,75.81955552604731,57.21360725516751,95.75256695692616,6.748502033397235,45.56139042944151,0.009560897933089152,0.008259516143063717,0.0,5291.2351165426335
HYB-b1000000-a0.50,hybrid,0.0,-1,,-1,BT-v3,10008,1,0.0,0,0,1,gun_kill,72.9856204796721,9.26305612299524,46.86492159010365,0.010683000058318015,53.66825202006562,0.011799423178605087,0.005383676826303677,0.0,3147.1823609699786
HYB-b1000000-a0.50,hybrid,0.0,-1,,-1,BT-v3,10009,0,1.0,1,0,0,gun_kill,87.1730826075513,53.08856144029582,80.76607371613001,6.41269376589136,102.49284308808215,0.015334840633938137,0.007749136850745509,0.0,4057.784230311714
HYB-b1000000-a0.50,hybrid,0.0,-1,,-1,BT-v3,10009,1,0.5,0,1,0,timeout,113.83337155721313,40.3435946881077,79.21023759531157,1.7989474955837288,99.37290480711125,0.009369268069447845,0.00702750751013251,0.0,4444.675926389655
HYB-b1000000-a0.50,hybrid,0.0,-1,,-1,BT-v3,10010,0,0.0,0,0,1,gun_kill,57.30618378446345,59.67134165349264,33.295008525381455,6.1734697279955855,112.200823688435,0.008295377856472615,0.011473617877113823,0.0,4872.691729280073
HYB-b1000000-a0.50,hybrid,0.0,-1,,-1,BT-v3,10010,1,0.0,0,0,1,gun_kill,86.18269019836882,15.78741986211437,34.438105053536205,0.46585987721884425,85.61523955199033,0.00746222452591121,0.008211111872744658,0.0,3103.291914565261
HYB-b1000000-a0.50,hybrid,0.0,-1,,-1,BT-v3,10011,0,0.0,0,0,1,gun_kill,75.76902331012622,34.24989390562615,16.75370784864565,2.002406302887808,51.41887102622848,0.01564810378582284,0.006160491094119012,0.0,4564.110071086694
HYB-b1000000-a0.50,hybrid,0.0,-1,,-1,BT-v3,10011,1,0.0,0,0,1,gun_kill,37.73373231546689,46.859830168303,63.230359011490265,1.2626628464295697,83.82040846512118,0.016594172210559206,0.0024775187368601655,0.0,4202.652860931097
HYB-b1000000-a0.50,hybrid,0.0,-1,,-1,BT-v3,10012,0,0.5,0,1,0,timeout,95.25770546359985,64.19961823723668,80.82857004585343,1.4900676468365335,96.56134772402147,0.005657515861540994,0.009888124307456291,0.0,5732.983549496176
HYB-b1000000-a0.50,hybrid,0.0,-1,,-1,BT-v3,10012,1,0.5,0,1,0,timeout,93.5450784639766,28.497442196672406,1.5476762773106056,7.322183822232099,98.87439698337056,0.011529150832931802,0.014611023912607289,0.0,5501.252100149666
HYB-b1000000-a0.50,hybrid,0.0,-1,,-1,BT-v3,10013,0,0.0,0,0,1,gun_kill,56.008493522323846,60.474021907430355,99.96103392751306,2.300592791523866,74.48484537347159,0.007272175493559234,0.006613092258344877,0.0,4580.617898608029
HYB-b1000000-a0.50,hybrid,0.0,-1,,-1,BT-v3,10013,1,1.0,1,0,0,gun_kill,91.03808769498752,13.343958032999105,13.51316707359349,3.9820304543541214,38.91302550768827,0.014684980675626087,0.008227617473516191,0.0,5782.899389169943
HYB-b1000000-a0.50,hybrid,0.0,-1,,-1,BT-v3,10014,0,1.0,1,0,0,gun_kill,54.3853599899347,32.59113609493951,3.101715341125677,1.91138839318785,50.15458922704197,0.01579450308542716,0.008266181032402732,0.0,4617.687473361336
HYB-b1000000-a0.50,hybrid,0.0,-1,,-1,BT-v3,10014,1,0.0,0,0,1,gun_kill,50.77894764760117,65.46272554393127,18.090200364288556,7.011367859827462,83.21493254741985,0.010322829883924174,0.010778191573072256,0.0,5491.898987390887
HYB-b1000000-a0.50,hybrid,0.0,-1,,-1,BT-v3,10015,0,0.5,0,1,0,timeout,104.38162120233682,42.59891604767899,34.33154993901797,7.548567212353299,113.0385253784077,0.006842998898749751,0.0108145273019217,0.0,4224.419094649071
HYB-b1000000-a0.50,hybrid,0.0,-1,,-1,BT-v3,10015,1,0.0,0,0,1,gun_kill,91.60434482282002,77.55335772092188,98.31546028050235,2.7953258298839776,59.11697922408095,0.00921096795300467,0.006070881652815356,0.0,4263.868735303995
HYB-b1000000-a0.50,hybrid,0.0,-1,,-1,BT-v3,10016,0,0.5,0,1,0,timeout,82.50877486508537,68.75809581389038,21.910301203722604,3.457781971353417,84.67811881880314,0.009276703327583515,0.013419776476926416,0.0,3124.246547157356
HYB-b1000000-a0.50,hybrid,0.0,-1,,-1,BT-v3,10016,1,0.0,0,0,1,gun_kill,91.93552665314496,55.45473493620071,6.816625650992181,3.985526453334674,75.61316527885575,0.011858652749525887,0.012986231533817937,0.0,3054.597930145752
HYB-b1000000-a0.50,hybrid,0.0,-1,,-1,BT-v3,10017,0,1.0,1,0,0,gun_kill,62.21290834742701,77.50509346700258,0.7344166534043794,0.3791580879976273,44.4528096362861,0.012284650038840661,0.015702966214552267,0.0,5775.609311608239
HYB-b1000000-a0.50,hybrid,0.0,-1,,-1,BT-v3,10017,1,1.0,1,0,0,gun_kill,46.513494111054044,15.59395149695163,49.267927894188915,0.713500182514843,61.99995765555058,0.010642633181227407,0.014142092306417196,0.0,5021.874034207619
HYB-b1000000-a0.50,hybrid,0.0,-1,,-1,BT-v3,10018,0,0.5,0,1,0,timeout,70.33602504315995,1.6393329263502232,63.84555545970226,2.0943659040906537,115.15551371077338,0.010709443608090646,0.006669514027116453,0.0,3366.533609916684
HYB-b1000000-a0.50,hybrid,0.0,-1,,-1,BT-v3,10018,1,0.5,0,1,0,timeout,104.36030832496762,57.14469334761849,40.469877211165674,1.3975708506613511,76.19640895102958,0.005266948048504046,0.011349104099232605,0.0,4660.255439205815
HYB-b1000000-a0.50,hybrid,0.0,-1,,-1,BT-v3,10019,0,0.5,0,1,0,timeout,37.9293652217878,86.30419771268907,54.808191523993614,7.005873053013165,115.1970814012875,0.010985768857958786,0.010975379734884997,0.0,4160.846081093459
HYB-b1000000-a0.50,hybrid,0.0,-1,,-1,BT-v3,10019,1,0.0,0,0,1,gun_kill,33.70370471619141,1.8387090996248356,71.05926446782759,3.2628077147695835,31.088715707379137,0.014712847754905882,0.01732912120538615,0.0,3574.114544241026
HYB-b1000000-a0.50,hybrid,0.0,-1,,-1,BT-v3,10020,0,0.0,0,0,1,gun_kill,58.854538688052465,47.86373825062347,91.48414994873612,3.132054602042774,97.08493883769411,0.008897639616183287,0.010596031641782895,0.0,5663.017852464023
HYB-b1000000-a0.50,hybrid,0.0,-1,,-1,BT-v3,10020,1,0.0,0,0,1,gun_kill,54.695990288896375,14.92716432994926,43.445271647312225,7.862302699323973,100.35441922380465,0.011803189099670392,0.013724584909714612,0.0,5729.3334574533965
HYB-b1000000-a0.50,hybrid,0.0,-1,,-1,BT-v3,10021,0,0.0,0,0,1,gun_kill,108.49298545154105,6.109368531162785,30.62365057036729,1.1924384997469142,54.93200129442903,0.01091359614602142,0.011367013003651002,0.0,3380.5964636532667
HYB-b1000000-a0.50,hybrid,0.0,-1,,-1,BT-v3,10021,1,0.5,0,1,0,timeout,76.4717751674462,90.29055753791079,90.73388957908409,3.4183535119318575,53.3241435390095,0.008626588343385484,0.009769689819102841,0.0,3031.2002424368297
HYB-b1000000-a0.50,hybrid,0.0,-1,,-1,BT-v3,10022,0,0.0,0,0,1,gun_kill,59.13893886104904,6.481004910701227,86.6253306614061,4.7593546378937726,100.38602736020357,0.010274994359262858,0.008477790175620907,0.0,5593.336467162579
HYB-b1000000-a0.50,hybrid,0.0,-1,,-1,BT-v3,10022,1,0.5,0,1,0,timeout,73.69662246289006,37.432100698895695,15.003107373983315,2.1776104049912393,84.28890337129688,0.008929316203600466,0.011121417254051448,0.0,4989.486719130001
HYB-b1000000-a0.50,hybrid,0.0,-1,,-1,BT-v3,10023,0,0.0,0,0,1,gun_kill,55.98844780838761,11.523904784486593,98.65078904568746,2.9046598269486292,32.06197591883738,0.007226124134375298,0.011321736477530512,0.0,5184.100184997626
HYB-b1000000-a0.50,hybrid,0.0,-1,,-1,BT-v3,10023,1,0.0,0,0,1,gun_kill,85.18644001774113,49.33694626627805,23.082208754662727,1.2665640873518065,80.91427595827551,0.008480672847244857,0.01086666225321299,0.0,3396.744707222969
HYB-b1000000-a0.50,hybrid,0.0,-1,,-1,BT-v3,10024,0,1.0,1,0,0,gun_kill,86.0711078558852,13.139383310025288,56.605790293063976,0.4721165539516363,42.63653761901143,0.01144046807626213,0.01273606745206809,0.0,4906.993420312546
HYB-b1000000-a0.50,hybrid,0.0,-1,,-1,BT-v3,10024,1,0.5,0,1,0,timeout,78.99486248478436,29.14767794405755,81.95916804734743,2.404003139799343,87.06882891842538,0.0077098958239064895,0.005026805135313875,0.0,3368.904871519882
HYB-b1000000-a0.50,hybrid,0.0,-1,,-1,BT-v3,10025,0,0.0,0,0,1,gun_kill,72.08364749937431,59.384776539954096,50.219227742961046,5.44456453791379,105.41021799690316,0.00849540860937923,0.010727766085855314,0.0,5318.6443504616245
HYB-b1000000-a0.50,hybrid,0.0,-1,,-1,BT-v3,10025,1,0.5,0,1,0,timeout,83.8713957305961,76.75468057464344,63.10568901457623,4.830031472682076,50.01281407750059,0.012970616893724137,0.011382742847452549,0.0,4640.562396903049
HYB-b1000000-a0.50,hybrid,0.0,-1,,-1,BT-v3,10026,0,1.0,1,0,0,gun_kill,43.43184137822038,79.29529936593318,85.75559075056259,7.715284963007828,68.93847909258648,0.013118108104395454,0.006504141602868164,0.0,5558.3756070627405
HYB-b1000000-a0.50,hybrid,0.0,-1,,-1,BT-v3,10026,1,0.5,0,1,0,timeout,85.45527399599477,40.35922536269824,81.5299815682491,3.3175173083579423,66.79913195240631,0.011713698928822869,0.004526367750315831,0.0,4188.057248985441
HYB-b1000000-a0.50,hybrid,0.0,-1,,-1,BT-v3,10027,0,1.0,1,0,0,gun_kill,62.43520492586099,73.48283552155792,75.59119587270398,2.007474762668868,114.34029703686208,0.012109372751508056,0.009662840058235889,0.0,3830.1434175930262
HYB-b1000000-a0.50,hybrid,0.0,-1,,-1,BT-v3,10027,1,0.5,0,1,0,timeout,88.38228338971162,89.39831536740165,62.1032333681515,7.94169391123923,35.93776513486701,0.012286566881879157,0.004576076178712494,0.0,5635.013351302781
HYB-b1000000-a0.50,hybrid,0.0,-1,,-1,BT-v3,10028,0,1.0,1,0,0,gun_kill,69.30473305358514,92.73700662874037,97.43273868873807,7.717297597200654,59.15869307748082,0.008814259981281472,0.010357340377138861,0.0,5232.543682759269
HYB-b1000000-a0.50,hybrid,0.0,-1,,-1,BT-v3,10028,1,1.0,1,0,0,gun_kill,44.653095331627384,1.5153938384459553,57.57699820284681,2.117856105141021,70.03051652417776,0.00702615263108562,0.012176493596442147,0.0,4654.068190007258
HYB-b1000000-a0.50,hybrid,0.0,-1,,-1,BT-v3,10029,0,0.5,0,1,0,timeout,44.53216532927985,15.073274559008931,53.28932067052698,4.731037848625289,117.57687353328073,0.011574881557184927,0.010048297650333063,0.0,5277.508219281706
HYB-b1000000-a0.50,hybrid,0.0,-1,,-1,BT-v3,10029,1,0.0,0,0,1,gun_kill,88.22157988754259,33.59589513986141,96.97576010938843,6.229844538666201,104.80304670439429,0.00774415088322042,0.010187119823544664,0.0,5682.636548085582
HYB-b1000000-a0.50,hybrid,0.0,-1,,-1,BT-v3,10030,0,0.5,0,1,0,timeout,86.26470471418452,7.384396391045279,53.582691782635074,4.132919675361408,40.8981193889931,0.0075439983645092246,0.01593111151578803,0.0,3229.772932317599
HYB-b1000000-a0.50,hybrid,0.0,-1,,-1,BT-v3,10030,1,0.5,0,1,0,timeout,101.81975523661627,50.71321131126722,41.83047712799135,6.4796558122997245,97.64093420244554,0.008689597158486169,0.010016118434446978,0.0,4192.920015910652
HYB-b1000000-a0.50,hybrid,0.0,-1,,-1,BT-v3,10031,0,0.5,0,1,0,timeout,86.39096506499638,50.643495510945336,25.029123894190196,0.37145463504816245,96.7081645340899,0.008554063021157514,0.007150244418027888,0.0,3066.5568827378725
HYB-b1000000-a0.50,hybrid,0.0,-1,,-1,BT-v3,10031,1,0.5,0,1,0,timeout,62.35792049240693,66.9772066063248,82.59231773546877,5.406909220978624,42.26938994994278,0.012364687706301173,0.007504064692947003,0.0,3134.512377424481
HYB-b1000000-a0.50,hybrid,0.0,-1,,-1,BT-v3,10032,0,0.0,0,0,1,gun_kill,51.80568928194558,94.53424568785238,92.0076629068542,0.37454438229003095,82.14370016279605,0.006359842866869116,0.010426630589061422,0.0,5784.574192205406
HYB-b1000000-a0.50,hybrid,0.0,-1,,-1,BT-v3,10032,1,0.5,0,1,0,timeout,81.12672869298427,58.45315725390703,42.66155293882405,1.7778815941035981,99.8209078465163,0.011300009884914832,0.008780388543471065,0.0,4592.472754613027
HYB-b1000000-a0.50,hybrid,0.0,-1,,-1,BT-v3,10033,0,0.0,0,0,1,gun_kill,87.84056541539562,67.24547642070954,22.217299537230094,0.38591298738919555,76.77860395098784,0.006503233320238837,0.007024834425861666,0.0,4130.438250058906
HYB-b1000000-a0.50,hybrid,0.0,-1,,-1,BT-v3,10033,1,1.0,1,0,0,gun_kill,113.67531537686985,90.95819734052243,88.32338911812465,6.377349450127874,41.38518382610694,0.008393094773882412,0.012187482497216712,0.0,4351.560547053439
HYB-b1000000-a0.50,hybrid,0.0,-1,,-1,BT-v3,10034,0,0.5,0,1,0,timeout,98.6309272116312,39.81094993013491,31.804599250403964,2.09075880493625,98.51104736425373,0.012277154854441714,0.013288390227803792,0.0,4590.523070157111
HYB-b1000000-a0.50,hybrid,0.0,-1,,-1,BT-v3,10034,1,0.0,0,0,1,gun_kill,80.3308340165579,73.04403171038517,99.62936799548145,5.101318569927367,58.95628752479532,0.011044183961272082,0.009995759707158613,0.0,5463.004178236644
HYB-b1000000-a0.50,hybrid,0.0,-1,,-1,BT-v3,10035,0,0.0,0,0,1,gun_kill,71.68860825634974,86.07307073429854,76.5200870354555,3.916661687505618,84.7154013501648,0.01176384195398375,0.013629110755913937,0.0,3790.3747652177217
HYB-b1000000-a0.50,hybrid,0.0,-1,,-1,BT-v3,10035,1,1.0,1,0,0,gun_kill,74.51532438431,80.57260937586939,92.46978181041452,3.681316612158703,112.52872512871068,0.017802727167786116,0.006302983285692686,0.0,5807.132505333857
HYB-b1000000-a0.50,hybrid,0.0,-1,,-1,BT-v3,10036,0,0.0,0,0,1,gun_kill,32.884709712044284,12.323096448689641,67.94063213325707,5.539927581505492,37.108023828279684,0.0108155856966931,0.014146041215378165,0.0,5769.796839628623
HYB-b1000000-a0.50,hybrid,0.0,-1,,-1,BT-v3,10036,1,1.0,1,0,0,gun_kill,104.05661439502187,72.97263259124084,37.129522621373155,1.7236619227128918,44.13789514750593,0.006741306386776492,0.011992695864744713,0.0,4910.993118388705
HYB-b1000000-a0.50,hybrid,0.0,-1,,-1,BT-v3,10037,0,1.0,1,0,0,gun_kill,106.16910088479942,99.4699804316564,89.40069791631733,5.295220690770827,97.948254241446,0.015045775527717648,0.006885890965623868,0.0,4658.750439435453
HYB-b1000000-a0.50,hybrid,0.0,-1,,-1,BT-v3,10037,1,1.0,1,0,0,gun_kill,91.61710370872134,22.366141164223276,50.9261324649725,0.5149284091000572,111.00697931680317,0.008598406207773126,0.010454620212432394,0.0,4998.09667455572
HYB-b1000000-a0.50,hybrid,0.0,-1,,-1,BT-v3,10038,0,0.0,0,0,1,gun_kill,89.81404432117955,72.07652457072417,21.583385093582606,4.814309295658505,78.41912031113317,0.01322719702918259,0.011400217813592628,0.0,5808.962009741754
HYB-b1000000-a0.50,hybrid,0.0,-1,,-1,BT-v3,10038,1,1.0,1,0,0,gun_kill,71.16728107030896,56.48015613306778,46.00268968157454,5.049999436020152,78.75826866573587,0.006212400143941131,0.007287014362525938,0.0,5449.768408374234
HYB-b1000000-a0.50,hybrid,0.0,-1,,-1,BT-v3,10039,0,1.0,1,0,0,gun_kill,41.376150560202554,81.34656201481417,82.65447949776856,4.126936527827203,76.8987061182074,0.008852868830037754,0.010373773323310128,0.0,5173.603490206273
HYB-b1000000-a0.50,hybrid,0.0,-1,,-1,BT-v3,10039,1,0.0,0,0,1,gun_kill,50.96400008770509,89.00165701105445,99.3779030735525,2.9357490443060392,56.04613059111054,0.004407018753484025,0.007393494973216293,0.0,5304.9890823386
HYB-b1000000-a0.50,hybrid,0.0,-1,,-1,BT-v3,10040,0,1.0,1,0,0,gun_kill,50.958538857260194,80.75404676549182,83.84261200789935,1.9197862402038952,68.36144077037551,0.010663637015512664,0.009106898349611089,0.0,3680.782063448697
HYB-b1000000-a0.50,hybrid,0.0,-1,,-1,BT-v3,10040,1,0.0,0,0,1,gun_kill,119.35170266667954,86.6274976929417,41.35131859359112,5.657043063954343,63.58523276155417,0.012969342996601069,0.00973579518199888,0.0,3474.356541488948
HYB-b1000000-a0.50,hybrid,0.0,-1,,-1,BT-v3,10041,0,0.0,0,0,1,gun_kill,119.00339761977727,29.886795850108328,75.88099961893288,1.299750987412037,73.09742908881745,0.008383590064771431,0.010012919325668264,0.0,5791.3227185614505
HYB-b1000000-a0.50,hybrid,0.0,-1,,-1,BT-v3,10041,1,0.0,0,0,1,gun_kill,62.109206738431865,24.796752374788824,48.132881083941015,7.2635214856364865,118.75163695534425,0.00579846775721613,0.007062973791258687,0.0,4630.768515307197
HYB-b1000000-a0.50,hybrid,0.0,-1,,-1,BT-v3,10042,0,0.0,0,0,1,gun_kill,55.92703869582758,24.278458595742215,49.61137101400618,0.30424411192483714,62.21140876000745,0.004270179697973485,0.00826889719968603,0.0,4903.608444371418
HYB-b1000000-a0.50,hybrid,0.0,-1,,-1,BT-v3,10042,1,1.0,1,0,0,gun_kill,93.08307539530009,50.72080982309618,65.32327945801813,4.981008209557247,30.222916353791163,0.00961958570447257,0.007222002552112281,0.0,3694.5079497730376
HYB-b1000000-a0.50,hybrid,0.0,-1,,-1,BT-v3,10043,0,0.0,0,0,1,gun_kill,56.48476170441161,61.90884526325785,99.68803340019132,1.4334295603559148,110.43130994920422,0.015411022624255893,0.004609232884872096,0.0,3836.12924549335
HYB-b1000000-a0.50,hybrid,0.0,-1,,-1,BT-v3,10043,1,0.0,0,0,1,gun_kill,88.65761219842281,79.26460574461068,52.38804715115574,3.565020440662164,44.65072904063659,0.007329288382292088,0.01420215949125777,0.0,3547.3337758183643
HYB-b1000000-a0.50,hybrid,0.0,-1,,-1,BT-v3,10044,0,1.0,1,0,0,gun_kill,79.29523134969938,81.78682533854658,9.77117677691577,2.295544465032819,69.1407718289849,0.008238966605343052,0.012809905947024053,0.0,4327.567555395722
HYB-b1000000-a0.50,hybrid,0.0,-1,,-1,BT-v3,10044,1,0.0,0,0,1,gun_kill,62.17748763346263,87.1304910111333,22.14314864977106,3.5067629709132495,54.60707268460814,0.007244854653209554,0.014088816463370447,0.0,5732.689683668888
HYB-b1000000-a0.50,hybrid,0.0,-1,,-1,BT-v3,10045,0,1.0,1,0,0,gun_kill,108.32020434068137,65.20407186818268,56.16562741153971,6.0345263426091105,90.88191643238494,0.013102399913833954,0.0076015260273491645,0.0,4246.642900374922
HYB-b1000000-a0.50,hybrid,0.0,-1,,-1,BT-v3,10045,1,0.0,0,0,1,gun_kill,36.978589913696155,43.50899520230848,42.944662020207524,2.2619960342646435,47.8191191387796,0.010055396603759524,0.009178964951388072,0.0,3038.776992528476
HYB-b1000000-a0.50,hybrid,0.0,-1,,-1,BT-v3,10046,0,0.0,0,0,1,gun_kill,54.19621185754229,22.213521321769303,39.572261309802734,7.504037225227199,100.95196460408388,0.01481765146286156,0.011185906540033305,0.0,3911.137738083055
HYB-b1000000-a0.50,hybrid,0.0,-1,,-1,BT-v3,10046,1,0.0,0,0,1,gun_kill,79.96386612050095,31.015427389693752,9.177523050077795,4.097560658736874,73.69360929435149,0.008410935691549123,0.006044236755777756,0.0,3747.5292066438237
HYB-b1000000-a0.50,hybrid,0.0,-1,,-1,BT-v3,10047,0,0.5,0,1,0,timeout,51.55216261029565,59.350378544431706,71.93897171939243,5.062365518591749,97.15374447769673,0.007817527403056468,0.013455214236389571,0.0,5146.573892389981
HYB-b1000000-a0.50,hybrid,0.0,-1,,-1,BT-v3,10047,1,1.0,1,0,0,gun_kill,69.41153547915172,90.27298586727728,99.73185175931654,1.2615735122755911,60.53882647363794,0.009557724004604461,0.014174574112940413,0.0,5308.858936641197
HYB-b1000000-a0.50,hybrid,0.0,-1,,-1,BT-v3,10048,0,0.5,0,1,0,timeout,105.41260306336657,85.89583542449162,28.027696492069232,2.3351611734669655,39.466059957027184,0.01184972250309589,0.012529258735706025,0.0,4472.574284631165
HYB-b1000000-a0.50,hybrid,0.0,-1,,-1,BT-v3,10048,1,0.0,0,0,1,gun_kill,102.45989190252365,15.95340867155981,85.35017122911775,0.07116645445747594,46.928091708957645,0.011619250627810275,0.013221828161033077,0.0,5326.240570558962
HYB-b1000000-a0.50,hybrid,0.0,-1,,-1,BT-v3,10049,0,1.0,1,0,0,gun_kill,81.41116486113086,3.2683746836781102,0.8418844348118903,7.136309457341978,32.16748913522754,0.01208576383029123,0.015213226686238649,0.0,3803.7451073886846
HYB-b1000000-a0.50,hybrid,0.0,-1,,-1,BT-v3,10049,1,0.5,0,1,0,timeout,54.32907926149929,17.558618374299517,19.263782809960627,3.636196127312739,68.57541795439529,0.013230506415980258,0.014859379572130679,0.0,3515.8851903114737
HYB-b1000000-a0.50,hybrid,0.0,-1,,-1,BT-v3,10050,0,0.0,0,0,1,gun_kill,118.43128958779445,6.048963334730518,43.91457394253276,3.1182841593072377,116.40271143986756,0.010815539701146048,0.010921515093478931,0.0,3141.5809475605884
HYB-b1000000-a0.50,hybrid,0.0,-1,,-1,BT-v3,10050,1,1.0,1,0,0,gun_kill,54.55560817190418,70.36590565785652,85.45170346328189,4.330796499231763,52.72419591671831,0.01429012394254637,0.014211940742244706,0.0,4598.650201469733
HYB-b1000000-a0.50,hybrid,0.0,-1,,-1,BT-v3,10051,0,0.5,0,1,0,timeout,35.10843744144473,15.618963740650848,53.44025087953198,7.70536000933569,38.99525036380723,0.007622628942582321,0.015602851050225807,0.0,5769.57784085923
HYB-b1000000-a0.50,hybrid,0.0,-1,,-1,BT-v3,10051,1,0.0,0,0,1,gun_kill,53.99579436492722,8.77160283180003,14.725667923029151,1.0424379071951888,80.24690974634332,0.01300032519802061,0.008629919912335266,0.0,5990.174675354094
HYB-b1000000-a0.50,hybrid,0.0,-1,,-1,BT-v3,10052,0,1.0,1,0,0,gun_kill,57.59478821540304,8.194558818091602,63.39449581642177,3.8972499841570523,115.7856198608137,0.0036539483517989413,0.0070720349592848595,0.0,5502.343328011588
HYB-b1000000-a0.50,hybrid,0.0,-1,,-1,BT-v3,10052,1,0.0,0,0,1,gun_kill,59.48633820902275,94.37057203367567,15.33752335800953,7.030791977102154,100.2523500377768,0.014593306852572901,0.01041301350314768,0.0,4067.7782173010305
HYB-b1000000-a0.50,hybrid,0.0,-1,,-1,BT-v3,10053,0,1.0,1,0,0,gun_kill,73.21895640292514,15.948590540606865,89.40095730604077,6.428659398591499,93.3158882456773,0.010695523741225847,0.011174449583581377,0.0,3880.1093858432487
HYB-b1000000-a0.50,hybrid,0.0,-1,,-1,BT-v3,10053,1,1.0,1,0,0,gun_kill,66.20810034590068,74.1087281144993,14.899038278916144,0.10733480700155962,57.06516988107688,0.010117081610283159,0.009923277598399475,0.0,5665.667336192632
HYB-b1000000-a0.50,hybrid,0.0,-1,,-1,BT-v3,10054,0,0.5,0,1,0,timeout,41.52271567945867,89.02855718389716,7.2568630151989,1.6131678815772252,119.50977843422753,0.008943921854585198,0.01015918204654325,0.0,4071.71602638254
HYB-b1000000-a0.50,hybrid,0.0,-1,,-1,BT-v3,10054,1,0.5,0,1,0,timeout,79.38280099376509,65.14353455470004,75.38731751085223,4.54277487172472,78.0262432209419,0.006949374365867667,0.006923451404302795,0.0,3362.5965608282304
HYB-b1000000-a0.50,hybrid,0.0,-1,,-1,BT-v3,10055,0,1.0,1,0,0,gun_kill,49.59069318005851,86.56477107105958,53.47115980799695,7.577582417705222,100.23356577009793,0.005609312827204096,0.009963249651795647,0.0,5069.342284488546
HYB-b1000000-a0.50,hybrid,0.0,-1,,-1,BT-v3,10055,1,0.5,0,1,0,timeout,105.00408125812673,43.35320202512579,46.34450706834621,4.529289438965187,97.9727144334755,0.010217548516470021,0.010067411280104367,0.0,4404.592506297988
HYB-b1000000-a0.50,hybrid,0.0,-1,,-1,BT-v3,10056,0,0.5,0,1,0,timeout,102.42548631367221,46.60042136293404,31.737562725183878,0.4997968522080196,51.992895242369876,0.010763897026129295,0.009001522285581919,0.0,4185.522443854246
HYB-b1000000-a0.50,hybrid,0.0,-1,,-1,BT-v3,10056,1,0.5,0,1,0,timeout,105.02438525996294,83.5537722932179,94.74003652249206,0.24304727912099366,90.43673471319357,0.003930999099319927,0.010369814349763017,0.0,5052.522070275216
HYB-b1000000-a0.50,hybrid,0.0,-1,,-1,BT-v3,10057,0,0.5,0,1,0,timeout,64.74901578161558,96.57980339551784,25.158305759461964,4.653481983006129,38.21659348776919,0.011416855080558251,0.012767927454539054,0.0,3611.606418751699
HYB-b1000000-a0.50,hybrid,0.0,-1,,-1,BT-v3,10057,1,0.0,0,0,1,gun_kill,52.37056239780711,7.57404555588439,4.632875081440535,7.38598253424875,114.9328364249497,0.010695334521118975,0.015649768219769607,0.0,3996.404456698164
HYB-b1000000-a0.50,hybrid,0.0,-1,,-1,BT-v3,10058,0,0.0,0,0,1,gun_kill,83.83863060839754,48.07690428016307,77.19401248604983,3.532422882978606,48.536157842343705,0.005189763622310622,0.004393908033338653,0.0,4476.184735687766
HYB-b1000000-a0.50,hybrid,0.0,-1,,-1,BT-v3,10058,1,0.0,0,0,1,gun_kill,81.40392668082504,17.102453046335665,5.3909550576587755,5.686486474398424,34.827732534589785,0.013308562932549357,0.007815222763431388,0.0,3369.1022585981113
HYB-b1000000-a0.50,hybrid,0.0,-1,,-1,BT-v3,10059,0,1.0,1,0,0,gun_kill,68.82870225739916,50.57097512604872,91.43770127372095,4.150366432027264,51.99189688237861,0.008716904202999538,0.009459681582878219,0.0,4956.991255476232
HYB-b1000000-a0.50,hybrid,0.0,-1,,-1,BT-v3,10059,1,1.0,1,0,0,gun_kill,113.3178001794351,94.97828029942237,14.794636714033116,0.544236453959873,114.51454514824944,0.00782274337727236,0.009717438536871598,0.0,4435.326838693778
HYB-b1000000-a0.50,hybrid,0.0,-1,,-1,BT-v3,10060,0,1.0,1,0,0,gun_kill,104.21351821147373,98.08721798118361,33.823730981697864,2.4213900463977405,66.86609428482284,0.007919022533114547,0.01180115320875036,0.0,4647.139536915577
HYB-b1000000-a0.50,hybrid,0.0,-1,,-1,BT-v3,10060,1,1.0,1,0,0,gun_kill,49.14721167768215,94.13074478257164,75.60289240831963,6.999774762745599,92.96162302652809,0.009147877703743324,0.013471030108839478,0.0,5646.655068499878
HYB-b1000000-a0.50,hybrid,0.0,-1,,-1,BT-v3,10061,0,0.5,0,1,0,timeout,94.83352753811438,33.42471353793858,2.7719592359000567,6.325542386313115,65.24204125393328,0.015379300251074077,0.00857871371430415,0.0,4606.740075079776
HYB-b1000000-a0.50,hybrid,0.0,-1,,-1,BT-v3,10061,1,1.0,1,0,0,gun_kill,118.65939792821834,20.15857514165278,40.04060145748524,1.2207715816347031,32.04645249953695,0.011274390330170869,0.007616982746664719,0.0,5379.144129424798
HYB-b1000000-a0.50,hybrid,0.0,-1,,-1,BT-v3,10062,0,1.0,1,0,0,gun_kill,47.041599926176005,47.221739622325195,94.94161450815643,7.1786222048411386,99.67254997341158,0.009460008156604669,0.012178462196790897,0.0,3020.4718344316257
HYB-b1000000-a0.50,hybrid,0.0,-1,,-1,BT-v3,10062,1,1.0,1,0,0,gun_kill,75.68149259978685,11.085251184337396,16.550152947891526,3.1774538953821594,47.259731386405164,0.010199019889252783,0.012494506253627202,0.0,3624.089613916546
HYB-b1000000-a0.50,hybrid,0.0,-1,,-1,BT-v3,10063,0,0.0,0,0,1,gun_kill,99.02153969048499,67.2035566863522,75.31188578163123,3.7118010358298985,36.919261773914506,0.008468215753825942,0.010709533895686824,0.0,5605.822858461535
HYB-b1000000-a0.50,hybrid,0.0,-1,,-1,BT-v3,10063,1,0.5,0,1,0,timeout,89.59561586121092,20.172193196801203,26.328634777279735,2.60253399464138,31.609302253142932,0.013449821717483563,0.009856938707523003,0.0,5113.963880434289
HYB-b1000000-a0.50,hybrid,0.0,-1,,-1,BT-v3,10064,0,1.0,1,0,0,gun_kill,82.9334103078418,38.89771259799246,20.249382369926437,0.08719319312750606,114.61729268902266,0.011037326527823283,0.008828946159608272,0.0,4526.759548234173
HYB-b1000000-a0.50,hybrid,0.0,-1,,-1,BT-v3,10064,1,1.0,1,0,0,gun_kill,106.67864872322737,35.493146244197746,40.33485122344048,1.5439738121701874,102.86355598074098,0.013677661788536834,0.0067823729554869865,0.0,3291.9100230725026
HYB-b1000000-a0.50,hybrid,0.0,-1,,-1,BT-v3,10065,0,1.0,1,0,0,gun_kill,94.74094001944931,28.72402310856167,31.976818810695484,7.595217189114982,61.7646781536792,0.005365276719644902,0.00975046378196987,0.0,3131.0678902893324
HYB-b1000000-a0.50,hybrid,0.0,-1,,-1,BT-v3,10065,1,0.0,0,0,1,gun_kill,37.62130464270338,13.156006893966277,68.76306910428163,4.7992351648316065,93.87782115674759,0.0076475919648026774,0.014042741469910375,0.0,3904.429278432691
HYB-b1000000-a0.50,hybrid,0.0,-1,,-1,BT-v3,10066,0,1.0,1,0,0,gun_kill,116.6494853890586,3.6688989993952426,0.5292748532665703,1.7800110674681342,59.82006228373213,0.004901842460447483,0.01491257907701856,0.0,5651.529397675213
HYB-b1000000-a0.50,hybrid,0.0,-1,,-1,BT-v3,10066,1,0.0,0,0,1,gun_kill,107.35771834331302,31.154244179367474,53.82309525407596,4.989960455113315,80.5589877514565,0.010202218363475478,0.010277795080578356,0.0,4618.315099008843
HYB-b1000000-a0.50,hybrid,0.0,-1,,-1,BT-v3,10067,0,1.0,1,0,0,gun_kill,110.93768951611642,22.739087707376505,61.39205352245841,1.4920547908354962,110.27142908875952,0.011623248990561576,0.011035670564084521,0.0,3246.473313400106
HYB-b1000000-a0.50,hybrid,0.0,-1,,-1,BT-v3,10067,1,0.0,0,0,1,gun_kill,40.193071506717466,64.6883253847247,16.75911641536363,4.606908319487561,68.45216512268527,0.01273243908550085,0.013399324575194566,0.0,3474.864637767488
HYB-b1000000-a0.50,hybrid,0.0,-1,,-1,BT-v3,10068,0,1.0,1,0,0,gun_kill,67.5218147635075,14.476779083511781,41.30903146530787,2.8934953766121696,76.40623140551472,0.013163878741766468,0.0041838868983746025,0.0,5922.447924333634
HYB-b1000000-a0.50,hybrid,0.0,-1,,-1,BT-v3,10068,1,0.5,0,1,0,timeout,77.24291136139237,67.67287623953847,73.62838751948935,7.766366524481454,68.1418359649053,0.01096072945395038,0.008231830204214427,0.0,4490.369229278518
HYB-b1000000-a0.50,hybrid,0.0,-1,,-1,BT-v3,10069,0,0.0,0,0,1,gun_kill,84.32985396201674,99.17265162408668,14.721598155813798,7.296082728447027,109.67587190925799,0.015234491137229102,0.009392997948420257,0.0,4753.96266043295
HYB-b1000000-a0.50,hybrid,0.0,-1,,-1,BT-v3,10069,1,0.0,0,0,1,gun_kill,49.86218650120792,33.22859640223863,84.1020995411884,4.536310005861122,105.1995170178284,0.008046647184116738,0.006845923129863287,0.0,5763.268991325541
HYB-b1000000-a0.50,hybrid,0.0,-1,,-1,BT-v3,10070,0,1.0,1,0,0,gun_kill,73.35708206908228,72.76377863217132,95.94113569227099,0.7346020853089978,66.86889306089054,0.014641909465529571,0.006464510854151487,0.0,4055.988838539339
HYB-b1000000-a0.50,hybrid,0.0,-1,,-1,BT-v3,10070,1,1.0,1,0,0,gun_kill,73.37607478672612,25.112644339348268,53.769116736022426,4.469097303511498,76.96426108060926,0.010666599978931088,0.012044458252131376,0.0,5338.55705216181
HYB-b1000000-a0.50,hybrid,0.0,-1,,-1,BT-v3,10071,0,0.5,0,1,0,timeout,115.02121507133292,25.406866693907936,5.244962155118593,1.3524753167925354,48.36853955998122,0.009915617422021197,0.01060213736579762,0.0,3501.9472242243537
HYB-b1000000-a0.50,hybrid,0.0,-1,,-1,BT-v3,10071,1,0.5,0,1,0,timeout,60.47125968833333,33.44101028498295,63.66540009004028,6.073271762510084,101.73446477566551,0.0034776593951501514,0.013261531663470336,0.0,3936.4418035218146
HYB-b1000000-a0.50,hybrid,0.0,-1,,-1,BT-v3,10072,0,0.0,0,0,1,gun_kill,88.10977326189912,70.01090038823772,13.197790118871877,5.524557249814961,45.77529996324932,0.014055262431799637,0.00704447314130161,0.0,5356.632809621632
HYB-b1000000-a0.50,hybrid,0.0,-1,,-1,BT-v3,10072,1,1.0,1,0,0,gun_kill,93.17965339148466,10.291046786642466,57.28936351650636,7.7333783028359,60.31520534395257,0.007328554633723837,0.008052223612859498,0.0,3647.526684514749
HYB-b1000000-a0.50,hybrid,0.0,-1,,-1,BT-v3,10073,0,1.0,1,0,0,gun_kill,109.30400818418842,24.388877531387898,34.97006841107336,5.435580007393891,44.866414535018194,0.00905970065959268,0.014551942279621467,0.0,4946.572165313816
HYB-b1000000-a0.50,hybrid,0.0,-1,,-1,BT-v3,10073,1,0.0,0,0,1,gun_kill,68.91756291865427,59.31492610018485,42.74943709902892,7.309368450037266,52.02819387522116,0.013015614613926852,0.011246760864362451,0.0,5300.636006683853
HYB-b1000000-a0.50,hybrid,0.0,-1,,-1,BT-v3,10074,0,1.0,1,0,0,gun_kill,76.87593352643808,67.36998785699309,23.656645895308102,6.496853883231301,101.59089433248886,0.008807067205641788,0.0046116031120757755,0.0,4391.5892670128715
HYB-b1000000-a0.50,hybrid,0.0,-1,,-1,BT-v3,10074,1,1.0,1,0,0,gun_kill,36.89594740022025,68.61921350874451,94.92533335033617,4.231678082411211,77.82670946791193,0.013239475532645342,0.00925970102413915,0.0,4064.411069798294
HYB-b1000000-a0.50,hybrid,0.0,-1,,-1,BT-v3,10075,0,1.0,1,0,0,gun_kill,37.17331851505551,48.121909394246956,72.76922151488237,5.357536869169805,70.40007779052979,0.012293533994661956,0.007032733840221599,0.0,3627.4347818182214
HYB-b1000000-a0.50,hybrid,0.0,-1,,-1,BT-v3,10075,1,1.0,1,0,0,gun_kill,81.07052710889803,1.5523588868900928,4.823563711256263,4.217094868675066,71.52236638412356,0.011152623993388712,0.0081450399707128,0.0,5320.721607294727
HYB-b1000000-a0.50,hybrid,0.0,-1,,-1,BT-v3,10076,0,0.0,0,0,1,gun_kill,32.83762671862308,16.782126496061313,81.91579784955336,3.1869441426520515,48.4634173651629,0.007521564322076247,0.011674567488138039,0.0,5590.105156649379
HYB-b1000000-a0.50,hybrid,0.0,-1,,-1,BT-v3,10076,1,0.5,0,1,0,timeout,51.739137121850774,81.49443071424754,81.14439260636466,0.020343583933049025,40.32450455838768,0.00706823529139269,0.004921338016930025,0.0,5448.7808776996935
HYB-b1000000-a0.50,hybrid,0.0,-1,,-1,BT-v3,10077,0,0.0,0,0,1,gun_kill,89.525514647266,88.56958244534198,18.085612633777327,5.226500872456941,95.79989666129252,0.0054759908057813445,0.010828161759244623,0.0,5801.065796469427
HYB-b1000000-a0.50,hybrid,0.0,-1,,-1,BT-v3,10077,1,1.0,1,0,0,gun_kill,66.85523449797077,67.0918032383758,2.360526351785197,3.9093570546065486,64.18362180678676,0.017266353208676213,0.010168219125034792,0.0,4395.354960149281
HYB-b1000000-a0.50,hybrid,0.0,-1,,-1,BT-v3,10078,0,1.0,1,0,0,gun_kill,49.148781359369636,83.35561917953548,99.0479883616194,6.555592639614627,33.18003055944207,0.0068058440252926474,0.009342709130444252,0.0,3245.0607702950433
HYB-b1000000-a0.50,hybrid,0.0,-1,,-1,BT-v3,10078,1,0.0,0,0,1,gun_kill,93.59637318444047,55.70470508014452,91.12282229193157,2.3497537401935054,76.43115494489024,0.012434633268266784,0.007534620337097687,0.0,3555.061876380326
HYB-b1000000-a0.50,hybrid,0.0,-1,,-1,BT-v3,10079,0,1.0,1,0,0,gun_kill,68.31287877694723,28.80912071373355,42.49017251085336,6.55806532059073,63.7490500759762,0.012624417110589026,0.01182927320662589,0.0,3001.1052473800987
HYB-b1000000-a0.50,hybrid,0.0,-1,,-1,BT-v3,10079,1,1.0,1,0,0,gun_kill,32.15515076647756,31.837365023432362,31.599787372226807,0.4749013992791289,108.76685644987168,0.008563817495909322,0.0074025496001123604,0.0,4395.314307436367
HYB-b1000000-a0.50,hybrid,0.0,-1,,-1,BT-v3,10080,0,0.0,0,0,1,gun_kill,67.14010049865777,33.10615602675545,40.540910829292244,2.410946870317016,92.70151457419249,0.00891328029644113,0.008425111608178115,0.0,5019.1758663886885
HYB-b1000000-a0.50,hybrid,0.0,-1,,-1,BT-v3,10080,1,1.0,1,0,0,gun_kill,56.277900481669974,63.3861302391275,49.83206937457665,5.622785015653942,62.412152016361375,0.010792117056643824,0.009180345515742224,0.0,4318.463636102453
HYB-b1000000-a0.50,hybrid,0.0,-1,,-1,BT-v3,10081,0,1.0,1,0,0,gun_kill,52.98747881724082,20.015935752938507,21.821279403955206,4.309441773570038,85.82083832448905,0.010476742142341351,0.0087764510252241,0.0,3953.0755111065323
HYB-b1000000-a0.50,hybrid,0.0,-1,,-1,BT-v3,10081,1,0.0,0,0,1,gun_kill,65.22679164940968,53.223406884442156,80.11531877105449,2.533327784943941,63.3279728414913,0.011424269116711929,0.013671323018080293,0.0,4713.566826911774
HYB-b1000000-a0.50,hybrid,0.0,-1,,-1,BT-v3,10082,0,0.0,0,0,1,gun_kill,116.46688516432064,69.6118685686932,53.50620835415552,3.781345708202375,90.0211021386957,0.012874970733084221,0.009548410766725843,0.0,3545.5045175027
HYB-b1000000-a0.50,hybrid,0.0,-1,,-1,BT-v3,10082,1,0.0,0,0,1,gun_kill,111.66059427033736,76.32821693064147,62.7953252443673,5.765896567907605,62.02233077329604,0.010042116260813512,0.00822188973782864,0.0,5115.609625109933
HYB-b1000000-a0.50,hybrid,0.0,-1,,-1,BT-v3,10083,0,1.0,1,0,0,gun_kill,82.23547558944813,23.85013295120674,17.708015131370768,0.6276136208684662,68.40329462707709,0.011069594074101135,0.010263890373689686,0.0,3560.651544848678
HYB-b1000000-a0.50,hybrid,0.0,-1,,-1,BT-v3,10083,1,1.0,1,0,0,gun_kill,64.48295747121438,35.49780161320446,15.21580618068713,0.9114954840766982,91.46126984332109,0.008077726157868382,0.01435846829152387,0.0,4871.174084206358
HYB-b1000000-a0.50,hybrid,0.0,-1,,-1,BT-v3,10084,0,1.0,1,0,0,gun_kill,75.2295431040496,57.907465507962065,10.168893886897468,7.642040539051374,66.86640039125413,0.0077172133087573345,0.01085308955854445,0.0,3074.513573662382
HYB-b1000000-a0.50,hybrid,0.0,-1,,-1,BT-v3,10084,1,0.0,0,0,1,gun_kill,113.40800547815152,38.754249695536814,50.592420396326354,7.431905367291773,90.86026422723651,0.013077088829843445,0.010635585504708944,0.0,4486.518925814495
HYB-b1000000-a0.50,hybrid,0.0,-1,,-1,BT-v3,10085,0,0.0,0,0,1,gun_kill,54.56212893227637,13.35221059556142,76.58688466174272,5.989630700668974,114.03232431527412,0.008242980738114324,0.006668258783514603,0.0,3601.645949747127
HYB-b1000000-a0.50,hybrid,0.0,-1,,-1,BT-v3,10085,1,0.0,0,0,1,gun_kill,104.15866101910093,89.37695842682014,50.04858498773207,7.658923392048177,75.41144907531583,0.013116048799123177,0.011859965537117363,0.0,5498.654005952971
HYB-b1000000-a0.50,hybrid,0.0,-1,,-1,BT-v3,10086,0,0.5,0,1,0,timeout,37.02276004687012,2.4104797265272593,3.013151846335471,0.7377187280704307,71.24381346721862,0.007361462088666293,0.010330544408594924,0.0,5150.720435112667
HYB-b1000000-a0.50,hybrid,0.0,-1,,-1,BT-v3,10086,1,1.0,1,0,0,gun_kill,76.3024743379195,48.08487948666379,46.34343732476158,1.659038288077621,30.015266690349552,0.005674191804033767,0.008500103772202592,0.0,5992.389296786524
HYB-b1000000-a0.50,hybrid,0.0,-1,,-1,BT-v3,10087,0,0.0,0,0,1,gun_kill,54.861599013572835,24.93530064161813,20.275829094956734,1.692331139703648,54.85299356901648,0.009727754241819998,0.007968316988639236,0.0,4522.429356474995
HYB-b1000000-a0.50,hybrid,0.0,-1,,-1,BT-v3,10087,1,0.0,0,0,1,gun_kill,67.7792110892715,66.80922195360922,59.91897710037794,6.270351523439283,96.86593086957456,0.007048963138345888,0.01485608097752901,0.0,3082.402513491259
HYB-b1000000-a0.50,hybrid,0.0,-1,,-1,BT-v3,10088,0,1.0,1,0,0,gun_kill,64.37129357732377,76.29500892925859,23.30131772452958,6.604068837773208,85.77648469603625,0.013797658636147313,0.011598108870438857,0.0,3633.808662185231
HYB-b1000000-a0.50,hybrid,0.0,-1,,-1,BT-v3,10088,1,0.0,0,0,1,gun_kill,74.28432000674866,80.45020083391887,2.960773127680516,0.6763739241445386,115.72856122337899,0.012216535078229264,0.010299998022246086,0.0,4250.777475053916
HYB-b1000000-a0.50,hybrid,0.0,-1,,-1,BT-v3,10089,0,0.0,0,0,1,gun_kill,81.37453895927109,87.63347724374593,94.10004857239146,4.90801014343638,87.15417275263297,0.012189385525827236,0.012911354183325107,0.0,3407.401452732519
HYB-b1000000-a0.50,hybrid,0.0,-1,,-1,BT-v3,10089,1,1.0,1,0,0,gun_kill,67.2716316495706,70.29584681953516,5.194471011430046,1.570527663356735,92.1341785429168,0.011034420065668292,0.012051032801001869,0.0,3399.7464448524897
HYB-b1000000-a0.50,hybrid,0.0,-1,,-1,BT-v3,10090,0,1.0,1,0,0,gun_kill,103.85699902709634,14.952498148401627,18.25981568092292,0.9587429271247485,58.93381244489018,0.010823983507507835,0.013061435573047507,0.0,4638.928247154845
HYB-b1000000-a0.50,hybrid,0.0,-1,,-1,BT-v3,10090,1,1.0,1,0,0,gun_kill,35.69851155128689,61.239971549930175,21.816887341468572,3.649316965490897,94.56309911485167,0.010645007528757406,0.01399724985741715,0.0,4807.329307840386
HYB-b1000000-a0.50,hybrid,0.0,-1,,-1,BT-v3,10091,0,0.0,0,0,1,gun_kill,30.211499992347537,5.222623737449672,84.3357258484299,1.7727004086445337,94.52932668175728,0.009160483536363923,0.012474764079453696,0.0,3565.4504173689056
HYB-b1000000-a0.50,hybrid,0.0,-1,,-1,BT-v3,10091,1,1.0,1,0,0,gun_kill,86.5445957239051,75.36119815111428,14.823504906123752,6.963688917793851,63.91827309826112,0.007808522902243838,0.010401095234606332,0.0,4977.609538548962
HYB-b1000000-a0.50,hybrid,0.0,-1,,-1,BT-v3,10092,0,1.0,1,0,0,gun_kill,92.95013716850544,51.88641544345406,88.10991586194699,4.568628618746767,49.22073551841633,0.011429170848423343,0.01566923223820222,0.0,4824.736618880184
HYB-b1000000-a0.50,hybrid,0.0,-1,,-1,BT-v3,10092,1,1.0,1,0,0,gun_kill,65.45505790107947,27.30460370643033,46.484800382378154,7.521985810580616,30.71402732506527,0.012692510638645417,0.011448923538904423,0.0,5415.343941047739
HYB-b1000000-a0.50,hybrid,0.0,-1,,-1,BT-v3,10093,0,0.0,0,0,1,gun_kill,79.78101011332129,29.457521075820846,35.87397215248429,7.422798943225226,103.83544204840112,0.004962440771664499,0.013217769972767503,0.0,4425.80052966137
HYB-b1000000-a0.50,hybrid,0.0,-1,,-1,BT-v3,10093,1,0.0,0,0,1,gun_kill,38.39909379631913,78.15058529956862,21.813923823756664,5.018696974804519,47.19475132814975,0.009508184864919262,0.012152713026722967,0.0,5252.031840755284
HYB-b1000000-a0.50,hybrid,0.0,-1,,-1,BT-v3,10094,0,1.0,1,0,0,gun_kill,81.02333963635375,31.382102477257313,26.714334215956047,7.3240600737052155,89.88725778500046,0.009283975327734173,0.0017820496492723797,0.0,5513.527193219376
HYB-b1000000-a0.50,hybrid,0.0,-1,,-1,BT-v3,10094,1,1.0,1,0,0,gun_kill,51.71118336715039,91.0402876730075,72.80599112446889,5.858191102815474,81.77431387849043,0.007852483627041714,0.008853457249380154,0.0,3086.3243375544744
HYB-b1000000-a0.50,hybrid,0.0,-1,,-1,BT-v3,10095,0,1.0,1,0,0,gun_kill,32.30370524674795,18.145773833547473,37.42900607968377,6.715344018740017,118.13737915370943,0.00892454950883677,0.01204394852941897,0.0,3278.827225626338
HYB-b1000000-a0.50,hybrid,0.0,-1,,-1,BT-v3,10095,1,1.0,1,0,0,gun_kill,97.98785836830494,96.36674336384368,38.5330420654161,4.493932867090736,79.3434938599095,0.01638791941894923,0.010735017838093849,0.0,3726.7017025493437
HYB-b1000000-a0.50,hybrid,0.0,-1,,-1,BT-v3,10096,0,1.0,1,0,0,gun_kill,52.777543465720186,7.399632309715343,60.01169028271542,5.264130357358475,46.64872682934646,0.0075836326283572454,0.009804780143759696,0.0,5797.543413001498
HYB-b1000000-a0.50,hybrid,0.0,-1,,-1,BT-v3,10096,1,0.0,0,0,1,gun_kill,70.46107134292166,24.71374324305915,41.6228223351768,5.657453669301477,111.429237429331,0.009073474893450065,0.011863298186520778,0.0,3577.525923294364
HYB-b1000000-a0.50,hybrid,0.0,-1,,-1,BT-v3,10097,0,0.0,0,0,1,gun_kill,42.47724652862717,37.43367057728304,26.104187202384686,6.8364088545452075,97.83078586698129,0.008827638791408708,0.009903078884302675,0.0,5955.440909619505
HYB-b1000000-a0.50,hybrid,0.0,-1,,-1,BT-v3,10097,1,0.0,0,0,1,gun_kill,75.81013261641297,62.070588764463494,27.37452602427939,2.13198971529037,55.719030524330734,0.0074547606009859515,0.011758179207823733,0.0,4855.365831281279
HYB-b1000000-a0.50,hybrid,0.0,-1,,-1,BT-v3,10098,0,1.0,1,0,0,gun_kill,61.743704949924386,96.946285921467,38.59575907404841,0.20500697807181645,106.82097760871433,0.005748946919780748,0.00681083099580033,0.0,3162.905672049862
HYB-b1000000-a0.50,hybrid,0.0,-1,,-1,BT-v3,10098,1,0.0,0,0,1,gun_kill,62.28679296971045,62.30714199551437,74.09799654686758,0.4484272389488053,40.414261096543754,0.012595999180328917,0.011500442611504517,0.0,3973.6379347514194
HYB-b1000000-a0.50,hybrid,0.0,-1,,-1,BT-v3,10099,0,0.5,0,1,0,timeout,92.74175525994949,31.251066774466494,12.783239714343676,3.3299386014508316,49.920462589928675,0.008726924178888875,0.012849923391326025,0.0,3164.4179460203736
HYB-b1000000-a0.50,hybrid,0.0,-1,,-1,BT-v3,10099,1,1.0,1,0,0,gun_kill,64.48311749259875,81.48502091816303,5.976913525831518,3.705951256888529,114.70599848946657,0.008711263390483948,0.007385061497398,0.0,5517.944012011161
HYB-b1000000-a0.75,hybrid,0.0,-1,,-1,BT-v2,10000,0,1.0,1,0,0,gun_kill,101.46801095174084,19.432024191726594,97.13100173120436,7.420748625009751,113.89071310385573,0.01712709451913017,0.018677767108497036,0.0,5703.404672607103
HYB-b1000000-a0.75,hybrid,0.0,-1,,-1,BT-v2,10000,1,1.0,1,0,0,gun_kill,37.01521163155863,88.51583039129132,6.325712250228177,0.8454023504417547,68.64985066515399,0.017431598180203917,0.014193531234287907,0.0,4219.849318876979
HYB-b1000000-a0.75,hybrid,0.0,-1,,-1,BT-v2,10001,0,0.0,0,0,1,gun_kill,85.39752091669553,39.844464645644706,50.31843017450838,2.1436483113535143,103.68855003551063,0.013716728256604846,0.011943130574068386,0.0,4190.156688597924
HYB-b1000000-a0.75,hybrid,0.0,-1,,-1,BT-v2,10001,1,1.0,1,0,0,gun_kill,83.06758120316124,0.9508438019084076,6.290053721729771,7.565571223722117,48.858541697576676,0.016270944317298714,0.021650965334232067,0.0,4082.4720734387406
HYB-b1000000-a0.75,hybrid,0.0,-1,,-1,BT-v2,10002,0,0.0,0,0,1,gun_kill,37.08106445704481,12.673348888925585,24.706428207343258,0.8462658745571296,105.57851605797609,0.021065952870686414,0.023433652021680667,0.0,5922.850181462642
HYB-b1000000-a0.75,hybrid,0.0,-1,,-1,BT-v2,10002,1,1.0,1,0,0,gun_kill,95.26827610711847,74.16530487183068,39.8844026215543,2.0940721154691264,58.412370055793076,0.02298580394954201,0.017932917917428633,0.0,4829.456420064775
HYB-b1000000-a0.75,hybrid,0.0,-1,,-1,BT-v2,10003,0,0.5,0,1,0,timeout,48.507133622385716,6.577027380587708,8.147502136569983,6.614676776436687,78.39150320865922,0.017872246182202487,0.03020496286407799,0.0,4181.767160013893
HYB-b1000000-a0.75,hybrid,0.0,-1,,-1,BT-v2,10003,1,1.0,1,0,0,gun_kill,89.90328232042921,57.431121352397064,71.72785344996059,3.9795442682738686,116.13834485376852,0.01878767340401236,0.016832705086448685,0.0,5778.767932387254
HYB-b1000000-a0.75,hybrid,0.0,-1,,-1,BT-v2,10004,0,1.0,1,0,0,gun_kill,83.82570411603226,41.20719781142825,99.97539629824502,6.112314613291638,110.6922903724462,0.02634798211492748,0.01749062738737909,0.0,3659.964483422235
HYB-b1000000-a0.75,hybrid,0.0,-1,,-1,BT-v2,10004,1,1.0,1,0,0,gun_kill,100.18745506774097,64.52609420894021,95.89943437307016,3.002839676846656,118.92372011202482,0.021694305624747095,0.012574801840996203,0.0,3243.011577642015
HYB-b1000000-a0.75,hybrid,0.0,-1,,-1,BT-v2,10005,0,1.0,1,0,0,gun_kill,102.98368587702757,72.26860663636654,0.6306979638726506,3.193446387591976,69.3636374335336,0.015395689309210637,0.016458308259534444,0.0,4825.809172404676
HYB-b1000000-a0.75,hybrid,0.0,-1,,-1,BT-v2,10005,1,0.0,0,0,1,gun_kill,49.69396894744799,49.852046018890036,19.84616443077477,2.1131280237061167,60.945925493064074,0.018768885194600106,0.01763293074654982,0.0,3217.2589487877626
HYB-b1000000-a0.75,hybrid,0.0,-1,,-1,BT-v2,10006,0,0.0,0,0,1,gun_kill,67.96570059491326,18.633729506130294,53.60506891030138,0.35802303364861476,44.66055529457476,0.031190433031624006,0.021405011766748215,0.0,4625.977015547792
HYB-b1000000-a0.75,hybrid,0.0,-1,,-1,BT-v2,10006,1,1.0,1,0,0,gun_kill,104.52468090104648,84.47808404609148,19.258413753007343,2.243762831567424,46.924088632324995,0.029461141272529877,0.010981779175812395,0.0,4200.775400639536
HYB-b1000000-a0.75,hybrid,0.0,-1,,-1,BT-v2,10007,0,1.0,1,0,0,gun_kill,95.36431655837009,41.584039723336495,81.66356108404867,5.728743959870666,37.17142821165473,0.017597080773917098,0.019231163150091088,0.0,5019.674822783927
HYB-b1000000-a0.75,hybrid,0.0,-1,,-1,BT-v2,10007,1,0.5,0,1,0,timeout,90.74910585713937,32.023755840840586,53.65304463823175,7.195703085319346,53.37983259752062,0.01805003664046892,0.016155480181537635,0.0,5748.077953276417
HYB-b1000000-a0.75,hybrid,0.0,-1,,-1,BT-v2,10008,0,0.5,0,1,0,timeout,63.26488878524742,67.51931797561545,27.548263409557883,2.1178579832910067,61.16818616617144,0.019790924841374742,0.018738253300552784,0.0,3033.195206395231
HYB-b1000000-a0.75,hybrid,0.0,-1,,-1,BT-v2,10008,1,0.5,0,1,0,timeout,45.92230044055326,72.31775567013923,33.708714939695106,7.794087510684411,61.60437092043032,0.023021268379474658,0.021785548403452832,0.0,4441.400032638065
HYB-b1000000-a0.75,hybrid,0.0,-1,,-1,BT-v2,10009,0,0.0,0,0,1,gun_kill,110.77848950333308,53.179066916632635,72.27658586231172,4.121099561394285,36.60285161486716,0.013491535160705746,0.01594177089521779,0.0,4883.349437354391
HYB-b1000000-a0.75,hybrid,0.0,-1,,-1,BT-v2,10009,1,1.0,1,0,0,gun_kill,92.67769705226276,65.52416425696286,25.817644216839717,0.6027693922000887,90.65078408689146,0.019147981624387727,0.02132425717784778,0.0,4108.229656587098
HYB-b1000000-a0.75,hybrid,0.0,-1,,-1,BT-v2,10010,0,0.0,0,0,1,gun_kill,31.450614169439334,14.97746646574819,78.48483945115532,6.294285054618033,104.49480488687036,0.01837487975614803,0.013357714063404073,0.0,3942.420209177587
HYB-b1000000-a0.75,hybrid,0.0,-1,,-1,BT-v2,10010,1,1.0,1,0,0,gun_kill,117.87385608071388,87.48269439017827,87.90025328103276,2.9874933066994984,53.353079790566156,0.02031190945865207,0.015822383023610588,0.0,5981.96506913721
HYB-b1000000-a0.75,hybrid,0.0,-1,,-1,BT-v2,10011,0,0.0,0,0,1,gun_kill,115.72126843448332,17.1002862166307,21.296341164573473,0.8647212864406333,98.54037764933183,0.02430596417376932,0.018645251175864457,0.0,3000.114012761311
HYB-b1000000-a0.75,hybrid,0.0,-1,,-1,BT-v2,10011,1,0.0,0,0,1,gun_kill,38.84256967677939,79.57110801681588,90.53765275194125,4.200564703706654,58.74237651622879,0.013493784881890326,0.01922478262124473,0.0,3139.3527943091194
HYB-b1000000-a0.75,hybrid,0.0,-1,,-1,BT-v2,10012,0,1.0,1,0,0,gun_kill,45.27113861262157,27.457385398151835,1.1237395096104996,6.49451976005166,106.06573397430533,0.009138886391019407,0.029217515047146807,0.0,5012.201324533278
HYB-b1000000-a0.75,hybrid,0.0,-1,,-1,BT-v2,10012,1,0.0,0,0,1,gun_kill,108.93148796270908,40.02453057319874,35.0168591110881,7.335698375105098,42.51471987562332,0.020500635489459577,0.01818738205144642,0.0,3650.7027162547697
HYB-b1000000-a0.75,hybrid,0.0,-1,,-1,BT-v2,10013,0,1.0,1,0,0,gun_kill,100.34851725763184,97.49804961130663,18.828238170961665,0.277846380831857,31.511482357779535,0.016482652883232543,0.024084652007263722,0.0,5463.742452581246
HYB-b1000000-a0.75,hybrid,0.0,-1,,-1,BT-v2,10013,1,1.0,1,0,0,gun_kill,108.25650591509354,79.2646880039755,27.969566370479804,2.5168543411323165,59.6191633049818,0.024742842671541518,0.007832566829752724,0.0,5615.494597373467
HYB-b1000000-a0.75,hybrid,0.0,-1,,-1,BT-v2,10014,0,0.0,0,0,1,gun_kill,114.86447308073281,63.00148714481504,85.93402133463148,1.5430806332754203,104.76830907701849,0.021574550653599905,0.027624868152612017,0.0,3878.0451161527035
HYB-b1000000-a0.75,hybrid,0.0,-1,,-1,BT-v2,10014,1,0.5,0,1,0,timeout,32.678469377162465,63.05416232815945,92.60211453432578,2.9788062779920326,91.88249493479782,0.016007020491453798,0.024253612004858753,0.0,5731.453961973912
HYB-b1000000-a0.75,hybrid,0.0,-1,,-1,BT-v2,10015,0,0.0,0,0,1,gun_kill,85.51564286908368,24.441171149986186,70.7773899314535,6.154772122647292,78.72820664332355,0.011871878408125083,0.016014134111012795,0.0,4308.952977848807
HYB-b1000000-a0.75,hybrid,0.0,-1,,-1,BT-v2,10015,1,0.0,0,0,1,gun_kill,80.27985894879909,7.243829811324021,2.1791400578997644,4.617648791704305,68.14772494847819,0.0335606892611213,0.03495947129277882,0.0,3300.9878951384544
HYB-b1000000-a0.75,hybrid,0.0,-1,,-1,BT-v2,10016,0,0.0,0,0,1,gun_kill,114.33300246571967,84.17668030512762,62.105382270655184,0.8201528066697668,36.92544648933545,0.024136310398919412,0.016679734731088677,0.0,4378.909866223392
HYB-b1000000-a0.75,hybrid,0.0,-1,,-1,BT-v2,10016,1,0.5,0,1,0,timeout,115.88559811988006,38.89048252951217,53.43999041986066,3.3728997822412303,73.42834052599653,0.011713417156534756,0.020317563137953316,0.0,4516.360981212795
HYB-b1000000-a0.75,hybrid,0.0,-1,,-1,BT-v2,10017,0,1.0,1,0,0,gun_kill,37.65309913525467,1.604693263788881,44.95567859080894,1.1802448351387351,96.22373450402026,0.01004499683504648,0.020108527470996212,0.0,4347.682013591691
HYB-b1000000-a0.75,hybrid,0.0,-1,,-1,BT-v2,10017,1,0.0,0,0,1,gun_kill,83.73701221822003,6.213573085063906,31.027651308863923,5.04322589249964,85.77385359787175,0.016737360770040833,0.028148926990300853,0.0,4235.378972578264
HYB-b1000000-a0.75,hybrid,0.0,-1,,-1,BT-v2,10018,0,0.0,0,0,1,gun_kill,111.49904627116143,75.96374318394885,23.605523078049984,7.323094390080213,58.03254357307253,0.020049298903174934,0.024433828246816742,0.0,4694.047714943691
HYB-b1000000-a0.75,hybrid,0.0,-1,,-1,BT-v2,10018,1,0.0,0,0,1,gun_kill,52.75599433226431,8.772071578233831,13.249011722191673,2.3064683546870475,58.55526358210446,0.01264630447174909,0.014727810356855324,0.0,5762.673516229976
HYB-b1000000-a0.75,hybrid,0.0,-1,,-1,BT-v2,10019,0,0.5,0,1,0,timeout,61.97919927135416,67.31327763253715,92.5346912390006,5.5108103703643305,48.7173835863741,0.022090126394242446,0.016765502829595037,0.0,5260.685962754194
HYB-b1000000-a0.75,hybrid,0.0,-1,,-1,BT-v2,10019,1,0.0,0,0,1,gun_kill,112.2839821116091,74.05458756636403,17.44871485245675,7.35425364763727,109.31631596817543,0.021056913974161443,0.019465693698038453,0.0,5899.838309807422
HYB-b1000000-a0.75,hybrid,0.0,-1,,-1,BT-v2,10020,0,0.0,0,0,1,gun_kill,104.72305963303721,89.41411214183903,24.871524206638895,7.747675074564108,83.90131510870236,0.022219728524511647,0.007594438207486369,0.0,4157.77480008166
HYB-b1000000-a0.75,hybrid,0.0,-1,,-1,BT-v2,10020,1,1.0,1,0,0,gun_kill,113.94908982555754,23.776911885720864,45.90521792245301,0.28055166503761964,117.55145010922698,0.010733941195746279,0.016516519773454485,0.0,4491.736967018072
HYB-b1000000-a0.75,hybrid,0.0,-1,,-1,BT-v2,10021,0,1.0,1,0,0,gun_kill,79.55982669744775,21.47282264765814,9.151355597488243,0.46593611576133487,116.88157723924851,0.015406701624733201,0.027318413424028326,0.0,5641.092537241466
HYB-b1000000-a0.75,hybrid,0.0,-1,,-1,BT-v2,10021,1,0.0,0,0,1,gun_kill,72.17789029030902,34.50733145864058,32.26112149483983,5.2118164165759575,99.01282605054305,0.02237207524935521,0.013588203742207417,0.0,5820.168181438323
HYB-b1000000-a0.75,hybrid,0.0,-1,,-1,BT-v2,10022,0,1.0,1,0,0,gun_kill,118.32100871554927,41.57969108011355,39.77498183029511,6.365682250262773,69.12363797105498,0.01714482952809058,0.02124329098297843,0.0,3918.9483771252285
HYB-b1000000-a0.75,hybrid,0.0,-1,,-1,BT-v2,10022,1,1.0,1,0,0,gun_kill,100.13953784381921,61.301609839698415,52.26403082485099,2.043165033224769,108.20206657825186,0.02601429676074453,0.028455962213161583,0.0,3725.337145615981
HYB-b1000000-a0.75,hybrid,0.0,-1,,-1,BT-v2,10023,0,0.5,0,1,0,timeout,61.368978063107626,61.28441955054507,49.56262721322708,1.5783544450303495,59.38978981663751,0.0185003514877812,0.007623188962933382,0.0,5319.1825876970515
HYB-b1000000-a0.75,hybrid,0.0,-1,,-1,BT-v2,10023,1,1.0,1,0,0,gun_kill,80.67489295976348,38.64754743831868,37.138927958289415,2.984166157650564,111.00020429590279,0.01349194951427121,0.02181430574103325,0.0,5683.23808095821
HYB-b1000000-a0.75,hybrid,0.0,-1,,-1,BT-v2,10024,0,1.0,1,0,0,gun_kill,88.23425511267777,30.69277828713445,44.306337959804665,2.775599373801483,82.67030079709187,0.029139555156012607,0.02195350173694231,0.0,5913.076392209913
HYB-b1000000-a0.75,hybrid,0.0,-1,,-1,BT-v2,10024,1,1.0,1,0,0,gun_kill,92.2368613478649,88.22327631444578,6.5226006654750535,1.47768839123132,32.6654110411507,0.017053005332008857,0.026145488823559507,0.0,5089.890807738557
HYB-b1000000-a0.75,hybrid,0.0,-1,,-1,BT-v2,10025,0,0.0,0,0,1,gun_kill,92.1268912633615,11.465815148833581,23.637689160622276,0.550836301859011,50.234415105339046,0.01899255357684749,0.016211933572616417,0.0,4706.3507991122415
HYB-b1000000-a0.75,hybrid,0.0,-1,,-1,BT-v2,10025,1,0.5,0,1,0,timeout,44.09567197403921,55.75119286860818,68.55875254306414,4.129372581578721,108.00492935675507,0.015689460110296316,0.021502591518237954,0.0,5276.762352096561
HYB-b1000000-a0.75,hybrid,0.0,-1,,-1,BT-v2,10026,0,1.0,1,0,0,gun_kill,111.89820726929231,18.494968871278918,15.258624596719628,7.465322523359127,65.47585380833681,0.020701364927639018,0.018683150073181057,0.0,3465.4831635049154
HYB-b1000000-a0.75,hybrid,0.0,-1,,-1,BT-v2,10026,1,0.5,0,1,0,timeout,83.79381951049993,19.775374601652363,4.683281602094603,5.506288872550394,81.81615512395693,0.006747454683438412,0.021678578174176746,0.0,4681.39898745347
HYB-b1000000-a0.75,hybrid,0.0,-1,,-1,BT-v2,10027,0,1.0,1,0,0,gun_kill,42.25087876641988,20.71321243310711,41.417163812492866,0.8669231784550373,80.26192306024623,0.013411011784722301,0.021492609260630686,0.0,5854.253105917835
HYB-b1000000-a0.75,hybrid,0.0,-1,,-1,BT-v2,10027,1,0.0,0,0,1,gun_kill,72.61468021226511,87.07963161230204,25.498931307236774,6.03914394288223,63.08479553332287,0.016679606551459208,0.02665016101450935,0.0,5131.170695101575
HYB-b1000000-a0.75,hybrid,0.0,-1,,-1,BT-v2,10028,0,0.0,0,0,1,gun_kill,34.76710387116644,0.9390178512101333,70.1223110603267,1.4225274688900411,103.16123482482286,0.029267306964816886,0.024817986228369924,0.0,4993.031675662063
HYB-b1000000-a0.75,hybrid,0.0,-1,,-1,BT-v2,10028,1,0.5,0,1,0,timeout,79.66826173755014,49.7718811111947,21.242347227651916,3.7813124966595977,45.908034308517955,0.02134876920626823,0.01335786434824619,0.0,3897.6806989524957
HYB-b1000000-a0.75,hybrid,0.0,-1,,-1,BT-v2,10029,0,1.0,1,0,0,gun_kill,82.02078298299111,76.2281954631048,20.120375292854177,3.970082488450883,92.92558786635159,0.021910022994149146,0.021704359500302462,0.0,3283.452012842629
HYB-b1000000-a0.75,hybrid,0.0,-1,,-1,BT-v2,10029,1,1.0,1,0,0,gun_kill,94.42174581088494,41.856390930249695,7.412234770687631,1.634756907707355,119.60561231339,0.021876592068930372,0.018568561499740878,0.0,5604.132673586631
HYB-b1000000-a0.75,hybrid,0.0,-1,,-1,BT-v2,10030,0,1.0,1,0,0,gun_kill,46.65394565515466,65.13351449292702,82.4373726991824,7.1188688853288715,46.949015218989594,0.011399428247037328,0.02121629878156494,0.0,4258.948777944278
HYB-b1000000-a0.75,hybrid,0.0,-1,,-1,BT-v2,10030,1,1.0,1,0,0,gun_kill,108.0200736096109,90.37210753300803,86.58505430449065,7.108575892332047,107.78330891266579,0.03272832239442018,0.019294892497818513,0.0,3308.854244169732
HYB-b1000000-a0.75,hybrid,0.0,-1,,-1,BT-v2,10031,0,1.0,1,0,0,gun_kill,95.35752962981512,64.95330003221594,68.98235067413104,7.77694656812264,46.402884274988594,0.018946869184759556,0.018977097001697085,0.0,4623.06128539404
HYB-b1000000-a0.75,hybrid,0.0,-1,,-1,BT-v2,10031,1,0.0,0,0,1,gun_kill,113.03409649570169,26.143809578355427,11.254672187085868,7.194574035620602,101.42790178813152,0.021895926316676424,0.013595609184871266,0.0,5026.72065956104
HYB-b1000000-a0.75,hybrid,0.0,-1,,-1,BT-v2,10032,0,0.5,0,1,0,timeout,93.12596065238125,70.12025941443478,23.549799524369753,4.568069154827474,83.4586959415637,0.022562312960210017,0.014521765688025174,0.0,4384.9738670574125
HYB-b1000000-a0.75,hybrid,0.0,-1,,-1,BT-v2,10032,1,0.5,0,1,0,timeout,112.42272112842136,43.65541634693353,31.946588787198305,7.309053419089377,72.53119339523676,0.022523969141109688,0.024264556479513713,0.0,4609.612577839978
HYB-b1000000-a0.75,hybrid,0.0,-1,,-1,BT-v2,10033,0,1.0,1,0,0,gun_kill,64.71936064922514,95.48200959266664,19.69995312485264,2.6381382645632874,54.527373766110244,0.022194506056554986,0.024741288122290594,0.0,3062.1221004818362
HYB-b1000000-a0.75,hybrid,0.0,-1,,-1,BT-v2,10033,1,0.0,0,0,1,gun_kill,92.94525912137924,11.039321799029377,87.40323207676526,2.4291024739274505,97.7491088810357,0.027852533444902725,0.025035452875671396,0.0,3956.8057757402103
HYB-b1000000-a0.75,hybrid,0.0,-1,,-1,BT-v2,10034,0,0.0,0,0,1,gun_kill,110.27222884178302,43.758270713399995,15.474116818726202,0.6859187270118969,54.52564665623501,0.022199607669057334,0.027945982638213133,0.0,5782.330267830232
HYB-b1000000-a0.75,hybrid,0.0,-1,,-1,BT-v2,10034,1,0.0,0,0,1,gun_kill,100.16668266908609,89.56480347764786,53.564769851856006,6.680631400318579,97.35037576909954,0.01686623106026953,0.02330691836067794,0.0,5880.486015406005
HYB-b1000000-a0.75,hybrid,0.0,-1,,-1,BT-v2,10035,0,0.0,0,0,1,gun_kill,55.45601619334693,97.51239395234668,12.956570783573007,0.25125570043988343,108.3112359157459,0.006988415043172642,0.01508479390917643,0.0,3317.5759188415605
HYB-b1000000-a0.75,hybrid,0.0,-1,,-1,BT-v2,10035,1,0.0,0,0,1,gun_kill,80.16898828970542,54.740736048919715,49.92049692208723,3.778511680025818,34.82949351054293,0.01718749701007241,0.02679761382179424,0.0,3236.121860103173
HYB-b1000000-a0.75,hybrid,0.0,-1,,-1,BT-v2,10036,0,1.0,1,0,0,gun_kill,52.40391918916097,1.8457597277514726,80.50850959330428,5.737728903956413,66.27222877838753,0.023374467669193422,0.010090313324915527,0.0,3952.347279957311
HYB-b1000000-a0.75,hybrid,0.0,-1,,-1,BT-v2,10036,1,1.0,1,0,0,gun_kill,78.01466088507678,77.56814869244533,77.68081357053937,3.045367042211958,111.63583918966074,0.030271943386233232,0.019610034209398386,0.0,3213.2838192880013
HYB-b1000000-a0.75,hybrid,0.0,-1,,-1,BT-v2,10037,0,0.0,0,0,1,gun_kill,117.58278046662747,85.80024340937729,9.772458264660045,5.310362879315647,80.71769049207856,0.02012482927147036,0.019673401180726312,0.0,5348.050094806784
HYB-b1000000-a0.75,hybrid,0.0,-1,,-1,BT-v2,10037,1,0.0,0,0,1,gun_kill,55.9454787315878,89.7960245884954,90.25872039402024,1.832118672723718,104.00543644106763,0.02075189077692421,0.027160869619893398,0.0,5337.247593763188
HYB-b1000000-a0.75,hybrid,0.0,-1,,-1,BT-v2,10038,0,0.5,0,1,0,timeout,109.60382891193572,46.56074522546163,90.9933573897696,2.56600418455764,110.27123193898566,0.018031804019249892,0.010562970667660689,0.0,5987.980217061699
HYB-b1000000-a0.75,hybrid,0.0,-1,,-1,BT-v2,10038,1,0.0,0,0,1,gun_kill,106.70725426965589,74.72518698083104,87.67840392808031,6.848139486617819,56.262432409476745,0.011398164379430574,0.0372977216071612,0.0,4126.364772872711
HYB-b1000000-a0.75,hybrid,0.0,-1,,-1,BT-v2,10039,0,0.5,0,1,0,timeout,32.85460705762208,53.05856345655167,4.925675354684278,1.7362730820183803,77.98653782947355,0.023417716072872245,0.01173827917939126,0.0,5586.304522096534
HYB-b1000000-a0.75,hybrid,0.0,-1,,-1,BT-v2,10039,1,0.0,0,0,1,gun_kill,91.71807319141502,12.890382412410794,27.973492041296034,0.3538138014286334,48.880260320633205,0.02555047236846803,0.008939335361215106,0.0,3217.938925211335
HYB-b1000000-a0.75,hybrid,0.0,-1,,-1,BT-v2,10040,0,1.0,1,0,0,gun_kill,74.31430407455716,92.57390113285511,1.4712682035297409,3.3220069824361858,56.70743536110182,0.025425430053108114,0.01573586638546121,0.0,4943.467180694874
HYB-b1000000-a0.75,hybrid,0.0,-1,,-1,BT-v2,10040,1,0.0,0,0,1,gun_kill,112.9662447384679,7.2125216916757555,47.20618734354501,6.66639950131883,52.527203592678354,0.023214523824177304,0.02452231867963165,0.0,5184.977235691422
HYB-b1000000-a0.75,hybrid,0.0,-1,,-1,BT-v2,10041,0,1.0,1,0,0,gun_kill,37.15335191128379,71.6926099482178,19.044996051953945,6.425115675375294,106.6875521023309,0.027064033741460797,0.02068898265449337,0.0,4502.31333859996
HYB-b1000000-a0.75,hybrid,0.0,-1,,-1,BT-v2,10041,1,0.0,0,0,1,gun_kill,66.67894455968762,0.7366666858128479,8.1302530614469,5.560775354823431,87.17449360147192,0.015662415283143362,0.03049201227250336,0.0,3750.3015618732416
HYB-b1000000-a0.75,hybrid,0.0,-1,,-1,BT-v2,10042,0,0.0,0,0,1,gun_kill,45.86566107909993,58.617839744182675,30.947670754394252,0.7152394055998954,115.71636014446644,0.020730794307065297,0.016345373904811347,0.0,5278.475200923724
HYB-b1000000-a0.75,hybrid,0.0,-1,,-1,BT-v2,10042,1,1.0,1,0,0,gun_kill,48.362092757729286,28.437259977272532,52.48496376628471,3.698998954504944,96.3331356145631,0.016997260213011286,0.022887739715915806,0.0,5033.085948528155
HYB-b1000000-a0.75,hybrid,0.0,-1,,-1,BT-v2,10043,0,1.0,1,0,0,gun_kill,72.00755269979791,89.74914169847578,51.584044923156256,6.0604268431985675,78.09272389288697,0.01851667493117424,0.023265677547272635,0.0,5607.851293654017
HYB-b1000000-a0.75,hybrid,0.0,-1,,-1,BT-v2,10043,1,0.5,0,1,0,timeout,50.381076396886684,11.762832020176518,44.146650969278724,0.3999530377635274,75.15758878814825,0.01905295461176828,0.008898002879461532,0.0,4920.821525040495
HYB-b1000000-a0.75,hybrid,0.0,-1,,-1,BT-v2,10044,0,1.0,1,0,0,gun_kill,86.0521486530635,56.37310995156631,33.57945623260326,4.3715320666087685,66.42035313446615,0.021191482298716983,0.022104533822338995,0.0,3914.6258176112033
HYB-b1000000-a0.75,hybrid,0.0,-1,,-1,BT-v2,10044,1,0.5,0,1,0,timeout,107.64978027344839,24.826126198112807,14.186921102352002,5.7480863407467,66.93549194900449,0.021527670675801188,0.024845014497478748,0.0,4674.209768278355
HYB-b1000000-a0.75,hybrid,0.0,-1,,-1,BT-v2,10045,0,0.5,0,1,0,timeout,109.25530648866071,42.542841876408886,43.52963953651153,7.686239850947425,56.62818311746281,0.01215953925904765,0.01945235628482364,0.0,5234.660677631509
HYB-b1000000-a0.75,hybrid,0.0,-1,,-1,BT-v2,10045,1,1.0,1,0,0,gun_kill,99.56244534224781,77.60900205846517,57.56797577710023,6.3054670403563735,58.67975718132023,0.013726624112809338,0.01981295919034384,0.0,5248.584606776241
HYB-b1000000-a0.75,hybrid,0.0,-1,,-1,BT-v2,10046,0,0.5,0,1,0,timeout,72.11954144622226,31.68751905816577,85.86049464909242,3.014040500260734,33.83945704664866,0.02398699246172653,0.015323926656315602,0.0,4239.982500381028
HYB-b1000000-a0.75,hybrid,0.0,-1,,-1,BT-v2,10046,1,0.0,0,0,1,gun_kill,53.400086217524816,5.0352879367972285,57.33548799327677,4.049339790402107,90.3647753139508,0.022009005507401935,0.015225682792911564,0.0,4291.2427043437565
HYB-b1000000-a0.75,hybrid,0.0,-1,,-1,BT-v2,10047,0,1.0,1,0,0,gun_kill,87.53237697188203,51.36499075512955,15.244441402439257,5.862890315855322,45.52572256594978,0.020085988858212687,0.023919970840376135,0.0,5910.63420661505
HYB-b1000000-a0.75,hybrid,0.0,-1,,-1,BT-v2,10047,1,0.0,0,0,1,gun_kill,86.82623572983857,3.2544574726854125,26.16129423494671,3.5318418564133713,100.93772809225108,0.02287832420597147,0.0201658294906706,0.0,4192.214493480309
HYB-b1000000-a0.75,hybrid,0.0,-1,,-1,BT-v2,10048,0,1.0,1,0,0,gun_kill,40.128726270688354,7.146572747803603,6.228843788175842,5.518915908821844,83.26101392056756,0.027125431569364103,0.023299882176536824,0.0,5822.614993281283
HYB-b1000000-a0.75,hybrid,0.0,-1,,-1,BT-v2,10048,1,0.5,0,1,0,timeout,104.122511934826,42.35890446695847,46.240692591426004,4.7030447865154,57.71593892672619,0.03155894265243509,0.018785126433464045,0.0,4864.680639492167
HYB-b1000000-a0.75,hybrid,0.0,-1,,-1,BT-v2,10049,0,1.0,1,0,0,gun_kill,73.25928482982553,36.521583854297425,89.0734514160435,5.437966471036688,48.88353290725225,0.024750926307083723,0.015068029591865886,0.0,5859.22106987967
HYB-b1000000-a0.75,hybrid,0.0,-1,,-1,BT-v2,10049,1,1.0,1,0,0,gun_kill,32.19854575725475,13.071810488893265,23.199563664460378,7.348753298505022,36.27324891568392,0.010071440794445314,0.02931390784955637,0.0,3997.0078791040614
HYB-b1000000-a0.75,hybrid,0.0,-1,,-1,BT-v2,10050,0,0.5,0,1,0,timeout,59.010417585457226,96.5688076287649,43.901092596473326,0.048386493114318085,98.8760639687119,0.012067033845670849,0.011464382131242864,0.0,3507.9920639285615
HYB-b1000000-a0.75,hybrid,0.0,-1,,-1,BT-v2,10050,1,0.5,0,1,0,timeout,80.13553105842465,15.338906242861883,74.7645729367292,1.2166905111844635,84.98196666341767,0.02476143984245199,0.024180527892166397,0.0,3926.036932434921
HYB-b1000000-a0.75,hybrid,0.0,-1,,-1,BT-v2,10051,0,1.0,1,0,0,gun_kill,81.8491811690464,30.538995655043554,55.07302999328857,3.5121275657720226,42.603131837016434,0.02417448170493968,0.026045342762561523,0.0,4353.320004510915
HYB-b1000000-a0.75,hybrid,0.0,-1,,-1,BT-v2,10051,1,0.0,0,0,1,gun_kill,100.59385303019859,20.155952092583618,20.548726821749586,5.66849695764242,107.27753413128862,0.02046322269601726,0.008256236983630157,0.0,5840.341265519408
HYB-b1000000-a0.75,hybrid,0.0,-1,,-1,BT-v2,10052,0,1.0,1,0,0,gun_kill,89.23595265538663,61.73193434143677,36.48656032021744,2.479813653689244,101.70337754050165,0.02684187028748946,0.019229068379090535,0.0,3046.7816350846388
HYB-b1000000-a0.75,hybrid,0.0,-1,,-1,BT-v2,10052,1,1.0,1,0,0,gun_kill,85.82249260182255,34.36307472203507,12.575380434448412,2.3519425882187814,59.56397929927283,0.012724669235616165,0.016883433944722356,0.0,5582.30539919598
HYB-b1000000-a0.75,hybrid,0.0,-1,,-1,BT-v2,10053,0,1.0,1,0,0,gun_kill,99.74672969701503,47.481637483390394,63.783196865257516,5.850742902816484,112.9802377286261,0.009985108143241586,0.02605453717452378,0.0,5592.560275234631
HYB-b1000000-a0.75,hybrid,0.0,-1,,-1,BT-v2,10053,1,1.0,1,0,0,gun_kill,60.382573368941635,37.345108732888185,95.5773293231595,2.8058561649534983,55.44132593036177,0.021833155993703068,0.01752727365262636,0.0,5767.193866519006
HYB-b1000000-a0.75,hybrid,0.0,-1,,-1,BT-v2,10054,0,1.0,1,0,0,gun_kill,66.54613780820915,12.507957808842141,53.79772024173257,0.9828998265650695,111.7724654914764,0.02317544632331439,0.02278025290810412,0.0,3880.3336688885074
HYB-b1000000-a0.75,hybrid,0.0,-1,,-1,BT-v2,10054,1,1.0,1,0,0,gun_kill,111.59217252489927,91.90804011234403,74.15109460170834,2.8166400207952806,59.142316423065964,0.01727826013062267,0.01882109811148334,0.0,5054.651520713124
HYB-b1000000-a0.75,hybrid,0.0,-1,,-1,BT-v2,10055,0,1.0,1,0,0,gun_kill,104.77265316897076,53.094923285740435,62.7253441705371,6.922850159002585,68.43821057782927,0.016350550780842743,0.01846299607966573,0.0,5912.576530948401
HYB-b1000000-a0.75,hybrid,0.0,-1,,-1,BT-v2,10055,1,1.0,1,0,0,gun_kill,105.73372557267514,34.17942794462343,64.02201007341459,1.7351389646470468,42.45541265161579,0.012452913741677007,0.026871171924370187,0.0,3492.6490701670023
HYB-b1000000-a0.75,hybrid,0.0,-1,,-1,BT-v2,10056,0,0.0,0,0,1,gun_kill,55.51575457079386,0.5726803838064232,75.21274068060573,5.285135413588742,76.42523059039972,0.033930748326398565,0.017400062660571827,0.0,4987.50202812559
HYB-b1000000-a0.75,hybrid,0.0,-1,,-1,BT-v2,10056,1,0.0,0,0,1,gun_kill,92.93849472026896,56.87708051565343,70.72134133232578,2.636738151681042,70.38981156003265,0.027596326441881258,0.02110357560451976,0.0,4957.212097304015
HYB-b1000000-a0.75,hybrid,0.0,-1,,-1,BT-v2,10057,0,1.0,1,0,0,gun_kill,62.92347023605043,61.1204307487405,32.261696015966066,4.539666977032539,74.1414827014353,0.022004704134563232,0.019097501405859436,0.0,5589.874784564379
HYB-b1000000-a0.75,hybrid,0.0,-1,,-1,BT-v2,10057,1,1.0,1,0,0,gun_kill,116.38141080747302,67.60842316302313,74.10507771639332,5.685792757950064,40.64828972832898,0.027845658762886007,0.01938379614596763,0.0,3272.094652896015
HYB-b1000000-a0.75,hybrid,0.0,-1,,-1,BT-v2,10058,0,0.0,0,0,1,gun_kill,69.1224821269537,56.53623694246187,91.88709102185638,3.7393120546045164,39.965934073343156,0.017588704157272976,0.025325162320049194,0.0,4127.233967462366
HYB-b1000000-a0.75,hybrid,0.0,-1,,-1,BT-v2,10058,1,1.0,1,0,0,gun_kill,67.89827826507977,22.083161806478202,18.479473602866257,4.558119922586739,61.588807280587055,0.015549410063412934,0.024200622614485173,0.0,4186.217147348078
HYB-b1000000-a0.75,hybrid,0.0,-1,,-1,BT-v2,10059,0,0.0,0,0,1,gun_kill,116.07469618756296,35.74681934834808,88.66644333875068,2.9670064649526173,105.12564882511516,0.018720688138343346,0.023130129832799953,0.0,3884.5697759919744
HYB-b1000000-a0.75,hybrid,0.0,-1,,-1,BT-v2,10059,1,0.5,0,1,0,timeout,55.221182249040396,49.741501808567534,0.7426679358107702,7.207017607952656,54.7696417102471,0.028236585948613255,0.02133854131758193,0.0,4178.161090387256
HYB-b1000000-a0.75,hybrid,0.0,-1,,-1,BT-v2,10060,0,1.0,1,0,0,gun_kill,50.32454029775428,29.876827257654902,88.72977690594477,5.312935356600951,42.49012120378324,0.02098413451854447,0.015518075415256367,0.0,5618.370427605024
HYB-b1000000-a0.75,hybrid,0.0,-1,,-1,BT-v2,10060,1,0.5,0,1,0,timeout,86.74376483062383,82.26034861493576,69.55130413168872,7.298986142610742,106.14596876102155,0.026355737937840767,0.013426898785996934,0.0,4114.370708220191
HYB-b1000000-a0.75,hybrid,0.0,-1,,-1,BT-v2,10061,0,0.5,0,1,0,timeout,96.44413184407964,3.827846922075251,73.74396839653751,3.9857872705575392,48.41773982518101,0.018202060676020055,0.021256515483591216,0.0,4932.656267586866
HYB-b1000000-a0.75,hybrid,0.0,-1,,-1,BT-v2,10061,1,0.5,0,1,0,timeout,78.43350004978527,50.2387608754821,2.0011480656023095,3.3821829034908237,104.76968327221775,0.028888574310136476,0.021976291328505884,0.0,4267.79159932937
HYB-b1000000-a0.75,hybrid,0.0,-1,,-1,BT-v2,10062,0,0.0,0,0,1,gun_kill,103.33863450847036,98.61547383560473,94.71424574953295,3.561670188876924,81.89817327176453,0.027784345494172462,0.029091920491544507,0.0,4100.73008796041
HYB-b1000000-a0.75,hybrid,0.0,-1,,-1,BT-v2,10062,1,0.0,0,0,1,gun_kill,115.10835875243919,43.05511811001772,46.441789016521604,1.9505969545875796,53.81443613253795,0.023298948916950148,0.020236881558232035,0.0,4606.041649727269
HYB-b1000000-a0.75,hybrid,0.0,-1,,-1,BT-v2,10063,0,1.0,1,0,0,gun_kill,49.84401549209204,38.14386971975525,2.428072372388157,1.3195871938254813,116.08656194708375,0.023047038224444517,0.02181012829637799,0.0,5962.333880522276
HYB-b1000000-a0.75,hybrid,0.0,-1,,-1,BT-v2,10063,1,0.5,0,1,0,timeout,50.49403244434707,55.211801610763736,65.83547517310082,6.290236694803118,100.48279513872633,0.017158260988384213,0.023976760343455136,0.0,5256.385803289801
HYB-b1000000-a0.75,hybrid,0.0,-1,,-1,BT-v2,10064,0,0.5,0,1,0,timeout,113.84148660868159,60.610018572629976,80.22674456119914,0.15526340787976167,118.124986288223,0.026507358356304807,0.021405199218574096,0.0,4747.916771799833
HYB-b1000000-a0.75,hybrid,0.0,-1,,-1,BT-v2,10064,1,1.0,1,0,0,gun_kill,78.68754173364815,68.09377256605215,36.06980764592992,3.203407643853178,107.44376551259334,0.0063987359067464895,0.024502098434728836,0.0,5412.145166525764
HYB-b1000000-a0.75,hybrid,0.0,-1,,-1,BT-v2,10065,0,1.0,1,0,0,gun_kill,85.23946175912113,15.890131029710142,48.11262499050136,4.361273539538077,67.77852639578632,0.021158381544558416,0.022575035839652962,0.0,3636.2840362357256
HYB-b1000000-a0.75,hybrid,0.0,-1,,-1,BT-v2,10065,1,1.0,1,0,0,gun_kill,79.83121726304563,88.49030546532768,94.53696307034282,2.850200411672782,114.79455507904922,0.022136507073168544,0.01988526723578875,0.0,3264.3150040658697
HYB-b1000000-a0.75,hybrid,0.0,-1,,-1,BT-v2,10066,0,0.5,0,1,0,timeout,35.710142566520695,60.29420553719228,85.87396082072671,0.0964384409732002,72.7066251948302,0.009622596783478859,0.02671265651585428,0.0,5907.306845110237
HYB-b1000000-a0.75,hybrid,0.0,-1,,-1,BT-v2,10066,1,1.0,1,0,0,gun_kill,90.10234106260772,12.482040220242451,68.34768315767965,1.14219712352154,63.157955771585875,0.02676853972052779,0.020963597101460875,0.0,5676.920184737268
HYB-b1000000-a0.75,hybrid,0.0,-1,,-1,BT-v2,10067,0,0.0,0,0,1,gun_kill,103.4756466196148,84.13773626222685,46.074434752029866,5.892009374372676,100.99687454371029,0.021855087652579413,0.020094774742250444,0.0,3902.122140802516
HYB-b1000000-a0.75,hybrid,0.0,-1,,-1,BT-v2,10067,1,0.0,0,0,1,gun_kill,94.4558743192378,83.02060352931294,4.821222021395277,3.887021307649783,100.86163439071834,0.009009903898124219,0.015651657768509394,0.0,4197.511189346436
HYB-b1000000-a0.75,hybrid,0.0,-1,,-1,BT-v2,10068,0,0.5,0,1,0,timeout,38.66005460535843,92.47625756307826,34.78904238640441,5.39154201682969,41.576398138952534,0.018501510393050334,0.02396331556511825,0.0,4500.198897276011
HYB-b1000000-a0.75,hybrid,0.0,-1,,-1,BT-v2,10068,1,0.5,0,1,0,timeout,85.12580248663342,30.857038992963737,11.425323504064899,4.780637739129686,36.15602334143993,0.014486933017956827,0.022907581774610476,0.0,3206.969801506462
HYB-b1000000-a0.75,hybrid,0.0,-1,,-1,BT-v2,10069,0,0.5,0,1,0,timeout,59.90811775192165,28.53050819177686,92.46417373912527,7.531298624825995,79.05916684965855,0.018571909945257883,0.03037547122521851,0.0,3616.7881671992154
HYB-b1000000-a0.75,hybrid,0.0,-1,,-1,BT-v2,10069,1,1.0,1,0,0,gun_kill,111.28000737295068,1.4452516381476155,30.935008498339545,7.070779893110485,91.85804508221489,0.020520623736800376,0.014095287497147405,0.0,5012.305208942702
HYB-b1000000-a0.75,hybrid,0.0,-1,,-1,BT-v2,10070,0,1.0,1,0,0,gun_kill,43.73786409154868,27.73300085410749,46.539228694880165,4.435564800830579,102.6479647484595,0.013241928872613207,0.01405574305960222,0.0,3656.925075616854
HYB-b1000000-a0.75,hybrid,0.0,-1,,-1,BT-v2,10070,1,1.0,1,0,0,gun_kill,49.817392112642786,47.88095175372861,53.83563861618684,5.3541123401249315,90.91617650889465,0.028719846052550027,0.02507530924002615,0.0,3784.6237105945484
HYB-b1000000-a0.75,hybrid,0.0,-1,,-1,BT-v2,10071,0,0.0,0,0,1,gun_kill,116.56705322916976,93.16863026137824,59.78825386367068,0.8407416167061781,43.71374147830665,0.010563865322055194,0.02457598832984106,0.0,3846.6279067094865
HYB-b1000000-a0.75,hybrid,0.0,-1,,-1,BT-v2,10071,1,1.0,1,0,0,gun_kill,90.94561637978364,66.79966465611403,49.48169266939828,4.912675598960285,119.20976158699006,0.004978726044706826,0.013260457204558943,0.0,5622.349126445693
HYB-b1000000-a0.75,hybrid,0.0,-1,,-1,BT-v2,10072,0,1.0,1,0,0,gun_kill,65.4179278701746,43.85798304440327,39.91344991966752,2.926565535269498,102.2488401720239,0.017509157388490397,0.011653416423363863,0.0,3188.8120606996376
HYB-b1000000-a0.75,hybrid,0.0,-1,,-1,BT-v2,10072,1,0.5,0,1,0,timeout,92.43693568631265,70.51152710146873,40.78060526010343,2.224319109735842,111.19286421888263,0.010024309103555982,0.022475204452519357,0.0,3701.5321517709262
HYB-b1000000-a0.75,hybrid,0.0,-1,,-1,BT-v2,10073,0,1.0,1,0,0,gun_kill,90.10857981440921,77.61826207564509,66.60999077350164,6.198810332563471,57.401029462912206,0.017425724851683373,0.025025225778582585,0.0,5951.665487348488
HYB-b1000000-a0.75,hybrid,0.0,-1,,-1,BT-v2,10073,1,0.5,0,1,0,timeout,102.48247685545236,66.4137788167237,51.80882913020818,4.175968994863215,97.35248568562595,0.02035138212665556,0.025661453815100176,0.0,5438.0676320550465
HYB-b1000000-a0.75,hybrid,0.0,-1,,-1,BT-v2,10074,0,0.0,0,0,1,gun_kill,79.16482699831332,38.60668506095729,48.84656959599041,2.1802802248547266,72.26302714007531,0.029629269974774792,0.017365557203197084,0.0,3188.6790157409923
HYB-b1000000-a0.75,hybrid,0.0,-1,,-1,BT-v2,10074,1,0.0,0,0,1,gun_kill,49.52954530422565,44.87779502432849,2.392613259277565,2.468091552937347,59.1150647435354,0.013861798189630972,0.009958194943818336,0.0,4880.304962205256
HYB-b1000000-a0.75,hybrid,0.0,-1,,-1,BT-v2,10075,0,1.0,1,0,0,gun_kill,34.77429566822824,16.558724509633784,69.51178517988701,1.5230444044540281,47.07475179606911,0.01606895433309543,0.014675328802217598,0.0,3965.3436145784985
HYB-b1000000-a0.75,hybrid,0.0,-1,,-1,BT-v2,10075,1,1.0,1,0,0,gun_kill,64.04508058348131,4.5038850161338795,74.09472334108493,6.197217119537125,98.29644962504885,0.028842327849041813,0.019027039222790577,0.0,5381.751614466308
HYB-b1000000-a0.75,hybrid,0.0,-1,,-1,BT-v2,10076,0,0.0,0,0,1,gun_kill,64.03007903384628,55.56847298002457,71.14349258162441,3.7898040186634034,118.70719235633237,0.015058033126424702,0.026909691152468697,0.0,4822.7699275182285
HYB-b1000000-a0.75,hybrid,0.0,-1,,-1,BT-v2,10076,1,0.0,0,0,1,gun_kill,111.8900214050128,14.122797740179415,37.1832023070624,4.473255537853715,101.04840097776493,0.014319622871781002,0.024472537532066345,0.0,5626.832473222727
HYB-b1000000-a0.75,hybrid,0.0,-1,,-1,BT-v2,10077,0,0.0,0,0,1,gun_kill,87.03744504653558,70.33755551170134,84.25519882280065,1.1151054597484764,99.73654522262882,0.01564206004991567,0.021111499107913743,0.0,3350.4554935623587
HYB-b1000000-a0.75,hybrid,0.0,-1,,-1,BT-v2,10077,1,0.5,0,1,0,timeout,69.10076835646794,29.966004887846353,65.7384889423885,3.7922062724804517,96.39452429746407,0.015328710193957588,0.022876325027374113,0.0,5282.503686551962
HYB-b1000000-a0.75,hybrid,0.0,-1,,-1,BT-v2,10078,0,1.0,1,0,0,gun_kill,43.905566004714586,44.480340340360094,88.43673031000162,1.3269844140906715,73.37668728647478,0.011880054764740822,0.024891789034668238,0.0,3593.6139535264406
HYB-b1000000-a0.75,hybrid,0.0,-1,,-1,BT-v2,10078,1,0.0,0,0,1,gun_kill,113.68758009769911,81.32104277767867,74.74076392140472,5.065164135600261,113.59704366176537,0.018685921222079294,0.010619952898042712,0.0,3408.861080930723
HYB-b1000000-a0.75,hybrid,0.0,-1,,-1,BT-v2,10079,0,0.5,0,1,0,timeout,73.33498245744471,25.121369248983427,90.25905563914051,1.3435581983115767,85.50412467889012,0.02524891955391067,0.02288519686147413,0.0,3878.9756252861853
HYB-b1000000-a0.75,hybrid,0.0,-1,,-1,BT-v2,10079,1,0.0,0,0,1,gun_kill,94.58561667687852,70.14050478440517,71.57294459516443,5.004094258659248,109.34861808504718,0.016117202620460295,0.01903654015396799,0.0,4887.289752108891
HYB-b1000000-a0.75,hybrid,0.0,-1,,-1,BT-v2,10080,0,0.5,0,1,0,timeout,60.66176018344088,30.914919569393827,87.23398956121954,1.769101148611333,80.51469446179621,0.023485360437761723,0.014109656526184403,0.0,4220.540101560495
HYB-b1000000-a0.75,hybrid,0.0,-1,,-1,BT-v2,10080,1,1.0,1,0,0,gun_kill,38.56782926602315,91.81591316770655,63.00556743409962,7.770200885123692,93.81377055280646,0.013052572857851674,0.020771902950328804,0.0,4326.9841728302345
HYB-b1000000-a0.75,hybrid,0.0,-1,,-1,BT-v2,10081,0,1.0,1,0,0,gun_kill,34.2980505554041,85.05388645114694,47.38166241747657,4.002365554841647,95.35917770321771,0.01153835939428008,0.01980276784297743,0.0,4476.67124415164
HYB-b1000000-a0.75,hybrid,0.0,-1,,-1,BT-v2,10081,1,0.0,0,0,1,gun_kill,95.5996366316546,70.9152839121191,94.5498185931378,6.168666345023899,90.14051856478932,0.031083096101473397,0.034470431635676084,0.0,5625.102682763361
HYB-b1000000-a0.75,hybrid,0.0,-1,,-1,BT-v2,10082,0,0.5,0,1,0,timeout,46.135206794302036,17.11492753141901,35.22380314298825,7.9098316316666795,88.98841957110857,0.02711347849592137,0.01807319263232569,0.0,5703.765751130156
HYB-b1000000-a0.75,hybrid,0.0,-1,,-1,BT-v2,10082,1,1.0,1,0,0,gun_kill,108.99616422855313,98.37261920632665,45.888487415245926,0.2468699066905531,116.03108911136738,0.02579331947942181,0.020726910216422895,0.0,3912.409676982147
HYB-b1000000-a0.75,hybrid,0.0,-1,,-1,BT-v2,10083,0,0.0,0,0,1,gun_kill,112.72344437645712,51.17922748504113,49.252448627663334,3.581924399908938,108.19031194826196,0.02533835410623626,0.011460002875146038,0.0,5937.607855972959
HYB-b1000000-a0.75,hybrid,0.0,-1,,-1,BT-v2,10083,1,0.0,0,0,1,gun_kill,76.79187291146103,63.61278627641562,57.80624490255598,1.4580594440720356,67.79207650129794,0.01755109377075078,0.021985316622790456,0.0,4380.5536822508075
HYB-b1000000-a0.75,hybrid,0.0,-1,,-1,BT-v2,10084,0,0.5,0,1,0,timeout,99.03403357935417,90.14210748595895,79.36556412499638,0.982508371262159,38.20053911820948,0.01389075050967389,0.02247219726732725,0.0,4917.094315749848
HYB-b1000000-a0.75,hybrid,0.0,-1,,-1,BT-v2,10084,1,0.0,0,0,1,gun_kill,113.67847443903408,63.063004279906075,57.41525290058244,7.547603673598532,56.45885803095036,0.020724380008715917,0.015356222639832013,0.0,5910.708696056685
HYB-b1000000-a0.75,hybrid,0.0,-1,,-1,BT-v2,10085,0,0.0,0,0,1,gun_kill,116.45078988786281,43.657989502024066,21.399604682751196,7.05555389196252,116.03577735984392,0.015509317797610622,0.014117218365764884,0.0,3811.951517611232
HYB-b1000000-a0.75,hybrid,0.0,-1,,-1,BT-v2,10085,1,0.0,0,0,1,gun_kill,55.7908963114118,66.58779157726013,86.18140730158194,7.85792318432121,48.961839883073864,0.018916293835445745,0.01830267055641087,0.0,4368.78680397236
HYB-b1000000-a0.75,hybrid,0.0,-1,,-1,BT-v2,10086,0,0.0,0,0,1,gun_kill,62.60637214388126,6.048332842283266,47.0217804494937,5.5560298680994,107.64663917727806,0.024688597928384237,0.024192481507488747,0.0,5468.039869818441
HYB-b1000000-a0.75,hybrid,0.0,-1,,-1,BT-v2,10086,1,1.0,1,0,0,gun_kill,46.98951093192908,67.16866463316181,47.77023420720349,7.811754372029489,77.48093480165473,0.020530340486812657,0.03281769450341568,0.0,3770.261696991225
HYB-b1000000-a0.75,hybrid,0.0,-1,,-1,BT-v2,10087,0,1.0,1,0,0,gun_kill,40.80782833813182,15.604197964457212,66.2448104142781,4.307683948851479,84.94818186641872,0.02508062361898327,0.023410142714162425,0.0,4835.921879741709
HYB-b1000000-a0.75,hybrid,0.0,-1,,-1,BT-v2,10087,1,0.0,0,0,1,gun_kill,119.50659736063403,50.16732148619004,66.7397624645579,6.206276169261475,90.63007931847008,0.016471432188063708,0.02042705311532886,0.0,5940.501209558148
HYB-b1000000-a0.75,hybrid,0.0,-1,,-1,BT-v2,10088,0,1.0,1,0,0,gun_kill,103.75329610819783,81.47084110073509,0.005518698602191563,4.9484248719649235,92.504146467852,0.024133500166242845,0.033844282756330765,0.0,5372.021248592848
HYB-b1000000-a0.75,hybrid,0.0,-1,,-1,BT-v2,10088,1,1.0,1,0,0,gun_kill,58.287222781799215,12.263090607316741,12.589165415809411,2.499719585195769,84.76454397069453,0.013547377539378354,0.023070740481596252,0.0,3136.0380802159457
HYB-b1000000-a0.75,hybrid,0.0,-1,,-1,BT-v2,10089,0,1.0,1,0,0,gun_kill,51.61826717659841,25.97442893725398,23.827966176127326,4.327382698641157,85.99201629026896,0.001528788496062583,0.019725389321559945,0.0,5751.880070767966
HYB-b1000000-a0.75,hybrid,0.0,-1,,-1,BT-v2,10089,1,0.5,0,1,0,timeout,66.20937749415138,10.565547420469823,60.8986915499778,0.6117164632680687,40.92462064748209,0.02821898468150071,0.007085444812249177,0.0,5709.68052123995
HYB-b1000000-a0.75,hybrid,0.0,-1,,-1,BT-v2,10090,0,0.0,0,0,1,gun_kill,68.26523671625904,50.57906042659226,16.099435246678972,6.748606993984445,62.095929929011305,0.02482253701439699,0.030960490931765818,0.0,4632.336890320375
HYB-b1000000-a0.75,hybrid,0.0,-1,,-1,BT-v2,10090,1,1.0,1,0,0,gun_kill,75.44328019122331,8.114533596968753,91.47147423372303,1.0044362820344261,57.39496302955538,0.021954994340579934,0.0290823826862257,0.0,3279.58215224774
HYB-b1000000-a0.75,hybrid,0.0,-1,,-1,BT-v2,10091,0,1.0,1,0,0,gun_kill,42.11904592228826,18.047138586574818,82.53805882644298,4.857133714212954,69.27852594590648,0.019145700479446474,0.029761851268520254,0.0,4611.0145728665375
HYB-b1000000-a0.75,hybrid,0.0,-1,,-1,BT-v2,10091,1,0.0,0,0,1,gun_kill,30.784353383899553,2.9818554281992316,89.0188541320182,0.004507531700999046,82.29690689627645,0.002639962775659848,0.026174825301534373,0.0,3446.5767549169877
HYB-b1000000-a0.75,hybrid,0.0,-1,,-1,BT-v2,10092,0,0.5,0,1,0,timeout,53.631703169628636,3.7033722330959806,51.05126493730966,2.313667924423994,85.4562394812267,0.028247001125868226,0.02212471475432657,0.0,3692.9221210940586
HYB-b1000000-a0.75,hybrid,0.0,-1,,-1,BT-v2,10092,1,0.5,0,1,0,timeout,84.6151771452345,33.1906600425843,21.501693682493293,3.0780899983131125,46.693453245045035,0.021485907121940605,0.01565505851884053,0.0,5791.248710772303
HYB-b1000000-a0.75,hybrid,0.0,-1,,-1,BT-v2,10093,0,1.0,1,0,0,gun_kill,119.29566812725369,43.42035827376491,66.3064357135641,1.092511574429193,107.30558098838443,0.019548661607320765,0.024110711515512244,0.0,5275.82404040661
HYB-b1000000-a0.75,hybrid,0.0,-1,,-1,BT-v2,10093,1,0.0,0,0,1,gun_kill,39.710196844906235,64.3467373120935,75.79872087931996,1.2576569752064444,99.70691310800136,0.015182905893335054,0.029978013068908245,0.0,4203.861759175148
HYB-b1000000-a0.75,hybrid,0.0,-1,,-1,BT-v2,10094,0,0.0,0,0,1,gun_kill,101.16674221783832,45.079527669409735,63.6911154776749,7.554241541873849,84.2837992282147,0.0153309403191089,0.01191871339481985,0.0,4909.666408111985
HYB-b1000000-a0.75,hybrid,0.0,-1,,-1,BT-v2,10094,1,0.5,0,1,0,timeout,113.09521097858327,41.09934536603264,45.73823204497872,0.08775173133221248,46.571394830961395,0.017396058472286924,0.02054813298431937,0.0,4294.127819656748
HYB-b1000000-a0.75,hybrid,0.0,-1,,-1,BT-v2,10095,0,1.0,1,0,0,gun_kill,80.17861637436033,95.61612045215459,45.99425467328668,4.037818365546877,48.12721258194913,0.015533469856311093,0.012554279213197472,0.0,5322.061646727483
HYB-b1000000-a0.75,hybrid,0.0,-1,,-1,BT-v2,10095,1,0.0,0,0,1,gun_kill,70.63513349660589,24.66943221625658,72.47713101198191,5.0432558209954115,36.470862479805064,0.018255743925891636,0.024106830920685197,0.0,4388.884503823487
HYB-b1000000-a0.75,hybrid,0.0,-1,,-1,BT-v2,10096,0,1.0,1,0,0,gun_kill,115.70680639979975,47.14753953080629,53.27805285125922,4.048297858850719,112.10708388349003,0.03047435333815656,0.01891826400590087,0.0,4011.5998817753934
HYB-b1000000-a0.75,hybrid,0.0,-1,,-1,BT-v2,10096,1,1.0,1,0,0,gun_kill,35.659574717430246,8.342152111242719,87.44707936659928,7.62459634081188,94.21489506343664,0.024998064491436957,0.012704895402220613,0.0,4447.36693937509
HYB-b1000000-a0.75,hybrid,0.0,-1,,-1,BT-v2,10097,0,0.5,0,1,0,timeout,75.38104969944072,52.59954218520344,86.40100897279571,2.338649735511545,67.59768287421417,0.011572747906135139,0.012516699215674831,0.0,5083.830802148403
HYB-b1000000-a0.75,hybrid,0.0,-1,,-1,BT-v2,10097,1,0.0,0,0,1,gun_kill,45.644407686624945,27.437646788087587,3.7994667688545647,7.866635021816042,90.97509123911136,0.01050006688901604,0.018821460638612154,0.0,3043.8292560162104
HYB-b1000000-a0.75,hybrid,0.0,-1,,-1,BT-v2,10098,0,0.5,0,1,0,timeout,115.84607747522968,49.739424569201276,51.137310347413354,0.25503114683677985,77.71483981788448,0.021544743609700514,0.035019768829918654,0.0,4228.324955628333
HYB-b1000000-a0.75,hybrid,0.0,-1,,-1,BT-v2,10098,1,0.0,0,0,1,gun_kill,65.74923238991276,67.86191642666164,74.84394568444301,7.810294222983641,88.4827768440258,0.015041431824598364,0.015931469771299507,0.0,4055.8284619411356
HYB-b1000000-a0.75,hybrid,0.0,-1,,-1,BT-v2,10099,0,1.0,1,0,0,gun_kill,74.22508018095256,34.23096313837508,3.9350055211800683,4.176091772600906,116.39774996114738,0.019037987442436274,0.01605289523414819,0.0,3330.136956457685
HYB-b1000000-a0.75,hybrid,0.0,-1,,-1,BT-v2,10099,1,1.0,1,0,0,gun_kill,77.25207422496223,26.438252648204564,2.4854258028689458,0.890039174714075,88.49713225709422,0.022198945811600177,0.015165858449857631,0.0,5958.522493353203
HYB-b1000000-a0.75,hybrid,0.0,-1,,-1,BT-v3,10000,0,0.0,0,0,1,gun_kill,106.82270426527664,66.98861564841523,38.28528704344046,5.419926193223244,118.62426913571097,0.0167584913306629,0.018947749755889542,0.0,4420.55981420163
HYB-b1000000-a0.75,hybrid,0.0,-1,,-1,BT-v3,10000,1,1.0,1,0,0,gun_kill,76.98385342693396,31.416191101873416,99.71542668124185,2.7233799047977154,31.858651157919887,0.02045543545282034,0.013374507712620665,0.0,5280.757325763432
HYB-b1000000-a0.75,hybrid,0.0,-1,,-1,BT-v3,10001,0,0.5,0,1,0,timeout,36.85819870978186,68.0500945647672,53.82576596093368,2.3417970029174375,94.36711602693008,0.01777878335546123,0.02140530851081051,0.0,4882.858562885944
HYB-b1000000-a0.75,hybrid,0.0,-1,,-1,BT-v3,10001,1,0.5,0,1,0,timeout,39.475182112458754,51.326907337856845,41.44431553968511,5.129184082906514,39.28828450127019,0.01774586992991299,0.015691920171665492,0.0,4728.413482818381
HYB-b1000000-a0.75,hybrid,0.0,-1,,-1,BT-v3,10002,0,0.0,0,0,1,gun_kill,97.64079716503187,56.733984958640114,56.61314193491162,5.920377892978007,57.468769238930896,0.03443609211661686,0.018989379670018867,0.0,4053.923102736325
HYB-b1000000-a0.75,hybrid,0.0,-1,,-1,BT-v3,10002,1,0.0,0,0,1,gun_kill,109.91629445441554,73.94971813977294,3.149897158464654,3.031809242683046,63.6244273349151,0.019727006511955664,0.009690473810037292,0.0,4475.962196825656
HYB-b1000000-a0.75,hybrid,0.0,-1,,-1,BT-v3,10003,0,0.0,0,0,1,gun_kill,95.58596818569428,85.15949570293687,11.043154351982121,3.3989234061893825,93.93351697680208,0.008547290094051158,0.01978354452286754,0.0,5843.67690149211
HYB-b1000000-a0.75,hybrid,0.0,-1,,-1,BT-v3,10003,1,1.0,1,0,0,gun_kill,112.19245511927839,42.848734488231045,87.42242940210389,7.160134378030817,53.646419025784375,0.025577324908485025,0.0210442809230051,0.0,4110.719292067162
HYB-b1000000-a0.75,hybrid,0.0,-1,,-1,BT-v3,10004,0,0.0,0,0,1,gun_kill,30.45821401473018,63.02557933522447,29.918407208826192,4.468689137670841,62.40185088438427,0.011473193921625316,0.02495903021626605,0.0,4490.632938505474
HYB-b1000000-a0.75,hybrid,0.0,-1,,-1,BT-v3,10004,1,1.0,1,0,0,gun_kill,31.491013236637812,40.602839474997445,95.0760391097051,0.6297845705555147,51.33021662042461,0.028513133610804414,0.020855781966100013,0.0,3141.8070640316355
HYB-b1000000-a0.75,hybrid,0.0,-1,,-1,BT-v3,10005,0,1.0,1,0,0,gun_kill,90.72098400449613,31.91720528668086,83.81334235160564,2.5909159205316605,33.171097842703446,0.026576320513493894,0.014603138559236239,0.0,5905.321205168204
HYB-b1000000-a0.75,hybrid,0.0,-1,,-1,BT-v3,10005,1,1.0,1,0,0,gun_kill,98.65640574718319,84.48461707251452,57.95717056448834,1.1535362548404606,118.56417949517906,0.021891444745112593,0.015466295067028797,0.0,4558.070241222435
HYB-b1000000-a0.75,hybrid,0.0,-1,,-1,BT-v3,10006,0,0.0,0,0,1,gun_kill,57.634985566344035,44.97064277358884,56.521998268209416,5.38886497300412,47.796069236597134,0.005414446756857405,0.019737976818600157,0.0,4184.232221518244
HYB-b1000000-a0.75,hybrid,0.0,-1,,-1,BT-v3,10006,1,1.0,1,0,0,gun_kill,76.93245991190227,13.59742580564236,78.48934305795522,7.9234720369951654,74.50006295497704,0.019981627836357797,0.013637773269211293,0.0,3162.8870816945223
HYB-b1000000-a0.75,hybrid,0.0,-1,,-1,BT-v3,10007,0,0.5,0,1,0,timeout,54.18808872933486,67.1553524398025,44.25240656842844,7.734487297018611,88.52180362132381,0.020104737933806176,0.015475682949575601,0.0,3811.4190254984696
HYB-b1000000-a0.75,hybrid,0.0,-1,,-1,BT-v3,10007,1,0.0,0,0,1,gun_kill,91.47539410735936,52.296194721297574,78.67102906406697,7.699489139476446,40.93070405673845,0.029989659175482526,0.019622494794414712,0.0,5277.06601982171
HYB-b1000000-a0.75,hybrid,0.0,-1,,-1,BT-v3,10008,0,0.0,0,0,1,gun_kill,119.77650853955237,34.55110766026445,92.6559428471539,4.981761481248326,58.5268239435115,0.024704169805436667,0.02689834088996678,0.0,3743.625868673758
HYB-b1000000-a0.75,hybrid,0.0,-1,,-1,BT-v3,10008,1,0.0,0,0,1,gun_kill,118.98548813237642,98.93217371309663,91.35087400228228,6.466741288591409,62.94600783675605,0.017096769678374108,0.02533129232308932,0.0,4969.392168477134
HYB-b1000000-a0.75,hybrid,0.0,-1,,-1,BT-v3,10009,0,0.5,0,1,0,timeout,100.37621253484345,92.33693281398052,9.95883344314905,5.3488678111591454,108.44282275811582,0.028269467901542084,0.012984679096801403,0.0,4918.082787241931
HYB-b1000000-a0.75,hybrid,0.0,-1,,-1,BT-v3,10009,1,0.5,0,1,0,timeout,73.23788883342255,60.7287975088892,62.080186922939504,5.587251888885707,53.71679188299703,0.015347978978804924,0.027109582422521605,0.0,3514.543560320692
HYB-b1000000-a0.75,hybrid,0.0,-1,,-1,BT-v3,10010,0,0.0,0,0,1,gun_kill,51.79092097242905,59.87488311535116,44.41594392917254,1.9771205247819656,85.78681884442334,0.02390841803696823,0.022923402075694533,0.0,5623.041255074357
HYB-b1000000-a0.75,hybrid,0.0,-1,,-1,BT-v3,10010,1,0.0,0,0,1,gun_kill,47.554119319221456,71.96183516554734,1.4314811899496682,0.10255273099950912,89.41390801239919,0.013290635757923122,0.023403277768688703,0.0,5619.522595058541
HYB-b1000000-a0.75,hybrid,0.0,-1,,-1,BT-v3,10011,0,0.5,0,1,0,timeout,80.52187628787487,60.03456940060692,37.27948512736913,3.550191110406808,70.75934068159653,0.020743733152294334,0.014886377278068862,0.0,3258.5967518197554
HYB-b1000000-a0.75,hybrid,0.0,-1,,-1,BT-v3,10011,1,1.0,1,0,0,gun_kill,65.25542638837861,97.96237797425512,24.581995179008253,0.19188342587750729,106.9040710243503,0.018483957001807546,0.02268237633826252,0.0,3533.3316755798664
HYB-b1000000-a0.75,hybrid,0.0,-1,,-1,BT-v3,10012,0,0.5,0,1,0,timeout,94.88672311124466,95.45735456553206,79.31497536250328,3.812487261286181,92.24920510441594,0.01143369399164202,0.007182727267772209,0.0,5882.479895066568
HYB-b1000000-a0.75,hybrid,0.0,-1,,-1,BT-v3,10012,1,0.0,0,0,1,gun_kill,101.44187677469715,37.84822829263423,33.95317668957504,3.293888742202042,69.69122379070646,0.013135605706728,0.018846690614752727,0.0,3207.503063453143
HYB-b1000000-a0.75,hybrid,0.0,-1,,-1,BT-v3,10013,0,0.0,0,0,1,gun_kill,67.71036379233817,90.29530578082804,43.984525261200915,1.5447301600119854,54.1431551842037,0.022512998820234886,0.01618740731949631,0.0,3364.0430940483325
HYB-b1000000-a0.75,hybrid,0.0,-1,,-1,BT-v3,10013,1,0.0,0,0,1,gun_kill,73.32153805899055,27.630407626627175,44.2006074762139,7.501668343694719,41.87500814666199,0.03119375252251904,0.011626701179288317,0.0,3835.096031962257
HYB-b1000000-a0.75,hybrid,0.0,-1,,-1,BT-v3,10014,0,0.5,0,1,0,timeout,108.99011487573203,76.88629249420094,81.32396693692418,7.457530562584081,108.80026155561252,0.024340488318950592,0.018810757231807876,0.0,3361.2474139119404
HYB-b1000000-a0.75,hybrid,0.0,-1,,-1,BT-v3,10014,1,1.0,1,0,0,gun_kill,38.26958155839721,47.78735497472856,44.460327087522636,6.729582958527831,39.1398226836761,0.016807984405999402,0.024420508955314862,0.0,3667.189163740854
HYB-b1000000-a0.75,hybrid,0.0,-1,,-1,BT-v3,10015,0,0.0,0,0,1,gun_kill,30.170117189139646,78.33096378323407,2.2973803955211314,2.667555580308078,92.37419093198979,0.031363055798598265,0.03084532154999061,0.0,3184.5853446219235
HYB-b1000000-a0.75,hybrid,0.0,-1,,-1,BT-v3,10015,1,0.0,0,0,1,gun_kill,76.13122958140013,35.24661898862017,41.70962876927572,3.0475610523068237,79.57955843167024,0.02307575395940396,0.013341887977558683,0.0,3308.6661181045406
HYB-b1000000-a0.75,hybrid,0.0,-1,,-1,BT-v3,10016,0,1.0,1,0,0,gun_kill,101.47778849986733,29.893822403965743,76.47006641904414,3.557973759941614,48.25046282394628,0.020166047669234893,0.015632739227883788,0.0,3979.3771950700916
HYB-b1000000-a0.75,hybrid,0.0,-1,,-1,BT-v3,10016,1,1.0,1,0,0,gun_kill,38.39572184656124,11.989416955932041,75.17822420523362,2.1775080234469044,33.91757354784196,0.024767214735480575,0.01653325857070677,0.0,5935.10049459829
HYB-b1000000-a0.75,hybrid,0.0,-1,,-1,BT-v3,10017,0,0.5,0,1,0,timeout,119.17965453146172,39.32921757156473,88.00151070055018,1.0897464778948693,42.434746078420666,0.023500780978522113,0.017333972597829796,0.0,3375.097452211479
HYB-b1000000-a0.75,hybrid,0.0,-1,,-1,BT-v3,10017,1,1.0,1,0,0,gun_kill,109.55558935169829,11.949402643863538,66.01328411444949,7.141515310467189,98.64269792126152,0.019330939454213443,0.015269944786823312,0.0,3104.497638588222
HYB-b1000000-a0.75,hybrid,0.0,-1,,-1,BT-v3,10018,0,0.5,0,1,0,timeout,108.99259023440925,85.43195711763518,58.05754031312927,2.175830395779604,105.68318839456553,0.012831147485407307,0.020219155837709307,0.0,5076.665309639311
HYB-b1000000-a0.75,hybrid,0.0,-1,,-1,BT-v3,10018,1,0.0,0,0,1,gun_kill,62.251034318710275,57.705559546078675,10.547235697217749,0.13098836324095586,70.33103389687824,0.026200826245067935,0.02169524576762459,0.0,5648.29004834055
HYB-b1000000-a0.75,hybrid,0.0,-1,,-1,BT-v3,10019,0,1.0,1,0,0,gun_kill,93.83412100728988,42.33782877985812,90.8785674328292,7.736976127414707,78.34232265705091,0.012988272398164448,0.024106564743991372,0.0,5715.840078265772
HYB-b1000000-a0.75,hybrid,0.0,-1,,-1,BT-v3,10019,1,1.0,1,0,0,gun_kill,102.58326748935156,59.68429773587409,60.00253741148539,6.075359405923275,115.61597584973458,0.02494589434894323,0.0205641222252837,0.0,5612.5737909257305
HYB-b1000000-a0.75,hybrid,0.0,-1,,-1,BT-v3,10020,0,1.0,1,0,0,gun_kill,53.138143829508834,35.52145735318608,55.303909761718764,2.0436956730091937,88.14676517592898,0.013389349800308613,0.02512771719591327,0.0,5289.960749834974
HYB-b1000000-a0.75,hybrid,0.0,-1,,-1,BT-v3,10020,1,0.0,0,0,1,gun_kill,83.7154252125685,71.75489134637712,17.317131847770963,6.064082468813405,35.197648038451845,0.012583124381191142,0.01261900375697358,0.0,3884.4282167152046
HYB-b1000000-a0.75,hybrid,0.0,-1,,-1,BT-v3,10021,0,0.0,0,0,1,gun_kill,69.90554212836909,55.83538981156542,10.425869691190082,5.628588011107127,60.21471830680026,0.017463418951605258,0.025939809640352467,0.0,3064.8607119876447
HYB-b1000000-a0.75,hybrid,0.0,-1,,-1,BT-v3,10021,1,1.0,1,0,0,gun_kill,50.56640642441995,3.0052453955025094,89.94974896950475,3.13149970901722,58.24637818938187,0.021220271528473097,0.011829238173996162,0.0,4487.129619631134
HYB-b1000000-a0.75,hybrid,0.0,-1,,-1,BT-v3,10022,0,0.0,0,0,1,gun_kill,45.22881042901682,12.062362005715709,89.13537863507915,7.545886862418003,64.54355126027795,0.019659701484897724,0.023814923511695882,0.0,4061.655264411629
HYB-b1000000-a0.75,hybrid,0.0,-1,,-1,BT-v3,10022,1,0.0,0,0,1,gun_kill,104.62150520826454,56.4690631752926,13.02885787524566,1.3455625658261354,79.14916812864791,0.01786396879804527,0.023449724989370622,0.0,4175.359399601017
HYB-b1000000-a0.75,hybrid,0.0,-1,,-1,BT-v3,10023,0,0.5,0,1,0,timeout,66.55455660157261,55.75224920697814,93.64923329051852,7.491140680684473,85.31286610196953,0.02375755875944714,0.01947063698684668,0.0,5362.1096511755095
HYB-b1000000-a0.75,hybrid,0.0,-1,,-1,BT-v3,10023,1,1.0,1,0,0,gun_kill,116.13138733986138,69.0606774145938,94.69828001224091,4.473460974358182,34.339812737493844,0.021714646785353512,0.026202551309436904,0.0,5043.463397147712
HYB-b1000000-a0.75,hybrid,0.0,-1,,-1,BT-v3,10024,0,0.0,0,0,1,gun_kill,101.78764433160524,49.875005560145745,75.55655147495601,0.3761382410103984,86.42018635253143,0.0163915479954276,0.017503660659651425,0.0,4771.2684781880525
HYB-b1000000-a0.75,hybrid,0.0,-1,,-1,BT-v3,10024,1,0.0,0,0,1,gun_kill,102.93479701423057,13.893001815677186,88.23651401023658,6.367753004165149,51.10010273740596,0.017783930601173028,0.018101673771098507,0.0,4479.8184112617555
HYB-b1000000-a0.75,hybrid,0.0,-1,,-1,BT-v3,10025,0,0.0,0,0,1,gun_kill,89.4782226971695,14.256594326098359,60.678437940955575,0.4803397825296143,118.46792831287381,0.030801680487950248,0.026983866979697825,0.0,5863.334865882225
HYB-b1000000-a0.75,hybrid,0.0,-1,,-1,BT-v3,10025,1,1.0,1,0,0,gun_kill,107.57666082629258,45.55254518113071,48.712460753837576,7.202929627037775,38.53677256833849,0.02917496898370763,0.03304825972851316,0.0,5993.5171966825765
HYB-b1000000-a0.75,hybrid,0.0,-1,,-1,BT-v3,10026,0,1.0,1,0,0,gun_kill,44.183991830772115,2.4378004320163793,49.999720028274666,2.359181640739311,59.674548774544206,0.026103526551659276,0.02321448857414484,0.0,3562.255503220317
HYB-b1000000-a0.75,hybrid,0.0,-1,,-1,BT-v3,10026,1,0.5,0,1,0,timeout,84.01051603109826,27.01715650848554,0.813038953313594,5.95559468762426,37.99404542213243,0.01922247213798558,0.014352074404655208,0.0,4727.836094215474
HYB-b1000000-a0.75,hybrid,0.0,-1,,-1,BT-v3,10027,0,1.0,1,0,0,gun_kill,31.83817746274416,15.459064389521027,23.30584521306576,2.6831230784908557,48.783572501465365,0.022699303130758804,0.013734661062304324,0.0,3409.97141807201
HYB-b1000000-a0.75,hybrid,0.0,-1,,-1,BT-v3,10027,1,0.5,0,1,0,timeout,76.32845841749824,89.4343903081686,51.46168891443874,7.459980991038354,109.92645559601442,0.02910665457353479,0.017916084903279915,0.0,5784.401447852978
HYB-b1000000-a0.75,hybrid,0.0,-1,,-1,BT-v3,10028,0,0.5,0,1,0,timeout,65.25143429487613,6.107019790219126,79.66854766307077,4.30216508061256,99.73330163986743,0.010474122628709358,0.019172879926485815,0.0,5908.111999408418
HYB-b1000000-a0.75,hybrid,0.0,-1,,-1,BT-v3,10028,1,1.0,1,0,0,gun_kill,41.444063123151565,4.922954565445314,48.743171883700995,5.825919735223471,76.85124601686152,0.018035089682413064,0.01073046492637059,0.0,3083.7823932493848
HYB-b1000000-a0.75,hybrid,0.0,-1,,-1,BT-v3,10029,0,0.0,0,0,1,gun_kill,43.61112964411429,70.7752174391022,18.45300816567019,5.5129040674667795,63.031537443713226,0.02639262422689373,0.01443329390173826,0.0,3009.3504656799687
HYB-b1000000-a0.75,hybrid,0.0,-1,,-1,BT-v3,10029,1,0.0,0,0,1,gun_kill,89.4131842279132,55.36363321878236,87.09623235599909,4.774406822961402,36.648295957134685,0.019876386314978612,0.02021910945293113,0.0,4536.544772277046
HYB-b1000000-a0.75,hybrid,0.0,-1,,-1,BT-v3,10030,0,1.0,1,0,0,gun_kill,74.11889940580625,50.689711278134716,51.03256341105957,6.051637054943642,86.8297094974102,0.028172658508268188,0.033675533472164815,0.0,4127.4423603717405
HYB-b1000000-a0.75,hybrid,0.0,-1,,-1,BT-v3,10030,1,0.5,0,1,0,timeout,47.08320868495774,82.23756536500969,33.4902844619418,2.852430690495173,97.64970826195064,0.022268333246276306,0.02115896905165264,0.0,4922.527313314322
HYB-b1000000-a0.75,hybrid,0.0,-1,,-1,BT-v3,10031,0,0.5,0,1,0,timeout,80.74696891461213,56.58837779205168,72.62975190313577,4.96225976830914,74.2134205065852,0.015594918028595268,0.019114556383891968,0.0,5970.756417935068
HYB-b1000000-a0.75,hybrid,0.0,-1,,-1,BT-v3,10031,1,0.5,0,1,0,timeout,84.70307629212928,15.434993161404753,66.42905304692869,0.7908879105697464,71.16221076572825,0.021368574164043218,0.032486544618647244,0.0,3204.513703799907
HYB-b1000000-a0.75,hybrid,0.0,-1,,-1,BT-v3,10032,0,1.0,1,0,0,gun_kill,67.26070405501083,98.28252122760706,66.38605793654538,6.605143769774902,103.20073784786935,0.021172860066159656,0.02271559220566296,0.0,3204.010338045218
HYB-b1000000-a0.75,hybrid,0.0,-1,,-1,BT-v3,10032,1,1.0,1,0,0,gun_kill,56.273048895537,40.65499706483043,35.721878627187195,4.385899345397727,60.015750995135875,0.029459722388097184,0.016705068187011667,0.0,3532.867260625745
HYB-b1000000-a0.75,hybrid,0.0,-1,,-1,BT-v3,10033,0,0.0,0,0,1,gun_kill,85.0508819095312,1.0163184523436897,42.804761403667946,2.592319884872869,108.93910185183029,0.023456054322386677,0.012749249094354102,0.0,3444.630396544494
HYB-b1000000-a0.75,hybrid,0.0,-1,,-1,BT-v3,10033,1,0.0,0,0,1,gun_kill,118.25836574614151,65.22907411222194,63.786773615900394,7.905618722452494,53.404289519114855,0.022754408731911865,0.01802574924213699,0.0,5003.983029257728
HYB-b1000000-a0.75,hybrid,0.0,-1,,-1,BT-v3,10034,0,0.0,0,0,1,gun_kill,67.36857782080875,19.89354057164261,16.21990991981306,5.324869758550802,100.15559138587086,0.031121719264462937,0.02146199710816505,0.0,5014.916660841889
HYB-b1000000-a0.75,hybrid,0.0,-1,,-1,BT-v3,10034,1,0.0,0,0,1,gun_kill,91.13858884994008,68.45025603255404,32.09655643520881,1.084626436950547,91.94055065149357,0.03270756731347837,0.01098435443655026,0.0,4670.524214188019
HYB-b1000000-a0.75,hybrid,0.0,-1,,-1,BT-v3,10035,0,0.0,0,0,1,gun_kill,115.36822653834562,77.43344664189027,96.96191307766469,0.023633653943146093,69.54382015139855,0.018841253170233146,0.022539291390244676,0.0,5335.3238071302
HYB-b1000000-a0.75,hybrid,0.0,-1,,-1,BT-v3,10035,1,0.5,0,1,0,timeout,38.04995649982698,65.10713208594662,54.80815200044687,2.3641562639496234,38.88530439470718,0.02181389552510366,0.019738998074271548,0.0,5397.075204625544
HYB-b1000000-a0.75,hybrid,0.0,-1,,-1,BT-v3,10036,0,0.5,0,1,0,timeout,54.901037326879845,41.865765895807925,81.315207812973,4.036308243260603,80.58256414645655,0.020790165535494846,0.01965773758493166,0.0,5607.955621582785
HYB-b1000000-a0.75,hybrid,0.0,-1,,-1,BT-v3,10036,1,0.0,0,0,1,gun_kill,45.390500448110565,74.90539449856567,61.45501868239162,6.596110734361917,35.94494252137001,0.017404350387778,0.02406084710907309,0.0,3439.891428985392
HYB-b1000000-a0.75,hybrid,0.0,-1,,-1,BT-v3,10037,0,0.0,0,0,1,gun_kill,86.81232810587099,49.59848776595669,70.63726780975605,3.4620803585173308,38.204446177988665,0.03269564161479742,0.02246485826515821,0.0,4300.7449657831385
HYB-b1000000-a0.75,hybrid,0.0,-1,,-1,BT-v3,10037,1,0.0,0,0,1,gun_kill,48.57243735546318,31.150845950923877,60.513712642287324,2.568910459685151,82.91001851540604,0.01649183910895814,0.0122435213684887,0.0,5934.829736991611
HYB-b1000000-a0.75,hybrid,0.0,-1,,-1,BT-v3,10038,0,1.0,1,0,0,gun_kill,31.051437765144247,20.76256226510359,49.236332381747275,5.500398589211751,66.27912775910869,0.017069166400392098,0.02107733789073659,0.0,5406.6818500780155
HYB-b1000000-a0.75,hybrid,0.0,-1,,-1,BT-v3,10038,1,0.0,0,0,1,gun_kill,118.01392813902154,21.83327708890157,0.8252648880543667,4.196322684222591,59.09352870032002,0.021757075497518145,0.024445033163418832,0.0,3262.675749402555
HYB-b1000000-a0.75,hybrid,0.0,-1,,-1,BT-v3,10039,0,0.5,0,1,0,timeout,117.03843287126364,78.61776164351399,45.5836985795378,7.850579108257962,72.92094120187194,0.025794146699069438,0.02828538674352106,0.0,4438.943394421016
HYB-b1000000-a0.75,hybrid,0.0,-1,,-1,BT-v3,10039,1,0.5,0,1,0,timeout,100.08783939209613,49.958526722084926,55.8334831309739,3.4223060947539103,94.45862635613003,0.017677813297357476,0.012922636735735493,0.0,4058.9238058538886
HYB-b1000000-a0.75,hybrid,0.0,-1,,-1,BT-v3,10040,0,0.0,0,0,1,gun_kill,45.69561574531458,34.48204882841889,5.06128127530181,6.57910352932771,104.60018853894522,0.03443190822893118,0.018542065114753124,0.0,3422.8802094897765
HYB-b1000000-a0.75,hybrid,0.0,-1,,-1,BT-v3,10040,1,1.0,1,0,0,gun_kill,63.561944168059036,98.90912825711852,25.613067433642257,7.4979290032623185,60.277694677813955,0.02148391251833375,0.014474348423951698,0.0,4778.062798431021
HYB-b1000000-a0.75,hybrid,0.0,-1,,-1,BT-v3,10041,0,0.5,0,1,0,timeout,115.74879832342444,35.44995021265452,23.08023345139566,4.542760103427277,44.80908470897638,0.022535334782658227,0.026631490550565545,0.0,3832.880256226659
HYB-b1000000-a0.75,hybrid,0.0,-1,,-1,BT-v3,10041,1,1.0,1,0,0,gun_kill,96.29013210922409,81.90266158818618,80.61998562207533,3.010570882380348,99.42895550055806,0.023164564832665237,0.021070128783867693,0.0,4489.6697897142485
HYB-b1000000-a0.75,hybrid,0.0,-1,,-1,BT-v3,10042,0,0.0,0,0,1,gun_kill,96.68198969985202,61.962349052171206,20.99500610414583,6.751911185731307,48.15104733001741,0.02706946408531836,0.017372079001390827,0.0,3346.463235758758
HYB-b1000000-a0.75,hybrid,0.0,-1,,-1,BT-v3,10042,1,0.5,0,1,0,timeout,35.191817586327176,72.14188820988751,91.0029148668816,5.923107726827668,42.31360151045378,0.018885946764929246,0.012761677018191586,0.0,4935.670671774299
HYB-b1000000-a0.75,hybrid,0.0,-1,,-1,BT-v3,10043,0,1.0,1,0,0,gun_kill,94.92016746532356,35.928869114176045,69.74173133133866,2.3325048786186517,60.34814614138179,0.03202772690467744,0.028435151183687293,0.0,4683.073339194716
HYB-b1000000-a0.75,hybrid,0.0,-1,,-1,BT-v3,10043,1,1.0,1,0,0,gun_kill,40.019270491975995,12.240683589209866,20.512954583327204,2.7315275922900994,52.84362010723284,0.018688157303195462,0.008512206872386387,0.0,3934.2314404392982
HYB-b1000000-a0.75,hybrid,0.0,-1,,-1,BT-v3,10044,0,0.5,0,1,0,timeout,37.8558288670676,64.7665635156266,11.370888277745006,2.7440995127114274,72.10836112558633,0.010619433905803147,0.020035947977835804,0.0,3889.7125098183997
HYB-b1000000-a0.75,hybrid,0.0,-1,,-1,BT-v3,10044,1,0.5,0,1,0,timeout,54.63236680501106,82.98881094143908,88.24669304199291,2.1393136260847276,32.51070789365966,0.014825404714101022,0.02335856030825874,0.0,5683.590500559603
HYB-b1000000-a0.75,hybrid,0.0,-1,,-1,BT-v3,10045,0,0.0,0,0,1,gun_kill,40.95715965714604,44.68599241782651,89.7053419590448,3.6393091947375726,48.78302237112588,0.020254729537368725,0.0195118868733778,0.0,4257.393400273655
HYB-b1000000-a0.75,hybrid,0.0,-1,,-1,BT-v3,10045,1,0.5,0,1,0,timeout,41.15369806458808,54.055455026778574,13.40174941967457,6.131144652373947,66.22936647851807,0.022071240891563204,0.022437080137126246,0.0,3210.8316762103573
HYB-b1000000-a0.75,hybrid,0.0,-1,,-1,BT-v3,10046,0,0.0,0,0,1,gun_kill,113.07874914892182,95.8769917090177,69.58987900619576,1.3706133945325005,76.66789328336088,0.028177664139198533,0.02018673347428178,0.0,4077.172597967728
HYB-b1000000-a0.75,hybrid,0.0,-1,,-1,BT-v3,10046,1,1.0,1,0,0,gun_kill,73.58004396088103,66.9978392642032,86.65427500128389,5.4430971743793375,50.65307028804066,0.021310704933408947,0.019085002917357836,0.0,5137.756807266402
HYB-b1000000-a0.75,hybrid,0.0,-1,,-1,BT-v3,10047,0,0.0,0,0,1,gun_kill,91.22880104247587,41.370983239451355,5.132235286041576,2.3770022698176634,35.21382054380018,0.027209371454419852,0.024486356895240875,0.0,3391.885607075806
HYB-b1000000-a0.75,hybrid,0.0,-1,,-1,BT-v3,10047,1,0.0,0,0,1,gun_kill,42.28679997885397,90.95575076637539,97.57232692899498,4.151969045890402,34.22438134802347,0.011826996753162235,0.015858070138443613,0.0,3385.1728604998275
HYB-b1000000-a0.75,hybrid,0.0,-1,,-1,BT-v3,10048,0,1.0,1,0,0,gun_kill,76.50032620909221,81.13773256327781,65.88313760805617,0.9806115517154321,60.896546236513615,0.02437927721568431,0.017352385946573963,0.0,5580.43819026874
HYB-b1000000-a0.75,hybrid,0.0,-1,,-1,BT-v3,10048,1,0.5,0,1,0,timeout,42.87270718867637,14.558549325393944,39.41248531177868,6.357369371304174,81.4868449895693,0.021602807075693006,0.024189941942254593,0.0,5080.173708219636
HYB-b1000000-a0.75,hybrid,0.0,-1,,-1,BT-v3,10049,0,0.0,0,0,1,gun_kill,119.99105357907449,80.70998837096161,87.02578732606412,6.318567247970911,93.43859573405177,0.021289058455462823,0.017028661707298567,0.0,3010.201865144916
HYB-b1000000-a0.75,hybrid,0.0,-1,,-1,BT-v3,10049,1,0.0,0,0,1,gun_kill,84.94301437357733,99.2601579290017,46.497133441672624,4.063324804121212,107.70212781288078,0.020586288145771302,0.022476271006496365,0.0,4498.9466245283
HYB-b1000000-a0.75,hybrid,0.0,-1,,-1,BT-v3,10050,0,1.0,1,0,0,gun_kill,58.08625610092484,83.42097044439556,76.84788512763245,5.929007447614631,109.92309977263132,0.02438004328046914,0.00861562179735422,0.0,3295.3225605953744
HYB-b1000000-a0.75,hybrid,0.0,-1,,-1,BT-v3,10050,1,0.0,0,0,1,gun_kill,94.49470154902521,8.679612002275515,36.00957119132167,2.9740516343389602,62.781265601916296,0.020573234577724864,0.013485573241653656,0.0,5633.142936817305
HYB-b1000000-a0.75,hybrid,0.0,-1,,-1,BT-v3,10051,0,0.0,0,0,1,gun_kill,83.08844589917649,33.490100556317024,18.43733929803124,4.25727035523019,92.57858954574047,0.02647000273599849,0.0071032744314782955,0.0,3263.481054697937
HYB-b1000000-a0.75,hybrid,0.0,-1,,-1,BT-v3,10051,1,1.0,1,0,0,gun_kill,44.02698172364555,24.565929789110818,7.7905818016786865,0.40136421104017295,91.46210253193368,0.010242813066523665,0.024841361054730463,0.0,5533.057601840043
HYB-b1000000-a0.75,hybrid,0.0,-1,,-1,BT-v3,10052,0,1.0,1,0,0,gun_kill,80.93003886753979,42.164967689073364,23.47153515302669,0.7744661248907523,40.04369714647989,0.01335704327508382,0.013732710969937306,0.0,4477.998338623919
HYB-b1000000-a0.75,hybrid,0.0,-1,,-1,BT-v3,10052,1,0.5,0,1,0,timeout,78.51374899761424,9.860033223762777,3.3577624601934475,4.4772820918151055,60.55107426302938,0.01836864379163659,0.004673729282647383,0.0,4941.145938110298
HYB-b1000000-a0.75,hybrid,0.0,-1,,-1,BT-v3,10053,0,0.0,0,0,1,gun_kill,46.62983849395321,55.946344253421145,66.82443116939388,7.692409391836245,90.13225059317733,0.012139183249942023,0.020307385630932075,0.0,4765.869687737913
HYB-b1000000-a0.75,hybrid,0.0,-1,,-1,BT-v3,10053,1,1.0,1,0,0,gun_kill,46.25173493676139,63.132878579377326,77.77585286020046,5.320208741007246,109.20021426613883,0.01279581091412625,0.02712817984155142,0.0,5428.447222706339
HYB-b1000000-a0.75,hybrid,0.0,-1,,-1,BT-v3,10054,0,0.5,0,1,0,timeout,72.85552938000157,67.78567047386065,30.185653216647545,5.006515216671414,91.29808300931387,0.028758740408175457,0.018313904017515387,0.0,4169.813766826359
HYB-b1000000-a0.75,hybrid,0.0,-1,,-1,BT-v3,10054,1,0.5,0,1,0,timeout,40.27121363434967,10.80171811131143,0.5612794078428629,7.370907233089863,43.09318415060057,0.021896680421509194,0.010362334087608806,0.0,3889.619049231389
HYB-b1000000-a0.75,hybrid,0.0,-1,,-1,BT-v3,10055,0,1.0,1,0,0,gun_kill,46.964057608635336,83.41176392529044,9.756989733001575,1.8677558978689248,31.802191598433105,0.012575789704004161,0.018251514832358918,0.0,3755.440668128493
HYB-b1000000-a0.75,hybrid,0.0,-1,,-1,BT-v3,10055,1,0.5,0,1,0,timeout,75.44536253261585,83.30845890289213,78.84293384246425,2.80501713627159,94.1982172137832,0.016641607476119955,0.016562772088018856,0.0,4958.739196697234
HYB-b1000000-a0.75,hybrid,0.0,-1,,-1,BT-v3,10056,0,0.5,0,1,0,timeout,37.193460002596225,53.55211794423232,75.00306318258158,7.409159802428418,117.15030588326572,0.02123872399836312,0.02970724233837061,0.0,3180.60017666592
HYB-b1000000-a0.75,hybrid,0.0,-1,,-1,BT-v3,10056,1,1.0,1,0,0,gun_kill,78.84495169484069,82.5267378794306,97.88755624959158,0.5874145706313652,39.664622098724955,0.01716665990702999,0.01718231745505052,0.0,3866.9147391666297
HYB-b1000000-a0.75,hybrid,0.0,-1,,-1,BT-v3,10057,0,1.0,1,0,0,gun_kill,70.3579968547227,71.60683163970691,7.629111766408114,3.7477895213502475,91.05522303818697,0.018910837306223057,0.022416689989523522,0.0,5269.806744685499
HYB-b1000000-a0.75,hybrid,0.0,-1,,-1,BT-v3,10057,1,0.0,0,0,1,gun_kill,108.32298265177661,28.29363080393795,86.68186553622533,2.000401756542775,59.7922042079058,0.01962813686226881,0.01740609924843608,0.0,4201.295473872942
HYB-b1000000-a0.75,hybrid,0.0,-1,,-1,BT-v3,10058,0,0.0,0,0,1,gun_kill,107.87250335453541,56.4172848145138,62.82470853147949,7.956505051550275,81.48133504520388,0.01905226153073752,0.020790336184882303,0.0,3365.720291126363
HYB-b1000000-a0.75,hybrid,0.0,-1,,-1,BT-v3,10058,1,0.5,0,1,0,timeout,69.33459006713886,84.6351576150438,32.07852346240529,0.9557267709100099,38.912442522090124,0.018674214508152924,0.02646930233014299,0.0,5745.036359153665
HYB-b1000000-a0.75,hybrid,0.0,-1,,-1,BT-v3,10059,0,0.5,0,1,0,timeout,43.37489315716282,59.621925066091165,38.68723721496834,4.15760290613445,40.199743592713844,0.01832566706518548,0.017947048665968263,0.0,5295.935668013421
HYB-b1000000-a0.75,hybrid,0.0,-1,,-1,BT-v3,10059,1,1.0,1,0,0,gun_kill,112.25115166573201,0.39331803328849224,93.47981557970475,7.260634861576368,112.89096469015765,0.020355665630347422,0.030162209931206323,0.0,3890.8639984999654
HYB-b1000000-a0.75,hybrid,0.0,-1,,-1,BT-v3,10060,0,1.0,1,0,0,gun_kill,42.33182593810983,82.70062256383393,29.527790365808247,1.6649985640436187,111.71023551826126,0.009650684585297525,0.019481345509059538,0.0,3505.029138934179
HYB-b1000000-a0.75,hybrid,0.0,-1,,-1,BT-v3,10060,1,0.5,0,1,0,timeout,113.52927785810887,86.17145018326487,23.12637562940093,6.31346505232121,90.87034185184044,0.012295757497002922,0.009934433153498035,0.0,3855.1261578459644
HYB-b1000000-a0.75,hybrid,0.0,-1,,-1,BT-v3,10061,0,0.0,0,0,1,gun_kill,63.61226626439964,71.5394537226764,18.34338508392348,6.527993141080556,59.46732543760105,0.026841412760864377,0.02043892864031396,0.0,4542.7459860857725
HYB-b1000000-a0.75,hybrid,0.0,-1,,-1,BT-v3,10061,1,1.0,1,0,0,gun_kill,113.26911119719989,39.91649142072746,12.333516543100675,4.828740249641708,38.72830358451506,0.018437638771415,0.020784456280466827,0.0,5864.197649184782
HYB-b1000000-a0.75,hybrid,0.0,-1,,-1,BT-v3,10062,0,1.0,1,0,0,gun_kill,102.13090411358502,10.575161933411625,64.05219900412285,0.8687350644607612,50.521173232491996,0.022014219126420282,0.024133051739945566,0.0,5595.612946062997
HYB-b1000000-a0.75,hybrid,0.0,-1,,-1,BT-v3,10062,1,0.0,0,0,1,gun_kill,61.884959175594,70.761185972605,63.42912994695246,0.7044751908664137,44.768765466161064,0.021957231721239437,0.002670436242577231,0.0,3334.513482762387
HYB-b1000000-a0.75,hybrid,0.0,-1,,-1,BT-v3,10063,0,0.5,0,1,0,timeout,101.42943207906328,90.8335450489336,43.50335741136797,5.661355812812098,50.13990349745943,0.02560358666525272,0.022185091599405012,0.0,5524.473238964146
HYB-b1000000-a0.75,hybrid,0.0,-1,,-1,BT-v3,10063,1,0.5,0,1,0,timeout,105.47082071344613,34.27704392886718,4.385820870702862,6.430549528348369,87.3039825467624,0.011408945774496382,0.01863742429507362,0.0,4564.093147549149
HYB-b1000000-a0.75,hybrid,0.0,-1,,-1,BT-v3,10064,0,1.0,1,0,0,gun_kill,92.75018117600308,60.555705605335106,6.256557654603501,0.7263355577348438,91.34308843805515,0.023993494758474527,0.025093128334016425,0.0,3697.9134077096705
HYB-b1000000-a0.75,hybrid,0.0,-1,,-1,BT-v3,10064,1,1.0,1,0,0,gun_kill,74.0607691949539,69.08678850997148,75.0566542992828,4.14583063636768,114.74846217265022,0.03388465365517379,0.012499290520077432,0.0,3888.464506272923
HYB-b1000000-a0.75,hybrid,0.0,-1,,-1,BT-v3,10065,0,0.0,0,0,1,gun_kill,51.49615108477365,11.434128983093562,56.03457025822555,7.361369475535634,70.47135007323635,0.022257964165925487,0.035497760823816206,0.0,3765.580890964676
HYB-b1000000-a0.75,hybrid,0.0,-1,,-1,BT-v3,10065,1,1.0,1,0,0,gun_kill,92.18799274613838,73.85941309656342,15.192307239698632,5.148025824236968,61.7352537848477,0.023926917745191484,0.00729837663320099,0.0,3121.5018908356005
HYB-b1000000-a0.75,hybrid,0.0,-1,,-1,BT-v3,10066,0,0.0,0,0,1,gun_kill,80.57568821607629,29.64302411961186,30.231174745305832,0.2530660071162254,61.206993340406726,0.020566232208223713,0.018394405667298705,0.0,5287.559560835307
HYB-b1000000-a0.75,hybrid,0.0,-1,,-1,BT-v3,10066,1,1.0,1,0,0,gun_kill,72.11196392002381,22.844242769961355,39.79568965890156,1.4014421827070391,82.45002924667452,0.0266923713852961,0.009308808790727003,0.0,4307.536681968872
HYB-b1000000-a0.75,hybrid,0.0,-1,,-1,BT-v3,10067,0,0.5,0,1,0,timeout,58.5002559548918,5.89321318043382,73.43203916916029,0.6437674823575321,90.05681053012823,0.014472571368396076,0.01329911926773026,0.0,3354.7814139990483
HYB-b1000000-a0.75,hybrid,0.0,-1,,-1,BT-v3,10067,1,0.0,0,0,1,gun_kill,70.85642785724615,38.20835388825269,46.37724484205825,2.614032247740673,40.06660421325692,0.01888880161078442,0.016689995248598252,0.0,4997.223983913774
HYB-b1000000-a0.75,hybrid,0.0,-1,,-1,BT-v3,10068,0,0.5,0,1,0,timeout,96.52281064186838,43.00691686380905,25.060531572596666,2.377940122329206,73.69851078377329,0.011959330271126462,0.017896679632262102,0.0,5421.961691779423
HYB-b1000000-a0.75,hybrid,0.0,-1,,-1,BT-v3,10068,1,1.0,1,0,0,gun_kill,31.043102872765115,88.16168626674715,21.25336876508306,2.152693865929762,74.80905965076678,0.017650892653601733,0.02120292645699698,0.0,3455.525693348621
HYB-b1000000-a0.75,hybrid,0.0,-1,,-1,BT-v3,10069,0,1.0,1,0,0,gun_kill,51.19167032232571,87.9051914542984,45.63415726035601,2.001930911944232,32.845436181329696,0.014019259531319397,0.022968322535818153,0.0,4520.717127051469
HYB-b1000000-a0.75,hybrid,0.0,-1,,-1,BT-v3,10069,1,1.0,1,0,0,gun_kill,109.21856929640191,0.6208611745048942,4.230647742905102,0.2208286659315224,45.21886110671348,0.019528462191508864,0.010547572513707497,0.0,4203.949012174931
HYB-b1000000-a0.75,hybrid,0.0,-1,,-1,BT-v3,10070,0,1.0,1,0,0,gun_kill,56.95173238901833,1.7048198002549642,82.81972347627374,3.337115405809514,41.92494296056242,0.021120099254502634,0.012038264332371833,0.0,3842.5998646422267
HYB-b1000000-a0.75,hybrid,0.0,-1,,-1,BT-v3,10070,1,0.0,0,0,1,gun_kill,53.20713216750356,80.88076918450608,37.76598697123098,1.3333617592901437,55.10485029885763,0.0239328927325109,0.01714846368199164,0.0,3140.810435800336
HYB-b1000000-a0.75,hybrid,0.0,-1,,-1,BT-v3,10071,0,1.0,1,0,0,gun_kill,78.73781071140309,28.9739554414593,35.497681409297066,4.903241085063087,59.3574463506981,0.021858525467107617,0.013293943581680318,0.0,3844.595037501115
HYB-b1000000-a0.75,hybrid,0.0,-1,,-1,BT-v3,10071,1,0.0,0,0,1,gun_kill,87.96156349347481,30.15345198239111,92.12011036928898,3.7147645806347693,112.95213459745904,0.015196675116136133,0.022729905827514905,0.0,3636.7823571145545
HYB-b1000000-a0.75,hybrid,0.0,-1,,-1,BT-v3,10072,0,0.5,0,1,0,timeout,94.16916003864328,65.3280633963217,76.02517203817364,1.9038572138787435,109.61489585777281,0.01796765859555931,0.010988479603264963,0.0,3176.8486271659845
HYB-b1000000-a0.75,hybrid,0.0,-1,,-1,BT-v3,10072,1,0.0,0,0,1,gun_kill,50.73299009276457,41.226706078811546,63.97882372330669,6.190810168713932,89.19722778908391,0.024217230384623745,0.023683900269251004,0.0,4995.747049719113
HYB-b1000000-a0.75,hybrid,0.0,-1,,-1,BT-v3,10073,0,1.0,1,0,0,gun_kill,75.16753391621214,88.4522258794425,35.442454548311574,2.878506881408213,82.05906323176342,0.01961483142625931,0.010291868699626542,0.0,3475.82083979552
HYB-b1000000-a0.75,hybrid,0.0,-1,,-1,BT-v3,10073,1,1.0,1,0,0,gun_kill,73.67252585626547,10.729330496010615,97.45913599452751,6.974535455386302,34.403816533758764,0.019701710619807973,0.02706665735595148,0.0,5752.502870458524
HYB-b1000000-a0.75,hybrid,0.0,-1,,-1,BT-v3,10074,0,1.0,1,0,0,gun_kill,79.82013212667093,55.4769360575109,48.71468397495832,0.5981550942776499,102.6209878741411,0.017406864747243702,0.03217294574906846,0.0,5030.715071059665
HYB-b1000000-a0.75,hybrid,0.0,-1,,-1,BT-v3,10074,1,1.0,1,0,0,gun_kill,91.2823830524882,42.39331967787626,17.3596002694134,3.1956585927922356,46.360616074953576,0.02792342898363376,0.025170002510635763,0.0,4165.827067658289
HYB-b1000000-a0.75,hybrid,0.0,-1,,-1,BT-v3,10075,0,1.0,1,0,0,gun_kill,88.81258617983008,62.109820610299096,61.985334130757295,4.421765457663049,103.66468004399457,0.02122259865419194,0.017552312097122876,0.0,4406.074739039903
HYB-b1000000-a0.75,hybrid,0.0,-1,,-1,BT-v3,10075,1,0.5,0,1,0,timeout,83.64359335722378,66.62034818356943,33.80327535453548,4.303374767807691,81.6732656531324,0.01758162849490896,0.011408351341406192,0.0,4598.144638834365
HYB-b1000000-a0.75,hybrid,0.0,-1,,-1,BT-v3,10076,0,1.0,1,0,0,gun_kill,37.17329467508835,62.41508190414516,17.556239021017205,1.9886649824844982,82.91383839192903,0.015642013838207475,0.025730282931211424,0.0,4708.606162629626
HYB-b1000000-a0.75,hybrid,0.0,-1,,-1,BT-v3,10076,1,1.0,1,0,0,gun_kill,94.53855477554269,68.72527968481619,23.90315700030674,0.39053657521838225,50.17906126241434,0.023927332440922745,0.03031314035384472,0.0,3172.4371882051714
HYB-b1000000-a0.75,hybrid,0.0,-1,,-1,BT-v3,10077,0,1.0,1,0,0,gun_kill,43.671275759936975,6.472513556644022,13.267818266526099,4.143548776859236,88.78232507927393,0.01643450250998331,0.022060555091908806,0.0,3349.7153961096915
HYB-b1000000-a0.75,hybrid,0.0,-1,,-1,BT-v3,10077,1,0.0,0,0,1,gun_kill,79.48388164883613,69.63136062495425,41.6820731249421,4.015300788260809,45.456193758882854,0.019464462123518114,0.026237868653430717,0.0,3642.9703349872
HYB-b1000000-a0.75,hybrid,0.0,-1,,-1,BT-v3,10078,0,0.0,0,0,1,gun_kill,118.40266674204072,6.371725758143498,58.109280754874284,4.1153560157392635,31.70979096776383,0.02291725691384808,0.015704295296860044,0.0,4822.86867466733
HYB-b1000000-a0.75,hybrid,0.0,-1,,-1,BT-v3,10078,1,0.0,0,0,1,gun_kill,36.5446389333029,96.59141286437698,78.13094055747577,7.485917011120739,67.20914338387396,0.009292730782572235,0.02614900392615389,0.0,5602.720663450376
HYB-b1000000-a0.75,hybrid,0.0,-1,,-1,BT-v3,10079,0,1.0,1,0,0,gun_kill,54.04191667920671,22.073158968748952,13.476844598101746,0.8493432395410121,88.87027831735494,0.01582108782605166,0.005544264974918422,0.0,5400.88935793974
HYB-b1000000-a0.75,hybrid,0.0,-1,,-1,BT-v3,10079,1,1.0,1,0,0,gun_kill,94.39053932820471,7.1091538242412655,82.98271478077936,0.8637294343784161,66.8646870062278,0.016924841550039024,0.01743738549942068,0.0,5528.20018022254
HYB-b1000000-a0.75,hybrid,0.0,-1,,-1,BT-v3,10080,0,0.5,0,1,0,timeout,40.68494426903364,73.94075564488062,64.67060038349196,0.2434694880231234,82.77386086967935,0.018949150231579493,0.012347711820413757,0.0,4086.5103776916835
HYB-b1000000-a0.75,hybrid,0.0,-1,,-1,BT-v3,10080,1,0.0,0,0,1,gun_kill,97.9790417451615,16.010777734062398,96.4953167525047,0.15695154670227218,85.57002160354926,0.023647937612546112,0.011205642930657683,0.0,5743.317652995071
HYB-b1000000-a0.75,hybrid,0.0,-1,,-1,BT-v3,10081,0,0.0,0,0,1,gun_kill,82.10586517665895,94.00134574792877,37.67746913164003,1.6950577247337746,101.99365289779166,0.02600335177908062,0.026909497886413405,0.0,4401.636629760034
HYB-b1000000-a0.75,hybrid,0.0,-1,,-1,BT-v3,10081,1,1.0,1,0,0,gun_kill,42.50778700280096,8.608549268377052,84.04172835010341,3.182441103395771,78.71155848187438,0.019834268173392202,0.016012921791857045,0.0,3763.9852550478163
HYB-b1000000-a0.75,hybrid,0.0,-1,,-1,BT-v3,10082,0,1.0,1,0,0,gun_kill,114.81360188980017,82.91535638777161,4.888133040624776,4.545376465792702,74.30377441093061,0.025508046801593708,0.024233465406792096,0.0,5028.038004991651
HYB-b1000000-a0.75,hybrid,0.0,-1,,-1,BT-v3,10082,1,1.0,1,0,0,gun_kill,53.46335477809863,80.71632803499472,16.084895617749005,4.017245104701136,100.65961116245495,0.023515929532124315,0.03157950383785413,0.0,5565.140923853472
HYB-b1000000-a0.75,hybrid,0.0,-1,,-1,BT-v3,10083,0,0.0,0,0,1,gun_kill,68.16082907899172,7.970458930997171,26.420337639195857,0.7336269910215991,88.65504707494938,0.01527386721905336,0.013839993735627063,0.0,3895.6938477202884
HYB-b1000000-a0.75,hybrid,0.0,-1,,-1,BT-v3,10083,1,0.5,0,1,0,timeout,117.56049208247467,27.34416877163095,50.27206350836567,0.7693613510329111,36.98164157017245,0.007598903926160349,0.02757820167548813,0.0,3236.382989079974
HYB-b1000000-a0.75,hybrid,0.0,-1,,-1,BT-v3,10084,0,1.0,1,0,0,gun_kill,72.37106955174785,63.408725682726896,99.45905490332456,1.0337107549057674,54.184855238317525,0.024834684457642447,0.016642841153710092,0.0,5015.01980188015
HYB-b1000000-a0.75,hybrid,0.0,-1,,-1,BT-v3,10084,1,0.0,0,0,1,gun_kill,48.42441179211073,30.84894504250677,88.91824514585913,5.318211014955485,71.78933169849785,0.021019733225842913,0.022219664872594674,0.0,3251.96878010223
HYB-b1000000-a0.75,hybrid,0.0,-1,,-1,BT-v3,10085,0,1.0,1,0,0,gun_kill,83.57806937422632,51.99174251362304,65.29036971178259,0.6960215809945538,67.91412689068099,0.023187742519148007,0.009003118709986295,0.0,5405.783998314251
HYB-b1000000-a0.75,hybrid,0.0,-1,,-1,BT-v3,10085,1,1.0,1,0,0,gun_kill,94.0291366613047,47.00178601087153,34.73257226702309,5.795094750020723,63.235838253232174,0.019741398374127302,0.010115386248353142,0.0,3514.2331809432458
HYB-b1000000-a0.75,hybrid,0.0,-1,,-1,BT-v3,10086,0,0.5,0,1,0,timeout,74.17432358435923,11.993025402112334,94.94992195575463,1.8005433111638292,111.70141654289979,0.013988423565263022,0.0185747571180229,0.0,3782.685953755453
HYB-b1000000-a0.75,hybrid,0.0,-1,,-1,BT-v3,10086,1,0.5,0,1,0,timeout,104.3953128736293,84.78899733739622,30.163956227593825,5.883423045580403,63.378069699509915,0.01809298588798455,0.025794154961931003,0.0,5971.008005045702
HYB-b1000000-a0.75,hybrid,0.0,-1,,-1,BT-v3,10087,0,0.0,0,0,1,gun_kill,60.79960470222521,67.30247849892092,0.35021563959150015,2.6468457429993624,52.2540171225289,0.03015443852697116,0.015732361540230964,0.0,5179.978593969842
HYB-b1000000-a0.75,hybrid,0.0,-1,,-1,BT-v3,10087,1,0.0,0,0,1,gun_kill,97.97511153174072,27.346417476664563,54.858999973287204,4.156264301543036,110.58706083447774,0.015126354280383437,0.019935154573504754,0.0,5374.071086142112
HYB-b1000000-a0.75,hybrid,0.0,-1,,-1,BT-v3,10088,0,1.0,1,0,0,gun_kill,60.96174054975587,17.509776655272535,62.76585502856336,4.388957241585311,116.18041397802733,0.026334417721003055,0.017879410824491248,0.0,4046.0732210867727
HYB-b1000000-a0.75,hybrid,0.0,-1,,-1,BT-v3,10088,1,0.0,0,0,1,gun_kill,44.1091119160569,34.78335962828988,93.15951066901475,7.691198251329187,108.66449917097219,0.020662670496810604,0.02372076303481117,0.0,4993.076833883988
HYB-b1000000-a0.75,hybrid,0.0,-1,,-1,BT-v3,10089,0,0.0,0,0,1,gun_kill,102.38563792100703,20.697318416147148,0.38608032370964773,5.614105914486563,77.36653424690226,0.022371728985462455,0.02578564477527005,0.0,3141.59440605843
HYB-b1000000-a0.75,hybrid,0.0,-1,,-1,BT-v3,10089,1,0.0,0,0,1,gun_kill,95.67552181894578,52.885123031604465,29.85302001119049,6.140239868865556,53.930875739455175,0.01929941866353958,0.020327545084348444,0.0,4352.50516243409
HYB-b1000000-a0.75,hybrid,0.0,-1,,-1,BT-v3,10090,0,0.0,0,0,1,gun_kill,40.6488217316568,12.784896030423631,25.06158654782936,0.6773589309131518,119.57982999420904,0.02530878642083394,0.022076293504408886,0.0,3374.700367175312
HYB-b1000000-a0.75,hybrid,0.0,-1,,-1,BT-v3,10090,1,1.0,1,0,0,gun_kill,92.81623186650884,71.15690123165213,45.7814792250242,2.959114967208678,33.232438174213996,0.02492017221023232,0.020730022175904243,0.0,3731.8172827701037
HYB-b1000000-a0.75,hybrid,0.0,-1,,-1,BT-v3,10091,0,1.0,1,0,0,gun_kill,108.24188134922275,61.813885804796776,51.244839280015164,2.981288888987745,88.47453026310676,0.021657871019104675,0.02289503101855243,0.0,5227.3451875719475
HYB-b1000000-a0.75,hybrid,0.0,-1,,-1,BT-v3,10091,1,1.0,1,0,0,gun_kill,85.9316004436797,76.68041387622135,46.623638491379225,0.23660581550742688,30.83246463667427,0.011113502359664112,0.017257028936207328,0.0,3868.783850764476
HYB-b1000000-a0.75,hybrid,0.0,-1,,-1,BT-v3,10092,0,1.0,1,0,0,gun_kill,51.228122728866836,92.13115562232758,25.587914879853546,4.3254441725225785,90.63058591838029,0.03066895961262138,0.010811326297285116,0.0,3159.1864811702217
HYB-b1000000-a0.75,hybrid,0.0,-1,,-1,BT-v3,10092,1,1.0,1,0,0,gun_kill,109.38486709856365,26.238662097683363,1.2097335322612701,5.842654472232732,53.98679150832314,0.01592857545612155,0.015246093726728718,0.0,5328.60949260461
HYB-b1000000-a0.75,hybrid,0.0,-1,,-1,BT-v3,10093,0,0.0,0,0,1,gun_kill,85.30342897974086,26.494430653216916,67.55292554174306,7.803530712871957,63.75405474091747,0.022522710716207244,0.024587096945292052,0.0,3874.4188367142215
HYB-b1000000-a0.75,hybrid,0.0,-1,,-1,BT-v3,10093,1,0.0,0,0,1,gun_kill,38.496062816410166,29.75840001088511,66.45211298188617,2.0218632665015033,77.86232746814122,0.020030482574023283,0.014495730551913333,0.0,3522.1449492285683
HYB-b1000000-a0.75,hybrid,0.0,-1,,-1,BT-v3,10094,0,0.0,0,0,1,gun_kill,95.06580788204404,50.6111960658694,79.58800687822027,0.13781989499411917,109.83988547227968,0.022128699505827527,0.02739013733983916,0.0,3360.266492893882
HYB-b1000000-a0.75,hybrid,0.0,-1,,-1,BT-v3,10094,1,0.0,0,0,1,gun_kill,87.80106447715823,27.8475858852004,79.08924161858215,1.109267351541698,116.18284953924363,0.023278161043649784,0.021802008171128182,0.0,5287.245445126338
HYB-b1000000-a0.75,hybrid,0.0,-1,,-1,BT-v3,10095,0,1.0,1,0,0,gun_kill,109.71978378284724,20.52657680646689,51.029255296937535,6.723306891783098,48.97501170663675,0.02034703988496127,0.01705048684853342,0.0,3762.884998372864
HYB-b1000000-a0.75,hybrid,0.0,-1,,-1,BT-v3,10095,1,0.5,0,1,0,timeout,58.39254450786581,29.544280151109792,49.43062519145271,7.620300334841631,71.01723671712367,0.026214013340789846,0.020189438192695253,0.0,5258.256279226891
HYB-b1000000-a0.75,hybrid,0.0,-1,,-1,BT-v3,10096,0,1.0,1,0,0,gun_kill,56.299619399546785,20.87083093143789,67.61509767006332,3.5665659044394546,35.49905958412365,0.023298393663402802,0.017847163514915252,0.0,3463.658260260713
HYB-b1000000-a0.75,hybrid,0.0,-1,,-1,BT-v3,10096,1,0.0,0,0,1,gun_kill,106.52499358382664,88.5894771810766,54.53388708748853,0.45337395321851925,104.73845555252424,0.02940486966426121,0.026378584351175908,0.0,4451.116488759833
HYB-b1000000-a0.75,hybrid,0.0,-1,,-1,BT-v3,10097,0,0.5,0,1,0,timeout,57.304287087456885,58.72472524778608,61.36512992915934,2.3684146538136375,102.14257410231369,0.023150468461792875,0.023151867573338494,0.0,3831.4182850867132
HYB-b1000000-a0.75,hybrid,0.0,-1,,-1,BT-v3,10097,1,1.0,1,0,0,gun_kill,54.470495400339,32.882659771363144,18.43793379565669,3.3019391246054814,38.20258470721608,0.020471861584297337,0.02218285994882241,0.0,4413.833928351345
HYB-b1000000-a0.75,hybrid,0.0,-1,,-1,BT-v3,10098,0,1.0,1,0,0,gun_kill,39.548191262967855,75.13078830346191,4.680451251500672,2.1299329561405633,97.21345976125043,0.019170983210257495,0.01220713657818255,0.0,4777.265953001999
HYB-b1000000-a0.75,hybrid,0.0,-1,,-1,BT-v3,10098,1,1.0,1,0,0,gun_kill,97.8338135858745,13.666075405702705,3.1456714815653486,6.649356329815706,62.87718687473779,0.015739930038059877,0.017860818633237678,0.0,3303.571267236767
HYB-b1000000-a0.75,hybrid,0.0,-1,,-1,BT-v3,10099,0,0.5,0,1,0,timeout,84.85910544969327,40.799448471283625,52.48614439678549,0.6547982536645645,90.26784605695721,0.02367398633587444,0.01637686165153699,0.0,5147.083745900825
HYB-b1000000-a0.75,hybrid,0.0,-1,,-1,BT-v3,10099,1,0.0,0,0,1,gun_kill,58.518979645808116,97.84361890949627,76.65205373527003,2.0151037937480165,62.445651572425405,0.024837247342697488,0.01632664366100687,0.0,5451.362213894328
RL-b1000000-a1.00,rl,0.0,-1,,-1,BT-v2,10000,0,1.0,1,0,0,gun_kill,85.19581674110425,40.70108943720928,17.43201074217361,5.169812127474532,93.7788531712399,0.03437557319724679,0.04127391943989543,0.0,3367.961516683244
RL-b1000000-a1.00,rl,0.0,-1,,-1,BT-v2,10000,1,0.0,0,0,1,gun_kill,96.03446848349732,13.84856302416264,99.49828253019103,7.964834100740153,98.21609295862477,0.03654410071368483,0.04847190644012027,0.0,4291.536120942956
RL-b1000000-a1.00,rl,0.0,-1,,-1,BT-v2,10001,0,1.0,1,0,0,gun_kill,69.83031667460273,17.424292428253008,30.217811225912563,4.683066264013321,85.76032752402708,0.040557634851444535,0.025439148642365125,0.0,5955.493218620291
RL-b1000000-a1.00,rl,0.0,-1,,-1,BT-v2,10001,1,0.0,0,0,1,gun_kill,87.35947068246708,5.863056599205541,98.39575680503903,6.134307876968672,53.72780164310988,0.028603721280977906,0.02910651305977208,0.0,4321.542739232155
RL-b1000000-a1.00,rl,0.0,-1,,-1,BT-v2,10002,0,1.0,1,0,0,gun_kill,84.67552770104177,84.66278257199956,86.72575594039539,5.8966298890967295,84.28908930456353,0.02372652629575542,0.011448602555196277,0.0,5039.306751222135
RL-b1000000-a1.00,rl,0.0,-1,,-1,BT-v2,10002,1,0.0,0,0,1,gun_kill,53.859197241689884,10.997410635713612,14.197168903275637,4.231891381783426,37.196832886854516,0.02598828183980195,0.03668476584359453,0.0,5576.213916420424
RL-b1000000-a1.00,rl,0.0,-1,,-1,BT-v2,10003,0,0.0,0,0,1,gun_kill,74.05655403180089,69.68195172571451,41.950396957027856,7.622220173546893,101.04433289959188,0.042914685968795746,0.04765842685136341,0.0,5016.899354463179
RL-b1000000-a1.00,rl,0.0,-1,,-1,BT-v2,10003,1,0.0,0,0,1,gun_kill,93.50021060858825,25.11568077515114,41.26683123658063,7.145072742562692,39.190922943613316,0.01942884718313008,0.024079059105566784,0.0,3491.458312298443
RL-b1000000-a1.00,rl,0.0,-1,,-1,BT-v2,10004,0,0.0,0,0,1,gun_kill,105.03922919499377,18.127520612030924,19.893256116717872,2.1925241764734045,86.59034967963842,0.026386792514902176,0.0255558900775771,0.0,4656.560198185489
RL-b1000000-a1.00,rl,0.0,-1,,-1,BT-v2,10004,1,1.0,1,0,0,gun_kill,76.4778578968856,2.511268569931757,25.896119125255545,7.89140701580498,92.32142073836349,0.030256670317395373,0.013156858670186157,0.0,3428.5133928473238
RL-b1000000-a1.00,rl,0.0,-1,,-1,BT-v2,10005,0,0.0,0,0,1,gun_kill,68.97578989420886,76.3529514591388,51.784771443159215,6.351708115517402,62.1693946155768,0.04316126907964938,0.049451738984203235,0.0,3197.727074325962
RL-b1000000-a1.00,rl,0.0,-1,,-1,BT-v2,10005,1,0.5,0,1,0,timeout,111.81863147120617,60.7366790983446,16.794763386648416,3.95132186931842,84.79910842891746,0.037020469443416,0.02877865085681837,0.0,4044.1103672044683
RL-b1000000-a1.00,rl,0.0,-1,,-1,BT-v2,10006,0,0.0,0,0,1,gun_kill,61.70306575152385,85.74556552749542,1.2703784090934533,7.45620503929811,109.66893657776579,0.03550500068286294,0.018258125654331547,0.0,5989.291178220468
RL-b1000000-a1.00,rl,0.0,-1,,-1,BT-v2,10006,1,1.0,1,0,0,gun_kill,55.054259811839984,5.355048743583247,87.6471427857114,1.6989515878252712,106.67421388156897,0.03627280968831613,0.02235104695467933,0.0,4120.657028995281
RL-b1000000-a1.00,rl,0.0,-1,,-1,BT-v2,10007,0,0.0,0,0,1,gun_kill,97.06401351880109,88.78565938293713,14.244816518715108,3.601786467992371,37.63063755359194,0.05044767430594073,0.02454177080359756,0.0,3243.8291709917444
RL-b1000000-a1.00,rl,0.0,-1,,-1,BT-v2,10007,1,0.5,0,1,0,timeout,44.33981903566894,27.96735930701071,82.53901010143937,4.729623135417573,96.14209550060393,0.03832917179376242,0.05539537074851644,0.0,3387.428879274597
RL-b1000000-a1.00,rl,0.0,-1,,-1,BT-v2,10008,0,0.5,0,1,0,timeout,60.16719466636543,85.76881574821883,24.23299248441503,6.2698904413713015,99.2618340812302,0.015931152470110548,0.03643078426573759,0.0,5065.278980648158
RL-b1000000-a1.00,rl,0.0,-1,,-1,BT-v2,10008,1,0.5,0,1,0,timeout,119.80443018324465,18.538953100965106,13.156542110477954,0.5906500532335954,119.80932524549732,0.044656649208263746,0.03071914398428119,0.0,4486.349481335808
RL-b1000000-a1.00,rl,0.0,-1,,-1,BT-v2,10009,0,1.0,1,0,0,gun_kill,73.40488000708675,13.42506365397924,96.85873109548143,5.142093299126115,98.36355967339404,0.04084231971194765,0.03984401732203402,0.0,4534.078282983613
RL-b1000000-a1.00,rl,0.0,-1,,-1,BT-v2,10009,1,1.0,1,0,0,gun_kill,74.6650080739439,15.948414818189393,36.72243094845098,0.7280930193446764,78.64426586888533,0.034997396835438524,0.05254663392989724,0.0,4609.928624587248
RL-b1000000-a1.00,rl,0.0,-1,,-1,BT-v2,10010,0,1.0,1,0,0,gun_kill,95.83654969022818,45.98177645742597,23.634024027894217,2.7890080822254957,109.46343644808293,0.028319223741674414,0.03622707647564109,0.0,4018.4712542434613
RL-b1000000-a1.00,rl,0.0,-1,,-1,BT-v2,10010,1,1.0,1,0,0,gun_kill,103.65689466810748,2.7661637141685125,29.59822331958867,1.8320333339810686,34.99676962692049,0.043891889732433326,0.04247956568030828,0.0,5915.695944117664
RL-b1000000-a1.00,rl,0.0,-1,,-1,BT-v2,10011,0,0.5,0,1,0,timeout,53.654639002508546,42.191673007042084,60.905145311222874,7.114147819621797,37.128601231034914,0.040212531076855726,0.027187621057186685,0.0,4584.253294088723
RL-b1000000-a1.00,rl,0.0,-1,,-1,BT-v2,10011,1,0.5,0,1,0,timeout,45.23651447251268,62.795426380284944,20.784151501501636,1.4908090973356547,115.52150425575961,0.024078245369607204,0.02834848867953483,0.0,4961.491554980048
RL-b1000000-a1.00,rl,0.0,-1,,-1,BT-v2,10012,0,1.0,1,0,0,gun_kill,57.59928757073521,20.15847307269668,94.67313471246035,5.6675651271389516,32.70881494815409,0.051947113343049606,0.055255877909003714,0.0,3694.253691384551
RL-b1000000-a1.00,rl,0.0,-1,,-1,BT-v2,10012,1,1.0,1,0,0,gun_kill,36.503772150696356,63.92450976002698,7.943117471833472,7.879500627506373,45.245710572202164,0.03893401417555848,0.03184678223482035,0.0,5218.1005531093315
RL-b1000000-a1.00,rl,0.0,-1,,-1,BT-v2,10013,0,0.0,0,0,1,gun_kill,75.93578078435766,56.96570816094483,44.42358944825355,7.16332988608217,60.31249808778118,0.043718621230186355,0.0314942156644502,0.0,5861.47362506356
RL-b1000000-a1.00,rl,0.0,-1,,-1,BT-v2,10013,1,1.0,1,0,0,gun_kill,119.43204455141085,38.12825029760689,84.83331752368365,5.733989813567067,32.67053983092156,0.034706164159768044,0.024814294467439386,0.0,5082.932946876649
RL-b1000000-a1.00,rl,0.0,-1,,-1,BT-v2,10014,0,0.0,0,0,1,gun_kill,84.95664669632617,22.593335718616416,71.08715818932268,1.1655655393153292,55.53579221904337,0.03894654675656651,0.04158231906337847,0.0,3600.631367280397
RL-b1000000-a1.00,rl,0.0,-1,,-1,BT-v2,10014,1,0.0,0,0,1,gun_kill,90.76210448952529,32.99776379275961,46.64414650592597,0.8595127396659246,83.21200956959512,0.029701154338462654,0.03920198553916334,0.0,4009.6537037718617
RL-b1000000-a1.00,rl,0.0,-1,,-1,BT-v2,10015,0,0.5,0,1,0,timeout,98.4086307283024,33.25015759080882,84.54178801935016,6.564374853408809,94.99428522208949,0.039875357316292624,0.034901797478553195,0.0,3973.1506382712614
RL-b1000000-a1.00,rl,0.0,-1,,-1,BT-v2,10015,1,1.0,1,0,0,gun_kill,44.95755055774125,63.597598342651054,43.50473566275734,1.7820087115396577,51.818228325353274,0.05018068361493753,0.04628917401190239,0.0,3418.2297270993117
RL-b1000000-a1.00,rl,0.0,-1,,-1,BT-v2,10016,0,1.0,1,0,0,gun_kill,31.33359103450024,59.86862385814763,23.367798628722667,0.01698003551248295,61.1806389625225,0.038222771888709206,0.05330246896248125,0.0,5225.121021442203
RL-b1000000-a1.00,rl,0.0,-1,,-1,BT-v2,10016,1,0.0,0,0,1,gun_kill,34.373862409686005,71.94774631268535,91.11878432342164,3.505386998102206,67.02092845157934,0.02040682621584468,0.04568736012292885,0.0,3104.9245309940848
RL-b1000000-a1.00,rl,0.0,-1,,-1,BT-v2,10017,0,0.0,0,0,1,gun_kill,72.9563330641862,69.23808199729802,33.37465197825962,4.253341346501906,52.3162397834769,0.038213206681187384,0.04340582115218866,0.0,4417.747291374235
RL-b1000000-a1.00,rl,0.0,-1,,-1,BT-v2,10017,1,0.0,0,0,1,gun_kill,58.18492551997721,80.55436684254414,42.745951730334184,0.37348747977703667,68.40797368548863,0.028888131496183578,0.032821451697019104,0.0,4183.114748195044
RL-b1000000-a1.00,rl,0.0,-1,,-1,BT-v2,10018,0,0.5,0,1,0,timeout,104.02043841175497,34.99848908782385,95.50210845255705,3.437579439660211,111.4622121764775,0.04665405967537034,0.044537286292678904,0.0,5997.389676552799
RL-b1000000-a1.00,rl,0.0,-1,,-1,BT-v2,10018,1,1.0,1,0,0,gun_kill,66.3086999596355,25.582568042555522,9.926034439073616,0.6014091827115893,46.9859669220229,0.03171976368166089,0.03713467454450116,0.0,4635.712229696215
RL-b1000000-a1.00,rl,0.0,-1,,-1,BT-v2,10019,0,1.0,1,0,0,gun_kill,89.52282636369489,66.71339980863192,32.97267782840194,7.756264968267926,63.74457012423474,0.02672103319910936,0.029331962660288625,0.0,3582.9998237811546
RL-b1000000-a1.00,rl,0.0,-1,,-1,BT-v2,10019,1,0.0,0,0,1,gun_kill,81.44126770130782,79.55309803261892,22.692673433829558,0.5408331756659592,88.23467208455037,0.03490401347430811,0.033621968482948225,0.0,3053.4815231084162
RL-b1000000-a1.00,rl,0.0,-1,,-1,BT-v2,10020,0,0.0,0,0,1,gun_kill,58.34179093501923,15.91110989010599,80.30989538294489,5.260428134439169,35.43063613740138,0.030074124658987563,0.022145567129368764,0.0,5329.161077348757
RL-b1000000-a1.00,rl,0.0,-1,,-1,BT-v2,10020,1,1.0,1,0,0,gun_kill,61.80711512860776,18.206557890322916,19.067800570465554,7.960024242547483,67.52576201489997,0.04497180296130997,0.03426087919988702,0.0,3482.465111836846
RL-b1000000-a1.00,rl,0.0,-1,,-1,BT-v2,10021,0,0.5,0,1,0,timeout,59.78526328667792,56.07187729023704,1.2130516763821153,6.73642897873157,118.72882320763239,0.0268319330684164,0.02664543512819108,0.0,3512.330829071925
RL-b1000000-a1.00,rl,0.0,-1,,-1,BT-v2,10021,1,0.0,0,0,1,gun_kill,64.53470620439626,16.74392239199075,90.60481042510223,6.022914025419955,118.00381858034918,0.03188193917412866,0.0338001615957971,0.0,4446.637390389116
RL-b1000000-a1.00,rl,0.0,-1,,-1,BT-v2,10022,0,0.0,0,0,1,gun_kill,60.219024298863516,56.79736479787035,92.85955532002255,7.640085280456437,69.1956108587971,0.029733211764142432,0.02494226473329373,0.0,3215.127749887016
RL-b1000000-a1.00,rl,0.0,-1,,-1,BT-v2,10022,1,1.0,1,0,0,gun_kill,88.50780407026869,54.73441165341626,53.13983206017156,7.830357175126126,63.707913775898184,0.031135521947111684,0.03891227873830448,0.0,3000.558547414888
RL-b1000000-a1.00,rl,0.0,-1,,-1,BT-v2,10023,0,0.5,0,1,0,timeout,67.57101971621097,4.228099685805398,55.43383453064313,4.965082239767995,91.72073015903638,0.04121056664602168,0.03497834489959455,0.0,4886.577693069881
RL-b1000000-a1.00,rl,0.0,-1,,-1,BT-v2,10023,1,0.0,0,0,1,gun_kill,96.85608904179978,87.03841503712955,57.62363975214573,0.5866843342529338,80.41302299416728,0.04551718311908867,0.035243393317944606,0.0,4217.520230223343
RL-b1000000-a1.00,rl,0.0,-1,,-1,BT-v2,10024,0,0.0,0,0,1,gun_kill,50.22337244222837,25.343090405053193,11.684839505695965,0.7827034513312201,74.50811170900826,0.013401195772190018,0.02456838692988127,0.0,3185.479520320766
RL-b1000000-a1.00,rl,0.0,-1,,-1,BT-v2,10024,1,1.0,1,0,0,gun_kill,78.04166549703683,51.37503280694033,60.542091904847126,2.7059751992747714,79.76541876621397,0.03852167941357984,0.04044453839663204,0.0,4603.11283692201
RL-b1000000-a1.00,rl,0.0,-1,,-1,BT-v2,10025,0,0.0,0,0,1,gun_kill,108.3160353266667,83.94963115831351,66.00788082806555,2.804849706523564,53.69464307029078,0.032639439924257704,0.03224133297741237,0.0,4694.822271132038
RL-b1000000-a1.00,rl,0.0,-1,,-1,BT-v2,10025,1,0.0,0,0,1,gun_kill,46.042507645921226,54.52084230012319,40.23556015964442,6.449015946902182,52.556820793478636,0.0363633031853741,0.04114827458742607,0.0,4993.129126673315
RL-b1000000-a1.00,rl,0.0,-1,,-1,BT-v2,10026,0,0.5,0,1,0,timeout,43.78973351705223,96.38278193926891,48.700771649473275,6.086290591201479,46.933767000846416,0.03295793343906761,0.03251377269761404,0.0,4805.888891986389
RL-b1000000-a1.00,rl,0.0,-1,,-1,BT-v2,10026,1,0.5,0,1,0,timeout,32.630286553745776,31.112122479665082,39.647439917292225,4.918501517173388,50.58647352052547,0.038674054715087586,0.03440526524823327,0.0,3609.83711637588
RL-b1000000-a1.00,rl,0.0,-1,,-1,BT-v2,10027,0,0.5,0,1,0,timeout,73.43424972003044,22.637301576550286,93.12166938108632,2.7839719484780465,90.7038161653204,0.024806464901404226,0.03575958275072803,0.0,4124.881351765978
RL-b1000000-a1.00,rl,0.0,-1,,-1,BT-v2,10027,1,1.0,1,0,0,gun_kill,46.60452901252482,30.141649771421818,76.59137658439857,7.201392540656002,34.82858287079094,0.029748907658705907,0.03365710479546044,0.0,4753.409218638002
RL-b1000000-a1.00,rl,0.0,-1,,-1,BT-v2,10028,0,1.0,1,0,0,gun_kill,90.83132531646632,62.731611737054,71.04183779212252,7.858404284569066,52.30548077172662,0.010748130758930937,0.03450405926776004,0.0,4658.415184330932
RL-b1000000-a1.00,rl,0.0,-1,,-1,BT-v2,10028,1,1.0,1,0,0,gun_kill,70.74158575026826,68.80308507508147,74.1224030707738,3.1051349898751575,46.522683726783434,0.03179996805048617,0.02119701656274826,0.0,5960.921381153089
RL-b1000000-a1.00,rl,0.0,-1,,-1,BT-v2,10029,0,0.0,0,0,1,gun_kill,56.065902552842104,75.82661444899652,69.96992805259555,1.7324717422425637,65.1066902972537,0.050514592106010524,0.03828697114786367,0.0,4331.801478920981
RL-b1000000-a1.00,rl,0.0,-1,,-1,BT-v2,10029,1,0.0,0,0,1,gun_kill,92.13040518153949,64.98640129603217,48.61692176112972,2.866917943608682,75.62875104930366,0.04846552294473511,0.03691705033056302,0.0,4027.151959522609
RL-b1000000-a1.00,rl,0.0,-1,,-1,BT-v2,10030,0,0.5,0,1,0,timeout,50.0005029140421,40.67046572921238,17.928204475361632,0.10909950930585488,74.75338988451765,0.033566475644551,0.031829468824873294,0.0,4648.269498397176
RL-b1000000-a1.00,rl,0.0,-1,,-1,BT-v2,10030,1,0.0,0,0,1,gun_kill,97.73782460558968,80.61141028491328,57.65539684809791,3.059567365382458,116.20532090493501,0.04194602622111007,0.04316759210979748,0.0,4099.505092091743
RL-b1000000-a1.00,rl,0.0,-1,,-1,BT-v2,10031,0,0.0,0,0,1,gun_kill,86.63479110169968,84.9325938715076,93.2262383071747,1.4719797831850832,49.155401147798315,0.03898322656003991,0.033941813773022855,0.0,3077.8841208554823
RL-b1000000-a1.00,rl,0.0,-1,,-1,BT-v2,10031,1,1.0,1,0,0,gun_kill,87.17126835999022,12.648849535354634,50.4220070814704,5.295201330788821,93.80414757907707,0.03244697439475451,0.04075386820739958,0.0,3346.289161447057
RL-b1000000-a1.00,rl,0.0,-1,,-1,BT-v2,10032,0,0.0,0,0,1,gun_kill,82.9596053095886,54.61707674267644,40.86570543136715,0.819138042424246,40.37149588870531,0.0377151184480346,0.03292677629931949,0.0,3021.1188522769894
RL-b1000000-a1.00,rl,0.0,-1,,-1,BT-v2,10032,1,0.5,0,1,0,timeout,63.00301834372186,71.94518322332574,53.24056583744973,7.328233258697329,61.518534082066424,0.03004342480369475,0.029345472851783155,0.0,4935.801862196748
RL-b1000000-a1.00,rl,0.0,-1,,-1,BT-v2,10033,0,1.0,1,0,0,gun_kill,78.65254929054626,21.89706263190814,90.88171282739322,6.898898227378236,35.20421493685308,0.036055102980686725,0.037993885998064365,0.0,3980.138020513867
RL-b1000000-a1.00,rl,0.0,-1,,-1,BT-v2,10033,1,0.0,0,0,1,gun_kill,84.20199070108495,67.51492482412898,53.60494979051634,5.622073412286709,89.79222305051897,0.02496921172905515,0.029261556630874604,0.0,4987.428006213933
RL-b1000000-a1.00,rl,0.0,-1,,-1,BT-v2,10034,0,0.0,0,0,1,gun_kill,60.50166871351212,43.981750069304304,46.65842546478979,7.7432184765893926,108.07139747072354,0.04707720193658353,0.02634094514166946,0.0,5171.968905415595
RL-b1000000-a1.00,rl,0.0,-1,,-1,BT-v2,10034,1,0.0,0,0,1,gun_kill,35.84822731778612,67.1276959413671,31.96315828824251,7.646799871045004,89.99870313429003,0.025030351007972913,0.019106629353443864,0.0,5802.27683009268
RL-b1000000-a1.00,rl,0.0,-1,,-1,BT-v2,10035,0,0.5,0,1,0,timeout,52.25675205540277,99.4144319893891,89.15136289752408,6.927465987583845,81.60772572899569,0.03363962932799329,0.04052790864146963,0.0,4534.375623468111
RL-b1000000-a1.00,rl,0.0,-1,,-1,BT-v2,10035,1,0.5,0,1,0,timeout,109.41636606732297,89.2180170864418,61.21419568058868,4.123987379839621,49.421372411092975,0.039606571108555755,0.05510817356883563,0.0,3074.3963591361025
RL-b1000000-a1.00,rl,0.0,-1,,-1,BT-v2,10036,0,0.5,0,1,0,timeout,45.536247095282945,7.800077595490496,33.62324261825089,4.162128267491887,54.82140821714771,0.041102522364771,0.034219651606023034,0.0,3712.0428987046826
RL-b1000000-a1.00,rl,0.0,-1,,-1,BT-v2,10036,1,1.0,1,0,0,gun_kill,42.503653018269276,71.22463074039493,45.26132867334891,1.3252557804054366,81.23534705793597,0.013583771041423026,0.03612666991944669,0.0,4226.821395171959
RL-b1000000-a1.00,rl,0.0,-1,,-1,BT-v2,10037,0,0.5,0,1,0,timeout,35.610835372272874,75.64729147782371,1.0488901028236741,6.3199008251824935,84.64563857998493,0.02513869568217552,0.014995613736490554,0.0,5389.679283109108
RL-b1000000-a1.00,rl,0.0,-1,,-1,BT-v2,10037,1,0.0,0,0,1,gun_kill,39.652008734152616,4.1800956758107795,38.413913317565886,1.2702726723914193,106.36964110931171,0.02226308768292947,0.03468834049587243,0.0,4342.153552493346
RL-b1000000-a1.00,rl,0.0,-1,,-1,BT-v2,10038,0,0.5,0,1,0,timeout,61.100167101409426,78.48431741532504,41.49658146616546,7.958871207900177,69.0466205779972,0.04220431185794755,0.026029565054342077,0.0,3041.1163387989654
RL-b1000000-a1.00,rl,0.0,-1,,-1,BT-v2,10038,1,1.0,1,0,0,gun_kill,33.06966279103146,3.95816692549249,12.682802788116,6.311231294889938,99.25330311025135,0.0400192969474555,0.02271830559655171,0.0,3519.9592370288165
RL-b1000000-a1.00,rl,0.0,-1,,-1,BT-v2,10039,0,1.0,1,0,0,gun_kill,45.32361092981767,46.537210636010315,72.72885427405159,4.7139934132301295,101.90744007653488,0.03527925781099622,0.017886709821584634,0.0,3038.7224350809342
RL-b1000000-a1.00,rl,0.0,-1,,-1,BT-v2,10039,1,0.5,0,1,0,timeout,79.753057335152,20.29608034549495,31.432222794852137,6.331070675698487,38.797833348837166,0.02728742929175216,0.039050684322466986,0.0,4715.854848283285
RL-b1000000-a1.00,rl,0.0,-1,,-1,BT-v2,10040,0,1.0,1,0,0,gun_kill,42.038294056669585,58.81778266070948,39.66417827793616,2.6334631218006956,91.11578153285177,0.042222969676526736,0.029899926294348046,0.0,4372.98381765841
RL-b1000000-a1.00,rl,0.0,-1,,-1,BT-v2,10040,1,0.5,0,1,0,timeout,90.66835348649931,34.468008686254514,91.83653386624088,6.5269169136725536,62.73571947664395,0.03867850535882869,0.021440391143115967,0.0,5909.941152225183
RL-b1000000-a1.00,rl,0.0,-1,,-1,BT-v2,10041,0,0.0,0,0,1,gun_kill,90.19361320912148,83.88873656264461,62.55331206676674,6.25631431141469,113.65811998469405,0.034896669586655896,0.03634310732412405,0.0,4717.298724605823
RL-b1000000-a1.00,rl,0.0,-1,,-1,BT-v2,10041,1,0.5,0,1,0,timeout,72.87488932684039,30.936948443674495,71.82032277922183,4.334527374422608,66.6596115547075,0.017443526484190577,0.0440577337940504,0.0,5935.674198459922
RL-b1000000-a1.00,rl,0.0,-1,,-1,BT-v2,10042,0,1.0,1,0,0,gun_kill,47.290233872248095,42.06726712135613,72.69303548988138,7.097548971915817,81.290084251807,0.0315333662002636,0.05972649320680944,0.0,5541.842300670999
RL-b1000000-a1.00,rl,0.0,-1,,-1,BT-v2,10042,1,0.5,0,1,0,timeout,43.24905444720224,75.56982726815507,60.90231174119789,5.464268042982197,45.6340322269088,0.04592683671033427,0.04278126304421734,0.0,3350.3748628930284
RL-b1000000-a1.00,rl,0.0,-1,,-1,BT-v2,10043,0,0.0,0,0,1,gun_kill,56.212839956924455,68.62848119527415,70.81310311148485,2.1027541506092113,88.75646956403314,0.04662639238303007,0.04199571801329259,0.0,5686.663762093988
RL-b1000000-a1.00,rl,0.0,-1,,-1,BT-v2,10043,1,1.0,1,0,0,gun_kill,49.49922558834756,11.487714654195713,90.99296885037523,4.033256097179642,111.77335735236598,0.030482287378291527,0.049965571321730254,0.0,3165.4859312140143
RL-b1000000-a1.00,rl,0.0,-1,,-1,BT-v2,10044,0,1.0,1,0,0,gun_kill,84.05851363912629,59.225228494273594,94.92417050597972,1.820437818503068,77.65989338752819,0.024269253164989586,0.04013537429474689,0.0,4451.811090124844
RL-b1000000-a1.00,rl,0.0,-1,,-1,BT-v2,10044,1,0.0,0,0,1,gun_kill,32.48875440890235,66.50882257094662,2.177806823354367,3.4061677410684297,116.11273981889822,0.03365063110456016,0.052877485376296975,0.0,4954.963468531683
RL-b1000000-a1.00,rl,0.0,-1,,-1,BT-v2,10045,0,1.0,1,0,0,gun_kill,117.73172155764128,58.2308919869639,57.299861799671135,0.3839101799627693,84.76906878810567,0.03299508375455187,0.03242412407124029,0.0,5404.6176839718155
RL-b1000000-a1.00,rl,0.0,-1,,-1,BT-v2,10045,1,1.0,1,0,0,gun_kill,116.05774508421416,6.368671045641672,25.906512502465052,1.3111272262823261,111.44029764737746,0.0358826377502457,0.012552390416702839,0.0,3918.1778409864896
RL-b1000000-a1.00,rl,0.0,-1,,-1,BT-v2,10046,0,1.0,1,0,0,gun_kill,32.19925934063996,36.41067711909943,14.780992201431687,7.785147598204156,74.49447047684339,0.03942193886650108,0.02744438914137136,0.0,4284.431746086849
RL-b1000000-a1.00,rl,0.0,-1,,-1,BT-v2,10046,1,0.5,0,1,0,timeout,76.38349525837805,25.112142597831255,66.64378971741357,3.7097034281691057,114.15507033506742,0.05382945922138539,0.04528680237222953,0.0,3297.423488196975
RL-b1000000-a1.00,rl,0.0,-1,,-1,BT-v2,10047,0,0.0,0,0,1,gun_kill,70.57906980480554,71.88383881991606,79.52658221911807,2.7836940025702788,72.55269198581142,0.03820944942450373,0.03936060123742787,0.0,5299.971718928015
RL-b1000000-a1.00,rl,0.0,-1,,-1,BT-v2,10047,1,0.0,0,0,1,gun_kill,82.56833563883185,45.06825922946335,63.61520075234367,0.8596406034613251,65.89808769461797,0.03304854872970243,0.04527943064939486,0.0,5169.588521754559
RL-b1000000-a1.00,rl,0.0,-1,,-1,BT-v2,10048,0,0.0,0,0,1,gun_kill,103.02772763977381,11.311154879930063,98.23717754468107,4.017161226648482,30.242641205023123,0.03820240029564367,0.047973223449869054,0.0,3322.4203074204906
RL-b1000000-a1.00,rl,0.0,-1,,-1,BT-v2,10048,1,1.0,1,0,0,gun_kill,41.53017873134816,51.88885728073585,48.46629466635169,5.038931752245405,50.68766479085125,0.04362055219275935,0.03425524675978155,0.0,3139.124479675782
RL-b1000000-a1.00,rl,0.0,-1,,-1,BT-v2,10049,0,0.0,0,0,1,gun_kill,75.42982110997741,62.590357486881274,62.953890845994465,6.595776201547364,57.05924520610255,0.03596811318070887,0.019621340049802802,0.0,5013.871703991328
RL-b1000000-a1.00,rl,0.0,-1,,-1,BT-v2,10049,1,0.5,0,1,0,timeout,50.90554654918565,7.421775619251514,27.921922284099466,7.315773679923316,43.111295003204475,0.024637695021556542,0.04374753388594969,0.0,3596.701840641912
RL-b1000000-a1.00,rl,0.0,-1,,-1,BT-v2,10050,0,0.0,0,0,1,gun_kill,75.89519391816634,94.96925459171884,14.433769125339014,2.5774462914129437,42.08618323638087,0.027756770390649797,0.02741157796983469,0.0,3386.0861882130203
RL-b1000000-a1.00,rl,0.0,-1,,-1,BT-v2,10050,1,1.0,1,0,0,gun_kill,44.86864248068697,84.16247358561317,32.581303550213626,1.7080831393518734,40.25383425238542,0.03731246417641481,0.04212298477822728,0.0,5664.117804400214
RL-b1000000-a1.00,rl,0.0,-1,,-1,BT-v2,10051,0,0.0,0,0,1,gun_kill,119.74388572460633,48.133175472819325,30.484713828482658,7.882405240382953,30.271010641631374,0.03498767273885654,0.03118217426731109,0.0,4950.244734554233
RL-b1000000-a1.00,rl,0.0,-1,,-1,BT-v2,10051,1,0.0,0,0,1,gun_kill,67.51204299467804,60.08074810343431,72.60676924320127,1.721547814274203,34.59451056610083,0.04354596151472148,0.0230407497587942,0.0,4350.188383788326
RL-b1000000-a1.00,rl,0.0,-1,,-1,BT-v2,10052,0,1.0,1,0,0,gun_kill,51.88823227769997,2.6635382767109084,3.3696196810520718,2.4765908289434826,72.24242309748071,0.044086149946484125,0.027522223523296693,0.0,4195.113181867775
RL-b1000000-a1.00,rl,0.0,-1,,-1,BT-v2,10052,1,0.0,0,0,1,gun_kill,46.78294447661244,10.582382202648422,92.69088388132612,0.03637986810213523,112.41798493253995,0.030772967763251495,0.03675555661455322,0.0,5610.179714461285
RL-b1000000-a1.00,rl,0.0,-1,,-1,BT-v2,10053,0,0.0,0,0,1,gun_kill,81.82510297940735,53.33796208983522,90.23327368615519,0.18704839905573323,88.9561079875459,0.04710194219704262,0.04148700852271659,0.0,4764.127297174603
RL-b1000000-a1.00,rl,0.0,-1,,-1,BT-v2,10053,1,0.5,0,1,0,timeout,71.18166972975382,52.32088825336753,14.24250805037719,0.42289411566851687,81.62063152080091,0.026503912089953854,0.031077148174769705,0.0,5189.34139790979
RL-b1000000-a1.00,rl,0.0,-1,,-1,BT-v2,10054,0,1.0,1,0,0,gun_kill,40.35132756734626,60.43385688143653,36.66358902785193,0.1439778372777436,69.88495957780336,0.0342345195610049,0.02459006235207243,0.0,4752.4927176085685
RL-b1000000-a1.00,rl,0.0,-1,,-1,BT-v2,10054,1,1.0,1,0,0,gun_kill,32.87549785887251,32.08820163005656,80.69145556683863,4.744893640887384,67.38048573230617,0.03398678812836688,0.02084097341011352,0.0,5616.277104746927
RL-b1000000-a1.00,rl,0.0,-1,,-1,BT-v2,10055,0,1.0,1,0,0,gun_kill,43.67384601364308,35.33975034059126,36.13994551100645,4.794166146042652,58.88039479633477,0.03765412795608368,0.016472884801851165,0.0,4663.304132037245
RL-b1000000-a1.00,rl,0.0,-1,,-1,BT-v2,10055,1,0.0,0,0,1,gun_kill,63.30179477416275,49.4342540566005,20.4420108381832,5.207541765735517,52.059771651816824,0.03549876392253493,0.0435259778639752,0.0,3642.6927653530347
RL-b1000000-a1.00,rl,0.0,-1,,-1,BT-v2,10056,0,1.0,1,0,0,gun_kill,88.27689867213658,19.069559566348182,42.96343313172962,7.927672808853788,101.44674918677498,0.028343959223705792,0.024495037894931362,0.0,5924.055835701522
RL-b1000000-a1.00,rl,0.0,-1,,-1,BT-v2,10056,1,0.5,0,1,0,timeout,91.98150435125906,85.91103686535797,11.022410373297841,3.939172549084196,93.16727182229369,0.03775012414334207,0.024505012033041923,0.0,5912.1499050317725
RL-b1000000-a1.00,rl,0.0,-1,,-1,BT-v2,10057,0,1.0,1,0,0,gun_kill,102.95721817777216,56.389318513576534,12.499447781047401,4.545290052114113,66.5586215487985,0.02292692913080182,0.03371664476561045,0.0,3283.283620320654
RL-b1000000-a1.00,rl,0.0,-1,,-1,BT-v2,10057,1,0.0,0,0,1,gun_kill,82.26060324800476,33.82980587538723,87.6297281659669,7.928660141066843,65.67102722351802,0.04121020121203648,0.030554319226643773,0.0,5928.284099390628
RL-b1000000-a1.00,rl,0.0,-1,,-1,BT-v2,10058,0,1.0,1,0,0,gun_kill,79.57954488982693,82.10688338710463,98.9744042065689,1.5417192317334756,39.98055410334544,0.03843209094798743,0.015596391819469507,0.0,4394.769606778528
RL-b1000000-a1.00,rl,0.0,-1,,-1,BT-v2,10058,1,0.0,0,0,1,gun_kill,51.424810256261594,51.378485863073685,11.289173435777922,3.9429695784519954,42.62402593350794,0.028014107580949993,0.03515732870744304,0.0,4193.246154196018
RL-b1000000-a1.00,rl,0.0,-1,,-1,BT-v2,10059,0,1.0,1,0,0,gun_kill,95.15781480960291,3.4657356024983765,42.28848880696593,7.545702520361997,101.58907965160701,0.03681018005554337,0.04888324474003752,0.0,4871.322432625356
RL-b1000000-a1.00,rl,0.0,-1,,-1,BT-v2,10059,1,0.5,0,1,0,timeout,91.48692585032688,13.729601389597724,47.073310938152545,6.185486212399336,48.827564317030124,0.042738253261926804,0.04243392304629476,0.0,3312.3300980063013
RL-b1000000-a1.00,rl,0.0,-1,,-1,BT-v2,10060,0,0.5,0,1,0,timeout,58.325080317207586,19.167949093688197,61.39673443545778,5.255286494151919,89.88378553907478,0.04377494810027539,0.03966117726915529,0.0,3123.279618856736
RL-b1000000-a1.00,rl,0.0,-1,,-1,BT-v2,10060,1,0.5,0,1,0,timeout,78.8264523531149,36.0232791479276,25.749394274419146,1.216705692309798,81.64961232147925,0.02897401889937385,0.044508456030066146,0.0,3604.3628356815543
RL-b1000000-a1.00,rl,0.0,-1,,-1,BT-v2,10061,0,1.0,1,0,0,gun_kill,47.81858675074825,57.82173405294334,18.629043094740904,4.773214782844161,35.3645324776612,0.03921922525006132,0.028512715559374124,0.0,3514.541670792185
RL-b1000000-a1.00,rl,0.0,-1,,-1,BT-v2,10061,1,1.0,1,0,0,gun_kill,42.57480983067933,43.26837066765038,50.089913271485244,3.422176526236589,48.184772194856265,0.02429754976185195,0.025732743633335865,0.0,4053.1539958704752
RL-b1000000-a1.00,rl,0.0,-1,,-1,BT-v2,10062,0,0.5,0,1,0,timeout,93.7105014686681,36.439819712051424,45.242992981024855,3.2097616117381174,102.63254328707285,0.03712120657972257,0.04120139001411494,0.0,5543.34250234762
RL-b1000000-a1.00,rl,0.0,-1,,-1,BT-v2,10062,1,0.0,0,0,1,gun_kill,100.57849749229828,63.348587200392906,55.29547525924162,6.510858968949119,77.14739246320178,0.027752963049772008,0.012802223672504998,0.0,3005.137227700603
RL-b1000000-a1.00,rl,0.0,-1,,-1,BT-v2,10063,0,1.0,1,0,0,gun_kill,40.04690934512959,54.20073970374234,8.688845186900329,6.500241481125897,111.75611415438742,0.03622690636089879,0.028830877971733546,0.0,5290.248719503328
RL-b1000000-a1.00,rl,0.0,-1,,-1,BT-v2,10063,1,0.0,0,0,1,gun_kill,35.254305292156396,86.85454397506071,10.344359472608144,7.1930209480201865,90.27855508593893,0.04517644128210298,0.04654790247649596,0.0,5300.005555361038
RL-b1000000-a1.00,rl,0.0,-1,,-1,BT-v2,10064,0,0.0,0,0,1,gun_kill,89.46146582127278,62.97731529416212,11.346508350535577,3.8389843674248096,55.66706071062756,0.03156568316849992,0.022492029455338486,0.0,4112.297855057442
RL-b1000000-a1.00,rl,0.0,-1,,-1,BT-v2,10064,1,0.5,0,1,0,timeout,47.458662114756855,39.70984632152006,64.06624931039909,1.7398543572793557,68.98394747826144,0.032044033384739753,0.04715797289693567,0.0,3733.3947871236587
RL-b1000000-a1.00,rl,0.0,-1,,-1,BT-v2,10065,0,1.0,1,0,0,gun_kill,96.17267183930728,46.26366011899222,78.99070615478836,4.7044625800586255,91.16600788476214,0.04272115255348713,0.021539625367308173,0.0,3270.460339553818
RL-b1000000-a1.00,rl,0.0,-1,,-1,BT-v2,10065,1,1.0,1,0,0,gun_kill,81.6331077484322,9.438593245320403,42.14459124911828,6.451306295095144,72.45924946962865,0.031098056689715138,0.03155155571992141,0.0,3075.0174378751994
RL-b1000000-a1.00,rl,0.0,-1,,-1,BT-v2,10066,0,0.0,0,0,1,gun_kill,91.9046767814498,84.50245310439452,19.808645900966006,6.115498306523033,76.7913649621672,0.021168374638293512,0.03625948932524438,0.0,5400.320555790655
RL-b1000000-a1.00,rl,0.0,-1,,-1,BT-v2,10066,1,1.0,1,0,0,gun_kill,37.75428323901456,68.87428427083844,97.55549525498624,6.269014016650375,68.23762005059999,0.013482813097607817,0.03134001435196023,0.0,3919.631005385406
RL-b1000000-a1.00,rl,0.0,-1,,-1,BT-v2,10067,0,1.0,1,0,0,gun_kill,101.0971201980096,34.82909251173113,11.328868366420053,0.6929925306873344,90.07297425421984,0.0243896807108325,0.03132192635074955,0.0,4973.631521512064
RL-b1000000-a1.00,rl,0.0,-1,,-1,BT-v2,10067,1,0.0,0,0,1,gun_kill,64.36029909759827,14.17381193177263,38.45791022184495,3.2054422142263554,114.98727464253452,0.04717028728060208,0.039728561001782334,0.0,5789.5269295519
RL-b1000000-a1.00,rl,0.0,-1,,-1,BT-v2,10068,0,0.0,0,0,1,gun_kill,63.31307484468151,15.821428011495609,84.33728995313207,4.852280444671035,102.88008813032532,0.0367308317476593,0.020711146699189716,0.0,4837.275971205711
RL-b1000000-a1.00,rl,0.0,-1,,-1,BT-v2,10068,1,1.0,1,0,0,gun_kill,46.642747448963924,93.58137225736375,74.58241095180924,0.1988474983167352,45.363039856692524,0.03933256656250649,0.024671745732706453,0.0,4580.7250092027025
RL-b1000000-a1.00,rl,0.0,-1,,-1,BT-v2,10069,0,0.5,0,1,0,timeout,41.35225402900651,96.76845092929757,2.7776571840275377,2.956131681653475,112.58144437348014,0.028883007893083394,0.039203606310910105,0.0,3828.28894146358
RL-b1000000-a1.00,rl,0.0,-1,,-1,BT-v2,10069,1,1.0,1,0,0,gun_kill,102.01685238397144,0.6879508797828171,58.06930441459023,1.781263117996283,39.13939588001071,0.037736652613126066,0.031537226664018043,0.0,3893.176818188038
RL-b1000000-a1.00,rl,0.0,-1,,-1,BT-v2,10070,0,1.0,1,0,0,gun_kill,74.76429103544146,83.97725663716878,64.13219308681268,0.5675629057476836,31.03752180184694,0.04427785388956239,0.051908143373086066,0.0,4446.837152328858
RL-b1000000-a1.00,rl,0.0,-1,,-1,BT-v2,10070,1,0.0,0,0,1,gun_kill,59.78444504512676,68.61386839852771,79.9864080631523,3.492979193245657,30.119637355904604,0.023276328129826836,0.03499618896525328,0.0,4379.833629409899
RL-b1000000-a1.00,rl,0.0,-1,,-1,BT-v2,10071,0,1.0,1,0,0,gun_kill,39.642209646617765,47.85743569799106,50.086678897517224,4.393784333162344,110.50952607706824,0.031173641972118443,0.037799627167311396,0.0,3832.2496490030835
RL-b1000000-a1.00,rl,0.0,-1,,-1,BT-v2,10071,1,0.0,0,0,1,gun_kill,108.55427838154124,44.53977580689238,77.0781477334164,7.36154086069824,66.1546856999876,0.03072139690750056,0.019526982116533233,0.0,4839.864541311292
RL-b1000000-a1.00,rl,0.0,-1,,-1,BT-v2,10072,0,0.5,0,1,0,timeout,41.54286009165723,41.18873026113541,64.70209230627246,6.092376279871152,31.22012836797435,0.012654477600761396,0.02125099441283913,0.0,4734.940497516416
RL-b1000000-a1.00,rl,0.0,-1,,-1,BT-v2,10072,1,1.0,1,0,0,gun_kill,50.27063806168688,48.30955190069115,67.48560226440341,5.835705342993859,38.437399613764406,0.018166269268459493,0.020171428435167144,0.0,4231.536255458635
RL-b1000000-a1.00,rl,0.0,-1,,-1,BT-v2,10073,0,1.0,1,0,0,gun_kill,57.86640200979037,42.932944893151735,53.710096979952404,1.4049761135308971,34.185165366973116,0.0169331042165943,0.03748381571378026,0.0,3185.7456317019587
RL-b1000000-a1.00,rl,0.0,-1,,-1,BT-v2,10073,1,1.0,1,0,0,gun_kill,58.51070416766339,25.550282362792885,45.14878360836827,3.2211427212514883,75.86694800317372,0.061397280223139825,0.036513441628439273,0.0,3222.836109847018
RL-b1000000-a1.00,rl,0.0,-1,,-1,BT-v2,10074,0,1.0,1,0,0,gun_kill,105.52167513377668,10.14375860889909,14.198315380260674,4.69843019374892,74.38304186329312,0.026134896586931865,0.038104610575109166,0.0,3028.0740741689215
RL-b1000000-a1.00,rl,0.0,-1,,-1,BT-v2,10074,1,0.5,0,1,0,timeout,78.40919335500863,97.80024477056864,4.426849424276091,7.9034728344873155,94.1091491023929,0.02466806740059898,0.02755100786323963,0.0,4712.483796096083
RL-b1000000-a1.00,rl,0.0,-1,,-1,BT-v2,10075,0,0.0,0,0,1,gun_kill,94.56534183817381,62.86669005263239,83.51886784662474,1.9586031734098608,115.2121760076911,0.02284011539654062,0.03809830954918218,0.0,4336.683065319581
RL-b1000000-a1.00,rl,0.0,-1,,-1,BT-v2,10075,1,1.0,1,0,0,gun_kill,47.31109246471301,34.72688064108193,45.813542896486034,3.0325280307131424,34.00249949834416,0.03334400438819968,0.03585224243938961,0.0,4798.856600486939
RL-b1000000-a1.00,rl,0.0,-1,,-1,BT-v2,10076,0,1.0,1,0,0,gun_kill,59.393200101747965,51.257690050224525,3.097140649954999,4.1540642904933485,108.81575562631603,0.03940494862605419,0.04243500910081407,0.0,3430.8719042681487
RL-b1000000-a1.00,rl,0.0,-1,,-1,BT-v2,10076,1,1.0,1,0,0,gun_kill,115.31640065334626,42.10284435412781,59.490152168670065,6.8051285665161405,37.44235919512685,0.007890348076027998,0.03133888782472413,0.0,3001.381372287412
RL-b1000000-a1.00,rl,0.0,-1,,-1,BT-v2,10077,0,0.5,0,1,0,timeout,40.874391649811066,95.9998360471342,83.56398795672298,1.213101810446969,99.19136935008684,0.03435500882930812,0.02069703880000323,0.0,4073.8032915860144
RL-b1000000-a1.00,rl,0.0,-1,,-1,BT-v2,10077,1,0.0,0,0,1,gun_kill,75.74227729951068,28.08231678764609,48.05161275970497,6.284454290001287,85.04096363697167,0.0006008338650064157,0.01531962893898503,0.0,3404.006942793809
RL-b1000000-a1.00,rl,0.0,-1,,-1,BT-v2,10078,0,0.0,0,0,1,gun_kill,62.2043458843067,7.757798024921647,52.731578732561935,2.2102119530068913,54.20507466185647,0.05582524334268642,0.025690979452883636,0.0,3153.8929401458413
RL-b1000000-a1.00,rl,0.0,-1,,-1,BT-v2,10078,1,1.0,1,0,0,gun_kill,65.73948704557685,96.11567908758059,1.0697244911450077,7.060442080044969,71.50339111579004,0.0247586020848986,0.05662021093689088,0.0,4667.375876644227
RL-b1000000-a1.00,rl,0.0,-1,,-1,BT-v2,10079,0,0.5,0,1,0,timeout,110.42544891803786,94.49836796582856,99.77262173199307,5.195712454090824,68.54698422160908,0.05248371999731609,0.04429068248706467,0.0,5329.0047586154
RL-b1000000-a1.00,rl,0.0,-1,,-1,BT-v2,10079,1,0.5,0,1,0,timeout,46.91362008590413,55.47821589020464,76.71596853968016,4.779069770932071,105.76162845654808,0.019069977116873485,0.04919915697086285,0.0,5729.47040858433
RL-b1000000-a1.00,rl,0.0,-1,,-1,BT-v2,10080,0,0.5,0,1,0,timeout,99.19467856165531,31.877437970033807,98.84067301588347,4.192655538053348,103.12656356352339,0.029980641177682912,0.030478063379897953,0.0,5843.996743573149
RL-b1000000-a1.00,rl,0.0,-1,,-1,BT-v2,10080,1,1.0,1,0,0,gun_kill,35.83924942048296,21.414248442828498,44.89515205264908,4.445175249424908,57.52980116558726,0.035578831733113894,0.030566709677153636,0.0,4382.331771240475
RL-b1000000-a1.00,rl,0.0,-1,,-1,BT-v2,10081,0,0.5,0,1,0,timeout,44.64847388270617,66.83669193428992,62.02715802558713,5.909018679596527,69.7984300456331,0.0327166273501384,0.03320176087968654,0.0,3554.365870855295
RL-b1000000-a1.00,rl,0.0,-1,,-1,BT-v2,10081,1,0.0,0,0,1,gun_kill,60.69617414783835,56.159679660180586,71.50465826844305,0.7427544887597168,70.28455922484756,0.028689739505432205,0.029456395190212627,0.0,3504.029875021896
RL-b1000000-a1.00,rl,0.0,-1,,-1,BT-v2,10082,0,1.0,1,0,0,gun_kill,80.86336116933673,10.580530493104368,36.32636555810156,7.153536616288149,39.33779338993429,0.023162719075183413,0.04033139885960327,0.0,3086.769017299633
RL-b1000000-a1.00,rl,0.0,-1,,-1,BT-v2,10082,1,0.0,0,0,1,gun_kill,102.25805352545068,0.18304439317319288,88.55599118311277,4.473249840352121,74.96227783260566,0.02807407776601734,0.032254347203719856,0.0,3398.713891970429
RL-b1000000-a1.00,rl,0.0,-1,,-1,BT-v2,10083,0,1.0,1,0,0,gun_kill,55.97595805313135,69.16410345547386,98.7751275571348,0.7706242583383123,90.93179980768572,0.04135662347575313,0.02157162156830879,0.0,5987.0010586656645
RL-b1000000-a1.00,rl,0.0,-1,,-1,BT-v2,10083,1,0.0,0,0,1,gun_kill,37.50080750360648,36.67228861240686,30.046696926229423,3.92159918342546,46.10486078605071,0.03576175545741384,0.032008480484786,0.0,5383.165160010121
RL-b1000000-a1.00,rl,0.0,-1,,-1,BT-v2,10084,0,0.0,0,0,1,gun_kill,50.33615959268205,52.755962141965995,33.28074010819129,3.502301235013732,110.48296921382644,0.05672849613356265,0.03693702391789826,0.0,4336.417835921754
RL-b1000000-a1.00,rl,0.0,-1,,-1,BT-v2,10084,1,1.0,1,0,0,gun_kill,106.30628220536471,45.74419725414772,94.43067433321318,5.43966527294071,62.89174517229228,0.04147279169601898,0.019171201945527346,0.0,4384.983358677197
RL-b1000000-a1.00,rl,0.0,-1,,-1,BT-v2,10085,0,0.0,0,0,1,gun_kill,96.26607892696875,17.196818670656967,27.07007354372489,1.0175226401231328,82.16324155678147,0.03072133312970963,0.052754178212417104,0.0,5792.70802372932
RL-b1000000-a1.00,rl,0.0,-1,,-1,BT-v2,10085,1,1.0,1,0,0,gun_kill,98.32507872728812,97.10501355768739,33.09483172778705,7.7299381474755995,59.37379838782774,0.035293670923805046,0.026472358836570065,0.0,4586.60754732172
RL-b1000000-a1.00,rl,0.0,-1,,-1,BT-v2,10086,0,0.5,0,1,0,timeout,115.02541729639108,17.400075329105157,59.37480170079016,7.174310649362475,32.91218237446988,0.03032620384095615,0.046770230396187634,0.0,5374.9167613521895
RL-b1000000-a1.00,rl,0.0,-1,,-1,BT-v2,10086,1,1.0,1,0,0,gun_kill,60.274016077405875,61.674661049837034,34.68122898436666,7.914638718113899,44.922437567761676,0.0374030423638966,0.05807984920754728,0.0,4283.932713568965
RL-b1000000-a1.00,rl,0.0,-1,,-1,BT-v2,10087,0,0.5,0,1,0,timeout,87.79892747763628,41.49036805052274,5.892098929153644,0.6863245108270206,82.69407593426962,0.04020527896344096,0.0420223463335454,0.0,5077.640675357197
RL-b1000000-a1.00,rl,0.0,-1,,-1,BT-v2,10087,1,1.0,1,0,0,gun_kill,98.34192227053892,21.006284861905556,34.328578450168266,5.65851686056574,43.97535969435749,0.02372181721971832,0.03229023473957603,0.0,5444.360987271905
RL-b1000000-a1.00,rl,0.0,-1,,-1,BT-v2,10088,0,0.0,0,0,1,gun_kill,49.95362543610351,68.33457032737307,43.11033277434488,4.505971240405973,88.81605813676717,0.023002891855908536,0.02411740575690783,0.0,5886.439967152337
RL-b1000000-a1.00,rl,0.0,-1,,-1,BT-v2,10088,1,1.0,1,0,0,gun_kill,36.08689289944523,23.308042792843263,4.2940002232292995,3.666449265266274,45.113299229726685,0.029380190423057687,0.03436787180427749,0.0,3218.483851495983
RL-b1000000-a1.00,rl,0.0,-1,,-1,BT-v2,10089,0,1.0,1,0,0,gun_kill,65.45369605423866,11.26111804864588,37.205914877252276,3.329950866023755,105.13927520853545,0.03728179247027716,0.03320426220533907,0.0,4422.982289651689
RL-b1000000-a1.00,rl,0.0,-1,,-1,BT-v2,10089,1,1.0,1,0,0,gun_kill,60.63962365003799,29.191415976968404,9.204071225848098,1.997860750152241,64.67359133424333,0.04411000407657398,0.042255423633984254,0.0,4011.3155465462282
RL-b1000000-a1.00,rl,0.0,-1,,-1,BT-v2,10090,0,0.5,0,1,0,timeout,80.71547746831712,42.596624969642335,84.06199033495608,3.913268856816156,63.62924319065602,0.04923604669722733,0.02930883172799221,0.0,4654.903917655218
RL-b1000000-a1.00,rl,0.0,-1,,-1,BT-v2,10090,1,0.5,0,1,0,timeout,85.92492698666754,8.336561877903703,98.58575646381722,4.922500028898982,49.22739960245633,0.042965649577575746,0.048710456253872776,0.0,5994.456423556681
RL-b1000000-a1.00,rl,0.0,-1,,-1,BT-v2,10091,0,1.0,1,0,0,gun_kill,95.26470680167947,92.59596350559006,68.98162705219843,1.776352203269158,82.5846863548224,0.04293991557678791,0.02885518833220195,0.0,4158.912751295382
RL-b1000000-a1.00,rl,0.0,-1,,-1,BT-v2,10091,1,1.0,1,0,0,gun_kill,32.072590083678065,96.17877912320151,19.2410362672056,1.6038869846655697,83.06697747734361,0.031509664071641526,0.029383387619256875,0.0,3717.1576689281055
RL-b1000000-a1.00,rl,0.0,-1,,-1,BT-v2,10092,0,1.0,1,0,0,gun_kill,101.00332057806226,21.756294465072212,26.055815303173002,5.129977845958274,110.94008353849908,0.0496329655978204,0.03972281747632895,0.0,5089.581409626286
RL-b1000000-a1.00,rl,0.0,-1,,-1,BT-v2,10092,1,0.0,0,0,1,gun_kill,109.68998398557548,96.01833488368017,41.93938659540481,2.3541337102211717,71.12956667741973,0.01667240454402961,0.0457624675425,0.0,3863.947271631315
RL-b1000000-a1.00,rl,0.0,-1,,-1,BT-v2,10093,0,1.0,1,0,0,gun_kill,94.34442468769534,57.791210003543355,46.04473328719,7.96377449636022,118.33420672538723,0.014491592936516206,0.027476854454160694,0.0,5998.85663217682
RL-b1000000-a1.00,rl,0.0,-1,,-1,BT-v2,10093,1,0.0,0,0,1,gun_kill,36.41998317886313,96.59702912505766,1.0089843236140594,6.648763188799043,53.24423278015391,0.011792978173191103,0.053406347061904315,0.0,5723.464373982455
RL-b1000000-a1.00,rl,0.0,-1,,-1,BT-v2,10094,0,0.0,0,0,1,gun_kill,49.261349681075984,37.81183892420602,70.97154833800074,5.727917883567067,97.38177971044472,0.040264676422347594,0.028161881227543324,0.0,3003.105336228271
RL-b1000000-a1.00,rl,0.0,-1,,-1,BT-v2,10094,1,0.0,0,0,1,gun_kill,105.34280592971221,73.85593329269163,99.5914938583153,0.598304405517113,96.17153346946364,0.020525484080763264,0.016059602442714416,0.0,4348.42152700129
RL-b1000000-a1.00,rl,0.0,-1,,-1,BT-v2,10095,0,0.5,0,1,0,timeout,78.39135560116969,16.76003881206123,17.194632039419123,2.3684071929378163,55.80039276736131,0.030367521353949593,0.024089244147991906,0.0,4245.429108859774
RL-b1000000-a1.00,rl,0.0,-1,,-1,BT-v2,10095,1,1.0,1,0,0,gun_kill,83.81494117763964,36.52507383577031,68.79891205834812,4.449658770029938,119.58657960406134,0.035117481632697206,0.028478078888938396,0.0,5222.069607798142
RL-b1000000-a1.00,rl,0.0,-1,,-1,BT-v2,10096,0,0.0,0,0,1,gun_kill,110.86841630008493,10.333983724609208,15.835720306376434,5.1004619718533455,107.90487290725319,0.008150518267679138,0.03850130476741902,0.0,3581.741230031996
RL-b1000000-a1.00,rl,0.0,-1,,-1,BT-v2,10096,1,0.5,0,1,0,timeout,93.42256769674609,56.347588227479925,83.57071203095636,7.810733706026618,102.83321163170777,0.029225080146293412,0.03682934341967122,0.0,5101.410930861367
RL-b1000000-a1.00,rl,0.0,-1,,-1,BT-v2,10097,0,0.5,0,1,0,timeout,79.28546678439733,92.73577264357782,2.2961520286102877,3.758051991915835,35.2160762468003,0.02390116654840759,0.0427320030291194,0.0,5243.403073246893
RL-b1000000-a1.00,rl,0.0,-1,,-1,BT-v2,10097,1,0.0,0,0,1,gun_kill,41.37879134779374,81.16307808953613,84.53582615920446,3.724647825783345,75.87434181369724,0.04125099656210441,0.023283818739573185,0.0,4759.227563973902
RL-b1000000-a1.00,rl,0.0,-1,,-1,BT-v2,10098,0,1.0,1,0,0,gun_kill,37.156479757318664,0.4932600778574714,55.2586973045444,3.682570788488163,85.29707044563409,0.051092956944392504,0.013094873580003448,0.0,4022.7460102945447
RL-b1000000-a1.00,rl,0.0,-1,,-1,BT-v2,10098,1,0.5,0,1,0,timeout,67.27947426070138,88.9381230582365,78.66057124963541,6.557330589185317,109.38893230897668,0.06449917036434155,0.02166647142445705,0.0,5806.465503234826
RL-b1000000-a1.00,rl,0.0,-1,,-1,BT-v2,10099,0,1.0,1,0,0,gun_kill,85.32689956604125,43.48979084169417,31.584378930832614,0.3744741344404181,109.9972148499213,0.042999298466533435,0.02886158429297359,0.0,4064.8064102455874
RL-b1000000-a1.00,rl,0.0,-1,,-1,BT-v2,10099,1,0.0,0,0,1,gun_kill,86.59351063427721,88.99136695468361,15.695596797770017,2.882226769789317,37.355019271283304,0.03369960140931314,0.037925103081890184,0.0,4381.5342574882525
RL-b1000000-a1.00,rl,0.0,-1,,-1,BT-v3,10000,0,0.0,0,0,1,gun_kill,33.6085677271703,42.46501735257245,35.739188484385146,2.653719196630437,54.670885513738455,0.04590894826926235,0.035838597176766296,0.0,4602.242770460975
RL-b1000000-a1.00,rl,0.0,-1,,-1,BT-v3,10000,1,1.0,1,0,0,gun_kill,109.33124598605497,94.97555776409229,35.0081203528483,5.460363536169516,77.58877787671248,0.024931224064789117,0.0410165621416782,0.0,3571.8122148955936
RL-b1000000-a1.00,rl,0.0,-1,,-1,BT-v3,10001,0,0.0,0,0,1,gun_kill,110.32750216237616,64.60766933200911,86.56277348811415,0.5040968727428492,65.77422469543335,0.02412415788552084,0.02009730767790968,0.0,5518.4041646283495
RL-b1000000-a1.00,rl,0.0,-1,,-1,BT-v3,10001,1,1.0,1,0,0,gun_kill,71.31075532852336,98.15142099163829,38.85371566679524,1.5606906925543251,116.98889200337011,0.04031085464462285,0.01786552909568978,0.0,5018.604455351657
RL-b1000000-a1.00,rl,0.0,-1,,-1,BT-v3,10002,0,0.0,0,0,1,gun_kill,47.24181116348304,55.63511637845397,63.83013283987561,6.137757918569378,75.12057770448789,0.03489124383309759,0.03493430975799608,0.0,4169.318097305264
RL-b1000000-a1.00,rl,0.0,-1,,-1,BT-v3,10002,1,1.0,1,0,0,gun_kill,68.68560809994128,68.1547074156745,62.87184512350039,7.7851219626417025,52.286132220727964,0.03671175341068597,0.01944685803689464,0.0,5436.599819073252
RL-b1000000-a1.00,rl,0.0,-1,,-1,BT-v3,10003,0,1.0,1,0,0,gun_kill,101.14486948453477,76.27663854231044,50.77683371367341,0.6678984657040585,53.89480038124249,0.052496564845712995,0.03169192691322883,0.0,4347.512381968715
RL-b1000000-a1.00,rl,0.0,-1,,-1,BT-v3,10003,1,1.0,1,0,0,gun_kill,49.745723247045376,2.243153066954917,21.81769267015752,3.8763521900914055,89.97216432407942,0.05404727308831783,0.01643955516483561,0.0,4196.3989066487175
RL-b1000000-a1.00,rl,0.0,-1,,-1,BT-v3,10004,0,0.5,0,1,0,timeout,30.801316956912128,31.252621285811667,29.83558680668532,3.387542354112105,33.06335107921523,0.035619458261477964,0.02677304430692302,0.0,5010.43796730279
RL-b1000000-a1.00,rl,0.0,-1,,-1,BT-v3,10004,1,1.0,1,0,0,gun_kill,114.61379719029097,8.135606851228294,83.0479111634557,1.2919448899193533,104.2080092285772,0.037480062071626005,0.03974210519241492,0.0,3047.518942716785
RL-b1000000-a1.00,rl,0.0,-1,,-1,BT-v3,10005,0,0.0,0,0,1,gun_kill,98.02946688800218,69.51008605699765,7.932194175889951,0.6115135825727469,95.08502385337776,0.04201127445106259,0.04835992320303419,0.0,5328.3402376183185
RL-b1000000-a1.00,rl,0.0,-1,,-1,BT-v3,10005,1,1.0,1,0,0,gun_kill,83.71209690211192,94.57120942021841,40.34583855648641,7.525553522145743,92.11453229553297,0.06036116988961292,0.030901806471790833,0.0,3564.5964064082127
RL-b1000000-a1.00,rl,0.0,-1,,-1,BT-v3,10006,0,0.5,0,1,0,timeout,107.53179205525856,10.92122635083973,27.71128434541169,7.827873820080052,94.65724573705126,0.04289921313143706,0.027445676740105972,0.0,5513.96806530617
RL-b1000000-a1.00,rl,0.0,-1,,-1,BT-v3,10006,1,1.0,1,0,0,gun_kill,100.59062404606526,32.83216314908126,5.825816093556413,2.2566264295504617,58.809680498533446,0.024773133434099405,0.03483902227779418,0.0,4616.518669907666
RL-b1000000-a1.00,rl,0.0,-1,,-1,BT-v3,10007,0,0.5,0,1,0,timeout,112.91210978627328,22.208484689655748,57.93882353352863,4.828307066460489,115.64922024724295,0.032350199259871544,0.021784465415493524,0.0,5844.574553922077
RL-b1000000-a1.00,rl,0.0,-1,,-1,BT-v3,10007,1,1.0,1,0,0,gun_kill,97.93537996213914,71.87663383822908,75.42714130056083,0.5339820228204788,87.67813046607229,0.04576108720767698,0.0049637525484811235,0.0,5066.173745455032
RL-b1000000-a1.00,rl,0.0,-1,,-1,BT-v3,10008,0,1.0,1,0,0,gun_kill,108.43936925170735,82.65464590430115,19.84152152764881,7.959952686006479,108.22112827958225,0.029332363550972615,0.04115240761319707,0.0,4153.988325516921
RL-b1000000-a1.00,rl,0.0,-1,,-1,BT-v3,10008,1,0.0,0,0,1,gun_kill,53.78188719288293,79.08564467890761,85.63969805853097,3.7106074264851383,87.07621561485257,0.0158207182026048,0.015011547439669402,0.0,4034.600608550292
RL-b1000000-a1.00,rl,0.0,-1,,-1,BT-v3,10009,0,0.0,0,0,1,gun_kill,73.77764335969192,7.69289026586627,23.9978929051758,1.288815702170261,46.92119220199852,0.023881317851247023,0.016489834425890307,0.0,3388.3779925325975
RL-b1000000-a1.00,rl,0.0,-1,,-1,BT-v3,10009,1,0.0,0,0,1,gun_kill,79.66240733225386,96.70725199962362,35.82277421418819,2.145916270667792,111.28260262084828,0.03671079523464416,0.043651700637844036,0.0,4013.622423557362
RL-b1000000-a1.00,rl,0.0,-1,,-1,BT-v3,10010,0,0.0,0,0,1,gun_kill,54.91454868676655,39.282949756503996,72.70216363371746,0.17197953273813393,103.54729590891779,0.0446137182414966,0.033631625661542035,0.0,5630.357669892612
RL-b1000000-a1.00,rl,0.0,-1,,-1,BT-v3,10010,1,1.0,1,0,0,gun_kill,63.92966469365611,75.31137450779961,22.773842991320205,6.2597531202410215,82.48164150520347,0.02171456093337873,0.055912506310083494,0.0,4601.099285101322
RL-b1000000-a1.00,rl,0.0,-1,,-1,BT-v3,10011,0,0.0,0,0,1,gun_kill,49.400055376490954,21.399076628664247,55.57025855121569,5.394295192482745,82.54005097958165,0.0421958309301328,0.028098597800659583,0.0,3906.224609539779
RL-b1000000-a1.00,rl,0.0,-1,,-1,BT-v3,10011,1,1.0,1,0,0,gun_kill,59.993456338128226,79.2664867876047,51.770124470345934,4.376270226036913,119.16736171169623,0.028577843555791196,0.05262678440099864,0.0,3181.4588067813593
RL-b1000000-a1.00,rl,0.0,-1,,-1,BT-v3,10012,0,1.0,1,0,0,gun_kill,43.06882134802012,78.69803924930436,5.887891328562278,5.151981461460311,36.860567737559805,0.04693705851395371,0.02348032038680114,0.0,3963.675182354671
RL-b1000000-a1.00,rl,0.0,-1,,-1,BT-v3,10012,1,0.0,0,0,1,gun_kill,115.25214207822145,74.07960453878259,55.414743616578285,6.89854354127024,95.1389848057196,0.034948101187575936,0.03435866454359765,0.0,5765.279533310048
RL-b1000000-a1.00,rl,0.0,-1,,-1,BT-v3,10013,0,0.5,0,1,0,timeout,105.56307824761224,76.10234624670399,15.26243589596894,0.61203923049269,63.81861509559774,0.031693839436988044,0.029063414679072922,0.0,4788.0545814807465
RL-b1000000-a1.00,rl,0.0,-1,,-1,BT-v3,10013,1,1.0,1,0,0,gun_kill,41.15043507635344,83.94100307258273,54.54121246808854,0.33816839880878646,45.67535236255479,0.038041214403022855,0.025551959911632262,0.0,3260.073301413059
RL-b1000000-a1.00,rl,0.0,-1,,-1,BT-v3,10014,0,0.5,0,1,0,timeout,77.07399262280353,18.84417543248712,67.87470803051063,6.801130752643438,87.24048367887674,0.04201259219542143,0.04590444630264335,0.0,5113.426321627809
RL-b1000000-a1.00,rl,0.0,-1,,-1,BT-v3,10014,1,0.0,0,0,1,gun_kill,116.03435451116245,37.20401032239805,40.67349933377571,4.09499290521548,76.90336203110192,0.03456685687703092,0.038780814629885065,0.0,4628.464926182005
RL-b1000000-a1.00,rl,0.0,-1,,-1,BT-v3,10015,0,1.0,1,0,0,gun_kill,77.00656056475555,41.770299234655816,73.31027749902665,2.128831698908014,80.94539621873142,0.032786933146003755,0.024696222527964887,0.0,5294.541898753327
RL-b1000000-a1.00,rl,0.0,-1,,-1,BT-v3,10015,1,1.0,1,0,0,gun_kill,109.1780302851565,48.21846950300378,46.999975209329406,5.271774858833731,45.464095858660315,0.03237962318441576,0.024534307116543735,0.0,4814.0453478514955
RL-b1000000-a1.00,rl,0.0,-1,,-1,BT-v3,10016,0,0.0,0,0,1,gun_kill,70.34432956593291,35.47171905096841,20.578772285394876,7.455313828827004,37.1719827209354,0.0366546130190052,0.03026836816828413,0.0,3474.9032349281993
RL-b1000000-a1.00,rl,0.0,-1,,-1,BT-v3,10016,1,1.0,1,0,0,gun_kill,34.47827507403246,81.07571803460092,57.90424228004433,2.0889260183702367,48.79513831807942,0.042718671403743115,0.040403275656217257,0.0,5800.575580935818
RL-b1000000-a1.00,rl,0.0,-1,,-1,BT-v3,10017,0,1.0,1,0,0,gun_kill,47.54633321324181,32.65603648145108,60.29325830873751,1.3083204430599293,62.889232607143825,0.003411469692196911,0.04209752455362042,0.0,3575.8726438871972
RL-b1000000-a1.00,rl,0.0,-1,,-1,BT-v3,10017,1,1.0,1,0,0,gun_kill,90.04249179226895,94.59155230199619,62.335247855748,6.3224635783471275,85.78532555491321,0.03356631249251959,0.02954737685611361,0.0,3655.1440961969342
RL-b1000000-a1.00,rl,0.0,-1,,-1,BT-v3,10018,0,0.0,0,0,1,gun_kill,51.8567206004719,26.448771698266103,43.34312856937442,7.344196716396835,77.34306785840235,0.03707117159577023,0.044373770631945586,0.0,5475.275069817513
RL-b1000000-a1.00,rl,0.0,-1,,-1,BT-v3,10018,1,1.0,1,0,0,gun_kill,62.46903261450305,76.26105846907426,1.3192115670047633,5.505976259921465,84.3095517990413,0.02348921415513691,0.04712302301187851,0.0,5976.893919737054
RL-b1000000-a1.00,rl,0.0,-1,,-1,BT-v3,10019,0,0.0,0,0,1,gun_kill,57.49066089186487,98.19176715783793,93.12436297851396,7.712523041809148,106.37703693157313,0.03555986011956065,0.056384124882879194,0.0,3201.189723224332
RL-b1000000-a1.00,rl,0.0,-1,,-1,BT-v3,10019,1,0.0,0,0,1,gun_kill,110.0256411538175,83.85308886630602,75.41181254194903,3.530103145443161,114.2887633049257,0.038154906542683276,0.025618570814177618,0.0,5683.319561829585
RL-b1000000-a1.00,rl,0.0,-1,,-1,BT-v3,10020,0,0.5,0,1,0,timeout,62.21116915771518,94.39447883408087,85.14676286828364,2.713076862085533,64.68690006155023,0.024486174081864664,0.027841045464561037,0.0,3614.284601732731
RL-b1000000-a1.00,rl,0.0,-1,,-1,BT-v3,10020,1,0.0,0,0,1,gun_kill,115.05256456933645,74.60466588701642,98.91901459501597,4.530030899227995,79.70655109297692,0.0383696318478746,0.047225719565516355,0.0,5975.98775272844
RL-b1000000-a1.00,rl,0.0,-1,,-1,BT-v3,10021,0,0.5,0,1,0,timeout,60.92344884230219,35.02991148488156,4.272186403472389,4.393547758939884,80.4695134845651,0.010510176375858028,0.04194677582536586,0.0,3370.8287462817925
RL-b1000000-a1.00,rl,0.0,-1,,-1,BT-v3,10021,1,0.5,0,1,0,timeout,116.08218084563403,51.28943484441864,95.66998971470139,6.568862876961513,49.51668490031298,0.06089370325519428,0.02991535964629514,0.0,4438.237665061299
RL-b1000000-a1.00,rl,0.0,-1,,-1,BT-v3,10022,0,0.0,0,0,1,gun_kill,34.77106873451956,12.54273438275748,29.805808839180514,7.7205257666424965,113.35532747985803,0.02803755181035332,0.04969723953023836,0.0,3315.4757856954284
RL-b1000000-a1.00,rl,0.0,-1,,-1,BT-v3,10022,1,1.0,1,0,0,gun_kill,84.08601679134267,78.79328589268627,21.54764410770754,1.457852896231973,93.43271493983966,0.03722903630642915,0.030258977613923155,0.0,4052.9294443071744
RL-b1000000-a1.00,rl,0.0,-1,,-1,BT-v3,10023,0,0.0,0,0,1,gun_kill,114.28369683216614,74.89216828214443,77.43282542894373,5.764555425430364,76.58116344977682,0.030076510140571736,0.04360662058281946,0.0,3104.317753226788
RL-b1000000-a1.00,rl,0.0,-1,,-1,BT-v3,10023,1,1.0,1,0,0,gun_kill,86.21266975846837,78.69837168252484,84.81538433537689,2.9887937709233423,60.55581217172127,0.03914135906975736,0.016335266220614035,0.0,5264.4467800892
RL-b1000000-a1.00,rl,0.0,-1,,-1,BT-v3,10024,0,0.0,0,0,1,gun_kill,118.28857970433542,49.873261009316174,55.95494808468313,1.235745244553181,95.62978293157045,0.02954050941764344,0.03156244759653598,0.0,4507.513839991512
RL-b1000000-a1.00,rl,0.0,-1,,-1,BT-v3,10024,1,0.0,0,0,1,gun_kill,71.70759894838397,46.409460972326514,42.777172573189624,4.689851053765703,46.82032925202182,0.025417134817479488,0.0304968196078843,0.0,5546.932535618846
RL-b1000000-a1.00,rl,0.0,-1,,-1,BT-v3,10025,0,0.5,0,1,0,timeout,49.75066224778695,73.3766676973907,12.748710398867825,0.5131610213791804,33.546039404882436,0.046830872928194905,0.03781116847739416,0.0,5083.696206487657
RL-b1000000-a1.00,rl,0.0,-1,,-1,BT-v3,10025,1,1.0,1,0,0,gun_kill,80.64822020072597,91.37969018951459,98.70170066400111,3.7281754225805583,72.7854076267116,0.022525821185551284,0.04664135140878553,0.0,5819.150768563135
RL-b1000000-a1.00,rl,0.0,-1,,-1,BT-v3,10026,0,1.0,1,0,0,gun_kill,111.39314535471915,65.94701185984957,27.879584802381373,0.9876674802055057,92.95420160068427,0.027549001033533638,0.04507623485937723,0.0,4819.174255739834
RL-b1000000-a1.00,rl,0.0,-1,,-1,BT-v3,10026,1,1.0,1,0,0,gun_kill,70.10722481622922,17.019233235064323,28.670199841138043,1.7037913906722517,90.89991084260114,0.03554351865971668,0.03739724764970765,0.0,4790.811933815854
RL-b1000000-a1.00,rl,0.0,-1,,-1,BT-v3,10027,0,0.5,0,1,0,timeout,74.8150941393726,61.68802524978757,18.482267594558767,3.6574516586995474,58.67854640751441,0.02884986967341203,0.043797361602492806,0.0,5878.538516900484
RL-b1000000-a1.00,rl,0.0,-1,,-1,BT-v3,10027,1,0.5,0,1,0,timeout,52.41891908785152,11.689917403424765,47.12037876793873,4.828796324220758,90.65250332809268,0.03278531091558575,0.036214434248428434,0.0,5202.439890494958
RL-b1000000-a1.00,rl,0.0,-1,,-1,BT-v3,10028,0,0.0,0,0,1,gun_kill,52.41635538700801,15.036980508839404,25.283949819357098,0.3577153341916146,89.86623363193827,0.03569353611291861,0.03423895051559219,0.0,4639.395511378389
RL-b1000000-a1.00,rl,0.0,-1,,-1,BT-v3,10028,1,0.0,0,0,1,gun_kill,118.60742266572777,76.5413868442649,62.921729409144525,3.7049083480140768,86.63128175488802,0.02616033086867913,0.025640173960673175,0.0,5230.269782783711
RL-b1000000-a1.00,rl,0.0,-1,,-1,BT-v3,10029,0,0.5,0,1,0,timeout,93.94968995195293,77.91572817567665,63.04719692753336,5.780113657098567,88.26919942155835,0.018221984843697334,0.030553379714424143,0.0,5512.113280274917
RL-b1000000-a1.00,rl,0.0,-1,,-1,BT-v3,10029,1,1.0,1,0,0,gun_kill,89.27544238174171,78.63147564731293,24.75008369256627,5.4609259804055945,46.159612937342416,0.041701838681759903,0.04706402744133087,0.0,4783.358052969476
RL-b1000000-a1.00,rl,0.0,-1,,-1,BT-v3,10030,0,0.5,0,1,0,timeout,68.31375323219203,43.70885436250915,89.69884910563171,5.553215142860452,117.85697738444273,0.04099307951564709,0.02919618226546919,0.0,5481.642380862852
RL-b1000000-a1.00,rl,0.0,-1,,-1,BT-v3,10030,1,0.5,0,1,0,timeout,47.027893700366874,14.282094786374111,10.9376812195637,3.4413032438061117,31.921647537970987,0.04476044310481402,0.03964055272913504,0.0,5299.825846438387
RL-b1000000-a1.00,rl,0.0,-1,,-1,BT-v3,10031,0,0.5,0,1,0,timeout,38.54019140078418,9.477754767982882,31.54136717852807,6.396968546873199,40.146727796695124,0.02095567636278223,0.05367730549377775,0.0,5625.497575754847
RL-b1000000-a1.00,rl,0.0,-1,,-1,BT-v3,10031,1,1.0,1,0,0,gun_kill,95.60670978419255,13.391847319540917,40.017741625733485,0.0663823085826083,66.51105754323282,0.01808777190709614,0.037008658077327436,0.0,5970.958594210399
RL-b1000000-a1.00,rl,0.0,-1,,-1,BT-v3,10032,0,0.0,0,0,1,gun_kill,77.24722147997427,21.26195459370357,55.679646763349965,0.15311237506672626,78.95441252928276,0.04528553180400218,0.022332808295395253,0.0,4625.61377378781
RL-b1000000-a1.00,rl,0.0,-1,,-1,BT-v3,10032,1,0.5,0,1,0,timeout,57.84941017500478,75.04569932843168,0.6536989594087328,5.228843862240842,119.80677047596586,0.040269388826274566,0.018835750763768287,0.0,5420.921572757447
RL-b1000000-a1.00,rl,0.0,-1,,-1,BT-v3,10033,0,0.0,0,0,1,gun_kill,83.13651591396066,14.03470118588378,82.69214123625102,4.987589295559921,84.22767909092936,0.015991334870657296,0.020498138421505243,0.0,4707.963556554777
RL-b1000000-a1.00,rl,0.0,-1,,-1,BT-v3,10033,1,1.0,1,0,0,gun_kill,63.27623111874567,23.66377199692903,78.72200201321739,4.763717402675726,109.25428721770044,0.033757088661475525,0.044361252101565635,0.0,4351.19235787082
RL-b1000000-a1.00,rl,0.0,-1,,-1,BT-v3,10034,0,1.0,1,0,0,gun_kill,68.60366533839166,67.88841394929486,39.95646367715554,7.785908441038695,32.29429277172808,0.04002334510738681,0.035831602602631026,0.0,3881.42802902444
RL-b1000000-a1.00,rl,0.0,-1,,-1,BT-v3,10034,1,1.0,1,0,0,gun_kill,61.103582810470215,79.22968891406832,1.5031407773594685,0.9302173196551529,84.14106583978456,0.04132457988080478,0.023684900462240636,0.0,4342.0356389019
RL-b1000000-a1.00,rl,0.0,-1,,-1,BT-v3,10035,0,1.0,1,0,0,gun_kill,36.67307299984287,54.10106104209269,31.612093094941073,7.240255643831479,38.15239177260157,0.04809010041803328,0.051044272336359636,0.0,3228.35363846072
RL-b1000000-a1.00,rl,0.0,-1,,-1,BT-v3,10035,1,1.0,1,0,0,gun_kill,47.674687497624774,36.82003681462036,19.80545445105565,4.527188667593851,95.55358704558559,0.036482683011425925,0.028555042276373,0.0,5590.568718162725
RL-b1000000-a1.00,rl,0.0,-1,,-1,BT-v3,10036,0,0.0,0,0,1,gun_kill,96.39375730571213,20.761480263730636,96.59192001491007,0.2546819573582413,53.956726687904556,0.04567600134302917,0.05156298146205185,0.0,4205.501171752438
RL-b1000000-a1.00,rl,0.0,-1,,-1,BT-v3,10036,1,0.0,0,0,1,gun_kill,85.96750528058013,93.57430936955986,66.48545061459832,3.2376437148474615,61.765610047850444,0.048151049784517605,0.03228084659563448,0.0,4395.7968355826215
RL-b1000000-a1.00,rl,0.0,-1,,-1,BT-v3,10037,0,0.0,0,0,1,gun_kill,72.83864929592542,11.192063085356397,75.78970331548113,1.0576218699510607,54.74602158363652,0.030811562877904018,0.0447670607508912,0.0,4711.964324423311
RL-b1000000-a1.00,rl,0.0,-1,,-1,BT-v3,10037,1,0.0,0,0,1,gun_kill,117.76443332323177,54.49211593847425,94.73207381424305,6.6099435759146195,112.77814126881441,0.037029071165533826,0.030199933605609953,0.0,4434.433707137143
RL-b1000000-a1.00,rl,0.0,-1,,-1,BT-v3,10038,0,0.0,0,0,1,gun_kill,35.00083448029011,99.35413759255233,29.2013577455728,0.05553024668999029,37.165673170842254,0.05667250129177407,0.026147675263804585,0.0,3608.3069646052945
RL-b1000000-a1.00,rl,0.0,-1,,-1,BT-v3,10038,1,0.5,0,1,0,timeout,43.17613727009184,89.20367923448754,50.23151336588108,6.253527350795241,81.59839929856501,0.033419724310993514,0.023341951563094605,0.0,3976.260518126207
RL-b1000000-a1.00,rl,0.0,-1,,-1,BT-v3,10039,0,1.0,1,0,0,gun_kill,68.47271331695129,34.204494651582564,51.17090684766031,6.806038231665757,30.552077828159277,0.03564477743314503,0.03166333653810311,0.0,3820.5944887058513
RL-b1000000-a1.00,rl,0.0,-1,,-1,BT-v3,10039,1,0.0,0,0,1,gun_kill,51.29282708954405,41.560277880804065,26.511097387299277,5.386308820373519,105.74752764581213,0.041697737665006514,0.031245327164783135,0.0,5558.916043246061
RL-b1000000-a1.00,rl,0.0,-1,,-1,BT-v3,10040,0,0.0,0,0,1,gun_kill,47.816553344943806,65.8380801061349,22.488226805513367,5.394559489723513,82.69227857240504,0.04593833905109485,0.042488010616780474,0.0,4856.4250870032265
RL-b1000000-a1.00,rl,0.0,-1,,-1,BT-v3,10040,1,1.0,1,0,0,gun_kill,55.95485525747097,73.10591295568261,24.650642639386543,4.578036396906232,97.24307632454304,0.03102944128393167,0.04110052545639871,0.0,4992.979404751819
RL-b1000000-a1.00,rl,0.0,-1,,-1,BT-v3,10041,0,0.0,0,0,1,gun_kill,60.99484209301622,31.720137417331916,24.65304100632293,6.112593761624373,82.98651601733948,0.02200918154339555,0.037784123567037586,0.0,4428.2552001378335
RL-b1000000-a1.00,rl,0.0,-1,,-1,BT-v3,10041,1,0.0,0,0,1,gun_kill,108.77888583511977,52.10631000171875,19.39590996198788,7.54811142627052,115.59228199132792,0.03193785282131297,0.029814496389943886,0.0,4027.524994076105
RL-b1000000-a1.00,rl,0.0,-1,,-1,BT-v3,10042,0,0.0,0,0,1,gun_kill,82.30225958882619,7.24941822013051,99.47467583983675,5.0268914821914334,84.43644057200699,0.05789548722366253,0.04566435942379739,0.0,3534.0786245918075
RL-b1000000-a1.00,rl,0.0,-1,,-1,BT-v3,10042,1,0.0,0,0,1,gun_kill,108.94361869536432,36.7859513019508,10.862546437988197,4.330463066566534,50.616810384304614,0.04847551801409331,0.04261705359846967,0.0,4730.805931401847
RL-b1000000-a1.00,rl,0.0,-1,,-1,BT-v3,10043,0,1.0,1,0,0,gun_kill,117.35389083646629,19.05257760907092,23.94889996749605,3.1283254739820254,75.88698514734617,0.034478331401577404,0.022160173751736408,0.0,4857.786922543769
RL-b1000000-a1.00,rl,0.0,-1,,-1,BT-v3,10043,1,0.0,0,0,1,gun_kill,40.35732909109633,91.52708797899393,17.86425674080977,6.64228651121056,38.201054016966495,0.03548853899310022,0.043984996219181394,0.0,4413.2953983139105
RL-b1000000-a1.00,rl,0.0,-1,,-1,BT-v3,10044,0,0.0,0,0,1,gun_kill,118.71302604884792,42.65601353072872,36.3817132317057,4.759864212841684,83.61057600844588,0.031076165166656858,0.026872417967112816,0.0,4730.762739619433
RL-b1000000-a1.00,rl,0.0,-1,,-1,BT-v3,10044,1,1.0,1,0,0,gun_kill,72.65592272702985,3.7714343262155725,59.382747312955686,6.011770303736166,111.8098651240966,0.027397464045534087,0.047292897047983104,0.0,3013.2179480112027
RL-b1000000-a1.00,rl,0.0,-1,,-1,BT-v3,10045,0,1.0,1,0,0,gun_kill,42.006367841611755,35.44080334175247,61.352532972651844,0.07016825722154962,70.41975943589634,0.03769618099730155,0.03859427599455797,0.0,4450.044853197653
RL-b1000000-a1.00,rl,0.0,-1,,-1,BT-v3,10045,1,0.5,0,1,0,timeout,113.87310946368827,6.769893077767753,1.8309415753263947,4.950818449294168,66.90765039093671,0.04650946636981293,0.029551756807945403,0.0,3537.30400355201
RL-b1000000-a1.00,rl,0.0,-1,,-1,BT-v3,10046,0,0.0,0,0,1,gun_kill,78.7041149341897,9.922567055905041,83.5065624326994,7.240355552889497,57.87126562654973,0.02854605226327587,0.03657668257394586,0.0,4976.854799127544
RL-b1000000-a1.00,rl,0.0,-1,,-1,BT-v3,10046,1,0.0,0,0,1,gun_kill,87.68965050168195,99.60338714940666,68.66065443012579,4.354523502652665,60.319314606033004,0.04102358845981329,0.03555705164382566,0.0,5281.398654200635
RL-b1000000-a1.00,rl,0.0,-1,,-1,BT-v3,10047,0,0.0,0,0,1,gun_kill,116.19199535151736,21.229136007739392,25.836540988039946,0.9018511026415474,54.273361981439564,0.03891489402359945,0.0172549940815611,0.0,5640.072101523347
RL-b1000000-a1.00,rl,0.0,-1,,-1,BT-v3,10047,1,0.0,0,0,1,gun_kill,74.7356297816543,21.342382904910473,4.672343673508861,4.5213042486599795,42.467383209927405,0.021530556553596106,0.03689497305960203,0.0,4813.500775753397
RL-b1000000-a1.00,rl,0.0,-1,,-1,BT-v3,10048,0,0.0,0,0,1,gun_kill,55.02254090286648,17.243862451680137,48.951587858854474,6.7144227052683645,93.02220006209677,0.030994054343852925,0.006863117674909065,0.0,3946.4459672121425
RL-b1000000-a1.00,rl,0.0,-1,,-1,BT-v3,10048,1,0.0,0,0,1,gun_kill,61.69518270777533,90.38217335685361,38.63470192697036,2.658051163827583,40.25933667818689,0.03762389081736832,0.024033050362961945,0.0,5913.27246264437
RL-b1000000-a1.00,rl,0.0,-1,,-1,BT-v3,10049,0,0.0,0,0,1,gun_kill,82.64271630386568,61.51113758375707,23.57329265159771,4.1205139378896725,41.23650922611024,0.03136082334409412,0.03232206075848771,0.0,5527.143450333375
RL-b1000000-a1.00,rl,0.0,-1,,-1,BT-v3,10049,1,1.0,1,0,0,gun_kill,115.48353797213632,73.82561377804171,95.09522817212824,2.2697565913881785,79.70644180510875,0.018468170924634552,0.02613464950411759,0.0,5870.618404796385
RL-b1000000-a1.00,rl,0.0,-1,,-1,BT-v3,10050,0,1.0,1,0,0,gun_kill,118.73000129829977,27.0916809700669,23.64767031635496,6.273766739528256,75.84881235116697,0.013650524970756583,0.0432477457028906,0.0,4911.208399875669
RL-b1000000-a1.00,rl,0.0,-1,,-1,BT-v3,10050,1,0.0,0,0,1,gun_kill,109.88197176157402,43.69687181889489,70.84851403344037,2.8345498639014357,45.72586532589328,0.03796950778223316,0.032933017000432774,0.0,5144.815540566775
RL-b1000000-a1.00,rl,0.0,-1,,-1,BT-v3,10051,0,1.0,1,0,0,gun_kill,110.31765592822012,51.17076484309692,85.63756136574345,0.3055821843844244,108.54253299955074,0.03079540820037865,0.03163043580346071,0.0,5019.528717561121
RL-b1000000-a1.00,rl,0.0,-1,,-1,BT-v3,10051,1,0.5,0,1,0,timeout,40.404555257859954,40.6239678486841,7.557442698354622,3.837933557896009,48.215004193041,0.023344421409830618,0.02994096526177764,0.0,4354.054883062688
RL-b1000000-a1.00,rl,0.0,-1,,-1,BT-v3,10052,0,0.5,0,1,0,timeout,88.85266484301087,18.5771144896126,25.024972431020675,3.5905360615935757,102.3471806556298,0.033410457924644775,0.03897300575943377,0.0,4474.759241045251
RL-b1000000-a1.00,rl,0.0,-1,,-1,BT-v3,10052,1,1.0,1,0,0,gun_kill,105.02697597252786,86.25213749265231,40.592958569561766,7.713240818146675,57.947503153816356,0.03810929590906889,0.047261335248252156,0.0,4107.988890466335
RL-b1000000-a1.00,rl,0.0,-1,,-1,BT-v3,10053,0,0.0,0,0,1,gun_kill,60.00734466827356,76.69853425847126,51.62723129091062,5.418834292214184,46.26927028456448,0.04504555900196988,0.031298242792659095,0.0,3325.3984120190635
RL-b1000000-a1.00,rl,0.0,-1,,-1,BT-v3,10053,1,0.0,0,0,1,gun_kill,35.40242445529094,5.528126318540616,22.769350260947085,6.183048909242541,110.4141504103252,0.032882004006165096,0.03367729581074575,0.0,5540.113428708426
RL-b1000000-a1.00,rl,0.0,-1,,-1,BT-v3,10054,0,0.0,0,0,1,gun_kill,115.9161192044688,31.4584877681066,1.5971321301729624,6.017744533142918,41.69562077521516,0.03819961895292242,0.04561475241646791,0.0,3379.1917533947544
RL-b1000000-a1.00,rl,0.0,-1,,-1,BT-v3,10054,1,0.0,0,0,1,gun_kill,105.07921474132289,54.368729945990836,76.4088298009594,6.819721319541464,67.76306243517188,0.03447401427248428,0.03263398185368642,0.0,4914.070750037484
RL-b1000000-a1.00,rl,0.0,-1,,-1,BT-v3,10055,0,0.5,0,1,0,timeout,74.605657947689,31.805109616700722,21.092540870281773,3.599356520981714,37.36864527686203,0.04569557196426636,0.04713071265800624,0.0,3866.2850541034277
RL-b1000000-a1.00,rl,0.0,-1,,-1,BT-v3,10055,1,0.0,0,0,1,gun_kill,105.62354620898982,24.59852372184853,23.568252318850767,4.055718040969685,90.22647514160093,0.027857152509978132,0.03763571619948199,0.0,5185.903195761253
RL-b1000000-a1.00,rl,0.0,-1,,-1,BT-v3,10056,0,1.0,1,0,0,gun_kill,86.39714292775633,99.58747420344127,90.69160195230975,4.196793671470203,42.68868088328857,0.044119812017003796,0.03953521217111272,0.0,5254.4548478835695
RL-b1000000-a1.00,rl,0.0,-1,,-1,BT-v3,10056,1,0.0,0,0,1,gun_kill,99.59246611372794,32.19851869561759,94.6538090916494,1.4088072516925134,66.50354978150239,0.013966868329822593,0.0525538445779075,0.0,4992.157795416517
RL-b1000000-a1.00,rl,0.0,-1,,-1,BT-v3,10057,0,1.0,1,0,0,gun_kill,57.11347083589036,6.338444364647334,70.4274890459682,6.234958425434366,44.27698278365208,0.04612311821616173,0.049322706966076144,0.0,5658.656858780949
RL-b1000000-a1.00,rl,0.0,-1,,-1,BT-v3,10057,1,0.5,0,1,0,timeout,108.19441264677909,87.35264847993733,59.14446771039626,5.519182147715157,108.7544130377356,0.03991306084776454,0.04735859577697783,0.0,4098.065908521713
RL-b1000000-a1.00,rl,0.0,-1,,-1,BT-v3,10058,0,0.0,0,0,1,gun_kill,107.76704186696752,44.840160447145074,41.84467976980755,5.515935300965691,35.203148336406834,0.04170039923552245,0.028784807278297565,0.0,3470.26473826829
RL-b1000000-a1.00,rl,0.0,-1,,-1,BT-v3,10058,1,1.0,1,0,0,gun_kill,55.17522617208793,39.01291105261436,24.241004756671014,3.7215968303849207,91.21417633465222,0.020617152689260905,0.046074577994603315,0.0,3727.27338707176
RL-b1000000-a1.00,rl,0.0,-1,,-1,BT-v3,10059,0,0.5,0,1,0,timeout,117.77798082622058,19.170672704149936,29.321407646198992,4.985541869669237,55.32735650183448,0.014427214901168522,0.013527467102450463,0.0,4663.842503650924
RL-b1000000-a1.00,rl,0.0,-1,,-1,BT-v3,10059,1,0.0,0,0,1,gun_kill,81.45125069583125,89.71357686627708,48.11362541996541,0.9896532794872419,87.2492359657379,0.033658999324769276,0.029004833837658395,0.0,4794.6678730893855
RL-b1000000-a1.00,rl,0.0,-1,,-1,BT-v3,10060,0,0.0,0,0,1,gun_kill,73.62896073787601,32.62157098663475,52.92636569383284,5.5038100598743664,110.95903273518984,0.051611642859844375,0.05183574661070358,0.0,5931.375543919972
RL-b1000000-a1.00,rl,0.0,-1,,-1,BT-v3,10060,1,1.0,1,0,0,gun_kill,100.54720180537407,89.64161370612183,64.43076159476767,7.28228987750373,106.61245267997191,0.032328086915176905,0.054368310402234304,0.0,4775.15271438647
RL-b1000000-a1.00,rl,0.0,-1,,-1,BT-v3,10061,0,1.0,1,0,0,gun_kill,106.49266779746605,67.05255341677939,29.13588757703599,5.450923241032781,86.40392577034119,0.05850883991156746,0.03638335447363356,0.0,4371.996713740251
RL-b1000000-a1.00,rl,0.0,-1,,-1,BT-v3,10061,1,1.0,1,0,0,gun_kill,88.48883845706592,7.878529815678936,16.789840001670655,3.092540839353738,85.29389953491126,0.029427824928785568,0.030481443850883135,0.0,3718.657702185937
RL-b1000000-a1.00,rl,0.0,-1,,-1,BT-v3,10062,0,0.0,0,0,1,gun_kill,66.65782222887631,43.275088468311004,34.13222010071164,6.202264304538132,91.34984757626954,0.04764415801065486,0.033989880874028024,0.0,5967.7949550174835
RL-b1000000-a1.00,rl,0.0,-1,,-1,BT-v3,10062,1,0.5,0,1,0,timeout,59.67989480759907,8.908701508061167,87.1453804798027,5.067621633554346,85.01438305489718,0.043349273869719235,0.025769641785326952,0.0,5357.027745322057
RL-b1000000-a1.00,rl,0.0,-1,,-1,BT-v3,10063,0,1.0,1,0,0,gun_kill,44.39307757420148,13.761018238337975,50.47692043079134,4.816919002824491,39.64384046591638,0.02958886973195981,0.03276370177462081,0.0,3692.4323007010166
RL-b1000000-a1.00,rl,0.0,-1,,-1,BT-v3,10063,1,0.0,0,0,1,gun_kill,53.3519621279853,7.1509148467934995,20.34664432001606,5.784287699559274,61.07728696823183,0.043197763625734104,0.04263065980601693,0.0,3648.462767479279
RL-b1000000-a1.00,rl,0.0,-1,,-1,BT-v3,10064,0,1.0,1,0,0,gun_kill,96.3037795028871,35.928410187512036,76.69139725764148,7.433201686278841,68.60109988046973,0.02723254913875889,0.03666267469240104,0.0,5243.371044027675
RL-b1000000-a1.00,rl,0.0,-1,,-1,BT-v3,10064,1,1.0,1,0,0,gun_kill,117.41595654804507,80.1719491499816,75.9391882368546,7.592207899399456,34.768009175005496,0.020900040253686865,0.04212765996459351,0.0,3073.6767665707707
RL-b1000000-a1.00,rl,0.0,-1,,-1,BT-v3,10065,0,0.0,0,0,1,gun_kill,65.69790860983554,19.620093972308737,62.14472509549168,5.475673337387017,58.78365501885813,0.03230807764162768,0.033384192327896724,0.0,5014.833190915345
RL-b1000000-a1.00,rl,0.0,-1,,-1,BT-v3,10065,1,1.0,1,0,0,gun_kill,112.5361570760429,39.060928762453784,34.640050001721924,2.6502501020486724,46.0611077092293,0.021632427965231463,0.04243902462740237,0.0,5114.765001042209
RL-b1000000-a1.00,rl,0.0,-1,,-1,BT-v3,10066,0,1.0,1,0,0,gun_kill,62.96076781505068,5.774645520179522,1.8713838540235117,1.6114968063800417,101.09353596125098,0.04402256433296518,0.017612993552538106,0.0,5827.319160515149
RL-b1000000-a1.00,rl,0.0,-1,,-1,BT-v3,10066,1,1.0,1,0,0,gun_kill,94.24108160130302,0.4680192783444559,95.48010236407988,4.838489164539823,95.09411577651777,0.022555259405538375,0.03794156714770926,0.0,5411.11681801677
RL-b1000000-a1.00,rl,0.0,-1,,-1,BT-v3,10067,0,0.5,0,1,0,timeout,81.95915996036628,69.05011425276018,17.8360999559384,0.7290536156474738,117.24213141116833,0.027868369935771464,0.034036337062093004,0.0,3671.8628205463733
RL-b1000000-a1.00,rl,0.0,-1,,-1,BT-v3,10067,1,1.0,1,0,0,gun_kill,83.84571668155992,82.06658969695046,13.910472517812023,1.4167875733808852,32.75810257109773,0.05036529308402371,0.04646371912984365,0.0,5990.719928453946
RL-b1000000-a1.00,rl,0.0,-1,,-1,BT-v3,10068,0,0.5,0,1,0,timeout,82.05378794194729,41.3905642887625,13.159283030626456,5.294894653976665,97.02452118890113,0.03834378636333834,0.04251174281376562,0.0,3214.91677096259
RL-b1000000-a1.00,rl,0.0,-1,,-1,BT-v3,10068,1,0.0,0,0,1,gun_kill,37.860582306297765,71.04813271501561,7.495717577410598,1.0473205629724127,91.02939566484511,0.038543835066166265,0.045331833641192205,0.0,3385.181108037187
RL-b1000000-a1.00,rl,0.0,-1,,-1,BT-v3,10069,0,1.0,1,0,0,gun_kill,94.72588771257873,97.8310271790944,29.781195108442727,2.6137212213566876,54.466509859380594,0.03548931924348734,0.01188969588669295,0.0,4609.362770480902
RL-b1000000-a1.00,rl,0.0,-1,,-1,BT-v3,10069,1,0.0,0,0,1,gun_kill,73.0101857132995,31.69385906002613,30.853901008067808,7.734082755562076,102.96934542977205,0.03539848608586342,0.004827529350099748,0.0,3380.5381658648716
RL-b1000000-a1.00,rl,0.0,-1,,-1,BT-v3,10070,0,0.0,0,0,1,gun_kill,53.62956409423639,26.613884080207594,95.42355193952304,4.303559167019479,52.35122608934212,0.037941343714857155,0.05847586639342419,0.0,5174.521753712652
RL-b1000000-a1.00,rl,0.0,-1,,-1,BT-v3,10070,1,0.5,0,1,0,timeout,61.15933913410816,89.16328802548396,71.36838446162211,3.086593633731556,106.98932925141239,0.0267928556015583,0.03512391232954798,0.0,4284.028986349982
RL-b1000000-a1.00,rl,0.0,-1,,-1,BT-v3,10071,0,0.5,0,1,0,timeout,45.259535988370324,7.720698491265066,42.61006096876009,5.989369751657284,62.39758161281202,0.030241962696390054,0.04046568683553914,0.0,3076.6398080814233
RL-b1000000-a1.00,rl,0.0,-1,,-1,BT-v3,10071,1,0.0,0,0,1,gun_kill,90.65881377698315,79.71620586137985,73.45808531125245,5.068298728241779,73.03856854161344,0.036418733841817666,0.06162543483644796,0.0,5130.660234762721
RL-b1000000-a1.00,rl,0.0,-1,,-1,BT-v3,10072,0,0.5,0,1,0,timeout,99.08847231034092,51.254249290094876,69.21352305226699,3.2739044795420877,42.05311314716477,0.01230274766021332,0.04803875518116885,0.0,4057.4260573110887
RL-b1000000-a1.00,rl,0.0,-1,,-1,BT-v3,10072,1,1.0,1,0,0,gun_kill,64.8477962303883,21.84303347137535,87.12482094480679,4.547079897560358,52.4377869621571,0.013878878392411538,0.04538598018367395,0.0,4924.585780218881
RL-b1000000-a1.00,rl,0.0,-1,,-1,BT-v3,10073,0,0.0,0,0,1,gun_kill,119.20069489319134,29.870372413628555,11.45812553322585,7.433828759472667,43.12459387800053,0.020306165587212748,0.04016812993392031,0.0,3234.0870220017146
RL-b1000000-a1.00,rl,0.0,-1,,-1,BT-v3,10073,1,0.5,0,1,0,timeout,76.24156965337997,41.28477448594725,0.8759137724893229,5.566044006719764,48.03819099039265,0.023025151614084416,0.04205314364669504,0.0,3051.527181840244
RL-b1000000-a1.00,rl,0.0,-1,,-1,BT-v3,10074,0,1.0,1,0,0,gun_kill,41.26404851501318,47.05554976282029,52.73667191989569,1.660603616163825,86.0643221610355,0.0358975136649992,0.04287117069623449,0.0,4966.114732838745
RL-b1000000-a1.00,rl,0.0,-1,,-1,BT-v3,10074,1,0.0,0,0,1,gun_kill,82.05793957218367,32.0212173977231,26.613079399561446,6.65839003622314,45.18130234881956,0.048943053856881004,0.03922065052338435,0.0,4594.7500877971515
RL-b1000000-a1.00,rl,0.0,-1,,-1,BT-v3,10075,0,0.0,0,0,1,gun_kill,36.00044594057439,44.9613409458066,9.739015593480183,0.923806234555812,107.13436025050449,0.029740194634203222,0.042735636946180273,0.0,3043.266771295844
RL-b1000000-a1.00,rl,0.0,-1,,-1,BT-v3,10075,1,0.0,0,0,1,gun_kill,94.14580520741832,8.27182045177639,19.202186913987262,4.02979980623107,74.60209467365553,0.056827062931615685,0.055631139221836615,0.0,5380.8801931027065
RL-b1000000-a1.00,rl,0.0,-1,,-1,BT-v3,10076,0,1.0,1,0,0,gun_kill,102.17249704358335,31.979429373942768,49.38210695122409,3.3989325710015317,119.09716411921778,0.042276100263764424,0.032743907488168314,0.0,3061.169823165986
RL-b1000000-a1.00,rl,0.0,-1,,-1,BT-v3,10076,1,0.0,0,0,1,gun_kill,43.520342035400695,65.2725184492314,18.00088666933195,7.424656234733835,43.51760558129675,0.016407700501656214,0.028065002780399858,0.0,5280.162482564677
RL-b1000000-a1.00,rl,0.0,-1,,-1,BT-v3,10077,0,0.5,0,1,0,timeout,117.28616042447064,69.9510247845908,49.99283332813184,4.600670733504134,62.4699511353247,0.03749906086701368,0.03652311455954052,0.0,3410.069278081367
RL-b1000000-a1.00,rl,0.0,-1,,-1,BT-v3,10077,1,1.0,1,0,0,gun_kill,78.25589468306416,96.81471896839902,54.38961416572346,7.3886563522704245,95.82711735533258,0.012906219479614914,0.02666915308968378,0.0,4580.18038957534
RL-b1000000-a1.00,rl,0.0,-1,,-1,BT-v3,10078,0,1.0,1,0,0,gun_kill,43.80807421969213,6.974331784097032,87.19877160281959,4.873594137158167,58.905202121878716,0.03941726455319124,0.030436943535669964,0.0,5385.653634551337
RL-b1000000-a1.00,rl,0.0,-1,,-1,BT-v3,10078,1,0.0,0,0,1,gun_kill,42.67168377042822,98.49402991077622,1.535596929948424,1.304065317416617,49.09284465913305,0.030506969380224336,0.03801774913025898,0.0,5198.898232230932
RL-b1000000-a1.00,rl,0.0,-1,,-1,BT-v3,10079,0,0.0,0,0,1,gun_kill,65.87497716510097,32.16249521894722,10.979343715292277,4.478008528634312,59.93418965970284,0.035983469874190155,0.02456901425406429,0.0,5832.633673563601
RL-b1000000-a1.00,rl,0.0,-1,,-1,BT-v3,10079,1,0.0,0,0,1,gun_kill,74.00369155199581,57.92068372484799,57.51739187226059,0.37658963410289914,113.60776819672216,0.037969468105229526,0.03493190126797152,0.0,3217.748979930334
RL-b1000000-a1.00,rl,0.0,-1,,-1,BT-v3,10080,0,0.0,0,0,1,gun_kill,76.08770967381645,18.452190114985612,8.193143213473908,2.4730399127867146,72.09536429324051,0.023732561957269725,0.024307135678870467,0.0,3017.769649746766
RL-b1000000-a1.00,rl,0.0,-1,,-1,BT-v3,10080,1,0.5,0,1,0,timeout,90.5603948463249,63.00485603608752,53.79698231902557,6.292774145547559,57.30558174416815,0.04585074633625066,0.017688233927903797,0.0,3372.220809117708
RL-b1000000-a1.00,rl,0.0,-1,,-1,BT-v3,10081,0,0.0,0,0,1,gun_kill,49.89298441389384,43.53526958587375,57.761931811016396,5.6846322445378075,81.96578954598901,0.050938005592558865,0.0428101743905687,0.0,5478.56545705133
RL-b1000000-a1.00,rl,0.0,-1,,-1,BT-v3,10081,1,0.5,0,1,0,timeout,30.366341791683706,83.46471811147069,72.98541442151362,3.064685663013253,96.65091307608668,0.036821357942371485,0.03082937142613218,0.0,5850.398259611763
RL-b1000000-a1.00,rl,0.0,-1,,-1,BT-v3,10082,0,1.0,1,0,0,gun_kill,97.46667508286545,74.33851481955261,59.12175017271327,4.5419621436409,33.95940118114034,0.02515756691334041,0.03769455125830474,0.0,5619.71242689736
RL-b1000000-a1.00,rl,0.0,-1,,-1,BT-v3,10082,1,0.0,0,0,1,gun_kill,43.60968065049928,21.69470291817892,53.60672729667545,6.28744730469736,95.3020694694379,0.02787255396052608,0.026858316867025847,0.0,5528.003281571083
RL-b1000000-a1.00,rl,0.0,-1,,-1,BT-v3,10083,0,1.0,1,0,0,gun_kill,85.16114984530321,97.02899245380053,55.12025736920067,4.25078132120617,83.04358562429606,0.03382871623508932,0.04299343954512997,0.0,3756.587169146968
RL-b1000000-a1.00,rl,0.0,-1,,-1,BT-v3,10083,1,1.0,1,0,0,gun_kill,105.56392190250892,90.06979012021678,90.43761549227969,6.66146522896029,70.7727447470834,0.018788626985074955,0.03687408188011871,0.0,4733.832232625841
RL-b1000000-a1.00,rl,0.0,-1,,-1,BT-v3,10084,0,1.0,1,0,0,gun_kill,88.39380990821478,47.5642881541717,94.98482134972342,3.2020504429622587,47.22731107585595,0.02268939671959302,0.022027490607490142,0.0,4091.6581965611235
RL-b1000000-a1.00,rl,0.0,-1,,-1,BT-v3,10084,1,0.0,0,0,1,gun_kill,76.73730785280078,21.135495854874364,39.708698880937646,2.6538171177231646,48.529029086548746,0.02938592190306837,0.037067650944724084,0.0,4221.348256654289
RL-b1000000-a1.00,rl,0.0,-1,,-1,BT-v3,10085,0,1.0,1,0,0,gun_kill,30.125207847642905,4.229934650854283,13.880456614347715,7.394499666963656,94.25739578114145,0.046108791921852715,0.04034780603236414,0.0,3661.0208174387462
RL-b1000000-a1.00,rl,0.0,-1,,-1,BT-v3,10085,1,1.0,1,0,0,gun_kill,67.52079251314815,74.41190135374684,73.1629380965692,0.9879898052613134,49.31469309683921,0.056451848680721284,0.0472209133953868,0.0,4510.570533418333
RL-b1000000-a1.00,rl,0.0,-1,,-1,BT-v3,10086,0,1.0,1,0,0,gun_kill,94.00529969460585,75.67424848348169,23.267276200147013,0.0940488345809598,53.59837848502405,0.0352062977042341,0.03408315366358367,0.0,4476.756532996219
RL-b1000000-a1.00,rl,0.0,-1,,-1,BT-v3,10086,1,1.0,1,0,0,gun_kill,105.28051226051505,20.124791326725333,89.31169737277203,4.924043496019931,34.12558105376489,0.02023201914270248,0.04729864579103708,0.0,4717.08137854797
RL-b1000000-a1.00,rl,0.0,-1,,-1,BT-v3,10087,0,0.0,0,0,1,gun_kill,95.65528897155166,66.5920561832835,59.19998233542072,3.8913402775103876,113.99663480996814,0.03595690992600393,0.012864232006076493,0.0,5830.714058905263
RL-b1000000-a1.00,rl,0.0,-1,,-1,BT-v3,10087,1,1.0,1,0,0,gun_kill,98.20947469138366,36.70929833378474,17.511680870502044,6.438317914894173,38.28667431881306,0.04207339503043946,0.03390535158047769,0.0,3201.7933326339653
RL-b1000000-a1.00,rl,0.0,-1,,-1,BT-v3,10088,0,1.0,1,0,0,gun_kill,66.9896991948042,77.49504670129623,38.48461813945655,2.7994604561551766,47.43028749521032,0.018812071385158925,0.059462236282342304,0.0,4682.711440249592
RL-b1000000-a1.00,rl,0.0,-1,,-1,BT-v3,10088,1,0.5,0,1,0,timeout,46.61569788248192,78.8933462510087,20.020766712944827,5.523387503159587,95.61154205364336,0.04737330030961029,0.025697501487628262,0.0,4765.06484336576
RL-b1000000-a1.00,rl,0.0,-1,,-1,BT-v3,10089,0,0.0,0,0,1,gun_kill,116.21754590924378,14.460725244104989,60.73670788889771,3.854415893563422,50.31441292797139,0.02218067383246841,0.03602408040004583,0.0,4458.200806878048
RL-b1000000-a1.00,rl,0.0,-1,,-1,BT-v3,10089,1,0.0,0,0,1,gun_kill,104.21356937789318,47.89944383286484,68.19968779243764,7.723658926287689,68.67637614897183,0.03556852506181179,0.03629439026286076,0.0,3386.2015774122037
RL-b1000000-a1.00,rl,0.0,-1,,-1,BT-v3,10090,0,0.5,0,1,0,timeout,54.001653509044345,7.339413047200138,41.29818424090209,6.799886001813538,70.78437860263145,0.03198045657601542,0.03289137527073141,0.0,5646.334558200189
RL-b1000000-a1.00,rl,0.0,-1,,-1,BT-v3,10090,1,0.5,0,1,0,timeout,50.00807027166364,80.36537980777783,91.92818490975446,4.702654595389831,80.14384095908538,0.03869009992110661,0.03573731310966804,0.0,3697.0667255622234
RL-b1000000-a1.00,rl,0.0,-1,,-1,BT-v3,10091,0,0.0,0,0,1,gun_kill,76.71008931038395,19.914557199844374,92.84774348737281,5.296242692073286,114.56744430520278,0.026165056284519466,0.05123966143308881,0.0,4543.390730104098
RL-b1000000-a1.00,rl,0.0,-1,,-1,BT-v3,10091,1,1.0,1,0,0,gun_kill,97.95213302530998,5.195051073843215,15.733264075829666,1.1463267126585457,50.83768520073034,0.051676257451002905,0.02629490886746711,0.0,5205.152430297865
RL-b1000000-a1.00,rl,0.0,-1,,-1,BT-v3,10092,0,0.5,0,1,0,timeout,92.63078378697247,57.275605437581014,85.67884074523889,7.820263187224341,92.26991148396297,0.031138733786544748,0.04108822570803715,0.0,4057.894890718902
RL-b1000000-a1.00,rl,0.0,-1,,-1,BT-v3,10092,1,0.0,0,0,1,gun_kill,67.32952186513496,82.00960407424756,9.528917685570127,3.2501742678391494,71.85374472509434,0.030256509298796405,0.04279647942101658,0.0,4222.47998748259
RL-b1000000-a1.00,rl,0.0,-1,,-1,BT-v3,10093,0,0.5,0,1,0,timeout,95.32045706323336,63.57575411938377,2.103475279204825,0.3921127400322524,97.26389288432472,0.04990726701886722,0.054682264203274863,0.0,4848.119678261892
RL-b1000000-a1.00,rl,0.0,-1,,-1,BT-v3,10093,1,1.0,1,0,0,gun_kill,51.47821405250102,89.7863830634177,95.18270035922465,2.365962659340221,101.53177553253988,0.041893194951002403,0.02528290757843046,0.0,3079.5372414731723
RL-b1000000-a1.00,rl,0.0,-1,,-1,BT-v3,10094,0,0.5,0,1,0,timeout,73.10914341615623,58.42780525728584,49.02848374798072,3.324425288062959,34.894051610789816,0.03106481704714989,0.03121564628946877,0.0,3967.44780082542
RL-b1000000-a1.00,rl,0.0,-1,,-1,BT-v3,10094,1,0.0,0,0,1,gun_kill,88.36915138822043,86.02150259626167,53.67540822709815,5.148927329263772,96.28574726384407,0.024874117521842858,0.02448029769218587,0.0,5320.06576967229
RL-b1000000-a1.00,rl,0.0,-1,,-1,BT-v3,10095,0,1.0,1,0,0,gun_kill,112.50634085171137,3.4976086263598383,90.52968632752176,3.889701207006029,54.290682273461556,0.03310696336417051,0.014789524046820861,0.0,5339.715087766481
RL-b1000000-a1.00,rl,0.0,-1,,-1,BT-v3,10095,1,0.5,0,1,0,timeout,78.61310300986722,69.02630017667394,37.90120460177431,1.8285503757776302,65.27044031607753,0.03728736107477032,0.028468290505218083,0.0,5279.457050649222
RL-b1000000-a1.00,rl,0.0,-1,,-1,BT-v3,10096,0,0.0,0,0,1,gun_kill,87.07958060817576,62.65892499721547,98.10526604979157,3.8381312146893967,107.73813325162973,0.024416710566105188,0.033096961186349014,0.0,5144.286163896946
RL-b1000000-a1.00,rl,0.0,-1,,-1,BT-v3,10096,1,0.0,0,0,1,gun_kill,74.24317697945602,40.93449655332322,73.48773168098054,4.1335115592451395,92.0930196018946,0.054021952557780056,0.049739061003833004,0.0,3872.126463610226
RL-b1000000-a1.00,rl,0.0,-1,,-1,BT-v3,10097,0,1.0,1,0,0,gun_kill,101.46713255856183,78.41051337735466,17.4359827590189,3.433059226603657,38.1176529909194,0.042455911192608935,0.02993142070490291,0.0,5388.0972084530895
RL-b1000000-a1.00,rl,0.0,-1,,-1,BT-v3,10097,1,0.0,0,0,1,gun_kill,103.49909161509278,57.82906773955282,72.18136644845131,6.243434693603987,61.14015547500666,0.022375834800805912,0.028804216334054368,0.0,3361.0002288488745
RL-b1000000-a1.00,rl,0.0,-1,,-1,BT-v3,10098,0,0.0,0,0,1,gun_kill,94.7055761296056,29.354589304223644,84.73987511705684,3.863436690236729,96.822885537853,0.051657121264745684,0.026860983469681902,0.0,4575.8813198387725
RL-b1000000-a1.00,rl,0.0,-1,,-1,BT-v3,10098,1,1.0,1,0,0,gun_kill,30.365288972200663,93.75906529701328,33.23934193874215,3.2503946929472898,78.82638563436734,0.04507988049086572,0.04301324411073122,0.0,5195.040074386603
RL-b1000000-a1.00,rl,0.0,-1,,-1,BT-v3,10099,0,0.5,0,1,0,timeout,117.11287331154399,45.329198861200894,12.71741031612914,0.6960788040209049,89.9973408805463,0.030933840795254956,0.040968893566700484,0.0,4858.781410422462
RL-b1000000-a1.00,rl,0.0,-1,,-1,BT-v3,10099,1,1.0,1,0,0,gun_kill,115.3058499210549,60.00970137160778,39.70906448017073,7.403447757588587,38.35692063075682,0.017426292283969375,0.028888605124822622,0.0,4104.262189469806
HYB-b3000000-a0.50,hybrid,0.0,-1,,-1,BT-v2,10000,0,0.0,0,0,1,gun_kill,36.36089703937513,91.91751069768924,40.07030366245885,2.0037964595900437,64.47360270121412,0.004476346360922877,0.01081168455208151,0.0,3834.326324335808
HYB-b3000000-a0.50,hybrid,0.0,-1,,-1,BT-v2,10000,1,1.0,1,0,0,gun_kill,52.125893503911016,96.42882908535479,64.72125630018397,0.10236739494515223,92.63673222415592,0.007263865560652466,0.019683545486651577,0.0,5619.218601947301
HYB-b3000000-a0.50,hybrid,0.0,-1,,-1,BT-v2,10001,0,0.0,0,0,1,gun_kill,63.67156683084796,63.07378391988424,63.692486481720444,4.414844460679414,66.68578318432498,0.008869073744202781,0.013298577394150348,0.0,4149.08441562598
HYB-b3000000-a0.50,hybrid,0.0,-1,,-1,BT-v2,10001,1,0.0,0,0,1,gun_kill,99.49986164560798,31.953355080133704,98.89015166713455,7.098196322210658,74.72206797447734,0.010038998739583412,0.010224560387775973,0.0,4623.012171023714
HYB-b3000000-a0.50,hybrid,0.0,-1,,-1,BT-v2,10002,0,0.0,0,0,1,gun_kill,105.24502017156678,29.99047277515806,25.69910853035039,3.1910116319450985,96.48208172309293,0.019240004342844647,0.012992538935253255,0.0,5942.532835243214
HYB-b3000000-a0.50,hybrid,0.0,-1,,-1,BT-v2,10002,1,1.0,1,0,0,gun_kill,59.12903273136696,96.45735234952265,50.99363252605108,2.5327086488244124,66.25130072573863,0.016605065155430098,0.007114015228076424,0.0,5446.271172443698
HYB-b3000000-a0.50,hybrid,0.0,-1,,-1,BT-v2,10003,0,1.0,1,0,0,gun_kill,68.96557995305797,91.58562176010605,85.82562659948184,5.526610044241116,73.29631339710706,0.010114602446954415,0.012131389594870508,0.0,5805.373716214091
HYB-b3000000-a0.50,hybrid,0.0,-1,,-1,BT-v2,10003,1,0.5,0,1,0,timeout,50.70826862513772,68.2167501079239,77.23185379356192,2.827530644174873,33.520605404942344,0.014162789690772962,0.010454991895787323,0.0,4101.558032652689
HYB-b3000000-a0.50,hybrid,0.0,-1,,-1,BT-v2,10004,0,1.0,1,0,0,gun_kill,44.475946385197034,77.03691311051641,3.7360192865512953,6.731230054144161,88.6794145190938,0.014275227900281904,0.010099896954572715,0.0,3503.2930039651956
HYB-b3000000-a0.50,hybrid,0.0,-1,,-1,BT-v2,10004,1,0.5,0,1,0,timeout,33.624282588459145,56.75892372615653,74.28436070474723,4.573498987857314,80.11406209636503,0.009822962077834426,0.013225958689391472,0.0,3301.7397838957963
HYB-b3000000-a0.50,hybrid,0.0,-1,,-1,BT-v2,10005,0,0.5,0,1,0,timeout,49.92730760024422,88.81684165694692,61.08995675224098,7.0937727604190925,118.62260651806056,0.006257507638595967,0.009744097323410432,0.0,4517.24697212136
HYB-b3000000-a0.50,hybrid,0.0,-1,,-1,BT-v2,10005,1,1.0,1,0,0,gun_kill,86.77293421409777,1.259465902501855,5.7809979571360355,4.2759263152656155,118.20057313694244,0.015587902626198503,0.015641553590728583,0.0,4521.105128769029
HYB-b3000000-a0.50,hybrid,0.0,-1,,-1,BT-v2,10006,0,1.0,1,0,0,gun_kill,85.37740930066262,43.02048679934184,49.47162602276468,7.35628895824237,74.59169791432109,0.006090155766300335,0.004647135969349038,0.0,3289.9498173651423
HYB-b3000000-a0.50,hybrid,0.0,-1,,-1,BT-v2,10006,1,0.5,0,1,0,timeout,106.81567080373613,79.43131982627177,13.228845737507788,0.4647801622218921,36.49701554211923,0.015359928120917844,0.010317541611805068,0.0,4208.9599517354145
HYB-b3000000-a0.50,hybrid,0.0,-1,,-1,BT-v2,10007,0,0.0,0,0,1,gun_kill,91.49648414197621,65.22528677481574,88.5351472208997,1.240615121953562,96.85373109781086,0.016412695146110032,0.014420299500868808,0.0,3652.311866965283
HYB-b3000000-a0.50,hybrid,0.0,-1,,-1,BT-v2,10007,1,0.0,0,0,1,gun_kill,74.02256751989528,54.84093004740064,25.362005492432548,0.5837395300936903,38.432933376181694,0.005261495460812795,0.009790399929600234,0.0,5219.300374678254
HYB-b3000000-a0.50,hybrid,0.0,-1,,-1,BT-v2,10008,0,1.0,1,0,0,gun_kill,79.49182879710013,54.5704513445684,58.681477573740125,4.683102752576544,118.92688384538259,0.01605499264756092,0.01640716403933622,0.0,5990.990781504075
HYB-b3000000-a0.50,hybrid,0.0,-1,,-1,BT-v2,10008,1,1.0,1,0,0,gun_kill,115.9816034073863,44.71429770016779,85.20151830957123,3.1989829196912956,108.47874779404653,0.008726285882182242,0.004938585051472411,0.0,5507.168623380594
HYB-b3000000-a0.50,hybrid,0.0,-1,,-1,BT-v2,10009,0,0.0,0,0,1,gun_kill,34.610996523072274,36.443750499449315,62.65788853526439,0.14091519649773954,74.4119075223912,0.012101224034997686,0.017854873631587366,0.0,4806.684407507071
HYB-b3000000-a0.50,hybrid,0.0,-1,,-1,BT-v2,10009,1,1.0,1,0,0,gun_kill,60.75695333321964,76.74496712384664,4.4648002465050745,7.380757477636817,58.510916625719446,0.010687691655886917,0.010692669175025048,0.0,3445.976696783361
HYB-b3000000-a0.50,hybrid,0.0,-1,,-1,BT-v2,10010,0,1.0,1,0,0,gun_kill,105.95543966606026,22.739851731955806,56.367457348081196,2.45834410332949,89.06597525088029,0.018288234563984367,0.005336068480354744,0.0,3807.4899680356552
HYB-b3000000-a0.50,hybrid,0.0,-1,,-1,BT-v2,10010,1,1.0,1,0,0,gun_kill,118.8239447076361,88.83550861411413,2.8016702938970295,2.5992255670750257,62.003788836893044,0.013196811669169183,0.010155989735295426,0.0,4851.403336285463
HYB-b3000000-a0.50,hybrid,0.0,-1,,-1,BT-v2,10011,0,0.0,0,0,1,gun_kill,70.16651938277978,22.276709990452716,62.17257046985348,7.004513764081183,84.28184714096585,0.01785134396940806,0.01186658136151791,0.0,5283.596033888472
HYB-b3000000-a0.50,hybrid,0.0,-1,,-1,BT-v2,10011,1,1.0,1,0,0,gun_kill,81.0183084781294,35.31811458405853,30.00728550914584,6.464681811528872,110.5039573047267,0.011985103717404315,0.01589980525459405,0.0,5351.2912981626005
HYB-b3000000-a0.50,hybrid,0.0,-1,,-1,BT-v2,10012,0,1.0,1,0,0,gun_kill,78.52702501005777,44.058165094015635,68.2792820647354,1.136588091867237,118.38435237574639,0.013759793902752686,0.012515189604131553,0.0,3524.5741815710767
HYB-b3000000-a0.50,hybrid,0.0,-1,,-1,BT-v2,10012,1,1.0,1,0,0,gun_kill,60.66894260667867,27.481461414668974,80.66994798004492,4.932186383695984,62.902282109881504,0.012475093148442024,0.013735321347726388,0.0,3612.7219106978264
HYB-b3000000-a0.50,hybrid,0.0,-1,,-1,BT-v2,10013,0,0.0,0,0,1,gun_kill,98.58029836000135,96.35848962454781,30.373308527956432,3.9436279373826144,117.006331697091,0.01817628425027161,0.014847223820579354,0.0,4257.061937412738
HYB-b3000000-a0.50,hybrid,0.0,-1,,-1,BT-v2,10013,1,0.0,0,0,1,gun_kill,117.66366724574048,19.952607405034218,60.62918204086808,4.920804907755295,34.757627982596546,0.017331532138885674,0.012277500739056977,0.0,4685.339711966049
HYB-b3000000-a0.50,hybrid,0.0,-1,,-1,BT-v2,10014,0,1.0,1,0,0,gun_kill,61.031968760037884,29.510537445304273,66.47615662564172,7.772697261021865,69.50553485300557,0.016327233941788123,0.01668939302440179,0.0,4308.167175168942
HYB-b3000000-a0.50,hybrid,0.0,-1,,-1,BT-v2,10014,1,1.0,1,0,0,gun_kill,59.782605635179095,12.194754359041227,45.220951332039746,4.901179934915386,48.50687220836202,0.01385317956922343,0.00697686847537094,0.0,5971.214273093407
HYB-b3000000-a0.50,hybrid,0.0,-1,,-1,BT-v2,10015,0,1.0,1,0,0,gun_kill,117.30778708224997,33.19887940471785,20.91135942498553,2.433440000141939,90.79546135466546,0.01087492002324633,0.009865769508434949,0.0,4482.546481411792
HYB-b3000000-a0.50,hybrid,0.0,-1,,-1,BT-v2,10015,1,0.0,0,0,1,gun_kill,33.11015029146641,89.45785603446744,36.10029396034472,3.666081874724002,50.15877107307263,0.013611756504287278,0.015033798911363526,0.0,3598.06102132063
HYB-b3000000-a0.50,hybrid,0.0,-1,,-1,BT-v2,10016,0,0.0,0,0,1,gun_kill,64.61012764267434,41.039173436485754,28.745230723261805,3.0138373709623583,30.60977911983405,0.015855268418600816,0.013796548454572014,0.0,5673.465387257672
HYB-b3000000-a0.50,hybrid,0.0,-1,,-1,BT-v2,10016,1,1.0,1,0,0,gun_kill,103.66720419158493,73.90701768172472,11.28462504721288,6.002444385869537,92.11085271697799,0.011816822843788531,0.016433661727066833,0.0,3322.760124727799
HYB-b3000000-a0.50,hybrid,0.0,-1,,-1,BT-v2,10017,0,1.0,1,0,0,gun_kill,107.7618034642298,70.49743196905784,85.19272732367736,3.596840440132846,79.92395763844567,0.004665242950272343,0.011016321337382347,0.0,3721.4257268691476
HYB-b3000000-a0.50,hybrid,0.0,-1,,-1,BT-v2,10017,1,0.0,0,0,1,gun_kill,110.84853657242907,10.174089300741429,77.33703978415973,1.2122394759191373,40.40164130641736,0.014347693738862535,0.005813158588575753,0.0,5122.777326902711
HYB-b3000000-a0.50,hybrid,0.0,-1,,-1,BT-v2,10018,0,0.5,0,1,0,timeout,80.26590280327213,87.07963936864427,61.78328511177271,3.7408400954820387,78.56726920345815,0.010328794537199171,0.011776939244890853,0.0,3876.911901905701
HYB-b3000000-a0.50,hybrid,0.0,-1,,-1,BT-v2,10018,1,0.5,0,1,0,timeout,82.51813289733468,82.24713951555425,42.295646620297504,6.246641765743667,90.72674097424583,0.013352914811854686,0.006238181430719966,0.0,4260.491955314285
HYB-b3000000-a0.50,hybrid,0.0,-1,,-1,BT-v2,10019,0,1.0,1,0,0,gun_kill,76.228154152804,10.594118539151086,60.86320502948818,7.4229616313211295,44.39387899095105,0.016628720050527672,0.012859979482591807,0.0,5492.1756482568135
HYB-b3000000-a0.50,hybrid,0.0,-1,,-1,BT-v2,10019,1,0.5,0,1,0,timeout,48.03755470327347,60.70566176247208,39.35161225654314,1.1762141139913016,78.27240385476803,0.01640428314081794,0.006522835156761027,0.0,4369.879089229131
HYB-b3000000-a0.50,hybrid,0.0,-1,,-1,BT-v2,10020,0,1.0,1,0,0,gun_kill,32.80924392992379,14.948721816369003,19.91824322222412,2.210428715414931,88.6382531014493,0.015188068382954735,0.014815708973038265,0.0,4750.790503703351
HYB-b3000000-a0.50,hybrid,0.0,-1,,-1,BT-v2,10020,1,1.0,1,0,0,gun_kill,81.31307678467915,26.016705663438312,32.21744729210011,0.9026355901734489,98.58506130359972,0.004706896795277765,0.00848231823955935,0.0,4076.7438081238056
HYB-b3000000-a0.50,hybrid,0.0,-1,,-1,BT-v2,10021,0,1.0,1,0,0,gun_kill,34.762424285140185,63.31849717077951,12.949663117760046,3.3132124937165406,88.79096732164888,0.007865391573784578,0.012673025391303152,0.0,4039.8415408867436
HYB-b3000000-a0.50,hybrid,0.0,-1,,-1,BT-v2,10021,1,1.0,1,0,0,gun_kill,88.92675147253931,10.180353412185816,6.152496471826108,0.4443015380417261,65.42690253316181,0.01632303177099966,0.013068746288090474,0.0,5332.644815734322
HYB-b3000000-a0.50,hybrid,0.0,-1,,-1,BT-v2,10022,0,1.0,1,0,0,gun_kill,63.19109545346383,37.13033639647141,37.207860983450416,6.081784959962176,64.29542608461875,0.016399645327460563,0.005117953999549633,0.0,3095.462635747731
HYB-b3000000-a0.50,hybrid,0.0,-1,,-1,BT-v2,10022,1,0.0,0,0,1,gun_kill,36.63825711392254,43.804512321534794,0.24317974000147569,0.4429926408314637,40.31117454176806,0.009858718522194512,0.013283424444986194,0.0,4126.453389801707
HYB-b3000000-a0.50,hybrid,0.0,-1,,-1,BT-v2,10023,0,1.0,1,0,0,gun_kill,68.57190501069297,32.539584040416216,75.74487228496734,1.8174463818555084,112.75355367503535,0.009293263074998748,0.01171341954967357,0.0,5322.370786284291
HYB-b3000000-a0.50,hybrid,0.0,-1,,-1,BT-v2,10023,1,1.0,1,0,0,gun_kill,114.92009699474933,68.02985097781401,55.17939045440114,4.285841721316309,68.6439414747077,0.010870986660631769,0.01679053222741945,0.0,3384.293009664441
HYB-b3000000-a0.50,hybrid,0.0,-1,,-1,BT-v2,10024,0,0.5,0,1,0,timeout,85.3245681718642,22.367521148588832,92.6922648838052,5.049785137612655,78.12020843168713,0.007179880895648688,0.008588549775581997,0.0,3002.3248292361704
HYB-b3000000-a0.50,hybrid,0.0,-1,,-1,BT-v2,10024,1,1.0,1,0,0,gun_kill,52.6981061946545,93.88992311233302,25.27099345964864,5.3932415014079895,118.20799969293621,0.010933697777025242,0.00635162130105287,0.0,5840.416869736252
HYB-b3000000-a0.50,hybrid,0.0,-1,,-1,BT-v2,10025,0,0.5,0,1,0,timeout,48.1143726011653,27.969966474974008,97.56954305374498,0.6987413068199642,70.95666284824865,0.00976437258685123,0.017169980394488728,0.0,4899.274186506007
HYB-b3000000-a0.50,hybrid,0.0,-1,,-1,BT-v2,10025,1,0.0,0,0,1,gun_kill,49.56882598441489,42.72184830287172,74.37811094135091,7.281899112489412,62.66205442602222,0.012475957317865993,0.015049953158637289,0.0,5473.82139383507
HYB-b3000000-a0.50,hybrid,0.0,-1,,-1,BT-v2,10026,0,0.0,0,0,1,gun_kill,103.66902145366419,79.49651265467477,57.802060690955095,0.5085536167377365,99.15647842547499,0.006786819351058737,0.014404640150491475,0.0,3598.320692074093
HYB-b3000000-a0.50,hybrid,0.0,-1,,-1,BT-v2,10026,1,0.0,0,0,1,gun_kill,93.3382649376471,98.05593225432546,52.47982783737874,4.6917269367074095,102.54169830826636,0.012937799006502854,0.011624677866296515,0.0,5956.19844976604
HYB-b3000000-a0.50,hybrid,0.0,-1,,-1,BT-v2,10027,0,1.0,1,0,0,gun_kill,117.05778042842334,95.66450696067133,81.0475666795097,7.444919111083978,51.485518992169894,0.015212845610832255,0.009954950437532212,0.0,5868.724616772576
HYB-b3000000-a0.50,hybrid,0.0,-1,,-1,BT-v2,10027,1,1.0,1,0,0,gun_kill,57.1041173015217,84.25257130728295,27.49319072862606,4.447147287782354,76.43100277437543,0.010552672598284562,0.013564017076755499,0.0,4816.486447522124
HYB-b3000000-a0.50,hybrid,0.0,-1,,-1,BT-v2,10028,0,1.0,1,0,0,gun_kill,83.12821596007541,25.57587357102745,60.96880645091098,7.462126391999238,116.17449196977215,0.01049940140388201,0.015860959020195707,0.0,3608.591008203345
HYB-b3000000-a0.50,hybrid,0.0,-1,,-1,BT-v2,10028,1,0.0,0,0,1,gun_kill,46.60524953633714,10.8328667595742,21.952174359091035,7.309717832097355,44.68343028377779,0.013132853603947548,0.010363950041024738,0.0,4652.712359262663
HYB-b3000000-a0.50,hybrid,0.0,-1,,-1,BT-v2,10029,0,1.0,1,0,0,gun_kill,60.20399442642321,28.443771031637777,65.52658676534828,6.165279410293316,101.08665699561561,0.014607989841335347,0.010717948375428442,0.0,5122.826812549496
HYB-b3000000-a0.50,hybrid,0.0,-1,,-1,BT-v2,10029,1,1.0,1,0,0,gun_kill,33.25397186351343,9.753610049086747,55.739965501596075,4.635129027042686,48.8590733080799,0.011082866767226475,0.010680936815879024,0.0,3967.0580993372437
HYB-b3000000-a0.50,hybrid,0.0,-1,,-1,BT-v2,10030,0,0.0,0,0,1,gun_kill,88.66448677552316,73.5694483318018,18.246373250177705,4.861380809817882,30.37933740794034,0.015032684320396806,0.013506937903110491,0.0,5688.009346106295
HYB-b3000000-a0.50,hybrid,0.0,-1,,-1,BT-v2,10030,1,0.0,0,0,1,gun_kill,75.5304987662551,54.01031598673066,68.7401800949194,7.367511702587326,104.74984113524967,0.02109217379524892,0.011213318930266888,0.0,3581.949616882761
HYB-b3000000-a0.50,hybrid,0.0,-1,,-1,BT-v2,10031,0,0.0,0,0,1,gun_kill,31.483200543306584,33.692391548820396,78.3819110838468,5.849835961841405,64.97038386923029,0.00823436090801621,0.011521833176486395,0.0,3432.8196857393223
HYB-b3000000-a0.50,hybrid,0.0,-1,,-1,BT-v2,10031,1,0.5,0,1,0,timeout,54.333467917914945,62.13916806760555,77.7979605522656,0.6163494311197022,91.67934006006921,0.011274881638170867,0.010311604461716398,0.0,4419.619264344199
HYB-b3000000-a0.50,hybrid,0.0,-1,,-1,BT-v2,10032,0,1.0,1,0,0,gun_kill,81.51181209163505,23.769782101579263,64.88707652600606,4.4712782890897556,42.832347079448375,0.017401155157682403,0.014968152393421382,0.0,3060.903830134514
HYB-b3000000-a0.50,hybrid,0.0,-1,,-1,BT-v2,10032,1,0.0,0,0,1,gun_kill,39.875245486889,76.30605372125902,77.29415378301655,6.095284333163581,58.8512396549099,0.006511661429075805,0.018349245272656953,0.0,3902.660599544127
HYB-b3000000-a0.50,hybrid,0.0,-1,,-1,BT-v2,10033,0,0.0,0,0,1,gun_kill,60.05532323381898,99.97598438471601,90.50729559602632,5.422000432658661,65.56825901236283,0.008524859499821019,0.013036580270447098,0.0,3466.1603790448194
HYB-b3000000-a0.50,hybrid,0.0,-1,,-1,BT-v2,10033,1,1.0,1,0,0,gun_kill,34.29610477125978,41.31237287854817,95.69351613082421,0.7218149616882377,106.39129367892707,0.013187164659986712,0.009439045469002691,0.0,5149.962515993944
HYB-b3000000-a0.50,hybrid,0.0,-1,,-1,BT-v2,10034,0,1.0,1,0,0,gun_kill,96.0811516556324,93.65390984950243,32.93612571710981,1.4198496125026034,111.59525995072698,0.011107046020060546,0.006880729327944269,0.0,5424.3077858006345
HYB-b3000000-a0.50,hybrid,0.0,-1,,-1,BT-v2,10034,1,0.5,0,1,0,timeout,98.43519901578966,6.0391403221936475,89.53803669058281,2.107855928407268,100.140402328773,0.01513002054912804,0.012142376977208021,0.0,5288.655945247472
HYB-b3000000-a0.50,hybrid,0.0,-1,,-1,BT-v2,10035,0,0.5,0,1,0,timeout,93.58290760691202,55.7713952205528,61.26652732149833,0.006320163667933976,99.3151808177709,0.004343526152238395,0.012381262916060497,0.0,4086.5710900334416
HYB-b3000000-a0.50,hybrid,0.0,-1,,-1,BT-v2,10035,1,0.0,0,0,1,gun_kill,68.01099469476209,54.841186630128014,24.299944587975965,2.8538645740549384,76.07112328787761,0.016957141909164974,0.015191510067482239,0.0,4719.216546962302
HYB-b3000000-a0.50,hybrid,0.0,-1,,-1,BT-v2,10036,0,0.5,0,1,0,timeout,88.21849331542572,66.38957550176991,92.48944898692936,3.451322455902665,72.36633295301104,0.01439548151222476,0.01130218433924287,0.0,4873.949317143573
HYB-b3000000-a0.50,hybrid,0.0,-1,,-1,BT-v2,10036,1,1.0,1,0,0,gun_kill,102.13936738862436,39.778819004378704,6.5379971070914085,3.6311744523627087,57.71976888382005,0.009698730870060781,0.010669109625090038,0.0,3822.2088024901227
HYB-b3000000-a0.50,hybrid,0.0,-1,,-1,BT-v2,10037,0,0.0,0,0,1,gun_kill,75.91318331083517,14.708599676583734,60.18849219073762,6.671511312619486,35.01609597611916,0.018605262444702175,0.00804176923436078,0.0,3795.0286659257545
HYB-b3000000-a0.50,hybrid,0.0,-1,,-1,BT-v2,10037,1,0.0,0,0,1,gun_kill,60.497685745128265,18.18446683111886,44.17424310860459,0.35269845910788433,33.18279795245972,0.011516822746828243,0.011715481849148826,0.0,5775.482565744584
HYB-b3000000-a0.50,hybrid,0.0,-1,,-1,BT-v2,10038,0,1.0,1,0,0,gun_kill,64.84092270673813,6.050740837799962,4.904994355666526,1.8886961935262878,88.65410256308093,0.010722013033114746,0.017797422662210852,0.0,5070.545873153669
HYB-b3000000-a0.50,hybrid,0.0,-1,,-1,BT-v2,10038,1,0.0,0,0,1,gun_kill,100.9473301098134,33.111003438723564,92.89898836179964,3.9399050990034086,113.05805815203566,0.01003029688190343,0.008463348898337724,0.0,4143.462807108564
HYB-b3000000-a0.50,hybrid,0.0,-1,,-1,BT-v2,10039,0,0.5,0,1,0,timeout,56.07876614456232,3.0777523226975245,65.03036875478621,5.467096426631224,86.44869329206858,0.0153519717794912,0.013621216677634523,0.0,5225.224489234025
HYB-b3000000-a0.50,hybrid,0.0,-1,,-1,BT-v2,10039,1,1.0,1,0,0,gun_kill,36.48417101869218,88.3256688261045,73.64199278927502,1.3107551197067586,115.16821251340959,0.00909753750297242,0.012402700315896246,0.0,4993.12902478162
HYB-b3000000-a0.50,hybrid,0.0,-1,,-1,BT-v2,10040,0,0.0,0,0,1,gun_kill,119.3317730842762,46.24625141937213,79.0052084456867,2.5137062316012297,58.75287676669256,0.011973545728353664,0.0123533561448229,0.0,3017.7799963471743
HYB-b3000000-a0.50,hybrid,0.0,-1,,-1,BT-v2,10040,1,0.0,0,0,1,gun_kill,87.27827902600666,7.181139085986377,57.26692306524379,7.499966981941087,111.23743843859893,0.01076914679151616,0.0069081444526661465,0.0,4310.220351686493
HYB-b3000000-a0.50,hybrid,0.0,-1,,-1,BT-v2,10041,0,0.0,0,0,1,gun_kill,84.59835732331587,87.60571858126833,9.709501812654564,1.8227876254434747,89.6412875726615,0.014778137917507043,0.009059892585270166,0.0,3318.0041001236
HYB-b3000000-a0.50,hybrid,0.0,-1,,-1,BT-v2,10041,1,1.0,1,0,0,gun_kill,52.254736813531736,58.387605925130984,31.09804222037942,1.3147061250246699,59.16143202621866,0.014393970217709917,0.014057970268785634,0.0,3562.835636502917
HYB-b3000000-a0.50,hybrid,0.0,-1,,-1,BT-v2,10042,0,0.0,0,0,1,gun_kill,95.869341700279,46.65121420090884,67.23226759043324,2.8807486495269776,87.78830324458767,0.011466241806720139,0.009963210072820286,0.0,5999.133772161658
HYB-b3000000-a0.50,hybrid,0.0,-1,,-1,BT-v2,10042,1,1.0,1,0,0,gun_kill,66.80746065598586,38.47424170482159,40.57841084325652,1.3361015971181773,57.30010902859421,0.007803527631073617,0.012279477588590583,0.0,3230.8810471709985
HYB-b3000000-a0.50,hybrid,0.0,-1,,-1,BT-v2,10043,0,0.5,0,1,0,timeout,42.882044060175026,65.80582666134967,79.87663611064976,6.096622502217286,101.66433732012882,0.004293632508290712,0.011884587125500409,0.0,5288.67425193855
HYB-b3000000-a0.50,hybrid,0.0,-1,,-1,BT-v2,10043,1,0.0,0,0,1,gun_kill,87.52556199149682,84.69054566967425,60.631791339704954,7.146828135565456,52.671867943960955,0.010951029987254331,0.013266436164032553,0.0,5142.3452630102165
HYB-b3000000-a0.50,hybrid,0.0,-1,,-1,BT-v2,10044,0,0.5,0,1,0,timeout,45.032143019853635,51.721486037902785,57.89597458392917,5.180867461369359,46.18742575337221,0.01161746311780375,0.020076477555381455,0.0,5130.155579335327
HYB-b3000000-a0.50,hybrid,0.0,-1,,-1,BT-v2,10044,1,0.0,0,0,1,gun_kill,115.36622466127176,63.43746465022634,38.88328393634642,6.4792100059305415,83.6055608124461,0.00807620318123791,0.012102416682184255,0.0,5661.081738652774
HYB-b3000000-a0.50,hybrid,0.0,-1,,-1,BT-v2,10045,0,0.5,0,1,0,timeout,105.55281390490255,49.47934968175175,90.12889250152098,4.454410703259697,64.1887714931303,0.008296309444539548,0.01475700604592552,0.0,3340.3219315173415
HYB-b3000000-a0.50,hybrid,0.0,-1,,-1,BT-v2,10045,1,1.0,1,0,0,gun_kill,82.57385189335712,19.588830868521367,63.54557474147596,4.095738501208211,96.99861743775617,0.010275041998938094,0.009615911141179751,0.0,4442.166993971849
HYB-b3000000-a0.50,hybrid,0.0,-1,,-1,BT-v2,10046,0,0.0,0,0,1,gun_kill,104.25633317065191,24.129396255300673,30.370628986632266,7.348069263007905,100.70408879444936,0.008278001973131699,0.006923272850135351,0.0,4476.774418543937
HYB-b3000000-a0.50,hybrid,0.0,-1,,-1,BT-v2,10046,1,0.5,0,1,0,timeout,46.567421535298664,1.3425665788812102,34.06753500794276,2.6067101131767023,90.86995607643574,0.010802288509666207,0.014497637647508874,0.0,4748.280754417913
HYB-b3000000-a0.50,hybrid,0.0,-1,,-1,BT-v2,10047,0,1.0,1,0,0,gun_kill,53.85406032880839,40.953220936257665,59.80441164532313,0.6556442429340636,85.36588158375127,0.009701503465691066,0.014633361408488185,0.0,3387.312749253201
HYB-b3000000-a0.50,hybrid,0.0,-1,,-1,BT-v2,10047,1,1.0,1,0,0,gun_kill,44.262158681374416,41.83495209083509,47.872200437803315,2.0919141476108036,99.86820128607596,0.014789959396744766,0.010952589857392114,0.0,3579.518204642151
HYB-b3000000-a0.50,hybrid,0.0,-1,,-1,BT-v2,10048,0,0.0,0,0,1,gun_kill,74.36238350471652,87.82551960968067,10.707138783210246,7.480792320064928,81.590748039868,0.008969301323673573,0.009496275808104892,0.0,5933.115856624204
HYB-b3000000-a0.50,hybrid,0.0,-1,,-1,BT-v2,10048,1,0.5,0,1,0,timeout,107.30991365814587,39.14689164266429,13.061564328171006,7.6524581597371135,97.8683249241719,0.013633943973618433,0.012287776171116954,0.0,4188.381186436569
HYB-b3000000-a0.50,hybrid,0.0,-1,,-1,BT-v2,10049,0,0.0,0,0,1,gun_kill,62.22375795366319,45.7758041358304,38.494506001979815,4.0860202054581025,52.97237936018771,0.012070757677455241,0.012234909903883118,0.0,4746.714999491074
HYB-b3000000-a0.50,hybrid,0.0,-1,,-1,BT-v2,10049,1,0.0,0,0,1,gun_kill,40.59916025984577,50.43509212300834,55.57499110938733,6.644945109736365,93.67179430834834,0.011924572708101435,0.012021891482351783,0.0,5929.682825537243
HYB-b3000000-a0.50,hybrid,0.0,-1,,-1,BT-v2,10050,0,0.0,0,0,1,gun_kill,83.86201228043147,81.77748747305176,61.30749143936166,5.6888916703014525,69.53189056122503,0.01642644232880985,0.008951712905391707,0.0,4497.025532763346
HYB-b3000000-a0.50,hybrid,0.0,-1,,-1,BT-v2,10050,1,0.5,0,1,0,timeout,48.264849423113304,19.504170122100007,2.282167886531261,7.75241443286064,73.51307010337891,0.008890296523866557,0.007638990539226574,0.0,4913.68390431843
HYB-b3000000-a0.50,hybrid,0.0,-1,,-1,BT-v2,10051,0,1.0,1,0,0,gun_kill,87.95884612804396,81.94790792125535,10.240344735981743,4.703147811134349,64.40800571320297,0.012506035827810536,0.008986702941107472,0.0,3920.3801317888892
HYB-b3000000-a0.50,hybrid,0.0,-1,,-1,BT-v2,10051,1,1.0,1,0,0,gun_kill,119.09581102665621,72.18716731329675,13.118214694562214,3.9166609199515108,45.34653943234474,0.011804204451208443,0.010221320211369655,0.0,3570.1619049046467
HYB-b3000000-a0.50,hybrid,0.0,-1,,-1,BT-v2,10052,0,0.0,0,0,1,gun_kill,49.831263743182966,59.54959163021311,27.701383378930945,3.2620936746862474,40.82620595201446,0.01394217278180256,0.015083422274561125,0.0,3882.313083095794
HYB-b3000000-a0.50,hybrid,0.0,-1,,-1,BT-v2,10052,1,0.0,0,0,1,gun_kill,119.64463347062866,26.89290459917779,88.80777509951001,7.083167136055383,59.23223109139461,0.013256260171224159,0.008453786086842597,0.0,5570.963861886139
HYB-b3000000-a0.50,hybrid,0.0,-1,,-1,BT-v2,10053,0,0.5,0,1,0,timeout,91.61208529346128,50.36127534164081,0.4414778845816758,0.6592730595858791,45.53425264249793,0.019106583849759048,0.013910398876262752,0.0,5662.256684035407
HYB-b3000000-a0.50,hybrid,0.0,-1,,-1,BT-v2,10053,1,1.0,1,0,0,gun_kill,100.14362283442321,93.92406275881046,69.03606414818697,5.282870389736945,98.75570244057653,0.016201223474055528,0.016463398536665813,0.0,5231.211317022935
HYB-b3000000-a0.50,hybrid,0.0,-1,,-1,BT-v2,10054,0,0.5,0,1,0,timeout,92.42665213726207,53.45810966104594,93.1811235324577,4.14713771636474,58.5701174486321,0.01587022052582774,0.00855265031509857,0.0,5954.904956659612
HYB-b3000000-a0.50,hybrid,0.0,-1,,-1,BT-v2,10054,1,1.0,1,0,0,gun_kill,38.273007220645844,29.319324908218547,54.792879044966114,7.8780489538466405,46.94434299019056,0.010234310216317075,0.008522928645239092,0.0,3248.778278935168
HYB-b3000000-a0.50,hybrid,0.0,-1,,-1,BT-v2,10055,0,1.0,1,0,0,gun_kill,37.25960368334847,16.247927177206144,99.49121930154189,0.9693516939192328,110.99792931980265,0.014619192496499083,0.00975799973574253,0.0,4587.718139803139
HYB-b3000000-a0.50,hybrid,0.0,-1,,-1,BT-v2,10055,1,0.0,0,0,1,gun_kill,85.44402236384428,4.757098773856628,47.54807578183502,3.6325863131745155,43.849134578819815,0.009715351377583406,0.018578301439380242,0.0,3465.5612242440775
HYB-b3000000-a0.50,hybrid,0.0,-1,,-1,BT-v2,10056,0,1.0,1,0,0,gun_kill,73.53914452027479,9.032059558128303,75.64696116320218,4.826043955718989,65.2561133736064,0.010614891980769637,0.010946017731076702,0.0,4637.368797132316
HYB-b3000000-a0.50,hybrid,0.0,-1,,-1,BT-v2,10056,1,1.0,1,0,0,gun_kill,81.02210381026626,37.911007578081104,3.3716312167532236,2.2011703512495737,76.3924598864024,0.009463636123740217,0.016622249931750776,0.0,4522.318194821632
HYB-b3000000-a0.50,hybrid,0.0,-1,,-1,BT-v2,10057,0,1.0,1,0,0,gun_kill,44.511975679359324,59.694620286008806,23.937650491794273,3.763315825544412,99.35411812405495,0.011622071464082284,0.009798457803518977,0.0,3832.522676104223
HYB-b3000000-a0.50,hybrid,0.0,-1,,-1,BT-v2,10057,1,1.0,1,0,0,gun_kill,40.82720400508674,34.345666520230345,85.79749085997703,4.1063388871893505,105.7290562864022,0.006083639373128286,0.012770283131756629,0.0,5155.286436794036
HYB-b3000000-a0.50,hybrid,0.0,-1,,-1,BT-v2,10058,0,0.5,0,1,0,timeout,57.00950039104312,5.3570278858082965,36.499750866236184,2.893360517209456,66.02980248441963,0.013753799401810709,0.007974362957330151,0.0,3676.865420866407
HYB-b3000000-a0.50,hybrid,0.0,-1,,-1,BT-v2,10058,1,1.0,1,0,0,gun_kill,75.23702849385799,76.69044811654814,97.88598109483586,2.155063117574195,76.19143914602543,0.013581916917195978,0.013099502923073542,0.0,5002.624655547205
HYB-b3000000-a0.50,hybrid,0.0,-1,,-1,BT-v2,10059,0,1.0,1,0,0,gun_kill,105.0545701282676,35.60704012955668,74.47674069060798,5.626978212543066,31.435778805666786,0.003215177983192685,0.02188148117396382,0.0,4044.3222582867884
HYB-b3000000-a0.50,hybrid,0.0,-1,,-1,BT-v2,10059,1,0.0,0,0,1,gun_kill,41.632781853390945,49.14061729877609,22.10994379683052,2.63355132878743,113.26184882485265,0.014272821994534057,0.010499656086316896,0.0,4115.633786031884
HYB-b3000000-a0.50,hybrid,0.0,-1,,-1,BT-v2,10060,0,1.0,1,0,0,gun_kill,92.33839991920476,98.32292749495409,80.29819807076618,5.119797344202445,103.79563294214061,0.01860754036368871,0.01207611871913189,0.0,5371.434013346201
HYB-b3000000-a0.50,hybrid,0.0,-1,,-1,BT-v2,10060,1,0.5,0,1,0,timeout,30.8733084862487,2.329049324472976,65.44314628845746,4.186243731212722,106.89445087917088,0.009355574523620876,0.011196395277567443,0.0,3345.067884387002
HYB-b3000000-a0.50,hybrid,0.0,-1,,-1,BT-v2,10061,0,1.0,1,0,0,gun_kill,87.81563802793312,80.7102731066774,57.050109534213256,5.272955040706395,58.446861760307584,0.011723965239686232,0.007661358379284255,0.0,4260.872365112883
HYB-b3000000-a0.50,hybrid,0.0,-1,,-1,BT-v2,10061,1,0.5,0,1,0,timeout,118.45338471746189,79.75976051628797,71.63491919566523,3.1978810327433225,79.59505264692416,0.01056381966913249,0.012068544200534099,0.0,5499.880804990551
HYB-b3000000-a0.50,hybrid,0.0,-1,,-1,BT-v2,10062,0,0.5,0,1,0,timeout,78.1327457575172,92.18968202321254,4.009420885068349,4.280774625415213,61.499398817957314,0.00972347130494558,0.015861427344359955,0.0,5246.227893191852
HYB-b3000000-a0.50,hybrid,0.0,-1,,-1,BT-v2,10062,1,1.0,1,0,0,gun_kill,76.56277253581202,88.49863694963162,83.10736058636013,7.7543282602029135,37.75954071717286,0.013497878178211187,0.020017244184395662,0.0,4948.977658685203
HYB-b3000000-a0.50,hybrid,0.0,-1,,-1,BT-v2,10063,0,0.0,0,0,1,gun_kill,66.56271498089389,94.50950693615448,63.23447550207098,7.344974413230018,48.05175225433301,0.005701690317480097,0.013263392273040214,0.0,4484.400216038785
HYB-b3000000-a0.50,hybrid,0.0,-1,,-1,BT-v2,10063,1,1.0,1,0,0,gun_kill,77.66146934666389,46.08522099835698,91.86552156453331,4.182514691658358,64.23264407589747,0.006504096897543266,0.0095417013924312,0.0,4208.567096346228
HYB-b3000000-a0.50,hybrid,0.0,-1,,-1,BT-v2,10064,0,1.0,1,0,0,gun_kill,87.31502307684575,2.3061152152560105,47.521180558600506,5.021646567783767,32.267321596458906,0.011406257968311918,0.010779534624719967,0.0,5687.204631141717
HYB-b3000000-a0.50,hybrid,0.0,-1,,-1,BT-v2,10064,1,1.0,1,0,0,gun_kill,45.24412228549319,29.402553083565486,68.54668252365964,3.6679889839071382,78.6134782673391,0.0046901689136396325,0.013807986775361191,0.0,3112.592021704878
HYB-b3000000-a0.50,hybrid,0.0,-1,,-1,BT-v2,10065,0,1.0,1,0,0,gun_kill,65.01629889240994,2.9068603268427973,3.117409227172885,4.805355652384525,44.808880804635585,0.02016416955934717,0.004685354514538939,0.0,3165.1049640875485
HYB-b3000000-a0.50,hybrid,0.0,-1,,-1,BT-v2,10065,1,1.0,1,0,0,gun_kill,114.29932761120904,44.58384050411015,55.872530249233584,0.8200491412899122,55.002040211073876,0.009171310931333625,0.015027175486245362,0.0,3288.9735670761856
HYB-b3000000-a0.50,hybrid,0.0,-1,,-1,BT-v2,10066,0,0.5,0,1,0,timeout,40.60550596409458,72.51514089497347,27.424774053635502,5.486911220143429,52.668667200330674,0.00977658959593936,0.015089281746118358,0.0,5740.071977512858
HYB-b3000000-a0.50,hybrid,0.0,-1,,-1,BT-v2,10066,1,1.0,1,0,0,gun_kill,110.8974739954125,53.55440027674027,54.64543477703106,5.743207970096155,97.02581418625122,0.013786936767930797,0.011173486203584337,0.0,5448.104494412346
HYB-b3000000-a0.50,hybrid,0.0,-1,,-1,BT-v2,10067,0,0.0,0,0,1,gun_kill,108.12374479285177,45.4549237094366,10.41546077944745,3.3035770862989207,117.78868371029537,0.012774966316923207,0.011812395905298952,0.0,5867.371505937826
HYB-b3000000-a0.50,hybrid,0.0,-1,,-1,BT-v2,10067,1,1.0,1,0,0,gun_kill,53.94779891184895,51.32294511474985,46.378893950983205,0.5755195247775857,31.964034343745915,0.009270929001987938,0.0228583172218597,0.0,5502.624944413636
HYB-b3000000-a0.50,hybrid,0.0,-1,,-1,BT-v2,10068,0,1.0,1,0,0,gun_kill,52.58772353185369,12.513220860197748,49.15988635542233,2.567987410227964,101.9077507367767,0.007396831399661145,0.01853789073954148,0.0,4551.429074991973
HYB-b3000000-a0.50,hybrid,0.0,-1,,-1,BT-v2,10068,1,1.0,1,0,0,gun_kill,32.80664027992166,44.58456970485805,53.291818856301795,2.419152767083654,52.74426904427306,0.011857711032860064,0.01386800527083894,0.0,5842.001205008928
HYB-b3000000-a0.50,hybrid,0.0,-1,,-1,BT-v2,10069,0,1.0,1,0,0,gun_kill,77.90926411119219,49.844198964057696,37.08582649327899,6.429153974034051,84.49964821692762,0.016558239131559786,0.016645716269798674,0.0,3922.99893774511
HYB-b3000000-a0.50,hybrid,0.0,-1,,-1,BT-v2,10069,1,0.0,0,0,1,gun_kill,107.77523203822443,14.464176678016171,37.44699793212217,3.149025855565938,39.35359425465201,0.009397997039795722,0.0014471298171175075,0.0,4204.0156226662375
HYB-b3000000-a0.50,hybrid,0.0,-1,,-1,BT-v2,10070,0,0.0,0,0,1,gun_kill,55.603489321230384,25.534711218300444,23.300789481290195,6.532176099520449,71.20778759375864,0.014837249017148635,0.015019252450248896,0.0,3900.842471652387
HYB-b3000000-a0.50,hybrid,0.0,-1,,-1,BT-v2,10070,1,0.5,0,1,0,timeout,73.30696702521531,74.91717657661314,8.787040621623865,6.425593254488088,110.1964121123099,0.008807638463492813,0.006898825424966114,0.0,3511.7029780571606
HYB-b3000000-a0.50,hybrid,0.0,-1,,-1,BT-v2,10071,0,0.0,0,0,1,gun_kill,34.23969057314939,99.12077500067876,7.3169652020029226,5.966583577588398,118.52612974805406,0.020316943910302893,0.009836734970542035,0.0,3342.9515551141963
HYB-b3000000-a0.50,hybrid,0.0,-1,,-1,BT-v2,10071,1,0.5,0,1,0,timeout,88.0035204836748,32.757248215958036,91.82316369762798,1.521847920602605,62.914128026753126,0.010168836734019276,0.012115936744695818,0.0,5227.968670694966
HYB-b3000000-a0.50,hybrid,0.0,-1,,-1,BT-v2,10072,0,1.0,1,0,0,gun_kill,95.78471785560394,42.34363937588675,67.65160272822763,0.4033762278148316,59.503444934563596,0.01029856353120812,0.020059004844242778,0.0,5791.646986767178
HYB-b3000000-a0.50,hybrid,0.0,-1,,-1,BT-v2,10072,1,0.0,0,0,1,gun_kill,106.74364573810423,87.71852272828914,47.573043582755005,2.3518471884025125,118.78487089630187,0.01300864579339865,0.015819544222107507,0.0,4867.520208502933
HYB-b3000000-a0.50,hybrid,0.0,-1,,-1,BT-v2,10073,0,0.5,0,1,0,timeout,43.31666277107014,50.890365671745776,29.27807777823923,0.49187786589247917,56.19104258978008,0.013481252622797098,0.011138491833374507,0.0,4850.850853951225
HYB-b3000000-a0.50,hybrid,0.0,-1,,-1,BT-v2,10073,1,0.0,0,0,1,gun_kill,117.92008819753173,0.5529527968100245,63.603414116308684,2.0040867342440816,54.48036499116728,0.009131181103418168,0.013863205281730176,0.0,4344.172925932633
HYB-b3000000-a0.50,hybrid,0.0,-1,,-1,BT-v2,10074,0,0.5,0,1,0,timeout,116.80832476145382,73.11093001717005,13.249203639706675,6.31749166516666,82.88885961331945,0.014229025174536775,0.003478874307430855,0.0,5919.985723005309
HYB-b3000000-a0.50,hybrid,0.0,-1,,-1,BT-v2,10074,1,1.0,1,0,0,gun_kill,87.54251234371678,6.646393342285828,14.784742199251632,3.909183700131365,112.70152056329226,0.011857127773602115,0.006810824602121855,0.0,3595.275847381732
HYB-b3000000-a0.50,hybrid,0.0,-1,,-1,BT-v2,10075,0,1.0,1,0,0,gun_kill,43.14332621395353,29.549706539200006,70.61208090216881,7.805457843848044,102.38129920975221,0.00966556659038015,0.010583542777582855,0.0,4077.806029058671
HYB-b3000000-a0.50,hybrid,0.0,-1,,-1,BT-v2,10075,1,1.0,1,0,0,gun_kill,64.52478226833304,40.2754470986009,32.93749118336643,0.05744097832639383,52.65737861883595,0.013925385665341692,0.004573647441073684,0.0,4808.808324426531
HYB-b3000000-a0.50,hybrid,0.0,-1,,-1,BT-v2,10076,0,0.0,0,0,1,gun_kill,110.19021287199281,46.644424816044214,86.32699106285294,4.617095703689835,113.3867932288007,0.014596415487582622,0.013099209631204109,0.0,4373.73108481191
HYB-b3000000-a0.50,hybrid,0.0,-1,,-1,BT-v2,10076,1,0.0,0,0,1,gun_kill,92.2346817241155,79.21081531361426,94.98471141854894,0.27658959781429626,99.64949953786423,0.015260377918279557,0.006473542878627971,0.0,4417.084659692757
HYB-b3000000-a0.50,hybrid,0.0,-1,,-1,BT-v2,10077,0,1.0,1,0,0,gun_kill,55.401319145004564,98.30138064860677,7.5458465907673355,0.4802006908418255,49.27821517604103,0.009718100146473337,0.009440115995522419,0.0,3460.290451544067
HYB-b3000000-a0.50,hybrid,0.0,-1,,-1,BT-v2,10077,1,0.5,0,1,0,timeout,58.13931398630369,36.595802056711825,24.689576303935603,0.8450532346657988,107.82505209270465,0.015282288821802624,0.007372367069140072,0.0,4087.5428498347997
HYB-b3000000-a0.50,hybrid,0.0,-1,,-1,BT-v2,10078,0,0.5,0,1,0,timeout,61.90849704394146,67.50875032758486,70.42496394139467,6.060225551764393,81.25333663168556,0.00903125082354684,0.011264604830023705,0.0,5905.90036714728
HYB-b3000000-a0.50,hybrid,0.0,-1,,-1,BT-v2,10078,1,0.5,0,1,0,timeout,112.7549934134059,73.58507301464698,12.117259492085585,3.1346982894777957,33.01479914847648,0.01638120237560542,0.010498910178815336,0.0,3801.168350984522
HYB-b3000000-a0.50,hybrid,0.0,-1,,-1,BT-v2,10079,0,1.0,1,0,0,gun_kill,110.73396265162968,25.200879288811105,14.73362847200036,0.3826038788177897,73.93548522290675,0.011782262504497208,0.01887370300943433,0.0,3767.632446568795
HYB-b3000000-a0.50,hybrid,0.0,-1,,-1,BT-v2,10079,1,1.0,1,0,0,gun_kill,49.04612839426815,68.19806654030063,36.911076657720244,6.676270357267925,77.82702753872776,0.0060667030562729365,0.015077441864190803,0.0,4931.989558965739
HYB-b3000000-a0.50,hybrid,0.0,-1,,-1,BT-v2,10080,0,1.0,1,0,0,gun_kill,88.35852113968713,80.1775015626451,41.47092572458158,1.6753719414275574,51.519233593254825,0.014688814812403625,0.01647840647292131,0.0,4671.474213215599
HYB-b3000000-a0.50,hybrid,0.0,-1,,-1,BT-v2,10080,1,0.0,0,0,1,gun_kill,42.873698580514414,41.472881066660015,86.70932635627382,2.542575409174132,47.61236308388993,0.018764090015386266,0.011418646368542213,0.0,3714.9670765962583
HYB-b3000000-a0.50,hybrid,0.0,-1,,-1,BT-v2,10081,0,1.0,1,0,0,gun_kill,34.748979481966984,21.281976288196823,46.481575642851034,0.6065318188323641,85.87079313745669,0.012490952588230048,0.013427252425698217,0.0,4370.430409973222
HYB-b3000000-a0.50,hybrid,0.0,-1,,-1,BT-v2,10081,1,0.0,0,0,1,gun_kill,82.6724929311199,64.67317745033667,79.48198400945039,5.580064019690893,119.01638161158901,0.011428682504054462,0.008122773067284447,0.0,3283.6302256906874
HYB-b3000000-a0.50,hybrid,0.0,-1,,-1,BT-v2,10082,0,0.5,0,1,0,timeout,63.14927978243211,43.46711546982222,76.9644975737987,7.520375131402843,90.70480517555242,0.008155869103488098,0.01201625824157207,0.0,4326.956121223604
HYB-b3000000-a0.50,hybrid,0.0,-1,,-1,BT-v2,10082,1,0.0,0,0,1,gun_kill,114.40392135758475,72.21249735652611,40.75689093729661,3.292096611458499,49.923316383950706,0.01176483105773051,0.01181696890204157,0.0,4512.996041104348
HYB-b3000000-a0.50,hybrid,0.0,-1,,-1,BT-v2,10083,0,1.0,1,0,0,gun_kill,116.25859861133267,73.56327487791218,40.55843838697434,1.4798493715062238,50.40603594142668,0.009352812277523381,0.012911550102879797,0.0,4082.3762842955357
HYB-b3000000-a0.50,hybrid,0.0,-1,,-1,BT-v2,10083,1,1.0,1,0,0,gun_kill,71.89672485908422,91.00903931398416,61.317575821836314,1.4446279170437846,39.83566117554077,0.001148482167276258,0.010978236231502745,0.0,4460.641085650281
HYB-b3000000-a0.50,hybrid,0.0,-1,,-1,BT-v2,10084,0,0.0,0,0,1,gun_kill,77.49615585697003,98.00561907635654,52.223134739554474,3.030131486213996,86.52974325947977,0.00753504154271125,0.002633413489816782,0.0,4603.385821601137
HYB-b3000000-a0.50,hybrid,0.0,-1,,-1,BT-v2,10084,1,0.0,0,0,1,gun_kill,118.9013981224313,71.41934708509181,94.62727636648296,2.989703655060856,49.64975013723153,0.013467829821421513,0.011091009484451748,0.0,5652.219093364538
HYB-b3000000-a0.50,hybrid,0.0,-1,,-1,BT-v2,10085,0,0.0,0,0,1,gun_kill,65.9387966359247,41.21284059658677,67.66000296567152,4.217947382519804,51.78393416256877,0.009143421966032727,0.013293806172331618,0.0,5923.95770041315
HYB-b3000000-a0.50,hybrid,0.0,-1,,-1,BT-v2,10085,1,0.0,0,0,1,gun_kill,56.623757908494305,29.352425456154275,52.64535269056512,7.299863196501335,115.41282178680152,0.013697660430311502,0.01522154431417645,0.0,5805.139526670344
HYB-b3000000-a0.50,hybrid,0.0,-1,,-1,BT-v2,10086,0,1.0,1,0,0,gun_kill,68.35172185655152,5.686032874557889,12.96375040056672,0.1376131986005742,94.71031749586004,0.012083907316513995,0.011926649525178936,0.0,5556.158162257923
HYB-b3000000-a0.50,hybrid,0.0,-1,,-1,BT-v2,10086,1,1.0,1,0,0,gun_kill,69.51125062616369,63.09252720611037,3.284997216028418,4.975033946019508,71.38598781373226,0.01659491133606763,0.014944162046860616,0.0,3281.1169821820185
HYB-b3000000-a0.50,hybrid,0.0,-1,,-1,BT-v2,10087,0,0.0,0,0,1,gun_kill,88.94434722466298,2.496499700857957,37.304779898281204,5.813834397820842,30.683793718804438,0.01479718374967958,0.018163322970263338,0.0,5718.186767783462
HYB-b3000000-a0.50,hybrid,0.0,-1,,-1,BT-v2,10087,1,0.0,0,0,1,gun_kill,67.42532582264704,64.19689046726913,55.037249331079586,7.506971256498459,54.12318614509188,0.018107866995747547,0.019362035216421207,0.0,5573.133788885181
HYB-b3000000-a0.50,hybrid,0.0,-1,,-1,BT-v2,10088,0,1.0,1,0,0,gun_kill,38.32254451820218,31.845961874578332,58.72441787962964,3.329943766434294,60.28007177910874,0.008419385384690281,0.007106838398840742,0.0,4435.792237007558
HYB-b3000000-a0.50,hybrid,0.0,-1,,-1,BT-v2,10088,1,1.0,1,0,0,gun_kill,115.77544739544025,78.28099230962027,92.22819598771117,7.332452479516229,73.16178820334825,0.011941597950921565,0.011709407426117048,0.0,3561.884298167158
HYB-b3000000-a0.50,hybrid,0.0,-1,,-1,BT-v2,10089,0,1.0,1,0,0,gun_kill,100.64352592392193,66.38734086192952,42.68870931621236,0.13885974403719548,61.08229649353816,0.010620914776144467,0.013864090073246437,0.0,5446.391382466116
HYB-b3000000-a0.50,hybrid,0.0,-1,,-1,BT-v2,10089,1,0.5,0,1,0,timeout,80.08441746702971,12.559542334964569,85.35459988712996,2.0345527059928408,89.53763301480276,0.0022176898588837646,0.006703005849300812,0.0,3501.418846638508
HYB-b3000000-a0.50,hybrid,0.0,-1,,-1,BT-v2,10090,0,1.0,1,0,0,gun_kill,71.79392291974403,82.28003671716752,91.28227858106854,2.014747084634738,109.19853757655098,0.011860914354437943,0.008573163119084926,0.0,3906.3977429562724
HYB-b3000000-a0.50,hybrid,0.0,-1,,-1,BT-v2,10090,1,0.0,0,0,1,gun_kill,99.54615525445352,13.738933679953846,76.10970589315599,1.0366647364542434,76.22724921173051,0.0156613124189992,0.014568546706068657,0.0,4458.929370035643
HYB-b3000000-a0.50,hybrid,0.0,-1,,-1,BT-v2,10091,0,1.0,1,0,0,gun_kill,56.48250650307409,50.107522967899165,93.35220812384868,0.5580214773589871,104.44301697372346,0.01578013696537242,0.009123549711892536,0.0,5080.893157699006
HYB-b3000000-a0.50,hybrid,0.0,-1,,-1,BT-v2,10091,1,0.0,0,0,1,gun_kill,103.56734862307917,35.90378516006446,73.31794300301006,2.7987389893306425,63.543820203759,0.01461073383858082,0.015613542875852413,0.0,5055.131466974504
HYB-b3000000-a0.50,hybrid,0.0,-1,,-1,BT-v2,10092,0,1.0,1,0,0,gun_kill,30.263543512057435,91.29707755684197,25.771153431497407,6.87577385961527,37.14226549439303,0.012934730423855782,0.011360363892854676,0.0,3314.5698175070065
HYB-b3000000-a0.50,hybrid,0.0,-1,,-1,BT-v2,10092,1,0.0,0,0,1,gun_kill,33.910046859796466,83.93577830460558,56.871279881789796,3.2227936995985775,77.87709991138703,0.011758140736710804,0.013424748132660745,0.0,3492.1797634678655
HYB-b3000000-a0.50,hybrid,0.0,-1,,-1,BT-v2,10093,0,1.0,1,0,0,gun_kill,111.7292067844963,64.7312128809615,52.45793235012697,3.663104036422679,79.95436108504228,0.011604311742300612,0.008449950155515251,0.0,5883.0812922223995
HYB-b3000000-a0.50,hybrid,0.0,-1,,-1,BT-v2,10093,1,0.5,0,1,0,timeout,41.9567439960826,73.7424674894251,41.34140154661768,4.488695495444991,32.46135962639727,0.0142827691985274,0.012113930855494734,0.0,3247.7317334941436
HYB-b3000000-a0.50,hybrid,0.0,-1,,-1,BT-v2,10094,0,1.0,1,0,0,gun_kill,40.51982884327717,94.94768614370716,74.65013563168054,5.462248595147657,57.124973686698794,0.009271515034020319,0.009236054712179875,0.0,4764.651357857502
HYB-b3000000-a0.50,hybrid,0.0,-1,,-1,BT-v2,10094,1,0.5,0,1,0,timeout,103.91748495341339,55.8286384530427,33.2185583776201,0.39047551213971143,68.30776702699691,0.015145564591450063,0.016447952148734495,0.0,5293.900717129516
HYB-b3000000-a0.50,hybrid,0.0,-1,,-1,BT-v2,10095,0,0.0,0,0,1,gun_kill,37.3055437601866,48.076724480862474,10.365234973675697,0.021499890133463317,77.85328063638417,0.013006415149304514,0.013765246024568686,0.0,5250.0021650977615
HYB-b3000000-a0.50,hybrid,0.0,-1,,-1,BT-v2,10095,1,1.0,1,0,0,gun_kill,68.2012714579942,26.884581693961707,55.393988895670496,7.0220616932944475,34.48758706757005,0.008878343244294607,0.008533665733110068,0.0,4628.5719281802485
HYB-b3000000-a0.50,hybrid,0.0,-1,,-1,BT-v2,10096,0,0.5,0,1,0,timeout,54.47103255775704,93.83620864291733,44.92577345866563,7.927051790666976,55.486722688824386,0.006688130647110662,0.009211039101825493,0.0,3764.504301446724
HYB-b3000000-a0.50,hybrid,0.0,-1,,-1,BT-v2,10096,1,0.0,0,0,1,gun_kill,62.219348243481555,37.42504926023297,51.106697573000424,4.728581533081454,87.15878007982923,0.013512880229169848,0.007013504975078163,0.0,3230.974846778221
HYB-b3000000-a0.50,hybrid,0.0,-1,,-1,BT-v2,10097,0,0.0,0,0,1,gun_kill,119.51016991111271,27.34017552259479,6.987643583699265,6.502992720567016,116.40698190496404,0.016449124411879845,0.012973833902333608,0.0,3816.3618434258674
HYB-b3000000-a0.50,hybrid,0.0,-1,,-1,BT-v2,10097,1,0.5,0,1,0,timeout,63.52549977168848,41.75915090254356,56.81073479199813,5.673415711660056,48.76815912739884,0.008047315838755065,0.006951784363704694,0.0,4640.194423654448
HYB-b3000000-a0.50,hybrid,0.0,-1,,-1,BT-v2,10098,0,0.5,0,1,0,timeout,74.61884517846464,3.2480673249453695,21.759525813579693,6.548950710398228,49.540041378530304,0.01484652550016009,0.006729883386214146,0.0,3203.3792497544987
HYB-b3000000-a0.50,hybrid,0.0,-1,,-1,BT-v2,10098,1,0.5,0,1,0,timeout,36.46686590739462,59.1951330044303,30.989405237040945,4.768939562334129,35.276116618040525,0.0069214281188963835,0.013558569893845403,0.0,4522.430854531298
HYB-b3000000-a0.50,hybrid,0.0,-1,,-1,BT-v2,10099,0,0.0,0,0,1,gun_kill,82.83432524495842,93.5177114127729,98.4969448901686,3.422610084090282,108.15231542941098,0.014626613786753121,0.016305416924620043,0.0,5229.910169804617
HYB-b3000000-a0.50,hybrid,0.0,-1,,-1,BT-v2,10099,1,0.0,0,0,1,gun_kill,59.56312915771403,74.44991328504254,69.39870544367729,6.665848253838635,35.86741317011327,0.013024613098376268,0.00879257308605646,0.0,3681.776089442325
HYB-b3000000-a0.50,hybrid,0.0,-1,,-1,BT-v3,10000,0,0.0,0,0,1,gun_kill,36.38990858664444,21.145223360539944,9.287410397030271,5.295688785576416,67.60104918214572,0.009919285300999177,0.0118630821279233,0.0,4886.731932804892
HYB-b3000000-a0.50,hybrid,0.0,-1,,-1,BT-v3,10000,1,0.0,0,0,1,gun_kill,43.73670609597707,49.766603215430905,75.90853815435928,0.6957535160315862,89.13275250455295,0.012018958712170942,0.010474327206747605,0.0,5445.388845063349
HYB-b3000000-a0.50,hybrid,0.0,-1,,-1,BT-v3,10001,0,0.5,0,1,0,timeout,108.43138513970062,27.402816925443073,45.095794963540705,4.645464980183453,64.70903090709069,0.010029762617327827,0.0022871432159972723,0.0,5112.074219546654
HYB-b3000000-a0.50,hybrid,0.0,-1,,-1,BT-v3,10001,1,0.0,0,0,1,gun_kill,100.60183054036217,0.5547833183894513,83.83644413931826,4.978738788717831,117.3077329260371,0.014469490440396481,0.014324489723890946,0.0,3306.989614566545
HYB-b3000000-a0.50,hybrid,0.0,-1,,-1,BT-v3,10002,0,0.0,0,0,1,gun_kill,79.23722408732974,51.87411112885692,40.763032314460666,4.150342362002282,45.05454972807682,0.013846958303334673,0.013639219180517106,0.0,5913.502271017927
HYB-b3000000-a0.50,hybrid,0.0,-1,,-1,BT-v3,10002,1,1.0,1,0,0,gun_kill,95.11196521110699,98.51397168064511,99.69445323867905,0.05040245638407814,59.8188377834513,0.011824339081852766,0.013053768992486642,0.0,4348.619447596947
HYB-b3000000-a0.50,hybrid,0.0,-1,,-1,BT-v3,10003,0,1.0,1,0,0,gun_kill,65.32828728319092,28.693787810397374,71.97374405472439,1.4810792707047877,70.38237041034498,0.010980516468580346,0.01030187258549262,0.0,5229.496756837558
HYB-b3000000-a0.50,hybrid,0.0,-1,,-1,BT-v3,10003,1,1.0,1,0,0,gun_kill,47.00780598325321,28.922566588811804,88.12035522008348,2.8412203180165685,115.16493239512968,0.014567964919272024,0.011882806118116606,0.0,4701.953624000396
HYB-b3000000-a0.50,hybrid,0.0,-1,,-1,BT-v3,10004,0,1.0,1,0,0,gun_kill,88.21293211200592,27.446674515204585,16.64479798121816,6.989657533243463,82.79750662608228,0.010579781498720745,0.01876560645970085,0.0,5359.547298558042
HYB-b3000000-a0.50,hybrid,0.0,-1,,-1,BT-v3,10004,1,1.0,1,0,0,gun_kill,64.89130996473304,97.58897295234013,92.48615024098461,2.571024942447088,71.52682370091463,0.018950558565953943,0.008473602739034592,0.0,5423.892565439881
HYB-b3000000-a0.50,hybrid,0.0,-1,,-1,BT-v3,10005,0,1.0,1,0,0,gun_kill,60.628715151525455,39.97745342513651,68.88710322331242,0.7841843187439785,58.1580973613536,0.006202880837879183,0.01685191703659634,0.0,5189.306984586275
HYB-b3000000-a0.50,hybrid,0.0,-1,,-1,BT-v3,10005,1,1.0,1,0,0,gun_kill,56.27898590462732,64.79013755095659,44.07014324730676,4.995145818393175,85.53233197531438,0.011961747680712948,0.011436681549260877,0.0,3435.5024447067003
HYB-b3000000-a0.50,hybrid,0.0,-1,,-1,BT-v3,10006,0,1.0,1,0,0,gun_kill,38.148106339978504,20.487795454057224,17.073116753933547,7.0518430734549815,46.23419180396802,0.011643379998469159,0.015559414172232555,0.0,3176.977276420818
HYB-b3000000-a0.50,hybrid,0.0,-1,,-1,BT-v3,10006,1,1.0,1,0,0,gun_kill,66.82203470120186,14.636774157714905,59.876618152554265,4.37722541071042,38.361161553872066,0.015170671233537304,0.013987584983561393,0.0,5163.058289245785
HYB-b3000000-a0.50,hybrid,0.0,-1,,-1,BT-v3,10007,0,0.5,0,1,0,timeout,42.119737438787894,76.70359825450852,94.25462327249335,0.922637120352193,109.59154187672148,0.007716008946849502,0.010908111130729403,0.0,3153.733048967203
HYB-b3000000-a0.50,hybrid,0.0,-1,,-1,BT-v3,10007,1,0.5,0,1,0,timeout,107.80828086799949,15.030877143320287,52.95242432068409,6.375527616323502,96.74726782947032,0.019357718523454078,0.00865064130984877,0.0,3351.4076193442297
HYB-b3000000-a0.50,hybrid,0.0,-1,,-1,BT-v3,10008,0,0.0,0,0,1,gun_kill,63.58614856349422,61.29211151201914,62.82524001474478,0.31016603978305834,81.12814034923376,0.016090465681990622,0.012393712748526714,0.0,4766.030515749767
HYB-b3000000-a0.50,hybrid,0.0,-1,,-1,BT-v3,10008,1,1.0,1,0,0,gun_kill,51.7634373986855,78.90634274174701,13.665923377008882,4.617698317723599,31.574055209742067,0.010041876964011112,0.012204759610951839,0.0,3672.5026573479095
HYB-b3000000-a0.50,hybrid,0.0,-1,,-1,BT-v3,10009,0,1.0,1,0,0,gun_kill,37.095894313608305,42.20878734110466,44.63756089254828,6.959622382807675,81.3768775300048,0.01771263118170039,0.007983820800716312,0.0,5881.720246219584
HYB-b3000000-a0.50,hybrid,0.0,-1,,-1,BT-v3,10009,1,0.5,0,1,0,timeout,38.577750618873125,32.831001469519286,8.433335736240789,2.1712019613307474,64.24425769537694,0.011814405310310824,0.011395928977010118,0.0,4646.6486436660725
HYB-b3000000-a0.50,hybrid,0.0,-1,,-1,BT-v3,10010,0,0.0,0,0,1,gun_kill,114.2471805266524,89.56256987391535,0.5484417648461637,7.982052713456713,79.37487252234305,0.005659591326502388,0.010818735013439332,0.0,5389.54147377054
HYB-b3000000-a0.50,hybrid,0.0,-1,,-1,BT-v3,10010,1,1.0,1,0,0,gun_kill,67.91664896574719,56.416302229218594,66.34867928523374,3.840986489325421,56.681920149611,0.009982865614607143,0.00980866619023053,0.0,5802.515631387198
HYB-b3000000-a0.50,hybrid,0.0,-1,,-1,BT-v3,10011,0,0.5,0,1,0,timeout,98.25346734124973,72.38074397947413,54.77932909193548,7.083829026412467,56.9690597451952,0.01044195367384306,0.01607421228150224,0.0,3338.3240079771367
HYB-b3000000-a0.50,hybrid,0.0,-1,,-1,BT-v3,10011,1,1.0,1,0,0,gun_kill,90.5402359162434,50.033550091928994,63.59275363957089,3.1767968159654068,42.938810648680374,0.009585198849844411,0.0136932244857697,0.0,5841.548234385456
HYB-b3000000-a0.50,hybrid,0.0,-1,,-1,BT-v3,10012,0,1.0,1,0,0,gun_kill,78.7788762576267,67.73019187540942,69.51294417704416,1.9790953286296418,111.55356705482328,0.010650911835954718,0.011073456039238004,0.0,4846.53560529322
HYB-b3000000-a0.50,hybrid,0.0,-1,,-1,BT-v3,10012,1,0.0,0,0,1,gun_kill,81.76594118432098,80.76687125462361,75.9509912530487,7.679439566444252,44.23505459461896,0.013921635462949633,0.010392904344140703,0.0,4336.0642347260045
HYB-b3000000-a0.50,hybrid,0.0,-1,,-1,BT-v3,10013,0,1.0,1,0,0,gun_kill,91.82157824847735,19.39517156660345,23.13930574908072,4.460292633491145,33.617509289903914,0.007256725695355836,0.013253350090970565,0.0,5213.7038783585685
HYB-b3000000-a0.50,hybrid,0.0,-1,,-1,BT-v3,10013,1,0.0,0,0,1,gun_kill,103.89022765137071,75.75409501786821,90.25314513382081,5.764507385298376,101.12411432270738,0.012874962039126976,0.013952598457281152,0.0,3101.8364135026445
HYB-b3000000-a0.50,hybrid,0.0,-1,,-1,BT-v3,10014,0,1.0,1,0,0,gun_kill,53.067438543019335,10.362722014150416,14.66288419096039,1.161303647386415,107.65873978531734,0.014015109419817217,0.006146801330951699,0.0,3671.964757644155
HYB-b3000000-a0.50,hybrid,0.0,-1,,-1,BT-v3,10014,1,0.5,0,1,0,timeout,111.7561430910555,42.58982089990692,64.70788006550544,3.3725116383136626,42.52947572001446,0.008482370800506917,0.010077330056945038,0.0,3565.9559093572852
HYB-b3000000-a0.50,hybrid,0.0,-1,,-1,BT-v3,10015,0,1.0,1,0,0,gun_kill,34.91523422196065,35.53591237426673,37.06431031135962,0.6600203112956615,32.599979994221734,0.0003694193036080061,0.013925680220175322,0.0,5304.418899324926
HYB-b3000000-a0.50,hybrid,0.0,-1,,-1,BT-v3,10015,1,0.0,0,0,1,gun_kill,81.31417002527623,76.16585121166965,7.080932024885744,2.5803218571816267,93.78861593913527,0.013020878161447242,0.014019797725266165,0.0,4477.419419740019
HYB-b3000000-a0.50,hybrid,0.0,-1,,-1,BT-v3,10016,0,1.0,1,0,0,gun_kill,60.53265440422704,25.56621216637277,76.89156638328323,6.147534533347379,32.96673520451119,0.013633985027317535,0.012446812837218104,0.0,3881.0703016487605
HYB-b3000000-a0.50,hybrid,0.0,-1,,-1,BT-v3,10016,1,1.0,1,0,0,gun_kill,34.63987488035541,58.59240928461649,88.59998806087216,6.287250276842631,82.9270190545258,0.008437389433650432,0.014668035115476626,0.0,4693.667289582114
HYB-b3000000-a0.50,hybrid,0.0,-1,,-1,BT-v3,10017,0,0.0,0,0,1,gun_kill,97.02440165149538,31.76725129245137,14.270949555056678,5.660125699470142,66.94263881969573,0.012386061272253165,0.00020454469425631484,0.0,4265.492354566222
HYB-b3000000-a0.50,hybrid,0.0,-1,,-1,BT-v3,10017,1,1.0,1,0,0,gun_kill,77.39418217749709,71.94836110747183,52.41355494652221,0.4435200031442763,39.42231190047257,0.011979529117470205,0.009543594254113205,0.0,3461.9484380581757
HYB-b3000000-a0.50,hybrid,0.0,-1,,-1,BT-v3,10018,0,1.0,1,0,0,gun_kill,74.05006735754277,52.27790948687412,95.86044449801435,2.0960607487430227,36.27269739272778,0.01222453945002948,0.016743423000473007,0.0,3604.8245885167557
HYB-b3000000-a0.50,hybrid,0.0,-1,,-1,BT-v3,10018,1,0.0,0,0,1,gun_kill,45.27631218521102,87.63922462405999,71.15290666539481,5.439136948622704,40.08481897139909,0.007873425409985858,0.01254421996669561,0.0,4231.8256426296175
HYB-b3000000-a0.50,hybrid,0.0,-1,,-1,BT-v3,10019,0,1.0,1,0,0,gun_kill,69.42614423175604,24.625641441692714,65.55910587199699,3.364005804495412,69.47891844553524,0.01502708428217061,0.020660732354164237,0.0,5877.935725197358
HYB-b3000000-a0.50,hybrid,0.0,-1,,-1,BT-v3,10019,1,0.5,0,1,0,timeout,63.833665387448946,27.291621350532402,16.393807781725368,3.7883513790183434,118.01275753120692,0.010043473665262613,0.011085185557192215,0.0,4201.184439688345
HYB-b3000000-a0.50,hybrid,0.0,-1,,-1,BT-v3,10020,0,1.0,1,0,0,gun_kill,70.43069092603025,44.10391525708642,71.2758170173157,3.467560224452826,39.10438731572743,0.015624957244340777,0.014378573373081273,0.0,4986.6141046459925
HYB-b3000000-a0.50,hybrid,0.0,-1,,-1,BT-v3,10020,1,1.0,1,0,0,gun_kill,107.13364488160647,66.73559611047804,88.63767910115587,6.115886554825851,108.40138506807915,0.02005844862079992,0.013871114089435312,0.0,3993.588386475412
HYB-b3000000-a0.50,hybrid,0.0,-1,,-1,BT-v3,10021,0,0.0,0,0,1,gun_kill,113.08264045838868,33.5295169458314,82.38377524134276,2.2619383954565357,87.75557786098511,0.010824215667178018,0.018146274634599367,0.0,5500.382646892742
HYB-b3000000-a0.50,hybrid,0.0,-1,,-1,BT-v3,10021,1,0.5,0,1,0,timeout,102.47758534309969,55.247545216254544,35.86981742845376,1.249462114518061,62.08207769296913,0.01186221162056084,0.012548197932906338,0.0,4563.236558921455
HYB-b3000000-a0.50,hybrid,0.0,-1,,-1,BT-v3,10022,0,0.0,0,0,1,gun_kill,113.10896190456491,22.982714025632887,43.776285355735155,2.5735105344775198,35.92880496550705,0.013820152230411133,0.002442179642738615,0.0,3458.532479532238
HYB-b3000000-a0.50,hybrid,0.0,-1,,-1,BT-v3,10022,1,1.0,1,0,0,gun_kill,32.30123364582233,47.53804947603574,52.28102388818693,5.083386760847326,110.91153883981161,0.010100913727923842,0.010908202567832743,0.0,3211.8526111209003
HYB-b3000000-a0.50,hybrid,0.0,-1,,-1,BT-v3,10023,0,1.0,1,0,0,gun_kill,119.89134357043548,42.15538930051249,99.79237480807798,1.1342250234338511,94.18012020023163,0.018419917292479798,0.014135806696576984,0.0,5728.014801935628
HYB-b3000000-a0.50,hybrid,0.0,-1,,-1,BT-v3,10023,1,1.0,1,0,0,gun_kill,84.8634159160139,56.84286328560377,5.983691349128262,3.4712574962819307,94.44795572283701,0.008884492522352797,0.00968156459267494,0.0,5090.129256255115
HYB-b3000000-a0.50,hybrid,0.0,-1,,-1,BT-v3,10024,0,0.0,0,0,1,gun_kill,50.79826941153932,92.01862808802743,6.46825492016675,0.9343505891877264,110.32632576879665,0.014144773350320192,0.012041665798759038,0.0,4758.150392101246
HYB-b3000000-a0.50,hybrid,0.0,-1,,-1,BT-v3,10024,1,1.0,1,0,0,gun_kill,92.09450158804965,17.42865425264739,12.62958759213878,5.979836042988396,83.81560646475242,0.015973789713502346,0.012391331299464573,0.0,3834.1095977665473
HYB-b3000000-a0.50,hybrid,0.0,-1,,-1,BT-v3,10025,0,0.5,0,1,0,timeout,98.19431052516593,71.5534436191179,10.548340725501959,1.7044025674220942,50.23136191216278,0.005968989716012802,0.012771601765591209,0.0,5823.223304918964
HYB-b3000000-a0.50,hybrid,0.0,-1,,-1,BT-v3,10025,1,1.0,1,0,0,gun_kill,37.30727164630647,11.756932690887156,53.628592449891876,2.334489596040732,111.09846088544475,0.005970225246021485,0.012855142516449758,0.0,5054.087676008117
HYB-b3000000-a0.50,hybrid,0.0,-1,,-1,BT-v3,10026,0,0.0,0,0,1,gun_kill,119.39809017980333,38.3524961266565,85.62341112497688,1.0042063804034784,116.19478544755515,0.007833350679817667,0.013133578417946384,0.0,5610.925347500867
HYB-b3000000-a0.50,hybrid,0.0,-1,,-1,BT-v3,10026,1,0.0,0,0,1,gun_kill,116.8642233557778,31.45039724960228,20.84938773714008,5.787014353447999,72.90006239851326,0.010562174404932727,0.01112564191773721,0.0,4419.0490834032535
HYB-b3000000-a0.50,hybrid,0.0,-1,,-1,BT-v3,10027,0,0.0,0,0,1,gun_kill,118.98529259053568,73.37941071038384,58.36915730328099,4.071655184769596,70.70246680174071,0.017021352328129066,0.012411035074175644,0.0,4317.069319128028
HYB-b3000000-a0.50,hybrid,0.0,-1,,-1,BT-v3,10027,1,1.0,1,0,0,gun_kill,110.30868262129691,5.786384647904352,77.86588527345022,2.1204152192277608,66.144328304824,0.010480858916384544,0.012467026907632812,0.0,5780.964286876594
HYB-b3000000-a0.50,hybrid,0.0,-1,,-1,BT-v3,10028,0,1.0,1,0,0,gun_kill,74.2404979688919,62.57672874043996,58.570714117652514,0.41502600867767914,77.46088564530494,0.010298851623812133,0.004525749928674729,0.0,4694.49245281566
HYB-b3000000-a0.50,hybrid,0.0,-1,,-1,BT-v3,10028,1,1.0,1,0,0,gun_kill,38.63619989497172,84.95308103073515,17.43118593415983,1.1256968087630046,103.69077318775238,0.007578652980524475,0.010601600424649296,0.0,3230.3546273990555
HYB-b3000000-a0.50,hybrid,0.0,-1,,-1,BT-v3,10029,0,0.0,0,0,1,gun_kill,86.14438852265937,58.38218090557301,21.944065726902263,4.771890393112301,59.803787080990645,0.009243559997972845,0.016832950957261793,0.0,5615.235140329582
HYB-b3000000-a0.50,hybrid,0.0,-1,,-1,BT-v3,10029,1,0.5,0,1,0,timeout,119.35997854342514,62.629235648891694,83.21798853516458,3.8792052107425166,117.4016143424654,0.006094513575555198,0.01576214557815444,0.0,3623.6609214519876
HYB-b3000000-a0.50,hybrid,0.0,-1,,-1,BT-v3,10030,0,0.0,0,0,1,gun_kill,102.86652435007773,32.827969023076754,40.29253303214926,5.940087863334339,116.54264401917082,0.010033088359888902,0.011582388372034009,0.0,3415.270013727864
HYB-b3000000-a0.50,hybrid,0.0,-1,,-1,BT-v3,10030,1,1.0,1,0,0,gun_kill,97.36492703640249,26.873080787500115,40.63631344602939,6.981506063787881,84.79683913506793,0.010173070824335956,0.006491983646846663,0.0,5631.837887232452
HYB-b3000000-a0.50,hybrid,0.0,-1,,-1,BT-v3,10031,0,0.0,0,0,1,gun_kill,110.6972253671009,4.165844039248656,46.37300155906938,3.1876915627176015,55.61559188905561,0.01581170605697951,0.010370944551871349,0.0,4674.721886044046
HYB-b3000000-a0.50,hybrid,0.0,-1,,-1,BT-v3,10031,1,1.0,1,0,0,gun_kill,103.85284691407247,4.675751159591279,10.427696963140122,6.05981994629843,66.2459441613806,0.011729164511792305,0.015077130419714029,0.0,5585.857536038022
HYB-b3000000-a0.50,hybrid,0.0,-1,,-1,BT-v3,10032,0,0.5,0,1,0,timeout,91.4476524541245,52.087657152826694,0.8860880064915255,1.8639071745021036,108.63809239920697,0.011593046109247773,0.015205723749063382,0.0,5923.125908729119
HYB-b3000000-a0.50,hybrid,0.0,-1,,-1,BT-v3,10032,1,1.0,1,0,0,gun_kill,93.02919288813052,6.853412233848899,62.545149441568014,6.106427517174334,41.8935507717707,0.013719244232558157,0.012686045261140316,0.0,4641.057177716409
HYB-b3000000-a0.50,hybrid,0.0,-1,,-1,BT-v3,10033,0,1.0,1,0,0,gun_kill,54.91521534060995,87.88857713511678,64.37544802301323,2.668023951339892,51.599232661345496,0.010079767576887543,0.015002466053568508,0.0,4823.497212047147
HYB-b3000000-a0.50,hybrid,0.0,-1,,-1,BT-v3,10033,1,1.0,1,0,0,gun_kill,63.559297927329766,41.14513393623467,18.87380403974094,6.2899392312545315,37.33819123850053,0.020838658768876625,0.015819380944363592,0.0,5330.2806943288315
HYB-b3000000-a0.50,hybrid,0.0,-1,,-1,BT-v3,10034,0,1.0,1,0,0,gun_kill,31.47705667835931,27.90871288549538,52.448813669628805,2.0032151586048963,46.93466247995667,0.012695630792575387,0.006712645721977449,0.0,5394.154702673413
HYB-b3000000-a0.50,hybrid,0.0,-1,,-1,BT-v3,10034,1,0.5,0,1,0,timeout,90.58827321018228,18.36229958245299,73.8097362352877,3.1197550147671578,53.050165429160806,0.010439236803979462,0.016022792164643467,0.0,4834.1734810641665
HYB-b3000000-a0.50,hybrid,0.0,-1,,-1,BT-v3,10035,0,1.0,1,0,0,gun_kill,93.67613104805766,67.81164984179662,97.93128036004148,7.230119307092444,55.05190839532184,0.01882725667761527,0.016407096282916752,0.0,5264.827742802471
HYB-b3000000-a0.50,hybrid,0.0,-1,,-1,BT-v3,10035,1,1.0,1,0,0,gun_kill,74.42707737715932,60.96436393518248,14.403867439089968,7.728370060919585,99.68307581452758,0.012219604079708955,0.01520443545827366,0.0,4893.88129455735
HYB-b3000000-a0.50,hybrid,0.0,-1,,-1,BT-v3,10036,0,1.0,1,0,0,gun_kill,75.28302555735438,12.82063513123397,45.53633578792719,2.7966058230164768,109.76700465913964,0.015725383397322625,0.0077821470340203236,0.0,5624.496147038148
HYB-b3000000-a0.50,hybrid,0.0,-1,,-1,BT-v3,10036,1,1.0,1,0,0,gun_kill,43.6428605889018,58.83173661773189,79.54581513110912,2.6225888368831756,37.049290338994396,0.01011314854870217,0.00922462810303671,0.0,3671.322245474862
HYB-b3000000-a0.50,hybrid,0.0,-1,,-1,BT-v3,10037,0,1.0,1,0,0,gun_kill,89.79787444409253,15.566621980597661,4.581271384451124,7.580704159452266,48.627254625997566,0.009227680066601516,0.014325650254060263,0.0,4513.729389635741
HYB-b3000000-a0.50,hybrid,0.0,-1,,-1,BT-v3,10037,1,1.0,1,0,0,gun_kill,42.63306084798603,77.99720342325563,21.677945849229662,1.1659321254960657,82.73174937709095,0.009732176882274662,0.011438634770768386,0.0,5317.450068938546
HYB-b3000000-a0.50,hybrid,0.0,-1,,-1,BT-v3,10038,0,0.0,0,0,1,gun_kill,69.06810209904776,46.380474537324424,77.79892911474504,6.608550435676604,76.24346830086512,0.015980812209839754,0.009281302066890061,0.0,5901.5292431076905
HYB-b3000000-a0.50,hybrid,0.0,-1,,-1,BT-v3,10038,1,1.0,1,0,0,gun_kill,50.964115776728114,23.109872082276983,94.96815810837909,7.936917606758285,63.42779497869023,0.013233454511623922,0.007778609851368875,0.0,4451.090774309321
HYB-b3000000-a0.50,hybrid,0.0,-1,,-1,BT-v3,10039,0,1.0,1,0,0,gun_kill,76.59128838197176,38.82111630038897,30.82147701258312,0.5910076971642875,81.77330428813474,0.013895495332640374,0.012761488322313021,0.0,4980.713850301104
HYB-b3000000-a0.50,hybrid,0.0,-1,,-1,BT-v3,10039,1,0.0,0,0,1,gun_kill,30.21143878462252,92.52031909618653,79.44718402481872,6.968535006006399,95.71369643974667,0.01172656024014078,0.01727441358135242,0.0,3238.433413789638
HYB-b3000000-a0.50,hybrid,0.0,-1,,-1,BT-v3,10040,0,0.5,0,1,0,timeout,53.628635890053175,25.237918712112872,51.37585918985087,0.07559889109355478,68.97136120342643,0.007402353889969372,0.008409321097487273,0.0,4292.17789863032
HYB-b3000000-a0.50,hybrid,0.0,-1,,-1,BT-v3,10040,1,1.0,1,0,0,gun_kill,69.1062144064017,25.456776616306488,35.73333647070771,2.1975061258368154,60.58734551469634,0.015408237241626972,0.009285118547508074,0.0,5416.566165964783
HYB-b3000000-a0.50,hybrid,0.0,-1,,-1,BT-v3,10041,0,0.5,0,1,0,timeout,45.132595044301375,64.43506056851813,39.44195690959577,4.154740246213692,108.9506488026318,0.013198993444139542,0.008216682035902163,0.0,4226.495577563421
HYB-b3000000-a0.50,hybrid,0.0,-1,,-1,BT-v3,10041,1,0.0,0,0,1,gun_kill,42.924116517652536,55.74163378583516,92.99285434692466,6.510550389292488,105.14236394926654,0.011364814326363413,0.017324612650612584,0.0,3578.7808959456097
HYB-b3000000-a0.50,hybrid,0.0,-1,,-1,BT-v3,10042,0,0.5,0,1,0,timeout,110.95900518014271,20.26490256397704,5.112151062071868,4.82690600655732,54.602087333469726,0.015117068779636,0.012038822704103547,0.0,5824.821596906646
HYB-b3000000-a0.50,hybrid,0.0,-1,,-1,BT-v3,10042,1,1.0,1,0,0,gun_kill,56.739062032038674,33.623079191656146,29.118831545087755,6.677485341782341,94.00930574100809,0.013577507138741476,0.0050447358967495625,0.0,5191.920349964092
HYB-b3000000-a0.50,hybrid,0.0,-1,,-1,BT-v3,10043,0,1.0,1,0,0,gun_kill,45.433659622123336,16.099980887968,7.968149367983379,1.2421066530166591,53.94401448156687,0.010823468893061353,0.008758389881380134,0.0,3147.3998574225784
HYB-b3000000-a0.50,hybrid,0.0,-1,,-1,BT-v3,10043,1,1.0,1,0,0,gun_kill,41.153544207136775,50.22255552093816,81.31008934465804,5.693592114305908,66.90733036903582,0.0173342043922247,0.010207112852066415,0.0,3446.570546763871
HYB-b3000000-a0.50,hybrid,0.0,-1,,-1,BT-v3,10044,0,0.5,0,1,0,timeout,115.81516368564152,1.7519848121072434,46.994418597147614,4.302808290603482,113.58258204952746,0.010300513992610538,0.008220617984667585,0.0,3446.568188759108
HYB-b3000000-a0.50,hybrid,0.0,-1,,-1,BT-v3,10044,1,0.5,0,1,0,timeout,104.64563939902331,66.14255694374766,47.086870600365316,2.804640883417134,63.06522417632831,0.013544048615531325,0.012023151525797965,0.0,4629.817734002714
HYB-b3000000-a0.50,hybrid,0.0,-1,,-1,BT-v3,10045,0,0.5,0,1,0,timeout,84.33106077026738,7.367752631831436,22.53016872737781,3.2981029348745396,37.94790654405206,0.009304234246944236,0.011591760156852177,0.0,3114.229521486183
HYB-b3000000-a0.50,hybrid,0.0,-1,,-1,BT-v3,10045,1,0.5,0,1,0,timeout,111.0632523838595,74.30004197479865,49.1014601832569,5.380690994119732,58.64305999570182,0.008121079435709359,0.02242479633677308,0.0,4006.5053807242384
HYB-b3000000-a0.50,hybrid,0.0,-1,,-1,BT-v3,10046,0,1.0,1,0,0,gun_kill,63.401959628517254,27.068303059024835,35.55885900936124,0.8515427750698539,107.93792918277188,0.015498599044126104,0.010253983291827962,0.0,3516.6474987954134
HYB-b3000000-a0.50,hybrid,0.0,-1,,-1,BT-v3,10046,1,0.5,0,1,0,timeout,86.34506302999151,49.02468849203875,11.951344991223644,5.128353860806868,50.75360680199815,0.008491762505630227,0.014221361637782495,0.0,3808.276779951049
HYB-b3000000-a0.50,hybrid,0.0,-1,,-1,BT-v3,10047,0,1.0,1,0,0,gun_kill,84.87345603692606,53.93917077632726,75.5308618540214,4.49542831315758,90.45894095651232,0.007452371254184047,0.007226863301403049,0.0,5587.249760053814
HYB-b3000000-a0.50,hybrid,0.0,-1,,-1,BT-v3,10047,1,0.0,0,0,1,gun_kill,74.47619910969905,66.81383687714455,64.1138054446543,0.5784855953816326,118.33577576102549,0.010000995314424863,0.009986670849570792,0.0,4275.425826907693
HYB-b3000000-a0.50,hybrid,0.0,-1,,-1,BT-v3,10048,0,0.0,0,0,1,gun_kill,76.74234356687168,31.32587381828089,43.59099527614784,0.833525372177081,79.62956902899361,0.001885643869180404,0.012927264102270866,0.0,3724.6100920840427
HYB-b3000000-a0.50,hybrid,0.0,-1,,-1,BT-v3,10048,1,1.0,1,0,0,gun_kill,56.953381651368424,29.972284440859774,55.79324684648056,7.976958239243138,50.403609324287785,0.011563739669798885,0.01477798362851835,0.0,4981.897428002067
HYB-b3000000-a0.50,hybrid,0.0,-1,,-1,BT-v3,10049,0,0.0,0,0,1,gun_kill,87.58126040641179,56.208976078379514,75.0993656535862,1.2943435084093675,38.34002798592147,0.01092392289446532,0.010724850213590521,0.0,5878.25558810339
HYB-b3000000-a0.50,hybrid,0.0,-1,,-1,BT-v3,10049,1,1.0,1,0,0,gun_kill,83.98782578355272,53.42028348023206,67.83456861352228,6.9932425601111605,86.04513447711477,0.009672420937514335,0.01058991109659237,0.0,5036.609344684063
HYB-b3000000-a0.50,hybrid,0.0,-1,,-1,BT-v3,10050,0,0.0,0,0,1,gun_kill,44.58053838129608,3.6455454144425303,35.030999745781656,0.8286030105782833,107.17121193164738,0.009393636124251887,0.012373276565938684,0.0,5267.586086241025
HYB-b3000000-a0.50,hybrid,0.0,-1,,-1,BT-v3,10050,1,0.0,0,0,1,gun_kill,41.88175361472025,67.56476357830617,56.55557449854377,6.347996611484794,48.663329176118395,0.007877065886183377,0.011716018585211447,0.0,3356.920958572958
HYB-b3000000-a0.50,hybrid,0.0,-1,,-1,BT-v3,10051,0,0.0,0,0,1,gun_kill,74.06711743435406,15.327206755386523,1.5361472865807024,6.939991945316744,39.08849584984494,0.009527583168756163,0.013610333714929207,0.0,4588.845922442765
HYB-b3000000-a0.50,hybrid,0.0,-1,,-1,BT-v3,10051,1,0.5,0,1,0,timeout,84.72299449255317,32.62791409555227,94.51740869512471,1.6202007957561309,41.1812129352933,0.006612419694780555,0.008389536908238458,0.0,3349.4599929735027
HYB-b3000000-a0.50,hybrid,0.0,-1,,-1,BT-v3,10052,0,0.5,0,1,0,timeout,49.16655628674309,95.86275500074942,20.15394158333309,1.6957438129243334,104.47973973075852,0.01404655533538354,0.007702010639849303,0.0,3998.70290953965
HYB-b3000000-a0.50,hybrid,0.0,-1,,-1,BT-v3,10052,1,0.0,0,0,1,gun_kill,31.798296684437425,46.99223625543533,53.57918307823791,2.208452967805253,73.1115013309668,0.013230405309168577,0.014128772231080763,0.0,3169.6809047521915
HYB-b3000000-a0.50,hybrid,0.0,-1,,-1,BT-v3,10053,0,0.0,0,0,1,gun_kill,84.63147530376797,46.55427093025626,36.05343184048378,7.474342045137371,32.517018622938444,0.008543933037808506,0.007864162837421865,0.0,3539.157538666664
HYB-b3000000-a0.50,hybrid,0.0,-1,,-1,BT-v3,10053,1,1.0,1,0,0,gun_kill,69.06776544044126,89.48302922046977,58.484908079257025,3.360184670606375,53.68622075668679,0.010811741866899455,0.011563152362066162,0.0,4172.433136894511
HYB-b3000000-a0.50,hybrid,0.0,-1,,-1,BT-v3,10054,0,0.0,0,0,1,gun_kill,70.56945279114878,61.875730630172285,82.45851345730816,3.055083596395315,95.22327483579265,0.009857035697980602,0.01167025970470896,0.0,3143.568697196991
HYB-b3000000-a0.50,hybrid,0.0,-1,,-1,BT-v3,10054,1,1.0,1,0,0,gun_kill,89.42179326523453,44.776969837055745,37.082387862322484,1.007430798767392,38.516612529238344,0.0016361584767201724,0.008366614018568894,0.0,4076.3041751391
HYB-b3000000-a0.50,hybrid,0.0,-1,,-1,BT-v3,10055,0,1.0,1,0,0,gun_kill,103.25075717928179,31.34953758038965,6.283842650290028,5.532151612657393,59.99141140549392,0.010055928970640896,0.015853795550642757,0.0,3005.3811185145737
HYB-b3000000-a0.50,hybrid,0.0,-1,,-1,BT-v3,10055,1,0.5,0,1,0,timeout,68.46125515069764,58.04736042746133,36.10361015287263,3.1024728973965763,65.99716193085091,0.012646266793182462,0.009156436278864633,0.0,3015.11492174051
HYB-b3000000-a0.50,hybrid,0.0,-1,,-1,BT-v3,10056,0,0.0,0,0,1,gun_kill,30.675102824004547,40.79300332800696,84.9703644118609,3.585243236572359,87.47377075478326,0.014847107752537806,0.016152282232358248,0.0,4409.140402625162
HYB-b3000000-a0.50,hybrid,0.0,-1,,-1,BT-v3,10056,1,1.0,1,0,0,gun_kill,92.22389626500852,32.463763472815245,42.8226774811989,3.34631622165812,61.21082454247809,0.01962354201639013,0.01117079498816698,0.0,4749.075271121884
HYB-b3000000-a0.50,hybrid,0.0,-1,,-1,BT-v3,10057,0,1.0,1,0,0,gun_kill,104.0016182153731,49.264701947423184,26.444212791572163,1.6045862238714994,119.9398978826863,0.012319139704041235,0.012868852640955223,0.0,3310.1354448872116
HYB-b3000000-a0.50,hybrid,0.0,-1,,-1,BT-v3,10057,1,0.0,0,0,1,gun_kill,109.65539529159253,0.09177697440083676,73.71365896535345,2.1182958423524845,101.83505347816183,0.012959998740392564,0.009903330217326442,0.0,4719.076537459285
HYB-b3000000-a0.50,hybrid,0.0,-1,,-1,BT-v3,10058,0,1.0,1,0,0,gun_kill,39.28024466041915,87.97204561460461,77.47778229823868,2.6670816838445823,38.87975198233118,0.014993754222821423,0.009945125453524283,0.0,4473.233836458176
HYB-b3000000-a0.50,hybrid,0.0,-1,,-1,BT-v3,10058,1,0.0,0,0,1,gun_kill,76.68938588939656,19.481813277349058,58.538730653858636,7.746939135272864,57.67206917362096,0.019446840325465318,0.009487532761452972,0.0,4357.1419981955405
HYB-b3000000-a0.50,hybrid,0.0,-1,,-1,BT-v3,10059,0,1.0,1,0,0,gun_kill,89.15411140216047,38.593216568445854,90.07333095935783,6.558219437683987,54.45768494702569,0.011945364172305243,0.011910877835489758,0.0,3091.0745871207264
HYB-b3000000-a0.50,hybrid,0.0,-1,,-1,BT-v3,10059,1,0.0,0,0,1,gun_kill,71.89168103916478,95.383891036257,73.20052422288005,1.408510620755533,109.1836320717325,0.009417151771352321,0.02241661197413089,0.0,4479.131957299216
HYB-b3000000-a0.50,hybrid,0.0,-1,,-1,BT-v3,10060,0,1.0,1,0,0,gun_kill,53.79367628737358,96.8543350861972,92.86542085356993,2.2233045074797664,101.18631182731336,0.013684232095673305,0.009192627032922463,0.0,4540.342037525002
HYB-b3000000-a0.50,hybrid,0.0,-1,,-1,BT-v3,10060,1,1.0,1,0,0,gun_kill,115.11344332274469,70.59889981757048,12.8542062836135,6.751780044291753,110.0517952278824,0.013716993494538147,0.010381193959614086,0.0,4016.37382504974
HYB-b3000000-a0.50,hybrid,0.0,-1,,-1,BT-v3,10061,0,1.0,1,0,0,gun_kill,106.12937307787735,95.58294946476387,69.64117837012147,6.047431279524144,73.21307192328896,0.016955095304131845,0.018277958992376397,0.0,4683.730563691466
HYB-b3000000-a0.50,hybrid,0.0,-1,,-1,BT-v3,10061,1,0.0,0,0,1,gun_kill,63.86557902700904,42.65483365935816,28.18078072123954,1.848721952781414,71.51981700973029,0.012085924712899222,0.0006180836546521955,0.0,4016.5978953538533
HYB-b3000000-a0.50,hybrid,0.0,-1,,-1,BT-v3,10062,0,0.0,0,0,1,gun_kill,58.12626213760169,80.8550276302661,84.1237773375335,5.250421740521664,71.51584794293333,0.010784810243467398,0.010770273617436738,0.0,4866.60542870409
HYB-b3000000-a0.50,hybrid,0.0,-1,,-1,BT-v3,10062,1,1.0,1,0,0,gun_kill,101.86100715651405,86.25458431692678,56.31654754725825,3.270148100720588,32.33742421586915,0.012778358623012645,0.01649856958264049,0.0,4558.894951770023
HYB-b3000000-a0.50,hybrid,0.0,-1,,-1,BT-v3,10063,0,0.5,0,1,0,timeout,48.084150304506686,17.073724736218278,63.75737174006635,5.463970993060536,97.7955473545514,0.01700085121964643,0.01392506995051665,0.0,4105.3778417700305
HYB-b3000000-a0.50,hybrid,0.0,-1,,-1,BT-v3,10063,1,0.5,0,1,0,timeout,93.94906686945899,63.57280646456408,35.76251182298943,6.9079318018012055,36.99447193052212,0.004848511906124897,0.016703596542312564,0.0,4964.794315254791
HYB-b3000000-a0.50,hybrid,0.0,-1,,-1,BT-v3,10064,0,0.5,0,1,0,timeout,54.76972877201801,54.52896970853778,70.25155235534079,2.228157418267739,33.40290051915074,0.00439009492869973,0.004409795544081256,0.0,3729.5060917935616
HYB-b3000000-a0.50,hybrid,0.0,-1,,-1,BT-v3,10064,1,0.5,0,1,0,timeout,105.33268338692655,28.1803731451168,28.380994999762155,7.838408207937229,70.31201174953188,0.016890153125520797,0.01573837421423523,0.0,5751.905081699827
HYB-b3000000-a0.50,hybrid,0.0,-1,,-1,BT-v3,10065,0,0.0,0,0,1,gun_kill,49.661301991596304,17.213569898755143,29.972001385095925,6.179960406997401,114.26191705466336,0.011253575041353667,0.02057558761708069,0.0,3531.4986525531244
HYB-b3000000-a0.50,hybrid,0.0,-1,,-1,BT-v3,10065,1,0.0,0,0,1,gun_kill,89.08603275638363,45.54109086835037,60.98226046837284,5.323415954079834,110.22995136807373,0.00898591093674717,0.016312321191702082,0.0,5988.72810040603
HYB-b3000000-a0.50,hybrid,0.0,-1,,-1,BT-v3,10066,0,1.0,1,0,0,gun_kill,47.73244637608168,50.92259753913173,71.34300105505068,2.672135898673079,115.28567002752003,0.009167847158358436,0.010173074099016532,0.0,5600.3885547990085
HYB-b3000000-a0.50,hybrid,0.0,-1,,-1,BT-v3,10066,1,0.5,0,1,0,timeout,71.75545023316147,25.945970372099836,81.39549534285143,6.35828497188919,113.56206068256438,0.015971367689279082,0.011027208514342865,0.0,5798.0329652117125
HYB-b3000000-a0.50,hybrid,0.0,-1,,-1,BT-v3,10067,0,0.0,0,0,1,gun_kill,113.05459730349057,22.762334711299737,3.9664555745392516,3.804472098464415,106.04611052720645,0.01958527346497087,0.002042322971191869,0.0,3959.67177792248
HYB-b3000000-a0.50,hybrid,0.0,-1,,-1,BT-v3,10067,1,0.0,0,0,1,gun_kill,92.21301891224516,89.17249161251398,91.40912458505939,0.003478661945847783,119.30135502602809,0.01800404215654175,0.00920805104362347,0.0,4641.985266891131
HYB-b3000000-a0.50,hybrid,0.0,-1,,-1,BT-v3,10068,0,1.0,1,0,0,gun_kill,117.73109291316699,0.9104840457816676,14.27660246997382,1.35708221483479,112.45391866898268,0.0057999899196679045,0.012895459016086373,0.0,5494.020334078006
HYB-b3000000-a0.50,hybrid,0.0,-1,,-1,BT-v3,10068,1,1.0,1,0,0,gun_kill,69.13649837424802,59.44761952687264,35.47335092371433,5.080967433353135,58.19455378369718,0.012387693761850465,0.011982651212366928,0.0,4805.464979803195
HYB-b3000000-a0.50,hybrid,0.0,-1,,-1,BT-v3,10069,0,0.0,0,0,1,gun_kill,116.09747420302276,30.268022075987446,36.9667565178612,0.3636604814925022,88.99735165502025,0.010348879936533982,0.020945374810753595,0.0,4925.938570036248
HYB-b3000000-a0.50,hybrid,0.0,-1,,-1,BT-v3,10069,1,1.0,1,0,0,gun_kill,108.01904556870828,50.45623179593418,72.14405375967307,4.789950180585903,85.69360373329184,0.008911434626841758,0.02193107336972152,0.0,5383.6888278055285
HYB-b3000000-a0.50,hybrid,0.0,-1,,-1,BT-v3,10070,0,0.0,0,0,1,gun_kill,60.56460639157278,24.426629308538395,71.62386048923544,3.6313392346324713,99.86025534708804,0.010957961075833706,0.0061542543324040605,0.0,4910.842686566383
HYB-b3000000-a0.50,hybrid,0.0,-1,,-1,BT-v3,10070,1,0.0,0,0,1,gun_kill,86.4305261224265,4.730465251340165,92.17774130279622,3.1297625645422142,50.074375112355995,0.0072278421152535055,0.017838473305613802,0.0,3286.8140749450126
HYB-b3000000-a0.50,hybrid,0.0,-1,,-1,BT-v3,10071,0,0.0,0,0,1,gun_kill,82.38953445912117,3.4784508782613965,60.85132629655292,7.892964239375504,36.56459234154006,0.016047860475997204,0.013286046160252654,0.0,5195.394060423347
HYB-b3000000-a0.50,hybrid,0.0,-1,,-1,BT-v3,10071,1,1.0,1,0,0,gun_kill,91.98397523937952,96.4299568606548,85.33766519121147,4.66079324908851,48.16308593793741,0.011764600732128226,0.005929060666792621,0.0,3967.54521823976
HYB-b3000000-a0.50,hybrid,0.0,-1,,-1,BT-v3,10072,0,1.0,1,0,0,gun_kill,107.4588973889939,23.556286720585028,89.64363020332776,0.8129864676656258,59.20928069934868,0.0062491372260606035,0.012873516490799607,0.0,3810.4105800205607
HYB-b3000000-a0.50,hybrid,0.0,-1,,-1,BT-v3,10072,1,1.0,1,0,0,gun_kill,49.361576869292065,20.107656186845524,62.96005739810949,0.48221803640296645,84.01715869185448,0.011705098953348645,0.013877189212959332,0.0,3470.1581035342383
HYB-b3000000-a0.50,hybrid,0.0,-1,,-1,BT-v3,10073,0,1.0,1,0,0,gun_kill,35.265426743513515,51.897542510213434,39.66430034686771,7.304944362030524,92.55832733196641,0.0035092764372759433,0.0092793926480376,0.0,3729.56690237877
HYB-b3000000-a0.50,hybrid,0.0,-1,,-1,BT-v3,10073,1,1.0,1,0,0,gun_kill,91.83719858912488,49.85260962762128,70.33725868483914,6.333054286956341,106.20800355569548,0.009932246686726067,0.013638076809506374,0.0,4983.156796815252
HYB-b3000000-a0.50,hybrid,0.0,-1,,-1,BT-v3,10074,0,1.0,1,0,0,gun_kill,42.47292629738826,20.40643335178258,57.99051181239798,2.9662008731153744,61.64031566515564,0.021976742085470492,0.010078868506897811,0.0,3173.638762295202
HYB-b3000000-a0.50,hybrid,0.0,-1,,-1,BT-v3,10074,1,0.5,0,1,0,timeout,53.06418691883651,86.41932736105502,66.56738423188364,4.121931569609122,112.5922976146522,0.015274467088378776,0.009930764346202658,0.0,3959.364027962796
HYB-b3000000-a0.50,hybrid,0.0,-1,,-1,BT-v3,10075,0,0.0,0,0,1,gun_kill,63.09591803218092,98.13688760277425,22.837483022624916,3.7636609372719434,55.493522560680006,0.013615562668205088,0.007455783602414765,0.0,4698.980134587047
HYB-b3000000-a0.50,hybrid,0.0,-1,,-1,BT-v3,10075,1,0.5,0,1,0,timeout,44.81229727173398,87.77704347390349,58.87862397486129,6.228228998779482,82.55852708394488,0.008075062067298543,0.00869388707924996,0.0,5399.894754844134
HYB-b3000000-a0.50,hybrid,0.0,-1,,-1,BT-v3,10076,0,1.0,1,0,0,gun_kill,87.09820491458537,56.56026102681172,81.42279953994628,5.793083178595795,119.76975979653176,0.016286831679057905,0.014790562603346784,0.0,5701.731482322145
HYB-b3000000-a0.50,hybrid,0.0,-1,,-1,BT-v3,10076,1,1.0,1,0,0,gun_kill,96.73494796983576,10.006661063159683,24.93290072657889,5.297713904430159,109.26401159041576,0.01212956126788924,0.008466053081028095,0.0,5394.914060186417
HYB-b3000000-a0.50,hybrid,0.0,-1,,-1,BT-v3,10077,0,1.0,1,0,0,gun_kill,118.33839493184252,31.42245247374753,7.059834530459142,3.501065683994528,71.15176466395121,0.00712785584036682,0.011120526358610595,0.0,4477.279341579064
HYB-b3000000-a0.50,hybrid,0.0,-1,,-1,BT-v3,10077,1,0.5,0,1,0,timeout,108.37640064858458,14.654778074056507,12.749281871153084,7.430545860553596,103.28527482423884,0.013456552341711262,0.014360220756768564,0.0,5233.531202618763
HYB-b3000000-a0.50,hybrid,0.0,-1,,-1,BT-v3,10078,0,0.5,0,1,0,timeout,106.10850967498456,86.53317977754953,77.64337742200311,5.030755120176181,94.20243675314575,0.00720730877720643,0.016043413439960186,0.0,5138.592322853264
HYB-b3000000-a0.50,hybrid,0.0,-1,,-1,BT-v3,10078,1,0.0,0,0,1,gun_kill,98.4784922615107,98.86091205959146,75.036350907267,7.196594778884493,84.9453063791859,0.009797422039601102,0.011868764622751094,0.0,4800.688294022839
HYB-b3000000-a0.50,hybrid,0.0,-1,,-1,BT-v3,10079,0,0.0,0,0,1,gun_kill,106.72357141698626,95.30418652012345,57.06578895043898,2.1452296207123585,93.5598794060409,0.016173625361278123,0.012415164814300803,0.0,4879.235259111621
HYB-b3000000-a0.50,hybrid,0.0,-1,,-1,BT-v3,10079,1,0.5,0,1,0,timeout,91.6802622536452,33.202163388033036,24.964506502129623,3.5702403019675657,106.73914440378236,0.014630519210377262,0.007238839142842305,0.0,5449.541876196914
HYB-b3000000-a0.50,hybrid,0.0,-1,,-1,BT-v3,10080,0,0.5,0,1,0,timeout,94.25060214386296,27.32985141628643,38.87058594024915,0.22798601114086914,77.90138323135061,0.011876819294134228,0.010947176103076071,0.0,5386.657344556055
HYB-b3000000-a0.50,hybrid,0.0,-1,,-1,BT-v3,10080,1,1.0,1,0,0,gun_kill,92.0391371257231,65.35088904546546,10.7919078944831,6.879775753670785,75.59100846943504,0.01640140319763347,0.009974501107630466,0.0,4899.65473915306
HYB-b3000000-a0.50,hybrid,0.0,-1,,-1,BT-v3,10081,0,1.0,1,0,0,gun_kill,48.79038978960098,52.465586085720375,56.42371039706201,7.5040091698157525,86.55739734658273,0.009227119309318153,0.015019560805114447,0.0,5704.377851983094
HYB-b3000000-a0.50,hybrid,0.0,-1,,-1,BT-v3,10081,1,0.0,0,0,1,gun_kill,43.797467337640576,37.43020339407425,4.734412930798149,2.961520517917034,107.67245319872082,0.0077188299536498205,0.009405949169578466,0.0,4689.583604088345
HYB-b3000000-a0.50,hybrid,0.0,-1,,-1,BT-v3,10082,0,1.0,1,0,0,gun_kill,83.13411772234755,40.874911207528406,6.9219337365430516,2.9517631764794032,119.53832386971588,0.010405777836696134,0.008169990675228585,0.0,4443.445636397009
HYB-b3000000-a0.50,hybrid,0.0,-1,,-1,BT-v3,10082,1,0.0,0,0,1,gun_kill,32.155559498895286,85.95962459125053,73.80200658379185,0.8312438682932184,59.977115375539555,0.016414925363182675,0.010181220383193211,0.0,3568.4295083901156
HYB-b3000000-a0.50,hybrid,0.0,-1,,-1,BT-v3,10083,0,0.0,0,0,1,gun_kill,102.19616953891432,77.86388786558388,69.89979122019925,0.6152386001506365,85.9869938129662,0.01569757570511526,0.010413151983040016,0.0,4694.2291349958905
HYB-b3000000-a0.50,hybrid,0.0,-1,,-1,BT-v3,10083,1,1.0,1,0,0,gun_kill,95.20884242725043,26.320621569964477,6.533653953923291,0.5826405828744514,51.66644845656199,0.01395552942188218,0.011068358061234176,0.0,5337.632564768814
HYB-b3000000-a0.50,hybrid,0.0,-1,,-1,BT-v3,10084,0,0.5,0,1,0,timeout,102.7343464123872,11.570826485840369,29.60432164757063,6.325518064704897,40.18324261098023,0.015276040905430084,0.008053662484880793,0.0,5923.849554397193
HYB-b3000000-a0.50,hybrid,0.0,-1,,-1,BT-v3,10084,1,1.0,1,0,0,gun_kill,59.829403971120016,35.09926754992701,52.128338755604716,7.592711002206617,90.87631508768293,0.01069743033314885,0.010620553194691707,0.0,3039.08931023137
HYB-b3000000-a0.50,hybrid,0.0,-1,,-1,BT-v3,10085,0,0.0,0,0,1,gun_kill,106.27904894715418,45.32312212432657,83.2981684289154,5.793911279475467,79.36726575234334,0.012416805784372256,0.016243017088958707,0.0,4607.342217177411
HYB-b3000000-a0.50,hybrid,0.0,-1,,-1,BT-v3,10085,1,0.0,0,0,1,gun_kill,103.50226371393997,4.027077260167788,17.000633935845045,1.4730885431790117,119.85928911744676,0.013769901511986645,0.01204871902587346,0.0,4647.1793890315685
HYB-b3000000-a0.50,hybrid,0.0,-1,,-1,BT-v3,10086,0,0.0,0,0,1,gun_kill,106.38593058491888,0.08831381241709568,47.3530883049432,1.9200301866778595,69.50220420343248,0.009310268626867547,0.011697055622593107,0.0,3911.3323472750276
HYB-b3000000-a0.50,hybrid,0.0,-1,,-1,BT-v3,10086,1,1.0,1,0,0,gun_kill,106.14291550720422,79.57185159041846,90.8023114630377,7.756633411787523,111.74170330392258,0.011488879133393566,0.01639094798914859,0.0,3568.5248904973037
HYB-b3000000-a0.50,hybrid,0.0,-1,,-1,BT-v3,10087,0,0.5,0,1,0,timeout,111.97644168595676,16.183258358004238,65.06078131812016,4.983174249438707,30.52234603831137,0.0051381613401445024,0.013125963258363809,0.0,5614.952363199953
HYB-b3000000-a0.50,hybrid,0.0,-1,,-1,BT-v3,10087,1,0.0,0,0,1,gun_kill,51.57799260296391,0.19543155772530074,17.591899499614993,1.5967382006189599,68.42189331995002,0.013808592240739014,0.012430866771659266,0.0,3883.8906288482854
HYB-b3000000-a0.50,hybrid,0.0,-1,,-1,BT-v3,10088,0,0.0,0,0,1,gun_kill,48.56983870816384,98.94529548933158,82.33727818356498,1.4548110142197377,108.70928516045639,0.014196819812437745,0.005922049301028578,0.0,4794.098180993326
HYB-b3000000-a0.50,hybrid,0.0,-1,,-1,BT-v3,10088,1,1.0,1,0,0,gun_kill,51.08054198823825,44.97191965313328,61.2841958070135,5.836102750655407,49.13358397451647,0.01427984321299033,0.012578299388900857,0.0,4042.70984021216
HYB-b3000000-a0.50,hybrid,0.0,-1,,-1,BT-v3,10089,0,0.0,0,0,1,gun_kill,53.321064907910454,44.69139850810676,97.99112571069016,6.063956274684237,116.91686511205104,0.01629638237056754,0.006777385193683648,0.0,5384.294337953195
HYB-b3000000-a0.50,hybrid,0.0,-1,,-1,BT-v3,10089,1,1.0,1,0,0,gun_kill,36.89521892901815,17.061584946230525,2.139670422807005,1.232935745443882,42.882322457634345,0.009902029096005491,0.014738891908202207,0.0,4622.568675025563
HYB-b3000000-a0.50,hybrid,0.0,-1,,-1,BT-v3,10090,0,0.5,0,1,0,timeout,49.676021134373954,58.16206830168761,12.867380918890515,0.021974661574950538,48.48226016437155,0.01181278044740105,0.015602194512956741,0.0,3494.0328940335303
HYB-b3000000-a0.50,hybrid,0.0,-1,,-1,BT-v3,10090,1,1.0,1,0,0,gun_kill,36.38553325051521,17.195725089685755,95.5508997669431,2.057704030812336,103.83504292130829,0.003113723912144017,0.009930936431412076,0.0,5971.393209787771
HYB-b3000000-a0.50,hybrid,0.0,-1,,-1,BT-v3,10091,0,0.0,0,0,1,gun_kill,64.56265427859948,54.38721046960047,60.533162577585166,2.1841178756266757,57.65834709370411,0.013995412708092911,0.006469395072287005,0.0,4585.275919634894
HYB-b3000000-a0.50,hybrid,0.0,-1,,-1,BT-v3,10091,1,0.0,0,0,1,gun_kill,44.70808260734463,92.38600607058243,39.3439339169409,0.5152261146979411,112.44845037361706,0.007758802558417651,0.010118359146929986,0.0,3980.24525879507
HYB-b3000000-a0.50,hybrid,0.0,-1,,-1,BT-v3,10092,0,0.0,0,0,1,gun_kill,55.29566382560033,19.847624836825005,43.01388721648098,7.532043854638977,87.51499841053385,0.009447507410947903,0.009339863084256108,0.0,4616.616329442664
HYB-b3000000-a0.50,hybrid,0.0,-1,,-1,BT-v3,10092,1,1.0,1,0,0,gun_kill,30.941500860127903,4.179509609351473,45.35477526608231,5.757161671701052,101.90780648214383,0.011438189753035587,0.012744425909185066,0.0,5706.970369385599
HYB-b3000000-a0.50,hybrid,0.0,-1,,-1,BT-v3,10093,0,0.0,0,0,1,gun_kill,47.00904524488574,97.82611828315805,90.72594808913597,5.682919242563605,69.58688419181755,0.013718924024156292,0.011812866153430206,0.0,5944.070378197015
HYB-b3000000-a0.50,hybrid,0.0,-1,,-1,BT-v3,10093,1,1.0,1,0,0,gun_kill,111.41079150872986,45.460688510359795,83.4346958891618,2.845029885047909,66.12659065205952,0.013726330053337071,0.01413300822702105,0.0,4560.156191375876
HYB-b3000000-a0.50,hybrid,0.0,-1,,-1,BT-v3,10094,0,0.0,0,0,1,gun_kill,82.58118103164534,9.099039754250349,75.40812686477638,3.9814504622993923,113.62572513022471,0.021428944567583597,0.006472914746140479,0.0,4449.546782072058
HYB-b3000000-a0.50,hybrid,0.0,-1,,-1,BT-v3,10094,1,0.0,0,0,1,gun_kill,77.90766456948583,96.41287064907226,52.6483658415077,0.7565676291741861,57.43399777789632,0.014972285889828366,0.004643453107260925,0.0,3087.507246264043
HYB-b3000000-a0.50,hybrid,0.0,-1,,-1,BT-v3,10095,0,0.5,0,1,0,timeout,47.08951635085941,5.653451917269314,93.87495267319923,1.6812124505906993,74.2102952506709,0.012435692376817258,0.015804992392051673,0.0,5941.258714298769
HYB-b3000000-a0.50,hybrid,0.0,-1,,-1,BT-v3,10095,1,0.0,0,0,1,gun_kill,119.3337547479856,91.64566706003298,19.433872722924217,4.147440768842717,109.66432892325403,0.017096600972306485,0.010855602683783975,0.0,4008.4428959365773
HYB-b3000000-a0.50,hybrid,0.0,-1,,-1,BT-v3,10096,0,1.0,1,0,0,gun_kill,55.51101877562665,22.184707215932697,83.19944668081509,4.038687336427112,80.62426595931709,0.004562798206523685,0.016581457967728076,0.0,4636.15679640646
HYB-b3000000-a0.50,hybrid,0.0,-1,,-1,BT-v3,10096,1,1.0,1,0,0,gun_kill,42.73570695778091,3.2178920333935546,27.63125938179981,5.4915526644945105,85.28170738497883,0.01226833438356881,0.014175082396668254,0.0,3201.676865401437
HYB-b3000000-a0.50,hybrid,0.0,-1,,-1,BT-v3,10097,0,0.5,0,1,0,timeout,92.68995344756081,55.83481185538036,12.991480700201919,1.8729043777329961,43.701880533108316,0.008495916298752869,0.02031265075234928,0.0,4434.588202592346
HYB-b3000000-a0.50,hybrid,0.0,-1,,-1,BT-v3,10097,1,0.5,0,1,0,timeout,100.92125845670103,97.76368029394524,38.66892267472555,7.592709212063309,50.59334537099513,0.011601384770321984,0.010278431604900409,0.0,4068.4390203997928
HYB-b3000000-a0.50,hybrid,0.0,-1,,-1,BT-v3,10098,0,1.0,1,0,0,gun_kill,68.23532601641324,38.06089963044379,90.81048877564879,5.531388394485147,58.595753632347225,0.0059019212118338465,0.021322914531698527,0.0,5304.088892618177
HYB-b3000000-a0.50,hybrid,0.0,-1,,-1,BT-v3,10098,1,0.0,0,0,1,gun_kill,52.65470499420077,23.83082790302152,80.82629685774215,4.719089544861292,83.10961092209337,0.02117834461814458,0.015708917318449873,0.0,4320.8120876574785
HYB-b3000000-a0.50,hybrid,0.0,-1,,-1,BT-v3,10099,0,0.0,0,0,1,gun_kill,80.0367241227808,50.103411668433814,53.74613648708745,3.283430411080867,45.3498498383757,0.015400147520881303,0.012135753707721714,0.0,5308.775179131253
HYB-b3000000-a0.50,hybrid,0.0,-1,,-1,BT-v3,10099,1,0.5,0,1,0,timeout,99.56160612694325,92.70871939326551,50.9937264303345,0.125503501920317,60.77478317356936,0.013843758226333954,0.006220521757467618,0.0,5803.835256332934
RL-b3000000-a1.00,rl,0.0,-1,,-1,BT-v2,10000,0,0.0,0,0,1,gun_kill,38.96877156922586,33.797688692402204,99.01053511550798,6.184224600902952,82.09222324613037,0.05624323030973258,0.0642445979704866,0.0,3480.8544720051564
RL-b3000000-a1.00,rl,0.0,-1,,-1,BT-v2,10000,1,0.0,0,0,1,gun_kill,54.98820746277123,81.51247563964533,26.688382814553712,7.531656562076805,116.80958918655536,0.039434663889502106,0.040432044498853945,0.0,4605.645585069446
RL-b3000000-a1.00,rl,0.0,-1,,-1,BT-v2,10001,0,1.0,1,0,0,gun_kill,45.93982376645022,97.53186604779584,32.71240211113498,4.003247497746235,62.880316596085365,0.05307258289314115,0.06764242815417512,0.0,5894.887289798728
RL-b3000000-a1.00,rl,0.0,-1,,-1,BT-v2,10001,1,0.0,0,0,1,gun_kill,111.06195084942898,71.2622139692287,60.440920688828484,1.6455749906836763,33.554159821786115,0.05514650159700072,0.022590871749537916,0.0,5319.5637523777805
RL-b3000000-a1.00,rl,0.0,-1,,-1,BT-v2,10002,0,0.0,0,0,1,gun_kill,63.90841026703006,82.9010170742906,44.524166945471435,7.215409337240934,33.814227943641285,0.04362206062457112,0.038508695636433346,0.0,3806.91189013024
RL-b3000000-a1.00,rl,0.0,-1,,-1,BT-v2,10002,1,0.5,0,1,0,timeout,32.72201601228316,57.804795231849646,92.73244350314415,1.2307592893907175,63.99542564390265,0.03789771109738823,0.031261265121139664,0.0,5743.271253982657
RL-b3000000-a1.00,rl,0.0,-1,,-1,BT-v2,10003,0,1.0,1,0,0,gun_kill,89.02667899316396,6.6465530648027515,27.615210247031087,5.560419981070261,109.85442166878478,0.03643989357754986,0.04122924977643969,0.0,3673.4529027559947
RL-b3000000-a1.00,rl,0.0,-1,,-1,BT-v2,10003,1,1.0,1,0,0,gun_kill,97.64112488694894,24.1791155507434,0.42707188701391896,3.0824732607360676,49.50144844757119,0.03228222844890019,0.021106437123204598,0.0,5106.024882441335
RL-b3000000-a1.00,rl,0.0,-1,,-1,BT-v2,10004,0,0.5,0,1,0,timeout,31.72717072577848,68.87372760911175,9.213053420248741,3.595937301454576,80.48388613549386,0.07019038130378766,0.02880894726949956,0.0,5379.089994410853
RL-b3000000-a1.00,rl,0.0,-1,,-1,BT-v2,10004,1,0.0,0,0,1,gun_kill,98.93442631478563,69.36056141689987,44.33703474620279,7.96194156077118,47.16854070345957,0.04209430217406696,0.052066734247046165,0.0,5235.529776332818
RL-b3000000-a1.00,rl,0.0,-1,,-1,BT-v2,10005,0,1.0,1,0,0,gun_kill,66.0058880577815,56.58643177269964,57.40174688191861,6.5068845241667335,48.268726483023514,0.0522081010873813,0.07490813794481685,0.0,5553.488364908625
RL-b3000000-a1.00,rl,0.0,-1,,-1,BT-v2,10005,1,0.5,0,1,0,timeout,100.6880736172325,58.63468100790615,84.81485294780691,1.7365298436752772,106.8443892430946,0.07229463763893662,0.07696258485370862,0.0,3458.9901566589137
RL-b3000000-a1.00,rl,0.0,-1,,-1,BT-v2,10006,0,1.0,1,0,0,gun_kill,108.918695828465,6.7591656872835415,86.42070768290766,7.489535525991859,42.62744260385981,0.03068964884887493,0.03469098776487598,0.0,4428.45891651398
RL-b3000000-a1.00,rl,0.0,-1,,-1,BT-v2,10006,1,0.5,0,1,0,timeout,66.02159832614312,59.594535893468304,27.425387401149127,6.173836327690876,114.37896571707574,0.04068033186309199,0.04706001617146302,0.0,4697.404382460631
RL-b3000000-a1.00,rl,0.0,-1,,-1,BT-v2,10007,0,0.0,0,0,1,gun_kill,57.9770144904419,77.58215621660315,54.342338009985916,7.266216562293914,90.06726088524991,0.06939862222504777,0.045563329370151597,0.0,4566.0093410715845
RL-b3000000-a1.00,rl,0.0,-1,,-1,BT-v2,10007,1,0.5,0,1,0,timeout,51.5302053364188,34.44916593114532,73.03360319187146,0.7020696077817661,95.51182956106514,0.03343406619110438,0.03952825523647791,0.0,3297.3264678360165
RL-b3000000-a1.00,rl,0.0,-1,,-1,BT-v2,10008,0,1.0,1,0,0,gun_kill,56.80309956835945,51.684126910579955,46.82343571526081,3.506466141129642,99.76505395319556,0.039113849148811705,0.04449150143507771,0.0,3483.9429018353844
RL-b3000000-a1.00,rl,0.0,-1,,-1,BT-v2,10008,1,0.0,0,0,1,gun_kill,113.02727240016867,22.155169836121257,13.775919492295074,5.076658679865055,58.00435672613238,0.04544560595427511,0.0453049416989769,0.0,3575.341079293542
RL-b3000000-a1.00,rl,0.0,-1,,-1,BT-v2,10009,0,0.0,0,0,1,gun_kill,44.23162858809585,25.83261257381626,64.86377736731643,0.5183744864155688,33.13006757436671,0.052720525878394084,0.03482796882534163,0.0,4645.31309536776
RL-b3000000-a1.00,rl,0.0,-1,,-1,BT-v2,10009,1,0.5,0,1,0,timeout,101.53632419224057,65.34786671163542,67.60694905679235,5.102001496241632,94.48000684869534,0.07118400174897649,0.059181462803961825,0.0,3044.3821567997197
RL-b3000000-a1.00,rl,0.0,-1,,-1,BT-v2,10010,0,0.5,0,1,0,timeout,67.17853548523956,66.04870284786948,9.82778177520377,3.981456799257595,61.54262249679822,0.05772623495941971,0.03535287932985555,0.0,3470.7090852780443
RL-b3000000-a1.00,rl,0.0,-1,,-1,BT-v2,10010,1,0.0,0,0,1,gun_kill,110.24420887673838,97.66754562006783,47.85874438282745,5.422977155268333,118.09653148484368,0.04251314596837015,0.0629661836146874,0.0,4466.377962890527
RL-b3000000-a1.00,rl,0.0,-1,,-1,BT-v2,10011,0,1.0,1,0,0,gun_kill,89.60716300310607,99.81867465741942,90.87944915563266,5.591836806317247,110.16605684228323,0.06106103344677191,0.022237712655512675,0.0,4371.315434097526
RL-b3000000-a1.00,rl,0.0,-1,,-1,BT-v2,10011,1,1.0,1,0,0,gun_kill,52.532582205147314,39.95053397975491,36.51465103332843,5.560073118227155,90.09253012549831,0.05193297242414311,0.04079748820027697,0.0,3539.2861707634265
RL-b3000000-a1.00,rl,0.0,-1,,-1,BT-v2,10012,0,0.0,0,0,1,gun_kill,98.93387062504704,73.02046918117607,54.83493799208677,7.542790293332611,85.26127200014218,0.03437817275711319,0.030778478407702932,0.0,3265.395861655046
RL-b3000000-a1.00,rl,0.0,-1,,-1,BT-v2,10012,1,1.0,1,0,0,gun_kill,106.25724696188271,1.7058104449441447,75.19155721542892,6.211095845361811,110.7094119298358,0.049971455237810616,0.07912004672089729,0.0,4255.672765112657
RL-b3000000-a1.00,rl,0.0,-1,,-1,BT-v2,10013,0,1.0,1,0,0,gun_kill,48.95396271460622,30.898891810712882,94.19836994193217,5.0568587582927425,90.57161053549018,0.055400169162454174,0.041435271126257375,0.0,3364.887997376864
RL-b3000000-a1.00,rl,0.0,-1,,-1,BT-v2,10013,1,0.5,0,1,0,timeout,88.0276965485779,85.42480238624752,5.006030843998987,5.761185234399724,60.418154475750775,0.04180982953693111,0.059577469376753976,0.0,4210.63801744634
RL-b3000000-a1.00,rl,0.0,-1,,-1,BT-v2,10014,0,1.0,1,0,0,gun_kill,50.59481408670932,95.8221617917784,66.48901934230372,2.7320663791190434,100.81712979999958,0.07421424074896599,0.04203104421088485,0.0,4711.721411931327
RL-b3000000-a1.00,rl,0.0,-1,,-1,BT-v2,10014,1,0.5,0,1,0,timeout,87.1797374819842,88.52179943528995,48.521289340672446,0.006437699101886629,66.69336209914988,0.03511878337109203,0.05412916710565459,0.0,5333.143473677805
RL-b3000000-a1.00,rl,0.0,-1,,-1,BT-v2,10015,0,1.0,1,0,0,gun_kill,52.952544464013585,36.57687186124875,85.42358506305601,5.181628959800607,92.46718526381741,0.03826788984344809,0.03776360864332608,0.0,4890.008938457106
RL-b3000000-a1.00,rl,0.0,-1,,-1,BT-v2,10015,1,1.0,1,0,0,gun_kill,101.22032278335294,6.592325233137286,52.58273696813633,3.36004949725843,75.03310866004716,0.03914016024523831,0.05619220888139045,0.0,5917.634595414676
RL-b3000000-a1.00,rl,0.0,-1,,-1,BT-v2,10016,0,1.0,1,0,0,gun_kill,51.88464694281123,81.5603551553608,0.8732600157976389,3.1190427517237707,59.182190618985565,0.04306910387294666,0.0756043769261585,0.0,4625.73686994742
RL-b3000000-a1.00,rl,0.0,-1,,-1,BT-v2,10016,1,1.0,1,0,0,gun_kill,118.0183276534572,50.88292218194884,0.3353187453590145,0.7823134909535012,35.390415422988625,0.04153630773244586,0.027603347631715992,0.0,4004.1430407424295
RL-b3000000-a1.00,rl,0.0,-1,,-1,BT-v2,10017,0,1.0,1,0,0,gun_kill,116.66979532273359,69.529512217982,66.31629415858428,3.847574871207893,117.72475763806132,0.045748351903452326,0.04718886977939621,0.0,3763.009183034771
RL-b3000000-a1.00,rl,0.0,-1,,-1,BT-v2,10017,1,1.0,1,0,0,gun_kill,99.14476901828687,64.84381204879128,4.137348759495197,0.1289990860163046,68.18405027236814,0.045697173552136025,0.04187621896400834,0.0,5724.388193458024
RL-b3000000-a1.00,rl,0.0,-1,,-1,BT-v2,10018,0,0.0,0,0,1,gun_kill,54.63269446461162,42.566383822346154,93.83065225360988,4.132153468906294,119.15616420036918,0.04833153509219454,0.031665264228163556,0.0,4246.893763120554
RL-b3000000-a1.00,rl,0.0,-1,,-1,BT-v2,10018,1,0.5,0,1,0,timeout,73.43204843131741,99.433966600224,87.44836589269876,1.065756124148078,76.68799872384106,0.04829774405509972,0.06633932402145953,0.0,3416.0203304279785
RL-b3000000-a1.00,rl,0.0,-1,,-1,BT-v2,10019,0,0.0,0,0,1,gun_kill,93.75636371738725,34.43641140253407,77.60484619912705,4.618796433556095,50.406563771168976,0.04663076561703352,0.05535459054641943,0.0,4338.463665583489
RL-b3000000-a1.00,rl,0.0,-1,,-1,BT-v2,10019,1,1.0,1,0,0,gun_kill,44.997382859765466,88.75195916300159,33.07572734545926,2.044719429179686,42.66216665758528,0.03449097046102011,0.04662773616182694,0.0,5359.89273459902
RL-b3000000-a1.00,rl,0.0,-1,,-1,BT-v2,10020,0,0.0,0,0,1,gun_kill,41.8680881931197,15.74605257557099,28.129943294357297,3.987738494257635,90.82629533822043,0.04887772364048717,0.03942287508420683,0.0,4935.816603343682
RL-b3000000-a1.00,rl,0.0,-1,,-1,BT-v2,10020,1,1.0,1,0,0,gun_kill,67.07367360572525,52.549840546163786,87.61229434964626,6.3493015936670565,85.90301631446246,0.03628187023272397,0.05952110987502348,0.0,5858.25162624195
RL-b3000000-a1.00,rl,0.0,-1,,-1,BT-v2,10021,0,0.5,0,1,0,timeout,113.12024140505872,56.206172249722094,5.304027029974656,4.004288066547096,61.63943047910446,0.039077378235901086,0.04333675204548634,0.0,5685.782610829866
RL-b3000000-a1.00,rl,0.0,-1,,-1,BT-v2,10021,1,0.0,0,0,1,gun_kill,101.25999925124833,39.1448892740921,19.325913697520914,4.290846947459628,105.15840068323217,0.05193325235042902,0.017297017137389983,0.0,3922.116051568974
RL-b3000000-a1.00,rl,0.0,-1,,-1,BT-v2,10022,0,1.0,1,0,0,gun_kill,69.4129266804791,52.57611397492216,63.67667139398064,4.175033494092946,94.48649202392652,0.0353457230143646,0.04732714539103359,0.0,5223.237232969148
RL-b3000000-a1.00,rl,0.0,-1,,-1,BT-v2,10022,1,1.0,1,0,0,gun_kill,76.98288543209522,99.96160332184732,72.4955249325782,0.28576320516372533,93.78263212295487,0.03571999142271293,0.052741492063438616,0.0,4216.345213202707
RL-b3000000-a1.00,rl,0.0,-1,,-1,BT-v2,10023,0,1.0,1,0,0,gun_kill,73.15759311499451,66.66737186972306,38.407066370859845,7.050035550951786,104.87527234390626,0.02365465242836876,0.04142071923630612,0.0,3252.464121629945
RL-b3000000-a1.00,rl,0.0,-1,,-1,BT-v2,10023,1,1.0,1,0,0,gun_kill,114.30321465513613,5.74107722722299,15.053556812878877,2.9323059689980813,82.5793732988212,0.04675586834246865,0.04338342963355809,0.0,3074.275483368677
RL-b3000000-a1.00,rl,0.0,-1,,-1,BT-v2,10024,0,1.0,1,0,0,gun_kill,113.67951260402195,83.23709247715443,89.18480585665692,0.7218337746827963,96.57747054219791,0.035662639978157544,0.034151836421780976,0.0,5712.716927414702
RL-b3000000-a1.00,rl,0.0,-1,,-1,BT-v2,10024,1,1.0,1,0,0,gun_kill,46.975275705954424,89.73682704723971,60.57582996612866,3.1169116868164304,68.20018204428064,0.020202966194208527,0.043245224678900386,0.0,5039.693335675134
RL-b3000000-a1.00,rl,0.0,-1,,-1,BT-v2,10025,0,1.0,1,0,0,gun_kill,47.075073802906644,12.207232316976736,74.35417520175345,7.882186979851178,97.11551067253089,0.04360473316132672,0.04610425394629574,0.0,3798.4752569431084
RL-b3000000-a1.00,rl,0.0,-1,,-1,BT-v2,10025,1,1.0,1,0,0,gun_kill,39.91447480140808,69.19658821655011,10.980767743480124,5.156746248929429,47.378762087026985,0.04983071667596167,0.051922361596448405,0.0,5413.627174512735
RL-b3000000-a1.00,rl,0.0,-1,,-1,BT-v2,10026,0,0.5,0,1,0,timeout,103.41913853444322,23.880834622083146,2.9670146059577296,7.633888968885775,78.57247695629164,0.05701355225468181,0.05616075176428339,0.0,4394.498462113349
RL-b3000000-a1.00,rl,0.0,-1,,-1,BT-v2,10026,1,0.5,0,1,0,timeout,77.8019005578941,95.38528001180514,33.95130317611531,2.5302684356444276,108.37096751952848,0.026682203875207172,0.04356040031344319,0.0,4155.601003767395
RL-b3000000-a1.00,rl,0.0,-1,,-1,BT-v2,10027,0,0.0,0,0,1,gun_kill,113.46396287404605,63.79206267552765,97.60671158558442,6.606628883377434,71.20083910772195,0.057833753335928634,0.027615789920308137,0.0,3392.54880953073
RL-b3000000-a1.00,rl,0.0,-1,,-1,BT-v2,10027,1,1.0,1,0,0,gun_kill,37.06296095521358,38.214259029669776,65.08646481164497,0.11991262735103358,66.15908509153616,0.0647498472165169,0.041172057667450516,0.0,3670.8280143151387
RL-b3000000-a1.00,rl,0.0,-1,,-1,BT-v2,10028,0,1.0,1,0,0,gun_kill,65.78278068132539,15.793417213212269,37.95889614253958,6.043302551687075,62.998321500698125,0.04802743571746829,0.07286996343491312,0.0,4913.750703518791
RL-b3000000-a1.00,rl,0.0,-1,,-1,BT-v2,10028,1,1.0,1,0,0,gun_kill,42.08741413985882,77.63666562851473,18.63452714652045,5.722954858360858,111.4013740779713,0.03184385632573074,0.05397260248468751,0.0,4944.740684839115
RL-b3000000-a1.00,rl,0.0,-1,,-1,BT-v2,10029,0,1.0,1,0,0,gun_kill,113.29208611956159,67.36753004902647,13.850606051278213,7.822068336361446,83.13661233935912,0.05724574981504715,0.0271547648125552,0.0,4653.171641382089
RL-b3000000-a1.00,rl,0.0,-1,,-1,BT-v2,10029,1,1.0,1,0,0,gun_kill,93.87953737130357,78.35414855675236,56.94778736508845,6.006018697668812,54.34715462779431,0.05811078063747803,0.039473687546161276,0.0,3736.403424635817
RL-b3000000-a1.00,rl,0.0,-1,,-1,BT-v2,10030,0,1.0,1,0,0,gun_kill,107.2923498413234,94.73336243958731,80.56645812808377,2.2771091288904097,45.30657176604139,0.05946160795985186,0.03895343409409535,0.0,4424.606658162666
RL-b3000000-a1.00,rl,0.0,-1,,-1,BT-v2,10030,1,1.0,1,0,0,gun_kill,42.11411850305805,52.45404448386485,73.50327552306756,3.658018182989479,111.81569943998268,0.026503775005387822,0.02270284791349108,0.0,4973.808025130924
RL-b3000000-a1.00,rl,0.0,-1,,-1,BT-v2,10031,0,1.0,1,0,0,gun_kill,56.89382940244115,3.5802070945561204,31.238232507726458,5.763080380709121,107.19314217888748,0.04499472357000569,0.05208542926057622,0.0,3211.842651453566
RL-b3000000-a1.00,rl,0.0,-1,,-1,BT-v2,10031,1,0.0,0,0,1,gun_kill,88.23250109653623,15.144683142801396,61.27679229472631,0.13945213786268162,84.97015751203706,0.04562787051081441,0.03364681643004045,0.0,3148.2618703355824
RL-b3000000-a1.00,rl,0.0,-1,,-1,BT-v2,10032,0,0.0,0,0,1,gun_kill,80.63185796622395,28.93785792729895,89.96916881629468,2.9481354964264757,116.01896692443474,0.05532391805553294,0.046026099357479616,0.0,4135.091305778377
RL-b3000000-a1.00,rl,0.0,-1,,-1,BT-v2,10032,1,1.0,1,0,0,gun_kill,116.26257112231123,0.5530615372342784,99.66637757593773,1.0029642624325383,88.57844807226832,0.01624336025403369,0.03477054858179536,0.0,3834.8445131489607
RL-b3000000-a1.00,rl,0.0,-1,,-1,BT-v2,10033,0,0.0,0,0,1,gun_kill,55.899466572539126,50.764829816333176,92.23070926113051,5.497786537102583,39.7520081731419,0.0331430881565302,0.04033072961620316,0.0,5155.0417398839945
RL-b3000000-a1.00,rl,0.0,-1,,-1,BT-v2,10033,1,1.0,1,0,0,gun_kill,96.31344019281246,49.94932456113865,64.66603080581207,3.9586473383511267,58.93346637566107,0.05248840395713304,0.04857793510649131,0.0,3088.134659870335
RL-b3000000-a1.00,rl,0.0,-1,,-1,BT-v2,10034,0,0.0,0,0,1,gun_kill,35.17660155042259,79.32002694174088,15.816151148562618,7.1573800094482385,114.17687879329215,0.03329912972551972,0.06538089028640093,0.0,3717.520133385992
RL-b3000000-a1.00,rl,0.0,-1,,-1,BT-v2,10034,1,0.5,0,1,0,timeout,37.42098226518578,18.48201547379027,76.78200273289953,4.800694611070463,67.11775994522614,0.045990776648973,0.039718244122993955,0.0,5614.967413627807
RL-b3000000-a1.00,rl,0.0,-1,,-1,BT-v2,10035,0,1.0,1,0,0,gun_kill,118.2500068783233,2.5005233512475966,95.27709653518359,7.710737621165904,87.94467957159483,0.046496269559698926,0.05598011482080724,0.0,3053.890506533
RL-b3000000-a1.00,rl,0.0,-1,,-1,BT-v2,10035,1,1.0,1,0,0,gun_kill,78.45366428085498,64.70416005363921,72.46349473814394,1.025940928586027,84.15994231425586,0.07893198384704128,0.043928449592914684,0.0,5039.407364517182
RL-b3000000-a1.00,rl,0.0,-1,,-1,BT-v2,10036,0,1.0,1,0,0,gun_kill,30.20979856364669,21.45432508842934,60.778827420533524,4.030977188375912,67.85183549079466,0.052538001380556275,0.025778388253037618,0.0,3264.6945756370355
RL-b3000000-a1.00,rl,0.0,-1,,-1,BT-v2,10036,1,1.0,1,0,0,gun_kill,40.95344789048106,2.156738926737134,32.097147081094214,1.6813897806589395,73.25172995758672,0.05101017047845215,0.042447551282667195,0.0,5203.514559238511
RL-b3000000-a1.00,rl,0.0,-1,,-1,BT-v2,10037,0,1.0,1,0,0,gun_kill,59.405701212536286,86.94032686332804,3.555763853699745,4.636354226311577,106.53446858666004,0.064900089790436,0.05147364272354462,0.0,5796.159018651104
RL-b3000000-a1.00,rl,0.0,-1,,-1,BT-v2,10037,1,1.0,1,0,0,gun_kill,41.30315107010786,18.427946948464946,39.309944430907926,3.293395181353546,63.57301692558711,0.061084984344297544,0.05281435581036767,0.0,3422.560441279528
RL-b3000000-a1.00,rl,0.0,-1,,-1,BT-v2,10038,0,0.0,0,0,1,gun_kill,47.60092520246137,78.3462776305501,50.89172326017186,6.214733374848976,34.17360384004788,0.05092207210107809,0.02505237642590636,0.0,5219.944787988265
RL-b3000000-a1.00,rl,0.0,-1,,-1,BT-v2,10038,1,0.5,0,1,0,timeout,73.70471414975974,1.2637775604460666,77.13911468819995,4.009110479552714,79.8155177788139,0.0473264577710726,0.07938735361456557,0.0,5706.883554578573
RL-b3000000-a1.00,rl,0.0,-1,,-1,BT-v2,10039,0,0.5,0,1,0,timeout,62.839833551365196,35.13037739677145,42.23283492006383,6.945887876035246,46.57208724861506,0.0475011146178038,0.03444378679326548,0.0,5141.609614777408
RL-b3000000-a1.00,rl,0.0,-1,,-1,BT-v2,10039,1,0.5,0,1,0,timeout,84.39959249551504,1.7058820841842737,78.86605403772447,5.083983804443802,101.93943650364231,0.03139779361843536,0.051355772209439196,0.0,5412.930700884775
RL-b3000000-a1.00,rl,0.0,-1,,-1,BT-v2,10040,0,1.0,1,0,0,gun_kill,89.16663060376439,50.04409756211526,70.21952446474776,6.563232910020689,114.7711429780072,0.045852248459890284,0.05115983025745822,0.0,3519.7674498063884
RL-b3000000-a1.00,rl,0.0,-1,,-1,BT-v2,10040,1,1.0,1,0,0,gun_kill,113.41291168278978,88.02612856333093,68.46534324708512,4.171705214640115,78.99590598497687,0.05243490132541282,0.04468053861944877,0.0,4486.998989526876
RL-b3000000-a1.00,rl,0.0,-1,,-1,BT-v2,10041,0,1.0,1,0,0,gun_kill,105.4226414022395,22.978202438139306,31.61724652579633,2.1693319414475445,112.04702507872373,0.03435348543338796,0.03126156276565961,0.0,3096.649181218002
RL-b3000000-a1.00,rl,0.0,-1,,-1,BT-v2,10041,1,1.0,1,0,0,gun_kill,103.41158273144337,65.48739594640422,76.23962200904388,5.428540295761417,110.32620198127753,0.023899137822314013,0.05467823149882777,0.0,3169.59684267568
RL-b3000000-a1.00,rl,0.0,-1,,-1,BT-v2,10042,0,0.0,0,0,1,gun_kill,89.67075051035107,43.42147643439884,49.21267149489551,3.627087457042652,67.15505235276359,0.051209746177719104,0.030404220560765,0.0,3800.1863843615647
RL-b3000000-a1.00,rl,0.0,-1,,-1,BT-v2,10042,1,0.5,0,1,0,timeout,69.22554780365174,69.73556554147865,29.93203666800488,2.4478076653404477,95.72361125979785,0.028615727010647046,0.05543459371643704,0.0,3316.836948345716
RL-b3000000-a1.00,rl,0.0,-1,,-1,BT-v2,10043,0,0.0,0,0,1,gun_kill,33.911198622608815,7.194030172687171,24.389457110206635,1.4141915318688838,36.866281017724155,0.024825273504378395,0.055088667719732254,0.0,4886.33910791942
RL-b3000000-a1.00,rl,0.0,-1,,-1,BT-v2,10043,1,0.5,0,1,0,timeout,98.74572524137017,47.72849311112839,39.325094668045736,1.9203943878755698,35.46778712562497,0.054607787527649575,0.05387488233019755,0.0,5418.065898832732
RL-b3000000-a1.00,rl,0.0,-1,,-1,BT-v2,10044,0,0.0,0,0,1,gun_kill,40.10539511882136,41.93368600445845,28.86633996663408,4.687303821212197,107.30539345368088,0.03608155375004881,0.047361749605192856,0.0,4103.220205050331
RL-b3000000-a1.00,rl,0.0,-1,,-1,BT-v2,10044,1,1.0,1,0,0,gun_kill,84.31394511878847,96.68325374590393,24.701754986488744,6.384181994353653,77.00301543649935,0.05488487931322072,0.040827775225858357,0.0,5451.429564085063
RL-b3000000-a1.00,rl,0.0,-1,,-1,BT-v2,10045,0,0.5,0,1,0,timeout,68.14518796527386,43.21922384901444,57.908138444685434,4.144525490604135,75.21292440534458,0.0384007390528144,0.029138887187607074,0.0,4982.907512943078
RL-b3000000-a1.00,rl,0.0,-1,,-1,BT-v2,10045,1,0.5,0,1,0,timeout,72.1206084526162,36.400807318428086,71.4128140075685,4.83824684887791,49.77480535681728,0.022155511989883834,0.04280877076518212,0.0,4190.350011927994
RL-b3000000-a1.00,rl,0.0,-1,,-1,BT-v2,10046,0,0.0,0,0,1,gun_kill,52.01354252720489,21.276161083941027,5.610870757694409,5.4948545614158135,113.57139531704746,0.030273570107534273,0.0368054886963218,0.0,4773.44300603376
RL-b3000000-a1.00,rl,0.0,-1,,-1,BT-v2,10046,1,1.0,1,0,0,gun_kill,63.42046293929327,55.629285022161035,24.760817188415597,4.6062012060121855,81.65251376235102,0.030788129423741047,0.03578100563708025,0.0,5281.83608923813
RL-b3000000-a1.00,rl,0.0,-1,,-1,BT-v2,10047,0,1.0,1,0,0,gun_kill,68.11323561548372,37.1785571680097,61.4866840842144,2.5210608474771004,35.04343409488323,0.03248788064023924,0.048867305306029105,0.0,3901.973730175506
RL-b3000000-a1.00,rl,0.0,-1,,-1,BT-v2,10047,1,1.0,1,0,0,gun_kill,79.92608071250008,66.8483976822398,77.85362220316236,4.061841596574876,93.19899549553728,0.0506989793271128,0.04555309170172185,0.0,4226.547921652669
RL-b3000000-a1.00,rl,0.0,-1,,-1,BT-v2,10048,0,0.5,0,1,0,timeout,108.52198135384691,46.973341322948436,76.46679706599183,6.868655839485868,66.84644549294077,0.04658643009896427,0.05535199413788104,0.0,4299.531215878094
RL-b3000000-a1.00,rl,0.0,-1,,-1,BT-v2,10048,1,0.5,0,1,0,timeout,44.529526215018606,73.90932128950625,43.87984297420326,6.946875531431454,118.46045868239239,0.05500194912825368,0.07461494434941851,0.0,4764.895440463421
RL-b3000000-a1.00,rl,0.0,-1,,-1,BT-v2,10049,0,1.0,1,0,0,gun_kill,95.76925751056314,58.390901558820666,6.430180139637898,4.725069969669046,91.24158700650719,0.043776182752468654,0.05904510952010514,0.0,5465.790947291694
RL-b3000000-a1.00,rl,0.0,-1,,-1,BT-v2,10049,1,1.0,1,0,0,gun_kill,62.39566873113899,66.43072636841836,17.87443325405641,1.085011858275987,66.38099713444886,0.03989929931056988,0.023808966747155467,0.0,4709.256432482207
RL-b3000000-a1.00,rl,0.0,-1,,-1,BT-v2,10050,0,1.0,1,0,0,gun_kill,47.23173579204474,18.29988911681233,60.82191232467179,0.6856727015754887,95.75738387754583,0.058312431612855944,0.05795551098445715,0.0,4842.637491101264
RL-b3000000-a1.00,rl,0.0,-1,,-1,BT-v2,10050,1,0.0,0,0,1,gun_kill,89.52590391159205,57.99464834471356,68.17931041156126,3.7085953538612886,53.30320485657063,0.022616466852385088,0.03214240606090945,0.0,4293.932558412043
RL-b3000000-a1.00,rl,0.0,-1,,-1,BT-v2,10051,0,1.0,1,0,0,gun_kill,31.56347743931638,46.1239179393501,16.293285692265435,3.1172614409839783,76.04436580437061,0.018578112904024436,0.014826570482608842,0.0,3855.8507349117044
RL-b3000000-a1.00,rl,0.0,-1,,-1,BT-v2,10051,1,0.0,0,0,1,gun_kill,41.62806829264131,18.454702195448856,80.13872890873395,3.1293658416274104,86.00208083053701,0.03227857229778495,0.04938653108324507,0.0,5446.421725286014
RL-b3000000-a1.00,rl,0.0,-1,,-1,BT-v2,10052,0,1.0,1,0,0,gun_kill,47.64615787012218,53.85316674350034,15.4043725204834,6.583869897135437,37.03679709893298,0.05525059414130699,0.033991095230208324,0.0,4004.478838001293
RL-b3000000-a1.00,rl,0.0,-1,,-1,BT-v2,10052,1,0.0,0,0,1,gun_kill,93.62756947821705,81.32826499367468,71.89301318928483,0.49667356805831364,115.58387647971327,0.06396578761928447,0.022226667397374115,0.0,3785.5946390213426
RL-b3000000-a1.00,rl,0.0,-1,,-1,BT-v2,10053,0,1.0,1,0,0,gun_kill,87.1708733538867,34.31395138192368,49.00233194969221,0.49315923876025547,38.139981997806096,0.051341834778340145,0.06080523078991639,0.0,5621.200299367865
RL-b3000000-a1.00,rl,0.0,-1,,-1,BT-v2,10053,1,1.0,1,0,0,gun_kill,58.36311974584184,87.51897193662363,38.00530501942874,3.427420867812157,66.13785850600901,0.0344603647704775,0.06051841329400845,0.0,4561.532626965273
RL-b3000000-a1.00,rl,0.0,-1,,-1,BT-v2,10054,0,0.0,0,0,1,gun_kill,33.04145799166769,21.298664884314135,64.48188586974702,4.315887333879173,47.31470987835992,0.050021384297220195,0.033198958573588365,0.0,4352.405957743592
RL-b3000000-a1.00,rl,0.0,-1,,-1,BT-v2,10054,1,0.0,0,0,1,gun_kill,36.031208528697384,91.68848958476579,24.030908878813563,5.1747039525914,84.984827740832,0.034910426160124124,0.04410334468027794,0.0,4908.485035784872
RL-b3000000-a1.00,rl,0.0,-1,,-1,BT-v2,10055,0,0.0,0,0,1,gun_kill,82.5784576967701,87.86572544607363,57.352389198827055,2.7369181320753855,41.349660236021215,0.06675903569301145,0.05159439797042013,0.0,4286.476487234982
RL-b3000000-a1.00,rl,0.0,-1,,-1,BT-v2,10055,1,0.0,0,0,1,gun_kill,114.88312005832518,97.84197634176263,56.49169443864569,4.830015107958725,75.2376722074396,0.0386328077754743,0.04037453567499005,0.0,3173.911232634739
RL-b3000000-a1.00,rl,0.0,-1,,-1,BT-v2,10056,0,0.5,0,1,0,timeout,93.85947927711189,57.687768773326,29.9312136513048,5.780469561716062,93.75180052290659,0.07216367633837627,0.03087350969565259,0.0,4676.420318732083
RL-b3000000-a1.00,rl,0.0,-1,,-1,BT-v2,10056,1,1.0,1,0,0,gun_kill,67.55687202759603,93.01896229400077,93.52664883238002,6.562966684112948,83.60063173757626,0.05778195257012343,0.04427132181121318,0.0,3369.0684389813186
RL-b3000000-a1.00,rl,0.0,-1,,-1,BT-v2,10057,0,1.0,1,0,0,gun_kill,65.956277523566,54.0710901212554,62.361953971629816,6.510709279972976,110.66578701535127,0.0456629487613492,0.06548495719871204,0.0,4145.617493707541
RL-b3000000-a1.00,rl,0.0,-1,,-1,BT-v2,10057,1,1.0,1,0,0,gun_kill,118.27209368919233,74.24063024596138,36.75050887245147,3.1349755793967784,98.50374886873996,0.0360786707226117,0.060564276587150766,0.0,3403.9590340757677
RL-b3000000-a1.00,rl,0.0,-1,,-1,BT-v2,10058,0,0.0,0,0,1,gun_kill,116.77953730272617,95.4031523485393,3.8507579091308974,6.448289816569621,56.67871059809139,0.039188196561467235,0.03387019315518729,0.0,3200.487329734181
RL-b3000000-a1.00,rl,0.0,-1,,-1,BT-v2,10058,1,1.0,1,0,0,gun_kill,48.46242109502088,86.77528072375512,63.172051657591,2.42852758107135,47.130140546332115,0.04939507266840505,0.05622084028854017,0.0,3619.002477027066
RL-b3000000-a1.00,rl,0.0,-1,,-1,BT-v2,10059,0,0.0,0,0,1,gun_kill,103.778696138585,25.899539542813788,48.70898560794254,5.918335489170444,66.71521411335654,0.04812925298696332,0.04044264515931798,0.0,5527.731219787982
RL-b3000000-a1.00,rl,0.0,-1,,-1,BT-v2,10059,1,1.0,1,0,0,gun_kill,41.04389240799003,22.880113703799786,6.978475329443345,4.561424397700686,60.87211259070831,0.04742419205186682,0.036004114621579146,0.0,5191.008943227582
RL-b3000000-a1.00,rl,0.0,-1,,-1,BT-v2,10060,0,1.0,1,0,0,gun_kill,112.77542655884315,68.88601013524591,93.6021545410447,7.764927294074009,41.73532721634647,0.061793666824168564,0.04678862976345763,0.0,5555.463163042955
RL-b3000000-a1.00,rl,0.0,-1,,-1,BT-v2,10060,1,1.0,1,0,0,gun_kill,93.0983779863669,4.533110857517075,3.2029911117407606,1.8695609700332074,79.63350308077202,0.04222795671198847,0.039729797483856064,0.0,4215.1331513728965
RL-b3000000-a1.00,rl,0.0,-1,,-1,BT-v2,10061,0,1.0,1,0,0,gun_kill,87.60181783314425,3.3534004697722053,2.621775234142143,4.079129390697481,37.16662296228723,0.04306232369640285,0.04441640046831442,0.0,4013.348632085718
RL-b3000000-a1.00,rl,0.0,-1,,-1,BT-v2,10061,1,1.0,1,0,0,gun_kill,93.8818589179842,89.2896172194369,9.787127434672904,7.467805798660878,76.77768270725214,0.024224230841595525,0.029688172142418572,0.0,3763.5707911710024
RL-b3000000-a1.00,rl,0.0,-1,,-1,BT-v2,10062,0,0.0,0,0,1,gun_kill,45.55862400273469,67.50446319109075,59.495723543603496,3.6367941371170573,32.159820926046564,0.041056933019175734,0.056531466182700704,0.0,5431.355523860688
RL-b3000000-a1.00,rl,0.0,-1,,-1,BT-v2,10062,1,1.0,1,0,0,gun_kill,72.26380543885203,33.14551605124009,23.647415799739424,3.4036992805351787,67.07617332667269,0.04607768862099537,0.03468138861261585,0.0,4726.5160121794925
RL-b3000000-a1.00,rl,0.0,-1,,-1,BT-v2,10063,0,0.0,0,0,1,gun_kill,37.8478926577839,64.19083484640787,41.626888363121076,3.558352338089689,86.52613367476928,0.04035564490081683,0.05012040547285002,0.0,5733.879528732197
RL-b3000000-a1.00,rl,0.0,-1,,-1,BT-v2,10063,1,1.0,1,0,0,gun_kill,81.90427820231162,96.26255911416347,65.00360773839988,1.6540289972690685,37.95060017588676,0.05066698920963167,0.04734547613504907,0.0,4105.866937652603
RL-b3000000-a1.00,rl,0.0,-1,,-1,BT-v2,10064,0,1.0,1,0,0,gun_kill,94.33390483956526,39.164980584498046,65.90637134901058,1.808415106564932,81.54726284445056,0.06253224187414047,0.03895980992630964,0.0,5570.895098963368
RL-b3000000-a1.00,rl,0.0,-1,,-1,BT-v2,10064,1,0.0,0,0,1,gun_kill,113.99357359937892,75.8051958370671,20.902153815717618,0.5925508522284115,30.15853651940085,0.04616790141919202,0.02293220106745878,0.0,4534.873119887957
RL-b3000000-a1.00,rl,0.0,-1,,-1,BT-v2,10065,0,1.0,1,0,0,gun_kill,94.18866472899057,42.53569258526976,41.23997013764761,1.9571018508152216,40.116317536115,0.06710982096126658,0.04364840858890429,0.0,5075.464466661208
RL-b3000000-a1.00,rl,0.0,-1,,-1,BT-v2,10065,1,1.0,1,0,0,gun_kill,38.10574987516111,89.5195566231421,66.60377793991556,5.847383838470279,117.12436732104648,0.056636215717087476,0.056189022027598935,0.0,4278.647614656136
RL-b3000000-a1.00,rl,0.0,-1,,-1,BT-v2,10066,0,0.0,0,0,1,gun_kill,115.7762738255511,64.64809239241053,17.777693336995693,1.6779207223380928,114.78850477632861,0.030956159550678868,0.05491129251494491,0.0,5715.445677785323
RL-b3000000-a1.00,rl,0.0,-1,,-1,BT-v2,10066,1,0.0,0,0,1,gun_kill,99.45421789608717,13.06057960056397,31.791401984079204,4.223159347506638,42.757407679339366,0.05014102002319228,0.060429013803131836,0.0,4737.83526960108
RL-b3000000-a1.00,rl,0.0,-1,,-1,BT-v2,10067,0,1.0,1,0,0,gun_kill,101.9569580256659,73.32385882011289,97.33828706470112,3.67174619770035,119.1714673344301,0.030463264328495568,0.04004068656672588,0.0,4666.194886023039
RL-b3000000-a1.00,rl,0.0,-1,,-1,BT-v2,10067,1,1.0,1,0,0,gun_kill,35.09227634669535,48.07296993618577,43.81806727850513,0.4770908166257364,35.85230330442015,0.04481695271339066,0.06253144596397703,0.0,5160.360840117966
RL-b3000000-a1.00,rl,0.0,-1,,-1,BT-v2,10068,0,1.0,1,0,0,gun_kill,62.45849438997137,79.79041890408203,94.7164088493555,4.98076604321212,93.34352632980199,0.05419190435232255,0.05675724054271192,0.0,4369.865664098501
RL-b3000000-a1.00,rl,0.0,-1,,-1,BT-v2,10068,1,0.0,0,0,1,gun_kill,115.76925689743754,46.19171275275009,54.524488475266,3.3587119407691315,68.06669795976796,0.04870139418219001,0.044097438185251296,0.0,5502.748262729934
RL-b3000000-a1.00,rl,0.0,-1,,-1,BT-v2,10069,0,1.0,1,0,0,gun_kill,60.25118558307376,80.69557501986986,4.444101830333058,2.305412129122307,59.36239062192446,0.06030953955537845,0.0312681126336522,0.0,3409.8933652972028
RL-b3000000-a1.00,rl,0.0,-1,,-1,BT-v2,10069,1,0.5,0,1,0,timeout,54.79002523217133,73.63792012868005,52.579688466848026,5.509043311026563,38.05774874033571,0.04901088056715097,0.035313190840229165,0.0,3809.572765424612
RL-b3000000-a1.00,rl,0.0,-1,,-1,BT-v2,10070,0,1.0,1,0,0,gun_kill,90.69263883710941,87.3187634263381,50.29780068089072,4.447074304946739,60.45940283717928,0.047312354371272416,0.022321145384056718,0.0,3048.846829173885
RL-b3000000-a1.00,rl,0.0,-1,,-1,BT-v2,10070,1,1.0,1,0,0,gun_kill,39.95007198522504,91.50663307065938,44.9784591081442,1.0931620005075207,72.50024841930822,0.03448981309984694,0.04727626774218485,0.0,5859.376490790722
RL-b3000000-a1.00,rl,0.0,-1,,-1,BT-v2,10071,0,0.5,0,1,0,timeout,30.749739522164468,19.547838993017784,67.62820998893216,5.5527314628330044,73.35335559870796,0.05149540861717116,0.07611464172485838,0.0,4692.9310263010075
RL-b3000000-a1.00,rl,0.0,-1,,-1,BT-v2,10071,1,0.0,0,0,1,gun_kill,71.31985093897248,33.33874101313691,82.63516121596794,4.91367624409431,30.27330146492597,0.05884190582191718,0.037192188322669635,0.0,3686.8797370412594
RL-b3000000-a1.00,rl,0.0,-1,,-1,BT-v2,10072,0,1.0,1,0,0,gun_kill,37.611697030742725,4.674348572048926,51.2300904772633,1.6052717242559016,99.08136200199738,0.0536100228708207,0.04829128054312919,0.0,3047.4982808605996
RL-b3000000-a1.00,rl,0.0,-1,,-1,BT-v2,10072,1,1.0,1,0,0,gun_kill,85.084323562268,13.756903548372524,40.598126505859575,3.2304343246692833,44.80963776400366,0.07402575209968129,0.07628702518163089,0.0,3507.1461077789068
RL-b3000000-a1.00,rl,0.0,-1,,-1,BT-v2,10073,0,0.5,0,1,0,timeout,67.9649433252103,74.89436685044349,87.85106453639008,2.45381631582708,119.97555892096064,0.06554149613087297,0.035290528743174954,0.0,4650.844124527714
RL-b3000000-a1.00,rl,0.0,-1,,-1,BT-v2,10073,1,0.0,0,0,1,gun_kill,36.05920274546163,99.56311052595939,26.96009451044886,6.098281562865949,46.89971693982034,0.05356913778825644,0.05383041277189174,0.0,5620.071550836263
RL-b3000000-a1.00,rl,0.0,-1,,-1,BT-v2,10074,0,0.0,0,0,1,gun_kill,50.94749203408456,80.78575997340444,61.043933559487506,7.851029330958643,32.351601800366474,0.05283941917530002,0.03751762794170994,0.0,5474.97301902276
RL-b3000000-a1.00,rl,0.0,-1,,-1,BT-v2,10074,1,1.0,1,0,0,gun_kill,32.87572616162728,22.3870967399287,14.91117462657343,6.553788360146052,46.081609838666225,0.04331203972723183,0.03249309793245878,0.0,4539.603846492064
RL-b3000000-a1.00,rl,0.0,-1,,-1,BT-v2,10075,0,1.0,1,0,0,gun_kill,54.32454926455824,85.67397844619175,68.45945082934837,7.431529689214296,114.67637999815857,0.05818418717975966,0.03734958720600477,0.0,5480.21374178314
RL-b3000000-a1.00,rl,0.0,-1,,-1,BT-v2,10075,1,1.0,1,0,0,gun_kill,31.85879799662666,99.47314587724242,94.70465387229164,7.760158526244755,86.34062393394393,0.032709356135457356,0.05655793008804084,0.0,5568.1718739014705
RL-b3000000-a1.00,rl,0.0,-1,,-1,BT-v2,10076,0,0.0,0,0,1,gun_kill,59.96658945493697,5.1629870311156845,78.27889926709007,5.667516874620706,86.35785204001202,0.05104818849999612,0.05361067469393155,0.0,3283.937875599059
RL-b3000000-a1.00,rl,0.0,-1,,-1,BT-v2,10076,1,0.5,0,1,0,timeout,36.960015907271604,92.44940240444886,25.27806216897193,0.15561629805886223,108.02575565152159,0.03279883758944599,0.04660414537146609,0.0,3903.880897533737
RL-b3000000-a1.00,rl,0.0,-1,,-1,BT-v2,10077,0,0.0,0,0,1,gun_kill,64.79534580408856,9.709791500439579,90.36234630790075,4.658868481889346,118.41585708002182,0.06392964476602797,0.02737098538023844,0.0,4767.187082367325
RL-b3000000-a1.00,rl,0.0,-1,,-1,BT-v2,10077,1,1.0,1,0,0,gun_kill,46.418547584822505,50.1443647039181,54.80634628066154,5.978077244528162,84.17506831160813,0.03481797842789373,0.05328787256002296,0.0,5693.821062379151
RL-b3000000-a1.00,rl,0.0,-1,,-1,BT-v2,10078,0,1.0,1,0,0,gun_kill,77.31718687660998,59.953715949290356,5.88918097282799,7.19209328634688,101.11977332282457,0.04089290874994518,0.05341810559957542,0.0,5081.389521636453
RL-b3000000-a1.00,rl,0.0,-1,,-1,BT-v2,10078,1,0.0,0,0,1,gun_kill,56.10277453558585,53.0213517103798,71.74957119081277,3.5620054638162593,36.33181382043627,0.011646478384582826,0.039051155405111546,0.0,4962.2685506910775
RL-b3000000-a1.00,rl,0.0,-1,,-1,BT-v2,10079,0,1.0,1,0,0,gun_kill,72.44014581438338,44.29298030626813,78.24120688795269,3.0215798023153075,53.113473008879424,0.0490499178340952,0.04208177090635442,0.0,5812.174058862287
RL-b3000000-a1.00,rl,0.0,-1,,-1,BT-v2,10079,1,0.0,0,0,1,gun_kill,70.957293923587,89.6690556681893,1.8298658090858844,6.147831497619184,103.83270639101778,0.03922484036659528,0.02226270450900031,0.0,3436.3427322612106
RL-b3000000-a1.00,rl,0.0,-1,,-1,BT-v2,10080,0,1.0,1,0,0,gun_kill,38.232698862409094,23.00264508634131,62.6542650806026,1.5038688160709972,74.35381640794805,0.039572278991329465,0.04046836518132094,0.0,4712.058526942636
RL-b3000000-a1.00,rl,0.0,-1,,-1,BT-v2,10080,1,0.5,0,1,0,timeout,76.88288170153047,82.68607268831403,54.756884933332316,6.88930097829481,92.83278605413096,0.039616609562588355,0.04417389007619774,0.0,4477.623325441948
RL-b3000000-a1.00,rl,0.0,-1,,-1,BT-v2,10081,0,0.5,0,1,0,timeout,42.67577266983525,0.46130985975533223,88.01659037734724,3.852074105034318,106.12038794749685,0.05001730675649003,0.07816323939738826,0.0,5407.666237922395
RL-b3000000-a1.00,rl,0.0,-1,,-1,BT-v2,10081,1,1.0,1,0,0,gun_kill,84.34202606609915,31.678643870886535,87.71555988622275,1.3334890813870643,79.06261778060792,0.05721362938215738,0.04929685037163742,0.0,3468.387376291219
RL-b3000000-a1.00,rl,0.0,-1,,-1,BT-v2,10082,0,1.0,1,0,0,gun_kill,73.60197070380637,62.573782118579146,68.42255382689628,1.7207939379499022,115.68853561521907,0.044624554381766525,0.0605052631858386,0.0,5668.45279379015
RL-b3000000-a1.00,rl,0.0,-1,,-1,BT-v2,10082,1,1.0,1,0,0,gun_kill,108.43758961645177,61.92250358222954,74.52225569595335,7.052754508073392,90.43815511557139,0.02837580254306676,0.042443305004761664,0.0,3093.729727284755
RL-b3000000-a1.00,rl,0.0,-1,,-1,BT-v2,10083,0,0.5,0,1,0,timeout,90.47380244868981,27.726735951126802,21.830559609055122,5.946432714542282,82.77861932188033,0.053810132015742855,0.05742985082133114,0.0,5763.04627873471
RL-b3000000-a1.00,rl,0.0,-1,,-1,BT-v2,10083,1,0.0,0,0,1,gun_kill,91.81432288292096,52.31554336574843,68.94205751362352,6.565153685930041,83.66814040853012,0.03245234420808111,0.04094571532975164,0.0,4891.269778914772
RL-b3000000-a1.00,rl,0.0,-1,,-1,BT-v2,10084,0,0.5,0,1,0,timeout,57.90023978459829,96.87583913929734,71.77218914616628,3.9797773273843715,32.860348262754705,0.05424302201705135,0.05901194055796919,0.0,4278.280995122305
RL-b3000000-a1.00,rl,0.0,-1,,-1,BT-v2,10084,1,0.5,0,1,0,timeout,42.28160979191569,44.681114613336895,13.30652381067441,2.733490067499095,86.37900897307756,0.0717484941679787,0.05504408667202066,0.0,5983.068552325974
RL-b3000000-a1.00,rl,0.0,-1,,-1,BT-v2,10085,0,1.0,1,0,0,gun_kill,73.12423578107456,8.474154137176138,63.859194646908236,2.5654431895605283,45.262165146987954,0.01814954924379276,0.050379322239239535,0.0,3493.65889405822
RL-b3000000-a1.00,rl,0.0,-1,,-1,BT-v2,10085,1,0.0,0,0,1,gun_kill,51.685806809703294,36.44662381474968,41.623102559584794,0.8437943231602922,54.297220684444085,0.040398063147726725,0.03974829076433831,0.0,5518.176172408666
RL-b3000000-a1.00,rl,0.0,-1,,-1,BT-v2,10086,0,0.0,0,0,1,gun_kill,56.96442176554864,9.445619350296719,45.46405598835135,0.5189633806866061,74.08881169685921,0.0332369660712244,0.06494394881329969,0.0,3800.0905303407812
RL-b3000000-a1.00,rl,0.0,-1,,-1,BT-v2,10086,1,0.5,0,1,0,timeout,86.6293683208539,7.6399264091736026,7.102123378671788,1.064290119033335,66.03965715811799,0.0391904498940055,0.036262793588124356,0.0,3634.353948220436
RL-b3000000-a1.00,rl,0.0,-1,,-1,BT-v2,10087,0,1.0,1,0,0,gun_kill,78.76609637403757,27.445907467259957,96.96222005613873,1.0736662443030482,42.036419787346716,0.024823939591826816,0.03871076256420668,0.0,5506.545649961069
RL-b3000000-a1.00,rl,0.0,-1,,-1,BT-v2,10087,1,1.0,1,0,0,gun_kill,98.04567399137224,39.77830516881272,44.327475239880286,0.37826254386668534,100.02742819229218,0.04399413501365696,0.025312938916162608,0.0,4287.132720644971
RL-b3000000-a1.00,rl,0.0,-1,,-1,BT-v2,10088,0,0.0,0,0,1,gun_kill,60.54984387543324,84.9256369692633,14.23231871020777,4.768995558015052,75.7468990788528,0.05722061492167968,0.05258097770642638,0.0,5435.387138478036
RL-b3000000-a1.00,rl,0.0,-1,,-1,BT-v2,10088,1,0.5,0,1,0,timeout,45.04075730560929,52.37832559552674,21.34149115400108,4.014125308507467,48.681668109312945,0.028105780614333237,0.058466322356195845,0.0,3802.4526274742125
RL-b3000000-a1.00,rl,0.0,-1,,-1,BT-v2,10089,0,0.0,0,0,1,gun_kill,91.92768673735547,36.303358029828956,71.67426400799431,3.020494578870853,33.720320762886814,0.03203531531663956,0.04375656987057988,0.0,3991.6596146976863
RL-b3000000-a1.00,rl,0.0,-1,,-1,BT-v2,10089,1,1.0,1,0,0,gun_kill,86.65818030319329,80.93691372882182,84.09642927061886,0.8230619494673741,72.54046736065865,0.06596757604685052,0.03983117741554791,0.0,3568.623212816428
RL-b3000000-a1.00,rl,0.0,-1,,-1,BT-v2,10090,0,1.0,1,0,0,gun_kill,66.27823165050378,21.70787965758062,7.383032351618479,5.594876891076761,115.83517043748344,0.029146918099147132,0.03585648166567666,0.0,3829.2311613792344
RL-b3000000-a1.00,rl,0.0,-1,,-1,BT-v2,10090,1,1.0,1,0,0,gun_kill,66.3875371189024,4.811325453632964,28.87816677583619,3.899691477133074,80.50188148085618,0.02538835300933105,0.04595337842598169,0.0,5070.723161650397
RL-b3000000-a1.00,rl,0.0,-1,,-1,BT-v2,10091,0,1.0,1,0,0,gun_kill,68.3171903900703,24.743725746738264,84.80874243884305,2.3698734491717985,119.24563882068801,0.04361535170072948,0.05115124220675477,0.0,4309.962127933115
RL-b3000000-a1.00,rl,0.0,-1,,-1,BT-v2,10091,1,0.0,0,0,1,gun_kill,51.593060440264615,77.51732566174331,50.365834428296615,7.211327041882808,97.02425970016859,0.025997915924557153,0.03424644070935624,0.0,4352.463323625945
RL-b3000000-a1.00,rl,0.0,-1,,-1,BT-v2,10092,0,1.0,1,0,0,gun_kill,77.2395174470399,33.39757052482758,42.49084567534911,0.92942431296321,70.89832367001577,0.04613499926559187,0.061192633867998586,0.0,3225.659955387112
RL-b3000000-a1.00,rl,0.0,-1,,-1,BT-v2,10092,1,1.0,1,0,0,gun_kill,101.34309402407953,27.478010908186825,14.140508218040015,7.501921200451035,42.35911885130424,0.030232434176792097,0.05280041581538491,0.0,3162.9334084881334
RL-b3000000-a1.00,rl,0.0,-1,,-1,BT-v2,10093,0,1.0,1,0,0,gun_kill,68.01660506935394,56.78006602700446,56.17239441848319,4.358831716864433,84.83181842317454,0.035576112758899825,0.03443804727358094,0.0,5754.5911582431345
RL-b3000000-a1.00,rl,0.0,-1,,-1,BT-v2,10093,1,0.5,0,1,0,timeout,115.26888124316513,19.67464181507095,51.28211940912292,4.094621349361682,80.40749034236259,0.029599631496512534,0.05641457731009626,0.0,3484.8654879353826
RL-b3000000-a1.00,rl,0.0,-1,,-1,BT-v2,10094,0,1.0,1,0,0,gun_kill,72.46370801593011,1.0696331593064046,83.94645489818312,0.04489420429038038,39.45595864976139,0.06158158558658139,0.02606432643321259,0.0,3030.929526572215
RL-b3000000-a1.00,rl,0.0,-1,,-1,BT-v2,10094,1,0.0,0,0,1,gun_kill,90.39626862782652,83.7202893844256,6.999163234739947,5.69567287766722,71.358610543264,0.019214244964338465,0.03359674629199415,0.0,3117.20801877673
RL-b3000000-a1.00,rl,0.0,-1,,-1,BT-v2,10095,0,0.0,0,0,1,gun_kill,118.50993603103976,44.51785908142084,23.155706336987127,5.645087111353906,113.14572328284466,0.046085367265134826,0.030044407992237076,0.0,4490.115410257399
RL-b3000000-a1.00,rl,0.0,-1,,-1,BT-v2,10095,1,0.5,0,1,0,timeout,50.04642869024801,24.569934596187657,14.53190795702335,7.965505416682228,33.49303331305599,0.050302111112937,0.06031368353433259,0.0,4348.341194937786
RL-b3000000-a1.00,rl,0.0,-1,,-1,BT-v2,10096,0,0.0,0,0,1,gun_kill,92.735576779498,73.8681687244017,85.02420828727813,5.689577308642776,78.70695709374753,0.02762340254397014,0.041569229418525706,0.0,3984.5543469484273
RL-b3000000-a1.00,rl,0.0,-1,,-1,BT-v2,10096,1,1.0,1,0,0,gun_kill,44.64599219421041,23.30494933593208,20.5470053408501,5.762667199646111,60.391554417690344,0.04762305806314773,0.036084397615745445,0.0,5955.6348746310205
RL-b3000000-a1.00,rl,0.0,-1,,-1,BT-v2,10097,0,0.0,0,0,1,gun_kill,59.240013777891875,89.25565349427464,64.30136939153056,1.9679872779539247,44.149317477033875,0.04464333050035793,0.031941041774586613,0.0,3351.7042361888343
RL-b3000000-a1.00,rl,0.0,-1,,-1,BT-v2,10097,1,1.0,1,0,0,gun_kill,40.17787555006953,14.329641633658952,2.452448932097373,4.50242890019746,104.38130275260484,0.05145902100944103,0.06007536305799469,0.0,3884.4985816527847
RL-b3000000-a1.00,rl,0.0,-1,,-1,BT-v2,10098,0,1.0,1,0,0,gun_kill,31.15256589818052,76.34743567949278,25.733093235824523,7.693191170955263,99.59186894335001,0.0331910964810766,0.023651225713410842,0.0,4147.108842391625
RL-b3000000-a1.00,rl,0.0,-1,,-1,BT-v2,10098,1,0.5,0,1,0,timeout,31.869361872983653,52.517109669522114,0.275677305255162,0.7426267748634432,62.993188275277106,0.06558941190583684,0.04336986515506915,0.0,5629.093041817896
RL-b3000000-a1.00,rl,0.0,-1,,-1,BT-v2,10099,0,0.5,0,1,0,timeout,108.62196103222826,6.80620120256068,61.73667307923498,4.8806282699109955,110.87020159754361,0.048066285579826444,0.046815903189794374,0.0,5596.672458891126
RL-b3000000-a1.00,rl,0.0,-1,,-1,BT-v2,10099,1,1.0,1,0,0,gun_kill,119.47806147431564,47.81622117018164,31.745975999895236,4.386475127968159,63.415411167820665,0.023851525157816345,0.048115616240134815,0.0,3469.4001278022097
RL-b3000000-a1.00,rl,0.0,-1,,-1,BT-v3,10000,0,1.0,1,0,0,gun_kill,64.2332688380256,42.624981683181375,68.24120707789746,4.987130212455016,48.31019268353474,0.03690580311939865,0.05788537243862607,0.0,3235.955873644821
RL-b3000000-a1.00,rl,0.0,-1,,-1,BT-v3,10000,1,0.0,0,0,1,gun_kill,118.67705408364016,84.37841799251694,65.91249616733228,2.1970391516193404,75.3006254361838,0.062439621519081015,0.037004057949008545,0.0,5434.361702460344
RL-b3000000-a1.00,rl,0.0,-1,,-1,BT-v3,10001,0,0.0,0,0,1,gun_kill,117.88469015472661,73.7766531769636,49.98168227680153,0.8701818511636255,103.46079400375629,0.01695007799527991,0.03433911197757605,0.0,5571.083189799272
RL-b3000000-a1.00,rl,0.0,-1,,-1,BT-v3,10001,1,0.0,0,0,1,gun_kill,80.34433168755729,75.88832561776525,19.188070253484003,6.106586134478054,50.8497124049708,0.036997479262038085,0.03169042695996476,0.0,4808.477618433858
RL-b3000000-a1.00,rl,0.0,-1,,-1,BT-v3,10002,0,1.0,1,0,0,gun_kill,53.197628925268624,47.96468762070487,25.036599504602986,3.505206330954712,86.45458009166697,0.06743299068944972,0.0426799805494384,0.0,4929.047800302564
RL-b3000000-a1.00,rl,0.0,-1,,-1,BT-v3,10002,1,1.0,1,0,0,gun_kill,67.61383562722627,47.7819093623021,18.154183533446734,1.4126125747071132,57.861837645002524,0.06282787324281666,0.04590562176191143,0.0,5395.31292590007
RL-b3000000-a1.00,rl,0.0,-1,,-1,BT-v3,10003,0,1.0,1,0,0,gun_kill,84.1247519018271,93.13395769191582,9.479296639618651,1.5554827777391882,57.944374351155076,0.038022692244599726,0.030651425974490734,0.0,4056.814432365056
RL-b3000000-a1.00,rl,0.0,-1,,-1,BT-v3,10003,1,1.0,1,0,0,gun_kill,37.089293467145765,85.5821532498625,36.62484595197755,5.771716745098448,30.453141929611693,0.06422464385330524,0.04537727504264752,0.0,4063.895183059242
RL-b3000000-a1.00,rl,0.0,-1,,-1,BT-v3,10004,0,1.0,1,0,0,gun_kill,55.465449975408916,94.27075151617008,13.852320009570606,7.099865570364788,57.97688991433857,0.06269480713176522,0.052338233381371724,0.0,3757.118813637714
RL-b3000000-a1.00,rl,0.0,-1,,-1,BT-v3,10004,1,0.0,0,0,1,gun_kill,30.115726774510808,32.686993692977055,64.1140329119735,0.42579642860863665,38.648813650028046,0.05730982014912475,0.04156965649795352,0.0,4998.215146824916
RL-b3000000-a1.00,rl,0.0,-1,,-1,BT-v3,10005,0,0.0,0,0,1,gun_kill,91.12946701030481,66.76802277520473,71.06146075435723,0.7033696816016404,76.25700036198923,0.031122726382814114,0.0291478958410894,0.0,4590.174902245568
RL-b3000000-a1.00,rl,0.0,-1,,-1,BT-v3,10005,1,1.0,1,0,0,gun_kill,31.981871868364472,94.07624136666631,45.86193273862615,5.402039523475912,65.0178960381989,0.044449484002351346,0.04855281339356971,0.0,4368.874204195785
RL-b3000000-a1.00,rl,0.0,-1,,-1,BT-v3,10006,0,0.0,0,0,1,gun_kill,42.654014933921985,71.59937372485425,88.42523790607221,4.084774383597006,42.97505589746638,0.04255645029677049,0.02124289837324115,0.0,5415.011208901447
RL-b3000000-a1.00,rl,0.0,-1,,-1,BT-v3,10006,1,0.0,0,0,1,gun_kill,38.26697766725964,93.46470146665246,79.66343707000463,7.8872348457619434,81.9298821856009,0.047322960832657725,0.03496865464031123,0.0,5794.368150018779
RL-b3000000-a1.00,rl,0.0,-1,,-1,BT-v3,10007,0,1.0,1,0,0,gun_kill,66.17525073284548,41.1678151757875,22.858550581027202,4.779955954796957,46.60213703796151,0.027471602802519805,0.03805984539711631,0.0,5725.4278269851075
RL-b3000000-a1.00,rl,0.0,-1,,-1,BT-v3,10007,1,0.0,0,0,1,gun_kill,33.6491871259718,16.353055507732673,32.69828637487065,1.7003965234393554,74.38674820372174,0.03965498380471183,0.05282912733929103,0.0,5451.658662058807
RL-b3000000-a1.00,rl,0.0,-1,,-1,BT-v3,10008,0,0.5,0,1,0,timeout,114.5059207859699,32.33259023659668,1.9705731473615207,5.346865366400598,82.30481330027621,0.04233195456070718,0.062413773869006595,0.0,3619.530190738278
RL-b3000000-a1.00,rl,0.0,-1,,-1,BT-v3,10008,1,1.0,1,0,0,gun_kill,83.23311186628192,20.37149556788259,97.94650422148162,0.4110611723030635,75.15664500397861,0.04575209383026752,0.0379671180063482,0.0,3633.2319197145207
RL-b3000000-a1.00,rl,0.0,-1,,-1,BT-v3,10009,0,0.0,0,0,1,gun_kill,89.57960838034946,15.54847106510664,75.17827541523086,2.612987515070433,77.33908952487837,0.03230880579591695,0.027611842872762096,0.0,4110.407354241492
RL-b3000000-a1.00,rl,0.0,-1,,-1,BT-v3,10009,1,1.0,1,0,0,gun_kill,52.075646135845574,2.505164336827559,69.10554359615014,2.339022866052839,78.20980655387449,0.05711802963337036,0.04879998118106273,0.0,3512.7794746116383
RL-b3000000-a1.00,rl,0.0,-1,,-1,BT-v3,10010,0,0.5,0,1,0,timeout,45.33442430166651,77.67327334248489,76.36923261107846,5.9361272988548475,97.81705313943633,0.02610067493599212,0.04726670086241293,0.0,4457.746278644152
RL-b3000000-a1.00,rl,0.0,-1,,-1,BT-v3,10010,1,1.0,1,0,0,gun_kill,73.65890086079662,31.530332177842446,23.51052757888652,1.6783082134825955,33.53585203525235,0.04046368199864514,0.029652069487742468,0.0,4657.175655465597
RL-b3000000-a1.00,rl,0.0,-1,,-1,BT-v3,10011,0,1.0,1,0,0,gun_kill,103.38998258212503,79.29632030389537,95.01243863521817,5.952680935533165,114.52412978095725,0.032839684862307816,0.06480872723925524,0.0,3091.8429936135444
RL-b3000000-a1.00,rl,0.0,-1,,-1,BT-v3,10011,1,1.0,1,0,0,gun_kill,30.80465177402696,97.69019143288637,90.42026169410798,0.6342819483909707,91.41243451559515,0.07833467081124895,0.040605247496333895,0.0,4558.63260765839
RL-b3000000-a1.00,rl,0.0,-1,,-1,BT-v3,10012,0,0.5,0,1,0,timeout,86.6724256767047,17.607707003779282,60.01664033535554,7.529149319517896,35.047041071517015,0.06349015562165956,0.03237124726454754,0.0,3005.0510038641414
RL-b3000000-a1.00,rl,0.0,-1,,-1,BT-v3,10012,1,0.5,0,1,0,timeout,93.94945516856407,14.031380833972184,53.20972979571318,2.1506253068693084,55.42864695212302,0.045802051031695046,0.06526882437448983,0.0,4644.824563650212
RL-b3000000-a1.00,rl,0.0,-1,,-1,BT-v3,10013,0,1.0,1,0,0,gun_kill,95.51067943742996,49.26588742048135,84.28080228217648,3.1943243381934625,115.30811759440921,0.045324861275106966,0.04240153566318686,0.0,3119.3209365415937
RL-b3000000-a1.00,rl,0.0,-1,,-1,BT-v3,10013,1,0.0,0,0,1,gun_kill,84.56405592062535,69.47026130357415,52.48913215268879,5.637292433534869,53.866456414993046,0.05843147278692917,0.06747072734644177,0.0,4918.534694683727
RL-b3000000-a1.00,rl,0.0,-1,,-1,BT-v3,10014,0,0.5,0,1,0,timeout,45.02819839950977,6.705077382536551,37.33044991562255,4.693197920904604,81.37673671825375,0.028416747571480667,0.02437361564649052,0.0,4123.5027649847825
RL-b3000000-a1.00,rl,0.0,-1,,-1,BT-v3,10014,1,1.0,1,0,0,gun_kill,82.44883341226937,51.31043455323844,39.72574554813604,4.681985438683594,103.60454286086156,0.06304665440115488,0.04370072454356947,0.0,5289.196472827725
RL-b3000000-a1.00,rl,0.0,-1,,-1,BT-v3,10015,0,0.0,0,0,1,gun_kill,93.63812827514302,61.21126402676565,63.02485186262761,6.079510403763365,83.16643164021525,0.0564422476701428,0.03802735559260587,0.0,3469.5323625769843
RL-b3000000-a1.00,rl,0.0,-1,,-1,BT-v3,10015,1,1.0,1,0,0,gun_kill,68.40317529983314,87.19504619363302,60.645921487032005,0.2089578911131742,108.56487888156855,0.029338457496151108,0.052599226906301075,0.0,4575.17669731467
RL-b3000000-a1.00,rl,0.0,-1,,-1,BT-v3,10016,0,1.0,1,0,0,gun_kill,30.08599933465847,51.92933223083052,62.53348019752421,0.3177512619255811,100.14370228848344,0.05798609359931346,0.05218404439462107,0.0,4751.928971232626
RL-b3000000-a1.00,rl,0.0,-1,,-1,BT-v3,10016,1,1.0,1,0,0,gun_kill,94.16113985663134,79.57147774547072,4.408819922768082,3.4764122988870545,113.7871505863891,0.02809980473038304,0.06367029371623355,0.0,4425.0724600496005
RL-b3000000-a1.00,rl,0.0,-1,,-1,BT-v3,10017,0,0.0,0,0,1,gun_kill,95.70415324270967,88.04624353722524,67.99775157079803,0.5085059758502997,52.79920608175542,0.054975337968955665,0.020906977694637133,0.0,5104.5754361171985
RL-b3000000-a1.00,rl,0.0,-1,,-1,BT-v3,10017,1,0.0,0,0,1,gun_kill,115.70591753514843,21.985147043905705,99.31549279417591,0.7775636001632762,80.95972425916914,0.032256801817944755,0.06946367696617117,0.0,4448.285922279716
RL-b3000000-a1.00,rl,0.0,-1,,-1,BT-v3,10018,0,1.0,1,0,0,gun_kill,91.44419702235086,0.6607812808212432,51.17870798115206,4.2124673719309484,114.42841234017374,0.027348909694338137,0.027462517941289243,0.0,3380.8563818162534
RL-b3000000-a1.00,rl,0.0,-1,,-1,BT-v3,10018,1,1.0,1,0,0,gun_kill,105.4742304755462,11.677347385142333,6.042840616509149,7.569739088274626,118.80794562579611,0.06630711472944584,0.04203926666083179,0.0,4105.70648623621
RL-b3000000-a1.00,rl,0.0,-1,,-1,BT-v3,10019,0,1.0,1,0,0,gun_kill,80.95624830477631,41.53280367865166,16.334704348844554,2.5297283319388706,30.7467530912897,0.02324365787396142,0.04707904343288017,0.0,5991.044597279805
RL-b3000000-a1.00,rl,0.0,-1,,-1,BT-v3,10019,1,1.0,1,0,0,gun_kill,61.72433444089532,72.26435523847101,20.865546284179302,0.2419381035915471,44.407653580680126,0.0035511501618040522,0.04635286971009385,0.0,5407.437097583032
RL-b3000000-a1.00,rl,0.0,-1,,-1,BT-v3,10020,0,0.5,0,1,0,timeout,65.15926682369292,19.836404727526467,95.63485599461833,1.8662784598720359,115.27120488992391,0.04010111085974131,0.05511770631070657,0.0,5871.4843624887735
RL-b3000000-a1.00,rl,0.0,-1,,-1,BT-v3,10020,1,1.0,1,0,0,gun_kill,59.60294859905741,69.77794950285833,60.18181307016677,6.899294772524017,41.34507607455724,0.04403662152292389,0.053276398028760635,0.0,4167.691018986338
RL-b3000000-a1.00,rl,0.0,-1,,-1,BT-v3,10021,0,0.0,0,0,1,gun_kill,31.510170026765866,51.91112478626667,72.4190317022294,0.3970421354348366,63.533527805503134,0.046189505990376245,0.04363277993456251,0.0,4049.217385249674
RL-b3000000-a1.00,rl,0.0,-1,,-1,BT-v3,10021,1,1.0,1,0,0,gun_kill,50.47384458287448,98.61934972992967,0.4244816231153803,1.1420266073142482,119.5560477960623,0.019834188348473274,0.03867194912182136,0.0,5880.770411198613
RL-b3000000-a1.00,rl,0.0,-1,,-1,BT-v3,10022,0,0.5,0,1,0,timeout,46.63955397365828,16.183753944822122,40.82194159630167,7.895790731828473,106.14611333141701,0.04388836095600471,0.03208919348000175,0.0,4401.957682070975
RL-b3000000-a1.00,rl,0.0,-1,,-1,BT-v3,10022,1,0.0,0,0,1,gun_kill,85.09033028878326,81.8849799872545,90.41585653568694,4.008947131062585,72.3389611365705,0.05725578584596943,0.05481025033450567,0.0,3767.920322212412
RL-b3000000-a1.00,rl,0.0,-1,,-1,BT-v3,10023,0,0.0,0,0,1,gun_kill,48.24818774507938,0.7480111464587713,18.930425562244835,0.5679061546616646,86.59238652556476,0.06555626809239155,0.058386393674574905,0.0,3400.770563093546
RL-b3000000-a1.00,rl,0.0,-1,,-1,BT-v3,10023,1,0.0,0,0,1,gun_kill,105.05217302460734,23.71534424891758,43.122078118882634,6.820047579684339,84.34065266367705,0.0594817723102062,0.06753120260307847,0.0,3323.867890804941
RL-b3000000-a1.00,rl,0.0,-1,,-1,BT-v3,10024,0,0.0,0,0,1,gun_kill,51.12679709616745,14.54570861067671,43.0247186184894,2.0912807808339124,60.041506471406365,0.030412166146176804,0.08007541060636246,0.0,5683.942924576739
RL-b3000000-a1.00,rl,0.0,-1,,-1,BT-v3,10024,1,0.5,0,1,0,timeout,91.40227436764371,79.28265556609551,88.2559528160289,7.819700819004318,88.05970882230923,0.04775292435681397,0.0411035582156607,0.0,3807.7485638292146
RL-b3000000-a1.00,rl,0.0,-1,,-1,BT-v3,10025,0,0.0,0,0,1,gun_kill,48.611762887700664,38.36723973602999,48.79733294551869,4.51408180614225,56.27981618999769,0.05599487070888617,0.06643322188834772,0.0,5539.248738152232
RL-b3000000-a1.00,rl,0.0,-1,,-1,BT-v3,10025,1,0.0,0,0,1,gun_kill,82.57837066649165,80.99004256551082,51.32963222880509,0.7035793217653419,113.55814220374343,0.024012343215801854,0.05141668857536241,0.0,5858.807902059158
RL-b3000000-a1.00,rl,0.0,-1,,-1,BT-v3,10026,0,0.5,0,1,0,timeout,83.97129449072838,23.119177902440512,39.35723541008939,4.155816366457393,39.11076920996905,0.013933027804780087,0.02575229205849975,0.0,3809.481727213044
RL-b3000000-a1.00,rl,0.0,-1,,-1,BT-v3,10026,1,1.0,1,0,0,gun_kill,32.1638030679848,46.408339190026624,69.9713154627622,6.931791776544995,96.31693948217652,0.06242967894227984,0.03049849029231287,0.0,5965.196866954126
RL-b3000000-a1.00,rl,0.0,-1,,-1,BT-v3,10027,0,0.0,0,0,1,gun_kill,41.00500220675992,37.01264547724066,40.22181353753743,6.307159183868444,50.758713888886575,0.027585603943377963,0.06026348398457693,0.0,4892.6904604831725
RL-b3000000-a1.00,rl,0.0,-1,,-1,BT-v3,10027,1,0.0,0,0,1,gun_kill,82.66728768176728,91.05449933756108,97.30491211735969,4.391803835923094,61.38226142240299,0.05770748700027241,0.04018286653825644,0.0,5947.6624870749765
RL-b3000000-a1.00,rl,0.0,-1,,-1,BT-v3,10028,0,0.5,0,1,0,timeout,116.24191502924012,68.98072160256629,74.81659404557101,5.381160695091251,59.96126045832291,0.054047317614387066,0.04273338290573309,0.0,3130.9115610259305
RL-b3000000-a1.00,rl,0.0,-1,,-1,BT-v3,10028,1,0.0,0,0,1,gun_kill,76.03337078045976,33.75077074893503,20.74746833218858,4.517586522999622,67.74681114419008,0.040811610138577724,0.049238936498944674,0.0,3298.414418361637
RL-b3000000-a1.00,rl,0.0,-1,,-1,BT-v3,10029,0,1.0,1,0,0,gun_kill,62.68654118185585,1.0848547806914022,55.5619230965815,0.2623632316864244,69.31982542517187,0.03684700236200154,0.021021841370448255,0.0,4228.060550236487
RL-b3000000-a1.00,rl,0.0,-1,,-1,BT-v3,10029,1,0.5,0,1,0,timeout,31.07026777736131,27.02385651977043,99.09714633341812,5.487814171288249,80.3038716978932,0.04347855017155253,0.04531208671965774,0.0,3553.5570869913863
RL-b3000000-a1.00,rl,0.0,-1,,-1,BT-v3,10030,0,1.0,1,0,0,gun_kill,86.49049556076397,87.3085095229268,54.611380353144625,4.9729354500151315,47.62013348320447,0.0653957611019501,0.07614370337458909,0.0,3615.9605045353833
RL-b3000000-a1.00,rl,0.0,-1,,-1,BT-v3,10030,1,0.5,0,1,0,timeout,104.28713780664872,72.02950305397742,62.30858868332072,7.800037208324391,112.36271332052534,0.01676121541929961,0.047073555248925404,0.0,5066.990578839104
RL-b3000000-a1.00,rl,0.0,-1,,-1,BT-v3,10031,0,1.0,1,0,0,gun_kill,91.68157831529845,22.757223017202577,91.10970677210294,0.7793829853343661,61.75300035558857,0.06477533651158107,0.05224125727328214,0.0,3846.1735745151077
RL-b3000000-a1.00,rl,0.0,-1,,-1,BT-v3,10031,1,0.0,0,0,1,gun_kill,101.5101612637716,88.82870999526153,23.951170721618176,1.3010315268362262,88.14368423229607,0.024161328741926495,0.05922082574094885,0.0,4730.06450475183
RL-b3000000-a1.00,rl,0.0,-1,,-1,BT-v3,10032,0,1.0,1,0,0,gun_kill,79.37107168139201,75.08988899049176,34.17856812689698,5.5566944052966685,94.21917602028489,0.060612097977087845,0.048499962604678294,0.0,3888.371799896927
RL-b3000000-a1.00,rl,0.0,-1,,-1,BT-v3,10032,1,0.5,0,1,0,timeout,89.02513638733231,63.255744232725505,71.40650492144864,7.656331525600548,71.54753194255045,0.055303456078660086,0.042725573567586245,0.0,5473.582528126643
RL-b3000000-a1.00,rl,0.0,-1,,-1,BT-v3,10033,0,1.0,1,0,0,gun_kill,97.72976771650316,67.62808500990172,4.853159795144146,0.8156132372610854,56.77360445542571,0.03870671674299358,0.042339401064914205,0.0,5196.439165464701
RL-b3000000-a1.00,rl,0.0,-1,,-1,BT-v3,10033,1,0.0,0,0,1,gun_kill,42.83602953505233,37.16019838090996,99.46982850771327,0.6466622148276953,107.20515714340911,0.0862148619075932,0.04353624717792501,0.0,4131.591326735725
RL-b3000000-a1.00,rl,0.0,-1,,-1,BT-v3,10034,0,1.0,1,0,0,gun_kill,77.94692571519126,68.48677130364797,65.50085155497774,3.792938015943376,70.62301382110113,0.0322494180519039,0.04608091652285092,0.0,5912.614776999284
RL-b3000000-a1.00,rl,0.0,-1,,-1,BT-v3,10034,1,1.0,1,0,0,gun_kill,87.58190374348004,45.58811620122169,92.89271594363538,7.39998111876038,87.00680557659305,0.0367260840870503,0.022364886994364883,0.0,5123.875584807048
RL-b3000000-a1.00,rl,0.0,-1,,-1,BT-v3,10035,0,1.0,1,0,0,gun_kill,45.405595439538665,54.52858762893796,38.920792617810264,0.48802850487281546,47.33123686417262,0.041971799281812855,0.03557663060072519,0.0,4077.9271269826763
RL-b3000000-a1.00,rl,0.0,-1,,-1,BT-v3,10035,1,0.5,0,1,0,timeout,57.50317557400888,91.89838697166805,50.7135715142182,1.4754151547194354,33.213858437167396,0.027679832325371072,0.03324341593566121,0.0,5014.446296103071
RL-b3000000-a1.00,rl,0.0,-1,,-1,BT-v3,10036,0,1.0,1,0,0,gun_kill,96.20602314120126,32.41803352312927,81.15710253267349,3.072451169475425,63.32319703135684,0.03913439654721931,0.05798812330167116,0.0,4385.4356105610605
RL-b3000000-a1.00,rl,0.0,-1,,-1,BT-v3,10036,1,1.0,1,0,0,gun_kill,105.91678103107444,25.74803173933261,78.44715504523212,2.3097116350256908,103.03849541094662,0.03143447410615474,0.017704872955976603,0.0,4556.6483609635825
RL-b3000000-a1.00,rl,0.0,-1,,-1,BT-v3,10037,0,1.0,1,0,0,gun_kill,79.39744058736227,66.1523879240441,53.66463886348192,5.412700813725099,36.19432064060618,0.03807265163552931,0.05719737043308249,0.0,4916.1496042472445
RL-b3000000-a1.00,rl,0.0,-1,,-1,BT-v3,10037,1,0.0,0,0,1,gun_kill,80.29425661287776,35.88427895491076,80.78524252150336,4.413698655849098,78.22684188349012,0.041736457288874144,0.0410402037466544,0.0,4377.414114683837
RL-b3000000-a1.00,rl,0.0,-1,,-1,BT-v3,10038,0,1.0,1,0,0,gun_kill,91.44851616559988,19.59674916892705,17.298278862127248,7.591579163582879,76.49402299005314,0.04301566173059497,0.06241329039938731,0.0,3995.1403673859336
RL-b3000000-a1.00,rl,0.0,-1,,-1,BT-v3,10038,1,0.5,0,1,0,timeout,65.9296272700479,72.94862991122135,27.78105845918074,4.602517796109061,110.36053270092182,0.05675052137969173,0.003966929763546415,0.0,3228.8900980173244
RL-b3000000-a1.00,rl,0.0,-1,,-1,BT-v3,10039,0,0.0,0,0,1,gun_kill,112.52723270799488,99.2076346626694,6.894532223868066,5.639560695743121,115.62524863843605,0.062438344891432955,0.03721262700382105,0.0,5132.098142953177
RL-b3000000-a1.00,rl,0.0,-1,,-1,BT-v3,10039,1,0.0,0,0,1,gun_kill,58.430912632172046,10.746545825195508,68.00858438661699,0.6081078578937769,58.48151196805839,0.05056336200326669,0.08155851647506784,0.0,5813.73069522671
RL-b3000000-a1.00,rl,0.0,-1,,-1,BT-v3,10040,0,0.5,0,1,0,timeout,105.13649554618522,80.37864260433014,76.39600610647463,1.9340529020322599,113.07584356868878,0.06524160699549669,0.057169738005120485,0.0,5713.508122751357
RL-b3000000-a1.00,rl,0.0,-1,,-1,BT-v3,10040,1,0.5,0,1,0,timeout,56.94667274271905,49.969107487582434,11.314014686672891,7.679702160331562,34.52649526819183,0.01325408807780925,0.0419378775715763,0.0,5366.766217320874
RL-b3000000-a1.00,rl,0.0,-1,,-1,BT-v3,10041,0,1.0,1,0,0,gun_kill,35.723983084815856,77.86607462641015,32.21939076019468,1.4391167387586208,58.902093289842036,0.053828012956738586,0.033212529185618914,0.0,3114.61439712227
RL-b3000000-a1.00,rl,0.0,-1,,-1,BT-v3,10041,1,0.5,0,1,0,timeout,32.8548389106307,90.43690074651145,50.52967576535695,7.35611359043891,99.50203968574836,0.054331480329045716,0.056471508729633677,0.0,5030.769811475996
RL-b3000000-a1.00,rl,0.0,-1,,-1,BT-v3,10042,0,1.0,1,0,0,gun_kill,99.58131731798713,92.59891961370398,54.02933243853073,1.293302102852186,97.72281682992988,0.0560514344590029,0.05777684099517444,0.0,3610.99715479387
RL-b3000000-a1.00,rl,0.0,-1,,-1,BT-v3,10042,1,1.0,1,0,0,gun_kill,98.75037354329575,54.33039251167829,89.61089942527862,1.8095834950530998,82.25818316454216,0.02609545728660469,0.04044836041702897,0.0,4150.943295873763
RL-b3000000-a1.00,rl,0.0,-1,,-1,BT-v3,10043,0,1.0,1,0,0,gun_kill,42.07587139481615,92.47764930376354,80.09732144628244,5.970093753617649,97.91896077506433,0.05116467718335283,0.0477625326721971,0.0,3663.791536424168
RL-b3000000-a1.00,rl,0.0,-1,,-1,BT-v3,10043,1,1.0,1,0,0,gun_kill,96.07076125728385,69.00338824002266,3.355915191775549,5.380968357026035,81.04112718613959,0.0670366704922235,0.0399349851609964,0.0,3418.6917819436944
RL-b3000000-a1.00,rl,0.0,-1,,-1,BT-v3,10044,0,1.0,1,0,0,gun_kill,79.1368819979271,28.624413932452775,79.01993259754312,2.0343749352373486,115.73115504016656,0.04412601467621974,0.06798107134565991,0.0,4288.024466403567
RL-b3000000-a1.00,rl,0.0,-1,,-1,BT-v3,10044,1,1.0,1,0,0,gun_kill,90.62124029927425,67.66402404559108,25.035145054496223,6.45172616093214,83.1864857055368,0.05182104828467345,0.06206332646502162,0.0,3816.391528115701
RL-b3000000-a1.00,rl,0.0,-1,,-1,BT-v3,10045,0,0.0,0,0,1,gun_kill,80.45218655528816,73.6910516543632,47.08650102984233,7.2316226273106725,77.37571587576845,0.035850479933683725,0.052289945378807705,0.0,4109.751335461359
RL-b3000000-a1.00,rl,0.0,-1,,-1,BT-v3,10045,1,1.0,1,0,0,gun_kill,110.55904443586346,49.83074284733794,57.29369881309119,4.472043451927847,104.12158798593674,0.07575585858883312,0.057241376156155176,0.0,3983.5715639185605
RL-b3000000-a1.00,rl,0.0,-1,,-1,BT-v3,10046,0,1.0,1,0,0,gun_kill,68.74298951410093,97.36463000951589,17.280660890430923,1.4434926607288467,93.75653548879171,0.059316335452008165,0.0629348610478562,0.0,3744.8971190556354
RL-b3000000-a1.00,rl,0.0,-1,,-1,BT-v3,10046,1,1.0,1,0,0,gun_kill,98.49691016223284,59.15831811448764,29.48829711383716,5.034895493826374,94.57378725106612,0.04752782602519596,0.056174809495914614,0.0,3157.8942641108542
RL-b3000000-a1.00,rl,0.0,-1,,-1,BT-v3,10047,0,1.0,1,0,0,gun_kill,33.30773114591058,58.84126265666537,30.242899117579913,1.880553583244243,86.14367225496315,0.047996324716029305,0.03389144760290309,0.0,5504.12623877332
RL-b3000000-a1.00,rl,0.0,-1,,-1,BT-v3,10047,1,1.0,1,0,0,gun_kill,39.459951719615816,61.09614323900916,62.14189999661418,3.5325881052581583,31.89702130113009,0.04689977987775388,0.05299010699141495,0.0,4006.102468538732
RL-b3000000-a1.00,rl,0.0,-1,,-1,BT-v3,10048,0,1.0,1,0,0,gun_kill,101.62914304603716,83.3921540177292,64.15148902631049,4.318425309744057,58.3882661191797,0.026169735980369806,0.03598212957183273,0.0,5093.028939894179
RL-b3000000-a1.00,rl,0.0,-1,,-1,BT-v3,10048,1,0.0,0,0,1,gun_kill,53.98131586120865,72.6370851848081,42.771031658451165,1.187381583161244,108.11581511498125,0.031350753285469726,0.03909584368041926,0.0,4107.821167962251
RL-b3000000-a1.00,rl,0.0,-1,,-1,BT-v3,10049,0,1.0,1,0,0,gun_kill,31.042795486610334,87.30771193653536,38.000793502001294,6.989600316749241,113.43639798919665,0.06467670424676322,0.061479054364007815,0.0,4618.127583261707
RL-b3000000-a1.00,rl,0.0,-1,,-1,BT-v3,10049,1,1.0,1,0,0,gun_kill,37.807367949489716,51.80421952320432,98.8527728013383,6.019169254724903,96.25494878034596,0.04481965439332205,0.038089887431297056,0.0,4583.714390770288
RL-b3000000-a1.00,rl,0.0,-1,,-1,BT-v3,10050,0,0.0,0,0,1,gun_kill,45.114805650589545,66.01155457004838,13.240081989755403,7.6285753345052525,75.39918067115296,0.06984734296929343,0.06771166290028333,0.0,5901.423934161541
RL-b3000000-a1.00,rl,0.0,-1,,-1,BT-v3,10050,1,0.5,0,1,0,timeout,85.53539913785923,61.05960287047505,55.944999652899305,6.530411928788211,42.53501080228608,0.07742284541567371,0.04918617926568119,0.0,4333.344107983477
RL-b3000000-a1.00,rl,0.0,-1,,-1,BT-v3,10051,0,1.0,1,0,0,gun_kill,64.05527304641315,16.59660101118403,60.997815391510535,4.220688152701804,69.39604897947481,0.037296802757853034,0.0455481217645184,0.0,3623.6818879790844
RL-b3000000-a1.00,rl,0.0,-1,,-1,BT-v3,10051,1,0.0,0,0,1,gun_kill,68.2460313021199,20.855223738534978,55.24179257266528,7.066637529973807,111.03286765192397,0.04088017674761001,0.06001924245458082,0.0,3478.0542473563364
RL-b3000000-a1.00,rl,0.0,-1,,-1,BT-v3,10052,0,1.0,1,0,0,gun_kill,42.47144889143463,40.22250966500137,74.54171183315543,5.136659192976691,104.22782946245981,0.035345973393756905,0.025963733404266137,0.0,4966.270192083359
RL-b3000000-a1.00,rl,0.0,-1,,-1,BT-v3,10052,1,0.5,0,1,0,timeout,32.14199095630457,3.912218531481104,25.15828430355389,3.121537511442953,105.04691431884258,0.05428401319516145,0.04410485572766174,0.0,4622.686473590107
RL-b3000000-a1.00,rl,0.0,-1,,-1,BT-v3,10053,0,1.0,1,0,0,gun_kill,98.11010866363648,68.35145364033497,68.93187964290279,3.334404701664363,119.20943742482147,0.046685693187811586,0.027747047829684533,0.0,4414.338987296381
RL-b3000000-a1.00,rl,0.0,-1,,-1,BT-v3,10053,1,0.5,0,1,0,timeout,47.88278649685233,69.67423313991233,88.77531912280648,7.691015949671931,76.69185191643784,0.037263866836138,0.03738718809644022,0.0,3080.261524404626
RL-b3000000-a1.00,rl,0.0,-1,,-1,BT-v3,10054,0,0.0,0,0,1,gun_kill,35.42795392202147,98.89493485678939,28.692186634529705,4.937672531291061,51.601009004039454,0.04814993443160435,0.05160339247375312,0.0,4690.419864030515
RL-b3000000-a1.00,rl,0.0,-1,,-1,BT-v3,10054,1,1.0,1,0,0,gun_kill,30.367776380113256,35.279826492007935,31.705253132378775,6.895004406972043,91.1145772194148,0.047736347748747646,0.028639442268193985,0.0,4213.6842111030855
RL-b3000000-a1.00,rl,0.0,-1,,-1,BT-v3,10055,0,1.0,1,0,0,gun_kill,61.45025585274318,82.22095704488072,8.534225532703088,6.793139782904851,65.38744269892169,0.03948468801159272,0.03589612969053225,0.0,3930.1967575617955
RL-b3000000-a1.00,rl,0.0,-1,,-1,BT-v3,10055,1,0.5,0,1,0,timeout,88.66369017976695,27.21804221764128,60.4011870668689,3.733486633265893,39.18050367417958,0.044757933291229915,0.058495209180595614,0.0,3468.442957844786
RL-b3000000-a1.00,rl,0.0,-1,,-1,BT-v3,10056,0,0.0,0,0,1,gun_kill,61.36524793869587,94.48198568375327,29.467549380748093,2.2884916675028064,68.44728099228843,0.046923325263949975,0.027613559783109674,0.0,5032.277834131954
RL-b3000000-a1.00,rl,0.0,-1,,-1,BT-v3,10056,1,1.0,1,0,0,gun_kill,88.65437193258285,33.38145739727067,77.88942312050371,2.089366448314342,116.52657848930197,0.0412616146887297,0.05830190753060221,0.0,4967.393155051347
RL-b3000000-a1.00,rl,0.0,-1,,-1,BT-v3,10057,0,0.5,0,1,0,timeout,79.37114298793011,80.12160464723165,74.76904150445431,6.727054433570427,74.79087054856845,0.02905049503962529,0.04216933082238098,0.0,4269.187149354865
RL-b3000000-a1.00,rl,0.0,-1,,-1,BT-v3,10057,1,0.5,0,1,0,timeout,57.826526480444116,29.775594179551145,31.95548665794783,3.688911598360874,56.10280114974137,0.041212401817473925,0.04801884375539463,0.0,3265.439974132236
RL-b3000000-a1.00,rl,0.0,-1,,-1,BT-v3,10058,0,0.0,0,0,1,gun_kill,65.22744947507135,1.179214668687456,98.9976728050093,2.9459243092327574,78.8816841837025,0.030392865170222792,0.041264127249799575,0.0,3280.8253778754056
RL-b3000000-a1.00,rl,0.0,-1,,-1,BT-v3,10058,1,1.0,1,0,0,gun_kill,96.26703932716786,92.71813449935611,36.99101589278825,6.96147291657639,54.87777227792985,0.05283812097046495,0.04960134721329338,0.0,3272.5370163603834
RL-b3000000-a1.00,rl,0.0,-1,,-1,BT-v3,10059,0,1.0,1,0,0,gun_kill,107.59502582252975,71.44887601642125,39.756735616034554,7.735479874334031,46.339575413059734,0.04441956839961682,0.07655081910605913,0.0,5810.4088375599795
RL-b3000000-a1.00,rl,0.0,-1,,-1,BT-v3,10059,1,0.0,0,0,1,gun_kill,105.26210312689079,93.0963971028507,91.97841657209267,2.802381660444481,80.24762807633867,0.057220679529674315,0.04932094091834976,0.0,4076.122328672096
RL-b3000000-a1.00,rl,0.0,-1,,-1,BT-v3,10060,0,0.0,0,0,1,gun_kill,81.35391626321886,66.27939992173471,43.465035812979856,3.0703751634788867,48.40848748786651,0.05440330649035306,0.055624103490454574,0.0,4110.478666326388
RL-b3000000-a1.00,rl,0.0,-1,,-1,BT-v3,10060,1,1.0,1,0,0,gun_kill,67.81551410114704,62.31096465757568,61.02630258699925,6.227027929087603,53.85572885660069,0.05321054093232037,0.06075756873340585,0.0,3066.558953989386
RL-b3000000-a1.00,rl,0.0,-1,,-1,BT-v3,10061,0,0.0,0,0,1,gun_kill,103.45478486983093,73.8060286137505,0.6153370541429171,3.1915725562897617,115.35386539734316,0.06186183303024069,0.025463193722535662,0.0,3300.547420743335
RL-b3000000-a1.00,rl,0.0,-1,,-1,BT-v3,10061,1,1.0,1,0,0,gun_kill,80.69053137975418,65.73056092717218,69.91823873071357,1.5257622544724319,38.613720675414015,0.04155984777506305,0.05759137239691112,0.0,4262.005543689719
RL-b3000000-a1.00,rl,0.0,-1,,-1,BT-v3,10062,0,0.5,0,1,0,timeout,38.33124213966792,19.396507453513014,21.50925316475769,3.490365655450459,68.53365480923414,0.05668986696270367,0.03934386346185024,0.0,3361.3218926743175
RL-b3000000-a1.00,rl,0.0,-1,,-1,BT-v3,10062,1,0.5,0,1,0,timeout,51.194368700675696,16.34039616543246,83.89929722464205,1.6268330435268492,99.59231769222366,0.04677728355948664,0.04775980641847703,0.0,3212.480025635991
RL-b3000000-a1.00,rl,0.0,-1,,-1,BT-v3,10063,0,0.5,0,1,0,timeout,88.41949143415742,45.78250243802104,94.88199979793082,2.957638687143427,106.90457376707126,0.0436709390356646,0.019323020354449456,0.0,3672.1487773270064
RL-b3000000-a1.00,rl,0.0,-1,,-1,BT-v3,10063,1,0.0,0,0,1,gun_kill,48.44925075248285,57.217460978039746,45.66268923653672,5.374248875311003,84.82663144331319,0.08836615742410117,0.043750246045736435,0.0,5610.251262957024
RL-b3000000-a1.00,rl,0.0,-1,,-1,BT-v3,10064,0,0.0,0,0,1,gun_kill,59.24497726102492,12.868579516680434,53.34097029841007,5.6803954235042795,53.53777566666395,0.0500941910811901,0.0439731145549715,0.0,4019.4350611977843
RL-b3000000-a1.00,rl,0.0,-1,,-1,BT-v3,10064,1,0.0,0,0,1,gun_kill,46.40669886545332,37.4171228156419,19.07210860897546,7.945000060904239,43.53904771306327,0.06993621312033058,0.034352102151824895,0.0,4003.9307179489447
RL-b3000000-a1.00,rl,0.0,-1,,-1,BT-v3,10065,0,1.0,1,0,0,gun_kill,48.61152267345453,45.66368294225587,89.44696100443333,1.9269762401830803,30.531070990772843,0.02543087443201969,0.052909036253184306,0.0,4274.345402817937
RL-b3000000-a1.00,rl,0.0,-1,,-1,BT-v3,10065,1,1.0,1,0,0,gun_kill,96.13055748369143,5.5027354497865115,94.65020735463459,0.9868746882905777,39.09523872346285,0.04734253973637184,0.04217388536652191,0.0,5291.06132085896
RL-b3000000-a1.00,rl,0.0,-1,,-1,BT-v3,10066,0,0.0,0,0,1,gun_kill,52.17624260288726,81.02491949898848,41.35198747068986,7.097271131989145,51.64870478099049,0.050359578596626445,0.07661272482731205,0.0,5254.420850351054
RL-b3000000-a1.00,rl,0.0,-1,,-1,BT-v3,10066,1,0.0,0,0,1,gun_kill,83.30659973042701,69.9982727134873,63.44282479622816,4.152405828783751,31.553436736375676,0.03451509119782359,0.046172241186793715,0.0,3332.0677929139674
RL-b3000000-a1.00,rl,0.0,-1,,-1,BT-v3,10067,0,0.5,0,1,0,timeout,69.49158798271358,66.60775326149327,78.21212489733783,6.376802545157894,105.89110752332287,0.031438000744799056,0.05409442992398139,0.0,5280.774382208107
RL-b3000000-a1.00,rl,0.0,-1,,-1,BT-v3,10067,1,0.0,0,0,1,gun_kill,91.58672023461864,45.32700647502581,92.28960826976052,5.999275318096765,92.02730673575837,0.03637786576224698,0.05301388924184801,0.0,3919.1892111162065
RL-b3000000-a1.00,rl,0.0,-1,,-1,BT-v3,10068,0,0.0,0,0,1,gun_kill,113.92405676884991,6.418486780378063,66.72384265868313,4.565302299014091,114.40155724795879,0.027964479256176428,0.0404131769569555,0.0,5537.893786503872
RL-b3000000-a1.00,rl,0.0,-1,,-1,BT-v3,10068,1,0.5,0,1,0,timeout,32.56211973162745,56.42379824853941,99.43135629536191,1.172109756942885,98.45478771139355,0.02789141024282677,0.03381595042858464,0.0,3320.6016252920394
RL-b3000000-a1.00,rl,0.0,-1,,-1,BT-v3,10069,0,0.5,0,1,0,timeout,70.08106065883146,32.497973830223195,96.27273407974344,4.0707925695356195,43.574794485865276,0.04165090081643344,0.043092421323091115,0.0,5112.932451812643
RL-b3000000-a1.00,rl,0.0,-1,,-1,BT-v3,10069,1,1.0,1,0,0,gun_kill,75.44519919286554,97.03394513002385,26.167255852655725,4.905655646596143,118.98561103832381,0.026166325197346196,0.04662151281525735,0.0,5684.6500140112275
RL-b3000000-a1.00,rl,0.0,-1,,-1,BT-v3,10070,0,0.5,0,1,0,timeout,80.49156225749903,61.46964988001885,42.033907990378594,7.032786959865853,39.594916738195906,0.048868426508035155,0.04200518927628773,0.0,4895.5640530331875
RL-b3000000-a1.00,rl,0.0,-1,,-1,BT-v3,10070,1,0.5,0,1,0,timeout,74.86601541554003,79.28553828535249,10.765650017152439,5.060809281551121,100.83838590368087,0.027268046167063822,0.029170115876301386,0.0,5099.77315725643
RL-b3000000-a1.00,rl,0.0,-1,,-1,BT-v3,10071,0,1.0,1,0,0,gun_kill,103.37034011962689,20.322237388780728,26.2888475852742,1.2019169703909416,41.73921254135247,0.03909695908164118,0.06397849025265223,0.0,5491.205228158198
RL-b3000000-a1.00,rl,0.0,-1,,-1,BT-v3,10071,1,0.0,0,0,1,gun_kill,112.90029411564392,81.48214258991999,29.132633054043154,3.8631768216625977,42.377135980305226,0.05893935331279822,0.05215223976793864,0.0,4401.307369436207
RL-b3000000-a1.00,rl,0.0,-1,,-1,BT-v3,10072,0,0.0,0,0,1,gun_kill,53.741203588616415,52.78061881041265,79.93697239808654,0.09816779025325317,65.9303084195725,0.037308881043908164,0.052677004165827476,0.0,3618.088997616914
RL-b3000000-a1.00,rl,0.0,-1,,-1,BT-v3,10072,1,0.5,0,1,0,timeout,96.46042010909181,98.4191751886948,51.74886450270046,1.3823414432261547,45.976340517996164,0.03540944421457064,0.032304160659404196,0.0,3977.576143972012
RL-b3000000-a1.00,rl,0.0,-1,,-1,BT-v3,10073,0,1.0,1,0,0,gun_kill,41.87722425886258,54.20974338558898,51.629856206593296,1.1376417899271782,88.88455942504665,0.04962557348549984,0.0326719632974662,0.0,4336.76533196253
RL-b3000000-a1.00,rl,0.0,-1,,-1,BT-v3,10073,1,1.0,1,0,0,gun_kill,113.3773292856622,47.87424246386179,43.666661344128,5.3549655428500005,45.16588443508517,0.028330868161246605,0.04955096814128902,0.0,3711.2456305144538
RL-b3000000-a1.00,rl,0.0,-1,,-1,BT-v3,10074,0,1.0,1,0,0,gun_kill,38.33188522795226,89.65540812492111,81.05698272229614,7.205397862421717,61.40860776367921,0.023196991678567806,0.034199338388726165,0.0,4332.964873959976
RL-b3000000-a1.00,rl,0.0,-1,,-1,BT-v3,10074,1,1.0,1,0,0,gun_kill,93.27805152374384,81.210863315551,77.49640216194005,2.77137387437696,92.34436613967796,0.03308332957421999,0.041603168436366585,0.0,5121.192957648447
RL-b3000000-a1.00,rl,0.0,-1,,-1,BT-v3,10075,0,0.5,0,1,0,timeout,63.74170571735961,56.553773206533066,83.55409775358063,5.938922592336899,42.71909033659075,0.042918447366593684,0.03392148083307623,0.0,3591.3531793528755
RL-b3000000-a1.00,rl,0.0,-1,,-1,BT-v3,10075,1,0.0,0,0,1,gun_kill,45.53111359183487,93.84928091910047,72.64479134356945,5.297082033813616,109.40326272049329,0.05665791624147,0.03184967218287433,0.0,5124.826444723687
RL-b3000000-a1.00,rl,0.0,-1,,-1,BT-v3,10076,0,1.0,1,0,0,gun_kill,40.73691047176411,23.090481308011956,28.797969638087086,4.333404472325581,76.7399050228716,0.053152267267017994,0.04836998261747928,0.0,3903.1052322768364
RL-b3000000-a1.00,rl,0.0,-1,,-1,BT-v3,10076,1,1.0,1,0,0,gun_kill,85.97806468178882,49.85165153051959,93.63304601751416,2.213360945125963,70.85106471175534,0.0701672460633729,0.043961510413055266,0.0,3394.1635785781
RL-b3000000-a1.00,rl,0.0,-1,,-1,BT-v3,10077,0,1.0,1,0,0,gun_kill,58.83843723182366,22.431552877473358,70.18449722432304,0.2405783456156989,107.43999762232929,0.04461324812038349,0.043725038628792505,0.0,5518.630178298965
RL-b3000000-a1.00,rl,0.0,-1,,-1,BT-v3,10077,1,0.0,0,0,1,gun_kill,109.72198215182478,46.62518846840369,15.482412218382214,2.6569482399177593,61.15455622843674,0.028107191130568122,0.049915633856635534,0.0,3345.8482826845375
RL-b3000000-a1.00,rl,0.0,-1,,-1,BT-v3,10078,0,0.0,0,0,1,gun_kill,91.36057031254063,72.10876767626515,72.43445481021787,1.4227919391284791,84.27534991407882,0.0591470392875921,0.07508320263668142,0.0,3238.2641252996996
RL-b3000000-a1.00,rl,0.0,-1,,-1,BT-v3,10078,1,0.5,0,1,0,timeout,80.33045806550669,72.60299601593695,98.00961265098532,0.9800211240184229,82.29255231473789,0.052153391599045584,0.03756381259854162,0.0,3593.159720705646
RL-b3000000-a1.00,rl,0.0,-1,,-1,BT-v3,10079,0,0.0,0,0,1,gun_kill,74.54192698830744,37.207141496324994,84.2754425975884,4.565808555657642,118.47141800008868,0.041418518904840315,0.04089485734010774,0.0,3472.672716465381
RL-b3000000-a1.00,rl,0.0,-1,,-1,BT-v3,10079,1,1.0,1,0,0,gun_kill,81.65207462009869,34.60210324669162,91.96794850264615,4.773786405198682,96.59529938583779,0.05842814947847851,0.06131770557206204,0.0,5640.926715052861
RL-b3000000-a1.00,rl,0.0,-1,,-1,BT-v3,10080,0,0.0,0,0,1,gun_kill,74.6393911129712,36.30232501708453,30.175888524832438,6.06957432790165,92.42034277272677,0.03742173494555633,0.055732667079118975,0.0,5932.4894088083765
RL-b3000000-a1.00,rl,0.0,-1,,-1,BT-v3,10080,1,0.0,0,0,1,gun_kill,64.13049817196783,98.8693803901759,74.7092659280472,5.420934611091488,66.52655067878771,0.06470063302297852,0.0595306974697824,0.0,4728.605689528835
RL-b3000000-a1.00,rl,0.0,-1,,-1,BT-v3,10081,0,1.0,1,0,0,gun_kill,91.33187154928453,64.17185656438649,49.929829437606564,6.09773112192628,84.58074157065768,0.04416291868474682,0.03803577434440619,0.0,3310.194387561176
RL-b3000000-a1.00,rl,0.0,-1,,-1,BT-v3,10081,1,1.0,1,0,0,gun_kill,50.012710831548674,19.777216193940028,15.571131256174864,2.3561664638911726,41.49247809131731,0.05523045778453144,0.04478866159140588,0.0,5268.11715944055
RL-b3000000-a1.00,rl,0.0,-1,,-1,BT-v3,10082,0,1.0,1,0,0,gun_kill,71.66000944696606,27.495445986951083,31.55730916795968,2.1016608724852492,86.95726805547693,0.060679082045413966,0.04747825549687456,0.0,5165.773095517534
RL-b3000000-a1.00,rl,0.0,-1,,-1,BT-v3,10082,1,0.0,0,0,1,gun_kill,41.13570970433048,4.741596635590972,43.17465548617733,1.9067978741725096,47.485839114660806,0.033850926109009104,0.07053598979501202,0.0,5917.5733454420715
RL-b3000000-a1.00,rl,0.0,-1,,-1,BT-v3,10083,0,0.5,0,1,0,timeout,31.419746047345345,89.72923748642465,20.78515693632693,3.4343531143896113,65.42007166869755,0.046826010696977165,0.025806706143955103,0.0,4658.751569892388
RL-b3000000-a1.00,rl,0.0,-1,,-1,BT-v3,10083,1,1.0,1,0,0,gun_kill,44.18778896954736,59.66249383035142,18.73725051296935,3.164078219434164,82.02308889045236,0.03841493051205319,0.02941949566369706,0.0,3317.7886549331824
RL-b3000000-a1.00,rl,0.0,-1,,-1,BT-v3,10084,0,0.0,0,0,1,gun_kill,93.35574202765267,55.60002316932477,10.303373679114458,3.851815965146282,79.54442437112297,0.03702144202035956,0.047534243335946115,0.0,5947.503896263963
RL-b3000000-a1.00,rl,0.0,-1,,-1,BT-v3,10084,1,0.0,0,0,1,gun_kill,34.95989500653219,97.47579286810429,97.40274569079267,1.2702795963716067,61.30461272126274,0.04436632411503999,0.05782975372229898,0.0,3603.8300246390727
RL-b3000000-a1.00,rl,0.0,-1,,-1,BT-v3,10085,0,1.0,1,0,0,gun_kill,87.24629828610409,84.88160262833043,45.40003544422226,4.446094081713993,68.41174400821919,0.053027044709495846,0.05435782992528217,0.0,5123.750831663741
RL-b3000000-a1.00,rl,0.0,-1,,-1,BT-v3,10085,1,0.5,0,1,0,timeout,70.90295822768897,52.275652071042046,90.17008671037617,2.2177586372926568,71.25999750216377,0.012549249712267528,0.05473564967038426,0.0,5632.182112755052
RL-b3000000-a1.00,rl,0.0,-1,,-1,BT-v3,10086,0,0.5,0,1,0,timeout,47.275959057606286,76.88305144336081,36.9401144847156,0.05848874151040029,65.66783311528468,0.02717467218947192,0.036270287644551605,0.0,3041.357268772369
RL-b3000000-a1.00,rl,0.0,-1,,-1,BT-v3,10086,1,0.5,0,1,0,timeout,34.61903405033093,56.56595192284451,41.27571568354328,3.0420992174373955,38.606095694983125,0.05434853188875539,0.07081870287198057,0.0,4078.7809807167423
RL-b3000000-a1.00,rl,0.0,-1,,-1,BT-v3,10087,0,1.0,1,0,0,gun_kill,93.89590289127571,50.731725434767824,10.395929345821454,4.6407383881666,48.45586307142763,0.047851949946514,0.039406769529946276,0.0,4437.882866839768
RL-b3000000-a1.00,rl,0.0,-1,,-1,BT-v3,10087,1,0.5,0,1,0,timeout,98.79486638531927,11.78245200936644,47.897265855742766,2.9716523140843227,74.32522473874806,0.04560037164490084,0.06047159727191075,0.0,4275.799372513047
RL-b3000000-a1.00,rl,0.0,-1,,-1,BT-v3,10088,0,0.0,0,0,1,gun_kill,58.48252380919626,63.2712313826189,12.786569974633032,3.7392617401063717,118.59682294883375,0.05479355520599511,0.04383473903824614,0.0,4989.979628595271
RL-b3000000-a1.00,rl,0.0,-1,,-1,BT-v3,10088,1,0.0,0,0,1,gun_kill,34.43245687021856,31.981610634569712,3.958295044325022,4.3693218367038975,43.77548136857901,0.05999900386708866,0.05118739222601155,0.0,5809.634207273488
RL-b3000000-a1.00,rl,0.0,-1,,-1,BT-v3,10089,0,1.0,1,0,0,gun_kill,68.6962684273168,46.45808891078054,65.64086899409924,3.637492626684347,60.61420460231701,0.06496879269472566,0.05172672368269138,0.0,5732.947487302406
RL-b3000000-a1.00,rl,0.0,-1,,-1,BT-v3,10089,1,0.5,0,1,0,timeout,90.69527219395525,44.429371894797285,3.530042220934415,3.33809613417226,58.67849644481665,0.03244402492336544,0.0790724403280272,0.0,4720.995310199462
RL-b3000000-a1.00,rl,0.0,-1,,-1,BT-v3,10090,0,0.0,0,0,1,gun_kill,68.92115144006993,19.401529438944852,59.7583340905378,6.858731681788721,78.17745655409226,0.06025912057640851,0.06482981341242383,0.0,3945.384848851286
RL-b3000000-a1.00,rl,0.0,-1,,-1,BT-v3,10090,1,1.0,1,0,0,gun_kill,57.230319646528514,40.22958298247402,39.186559549421105,5.402535656406455,97.32213876658393,0.03242574373582423,0.05639194625871258,0.0,5067.55241393654
RL-b3000000-a1.00,rl,0.0,-1,,-1,BT-v3,10091,0,1.0,1,0,0,gun_kill,114.20621718212443,27.47678318489215,26.500596982378855,3.1644141779073847,86.73087930916252,0.06186210644148085,0.0283964221002002,0.0,3967.098545634696
RL-b3000000-a1.00,rl,0.0,-1,,-1,BT-v3,10091,1,1.0,1,0,0,gun_kill,89.90299888451148,36.79644207131015,14.067570209722458,7.9657911214085635,109.78072406675844,0.04066149649263,0.05312117005023939,0.0,5915.086116743512
RL-b3000000-a1.00,rl,0.0,-1,,-1,BT-v3,10092,0,0.0,0,0,1,gun_kill,32.98573835659848,70.37854365989392,86.02024017588515,6.159153395610613,72.32287539422651,0.04376045977077233,0.041165780962956054,0.0,4887.372603567358
RL-b3000000-a1.00,rl,0.0,-1,,-1,BT-v3,10092,1,1.0,1,0,0,gun_kill,62.952768632103265,45.31421047510731,51.21099548322589,4.209481709518713,50.990638278359526,0.013442833338367717,0.07389626570988317,0.0,4595.160672942493
RL-b3000000-a1.00,rl,0.0,-1,,-1,BT-v3,10093,0,0.0,0,0,1,gun_kill,32.5663199528348,63.67805406282476,22.64519533360407,5.8417326915296925,35.393105161690315,0.026690195508287,0.06156874166609763,0.0,4267.689688567553
RL-b3000000-a1.00,rl,0.0,-1,,-1,BT-v3,10093,1,0.5,0,1,0,timeout,67.52103146796856,62.16507646942318,74.35774941714311,0.31547741858708367,77.6307490051152,0.0638125838295416,0.03629107132086163,0.0,4698.36322057081
RL-b3000000-a1.00,rl,0.0,-1,,-1,BT-v3,10094,0,1.0,1,0,0,gun_kill,107.69535274784702,72.30071311637799,71.53345865174165,1.929957943307615,64.83389589429879,0.058700630843967296,0.03109159183173056,0.0,5719.202752265655
RL-b3000000-a1.00,rl,0.0,-1,,-1,BT-v3,10094,1,1.0,1,0,0,gun_kill,93.12799641760125,72.93661695297635,29.36302758453576,4.1332384454114655,87.4576691993085,0.04818287789014607,0.05087028672477986,0.0,4488.519740462069
RL-b3000000-a1.00,rl,0.0,-1,,-1,BT-v3,10095,0,1.0,1,0,0,gun_kill,67.31220015826435,10.813139834414109,56.05483508685073,3.3199674785377535,94.7442015052794,0.03460110655755473,0.04675013523162491,0.0,3212.6728547373086
RL-b3000000-a1.00,rl,0.0,-1,,-1,BT-v3,10095,1,1.0,1,0,0,gun_kill,83.32956621508802,76.36211837919657,79.69120525165577,6.311360343745897,57.00198904678099,0.04007644569318394,0.07518633902514325,0.0,4166.098953833029
RL-b3000000-a1.00,rl,0.0,-1,,-1,BT-v3,10096,0,1.0,1,0,0,gun_kill,113.68322420351373,77.29778193128598,55.92299431693167,1.2871539724913372,90.40103321981184,0.05961843278989818,0.026633657560930727,0.0,5509.388170380759
RL-b3000000-a1.00,rl,0.0,-1,,-1,BT-v3,10096,1,0.0,0,0,1,gun_kill,59.54666730366818,51.76593879079587,83.53766338522577,0.9931532743579341,30.79186863855938,0.036516361250612125,0.059260301083874034,0.0,4017.0365493718477
RL-b3000000-a1.00,rl,0.0,-1,,-1,BT-v3,10097,0,1.0,1,0,0,gun_kill,99.99142748078836,80.97552212858325,64.98444564722081,4.093525518766594,57.92354955175804,0.043475634303680885,0.04049106231681531,0.0,5906.211016415704
RL-b3000000-a1.00,rl,0.0,-1,,-1,BT-v3,10097,1,1.0,1,0,0,gun_kill,79.72765496657814,53.99573705791997,28.569365419003244,6.739482047386262,118.12970673977311,0.037426782637652915,0.04801623446349088,0.0,4022.621837739872
RL-b3000000-a1.00,rl,0.0,-1,,-1,BT-v3,10098,0,0.5,0,1,0,timeout,44.53894555494296,56.52403234770165,22.89963418651434,2.689133651589583,67.66127007225964,0.0614648690255058,0.024395206967795454,0.0,5757.622090023297
RL-b3000000-a1.00,rl,0.0,-1,,-1,BT-v3,10098,1,1.0,1,0,0,gun_kill,31.86973138423475,88.82691930070487,22.59155297721818,4.699159780659322,53.10644640401375,0.04198867058673464,0.049010065235236946,0.0,3723.4120436151657
RL-b3000000-a1.00,rl,0.0,-1,,-1,BT-v3,10099,0,0.5,0,1,0,timeout,31.52486142290392,33.229804144432016,82.90350828413877,6.208991360701177,119.58536771481032,0.02002656430757895,0.06136531409488964,0.0,5734.573003866273
RL-b3000000-a1.00,rl,0.0,-1,,-1,BT-v3,10099,1,0.0,0,0,1,gun_kill,93.92148449739,41.888738004514714,25.18916515082451,2.1218262253783644,98.2185925731469,0.017501370710889492,0.05371254994773504,0.0,4373.659128218273
RL-b8000000-a1.00,rl,0.0,-1,,-1,BT-v2,10000,0,0.0,0,0,1,gun_kill,100.52992082723348,59.59066010275469,25.692209167116186,0.720816030362303,104.19988651234445,0.021118689852932825,0.05012618570489116,0.0,4305.895849316365
RL-b8000000-a1.00,rl,0.0,-1,,-1,BT-v2,10000,1,0.0,0,0,1,gun_kill,67.97662008944494,49.214060533469095,29.26804209582009,7.962391134138042,73.73106773690304,0.07507753590679117,0.0448747845193232,0.0,4901.451298314858
RL-b8000000-a1.00,rl,0.0,-1,,-1,BT-v2,10001,0,1.0,1,0,0,gun_kill,117.01652483924585,5.741906789248674,92.92984089244263,3.2039315065556924,96.23161135122729,0.07144376105316917,0.06468200448220553,0.0,3376.568326056864
RL-b8000000-a1.00,rl,0.0,-1,,-1,BT-v2,10001,1,0.5,0,1,0,timeout,55.72508489911364,23.980122881558408,76.79100342525764,0.8481053782181522,80.12197884539933,0.059298217811330704,0.06695067045370498,0.0,4624.6069337176505
RL-b8000000-a1.00,rl,0.0,-1,,-1,BT-v2,10002,0,0.5,0,1,0,timeout,35.20870624421089,78.49013226878908,47.86975269646735,6.465577641912378,77.81643358717972,0.09651709757925894,0.018857431548690712,0.0,4241.0010933866015
RL-b8000000-a1.00,rl,0.0,-1,,-1,BT-v2,10002,1,1.0,1,0,0,gun_kill,70.6940460178896,62.68333123435733,16.367278194955826,5.57095411515919,71.62383434126417,0.03594985574641101,0.044444095392284985,0.0,5618.379592357183
RL-b8000000-a1.00,rl,0.0,-1,,-1,BT-v2,10003,0,1.0,1,0,0,gun_kill,95.62915927890108,24.543026798731127,31.784305130783984,1.3966502107355767,40.7587447423575,0.04165792968411449,0.055120612923708914,0.0,3648.1724265237126
RL-b8000000-a1.00,rl,0.0,-1,,-1,BT-v2,10003,1,1.0,1,0,0,gun_kill,71.02809193734359,80.83163592424287,80.72482753787247,7.441160615688546,97.90543071060799,0.052031992601616665,0.07209419835679963,0.0,3316.3231932482427
RL-b8000000-a1.00,rl,0.0,-1,,-1,BT-v2,10004,0,1.0,1,0,0,gun_kill,66.52592219686767,37.5350528473151,51.29935062395843,7.320179004873253,40.61636456520715,0.06856174078966804,0.057406132146083116,0.0,4441.443939109215
RL-b8000000-a1.00,rl,0.0,-1,,-1,BT-v2,10004,1,0.5,0,1,0,timeout,114.18427888091377,93.02973307831759,6.032844896410694,4.424563843711215,32.07757889739886,0.05672455895945047,0.04981266123837652,0.0,5995.940492460259
RL-b8000000-a1.00,rl,0.0,-1,,-1,BT-v2,10005,0,0.0,0,0,1,gun_kill,39.782343598952,37.068694226029955,97.56826585729522,6.024748190020912,68.60594772453226,0.06233265867931728,0.06349421054463267,0.0,4780.582778617953
RL-b8000000-a1.00,rl,0.0,-1,,-1,BT-v2,10005,1,0.5,0,1,0,timeout,85.48722869739618,16.75802922351014,33.26656243319348,3.639346865724886,117.63934116082714,0.047682968442683646,0.05077831148191109,0.0,3127.7977139528707
RL-b8000000-a1.00,rl,0.0,-1,,-1,BT-v2,10006,0,1.0,1,0,0,gun_kill,79.327352725654,61.438508780198134,15.349873777757338,4.488380837751471,111.78917915802334,0.046809071728417175,0.06789530952551445,0.0,3451.579508514603
RL-b8000000-a1.00,rl,0.0,-1,,-1,BT-v2,10006,1,0.0,0,0,1,gun_kill,76.8596665843593,24.819540210326252,47.642947144260226,5.701313280723658,96.83484080313272,0.07216223296292476,0.053486566216130085,0.0,5426.841428245243
RL-b8000000-a1.00,rl,0.0,-1,,-1,BT-v2,10007,0,1.0,1,0,0,gun_kill,57.76267869447213,61.47719771068202,56.18121520121571,1.5823530784736644,83.31017988953862,0.06712668732500648,0.08923544454893739,0.0,5169.701568347294
RL-b8000000-a1.00,rl,0.0,-1,,-1,BT-v2,10007,1,0.5,0,1,0,timeout,73.17442999603793,59.90674900729422,68.94981693813988,3.576052634518536,110.03236329508603,0.058241123605914276,0.04734021730133492,0.0,4821.801691899373
RL-b8000000-a1.00,rl,0.0,-1,,-1,BT-v2,10008,0,0.0,0,0,1,gun_kill,44.2137844135546,54.11756568176793,60.0774474638985,2.5987421034466722,80.77800264856774,0.05103152898871731,0.06835297839096577,0.0,5425.856494990872
RL-b8000000-a1.00,rl,0.0,-1,,-1,BT-v2,10008,1,1.0,1,0,0,gun_kill,45.0625124379731,51.52143425859864,86.53148565121236,1.0044828165448338,86.45580338323916,0.047447756173794764,0.05189389616895536,0.0,3536.129918344124
RL-b8000000-a1.00,rl,0.0,-1,,-1,BT-v2,10009,0,0.0,0,0,1,gun_kill,97.38367678101001,77.5208461374313,32.674419229316086,3.8554947223321347,89.90376152972652,0.07398244509620908,0.061333245638522646,0.0,5999.596578909005
RL-b8000000-a1.00,rl,0.0,-1,,-1,BT-v2,10009,1,1.0,1,0,0,gun_kill,118.72486322804517,57.13684453485372,2.9379849743878417,4.267662732520077,83.12312157465279,0.08697207795553152,0.03815791766350764,0.0,4519.256707592194
RL-b8000000-a1.00,rl,0.0,-1,,-1,BT-v2,10010,0,0.0,0,0,1,gun_kill,32.7377169276764,9.894044679203983,7.942867529916997,7.697684335722433,115.44308118770498,0.08307045065669763,0.032083859376790806,0.0,3091.8681979191833
RL-b8000000-a1.00,rl,0.0,-1,,-1,BT-v2,10010,1,1.0,1,0,0,gun_kill,81.99693372724165,14.127628704176354,76.25795482211743,1.425708016961563,35.82282252155915,0.05758548696647357,0.08549473212949724,0.0,5121.891278746901
RL-b8000000-a1.00,rl,0.0,-1,,-1,BT-v2,10011,0,1.0,1,0,0,gun_kill,84.28214761820223,97.92955134527949,20.422671179149134,5.009017101488704,71.76940091557893,0.050449282382869214,0.05374044104801914,0.0,5004.65515338552
RL-b8000000-a1.00,rl,0.0,-1,,-1,BT-v2,10011,1,1.0,1,0,0,gun_kill,67.8493435148549,12.32406691077511,44.97905824664431,4.246732974687849,78.91603618153613,0.059206535426098,0.057311542836489454,0.0,4115.091546205444
RL-b8000000-a1.00,rl,0.0,-1,,-1,BT-v2,10012,0,1.0,1,0,0,gun_kill,35.563314587077,64.47297786275809,30.571657946257336,2.1522513286325635,69.80221439796371,0.024168576153178273,0.09564413987137386,0.0,5567.002253973509
RL-b8000000-a1.00,rl,0.0,-1,,-1,BT-v2,10012,1,1.0,1,0,0,gun_kill,50.955491141566,8.744941659957629,56.44812231265293,0.9382462244248062,100.43358585400124,0.06636636534776501,0.08244265274823252,0.0,4850.536737753571
RL-b8000000-a1.00,rl,0.0,-1,,-1,BT-v2,10013,0,1.0,1,0,0,gun_kill,96.56345206148731,12.608088228557934,82.29971806087214,2.121535845254713,70.90944613487457,0.044244469331604926,0.06113663831414626,0.0,4989.6013745885175
RL-b8000000-a1.00,rl,0.0,-1,,-1,BT-v2,10013,1,1.0,1,0,0,gun_kill,61.104924833090365,60.1779387162749,44.62055537778434,6.191354975528587,53.21620146972085,0.033490871698797754,0.06953239547879315,0.0,5724.401211891982
RL-b8000000-a1.00,rl,0.0,-1,,-1,BT-v2,10014,0,1.0,1,0,0,gun_kill,95.5142593443184,86.20445386196043,66.60532369177201,3.6495325283996394,118.0730754336455,0.06555168215608441,0.056738919001195626,0.0,3327.9618433932255
RL-b8000000-a1.00,rl,0.0,-1,,-1,BT-v2,10014,1,1.0,1,0,0,gun_kill,68.25636368586147,64.95245948120495,16.429263088471092,3.6893351080733474,74.52456115315178,0.02892786867126666,0.029261348469643733,0.0,3360.7165907171725
RL-b8000000-a1.00,rl,0.0,-1,,-1,BT-v2,10015,0,0.0,0,0,1,gun_kill,98.23229355679159,42.39226502870406,31.376431451308907,0.7962436674707369,112.18982156190896,0.07513299174283498,0.03027254525346126,0.0,3644.7768306169355
RL-b8000000-a1.00,rl,0.0,-1,,-1,BT-v2,10015,1,0.5,0,1,0,timeout,45.76008175862453,58.79011306059036,58.39046606634932,1.772290220017454,44.506714084660814,0.04741932187030881,0.054136204350286564,0.0,4610.75554884574
RL-b8000000-a1.00,rl,0.0,-1,,-1,BT-v2,10016,0,1.0,1,0,0,gun_kill,92.10901499448285,69.95803441677599,89.39088365743267,2.9234829556162474,103.141731007728,0.07600881316679811,0.045406990160130174,0.0,5789.5512015862005
RL-b8000000-a1.00,rl,0.0,-1,,-1,BT-v2,10016,1,1.0,1,0,0,gun_kill,47.55046445963438,84.96726116671599,3.362674083053374,5.165644841381048,54.61787043100414,0.05368049468399616,0.0551739237155117,0.0,5820.213935786777
RL-b8000000-a1.00,rl,0.0,-1,,-1,BT-v2,10017,0,1.0,1,0,0,gun_kill,34.51503042122572,43.21766444002737,82.4323508300071,5.862726977910061,98.50575831012877,0.07482235475952592,0.0467590891476911,0.0,4921.490472344229
RL-b8000000-a1.00,rl,0.0,-1,,-1,BT-v2,10017,1,1.0,1,0,0,gun_kill,48.6404808631746,98.05383418075769,49.383615435512986,0.1818353445429075,103.65110355253549,0.08367904098741505,0.10024406835724756,0.0,4484.61413700865
RL-b8000000-a1.00,rl,0.0,-1,,-1,BT-v2,10018,0,0.5,0,1,0,timeout,100.90660665179351,46.72554611632348,4.285624478992078,5.921527436250114,93.42675968253491,0.050341064977930755,0.052381983435569296,0.0,4793.457060961817
RL-b8000000-a1.00,rl,0.0,-1,,-1,BT-v2,10018,1,0.0,0,0,1,gun_kill,100.69155170711981,22.695205130027098,3.979652179652682,3.252789231253047,105.07541768653569,0.029673905156565143,0.06899247243406424,0.0,4242.03203932636
RL-b8000000-a1.00,rl,0.0,-1,,-1,BT-v2,10019,0,0.0,0,0,1,gun_kill,49.38769338779196,53.80434918864573,78.94406835822294,6.3016070711455585,60.094186690162715,0.051692231998280436,0.054850923266106744,0.0,5713.755916147662
RL-b8000000-a1.00,rl,0.0,-1,,-1,BT-v2,10019,1,0.5,0,1,0,timeout,116.31368557080583,20.120675902202755,29.65676607373322,0.16412980801971866,58.04222104982284,0.049045961316323515,0.07953907567131693,0.0,4730.503118398096
RL-b8000000-a1.00,rl,0.0,-1,,-1,BT-v2,10020,0,1.0,1,0,0,gun_kill,111.58597265219298,94.01427113770403,23.35510641457099,3.3460842087498275,64.44476092848596,0.05937104993078573,0.07644304307744276,0.0,4334.850242516047
RL-b8000000-a1.00,rl,0.0,-1,,-1,BT-v2,10020,1,1.0,1,0,0,gun_kill,75.9983838301284,85.67168979204966,62.15506048286732,5.338143876615218,107.80086769471814,0.05638580216294545,0.034621941744837986,0.0,5960.148639785385
RL-b8000000-a1.00,rl,0.0,-1,,-1,BT-v2,10021,0,1.0,1,0,0,gun_kill,104.06972295681767,66.35641089145822,94.01865979202785,5.469898385473193,86.43644432969504,0.0799158973300729,0.05857941813979502,0.0,4145.706900879863
RL-b8000000-a1.00,rl,0.0,-1,,-1,BT-v2,10021,1,1.0,1,0,0,gun_kill,65.04440353738838,91.84905969150773,3.186210255727362,6.132409094959575,55.98748723342879,0.05931822321805428,0.08712225805945896,0.0,3645.374145003293
RL-b8000000-a1.00,rl,0.0,-1,,-1,BT-v2,10022,0,1.0,1,0,0,gun_kill,45.35524001588105,40.681490503328845,83.52096019601143,5.246428203712551,84.46712320995249,0.036466280503200034,0.04868450430076203,0.0,4872.995385325453
RL-b8000000-a1.00,rl,0.0,-1,,-1,BT-v2,10022,1,0.0,0,0,1,gun_kill,32.644719351488675,85.73588076350818,96.1837705540016,2.9311453526921865,106.1516585291232,0.03759829194932361,0.041047218733321275,0.0,3467.2745909132213
RL-b8000000-a1.00,rl,0.0,-1,,-1,BT-v2,10023,0,1.0,1,0,0,gun_kill,104.82580639019827,60.72268774198518,5.136008363052147,4.442683781766804,90.34142341264621,0.09700010977044748,0.03772023200524394,0.0,5229.5854797396805
RL-b8000000-a1.00,rl,0.0,-1,,-1,BT-v2,10023,1,0.5,0,1,0,timeout,60.081768452228815,26.11891807996628,10.700148605982884,4.883572051985367,82.33727731025851,0.03359597799402198,0.061118843687056744,0.0,3243.28688610444
RL-b8000000-a1.00,rl,0.0,-1,,-1,BT-v2,10024,0,1.0,1,0,0,gun_kill,117.39330202763222,44.808971197904945,26.72996527481074,4.332917857779321,91.57823607462998,0.07335801574537683,0.07541837323184362,0.0,5082.255219307133
RL-b8000000-a1.00,rl,0.0,-1,,-1,BT-v2,10024,1,0.0,0,0,1,gun_kill,116.0342405295416,96.83984076423035,84.65131110497538,0.9215665349175293,73.79405597624238,0.0586476285142326,0.03683732114195941,0.0,3061.6891347431774
RL-b8000000-a1.00,rl,0.0,-1,,-1,BT-v2,10025,0,1.0,1,0,0,gun_kill,81.28991393760771,22.208900818843468,83.67543805449942,7.288659863648578,115.22624363258015,0.053367680848803646,0.05304409674849113,0.0,5771.381818277838
RL-b8000000-a1.00,rl,0.0,-1,,-1,BT-v2,10025,1,1.0,1,0,0,gun_kill,38.87777236607279,77.09974566064591,45.8875454376247,0.7297013635889344,114.66649962741666,0.07626531010740781,0.06530469655786961,0.0,4916.617494022448
RL-b8000000-a1.00,rl,0.0,-1,,-1,BT-v2,10026,0,0.0,0,0,1,gun_kill,118.00110731176159,21.152038271153817,76.57007560509196,1.0001428732550508,108.39789405034931,0.06507566467319416,0.061382478160752256,0.0,3873.8177920434787
RL-b8000000-a1.00,rl,0.0,-1,,-1,BT-v2,10026,1,1.0,1,0,0,gun_kill,34.16589534823143,17.30344523278631,70.89027349738569,6.964098355093042,78.06489374922931,0.06191264669601338,0.05401439061070517,0.0,4808.502827017128
RL-b8000000-a1.00,rl,0.0,-1,,-1,BT-v2,10027,0,0.5,0,1,0,timeout,85.13216396760299,25.909344567233205,5.626047651737975,1.3371349197615174,30.912558137307123,0.08473989237393537,0.06030775219345335,0.0,3711.933567137166
RL-b8000000-a1.00,rl,0.0,-1,,-1,BT-v2,10027,1,1.0,1,0,0,gun_kill,76.0614529124946,10.44944435487084,29.925075985226524,2.8784352348645923,60.38989181983678,0.05352926433091995,0.09516201854843925,0.0,3626.59845219151
RL-b8000000-a1.00,rl,0.0,-1,,-1,BT-v2,10028,0,0.0,0,0,1,gun_kill,78.55232530552695,24.735744153291538,68.44560157622703,5.6534263478058975,68.24737325429528,0.06388619241862482,0.05641299071575564,0.0,4033.3262962880162
RL-b8000000-a1.00,rl,0.0,-1,,-1,BT-v2,10028,1,0.0,0,0,1,gun_kill,112.77533011442672,99.83602196634213,68.52500487196018,5.9786607839107315,113.48657848002217,0.06662268246471283,0.052873431538823,0.0,3864.859034872963
RL-b8000000-a1.00,rl,0.0,-1,,-1,BT-v2,10029,0,1.0,1,0,0,gun_kill,98.95965140874178,47.50046908008926,59.304933766469524,4.505222721336268,39.13605965710342,0.07476749504602372,0.06311141876677852,0.0,3120.9106109814406
RL-b8000000-a1.00,rl,0.0,-1,,-1,BT-v2,10029,1,0.0,0,0,1,gun_kill,102.42474414973051,2.953781272652789,54.408479565781235,5.610924953868577,119.99067221164783,0.035264633199059495,0.05239262776607329,0.0,3979.969257658278
RL-b8000000-a1.00,rl,0.0,-1,,-1,BT-v2,10030,0,0.5,0,1,0,timeout,34.02507561009721,45.95616431213042,91.82761179031658,3.816959512724438,33.797118141950754,0.05165524779343632,0.06726105944511332,0.0,4803.770228868931
RL-b8000000-a1.00,rl,0.0,-1,,-1,BT-v2,10030,1,0.5,0,1,0,timeout,40.20200014035549,54.597828882064825,83.66466754130349,7.5309882670519785,104.39084508094018,0.033037750440317384,0.07398380040343545,0.0,4781.896237630102
RL-b8000000-a1.00,rl,0.0,-1,,-1,BT-v2,10031,0,0.5,0,1,0,timeout,60.39777678935691,67.85971069699768,22.6511480453221,3.91711060952872,79.52506506914742,0.022140612547499675,0.05544112114824085,0.0,3910.7929905332767
RL-b8000000-a1.00,rl,0.0,-1,,-1,BT-v2,10031,1,0.0,0,0,1,gun_kill,71.39457191232268,19.877571154499662,39.31469957049573,2.3328081760932937,30.845787945399756,0.0413344462959766,0.0583342444803779,0.0,4970.228305359043
RL-b8000000-a1.00,rl,0.0,-1,,-1,BT-v2,10032,0,1.0,1,0,0,gun_kill,53.93522329094978,12.492273115855944,64.9723618699005,2.0094046857988443,32.58084719681091,0.08318587019383028,0.06547346153369006,0.0,4071.7415083938286
RL-b8000000-a1.00,rl,0.0,-1,,-1,BT-v2,10032,1,1.0,1,0,0,gun_kill,107.07317032793593,90.18757938735564,54.65180310592005,2.929177827291733,63.472393969321395,0.05231385435315788,0.08051507307511488,0.0,5985.129272185663
RL-b8000000-a1.00,rl,0.0,-1,,-1,BT-v2,10033,0,1.0,1,0,0,gun_kill,94.02464846161729,42.61745182934088,13.784231357539657,7.741251362543001,117.46121654023489,0.057443408069541214,0.05320869842906957,0.0,5390.745922277027
RL-b8000000-a1.00,rl,0.0,-1,,-1,BT-v2,10033,1,0.0,0,0,1,gun_kill,49.000307017607696,60.97354807024442,38.08078712460926,7.552758231408751,116.40799677407037,0.03473161396020617,0.004656782691439362,0.0,3516.6123068663846
RL-b8000000-a1.00,rl,0.0,-1,,-1,BT-v2,10034,0,0.5,0,1,0,timeout,61.32583507108763,32.842663797178794,89.62168652196301,3.219918837491683,55.85483046274927,0.06348952676750667,0.047377887697402796,0.0,5817.502611462127
RL-b8000000-a1.00,rl,0.0,-1,,-1,BT-v2,10034,1,0.0,0,0,1,gun_kill,58.02903722944862,99.05974073336414,64.68072293047304,5.860528552631201,40.393807655559684,0.0681417665454084,0.06479055325310264,0.0,5817.255887357004
RL-b8000000-a1.00,rl,0.0,-1,,-1,BT-v2,10035,0,0.0,0,0,1,gun_kill,76.46214583716528,51.110474837240524,1.7890313853662798,1.7764631851558539,82.16559763647842,0.06799999302236782,0.06005803184803919,0.0,5563.797729762939
RL-b8000000-a1.00,rl,0.0,-1,,-1,BT-v2,10035,1,1.0,1,0,0,gun_kill,45.6587313868143,59.59038431294156,25.73887593766179,4.93377228866459,111.07606495490943,0.03902165404213169,0.058148198094618686,0.0,5942.172662915185
RL-b8000000-a1.00,rl,0.0,-1,,-1,BT-v2,10036,0,1.0,1,0,0,gun_kill,95.6045389036527,80.43710459064496,3.917244121045804,2.0129500581528035,94.80823971149918,0.04758689903733084,0.05162842678583859,0.0,5006.166607384652
RL-b8000000-a1.00,rl,0.0,-1,,-1,BT-v2,10036,1,1.0,1,0,0,gun_kill,30.19165730476664,1.1108726434195693,96.5123688377904,5.161478354795774,77.62566603740157,0.0755638620612237,0.02970239336672003,0.0,4991.033959021391
RL-b8000000-a1.00,rl,0.0,-1,,-1,BT-v2,10037,0,1.0,1,0,0,gun_kill,116.39056263954144,47.27062181011147,27.461959016543503,5.097707192167171,119.07447811867591,0.09518416484392626,0.06142802963442069,0.0,5337.368798574689
RL-b8000000-a1.00,rl,0.0,-1,,-1,BT-v2,10037,1,1.0,1,0,0,gun_kill,102.92826762922506,17.094804463287417,49.421157243757584,6.411597653792336,112.54316575345197,0.03603465108885745,0.08383071691030987,0.0,5500.215868618191
RL-b8000000-a1.00,rl,0.0,-1,,-1,BT-v2,10038,0,0.0,0,0,1,gun_kill,93.5907191958202,71.42386228203009,60.22852948241116,2.2790790095496316,54.469614593855816,0.05307765218116202,0.0819656132242309,0.0,5893.771910944157
RL-b8000000-a1.00,rl,0.0,-1,,-1,BT-v2,10038,1,0.0,0,0,1,gun_kill,46.935047190704566,92.29801480544205,4.265674118872331,0.21419002304139578,77.56718859902642,0.044186542705479157,0.08735138349284989,0.0,5532.9882110431045
RL-b8000000-a1.00,rl,0.0,-1,,-1,BT-v2,10039,0,0.0,0,0,1,gun_kill,90.49281402604011,76.09042804322823,19.773920569458202,7.887670298253969,46.96011310638821,0.08002669350961694,0.058484903447301465,0.0,3112.6197491962994
RL-b8000000-a1.00,rl,0.0,-1,,-1,BT-v2,10039,1,0.5,0,1,0,timeout,67.2446116636287,95.91799237692375,85.14710279272039,7.5044058045478375,116.92966584751701,0.06180778990411399,0.045920045000198056,0.0,3948.2035651781207
RL-b8000000-a1.00,rl,0.0,-1,,-1,BT-v2,10040,0,1.0,1,0,0,gun_kill,81.39234232542796,34.65281557885537,10.834073104112463,7.116179986408714,113.78196742649797,0.0591898806452579,0.048285834653986434,0.0,5297.44760716655
RL-b8000000-a1.00,rl,0.0,-1,,-1,BT-v2,10040,1,1.0,1,0,0,gun_kill,47.257782000487694,4.09238995110478,88.00695311974519,4.146810647396577,71.25524023256594,0.06767121255064286,0.030202312752007514,0.0,5869.204110360366
RL-b8000000-a1.00,rl,0.0,-1,,-1,BT-v2,10041,0,0.5,0,1,0,timeout,64.67843666248643,43.07491298954446,34.494502950617154,3.7965344268230856,35.30181617632786,0.05512397793376345,0.03374645196902422,0.0,4712.420139008689
RL-b8000000-a1.00,rl,0.0,-1,,-1,BT-v2,10041,1,1.0,1,0,0,gun_kill,94.5211956767708,1.1610618239103143,21.89109649435059,7.0738604663568125,52.452478519620826,0.06876535706436174,0.0449464750188584,0.0,5607.970263061754
RL-b8000000-a1.00,rl,0.0,-1,,-1,BT-v2,10042,0,1.0,1,0,0,gun_kill,51.16350920588148,14.738725897726091,16.308804196780045,5.155998514743321,52.01855301035977,0.038420026383354504,0.02601834515431689,0.0,3202.808890803109
RL-b8000000-a1.00,rl,0.0,-1,,-1,BT-v2,10042,1,1.0,1,0,0,gun_kill,110.44921395881043,92.47341401818629,52.953465229535446,4.138432438211919,46.577542025199435,0.08799515721868051,0.08284257874241445,0.0,5468.143514618427
RL-b8000000-a1.00,rl,0.0,-1,,-1,BT-v2,10043,0,1.0,1,0,0,gun_kill,68.91150941163349,77.74347471376038,9.578770316756069,3.0180740217342175,60.88499256353905,0.010809389202679633,0.07323533423710572,0.0,5406.778228599665
RL-b8000000-a1.00,rl,0.0,-1,,-1,BT-v2,10043,1,0.5,0,1,0,timeout,79.73405264370295,42.35954457573211,42.5224772173849,7.510644293177721,104.83524228119708,0.051793094835985834,0.05775305728619204,0.0,3767.6941857602897
RL-b8000000-a1.00,rl,0.0,-1,,-1,BT-v2,10044,0,1.0,1,0,0,gun_kill,80.86766746475047,45.68767881582245,99.4799798566384,0.869898259500614,83.79914288594597,0.07785564836952852,0.057510795696681695,0.0,5055.988959231004
RL-b8000000-a1.00,rl,0.0,-1,,-1,BT-v2,10044,1,0.5,0,1,0,timeout,109.32096875482868,38.80197187976589,48.194836678422156,6.6236237211074975,58.28575678228967,0.08528570647425153,0.07014961620876953,0.0,3454.852847244765
RL-b8000000-a1.00,rl,0.0,-1,,-1,BT-v2,10045,0,1.0,1,0,0,gun_kill,108.57189598829802,38.81286376798511,70.91324717798086,4.726235069623253,70.47170865062361,0.05639023684420013,0.018070247425219517,0.0,3466.868571672115
RL-b8000000-a1.00,rl,0.0,-1,,-1,BT-v2,10045,1,0.5,0,1,0,timeout,77.85868953600685,88.52583520784778,18.098657844529733,7.538623393355926,97.7179875517657,0.0854699856212063,0.054450860241612914,0.0,5027.986378426269
RL-b8000000-a1.00,rl,0.0,-1,,-1,BT-v2,10046,0,0.0,0,0,1,gun_kill,58.34569912223762,33.820548566445474,27.572193392038578,2.6073320177182513,108.69472806681767,0.08730063442358446,0.1153689532460984,0.0,5881.16936788515
RL-b8000000-a1.00,rl,0.0,-1,,-1,BT-v2,10046,1,1.0,1,0,0,gun_kill,111.76097814120243,66.75501555277722,64.94603466050077,1.3085520996833333,84.016211181232,0.060003180484707375,0.04201753761447173,0.0,3446.846144952903
RL-b8000000-a1.00,rl,0.0,-1,,-1,BT-v2,10047,0,1.0,1,0,0,gun_kill,66.15420553529461,39.469444383747046,46.83088293038236,6.5108398213473455,85.6131045788703,0.06041974493257461,0.03310610488660471,0.0,5703.227341613441
RL-b8000000-a1.00,rl,0.0,-1,,-1,BT-v2,10047,1,0.5,0,1,0,timeout,93.93067852954718,81.02523708199035,39.4382813880778,4.890800327120759,57.6263511572313,0.06808391781748817,0.07701563367976214,0.0,3571.890683729844
RL-b8000000-a1.00,rl,0.0,-1,,-1,BT-v2,10048,0,0.0,0,0,1,gun_kill,111.85161018877486,9.390114644596482,75.54653475677048,0.07906900384231186,68.08185688419076,0.07607329443245342,0.08067865648728208,0.0,5201.106770925913
RL-b8000000-a1.00,rl,0.0,-1,,-1,BT-v2,10048,1,1.0,1,0,0,gun_kill,106.10824911157923,87.41181077601975,70.8814269574825,5.034574911085157,101.98952581867019,0.06696413301401276,0.057095391019990845,0.0,5813.382578051577
RL-b8000000-a1.00,rl,0.0,-1,,-1,BT-v2,10049,0,1.0,1,0,0,gun_kill,41.671455895869215,73.64738178017389,19.45232652134583,3.897882131134117,64.0880890670577,0.05753051734810642,0.05548862358655713,0.0,3367.3738973273307
RL-b8000000-a1.00,rl,0.0,-1,,-1,BT-v2,10049,1,0.0,0,0,1,gun_kill,74.88829176094558,31.944650266182084,3.223782705441125,7.40528167621026,95.46584178531697,0.049565309499071036,0.05004386947820335,0.0,4905.320018158469
RL-b8000000-a1.00,rl,0.0,-1,,-1,BT-v2,10050,0,1.0,1,0,0,gun_kill,102.09883521058507,89.21342397968891,38.74930945394265,2.5731967952136445,48.759588415792706,0.07236521921643733,0.0636697888874254,0.0,3742.19547873034
RL-b8000000-a1.00,rl,0.0,-1,,-1,BT-v2,10050,1,1.0,1,0,0,gun_kill,33.959343120195825,34.335091821323815,74.65264885072091,2.8923281684054762,61.44921000686365,0.025492745092913306,0.04592977479944041,0.0,5381.590314121781
RL-b8000000-a1.00,rl,0.0,-1,,-1,BT-v2,10051,0,1.0,1,0,0,gun_kill,65.97398723104892,77.70013185793172,33.692925352382076,0.8290318874629783,57.70739019592213,0.044366132496813336,0.04890561474171981,0.0,5767.349661943758
RL-b8000000-a1.00,rl,0.0,-1,,-1,BT-v2,10051,1,0.0,0,0,1,gun_kill,50.38522360661214,21.550163744526564,10.503227912510438,7.065855752657045,80.70630638227115,0.05945358080323397,0.0840821126071073,0.0,3553.8706726794853
RL-b8000000-a1.00,rl,0.0,-1,,-1,BT-v2,10052,0,0.0,0,0,1,gun_kill,114.36548597472009,2.0137345449789734,94.42089821825029,2.7615414249099146,117.91173244014207,0.05483064091793529,0.06822129552211441,0.0,3366.3747149774767
RL-b8000000-a1.00,rl,0.0,-1,,-1,BT-v2,10052,1,1.0,1,0,0,gun_kill,102.85339718788005,99.69615434991249,53.64849024578335,1.1983316416760594,85.89969960592455,0.04589315818682134,0.05298314167001002,0.0,3403.4127306646587
RL-b8000000-a1.00,rl,0.0,-1,,-1,BT-v2,10053,0,1.0,1,0,0,gun_kill,84.92059826402038,34.54259678987501,44.98702830348762,6.7982897322189,90.4015575763359,0.02806771984479276,0.06780371400080723,0.0,5623.861954695984
RL-b8000000-a1.00,rl,0.0,-1,,-1,BT-v2,10053,1,1.0,1,0,0,gun_kill,49.34250267183292,37.37035885549391,52.88329204640774,0.9456249668408665,62.077164247861035,0.04425479651910893,0.10010725453241798,0.0,5004.32535601599
RL-b8000000-a1.00,rl,0.0,-1,,-1,BT-v2,10054,0,0.0,0,0,1,gun_kill,31.492004995640023,11.789581504282387,60.10178409612871,0.12185346344973702,47.72362796842793,0.0658127693136936,0.0576955442485575,0.0,3328.9360401954827
RL-b8000000-a1.00,rl,0.0,-1,,-1,BT-v2,10054,1,0.5,0,1,0,timeout,44.067317355262446,6.215879103857969,43.49303206392954,6.095477950084161,89.26621353415158,0.07628798592088551,0.07061163919394191,0.0,3796.0906172724854
RL-b8000000-a1.00,rl,0.0,-1,,-1,BT-v2,10055,0,1.0,1,0,0,gun_kill,63.488478148288145,28.731807713459613,89.22205021185628,5.0201041331427465,95.8945863689118,0.060823426950982105,0.07277809112039679,0.0,4249.848226749505
RL-b8000000-a1.00,rl,0.0,-1,,-1,BT-v2,10055,1,1.0,1,0,0,gun_kill,35.569355233292605,22.968347980187843,38.00287817860137,2.8515003251302797,62.62848002108888,0.06411000828547887,0.07116267888949385,0.0,3817.4123282351384
RL-b8000000-a1.00,rl,0.0,-1,,-1,BT-v2,10056,0,0.0,0,0,1,gun_kill,79.57575242531529,87.21401358836363,39.51217986770198,3.1862151075320106,81.35926111414308,0.05515677079466595,0.07560430605806247,0.0,4251.94507478742
RL-b8000000-a1.00,rl,0.0,-1,,-1,BT-v2,10056,1,1.0,1,0,0,gun_kill,81.84017423733133,55.81301307549273,22.50238488780211,3.621044283427045,36.463703885119706,0.04832281255136489,0.043897670662665506,0.0,3854.6856479608005
RL-b8000000-a1.00,rl,0.0,-1,,-1,BT-v2,10057,0,1.0,1,0,0,gun_kill,55.60828555707944,19.148564381552337,66.19675648867837,6.069893651773026,65.5117602595225,0.049879121331392266,0.048531161409719296,0.0,3694.699009330855
RL-b8000000-a1.00,rl,0.0,-1,,-1,BT-v2,10057,1,1.0,1,0,0,gun_kill,45.87882907499393,83.7848560208635,2.605569442679523,1.8083861253475062,40.143855702465345,0.06107846127487732,0.07400828184290559,0.0,4765.645002766447
RL-b8000000-a1.00,rl,0.0,-1,,-1,BT-v2,10058,0,0.5,0,1,0,timeout,66.63846045066327,64.57587737137216,96.8895403523036,5.256410793555412,100.17822146247256,0.05739045634650141,0.09240045830896663,0.0,5819.577003018747
RL-b8000000-a1.00,rl,0.0,-1,,-1,BT-v2,10058,1,0.5,0,1,0,timeout,100.29425785379007,3.764099208290239,29.062424730765237,3.5316710264107902,80.31653864353801,0.05352993268253343,0.08689454988299032,0.0,5117.67018323806
RL-b8000000-a1.00,rl,0.0,-1,,-1,BT-v2,10059,0,1.0,1,0,0,gun_kill,54.89535057580407,29.78601056309663,25.99446871066995,5.558584887406863,46.69348958426,0.0692641572637549,0.06527203935883127,0.0,5724.367345595296
RL-b8000000-a1.00,rl,0.0,-1,,-1,BT-v2,10059,1,0.0,0,0,1,gun_kill,70.61171766047073,6.048338798296459,97.03040453830602,2.2584803379574288,85.82504850452146,0.05006866749569215,0.06503175772243344,0.0,5121.057218625736
RL-b8000000-a1.00,rl,0.0,-1,,-1,BT-v2,10060,0,1.0,1,0,0,gun_kill,72.48128842467351,90.76126861518425,41.16394664662765,1.3791634134207467,62.7355104287811,0.02302853260034108,0.09741188339779017,0.0,3271.249650457565
RL-b8000000-a1.00,rl,0.0,-1,,-1,BT-v2,10060,1,1.0,1,0,0,gun_kill,31.131935306924817,47.055389894173,10.361888051142321,6.354049184504026,63.916018964331144,0.06731101559726405,0.06038353284822341,0.0,4418.590304793999
RL-b8000000-a1.00,rl,0.0,-1,,-1,BT-v2,10061,0,1.0,1,0,0,gun_kill,76.672768316265,25.77459459221776,36.48871187854847,4.8087838233229085,113.52434981010971,0.06257795387850436,0.07749412376525104,0.0,4842.313856066195
RL-b8000000-a1.00,rl,0.0,-1,,-1,BT-v2,10061,1,1.0,1,0,0,gun_kill,47.88608349620359,68.3942353372395,95.78673538569184,6.427330604548363,46.57595670651384,0.10534080986789138,0.05386927605547904,0.0,3294.2023613108695
RL-b8000000-a1.00,rl,0.0,-1,,-1,BT-v2,10062,0,0.5,0,1,0,timeout,113.65157231149077,56.84296166134648,63.182392792879114,3.0590528014391483,105.92339904724481,0.06538131080592209,0.05513239620033164,0.0,5798.938535234908
RL-b8000000-a1.00,rl,0.0,-1,,-1,BT-v2,10062,1,1.0,1,0,0,gun_kill,70.54439796395283,86.63553354311242,44.98034745050292,1.603190882201151,64.1885074577267,0.048487126234081517,0.042486667411919296,0.0,3647.4094079623574
RL-b8000000-a1.00,rl,0.0,-1,,-1,BT-v2,10063,0,0.5,0,1,0,timeout,58.227744442946204,39.15781875711601,7.899394114360014,2.7738579867792774,103.08675239724063,0.04149773583180724,0.07571358966077091,0.0,5406.914229268442
RL-b8000000-a1.00,rl,0.0,-1,,-1,BT-v2,10063,1,0.0,0,0,1,gun_kill,97.4879855790127,81.27318654056555,65.68435405258015,0.5865102432633451,46.704262342521076,0.05440894022260666,0.08251573281131849,0.0,5697.743268308492
RL-b8000000-a1.00,rl,0.0,-1,,-1,BT-v2,10064,0,1.0,1,0,0,gun_kill,70.32073365775959,41.05663337673244,56.647333016298276,7.423752422800033,55.07517564433199,0.07227030219767867,0.03818410475841447,0.0,3264.381707044208
RL-b8000000-a1.00,rl,0.0,-1,,-1,BT-v2,10064,1,0.5,0,1,0,timeout,46.27684337659585,52.854025815812065,20.832089608222816,5.476842323153987,73.3908230623219,0.026724112575592762,0.08681306715362344,0.0,4829.028189091847
RL-b8000000-a1.00,rl,0.0,-1,,-1,BT-v2,10065,0,0.5,0,1,0,timeout,43.29943549696989,71.45981490926404,41.79606062425458,3.1408853331210764,48.024029101510536,0.06378059107823152,0.02741708481425477,0.0,4328.291580539322
RL-b8000000-a1.00,rl,0.0,-1,,-1,BT-v2,10065,1,1.0,1,0,0,gun_kill,99.027578043982,85.02045964241175,53.57743458429953,0.7997616883699452,52.489468385416544,0.029612988257546956,0.0666239943580644,0.0,3522.8083840161944
RL-b8000000-a1.00,rl,0.0,-1,,-1,BT-v2,10066,0,1.0,1,0,0,gun_kill,79.27932219388978,36.66951247994026,37.429739902660195,6.8717542117157375,96.50338230620243,0.0602012395235655,0.08300160353709987,0.0,3804.7795286003493
RL-b8000000-a1.00,rl,0.0,-1,,-1,BT-v2,10066,1,1.0,1,0,0,gun_kill,44.097898029226776,24.047247919316895,42.938314920696705,4.6855895494901265,115.84609128860882,0.049872136769202595,0.05106436390699109,0.0,4435.037263426997
RL-b8000000-a1.00,rl,0.0,-1,,-1,BT-v2,10067,0,0.0,0,0,1,gun_kill,80.1104916175372,34.16163841407205,30.546658271172976,4.2828963554949455,90.72544824723667,0.039752499505217795,0.07471591952955062,0.0,4556.728544559177
RL-b8000000-a1.00,rl,0.0,-1,,-1,BT-v2,10067,1,1.0,1,0,0,gun_kill,30.805899473153968,53.89575117480753,7.107788660481706,5.9690883368962435,70.2526979943267,0.06991319540029883,0.042389364083823405,0.0,4152.871759869428
RL-b8000000-a1.00,rl,0.0,-1,,-1,BT-v2,10068,0,0.0,0,0,1,gun_kill,87.64955246384929,51.50972320209553,95.21318638807196,5.233092215346807,31.46747034925642,0.06482269244948953,0.03302004335949958,0.0,4577.057951516868
RL-b8000000-a1.00,rl,0.0,-1,,-1,BT-v2,10068,1,0.5,0,1,0,timeout,89.19750467226007,76.91214119540406,12.949952310642365,5.13371003361973,119.87531591294825,0.08710596674646896,0.04613553390625941,0.0,5627.110733671643
RL-b8000000-a1.00,rl,0.0,-1,,-1,BT-v2,10069,0,1.0,1,0,0,gun_kill,111.7161723321502,16.826216924245905,50.5433596301112,6.118712716398275,69.11170953561174,0.04150210112950164,0.04761576423227549,0.0,3006.8002883677987
RL-b8000000-a1.00,rl,0.0,-1,,-1,BT-v2,10069,1,1.0,1,0,0,gun_kill,36.03105889069726,49.36280057257263,48.3799197093733,7.503798895206141,98.46837426896285,0.059519148921099364,0.06841452602109911,0.0,5093.875512164303
RL-b8000000-a1.00,rl,0.0,-1,,-1,BT-v2,10070,0,1.0,1,0,0,gun_kill,92.89903576388181,67.91743904050746,29.922686122912058,4.079969711879988,37.693481233832586,0.05429483949275645,0.08024343749113337,0.0,4200.9572018735325
RL-b8000000-a1.00,rl,0.0,-1,,-1,BT-v2,10070,1,0.5,0,1,0,timeout,114.5173197533883,3.203032255152327,26.38213411537036,0.2910499175453545,67.16188545633395,0.06487912688001482,0.03828323664128321,0.0,4898.508376106893
RL-b8000000-a1.00,rl,0.0,-1,,-1,BT-v2,10071,0,1.0,1,0,0,gun_kill,80.5086643286395,39.5190593257174,44.73024116745713,6.041037742540969,66.45534106236602,0.06066764232962703,0.07403245336003494,0.0,4185.788858815202
RL-b8000000-a1.00,rl,0.0,-1,,-1,BT-v2,10071,1,1.0,1,0,0,gun_kill,37.16210571499764,17.475386305932382,62.02085074036934,7.123864943397634,72.28877776336847,0.06181493230029343,0.07195689697323254,0.0,4155.289921173593
RL-b8000000-a1.00,rl,0.0,-1,,-1,BT-v2,10072,0,1.0,1,0,0,gun_kill,102.44705919009644,61.89264424540231,88.16500552091662,2.7565215859500247,79.63070848416615,0.050604332805906434,0.042011661668930576,0.0,4217.916287342129
RL-b8000000-a1.00,rl,0.0,-1,,-1,BT-v2,10072,1,1.0,1,0,0,gun_kill,99.91030701006117,73.64641807377062,28.882125807296877,6.260577682360707,62.67907071669557,0.07180230499397383,0.0817020097614426,0.0,4886.975455727323
RL-b8000000-a1.00,rl,0.0,-1,,-1,BT-v2,10073,0,1.0,1,0,0,gun_kill,36.000300922014716,6.694207435083721,10.373793123323694,7.667557908026469,84.52450584062413,0.07742560263483769,0.05982668284087889,0.0,5486.0961758232515
RL-b8000000-a1.00,rl,0.0,-1,,-1,BT-v2,10073,1,1.0,1,0,0,gun_kill,54.31910596955885,48.36820074998405,73.46899622664358,7.357587385535723,116.23896433846926,0.03419072284616804,0.0514341125474468,0.0,4057.635137036901
RL-b8000000-a1.00,rl,0.0,-1,,-1,BT-v2,10074,0,0.5,0,1,0,timeout,73.06780081022148,50.61215566710208,55.72769186687309,0.8058318259590669,77.17024504743112,0.04683573245763472,0.01717663567583378,0.0,4165.427033330249
RL-b8000000-a1.00,rl,0.0,-1,,-1,BT-v2,10074,1,0.0,0,0,1,gun_kill,68.66212513517706,28.0788350761927,68.13416950536984,3.4830097587117947,107.95716351678978,0.024327695019667528,0.04371367853428958,0.0,5291.341656835339
RL-b8000000-a1.00,rl,0.0,-1,,-1,BT-v2,10075,0,0.5,0,1,0,timeout,87.04681613716266,9.050650458042398,28.63327027161554,3.082877978804772,44.77335389339431,0.04559800819443002,0.06249664587141522,0.0,3400.5809881135697
RL-b8000000-a1.00,rl,0.0,-1,,-1,BT-v2,10075,1,1.0,1,0,0,gun_kill,32.304863596299185,50.986931247262255,18.19897504011435,2.2485984100630034,113.10533194538992,0.059609172873026126,0.06298118091396454,0.0,4982.901271460018
RL-b8000000-a1.00,rl,0.0,-1,,-1,BT-v2,10076,0,1.0,1,0,0,gun_kill,47.916765655495766,93.68010611921703,11.71635207457924,2.36408494616912,38.613434663974665,0.028599860253014982,0.06212957198557801,0.0,5115.081404466042
RL-b8000000-a1.00,rl,0.0,-1,,-1,BT-v2,10076,1,1.0,1,0,0,gun_kill,70.56423361398431,70.65691779687955,55.501583385789424,1.8528103936690554,66.91968286942449,0.0512046117937839,0.02338905382862916,0.0,5265.910066158079
RL-b8000000-a1.00,rl,0.0,-1,,-1,BT-v2,10077,0,0.0,0,0,1,gun_kill,47.25896734258694,0.2554610611319452,13.296394844041792,4.100624275420906,112.95543615979172,0.0886977128468676,0.050320577654719395,0.0,3104.0446252025663
RL-b8000000-a1.00,rl,0.0,-1,,-1,BT-v2,10077,1,1.0,1,0,0,gun_kill,69.09792149014393,64.43533551269081,90.35576236903947,1.183876458965539,41.30773708564051,0.043621653645342706,0.06984869772963866,0.0,3149.1735184501777
RL-b8000000-a1.00,rl,0.0,-1,,-1,BT-v2,10078,0,0.5,0,1,0,timeout,81.70698120648905,3.0649795078827258,0.588849295306737,3.0410407900549856,50.919609436282386,0.06330405432934863,0.07549612403355348,0.0,5094.139956316187
RL-b8000000-a1.00,rl,0.0,-1,,-1,BT-v2,10078,1,1.0,1,0,0,gun_kill,72.03117179438456,96.7058954775996,71.72394984462542,7.28648454959499,61.72606719700026,0.051052537411995405,0.047041108878644905,0.0,4661.969695627634
RL-b8000000-a1.00,rl,0.0,-1,,-1,BT-v2,10079,0,1.0,1,0,0,gun_kill,66.18630495180065,40.17816668525207,57.4075503166292,0.6109559082851383,93.97031200829252,0.0267507122408319,0.04163871469464736,0.0,3746.9380261973447
RL-b8000000-a1.00,rl,0.0,-1,,-1,BT-v2,10079,1,1.0,1,0,0,gun_kill,99.66546490994955,36.01554492347333,13.575869713109334,4.4020567151351315,112.09741284076635,0.07755409085983259,0.07894401248346511,0.0,4114.875851487284
RL-b8000000-a1.00,rl,0.0,-1,,-1,BT-v2,10080,0,1.0,1,0,0,gun_kill,72.75976894389653,53.6272582375918,82.31027263710354,6.620815423640618,95.737668374738,0.04156107894449425,0.05702586474683036,0.0,4222.329549686466
RL-b8000000-a1.00,rl,0.0,-1,,-1,BT-v2,10080,1,1.0,1,0,0,gun_kill,36.70564141911757,36.226138099644935,98.90731924129852,3.4219043619950167,73.63834318256701,0.04374514496715101,0.06600408075610426,0.0,3904.092236957493
RL-b8000000-a1.00,rl,0.0,-1,,-1,BT-v2,10081,0,0.5,0,1,0,timeout,68.95018501430634,44.06235573782242,79.21440889167211,1.4039772779667326,107.23376422990619,0.06541353226311783,0.03501369247291525,0.0,5745.581566680211
RL-b8000000-a1.00,rl,0.0,-1,,-1,BT-v2,10081,1,0.0,0,0,1,gun_kill,63.04504911475237,73.94385045212162,57.70118619333845,5.5335412120130005,118.78193518108024,0.0603596505732818,0.05931279163119215,0.0,3379.4134398484057
RL-b8000000-a1.00,rl,0.0,-1,,-1,BT-v2,10082,0,0.5,0,1,0,timeout,31.439984174385554,58.070288139142136,22.0356927574752,5.145114122671443,39.89997760054594,0.028942005643333987,0.0543582932078217,0.0,5342.3030760747915
RL-b8000000-a1.00,rl,0.0,-1,,-1,BT-v2,10082,1,1.0,1,0,0,gun_kill,112.14007631734471,70.86271897839046,80.97541232901443,0.8851596374735751,87.14285795891823,0.06768263025609127,0.04418729661312722,0.0,3235.1383344444444
RL-b8000000-a1.00,rl,0.0,-1,,-1,BT-v2,10083,0,1.0,1,0,0,gun_kill,36.24717097852131,98.95900901576897,91.37484880194575,4.996105165500052,44.07808650455178,0.06944533735614183,0.0798200059292112,0.0,3410.1971940897574
RL-b8000000-a1.00,rl,0.0,-1,,-1,BT-v2,10083,1,0.5,0,1,0,timeout,48.05385735939595,40.444001317102376,11.106406659230894,5.318606468035764,71.86187478907175,0.07487382387196906,0.0581354384907677,0.0,4264.126199123915
RL-b8000000-a1.00,rl,0.0,-1,,-1,BT-v2,10084,0,0.5,0,1,0,timeout,75.10704874328408,48.366251246140045,99.11312047908838,7.176185604787959,117.25487627958503,0.08048982358654148,0.09915514754484768,0.0,4934.693453355876
RL-b8000000-a1.00,rl,0.0,-1,,-1,BT-v2,10084,1,1.0,1,0,0,gun_kill,66.87586612928618,81.76977473552114,38.212004277545,0.26666378484515185,98.1686711197377,0.06456195744932959,0.05009551901651981,0.0,5009.1274383615855
RL-b8000000-a1.00,rl,0.0,-1,,-1,BT-v2,10085,0,0.5,0,1,0,timeout,74.19548614063211,51.40008410782924,32.799654245929666,3.7577671014198506,83.9967579743363,0.08782830717999836,0.06209497917455714,0.0,5219.900028717617
RL-b8000000-a1.00,rl,0.0,-1,,-1,BT-v2,10085,1,1.0,1,0,0,gun_kill,113.61208919310002,35.91625654398386,61.696769763889336,0.6952997827506344,83.8212128885783,0.08820101623971771,0.07182851301410047,0.0,3148.796179421089
RL-b8000000-a1.00,rl,0.0,-1,,-1,BT-v2,10086,0,1.0,1,0,0,gun_kill,103.6768280295251,82.99849963782579,80.28998964783523,5.390934934112604,47.46333842368333,0.06567138364822302,0.028486082471161273,0.0,3413.939508125608
RL-b8000000-a1.00,rl,0.0,-1,,-1,BT-v2,10086,1,0.0,0,0,1,gun_kill,64.18684004713162,35.62172863961954,93.40902169931461,5.740962369782318,40.98273812634943,0.08616705417700748,0.08302087663967012,0.0,4063.264185118989
RL-b8000000-a1.00,rl,0.0,-1,,-1,BT-v2,10087,0,0.5,0,1,0,timeout,76.10283329475126,15.700649429945212,71.17525603381287,2.579917182507721,108.83887914556735,0.0619627148065495,0.1085509209353776,0.0,3728.016571510533
RL-b8000000-a1.00,rl,0.0,-1,,-1,BT-v2,10087,1,0.0,0,0,1,gun_kill,106.92653969154884,1.1215015105680681,69.32234066753192,0.9571450446655492,50.912621564305034,0.06810257191897237,0.05289185345689132,0.0,5802.987860013807
RL-b8000000-a1.00,rl,0.0,-1,,-1,BT-v2,10088,0,1.0,1,0,0,gun_kill,92.08207955098106,14.93569750001874,36.696781318766725,0.6568046090554986,115.47120981374854,0.053198113184701544,0.047669538824173574,0.0,4673.799580199154
RL-b8000000-a1.00,rl,0.0,-1,,-1,BT-v2,10088,1,0.0,0,0,1,gun_kill,88.3796319853493,84.75164160700518,45.64882778737221,3.1102336890346463,111.60779600263324,0.05559959867495783,0.055660368803329606,0.0,3327.6210645431424
RL-b8000000-a1.00,rl,0.0,-1,,-1,BT-v2,10089,0,1.0,1,0,0,gun_kill,69.15371039798242,72.4062591482823,29.686210267885304,5.119247329465799,107.74884258695224,0.04390934599530451,0.03351343655046858,0.0,3710.6544361284446
RL-b8000000-a1.00,rl,0.0,-1,,-1,BT-v2,10089,1,1.0,1,0,0,gun_kill,65.66797139312511,92.74464042245253,49.664262597797645,1.801366563087825,100.87627728266189,0.05827635620676624,0.06136100936624778,0.0,3928.6692880336122
RL-b8000000-a1.00,rl,0.0,-1,,-1,BT-v2,10090,0,1.0,1,0,0,gun_kill,54.97818698800364,40.28348732436916,65.48050340063651,3.525767923621279,96.21488825192594,0.0887439299721822,0.029882775486437446,0.0,3655.7185720426833
RL-b8000000-a1.00,rl,0.0,-1,,-1,BT-v2,10090,1,1.0,1,0,0,gun_kill,119.6846256250935,33.04617060549256,7.04543164458018,3.915641316819668,46.28715563708663,0.058296648228465135,0.0509396723846688,0.0,5955.2458494009425
RL-b8000000-a1.00,rl,0.0,-1,,-1,BT-v2,10091,0,0.5,0,1,0,timeout,64.06008388966458,97.50933701919443,30.89326825112879,0.748482627293944,93.61410127625035,0.07176013508579179,0.06007190730433008,0.0,4646.4794185600795
RL-b8000000-a1.00,rl,0.0,-1,,-1,BT-v2,10091,1,1.0,1,0,0,gun_kill,78.52263551125529,78.13377640736941,45.823685637575,5.182287133402225,73.76882154989258,0.02404605821431026,0.06282667050129348,0.0,5752.10723233435
RL-b8000000-a1.00,rl,0.0,-1,,-1,BT-v2,10092,0,1.0,1,0,0,gun_kill,58.14518110169951,89.10453784171251,94.23332128808924,5.607092481022747,37.82544616346214,0.04615646400860344,0.06132928397629631,0.0,3596.207304290737
RL-b8000000-a1.00,rl,0.0,-1,,-1,BT-v2,10092,1,0.5,0,1,0,timeout,56.829961975297095,14.992227434902484,76.78021101759576,0.07144396527025343,101.12326345391799,0.01836796149761185,0.04993006985008338,0.0,5999.312019841049
RL-b8000000-a1.00,rl,0.0,-1,,-1,BT-v2,10093,0,0.0,0,0,1,gun_kill,49.825679256692915,30.562462876422458,13.576751409532829,3.197510093325559,51.14768920987176,0.06156460699447819,0.06604400132470259,0.0,5410.118094539906
RL-b8000000-a1.00,rl,0.0,-1,,-1,BT-v2,10093,1,0.5,0,1,0,timeout,115.43490035303434,9.134608219181239,90.55372916288216,6.0074471944828245,119.12108909146363,0.07971994091088488,0.04163718278490125,0.0,3420.0278302824536
RL-b8000000-a1.00,rl,0.0,-1,,-1,BT-v2,10094,0,0.0,0,0,1,gun_kill,40.77156427480405,14.479584034624683,26.585162764344517,0.5402564345508827,93.30181948600332,0.03551030291803382,0.060568130911142055,0.0,5457.119699410778
RL-b8000000-a1.00,rl,0.0,-1,,-1,BT-v2,10094,1,1.0,1,0,0,gun_kill,82.99821771765468,3.9628361694537206,79.41401766757816,7.244058962140566,73.1078803771042,0.08032583772179566,0.08252157893265653,0.0,4318.4814066825
RL-b8000000-a1.00,rl,0.0,-1,,-1,BT-v2,10095,0,1.0,1,0,0,gun_kill,95.99503254880752,97.63742144151749,83.58123903650568,1.5066745855191401,106.06208584626265,0.05510709753620927,0.0765798685657266,0.0,5092.459694276564
RL-b8000000-a1.00,rl,0.0,-1,,-1,BT-v2,10095,1,1.0,1,0,0,gun_kill,41.57545294192695,94.26612247100915,21.345920035391497,7.724125883418954,58.76759757615146,0.10208540957116156,0.06084116255153271,0.0,3019.621618965062
RL-b8000000-a1.00,rl,0.0,-1,,-1,BT-v2,10096,0,1.0,1,0,0,gun_kill,31.7530774065181,68.71515239745683,10.892996671637455,4.427499280932114,42.10631196773437,0.08158760547137986,0.040151318847560444,0.0,4072.793336011985
RL-b8000000-a1.00,rl,0.0,-1,,-1,BT-v2,10096,1,1.0,1,0,0,gun_kill,36.478956967488344,61.00935861002568,71.17970194647545,0.15738377410585258,111.21815945584088,0.055979725647008115,0.06489459143863667,0.0,5584.978884039587
RL-b8000000-a1.00,rl,0.0,-1,,-1,BT-v2,10097,0,1.0,1,0,0,gun_kill,107.91600388113544,93.51327890810227,17.26902984127914,1.6518432484001284,56.65416906750778,0.06455577214092922,0.04954767260609501,0.0,3465.19242881398
RL-b8000000-a1.00,rl,0.0,-1,,-1,BT-v2,10097,1,0.0,0,0,1,gun_kill,86.44628974484283,55.4153929890973,1.7084638224491244,0.2940182067394286,89.26351325612322,0.03606417919919595,0.04780141043144459,0.0,5416.715036191941
RL-b8000000-a1.00,rl,0.0,-1,,-1,BT-v2,10098,0,1.0,1,0,0,gun_kill,40.4407467678444,56.82434955898154,27.74905170356111,1.7690241776533657,110.45320034518024,0.053285089984250425,0.038200278503271554,0.0,5592.474143847876
RL-b8000000-a1.00,rl,0.0,-1,,-1,BT-v2,10098,1,0.0,0,0,1,gun_kill,103.35480881381736,67.73840187114504,0.21323327243462087,2.7699156422546594,119.55316476192688,0.05806278464949002,0.035894551035110384,0.0,4568.807171941514
RL-b8000000-a1.00,rl,0.0,-1,,-1,BT-v2,10099,0,1.0,1,0,0,gun_kill,40.08032667110105,83.63568572601054,38.51095936005115,5.694426398403113,72.91052878843334,0.08431463475502948,0.07317343128557535,0.0,5056.427259769333
RL-b8000000-a1.00,rl,0.0,-1,,-1,BT-v2,10099,1,1.0,1,0,0,gun_kill,35.25934513601132,84.86944698835933,12.543915239479652,5.6399413041605,49.81525678052625,0.05531550610945665,0.06774955692245557,0.0,4787.7700010972
RL-b8000000-a1.00,rl,0.0,-1,,-1,BT-v3,10000,0,1.0,1,0,0,gun_kill,84.8081660303518,81.74860775705342,98.85940492724711,0.4661379101495715,31.834851896043023,0.05711590697075767,0.059953779193499424,0.0,5026.115346687865
RL-b8000000-a1.00,rl,0.0,-1,,-1,BT-v3,10000,1,0.0,0,0,1,gun_kill,72.32109799467278,37.559156572397555,90.97172411894798,0.1817381440389747,52.798930893709624,0.052325211742284404,0.04908746278676945,0.0,5127.9256255114515
RL-b8000000-a1.00,rl,0.0,-1,,-1,BT-v3,10001,0,0.0,0,0,1,gun_kill,36.96635673093289,2.444015633013996,9.646227006655517,6.627882247965647,52.81592925541832,0.07327255048675854,0.06176765801924092,0.0,4876.45278069035
RL-b8000000-a1.00,rl,0.0,-1,,-1,BT-v3,10001,1,0.0,0,0,1,gun_kill,91.82482825757805,84.03025537198955,7.942177251079407,1.910200068466736,61.96590085374323,0.06537736160504094,0.03136100943987775,0.0,3028.765930398278
RL-b8000000-a1.00,rl,0.0,-1,,-1,BT-v3,10002,0,0.0,0,0,1,gun_kill,47.24107481836947,40.46585101896623,75.75923104223979,2.149318905092783,102.81128372261327,0.08059524967895318,0.06828387834515662,0.0,5611.659290153769
RL-b8000000-a1.00,rl,0.0,-1,,-1,BT-v3,10002,1,1.0,1,0,0,gun_kill,42.58032860108569,85.38377979428418,53.71313935383337,5.7139497730698015,49.64795609902241,0.05941901939680372,0.04112282092838982,0.0,5559.511710973806
RL-b8000000-a1.00,rl,0.0,-1,,-1,BT-v3,10003,0,0.5,0,1,0,timeout,45.21305668471894,58.71823878647856,75.66582595826318,2.1742059813716894,77.80759693906558,0.05243253964048496,0.07887446026751428,0.0,4052.2350544124683
RL-b8000000-a1.00,rl,0.0,-1,,-1,BT-v3,10003,1,0.5,0,1,0,timeout,40.27711363345792,12.506796638725781,56.5360782106678,7.557808629919791,32.818544300817706,0.06821023078323533,0.024539016046811538,0.0,5258.09209993939
RL-b8000000-a1.00,rl,0.0,-1,,-1,BT-v3,10004,0,1.0,1,0,0,gun_kill,99.21354407240301,64.70100533061229,11.848372090911862,0.49044455799706554,44.896257865709714,0.05648624665090273,0.06864202761332121,0.0,5749.3061213119245
RL-b8000000-a1.00,rl,0.0,-1,,-1,BT-v3,10004,1,1.0,1,0,0,gun_kill,62.95200111412733,80.09464134028968,80.88185150704284,2.5457359261275236,70.66810092068374,0.07451339470919228,0.06751167430789741,0.0,4991.684774939949
RL-b8000000-a1.00,rl,0.0,-1,,-1,BT-v3,10005,0,1.0,1,0,0,gun_kill,64.69161655635742,83.59425820387963,93.13713986192866,1.3193699772540546,59.99511407465407,0.06645701487137419,0.061969481286585575,0.0,4895.521284071455
RL-b8000000-a1.00,rl,0.0,-1,,-1,BT-v3,10005,1,0.0,0,0,1,gun_kill,68.70778342032854,95.96916100367616,2.520685512120324,5.621812271239487,39.03577157734102,0.08362022762764543,0.058821866205174045,0.0,5615.862108314626
RL-b8000000-a1.00,rl,0.0,-1,,-1,BT-v3,10006,0,0.5,0,1,0,timeout,101.13620301932428,77.10868329568152,38.308817018785234,0.5078156437561043,64.85503229120539,0.09596755756130937,0.07149136749275799,0.0,5723.4275415297925
RL-b8000000-a1.00,rl,0.0,-1,,-1,BT-v3,10006,1,0.5,0,1,0,timeout,80.44766323061185,73.7781733136123,75.95443674819995,0.12100697618373157,61.017765790771875,0.06944181836080755,0.05718968793036919,0.0,4414.37311430019
RL-b8000000-a1.00,rl,0.0,-1,,-1,BT-v3,10007,0,1.0,1,0,0,gun_kill,30.694178348228924,18.366141745636767,61.555608299863316,7.356914926175043,75.02175304895358,0.053879208686940336,0.025262004986787052,0.0,4784.016523336906
RL-b8000000-a1.00,rl,0.0,-1,,-1,BT-v3,10007,1,1.0,1,0,0,gun_kill,50.71385847125687,74.97026611731154,95.71428673603303,4.805710411533944,53.49792658330373,0.053418002984130505,0.06094125878068374,0.0,3422.157082166266
RL-b8000000-a1.00,rl,0.0,-1,,-1,BT-v3,10008,0,1.0,1,0,0,gun_kill,34.653368314503595,26.056122187745967,32.597291308753405,3.213172611862949,72.48007373735436,0.08142236648625067,0.09022519416289773,0.0,3060.747693839944
RL-b8000000-a1.00,rl,0.0,-1,,-1,BT-v3,10008,1,1.0,1,0,0,gun_kill,114.35720176370731,67.86853436513915,3.8466423818722117,1.6481152899991418,41.874131590442644,0.03590024469544663,0.09247835128300383,0.0,3683.2919810221906
RL-b8000000-a1.00,rl,0.0,-1,,-1,BT-v3,10009,0,0.0,0,0,1,gun_kill,97.22537773176737,26.273071337601085,63.94239105404963,5.742416765924098,84.69891020307158,0.06513423867579449,0.10205909156882367,0.0,5067.645876166625
RL-b8000000-a1.00,rl,0.0,-1,,-1,BT-v3,10009,1,0.5,0,1,0,timeout,102.7751405946249,73.11897685354766,65.86907023463525,0.6136372804875165,110.86022403631168,0.03878623833821333,0.08068596945270884,0.0,5221.542566482376
RL-b8000000-a1.00,rl,0.0,-1,,-1,BT-v3,10010,0,1.0,1,0,0,gun_kill,76.19146771548188,95.02331036287553,30.085214325501507,3.34664756833664,84.99076783283951,0.03400186897990825,0.074396827352692,0.0,3186.1108416463517
RL-b8000000-a1.00,rl,0.0,-1,,-1,BT-v3,10010,1,0.0,0,0,1,gun_kill,118.05053241225217,55.03799369934782,71.3098802266806,6.442891428502925,119.08111314810984,0.061561173310669376,0.06729813195500906,0.0,5789.2391273423455
RL-b8000000-a1.00,rl,0.0,-1,,-1,BT-v3,10011,0,1.0,1,0,0,gun_kill,42.57750192190745,64.21302383893085,67.33879125941914,6.248443526099977,111.53291965607444,0.06366645124274148,0.04554729697769204,0.0,5744.823411764921
RL-b8000000-a1.00,rl,0.0,-1,,-1,BT-v3,10011,1,1.0,1,0,0,gun_kill,35.13448583099141,5.746490498681933,88.14174349746324,2.609829768224647,42.18175755766756,0.052117016540029405,0.09386393659906891,0.0,4590.400395723504
RL-b8000000-a1.00,rl,0.0,-1,,-1,BT-v3,10012,0,1.0,1,0,0,gun_kill,117.29321964372593,62.86351374568364,95.07585802429675,6.050662116741844,55.10575945623705,0.08271209922194228,0.057113895698238215,0.0,5081.974250036848
RL-b8000000-a1.00,rl,0.0,-1,,-1,BT-v3,10012,1,0.5,0,1,0,timeout,117.76774196456161,57.34919341074895,75.52239485078658,5.699708436084539,118.92221046024608,0.05246853656937733,0.03072352588700967,0.0,3203.222494956334
RL-b8000000-a1.00,rl,0.0,-1,,-1,BT-v3,10013,0,0.0,0,0,1,gun_kill,78.35934547153876,67.67273457147226,76.85526050430236,2.5343570222845058,85.56575915565973,0.05639519050200288,0.04186897670498481,0.0,3566.7310509492195
RL-b8000000-a1.00,rl,0.0,-1,,-1,BT-v3,10013,1,1.0,1,0,0,gun_kill,40.47337556123344,98.06154667691295,94.14867426992468,1.9566910533207187,68.18633658696348,0.08882407593018819,0.07303135327809884,0.0,5161.364024748076
RL-b8000000-a1.00,rl,0.0,-1,,-1,BT-v3,10014,0,1.0,1,0,0,gun_kill,31.51991007236315,99.07247131647262,81.84920005768129,3.9926986604732972,71.49244871730505,0.09071792655756597,0.034276934763725855,0.0,4647.321549138307
RL-b8000000-a1.00,rl,0.0,-1,,-1,BT-v3,10014,1,1.0,1,0,0,gun_kill,67.65943021540218,52.36524296258322,55.601684003329844,5.965455206855532,94.55205403398146,0.09631080237130374,0.05481645725458048,0.0,3975.0476760210527
RL-b8000000-a1.00,rl,0.0,-1,,-1,BT-v3,10015,0,1.0,1,0,0,gun_kill,82.27994223955606,52.34181977440736,14.986719785417257,3.788710354517592,106.2497389717866,0.07214909383383507,0.0640509925951787,0.0,5644.449432475383
RL-b8000000-a1.00,rl,0.0,-1,,-1,BT-v3,10015,1,0.0,0,0,1,gun_kill,55.77285375669835,44.24178119390484,77.28661097276093,7.861878157182362,33.24464095371121,0.0297653955499001,0.03738673433996946,0.0,5585.155640657882
RL-b8000000-a1.00,rl,0.0,-1,,-1,BT-v3,10016,0,1.0,1,0,0,gun_kill,107.01538761059336,52.364981005663665,83.30700454879064,1.7168904032991943,92.27190375037769,0.08312672974145702,0.06595458320486698,0.0,3101.2554270543774
RL-b8000000-a1.00,rl,0.0,-1,,-1,BT-v3,10016,1,1.0,1,0,0,gun_kill,71.10769054276858,89.82303299805334,83.47687532833832,0.3366860818994004,112.30396851155513,0.07170611523782568,0.03524118680558805,0.0,3116.806618786806
RL-b8000000-a1.00,rl,0.0,-1,,-1,BT-v3,10017,0,0.0,0,0,1,gun_kill,40.310446420657925,5.144604621139292,32.40349360840894,5.431455160503329,74.96662959344607,0.06041373905978956,0.03971925785911484,0.0,5563.299535573102
RL-b8000000-a1.00,rl,0.0,-1,,-1,BT-v3,10017,1,1.0,1,0,0,gun_kill,31.052523738491043,8.518210634166811,88.32400199785849,6.174744852660652,102.6264484884685,0.07097916734171927,0.062205537810272514,0.0,5157.596197020731
RL-b8000000-a1.00,rl,0.0,-1,,-1,BT-v3,10018,0,1.0,1,0,0,gun_kill,113.56986482050095,40.73927222798911,93.67846195286907,0.4142702528525488,119.02303305818735,0.0932874903044717,0.05004700659278015,0.0,5942.4228784381085
RL-b8000000-a1.00,rl,0.0,-1,,-1,BT-v3,10018,1,0.0,0,0,1,gun_kill,100.69961001708543,14.173829423315997,73.34672939852396,0.9050710117884266,103.54551616654746,0.054562600922706775,0.07962731129705007,0.0,3699.539005622162
RL-b8000000-a1.00,rl,0.0,-1,,-1,BT-v3,10019,0,1.0,1,0,0,gun_kill,48.83637488213847,55.32436640555341,30.754441292245694,7.798017255199015,86.02273975899533,0.060052167743753784,0.060564330642128066,0.0,4437.709395905657
RL-b8000000-a1.00,rl,0.0,-1,,-1,BT-v3,10019,1,1.0,1,0,0,gun_kill,97.7533741377841,92.0806199739683,37.58638335474559,5.562001000211019,72.37159050294579,0.04845659870511843,0.05614834421348069,0.0,5186.945052529094
RL-b8000000-a1.00,rl,0.0,-1,,-1,BT-v3,10020,0,0.0,0,0,1,gun_kill,115.46235281964964,48.32188908389807,93.9495386057994,2.1758776906456863,79.74563445355312,0.07168880551969442,0.0611676494823994,0.0,3629.9461618905725
RL-b8000000-a1.00,rl,0.0,-1,,-1,BT-v3,10020,1,1.0,1,0,0,gun_kill,63.18411194331303,63.2834268634928,70.30121237315798,6.371639285470722,112.16645038690756,0.07707798463030063,0.060127237835381375,0.0,4481.755712088669
RL-b8000000-a1.00,rl,0.0,-1,,-1,BT-v3,10021,0,1.0,1,0,0,gun_kill,100.38133131431022,3.03865039525697,81.69818921271099,6.16615461394806,116.14382585764564,0.06664991340004374,0.0812076290281602,0.0,5545.559727751749
RL-b8000000-a1.00,rl,0.0,-1,,-1,BT-v3,10021,1,1.0,1,0,0,gun_kill,103.76947536137634,92.16764513260044,68.3586995945576,7.432072843988501,33.61576050426006,0.04393223691985038,0.062251725280045946,0.0,5769.361377544203
RL-b8000000-a1.00,rl,0.0,-1,,-1,BT-v3,10022,0,0.0,0,0,1,gun_kill,66.3788508370217,52.87499592044763,41.174523741851644,5.929616306108639,36.875806816352636,0.0833938577417506,0.061154864322760454,0.0,3125.3577710473573
RL-b8000000-a1.00,rl,0.0,-1,,-1,BT-v3,10022,1,1.0,1,0,0,gun_kill,82.18180626708912,91.7066094603069,39.783058072616186,1.9625251279383376,49.76087458987688,0.06525369201154795,0.08053132699801412,0.0,3026.6144403749863
RL-b8000000-a1.00,rl,0.0,-1,,-1,BT-v3,10023,0,1.0,1,0,0,gun_kill,71.34198477697453,54.666231848249204,36.14970208502351,3.4287961784502903,55.284462689745155,0.027813831895006386,0.02771643478404575,0.0,3687.11394021138
RL-b8000000-a1.00,rl,0.0,-1,,-1,BT-v3,10023,1,1.0,1,0,0,gun_kill,77.06616736404203,84.99992273376434,18.101774328200314,6.182085221654871,113.87941199443618,0.05242412569278525,0.08000536269991416,0.0,4307.316947104504
RL-b8000000-a1.00,rl,0.0,-1,,-1,BT-v3,10024,0,0.5,0,1,0,timeout,39.24939598910072,87.79436386468456,81.46478660870433,0.1598683118515325,52.102490109877344,0.1020047972748501,0.07917965058921314,0.0,3680.482543777306
RL-b8000000-a1.00,rl,0.0,-1,,-1,BT-v3,10024,1,0.5,0,1,0,timeout,57.91324171824996,35.41318828459601,39.6041931424123,3.7622015767631085,66.98792750811305,0.08633062048760282,0.04279424337336358,0.0,4184.32598986278
RL-b8000000-a1.00,rl,0.0,-1,,-1,BT-v3,10025,0,1.0,1,0,0,gun_kill,62.540937180846626,10.821244796608752,53.31662429097788,5.798267805792262,32.52845419553862,0.035579169158676316,0.03500820504453205,0.0,4706.997355989281
RL-b8000000-a1.00,rl,0.0,-1,,-1,BT-v3,10025,1,0.0,0,0,1,gun_kill,104.73974934290175,66.89045404900838,8.415546779058447,7.174961368672837,113.29789309647626,0.05204737000119861,0.06420254705579051,0.0,4288.955649731488
RL-b8000000-a1.00,rl,0.0,-1,,-1,BT-v3,10026,0,0.0,0,0,1,gun_kill,30.72947051543683,77.73203858039027,56.31242847588941,0.20798833322793264,71.07149456736015,0.061588024128425116,0.06302356848543274,0.0,4188.978843081247
RL-b8000000-a1.00,rl,0.0,-1,,-1,BT-v3,10026,1,1.0,1,0,0,gun_kill,95.73663038162738,42.064036861553866,28.75032404719925,2.281129688381994,73.00122392375307,0.056880891833484784,0.08883690579200966,0.0,5099.249122005076
RL-b8000000-a1.00,rl,0.0,-1,,-1,BT-v3,10027,0,1.0,1,0,0,gun_kill,62.05528342518526,42.060940949176995,22.006663372066438,3.3655830276780554,66.58433581731802,0.08921594888783696,0.02966049550601629,0.0,5897.088852851193
RL-b8000000-a1.00,rl,0.0,-1,,-1,BT-v3,10027,1,1.0,1,0,0,gun_kill,42.62002204694568,66.2622390274478,16.42491504048651,5.375988182834259,86.3015620938412,0.056081564151286276,0.04429372525928445,0.0,4015.808988195963
RL-b8000000-a1.00,rl,0.0,-1,,-1,BT-v3,10028,0,1.0,1,0,0,gun_kill,46.319591591844805,19.791180646023896,12.645999478564319,7.010643916507672,105.20840286958534,0.08022953421784217,0.07274263241075868,0.0,3389.559631329702
RL-b8000000-a1.00,rl,0.0,-1,,-1,BT-v3,10028,1,0.0,0,0,1,gun_kill,104.92157607006048,28.533520540081124,10.159862085618066,3.737492777030849,97.171896466631,0.041648254667823605,0.059835764490614333,0.0,3258.4118365094673
RL-b8000000-a1.00,rl,0.0,-1,,-1,BT-v3,10029,0,0.0,0,0,1,gun_kill,116.49766728771206,52.68990655130783,88.16858131067033,4.087382598260237,40.20337117723196,0.07064848634782067,0.034952797880063335,0.0,5862.8357576171675
RL-b8000000-a1.00,rl,0.0,-1,,-1,BT-v3,10029,1,1.0,1,0,0,gun_kill,92.02723812173627,12.802326248336405,58.60414846070776,7.617495424639712,85.61306028282064,0.09695877591990201,0.11435781758695492,0.0,4776.959585169129
RL-b8000000-a1.00,rl,0.0,-1,,-1,BT-v3,10030,0,0.5,0,1,0,timeout,44.79918434097378,24.157053034432295,74.6207781490214,7.025743563148302,112.60144329511303,0.07094522928703959,0.06216426751300292,0.0,5813.368683879766
RL-b8000000-a1.00,rl,0.0,-1,,-1,BT-v3,10030,1,1.0,1,0,0,gun_kill,85.03291727288388,83.37976847993819,29.15720671428992,5.03175905243192,60.314576127131176,0.07941708040937427,0.0874588920123777,0.0,3952.41209443572
RL-b8000000-a1.00,rl,0.0,-1,,-1,BT-v3,10031,0,1.0,1,0,0,gun_kill,73.98957582210242,56.86450465793783,34.86140072374895,2.5810394615501284,31.495949333058956,0.06456496599002728,0.08765657443051177,0.0,3930.505475440386
RL-b8000000-a1.00,rl,0.0,-1,,-1,BT-v3,10031,1,1.0,1,0,0,gun_kill,74.77344691817373,95.12155717185287,8.813921902119192,3.876166624504479,94.31708590572262,0.058058196469005854,0.08394852821060209,0.0,5854.548491007895
RL-b8000000-a1.00,rl,0.0,-1,,-1,BT-v3,10032,0,1.0,1,0,0,gun_kill,40.698748419271716,20.509886704467295,13.789741782190124,4.428304652231961,117.09737093229903,0.0541631024883352,0.057779210331398906,0.0,3192.3849700503847
RL-b8000000-a1.00,rl,0.0,-1,,-1,BT-v3,10032,1,0.0,0,0,1,gun_kill,94.1374627678322,20.500560762436294,89.08558597661312,0.4579683704951032,68.59168586793719,0.057799245695084066,0.06105360395112515,0.0,3759.2100441719977
RL-b8000000-a1.00,rl,0.0,-1,,-1,BT-v3,10033,0,0.0,0,0,1,gun_kill,61.93921089520735,61.09662581534538,7.86739442811677,5.100588387104545,59.95575992938997,0.07500130395746347,0.09151226255474262,0.0,3878.2303655328365
RL-b8000000-a1.00,rl,0.0,-1,,-1,BT-v3,10033,1,1.0,1,0,0,gun_kill,43.634531912602355,47.67144854742469,52.75081397736111,1.8553049726375619,78.74960471950614,0.07816845345524959,0.026302364801049978,0.0,3610.273489905383
RL-b8000000-a1.00,rl,0.0,-1,,-1,BT-v3,10034,0,0.5,0,1,0,timeout,48.91499773473532,52.82442512032778,1.7568742884636168,0.08307814067168806,101.79762488961043,0.02898650115948459,0.0359841116789565,0.0,4388.134605695398
RL-b8000000-a1.00,rl,0.0,-1,,-1,BT-v3,10034,1,1.0,1,0,0,gun_kill,32.796461456759346,38.293781738530285,12.499192995173248,6.220152653513355,117.63185749702929,0.06688942157604484,0.0722720591771839,0.0,5019.487161394254
RL-b8000000-a1.00,rl,0.0,-1,,-1,BT-v3,10035,0,1.0,1,0,0,gun_kill,41.63192516776038,35.97637094996675,7.049441303659954,0.9773382645213946,39.607717515490094,0.04832578163413872,0.05074502588434637,0.0,5837.802238604227
RL-b8000000-a1.00,rl,0.0,-1,,-1,BT-v3,10035,1,1.0,1,0,0,gun_kill,34.89728692944781,74.2907859373938,76.82195735038589,0.2223553019636464,116.06542993872624,0.0549350890746439,0.07065876077470548,0.0,5198.5550525961935
RL-b8000000-a1.00,rl,0.0,-1,,-1,BT-v3,10036,0,1.0,1,0,0,gun_kill,45.969150648298786,73.61848983123564,87.99318656710521,2.0512555362347733,67.0782783136456,0.06598468569468138,0.075332385269519,0.0,4282.284081758185
RL-b8000000-a1.00,rl,0.0,-1,,-1,BT-v3,10036,1,1.0,1,0,0,gun_kill,106.44991474997558,5.232544849126453,64.78837109914124,2.363598333997973,116.42856548590179,0.05978350836560056,0.08074980938204385,0.0,4911.927850612023
RL-b8000000-a1.00,rl,0.0,-1,,-1,BT-v3,10037,0,0.0,0,0,1,gun_kill,47.17277590433494,18.36483497738065,91.31862119924699,1.1526800791763057,106.82665938602179,0.07608077088176474,0.040092874004074706,0.0,4086.136704426467
RL-b8000000-a1.00,rl,0.0,-1,,-1,BT-v3,10037,1,1.0,1,0,0,gun_kill,35.539523509153405,45.40611073571761,95.24874909803775,7.574604902172025,85.61780665329599,0.06959347669984195,0.052059450945720315,0.0,4027.5469290553287
RL-b8000000-a1.00,rl,0.0,-1,,-1,BT-v3,10038,0,0.0,0,0,1,gun_kill,35.611163551068785,18.999283591993976,60.057003530581476,6.108021345593783,30.859574260233078,0.06077294198254313,0.06775451484776687,0.0,5934.367809161981
RL-b8000000-a1.00,rl,0.0,-1,,-1,BT-v3,10038,1,1.0,1,0,0,gun_kill,63.448766527046274,39.406536680893836,21.809548733696882,2.6490705191081636,105.48884231967978,0.051233451580879226,0.08430802948603673,0.0,5951.178301906923
RL-b8000000-a1.00,rl,0.0,-1,,-1,BT-v3,10039,0,1.0,1,0,0,gun_kill,79.30289506388284,88.20171172659137,72.26699065995933,4.332588993905924,57.358642827410044,0.07252085320545694,0.048544334364074765,0.0,3153.665128873414
RL-b8000000-a1.00,rl,0.0,-1,,-1,BT-v3,10039,1,1.0,1,0,0,gun_kill,43.767764201697794,35.995816592707484,19.422582848640534,7.954423080351804,113.86381142124176,0.04005122866351682,0.06440620465649231,0.0,5255.307056204356
RL-b8000000-a1.00,rl,0.0,-1,,-1,BT-v3,10040,0,0.5,0,1,0,timeout,49.78156638629667,76.03575738298436,53.787376491223526,1.2386824515231742,41.19311811351378,0.05749392943429463,0.06274320052872193,0.0,4121.649883890748
RL-b8000000-a1.00,rl,0.0,-1,,-1,BT-v3,10040,1,0.5,0,1,0,timeout,88.78970980493966,3.226677008031986,15.885870275856895,3.576549823126067,41.426793765049766,0.06799504460798896,0.03658830210686298,0.0,5391.9815985915575
RL-b8000000-a1.00,rl,0.0,-1,,-1,BT-v3,10041,0,1.0,1,0,0,gun_kill,101.2977702302106,35.42072487746669,62.805602302162356,6.884791608655204,99.59898979790289,0.019881419277460975,0.053794936102138244,0.0,3585.4177641712586
RL-b8000000-a1.00,rl,0.0,-1,,-1,BT-v3,10041,1,0.5,0,1,0,timeout,104.10265505866673,79.74719938810203,5.7309385915497835,6.084477045788291,48.96561307048728,0.05764177625925299,0.07222830473328792,0.0,4204.619840440983
RL-b8000000-a1.00,rl,0.0,-1,,-1,BT-v3,10042,0,0.0,0,0,1,gun_kill,63.40351054182303,96.20910010581552,52.73897766194536,7.640641092551274,69.235638079768,0.04433951399149457,0.05334722685145124,0.0,3893.8389620297976
RL-b8000000-a1.00,rl,0.0,-1,,-1,BT-v3,10042,1,0.5,0,1,0,timeout,96.5431959106146,1.2186941330422862,82.74486037813485,4.1907080935188405,85.2883946600216,0.08442420172474584,0.05492760830157506,0.0,3461.5167434241785
RL-b8000000-a1.00,rl,0.0,-1,,-1,BT-v3,10043,0,1.0,1,0,0,gun_kill,81.26629051724552,83.41466909883086,43.971529685028045,0.10027580511914813,77.1207817903535,0.054596142029108875,0.07507281238182395,0.0,4620.179473808358
RL-b8000000-a1.00,rl,0.0,-1,,-1,BT-v3,10043,1,1.0,1,0,0,gun_kill,56.64632040063567,96.44372532751149,60.46956063947676,0.3712821606980352,52.676780167393474,0.030371735669821622,0.07946814833887453,0.0,3064.7229515825643
RL-b8000000-a1.00,rl,0.0,-1,,-1,BT-v3,10044,0,1.0,1,0,0,gun_kill,83.7597567841293,38.250029130335896,40.178784482199895,6.765168934117943,87.88937495914314,0.0522882547077828,0.04923052785509428,0.0,4357.611645558808
RL-b8000000-a1.00,rl,0.0,-1,,-1,BT-v3,10044,1,1.0,1,0,0,gun_kill,33.74590105406455,78.27076093563403,79.16534200087808,2.3555555523543026,93.31357318195414,0.0547267558862266,0.10323333371627866,0.0,4677.58266091432
RL-b8000000-a1.00,rl,0.0,-1,,-1,BT-v3,10045,0,1.0,1,0,0,gun_kill,67.36943599800315,91.34059804623512,0.904580972398894,3.730458346004869,91.19440163145201,0.07106502343981835,0.06122844926591178,0.0,3215.79398532145
RL-b8000000-a1.00,rl,0.0,-1,,-1,BT-v3,10045,1,0.5,0,1,0,timeout,59.34506214340198,72.23453805288223,51.77724054882593,4.6552209386293155,86.01416323312014,0.04027504206657339,0.03809747881574049,0.0,5040.735784174195
RL-b8000000-a1.00,rl,0.0,-1,,-1,BT-v3,10046,0,0.5,0,1,0,timeout,43.198473986747196,3.7296631069977937,52.649943476392394,6.011134518392037,100.18405731226426,0.07246103216786251,0.03050135346322517,0.0,4899.160475053353
RL-b8000000-a1.00,rl,0.0,-1,,-1,BT-v3,10046,1,0.0,0,0,1,gun_kill,38.19899543089039,7.8090948837253755,76.22422726942914,1.9113130067242023,104.23886911314435,0.047318756038666185,0.06132593078577282,0.0,4271.404480023428
RL-b8000000-a1.00,rl,0.0,-1,,-1,BT-v3,10047,0,1.0,1,0,0,gun_kill,81.09364933585698,57.33932896079932,13.324308977591869,6.330976565379098,83.85773538275842,0.03428329466503402,0.07255897059014803,0.0,3223.325502791318
RL-b8000000-a1.00,rl,0.0,-1,,-1,BT-v3,10047,1,0.5,0,1,0,timeout,109.39643154407122,90.99528224295047,96.1256911010239,6.199357575665427,33.065820484136125,0.05378548735801229,0.06697400997978292,0.0,4462.774877325408
RL-b8000000-a1.00,rl,0.0,-1,,-1,BT-v3,10048,0,1.0,1,0,0,gun_kill,80.15273436928257,60.51047186647119,94.26391697109311,5.524383412261969,92.51568894502324,0.04961668432215213,0.09071198891057254,0.0,3454.726720148702
RL-b8000000-a1.00,rl,0.0,-1,,-1,BT-v3,10048,1,0.0,0,0,1,gun_kill,37.33244141499664,51.021706318706315,54.72544220566168,6.514999898781943,95.6249768902581,0.0718825031088149,0.04679929274691548,0.0,5625.34537078212
RL-b8000000-a1.00,rl,0.0,-1,,-1,BT-v3,10049,0,1.0,1,0,0,gun_kill,42.5374097578994,3.5566536982841734,50.717511319691496,1.1271669818546135,103.17214652673273,0.04510449972472067,0.04384925229469687,0.0,3766.6547348909926
RL-b8000000-a1.00,rl,0.0,-1,,-1,BT-v3,10049,1,1.0,1,0,0,gun_kill,50.26061469914404,59.959630596850246,97.81740126007337,2.6009312671414913,86.51222569755488,0.04292967913476416,0.05184774451011575,0.0,5910.02883576766
RL-b8000000-a1.00,rl,0.0,-1,,-1,BT-v3,10050,0,0.5,0,1,0,timeout,67.5218625305474,15.78435953430436,91.90115441716856,6.2250377053832,103.77212209421157,0.06937173651253768,0.04553599647379174,0.0,4360.086962550027
RL-b8000000-a1.00,rl,0.0,-1,,-1,BT-v3,10050,1,0.0,0,0,1,gun_kill,68.97872315350571,43.631772888512835,51.258303558677824,3.80144063395229,67.97912005126244,0.019540209720764326,0.08768468056007711,0.0,4964.852708831768
RL-b8000000-a1.00,rl,0.0,-1,,-1,BT-v3,10051,0,1.0,1,0,0,gun_kill,45.40258646991299,39.95593309575204,56.73299771429261,5.951717419979277,83.03137148414302,0.0671255603799676,0.09623146314359571,0.0,4391.620946022431
RL-b8000000-a1.00,rl,0.0,-1,,-1,BT-v3,10051,1,1.0,1,0,0,gun_kill,62.115922762270095,72.12557324542833,43.87100217195537,0.13663271972862745,113.18192443371217,0.0464128317325625,0.07001398253773647,0.0,3364.870037114613
RL-b8000000-a1.00,rl,0.0,-1,,-1,BT-v3,10052,0,0.0,0,0,1,gun_kill,104.8291138027074,52.05425958583365,45.23426983595344,4.719189715843396,95.60513991497363,0.03724928282366638,0.04804383109538396,0.0,4932.2497078984225
RL-b8000000-a1.00,rl,0.0,-1,,-1,BT-v3,10052,1,1.0,1,0,0,gun_kill,38.08122859149681,7.409157776750231,47.0817542970204,3.6803560493620804,42.94673898349062,0.04447037503150571,0.04109966632092976,0.0,3149.359072430312
RL-b8000000-a1.00,rl,0.0,-1,,-1,BT-v3,10053,0,0.0,0,0,1,gun_kill,46.104567851665834,58.50949024813895,98.60131587302546,5.607064627969494,73.30689590972062,0.01307803310800578,0.034316518303222306,0.0,3917.822075093506
RL-b8000000-a1.00,rl,0.0,-1,,-1,BT-v3,10053,1,1.0,1,0,0,gun_kill,59.58073912683161,84.65398097343268,40.70910501178994,3.294715987106075,90.78783029635875,0.07023118364197997,0.07416836570463745,0.0,3197.0416727128522
RL-b8000000-a1.00,rl,0.0,-1,,-1,BT-v3,10054,0,1.0,1,0,0,gun_kill,51.3586321862002,59.49001028644882,47.63188463570468,2.463403717165974,88.68724618712483,0.04865317199397495,0.02692074431434366,0.0,4434.375382265272
RL-b8000000-a1.00,rl,0.0,-1,,-1,BT-v3,10054,1,1.0,1,0,0,gun_kill,44.850525113342194,72.13614422525067,11.159668824219725,2.549327571662716,69.52606473813645,0.08500799003015727,0.051640096470350144,0.0,5214.459067890542
RL-b8000000-a1.00,rl,0.0,-1,,-1,BT-v3,10055,0,0.0,0,0,1,gun_kill,42.63953673301236,13.276080708409854,4.851553173812495,5.492279115839017,67.10370191166766,0.0830504546517842,0.009370798439771857,0.0,3231.2898775664726
RL-b8000000-a1.00,rl,0.0,-1,,-1,BT-v3,10055,1,1.0,1,0,0,gun_kill,96.14836401648292,2.5074253757318643,52.34746433360223,3.2042012480754094,105.31626119426434,0.06918889723762206,0.04145805200114086,0.0,4347.066105739164
RL-b8000000-a1.00,rl,0.0,-1,,-1,BT-v3,10056,0,0.0,0,0,1,gun_kill,58.31295593536977,35.26738591878307,96.92598840272821,6.439227491444831,93.13814757359393,0.06425496953179609,0.04577042800821003,0.0,4084.0321852270336
RL-b8000000-a1.00,rl,0.0,-1,,-1,BT-v3,10056,1,0.0,0,0,1,gun_kill,84.35435769536012,10.654205041864218,15.673790234466411,5.299029292526114,101.82740489616803,0.06802494339091467,0.028074914651791204,0.0,4263.579626346746
RL-b8000000-a1.00,rl,0.0,-1,,-1,BT-v3,10057,0,0.0,0,0,1,gun_kill,87.55788868973474,71.37239673004524,60.347851540149755,7.20729740283968,82.41727834974884,0.05876115230883213,0.0634946763101775,0.0,5452.56915425626
RL-b8000000-a1.00,rl,0.0,-1,,-1,BT-v3,10057,1,1.0,1,0,0,gun_kill,56.94991009204678,37.82893786277239,3.1108650022827478,4.905170766885205,100.92299149447803,0.05519187559603327,0.062014939697211335,0.0,4131.1300044534355
RL-b8000000-a1.00,rl,0.0,-1,,-1,BT-v3,10058,0,0.0,0,0,1,gun_kill,40.82262623071982,89.12561901655722,42.19912681218839,3.5924550466988574,68.21906382155805,0.06486299482939836,0.07719540204682654,0.0,3515.2985579121278
RL-b8000000-a1.00,rl,0.0,-1,,-1,BT-v3,10058,1,0.0,0,0,1,gun_kill,105.51134381531031,23.909530854173678,94.73406544530576,4.075315189077279,103.83538002100664,0.04430230972093004,0.07126909269601836,0.0,5447.146203556312
RL-b8000000-a1.00,rl,0.0,-1,,-1,BT-v3,10059,0,0.0,0,0,1,gun_kill,101.27926316718302,23.666309687821784,25.292165966782864,6.623615030304651,42.453631685092574,0.052583567660121164,0.046494296010939316,0.0,4367.673586509207
RL-b8000000-a1.00,rl,0.0,-1,,-1,BT-v3,10059,1,1.0,1,0,0,gun_kill,71.22826008664495,49.24390834097754,52.95866436001144,7.354031380946117,34.01414165906899,0.06326778809308048,0.08584233870028676,0.0,4914.188369593607
RL-b8000000-a1.00,rl,0.0,-1,,-1,BT-v3,10060,0,0.5,0,1,0,timeout,44.80179599261497,46.89263910388042,83.05033965134575,1.5925640980164655,88.80552562080598,0.08242503546416662,0.05949640498302776,0.0,3036.1076752438858
RL-b8000000-a1.00,rl,0.0,-1,,-1,BT-v3,10060,1,1.0,1,0,0,gun_kill,50.18173370922014,70.87611850793861,62.06396304598499,3.505529048863357,102.14606618635457,0.08311287003764652,0.04330713267851512,0.0,3816.5794944162367
RL-b8000000-a1.00,rl,0.0,-1,,-1,BT-v3,10061,0,1.0,1,0,0,gun_kill,85.95012192899844,98.59238897183809,0.2412164957442453,1.7233488767753933,43.60928858025937,0.07090971647491585,0.04878283415384936,0.0,5718.727618488923
RL-b8000000-a1.00,rl,0.0,-1,,-1,BT-v3,10061,1,1.0,1,0,0,gun_kill,45.13916712427451,43.05907631415621,55.545497438586025,1.655796063378708,44.15022905724833,0.04644405076553175,0.08614943083099186,0.0,5014.4247124712365
RL-b8000000-a1.00,rl,0.0,-1,,-1,BT-v3,10062,0,1.0,1,0,0,gun_kill,31.88767643905991,81.68527506165425,44.41959691060286,3.119278741369037,35.881793850523046,0.07610136616767575,0.06656168194201598,0.0,3459.9695304486904
RL-b8000000-a1.00,rl,0.0,-1,,-1,BT-v3,10062,1,0.5,0,1,0,timeout,73.8516329330564,45.36009083030288,18.269086140068612,2.7598468853397655,36.9181226287432,0.058326363944950346,0.07408872164319051,0.0,5408.807511513947
RL-b8000000-a1.00,rl,0.0,-1,,-1,BT-v3,10063,0,0.0,0,0,1,gun_kill,43.26732911432075,0.7313728265290198,94.28649149626756,0.8202857935874741,108.84321769515795,0.0578531491313333,0.09642074921839364,0.0,5391.198608316675
RL-b8000000-a1.00,rl,0.0,-1,,-1,BT-v3,10063,1,1.0,1,0,0,gun_kill,33.908472805974654,93.16030625095303,15.118625385605867,3.427195256453208,87.8127627019382,0.07886328106927601,0.07132912172481826,0.0,4470.453188059396
RL-b8000000-a1.00,rl,0.0,-1,,-1,BT-v3,10064,0,1.0,1,0,0,gun_kill,84.4351154606617,30.140586564068215,83.08443694414522,1.1447384781719965,74.42649781090412,0.03785577637682245,0.061193292647229704,0.0,4648.368478949725
RL-b8000000-a1.00,rl,0.0,-1,,-1,BT-v3,10064,1,1.0,1,0,0,gun_kill,46.06111509854989,90.59588561454417,23.242730846467964,6.55950628528797,48.881410489435595,0.07990283706727733,0.06704159325392695,0.0,4567.1675744835775
RL-b8000000-a1.00,rl,0.0,-1,,-1,BT-v3,10065,0,0.5,0,1,0,timeout,36.50226587300197,99.43743269290988,1.8742920213257852,7.0047497162070975,100.66220864086331,0.05765016761747011,0.04596265028567389,0.0,4617.233944957741
RL-b8000000-a1.00,rl,0.0,-1,,-1,BT-v3,10065,1,0.5,0,1,0,timeout,78.33949234251,77.47913764405024,46.04188930973875,3.189605800928196,85.11021129463191,0.048515579126133454,0.05041576562850735,0.0,5494.761487040398
RL-b8000000-a1.00,rl,0.0,-1,,-1,BT-v3,10066,0,0.5,0,1,0,timeout,38.40079463728614,45.18881619496092,39.076903485516,1.6665339580418568,52.87466500226566,0.08750711652584511,0.10048726379735262,0.0,5058.685687796745
RL-b8000000-a1.00,rl,0.0,-1,,-1,BT-v3,10066,1,0.0,0,0,1,gun_kill,92.40382473737878,84.22922928439928,84.4557465299546,5.628055700792297,93.5377988148418,0.06234811659206301,0.037652156538846744,0.0,3351.40564043297
RL-b8000000-a1.00,rl,0.0,-1,,-1,BT-v3,10067,0,0.5,0,1,0,timeout,66.84456430154918,13.616317354546148,92.86609015996939,0.3425159463054941,31.217812383306025,0.0691614446199353,0.07149486682572659,0.0,3624.027137890775
RL-b8000000-a1.00,rl,0.0,-1,,-1,BT-v3,10067,1,1.0,1,0,0,gun_kill,115.25109823935249,42.60525992392612,79.5629088651088,6.3235445519472675,49.13111461341107,0.08611260181736151,0.04981102153315573,0.0,3412.6733492337708
RL-b8000000-a1.00,rl,0.0,-1,,-1,BT-v3,10068,0,0.0,0,0,1,gun_kill,42.896653259521955,79.15831083711883,87.04960809474414,5.889633326114044,98.76862111279334,0.06624929459521695,0.05087320154570437,0.0,3014.7407694225944
RL-b8000000-a1.00,rl,0.0,-1,,-1,BT-v3,10068,1,1.0,1,0,0,gun_kill,112.0833062790516,31.04967495252312,8.423059386020526,7.285860780064234,113.32477993561182,0.03783990504212884,0.0729854976680968,0.0,3598.688298286889
RL-b8000000-a1.00,rl,0.0,-1,,-1,BT-v3,10069,0,1.0,1,0,0,gun_kill,89.21829375150156,67.40552788043153,82.37661835575034,1.4422758069200468,94.45143549258623,0.05359677815390097,0.03027885334999759,0.0,4210.019458664625
RL-b8000000-a1.00,rl,0.0,-1,,-1,BT-v3,10069,1,1.0,1,0,0,gun_kill,52.647504316920276,97.8904387804895,88.33013321897403,1.059439844414821,47.44309505815427,0.08362558298290984,0.05080317079472065,0.0,4953.059262939345
RL-b8000000-a1.00,rl,0.0,-1,,-1,BT-v3,10070,0,1.0,1,0,0,gun_kill,110.18343497928996,45.10513220183806,55.330403721061735,6.803715491143331,104.18188625951146,0.012634060384395886,0.06390106431870195,0.0,3931.7419440859862
RL-b8000000-a1.00,rl,0.0,-1,,-1,BT-v3,10070,1,1.0,1,0,0,gun_kill,44.90572543683676,27.543946236689287,72.22407334366231,3.63265533540383,44.96902550379976,0.041911436521815296,0.05202747000242036,0.0,5453.590721921884
RL-b8000000-a1.00,rl,0.0,-1,,-1,BT-v3,10071,0,0.0,0,0,1,gun_kill,45.157130004394325,63.898576908501944,15.395092249527774,5.747596725461937,36.84364607294756,0.029985269742584655,0.05539194051570895,0.0,5541.6379839206775
RL-b8000000-a1.00,rl,0.0,-1,,-1,BT-v3,10071,1,0.0,0,0,1,gun_kill,84.56574380737385,70.27912062825382,52.779738372138354,6.790653308086402,48.082264822510126,0.06697817888809088,0.0843581529326124,0.0,3725.193654104194
RL-b8000000-a1.00,rl,0.0,-1,,-1,BT-v3,10072,0,1.0,1,0,0,gun_kill,91.91548447286138,90.46583540816071,10.324688247788238,3.0231982182473747,42.73637323689576,0.05613010430672467,0.04740915282864251,0.0,4487.803748366839
RL-b8000000-a1.00,rl,0.0,-1,,-1,BT-v3,10072,1,0.0,0,0,1,gun_kill,91.42218928006824,30.790195604714153,59.354439800496635,7.314711213980839,34.807113802503984,0.05102152368420994,0.0537827912781369,0.0,5463.743186437512
RL-b8000000-a1.00,rl,0.0,-1,,-1,BT-v3,10073,0,1.0,1,0,0,gun_kill,53.29944924919478,44.47435356186516,83.2204576981915,6.30771713714507,43.815064022622025,0.06908505784645416,0.05251278444518759,0.0,3077.7187185609137
RL-b8000000-a1.00,rl,0.0,-1,,-1,BT-v3,10073,1,1.0,1,0,0,gun_kill,45.956159375738864,95.14345921748723,34.93676249070495,0.0298603466357914,101.27132676091476,0.08566930584266487,0.043825832575513285,0.0,3960.164307807269
RL-b8000000-a1.00,rl,0.0,-1,,-1,BT-v3,10074,0,1.0,1,0,0,gun_kill,114.12586962155873,37.79140264328965,88.9124673411104,3.0280491208209366,42.359542702840436,0.0525227638914962,0.04425689782943785,0.0,5429.771385380166
RL-b8000000-a1.00,rl,0.0,-1,,-1,BT-v3,10074,1,1.0,1,0,0,gun_kill,39.577232598006916,60.48893307512184,29.200293400076315,0.595230274336445,90.65880439914585,0.057365418731224166,0.055309381690420885,0.0,3776.533183942074
RL-b8000000-a1.00,rl,0.0,-1,,-1,BT-v3,10075,0,1.0,1,0,0,gun_kill,111.64909544565849,72.61725405350076,93.8022592151935,6.180785988760657,117.48245546010142,0.05358106350368068,0.05678792066893223,0.0,3087.242426928341
RL-b8000000-a1.00,rl,0.0,-1,,-1,BT-v3,10075,1,1.0,1,0,0,gun_kill,38.66488236641088,79.85545605355445,26.29667133168959,4.720608834649175,49.462909991460236,0.045792605399129785,0.02431535604860388,0.0,5494.645457732186
RL-b8000000-a1.00,rl,0.0,-1,,-1,BT-v3,10076,0,0.0,0,0,1,gun_kill,36.59052571115409,49.081183792755425,77.2745777270622,6.58554196060306,41.1080189817713,0.05971864346030302,0.07330879098394172,0.0,4059.352135607378
RL-b8000000-a1.00,rl,0.0,-1,,-1,BT-v3,10076,1,0.5,0,1,0,timeout,67.54040145801409,53.01414610378239,26.23865773719416,7.528693326415527,103.34709425445796,0.05882982868702174,0.051531331682100626,0.0,5042.9496187676605
RL-b8000000-a1.00,rl,0.0,-1,,-1,BT-v3,10077,0,1.0,1,0,0,gun_kill,77.92840990029919,37.31233051797507,34.74690932242449,2.3964366465959923,55.95152751829625,0.0858199846190746,0.045655480398483925,0.0,3594.6732364114405
RL-b8000000-a1.00,rl,0.0,-1,,-1,BT-v3,10077,1,0.0,0,0,1,gun_kill,43.69678471326034,44.93215252735303,85.06403757819709,4.864608975684872,32.72476781997836,0.049529613356818304,0.03574515302684453,0.0,4252.106024041125
RL-b8000000-a1.00,rl,0.0,-1,,-1,BT-v3,10078,0,1.0,1,0,0,gun_kill,80.56386246959755,62.63174384232367,20.903058700786193,7.073197366061451,110.0603392648967,0.051409799703310756,0.04010589341714278,0.0,3030.0286117194332
RL-b8000000-a1.00,rl,0.0,-1,,-1,BT-v3,10078,1,0.5,0,1,0,timeout,67.47198149411557,80.78963614325626,70.53389485471236,1.9513499209326648,106.38641346688347,0.037109280242364526,0.04132253921779508,0.0,4592.971318541183
RL-b8000000-a1.00,rl,0.0,-1,,-1,BT-v3,10079,0,1.0,1,0,0,gun_kill,67.4876815867457,69.70478902741665,52.04822405007222,2.834457581431143,105.89733660506866,0.05194284352699127,0.04799158874468931,0.0,5548.339823238359
RL-b8000000-a1.00,rl,0.0,-1,,-1,BT-v3,10079,1,1.0,1,0,0,gun_kill,110.44210385949043,94.27934097437722,12.115378063284176,4.459542435185153,99.02848118798227,0.07702036242953758,0.05110635880219722,0.0,3539.18585181452
RL-b8000000-a1.00,rl,0.0,-1,,-1,BT-v3,10080,0,0.0,0,0,1,gun_kill,40.09034424522527,39.07764782030726,74.56152405939666,1.69413579082633,54.13435613827555,0.06751683564176214,0.07080952373325106,0.0,4774.118762790315
RL-b8000000-a1.00,rl,0.0,-1,,-1,BT-v3,10080,1,1.0,1,0,0,gun_kill,91.92968329534663,39.11191884610208,5.893157048305686,7.229943403288315,58.27334655862351,0.0459074762972276,0.10149935312189215,0.0,4600.6803153051405
RL-b8000000-a1.00,rl,0.0,-1,,-1,BT-v3,10081,0,0.5,0,1,0,timeout,47.34971672823211,63.2036249403097,79.35100713610962,4.640238512186985,62.82951176184068,0.05268619359224983,0.03640852465534683,0.0,3165.479339813192
RL-b8000000-a1.00,rl,0.0,-1,,-1,BT-v3,10081,1,0.0,0,0,1,gun_kill,34.06291201409866,29.310120060594393,57.18061316872198,6.9768937150509895,61.841107348904515,0.05076503629868412,0.03666573199967994,0.0,5339.579969906221
RL-b8000000-a1.00,rl,0.0,-1,,-1,BT-v3,10082,0,0.0,0,0,1,gun_kill,62.27571178115244,55.53378824208255,5.285220400716428,6.581652098390479,109.300938964493,0.06743876040744724,0.08080891033602935,0.0,3858.100644260323
RL-b8000000-a1.00,rl,0.0,-1,,-1,BT-v3,10082,1,0.5,0,1,0,timeout,100.84423330570316,98.09594785281168,5.464407756912637,2.303144112010007,71.66606966450851,0.06529576290282382,0.06093337673173747,0.0,5412.3232787846355
RL-b8000000-a1.00,rl,0.0,-1,,-1,BT-v3,10083,0,0.0,0,0,1,gun_kill,118.82179076596698,53.21098147209522,45.88709428723586,5.02603847468147,119.31753212974665,0.03543987966600351,0.038123263459130724,0.0,5159.041566555201
RL-b8000000-a1.00,rl,0.0,-1,,-1,BT-v3,10083,1,0.0,0,0,1,gun_kill,34.35831228305222,41.46146425035195,72.4523612596836,3.175221909843759,88.21616715473863,0.03465496993466173,0.054151564408604885,0.0,3675.318729352594
RL-b8000000-a1.00,rl,0.0,-1,,-1,BT-v3,10084,0,0.5,0,1,0,timeout,32.094463233865724,81.84980328494935,95.54337270754723,4.642307552779558,33.25885018572809,0.08131174818487445,0.06669176320501422,0.0,4258.6299712025575
RL-b8000000-a1.00,rl,0.0,-1,,-1,BT-v3,10084,1,0.0,0,0,1,gun_kill,108.13687815216348,47.71305782154245,72.75963114834948,6.85826863860016,96.36102658179243,0.061330296872582124,0.08201864826794525,0.0,5357.780722427403
RL-b8000000-a1.00,rl,0.0,-1,,-1,BT-v3,10085,0,0.0,0,0,1,gun_kill,34.327489059185616,94.5109256072034,56.30636013761927,7.011342585668332,113.17905698949039,0.05473422680032549,0.03821257384641592,0.0,5825.270165714185
RL-b8000000-a1.00,rl,0.0,-1,,-1,BT-v3,10085,1,1.0,1,0,0,gun_kill,89.93007356573806,52.15861689084322,22.553107010820295,1.6591516593924247,72.19719593319809,0.03235814521866736,0.07758273340574043,0.0,4240.61552469602
RL-b8000000-a1.00,rl,0.0,-1,,-1,BT-v3,10086,0,0.5,0,1,0,timeout,52.35820549017406,31.670784219690674,96.62180609883966,1.6890100654940552,45.484890299546294,0.06466717375627784,0.07247350892714073,0.0,4988.917705843873
RL-b8000000-a1.00,rl,0.0,-1,,-1,BT-v3,10086,1,0.5,0,1,0,timeout,101.47761365022008,32.10808342863724,1.882567464185414,2.364684761402212,92.619431306721,0.02510300317583599,0.05207393378893598,0.0,5499.06718334202
RL-b8000000-a1.00,rl,0.0,-1,,-1,BT-v3,10087,0,1.0,1,0,0,gun_kill,97.29212596779834,12.514243175167294,48.87649288610481,0.17118984471186316,42.463673633638756,0.0636732871613626,0.05157677819009946,0.0,5464.053915259388
RL-b8000000-a1.00,rl,0.0,-1,,-1,BT-v3,10087,1,1.0,1,0,0,gun_kill,118.6137995347791,52.0083260913291,26.15856097961826,1.6878053419118304,87.36836089284921,0.055317381044989636,0.052393115059665867,0.0,5228.866314520366
RL-b8000000-a1.00,rl,0.0,-1,,-1,BT-v3,10088,0,0.5,0,1,0,timeout,43.63118137715514,13.79510473589961,48.73922453816908,5.56645138799568,99.354450515681,0.05518908652521001,0.015349285517624746,0.0,5883.776814559955
RL-b8000000-a1.00,rl,0.0,-1,,-1,BT-v3,10088,1,1.0,1,0,0,gun_kill,85.62403174416025,92.27237586298409,88.49327907351378,4.983060284971768,90.89087806546436,0.052795511801141816,0.039169232729731024,0.0,5838.9996468623385
RL-b8000000-a1.00,rl,0.0,-1,,-1,BT-v3,10089,0,0.5,0,1,0,timeout,67.1867331667172,57.77723322599249,20.338580603840008,7.972007819625934,31.369230571351647,0.07621582616686796,0.09074952077531422,0.0,4808.186138034311
RL-b8000000-a1.00,rl,0.0,-1,,-1,BT-v3,10089,1,0.5,0,1,0,timeout,32.72004469875774,97.45589138933019,0.7618231313537893,5.703972166098375,83.3700595503406,0.038878457643185954,0.03105323239933547,0.0,5210.645173587232
RL-b8000000-a1.00,rl,0.0,-1,,-1,BT-v3,10090,0,1.0,1,0,0,gun_kill,97.734806275475,32.89484527575179,68.64578227084813,0.2534057238814267,69.04537145672857,0.07392111277773178,0.04243407868026117,0.0,3911.808533136114
RL-b8000000-a1.00,rl,0.0,-1,,-1,BT-v3,10090,1,0.0,0,0,1,gun_kill,50.5746879521909,83.14510578045484,35.712541219602514,5.871309808491111,73.1152637228914,0.06735226377876226,0.06551870572939669,0.0,4346.767362486829
RL-b8000000-a1.00,rl,0.0,-1,,-1,BT-v3,10091,0,1.0,1,0,0,gun_kill,100.57204195864978,61.74149164804267,78.46054066309848,1.528643107881737,93.80141013372905,0.07447494637864453,0.06715430204734814,0.0,4440.407592099023
RL-b8000000-a1.00,rl,0.0,-1,,-1,BT-v3,10091,1,1.0,1,0,0,gun_kill,119.39336851743084,71.0592744887889,1.051863225994798,2.2287854006670598,72.33737806462446,0.06466985074358421,0.05557781678092664,0.0,3822.9069823378913
RL-b8000000-a1.00,rl,0.0,-1,,-1,BT-v3,10092,0,1.0,1,0,0,gun_kill,82.08432156820906,24.724685213225083,99.47749428176395,0.6774959819288036,117.92212847981695,0.036941227546251294,0.04019893716720928,0.0,3828.3360650568566
RL-b8000000-a1.00,rl,0.0,-1,,-1,BT-v3,10092,1,0.5,0,1,0,timeout,79.1173466375443,71.36504950661401,46.69650977401805,3.888358185005499,34.0378908107406,0.07402535275285331,0.07375850204135137,0.0,3328.8296317606537
RL-b8000000-a1.00,rl,0.0,-1,,-1,BT-v3,10093,0,0.0,0,0,1,gun_kill,58.098318041431554,2.2595174195450207,76.03774542406991,7.045320758033921,116.2692891167255,0.08270194411327306,0.053627439098820555,0.0,3107.5078613627174
RL-b8000000-a1.00,rl,0.0,-1,,-1,BT-v3,10093,1,1.0,1,0,0,gun_kill,55.53957269462557,82.5810360754142,63.63340797799661,7.199812046122908,62.87142485653822,0.07805073197170324,0.0767029660361801,0.0,5915.37294204723
RL-b8000000-a1.00,rl,0.0,-1,,-1,BT-v3,10094,0,1.0,1,0,0,gun_kill,46.66768157511912,96.77270255641115,39.53765620547466,3.943179847634183,68.44003936149798,0.07432292016770874,0.05670873797366174,0.0,5266.195980059332
RL-b8000000-a1.00,rl,0.0,-1,,-1,BT-v3,10094,1,0.5,0,1,0,timeout,94.45098032794698,54.886781211697624,51.98172230773005,4.797519323192837,82.11820498155147,0.059750971307925636,0.04843089030370463,0.0,3715.4261929464765
RL-b8000000-a1.00,rl,0.0,-1,,-1,BT-v3,10095,0,1.0,1,0,0,gun_kill,108.79309764245639,3.895194791565859,93.1046394818497,4.614315219413852,35.49433230948552,0.08419926462031742,0.0460436569505306,0.0,5376.6772421902415
RL-b8000000-a1.00,rl,0.0,-1,,-1,BT-v3,10095,1,0.5,0,1,0,timeout,45.9602881375975,67.18793244618998,15.770311055578112,1.2414360455754867,94.87344583281191,0.08167324440942417,0.03054921982970799,0.0,5269.471693209768
RL-b8000000-a1.00,rl,0.0,-1,,-1,BT-v3,10096,0,1.0,1,0,0,gun_kill,83.85700237383571,5.965672682240886,77.98800846699015,5.531212522868645,56.35375968863793,0.0330262363941624,0.05955896517709473,0.0,3510.98279636953
RL-b8000000-a1.00,rl,0.0,-1,,-1,BT-v3,10096,1,1.0,1,0,0,gun_kill,84.89453268269335,28.134317123716457,83.01608534812813,1.9448509962125673,117.68798445785349,0.0672873271519059,0.04762524786652094,0.0,3603.8749075467395
RL-b8000000-a1.00,rl,0.0,-1,,-1,BT-v3,10097,0,1.0,1,0,0,gun_kill,90.62490791041398,85.22390755472078,3.7526440927456606,0.6633366663174094,69.25322472441528,0.05537164393864641,0.07100651426249097,0.0,3817.207456454466
RL-b8000000-a1.00,rl,0.0,-1,,-1,BT-v3,10097,1,1.0,1,0,0,gun_kill,81.84254358811319,74.81485362001347,8.219560699840756,2.5965424621080997,77.75345491271372,0.03797632511698335,0.05582100493394222,0.0,4999.463028295131
RL-b8000000-a1.00,rl,0.0,-1,,-1,BT-v3,10098,0,0.5,0,1,0,timeout,86.89492308197646,82.3063428653853,90.23003164030415,1.1323501660486501,76.21870948337093,0.06470419057743841,0.07506812259538173,0.0,5577.105060245998
RL-b8000000-a1.00,rl,0.0,-1,,-1,BT-v3,10098,1,1.0,1,0,0,gun_kill,44.869339109807385,23.858990264883406,72.94658825300243,6.758544772173397,114.45594023278927,0.07382524767022622,0.050695606156306985,0.0,4752.024038549134
RL-b8000000-a1.00,rl,0.0,-1,,-1,BT-v3,10099,0,1.0,1,0,0,gun_kill,90.42113884926599,86.21415717820042,20.914542064167584,3.6464816371982582,79.07148295517598,0.04221619498985901,0.06795915125595015,0.0,4452.454464787674
RL-b8000000-a1.00,rl,0.0,-1,,-1,BT-v3,10099,1,1.0,1,0,0,gun_kill,109.6706319624746,81.60569921259577,29.772574218005012,3.0269401898071564,41.37764672215418,0.06085172312751435,0.037099388242022885,0.0,5161.2770389668585
