opponent,cond_a,cond_b,mean_a,mean_b,diff,n,p_raw,p_holm,significant
BT-v2,BT-v1,BT-v2,0.3675,0.5,-0.1325,100,4.5185840273074774e-11,3.641978726009827e-08,True
BT-v2,BT-v1,BT-v3,0.3675,0.2125,0.155,100,1.9498483953663357e-06,0.0013512449379888705,True
BT-v2,BT-v1,BTO-s0-b300,0.3675,0.3825,-0.015000000000000013,100,0.2683941837331588,1.0,False
BT-v2,BT-v1,BTO-s1-b300,0.3675,0.3575,0.010000000000000009,100,0.9150403554584386,1.0,False
BT-v2,BT-v1,BTO-s2-b300,0.3675,0.4225,-0.05499999999999999,100,0.09080764870310055,1.0,False
BT-v2,BT-v1,GATE-s1-b200,0.3675,0.4825,-0.11499999999999999,100,5.5562999018666985e-06,0.0037338335340544215,True
BT-v2,BT-v1,HYB-s11-b300-a0.50,0.3675,0.4575,-0.09000000000000002,100,0.00016708532719207083,0.1014555388822878,False
BT-v2,BT-v1,PPO-s0-b1500000,0.3675,0.2225,0.145,100,3.021611407840874e-05,0.019277880782024776,True
BT-v2,BT-v1,RES-s0-b200,0.3675,0.445,-0.07750000000000001,100,0.002018418517729665,1.0,False
BT-v2,BT-v1,RL-s0-b300-a1.00,0.3675,0.455,-0.08750000000000002,100,0.0007808899610233536,0.4404219380171714,False
BT-v2,BT-v1,RL-s1-b300-a1.00,0.3675,0.375,-0.007500000000000007,100,0.9860498890618823,1.0,False
BT-v2,BT-v1,RL-s10-b300-a1.00,0.3675,0.405,-0.03750000000000003,100,0.15173253305346562,1.0,False
BT-v2,BT-v1,RL-s11-b300-a1.00,0.3675,0.44,-0.07250000000000001,100,0.005709624395726126,1.0,False
BT-v2,BT-v1,RL-s12-b300-a1.00,0.3675,0.3025,0.065,100,0.050634627612793484,1.0,False
BT-v2,BT-v1,RL-s13-b300-a1.00,0.3675,0.3525,0.015000000000000013,100,0.4129186399913858,1.0,False
BT-v2,BT-v1,RL-s14-b300-a1.00,0.3675,0.155,0.2125,100,3.948514988668561e-10,3.103532781093489e-07,True
BT-v2,BT-v1,RL-s15-b300-a1.00,0.3675,0.375,-0.007500000000000007,100,0.6232664841687103,1.0,False
BT-v2,BT-v1,RL-s16-b300-a1.00,0.3675,0.3525,0.015000000000000013,100,0.3798868590257536,1.0,False
BT-v2,BT-v1,RL-s17-b300-a1.00,0.3675,0.395,-0.027500000000000024,100,0.509838039793719,1.0,False
BT-v2,BT-v1,RL-s18-b300-a1.00,0.3675,0.2825,0.08500000000000002,100,0.00661087261634039,1.0,False
BT-v2,BT-v1,RL-s19-b300-a1.00,0.3675,0.4275,-0.06,100,0.04016198540887134,1.0,False
BT-v2,BT-v1,RL-s2-b300-a1.00,0.3675,0.3875,-0.020000000000000018,100,0.28272257159460046,1.0,False
BT-v2,BT-v1,RL-s3-b300-a1.00,0.3675,0.37,-0.0025000000000000022,100,0.9524226962301212,1.0,False
BT-v2,BT-v1,RL-s4-b300-a1.00,0.3675,0.4175,-0.04999999999999999,100,0.04503895443433236,1.0,False
BT-v2,BT-v1,RL-s5-b300-a1.00,0.3675,0.385,-0.017500000000000016,100,0.540621526726357,1.0,False
BT-v2,BT-v1,RL-s6-b300-a1.00,0.3675,0.3825,-0.015000000000000013,100,0.3940111528020642,1.0,False
BT-v2,BT-v1,RL-s7-b300-a1.00,0.3675,0.395,-0.027500000000000024,100,0.14430175954639968,1.0,False
BT-v2,BT-v1,RL-s8-b300-a1.00,0.3675,0.3325,0.034999999999999976,100,0.18072957860634753,1.0,False
BT-v2,BT-v1,RL-s9-b300-a1.00,0.3675,0.44,-0.07250000000000001,100,0.009255725732203653,1.0,False
BT-v2,BT-v1,SHD-s11-b300,0.3675,0.3325,0.034999999999999976,100,0.15846763243298712,1.0,False
BT-v2,BT-v2,BT-v3,0.5,0.2125,0.2875,100,8.402917591754405e-14,7.167688705766507e-11,True
BT-v2,BT-v2,BTO-s0-b300,0.5,0.3825,0.1175,100,1.996479279839873e-06,0.0013815636616491922,True
BT-v2,BT-v2,BTO-s1-b300,0.5,0.3575,0.14250000000000002,100,1.2299128796792828e-06,0.0008670885801738944,True
BT-v2,BT-v2,BTO-s2-b300,0.5,0.4225,0.07750000000000001,100,0.004834697550585365,1.0,False
BT-v2,BT-v2,GATE-s1-b200,0.5,0.4825,0.017500000000000016,100,0.24903440274283062,1.0,False
BT-v2,BT-v2,HYB-s11-b300-a0.50,0.5,0.4575,0.04249999999999998,100,0.02199905694751207,1.0,False
BT-v2,BT-v2,PPO-s0-b1500000,0.5,0.2225,0.27749999999999997,100,3.5934239167779003e-12,2.9753550030921016e-09,True
BT-v2,BT-v2,RES-s0-b200,0.5,0.445,0.05499999999999999,100,0.006612022345267199,1.0,False
BT-v2,BT-v2,RL-s0-b300-a1.00,0.5,0.455,0.044999999999999984,100,0.030300468627782337,1.0,False
BT-v2,BT-v2,RL-s1-b300-a1.00,0.5,0.375,0.125,100,9.212947797751596e-06,0.0060925955331974264,True
BT-v2,BT-v2,RL-s10-b300-a1.00,0.5,0.405,0.09499999999999997,100,0.00024006024092814845,0.14379608431596091,False
BT-v2,BT-v2,RL-s11-b300-a1.00,0.5,0.44,0.06,100,0.004854811764950971,1.0,False
BT-v2,BT-v2,RL-s12-b300-a1.00,0.5,0.3025,0.1975,100,5.3321432682817345e-11,4.2923753309667965e-08,True
BT-v2,BT-v2,RL-s13-b300-a1.00,0.5,0.3525,0.14750000000000002,100,1.3204730456687113e-09,1.0260075564845887e-06,True
BT-v2,BT-v2,RL-s14-b300-a1.00,0.5,0.155,0.345,100,5.753186522232724e-17,5.2123869891428474e-14,True
BT-v2,BT-v2,RL-s15-b300-a1.00,0.5,0.375,0.125,100,1.7438088754588945e-06,0.0012189224039457673,True
BT-v2,BT-v2,RL-s16-b300-a1.00,0.5,0.3525,0.14750000000000002,100,2.6522694685671645e-10,2.09529288016806e-07,True
BT-v2,BT-v2,RL-s17-b300-a1.00,0.5,0.395,0.10499999999999998,100,6.780412367563048e-05,0.04203855667889089,True
BT-v2,BT-v2,RL-s18-b300-a1.00,0.5,0.2825,0.21750000000000003,100,1.886345889052687e-14,1.6298028481415213e-11,True
BT-v2,BT-v2,RL-s19-b300-a1.00,0.5,0.4275,0.07250000000000001,100,0.0013795235115985048,0.7504607903095866,False
BT-v2,BT-v2,RL-s2-b300-a1.00,0.5,0.3875,0.11249999999999999,100,1.1996872496007954e-07,8.721726304597782e-05,True
BT-v2,BT-v2,RL-s3-b300-a1.00,0.5,0.37,0.13,100,3.6725895438775286e-08,2.7507695683642688e-05,True
BT-v2,BT-v2,RL-s4-b300-a1.00,0.5,0.4175,0.08250000000000002,100,6.609508993047763e-05,0.04104505084682661,True
BT-v2,BT-v2,RL-s5-b300-a1.00,0.5,0.385,0.11499999999999999,100,3.826232855304059e-07,0.00027472351901083143,True
BT-v2,BT-v2,RL-s6-b300-a1.00,0.5,0.3825,0.1175,100,3.4617782422452317e-07,0.00024890185561743215,True
BT-v2,BT-v2,RL-s7-b300-a1.00,0.5,0.395,0.10499999999999998,100,2.861592833180281e-08,2.1461946248852108e-05,True
BT-v2,BT-v2,RL-s8-b300-a1.00,0.5,0.3325,0.16749999999999998,100,1.169841790054584e-10,9.311940648834487e-08,True
BT-v2,BT-v2,RL-s9-b300-a1.00,0.5,0.44,0.06,100,0.00855480647063216,1.0,False
BT-v2,BT-v2,SHD-s11-b300,0.5,0.3325,0.16749999999999998,100,7.857604424501546e-12,6.474666045789274e-09,True
BT-v2,BT-v3,BTO-s0-b300,0.2125,0.3825,-0.17,100,1.3218309818756543e-08,1.0032697152436216e-05,True
BT-v2,BT-v3,BTO-s1-b300,0.2125,0.3575,-0.145,100,5.245711350140282e-07,0.0003755929326700442,True
BT-v2,BT-v3,BTO-s2-b300,0.2125,0.4225,-0.21,100,4.2315280882613464e-10,3.317518021196896e-07,True
BT-v2,BT-v3,GATE-s1-b200,0.2125,0.4825,-0.27,100,1.2506720174989878e-12,1.0443111346116547e-09,True
BT-v2,BT-v3,HYB-s11-b300-a0.50,0.2125,0.4575,-0.24500000000000002,100,2.788639959168804e-10,2.2002369277841865e-07,True
BT-v2,BT-v3,PPO-s0-b1500000,0.2125,0.2225,-0.010000000000000009,100,0.7714594432220954,1.0,False
BT-v2,BT-v3,RES-s0-b200,0.2125,0.445,-0.2325,100,4.5224788768541374e-10,3.5411009605767894e-07,True
BT-v2,BT-v3,RL-s0-b300-a1.00,0.2125,0.455,-0.24250000000000002,100,3.046155555480621e-10,2.4003705777187295e-07,True
BT-v2,BT-v3,RL-s1-b300-a1.00,0.2125,0.375,-0.1625,100,0.0001635276195191457,0.09975184790667888,False
BT-v2,BT-v3,RL-s10-b300-a1.00,0.2125,0.405,-0.19250000000000003,100,2.4112829151821367e-06,0.0016613739285604922,True
BT-v2,BT-v3,RL-s11-b300-a1.00,0.2125,0.44,-0.2275,100,5.009758377233398e-09,3.832465158583549e-06,True
BT-v2,BT-v3,RL-s12-b300-a1.00,0.2125,0.3025,-0.09,100,0.015532895663412637,1.0,False
BT-v2,BT-v3,RL-s13-b300-a1.00,0.2125,0.3525,-0.13999999999999999,100,2.4592222044175243e-05,0.015960352106669733,True
BT-v2,BT-v3,RL-s14-b300-a1.00,0.2125,0.155,0.057499999999999996,100,0.1085072630170105,1.0,False
BT-v2,BT-v3,RL-s15-b300-a1.00,0.2125,0.375,-0.1625,100,5.397222091407691e-06,0.0036377276896087836,True
BT-v2,BT-v3,RL-s16-b300-a1.00,0.2125,0.3525,-0.13999999999999999,100,6.9487697231025586e-06,0.004662624484201816,True
BT-v2,BT-v3,RL-s17-b300-a1.00,0.2125,0.395,-0.18250000000000002,100,4.266183690234969e-06,0.0028967387256695443,True
BT-v2,BT-v3,RL-s18-b300-a1.00,0.2125,0.2825,-0.06999999999999998,100,0.009624651546688585,1.0,False
BT-v2,BT-v3,RL-s19-b300-a1.00,0.2125,0.4275,-0.215,100,1.7922355999654746e-09,1.385398118773312e-06,True
BT-v2,BT-v3,RL-s2-b300-a1.00,0.2125,0.3875,-0.17500000000000002,100,9.616637738104469e-08,7.020145548816262e-05,True
BT-v2,BT-v3,RL-s3-b300-a1.00,0.2125,0.37,-0.1575,100,1.8593178959881854e-06,0.001294085255607777,True
BT-v2,BT-v3,RL-s4-b300-a1.00,0.2125,0.4175,-0.205,100,5.402382057425174e-08,4.0139698686669043e-05,True
BT-v2,BT-v3,RL-s5-b300-a1.00,0.2125,0.385,-0.17250000000000001,100,1.9145399978639137e-06,0.00133060529851542,True
BT-v2,BT-v3,RL-s6-b300-a1.00,0.2125,0.3825,-0.17,100,2.4302966876807775e-06,0.001672044121124375,True
BT-v2,BT-v3,RL-s7-b300-a1.00,0.2125,0.395,-0.18250000000000002,100,1.972002323556038e-08,1.4908337566083647e-05,True
BT-v2,BT-v3,RL-s8-b300-a1.00,0.2125,0.3325,-0.12000000000000002,100,0.000874554945226787,0.4888762143817739,False
BT-v2,BT-v3,RL-s9-b300-a1.00,0.2125,0.44,-0.2275,100,1.3050594451040828e-08,9.918451782791029e-06,True
BT-v2,BT-v3,SHD-s11-b300,0.2125,0.3325,-0.12000000000000002,100,0.00010449721105965462,0.0644747792238069,False
BT-v2,BTO-s0-b300,BTO-s1-b300,0.3825,0.3575,0.025000000000000022,100,0.40251466116378953,1.0,False
BT-v2,BTO-s0-b300,BTO-s2-b300,0.3825,0.4225,-0.03999999999999998,100,0.033159793494707004,1.0,False
BT-v2,BTO-s0-b300,GATE-s1-b200,0.3825,0.4825,-0.09999999999999998,100,0.0001405096015425168,0.08599187614402029,False
BT-v2,BTO-s0-b300,HYB-s11-b300-a0.50,0.3825,0.4575,-0.07500000000000001,100,0.006041754347566343,1.0,False
BT-v2,BTO-s0-b300,PPO-s0-b1500000,0.3825,0.2225,0.16,100,4.0622056119167695e-05,0.025661608409647298,True
BT-v2,BTO-s0-b300,RES-s0-b200,0.3825,0.445,-0.0625,100,0.06954733799398728,1.0,False
BT-v2,BTO-s0-b300,RL-s0-b300-a1.00,0.3825,0.455,-0.07250000000000001,100,0.020361751510718465,1.0,False
BT-v2,BTO-s0-b300,RL-s1-b300-a1.00,0.3825,0.375,0.007500000000000007,100,0.5523607823419416,1.0,False
BT-v2,BTO-s0-b300,RL-s10-b300-a1.00,0.3825,0.405,-0.02250000000000002,100,0.7322360411027322,1.0,False
BT-v2,BTO-s0-b300,RL-s11-b300-a1.00,0.3825,0.44,-0.057499999999999996,100,0.06131607189391745,1.0,False
BT-v2,BTO-s0-b300,RL-s12-b300-a1.00,0.3825,0.3025,0.08000000000000002,100,0.007597907390695353,1.0,False
BT-v2,BTO-s0-b300,RL-s13-b300-a1.00,0.3825,0.3525,0.030000000000000027,100,0.28831453987317723,1.0,False
BT-v2,BTO-s0-b300,RL-s14-b300-a1.00,0.3825,0.155,0.2275,100,2.2952889039529745e-09,1.7673724560437904e-06,True
BT-v2,BTO-s0-b300,RL-s15-b300-a1.00,0.3825,0.375,0.007500000000000007,100,0.653329098320576,1.0,False
BT-v2,BTO-s0-b300,RL-s16-b300-a1.00,0.3825,0.3525,0.030000000000000027,100,0.1525544391654281,1.0,False
BT-v2,BTO-s0-b300,RL-s17-b300-a1.00,0.3825,0.395,-0.012500000000000011,100,0.7437595023709793,1.0,False
BT-v2,BTO-s0-b300,RL-s18-b300-a1.00,0.3825,0.2825,0.10000000000000003,100,0.0010311387698817185,0.5712508785144721,False
BT-v2,BTO-s0-b300,RL-s19-b300-a1.00,0.3825,0.4275,-0.044999999999999984,100,0.1440465887317945,1.0,False
BT-v2,BTO-s0-b300,RL-s2-b300-a1.00,0.3825,0.3875,-0.0050000000000000044,100,0.9115530301970401,1.0,False
BT-v2,BTO-s0-b300,RL-s3-b300-a1.00,0.3825,0.37,0.012500000000000011,100,0.5744591783922357,1.0,False
BT-v2,BTO-s0-b300,RL-s4-b300-a1.00,0.3825,0.4175,-0.034999999999999976,100,0.468271026477882,1.0,False
BT-v2,BTO-s0-b300,RL-s5-b300-a1.00,0.3825,0.385,-0.0025000000000000022,100,0.9115775964512228,1.0,False
BT-v2,BTO-s0-b300,RL-s6-b300-a1.00,0.3825,0.3825,0.0,100,0.896870021136831,1.0,False
BT-v2,BTO-s0-b300,RL-s7-b300-a1.00,0.3825,0.395,-0.012500000000000011,100,0.8123851306977612,1.0,False
BT-v2,BTO-s0-b300,RL-s8-b300-a1.00,0.3825,0.3325,0.04999999999999999,100,0.08738135926951567,1.0,False
BT-v2,BTO-s0-b300,RL-s9-b300-a1.00,0.3825,0.44,-0.057499999999999996,100,0.07035127279252579,1.0,False
BT-v2,BTO-s0-b300,SHD-s11-b300,0.3825,0.3325,0.04999999999999999,100,0.05217826332933294,1.0,False
BT-v2,BTO-s1-b300,BTO-s2-b300,0.3575,0.4225,-0.065,100,0.005709360967411796,1.0,False
BT-v2,BTO-s1-b300,GATE-s1-b200,0.3575,0.4825,-0.125,100,9.031022810249424e-06,0.005987568123195368,True
BT-v2,BTO-s1-b300,HYB-s11-b300-a0.50,0.3575,0.4575,-0.10000000000000003,100,0.0008559070147591128,0.47930792826510316,False
BT-v2,BTO-s1-b300,PPO-s0-b1500000,0.3575,0.2225,0.13499999999999998,100,0.000985210706827135,0.5477771529958871,False
BT-v2,BTO-s1-b300,RES-s0-b200,0.3575,0.445,-0.08750000000000002,100,0.004755039518691658,1.0,False
BT-v2,BTO-s1-b300,RL-s0-b300-a1.00,0.3575,0.455,-0.09750000000000003,100,0.0032757023960645047,1.0,False
BT-v2,BTO-s1-b300,RL-s1-b300-a1.00,0.3575,0.375,-0.017500000000000016,100,0.7608469576257352,1.0,False
BT-v2,BTO-s1-b300,RL-s10-b300-a1.00,0.3575,0.405,-0.04750000000000004,100,0.31509348836914075,1.0,False
BT-v2,BTO-s1-b300,RL-s11-b300-a1.00,0.3575,0.44,-0.08250000000000002,100,0.004809203196582138,1.0,False
BT-v2,BTO-s1-b300,RL-s12-b300-a1.00,0.3575,0.3025,0.05499999999999999,100,0.13654701508189296,1.0,False
BT-v2,BTO-s1-b300,RL-s13-b300-a1.00,0.3575,0.3525,0.0050000000000000044,100,0.9109301489148767,1.0,False
BT-v2,BTO-s1-b300,RL-s14-b300-a1.00,0.3575,0.155,0.20249999999999999,100,2.8947903992514106e-07,0.00020900386682595184,True
BT-v2,BTO-s1-b300,RL-s15-b300-a1.00,0.3575,0.375,-0.017500000000000016,100,0.33927559462761425,1.0,False
BT-v2,BTO-s1-b300,RL-s16-b300-a1.00,0.3575,0.3525,0.0050000000000000044,100,0.8239957966444937,1.0,False
BT-v2,BTO-s1-b300,RL-s17-b300-a1.00,0.3575,0.395,-0.03750000000000003,100,0.18733624939732052,1.0,False
BT-v2,BTO-s1-b300,RL-s18-b300-a1.00,0.3575,0.2825,0.07500000000000001,100,0.13617120828987975,1.0,False
BT-v2,BTO-s1-b300,RL-s19-b300-a1.00,0.3575,0.4275,-0.07,100,0.022874980189413103,1.0,False
BT-v2,BTO-s1-b300,RL-s2-b300-a1.00,0.3575,0.3875,-0.030000000000000027,100,0.2379361041367215,1.0,False
BT-v2,BTO-s1-b300,RL-s3-b300-a1.00,0.3575,0.37,-0.012500000000000011,100,0.444130876618802,1.0,False
BT-v2,BTO-s1-b300,RL-s4-b300-a1.00,0.3575,0.4175,-0.06,100,0.0637492827292791,1.0,False
BT-v2,BTO-s1-b300,RL-s5-b300-a1.00,0.3575,0.385,-0.027500000000000024,100,0.29117309547198755,1.0,False
BT-v2,BTO-s1-b300,RL-s6-b300-a1.00,0.3575,0.3825,-0.025000000000000022,100,0.40945372340415553,1.0,False
BT-v2,BTO-s1-b300,RL-s7-b300-a1.00,0.3575,0.395,-0.03750000000000003,100,0.16524437986115736,1.0,False
BT-v2,BTO-s1-b300,RL-s8-b300-a1.00,0.3575,0.3325,0.024999999999999967,100,0.6890441788410828,1.0,False
BT-v2,BTO-s1-b300,RL-s9-b300-a1.00,0.3575,0.44,-0.08250000000000002,100,0.007187389849823886,1.0,False
BT-v2,BTO-s1-b300,SHD-s11-b300,0.3575,0.3325,0.024999999999999967,100,0.45765593900770984,1.0,False
BT-v2,BTO-s2-b300,GATE-s1-b200,0.4225,0.4825,-0.06,100,0.05509139584282282,1.0,False
BT-v2,BTO-s2-b300,HYB-s11-b300-a0.50,0.4225,0.4575,-0.03500000000000003,100,0.13943724919513537,1.0,False
BT-v2,BTO-s2-b300,PPO-s0-b1500000,0.4225,0.2225,0.19999999999999998,100,9.392357473246287e-06,0.0061989559323425494,True
BT-v2,BTO-s2-b300,RES-s0-b200,0.4225,0.445,-0.02250000000000002,100,0.4913896952047626,1.0,False
BT-v2,BTO-s2-b300,RL-s0-b300-a1.00,0.4225,0.455,-0.03250000000000003,100,0.3092818902286927,1.0,False
BT-v2,BTO-s2-b300,RL-s1-b300-a1.00,0.4225,0.375,0.04749999999999999,100,0.1608443953281069,1.0,False
BT-v2,BTO-s2-b300,RL-s10-b300-a1.00,0.4225,0.405,0.01749999999999996,100,0.473400563263068,1.0,False
BT-v2,BTO-s2-b300,RL-s11-b300-a1.00,0.4225,0.44,-0.017500000000000016,100,0.43986196700144164,1.0,False
BT-v2,BTO-s2-b300,RL-s12-b300-a1.00,0.4225,0.3025,0.12,100,0.0006797447155340676,0.38677474313888444,False
BT-v2,BTO-s2-b300,RL-s13-b300-a1.00,0.4225,0.3525,0.07,100,0.023224068228547164,1.0,False
BT-v2,BTO-s2-b300,RL-s14-b300-a1.00,0.4225,0.155,0.26749999999999996,100,1.3768476790107043e-09,1.0670569512332959e-06,True
BT-v2,BTO-s2-b300,RL-s15-b300-a1.00,0.4225,0.375,0.04749999999999999,100,0.24548132706731185,1.0,False
BT-v2,BTO-s2-b300,RL-s16-b300-a1.00,0.4225,0.3525,0.07,100,0.06481524967156305,1.0,False
BT-v2,BTO-s2-b300,RL-s17-b300-a1.00,0.4225,0.395,0.02749999999999997,100,0.48345756167568665,1.0,False
BT-v2,BTO-s2-b300,RL-s18-b300-a1.00,0.4225,0.2825,0.14,100,0.0004931432310830294,0.285036787565991,False
BT-v2,BTO-s2-b300,RL-s19-b300-a1.00,0.4225,0.4275,-0.0050000000000000044,100,0.5965187869845947,1.0,False
BT-v2,BTO-s2-b300,RL-s2-b300-a1.00,0.4225,0.3875,0.034999999999999976,100,0.32608548724654896,1.0,False
BT-v2,BTO-s2-b300,RL-s3-b300-a1.00,0.4225,0.37,0.05249999999999999,100,0.13020233107394755,1.0,False
BT-v2,BTO-s2-b300,RL-s4-b300-a1.00,0.4225,0.4175,0.0050000000000000044,100,0.8584417769386056,1.0,False
BT-v2,BTO-s2-b300,RL-s5-b300-a1.00,0.4225,0.385,0.03749999999999998,100,0.5282101044097123,1.0,False
BT-v2,BTO-s2-b300,RL-s6-b300-a1.00,0.4225,0.3825,0.03999999999999998,100,0.42556021479442563,1.0,False
BT-v2,BTO-s2-b300,RL-s7-b300-a1.00,0.4225,0.395,0.02749999999999997,100,0.46203414342868654,1.0,False
BT-v2,BTO-s2-b300,RL-s8-b300-a1.00,0.4225,0.3325,0.08999999999999997,100,0.014608660872874924,1.0,False
BT-v2,BTO-s2-b300,RL-s9-b300-a1.00,0.4225,0.44,-0.017500000000000016,100,0.4963047350093184,1.0,False
BT-v2,BTO-s2-b300,SHD-s11-b300,0.4225,0.3325,0.08999999999999997,100,0.008975165514151355,1.0,False
BT-v2,GATE-s1-b200,HYB-s11-b300-a0.50,0.4825,0.4575,0.024999999999999967,100,0.23682357511683594,1.0,False
BT-v2,GATE-s1-b200,PPO-s0-b1500000,0.4825,0.2225,0.26,100,6.414057626097116e-11,5.144074216129887e-08,True
BT-v2,GATE-s1-b200,RES-s0-b200,0.4825,0.445,0.03749999999999998,100,0.15957184554160664,1.0,False
BT-v2,GATE-s1-b200,RL-s0-b300-a1.00,0.4825,0.455,0.02749999999999997,100,0.21384187312810454,1.0,False
BT-v2,GATE-s1-b200,RL-s1-b300-a1.00,0.4825,0.375,0.10749999999999998,100,0.0010121329387897946,0.561733781028336,False
BT-v2,GATE-s1-b200,RL-s10-b300-a1.00,0.4825,0.405,0.07749999999999996,100,0.00988420857456437,1.0,False
BT-v2,GATE-s1-b200,RL-s11-b300-a1.00,0.4825,0.44,0.04249999999999998,100,0.1203658750166144,1.0,False
BT-v2,GATE-s1-b200,RL-s12-b300-a1.00,0.4825,0.3025,0.18,100,9.337744267663588e-08,6.863242036732738e-05,True
BT-v2,GATE-s1-b200,RL-s13-b300-a1.00,0.4825,0.3525,0.13,100,9.568536571540736e-08,6.994600233796279e-05,True
BT-v2,GATE-s1-b200,RL-s14-b300-a1.00,0.4825,0.155,0.3275,100,1.139207205085537e-13,9.683261243227064e-11,True
BT-v2,GATE-s1-b200,RL-s15-b300-a1.00,0.4825,0.375,0.10749999999999998,100,0.00037251005778949877,0.21829089386464628,False
BT-v2,GATE-s1-b200,RL-s16-b300-a1.00,0.4825,0.3525,0.13,100,2.1942178403373546e-06,0.0015140103098327748,True
BT-v2,GATE-s1-b200,RL-s17-b300-a1.00,0.4825,0.395,0.08749999999999997,100,0.0014049636269831602,0.7614902858248729,False
BT-v2,GATE-s1-b200,RL-s18-b300-a1.00,0.4825,0.2825,0.2,100,4.0091026845412525e-10,3.1471456073648833e-07,True
BT-v2,GATE-s1-b200,RL-s19-b300-a1.00,0.4825,0.4275,0.05499999999999999,100,0.036935051874699434,1.0,False
BT-v2,GATE-s1-b200,RL-s2-b300-a1.00,0.4825,0.3875,0.09499999999999997,100,7.61285890856746e-06,0.005080495788057785,True
BT-v2,GATE-s1-b200,RL-s3-b300-a1.00,0.4825,0.37,0.11249999999999999,100,4.214032115157667e-06,0.0028655418383072137,True
BT-v2,GATE-s1-b200,RL-s4-b300-a1.00,0.4825,0.4175,0.065,100,0.023505913842026993,1.0,False
BT-v2,GATE-s1-b200,RL-s5-b300-a1.00,0.4825,0.385,0.09749999999999998,100,0.00042018483145982144,0.2453879415725357,False
BT-v2,GATE-s1-b200,RL-s6-b300-a1.00,0.4825,0.3825,0.09999999999999998,100,0.0012751112730963194,0.6974858663836867,False
BT-v2,GATE-s1-b200,RL-s7-b300-a1.00,0.4825,0.395,0.08749999999999997,100,0.0010892739263345206,0.6012792073366554,False
BT-v2,GATE-s1-b200,RL-s8-b300-a1.00,0.4825,0.3325,0.14999999999999997,100,3.321618982560713e-06,0.0022719873840715277,True
BT-v2,GATE-s1-b200,RL-s9-b300-a1.00,0.4825,0.44,0.04249999999999998,100,0.24793864868972693,1.0,False
BT-v2,GATE-s1-b200,SHD-s11-b300,0.4825,0.3325,0.14999999999999997,100,8.335770247699225e-08,6.151798442802028e-05,True
BT-v2,HYB-s11-b300-a0.50,PPO-s0-b1500000,0.4575,0.2225,0.23500000000000001,100,3.2839217476399194e-09,2.5187679804398183e-06,True
BT-v2,HYB-s11-b300-a0.50,RES-s0-b200,0.4575,0.445,0.012500000000000011,100,0.319545268037007,1.0,False
BT-v2,HYB-s11-b300-a0.50,RL-s0-b300-a1.00,0.4575,0.455,0.0025000000000000022,100,0.7526411817397497,1.0,False
BT-v2,HYB-s11-b300-a0.50,RL-s1-b300-a1.00,0.4575,0.375,0.08250000000000002,100,0.01834308069318709,1.0,False
BT-v2,HYB-s11-b300-a0.50,RL-s10-b300-a1.00,0.4575,0.405,0.05249999999999999,100,0.1572597595471255,1.0,False
BT-v2,HYB-s11-b300-a0.50,RL-s11-b300-a1.00,0.4575,0.44,0.017500000000000016,100,0.983100591821652,1.0,False
BT-v2,HYB-s11-b300-a0.50,RL-s12-b300-a1.00,0.4575,0.3025,0.15500000000000003,100,2.6638635003786476e-06,0.001830074224760131,True
BT-v2,HYB-s11-b300-a0.50,RL-s13-b300-a1.00,0.4575,0.3525,0.10500000000000004,100,5.451361514437219e-05,0.03401649585008825,True
BT-v2,HYB-s11-b300-a0.50,RL-s14-b300-a1.00,0.4575,0.155,0.3025,100,3.300417457605778e-12,2.73604607235519e-09,True
BT-v2,HYB-s11-b300-a0.50,RL-s15-b300-a1.00,0.4575,0.375,0.08250000000000002,100,0.012268791799948855,1.0,False
BT-v2,HYB-s11-b300-a0.50,RL-s16-b300-a1.00,0.4575,0.3525,0.10500000000000004,100,0.00018879658649392626,0.11384434165583754,False
BT-v2,HYB-s11-b300-a0.50,RL-s17-b300-a1.00,0.4575,0.395,0.0625,100,0.029213026822105,1.0,False
BT-v2,HYB-s11-b300-a0.50,RL-s18-b300-a1.00,0.4575,0.2825,0.17500000000000004,100,5.514957591526634e-09,4.213427599926348e-06,True
BT-v2,HYB-s11-b300-a0.50,RL-s19-b300-a1.00,0.4575,0.4275,0.030000000000000027,100,0.22437758682738007,1.0,False
BT-v2,HYB-s11-b300-a0.50,RL-s2-b300-a1.00,0.4575,0.3875,0.07,100,0.00045500053852483226,0.2643553128829275,False
BT-v2,HYB-s11-b300-a0.50,RL-s3-b300-a1.00,0.4575,0.37,0.08750000000000002,100,0.0005369532963529446,0.3092850986992961,False
BT-v2,HYB-s11-b300-a0.50,RL-s4-b300-a1.00,0.4575,0.4175,0.040000000000000036,100,0.2879854028594634,1.0,False
BT-v2,HYB-s11-b300-a0.50,RL-s5-b300-a1.00,0.4575,0.385,0.07250000000000001,100,0.009009491364022461,1.0,False
BT-v2,HYB-s11-b300-a0.50,RL-s6-b300-a1.00,0.4575,0.3825,0.07500000000000001,100,0.03171620604731932,1.0,False
BT-v2,HYB-s11-b300-a0.50,RL-s7-b300-a1.00,0.4575,0.395,0.0625,100,0.007439521427250569,1.0,False
BT-v2,HYB-s11-b300-a0.50,RL-s8-b300-a1.00,0.4575,0.3325,0.125,100,4.0603810774758384e-05,0.025661608409647298,True
BT-v2,HYB-s11-b300-a0.50,RL-s9-b300-a1.00,0.4575,0.44,0.017500000000000016,100,0.6210382688012991,1.0,False
BT-v2,HYB-s11-b300-a0.50,SHD-s11-b300,0.4575,0.3325,0.125,100,8.706254129841888e-06,0.005789658996344855,True
BT-v2,PPO-s0-b1500000,RES-s0-b200,0.2225,0.445,-0.2225,100,5.0855657387166196e-08,3.7836609096051647e-05,True
BT-v2,PPO-s0-b1500000,RL-s0-b300-a1.00,0.2225,0.455,-0.2325,100,7.492316421811097e-10,5.851499125434467e-07,True
BT-v2,PPO-s0-b1500000,RL-s1-b300-a1.00,0.2225,0.375,-0.1525,100,5.5974268884649324e-05,0.034871969515136526,True
BT-v2,PPO-s0-b1500000,RL-s10-b300-a1.00,0.2225,0.405,-0.18250000000000002,100,8.896338041659268e-06,0.005907168459661754,True
BT-v2,PPO-s0-b1500000,RL-s11-b300-a1.00,0.2225,0.44,-0.2175,100,2.366402223397895e-08,1.781900874218615e-05,True
BT-v2,PPO-s0-b1500000,RL-s12-b300-a1.00,0.2225,0.3025,-0.07999999999999999,100,0.012488414990754737,1.0,False
BT-v2,PPO-s0-b1500000,RL-s13-b300-a1.00,0.2225,0.3525,-0.12999999999999998,100,9.762532712689992e-05,0.06033245216442415,False
BT-v2,PPO-s0-b1500000,RL-s14-b300-a1.00,0.2225,0.155,0.0675,100,0.06127376998990185,1.0,False
BT-v2,PPO-s0-b1500000,RL-s15-b300-a1.00,0.2225,0.375,-0.1525,100,2.707229684481442e-05,0.017380414574370857,True
BT-v2,PPO-s0-b1500000,RL-s16-b300-a1.00,0.2225,0.3525,-0.12999999999999998,100,3.7393993864728335e-05,0.023670398116373035,True
BT-v2,PPO-s0-b1500000,RL-s17-b300-a1.00,0.2225,0.395,-0.17250000000000001,100,4.207707611321184e-06,0.002865448883309726,True
BT-v2,PPO-s0-b1500000,RL-s18-b300-a1.00,0.2225,0.2825,-0.05999999999999997,100,0.04610787712572427,1.0,False
BT-v2,PPO-s0-b1500000,RL-s19-b300-a1.00,0.2225,0.4275,-0.205,100,7.014847822346099e-07,0.0004987556801688076,True
BT-v2,PPO-s0-b1500000,RL-s2-b300-a1.00,0.2225,0.3875,-0.165,100,6.388555999535373e-07,0.0004555040427668721,True
BT-v2,PPO-s0-b1500000,RL-s3-b300-a1.00,0.2225,0.37,-0.1475,100,4.126875241915066e-05,0.025958045271645764,True
BT-v2,PPO-s0-b1500000,RL-s4-b300-a1.00,0.2225,0.4175,-0.19499999999999998,100,9.480412952066204e-08,6.952473978028843e-05,True
BT-v2,PPO-s0-b1500000,RL-s5-b300-a1.00,0.2225,0.385,-0.1625,100,8.897263694779742e-07,0.0006299262695904057,True
BT-v2,PPO-s0-b1500000,RL-s6-b300-a1.00,0.2225,0.3825,-0.16,100,7.599614530514491e-06,0.005080495788057785,True
BT-v2,PPO-s0-b1500000,RL-s7-b300-a1.00,0.2225,0.395,-0.17250000000000001,100,5.744218635478691e-07,0.00041013721057317856,True
BT-v2,PPO-s0-b1500000,RL-s8-b300-a1.00,0.2225,0.3325,-0.11000000000000001,100,0.0003350746515894638,0.19769404443778363,False
BT-v2,PPO-s0-b1500000,RL-s9-b300-a1.00,0.2225,0.44,-0.2175,100,2.2696187270211058e-08,1.7112925201739137e-05,True
BT-v2,PPO-s0-b1500000,SHD-s11-b300,0.2225,0.3325,-0.11000000000000001,100,0.0008071416006155779,0.45361357954595477,False
BT-v2,RES-s0-b200,RL-s0-b300-a1.00,0.445,0.455,-0.010000000000000009,100,0.7993310772435157,1.0,False
BT-v2,RES-s0-b200,RL-s1-b300-a1.00,0.445,0.375,0.07,100,0.0860777945850361,1.0,False
BT-v2,RES-s0-b200,RL-s10-b300-a1.00,0.445,0.405,0.03999999999999998,100,0.3075048812835537,1.0,False
BT-v2,RES-s0-b200,RL-s11-b300-a1.00,0.445,0.44,0.0050000000000000044,100,0.8624095251634546,1.0,False
BT-v2,RES-s0-b200,RL-s12-b300-a1.00,0.445,0.3025,0.14250000000000002,100,1.874004120342621e-05,0.012255986947040741,True
BT-v2,RES-s0-b200,RL-s13-b300-a1.00,0.445,0.3525,0.09250000000000003,100,0.0020414045286640437,1.0,False
BT-v2,RES-s0-b200,RL-s14-b300-a1.00,0.445,0.155,0.29000000000000004,100,4.552941137321616e-13,3.8244705553501574e-10,True
BT-v2,RES-s0-b200,RL-s15-b300-a1.00,0.445,0.375,0.07,100,0.025311138217701222,1.0,False
BT-v2,RES-s0-b200,RL-s16-b300-a1.00,0.445,0.3525,0.09250000000000003,100,0.0020787035769091527,1.0,False
BT-v2,RES-s0-b200,RL-s17-b300-a1.00,0.445,0.395,0.04999999999999999,100,0.14510515146880096,1.0,False
BT-v2,RES-s0-b200,RL-s18-b300-a1.00,0.445,0.2825,0.16250000000000003,100,1.0216752949873355e-06,0.0007223244335560462,True
BT-v2,RES-s0-b200,RL-s19-b300-a1.00,0.445,0.4275,0.017500000000000016,100,0.23016673236430363,1.0,False
BT-v2,RES-s0-b200,RL-s2-b300-a1.00,0.445,0.3875,0.057499999999999996,100,0.03193210735052618,1.0,False
BT-v2,RES-s0-b200,RL-s3-b300-a1.00,0.445,0.37,0.07500000000000001,100,0.007686957281604929,1.0,False
BT-v2,RES-s0-b200,RL-s4-b300-a1.00,0.445,0.4175,0.027500000000000024,100,0.3879319623652814,1.0,False
BT-v2,RES-s0-b200,RL-s5-b300-a1.00,0.445,0.385,0.06,100,0.0779384842292837,1.0,False
BT-v2,RES-s0-b200,RL-s6-b300-a1.00,0.445,0.3825,0.0625,100,0.05191491954990051,1.0,False
BT-v2,RES-s0-b200,RL-s7-b300-a1.00,0.445,0.395,0.04999999999999999,100,0.07167878898460708,1.0,False
BT-v2,RES-s0-b200,RL-s8-b300-a1.00,0.445,0.3325,0.11249999999999999,100,0.00027454798156707343,0.16308150105084163,False
BT-v2,RES-s0-b200,RL-s9-b300-a1.00,0.445,0.44,0.0050000000000000044,100,0.8690569511702347,1.0,False
BT-v2,RES-s0-b200,SHD-s11-b300,0.445,0.3325,0.11249999999999999,100,0.00020818598588515116,0.125327963502861,False
BT-v2,RL-s0-b300-a1.00,RL-s1-b300-a1.00,0.455,0.375,0.08000000000000002,100,0.02387378607882702,1.0,False
BT-v2,RL-s0-b300-a1.00,RL-s10-b300-a1.00,0.455,0.405,0.04999999999999999,100,0.19385149484478137,1.0,False
BT-v2,RL-s0-b300-a1.00,RL-s11-b300-a1.00,0.455,0.44,0.015000000000000013,100,0.7059762614720559,1.0,False
BT-v2,RL-s0-b300-a1.00,RL-s12-b300-a1.00,0.455,0.3025,0.15250000000000002,100,3.6341113053756823e-06,0.002482098021571591,True
BT-v2,RL-s0-b300-a1.00,RL-s13-b300-a1.00,0.455,0.3525,0.10250000000000004,100,0.00011179940708532486,0.06886843476456012,False
BT-v2,RL-s0-b300-a1.00,RL-s14-b300-a1.00,0.455,0.155,0.30000000000000004,100,1.2013440295338081e-12,1.0043236086902636e-09,True
BT-v2,RL-s0-b300-a1.00,RL-s15-b300-a1.00,0.455,0.375,0.08000000000000002,100,0.003474638920356786,1.0,False
BT-v2,RL-s0-b300-a1.00,RL-s16-b300-a1.00,0.455,0.3525,0.10250000000000004,100,0.0007580067192897451,0.42903180311799577,False
BT-v2,RL-s0-b300-a1.00,RL-s17-b300-a1.00,0.455,0.395,0.06,100,0.03331443446343034,1.0,False
BT-v2,RL-s0-b300-a1.00,RL-s18-b300-a1.00,0.455,0.2825,0.17250000000000004,100,6.530812064029485e-07,0.0004649938189588993,True
BT-v2,RL-s0-b300-a1.00,RL-s19-b300-a1.00,0.455,0.4275,0.027500000000000024,100,0.3521497478044293,1.0,False
BT-v2,RL-s0-b300-a1.00,RL-s2-b300-a1.00,0.455,0.3875,0.0675,100,0.007186294548520115,1.0,False
BT-v2,RL-s0-b300-a1.00,RL-s3-b300-a1.00,0.455,0.37,0.08500000000000002,100,0.0011395877379946893,0.6256336681590844,False
BT-v2,RL-s0-b300-a1.00,RL-s4-b300-a1.00,0.455,0.4175,0.03750000000000003,100,0.26524685014728244,1.0,False
BT-v2,RL-s0-b300-a1.00,RL-s5-b300-a1.00,0.455,0.385,0.07,100,0.011769340861954313,1.0,False
BT-v2,RL-s0-b300-a1.00,RL-s6-b300-a1.00,0.455,0.3825,0.07250000000000001,100,0.03380692155749703,1.0,False
BT-v2,RL-s0-b300-a1.00,RL-s7-b300-a1.00,0.455,0.395,0.06,100,0.030127328451687592,1.0,False
BT-v2,RL-s0-b300-a1.00,RL-s8-b300-a1.00,0.455,0.3325,0.1225,100,1.3941219023362092e-05,0.009173322117372257,True
BT-v2,RL-s0-b300-a1.00,RL-s9-b300-a1.00,0.455,0.44,0.015000000000000013,100,0.6549742938985069,1.0,False
BT-v2,RL-s0-b300-a1.00,SHD-s11-b300,0.455,0.3325,0.1225,100,3.703931422501951e-05,0.023482925218662368,True
BT-v2,RL-s1-b300-a1.00,RL-s10-b300-a1.00,0.375,0.405,-0.030000000000000027,100,0.2969849216979754,1.0,False
BT-v2,RL-s1-b300-a1.00,RL-s11-b300-a1.00,0.375,0.44,-0.065,100,0.06033513316295879,1.0,False
BT-v2,RL-s1-b300-a1.00,RL-s12-b300-a1.00,0.375,0.3025,0.07250000000000001,100,0.036236110255181475,1.0,False
BT-v2,RL-s1-b300-a1.00,RL-s13-b300-a1.00,0.375,0.3525,0.02250000000000002,100,0.29867097204739823,1.0,False
BT-v2,RL-s1-b300-a1.00,RL-s14-b300-a1.00,0.375,0.155,0.22,100,2.1584637664962432e-08,1.6296401437046637e-05,True
BT-v2,RL-s1-b300-a1.00,RL-s15-b300-a1.00,0.375,0.375,0.0,100,0.9204804472558032,1.0,False
BT-v2,RL-s1-b300-a1.00,RL-s16-b300-a1.00,0.375,0.3525,0.02250000000000002,100,0.5859349716814068,1.0,False
BT-v2,RL-s1-b300-a1.00,RL-s17-b300-a1.00,0.375,0.395,-0.020000000000000018,100,0.8696175825642735,1.0,False
BT-v2,RL-s1-b300-a1.00,RL-s18-b300-a1.00,0.375,0.2825,0.09250000000000003,100,0.007967283090161705,1.0,False
BT-v2,RL-s1-b300-a1.00,RL-s19-b300-a1.00,0.375,0.4275,-0.05249999999999999,100,0.13424604302320778,1.0,False
BT-v2,RL-s1-b300-a1.00,RL-s2-b300-a1.00,0.375,0.3875,-0.012500000000000011,100,0.6441553087501835,1.0,False
BT-v2,RL-s1-b300-a1.00,RL-s3-b300-a1.00,0.375,0.37,0.0050000000000000044,100,0.755635756880733,1.0,False
BT-v2,RL-s1-b300-a1.00,RL-s4-b300-a1.00,0.375,0.4175,-0.04249999999999998,100,0.11463457363377465,1.0,False
BT-v2,RL-s1-b300-a1.00,RL-s5-b300-a1.00,0.375,0.385,-0.010000000000000009,100,0.7169364497133643,1.0,False
BT-v2,RL-s1-b300-a1.00,RL-s6-b300-a1.00,0.375,0.3825,-0.007500000000000007,100,0.7315606735140889,1.0,False
BT-v2,RL-s1-b300-a1.00,RL-s7-b300-a1.00,0.375,0.395,-0.020000000000000018,100,0.3558325607858771,1.0,False
BT-v2,RL-s1-b300-a1.00,RL-s8-b300-a1.00,0.375,0.3325,0.04249999999999998,100,0.27900969001802967,1.0,False
BT-v2,RL-s1-b300-a1.00,RL-s9-b300-a1.00,0.375,0.44,-0.065,100,0.07425039554986003,1.0,False
BT-v2,RL-s1-b300-a1.00,SHD-s11-b300,0.375,0.3325,0.04249999999999998,100,0.12955108224122916,1.0,False
BT-v2,RL-s10-b300-a1.00,RL-s11-b300-a1.00,0.405,0.44,-0.034999999999999976,100,0.36235639881047454,1.0,False
BT-v2,RL-s10-b300-a1.00,RL-s12-b300-a1.00,0.405,0.3025,0.10250000000000004,100,0.004106149202712551,1.0,False
BT-v2,RL-s10-b300-a1.00,RL-s13-b300-a1.00,0.405,0.3525,0.05250000000000005,100,0.09969936838046564,1.0,False
BT-v2,RL-s10-b300-a1.00,RL-s14-b300-a1.00,0.405,0.155,0.25,100,7.166818506526365e-11,5.7406216237276184e-08,True
BT-v2,RL-s10-b300-a1.00,RL-s15-b300-a1.00,0.405,0.375,0.030000000000000027,100,0.37873826351984763,1.0,False
BT-v2,RL-s10-b300-a1.00,RL-s16-b300-a1.00,0.405,0.3525,0.05250000000000005,100,0.1295547355132004,1.0,False
BT-v2,RL-s10-b300-a1.00,RL-s17-b300-a1.00,0.405,0.395,0.010000000000000009,100,0.7645370720527878,1.0,False
BT-v2,RL-s10-b300-a1.00,RL-s18-b300-a1.00,0.405,0.2825,0.12250000000000005,100,0.001239518180434576,0.6792559628781476,False
BT-v2,RL-s10-b300-a1.00,RL-s19-b300-a1.00,0.405,0.4275,-0.022499999999999964,100,0.6192728650508752,1.0,False
BT-v2,RL-s10-b300-a1.00,RL-s2-b300-a1.00,0.405,0.3875,0.017500000000000016,100,0.6113778079023522,1.0,False
BT-v2,RL-s10-b300-a1.00,RL-s3-b300-a1.00,0.405,0.37,0.03500000000000003,100,0.42796409712756645,1.0,False
BT-v2,RL-s10-b300-a1.00,RL-s4-b300-a1.00,0.405,0.4175,-0.012499999999999956,100,0.9091455695505729,1.0,False
BT-v2,RL-s10-b300-a1.00,RL-s5-b300-a1.00,0.405,0.385,0.020000000000000018,100,0.5155998389197267,1.0,False
BT-v2,RL-s10-b300-a1.00,RL-s6-b300-a1.00,0.405,0.3825,0.02250000000000002,100,0.3047892679413782,1.0,False
BT-v2,RL-s10-b300-a1.00,RL-s7-b300-a1.00,0.405,0.395,0.010000000000000009,100,0.8547002843096545,1.0,False
BT-v2,RL-s10-b300-a1.00,RL-s8-b300-a1.00,0.405,0.3325,0.07250000000000001,100,0.029593153450104735,1.0,False
BT-v2,RL-s10-b300-a1.00,RL-s9-b300-a1.00,0.405,0.44,-0.034999999999999976,100,0.6095408602865411,1.0,False
BT-v2,RL-s10-b300-a1.00,SHD-s11-b300,0.405,0.3325,0.07250000000000001,100,0.005473539296235779,1.0,False
BT-v2,RL-s11-b300-a1.00,RL-s12-b300-a1.00,0.44,0.3025,0.1375,100,4.295823609004866e-05,0.02697777226455056,True
BT-v2,RL-s11-b300-a1.00,RL-s13-b300-a1.00,0.44,0.3525,0.08750000000000002,100,0.00046881658476807635,0.2714448025807162,False
BT-v2,RL-s11-b300-a1.00,RL-s14-b300-a1.00,0.44,0.155,0.28500000000000003,100,1.5013931893440755e-11,1.2236354493154215e-08,True
BT-v2,RL-s11-b300-a1.00,RL-s15-b300-a1.00,0.44,0.375,0.065,100,0.02950319661264025,1.0,False
BT-v2,RL-s11-b300-a1.00,RL-s16-b300-a1.00,0.44,0.3525,0.08750000000000002,100,0.0005528587281010825,0.31734090993002134,False
BT-v2,RL-s11-b300-a1.00,RL-s17-b300-a1.00,0.44,0.395,0.044999999999999984,100,0.17959534574243574,1.0,False
BT-v2,RL-s11-b300-a1.00,RL-s18-b300-a1.00,0.44,0.2825,0.15750000000000003,100,2.9299771857655883e-07,0.0002112513550936989,True
BT-v2,RL-s11-b300-a1.00,RL-s19-b300-a1.00,0.44,0.4275,0.012500000000000011,100,0.5488489180310998,1.0,False
BT-v2,RL-s11-b300-a1.00,RL-s2-b300-a1.00,0.44,0.3875,0.05249999999999999,100,0.01330397875213467,1.0,False
BT-v2,RL-s11-b300-a1.00,RL-s3-b300-a1.00,0.44,0.37,0.07,100,0.010585597507880719,1.0,False
BT-v2,RL-s11-b300-a1.00,RL-s4-b300-a1.00,0.44,0.4175,0.02250000000000002,100,0.6162657603956487,1.0,False
BT-v2,RL-s11-b300-a1.00,RL-s5-b300-a1.00,0.44,0.385,0.05499999999999999,100,0.011158164221111877,1.0,False
BT-v2,RL-s11-b300-a1.00,RL-s6-b300-a1.00,0.44,0.3825,0.057499999999999996,100,0.032449653777873136,1.0,False
BT-v2,RL-s11-b300-a1.00,RL-s7-b300-a1.00,0.44,0.395,0.044999999999999984,100,0.046889230957755344,1.0,False
BT-v2,RL-s11-b300-a1.00,RL-s8-b300-a1.00,0.44,0.3325,0.10749999999999998,100,0.00016507858508438305,0.10053285831638928,False
BT-v2,RL-s11-b300-a1.00,RL-s9-b300-a1.00,0.44,0.44,0.0,100,0.9706303216163705,1.0,False
BT-v2,RL-s11-b300-a1.00,SHD-s11-b300,0.44,0.3325,0.10749999999999998,100,2.850514083231321e-05,0.01827179527351277,True
BT-v2,RL-s12-b300-a1.00,RL-s13-b300-a1.00,0.3025,0.3525,-0.04999999999999999,100,0.12802488424754715,1.0,False
BT-v2,RL-s12-b300-a1.00,RL-s14-b300-a1.00,0.3025,0.155,0.1475,100,4.709805058249591e-05,0.029530477715224934,True
BT-v2,RL-s12-b300-a1.00,RL-s15-b300-a1.00,0.3025,0.375,-0.07250000000000001,100,0.005672030380160054,1.0,False
BT-v2,RL-s12-b300-a1.00,RL-s16-b300-a1.00,0.3025,0.3525,-0.04999999999999999,100,0.07243811741306924,1.0,False
BT-v2,RL-s12-b300-a1.00,RL-s17-b300-a1.00,0.3025,0.395,-0.09250000000000003,100,0.015457472284922382,1.0,False
BT-v2,RL-s12-b300-a1.00,RL-s18-b300-a1.00,0.3025,0.2825,0.020000000000000018,100,0.5907005580357042,1.0,False
BT-v2,RL-s12-b300-a1.00,RL-s19-b300-a1.00,0.3025,0.4275,-0.125,100,0.00045888427429852227,0.2661528790931429,False
BT-v2,RL-s12-b300-a1.00,RL-s2-b300-a1.00,0.3025,0.3875,-0.08500000000000002,100,0.008229429294951076,1.0,False
BT-v2,RL-s12-b300-a1.00,RL-s3-b300-a1.00,0.3025,0.37,-0.0675,100,0.020013105675445036,1.0,False
BT-v2,RL-s12-b300-a1.00,RL-s4-b300-a1.00,0.3025,0.4175,-0.11499999999999999,100,2.6882063261858864e-05,0.01728516667737525,True
BT-v2,RL-s12-b300-a1.00,RL-s5-b300-a1.00,0.3025,0.385,-0.08250000000000002,100,0.013161554952664857,1.0,False
BT-v2,RL-s12-b300-a1.00,RL-s6-b300-a1.00,0.3025,0.3825,-0.08000000000000002,100,0.005961567999426192,1.0,False
BT-v2,RL-s12-b300-a1.00,RL-s7-b300-a1.00,0.3025,0.395,-0.09250000000000003,100,0.00015224079474949394,0.0930191255919408,False
BT-v2,RL-s12-b300-a1.00,RL-s8-b300-a1.00,0.3025,0.3325,-0.030000000000000027,100,0.21358011111967534,1.0,False
BT-v2,RL-s12-b300-a1.00,RL-s9-b300-a1.00,0.3025,0.44,-0.1375,100,3.489295391708702e-05,0.022157025737350258,True
BT-v2,RL-s12-b300-a1.00,SHD-s11-b300,0.3025,0.3325,-0.030000000000000027,100,0.3372169179922112,1.0,False
BT-v2,RL-s13-b300-a1.00,RL-s14-b300-a1.00,0.3525,0.155,0.19749999999999998,100,1.9594537639210103e-09,1.510738851983099e-06,True
BT-v2,RL-s13-b300-a1.00,RL-s15-b300-a1.00,0.3525,0.375,-0.02250000000000002,100,0.24330676714319355,1.0,False
BT-v2,RL-s13-b300-a1.00,RL-s16-b300-a1.00,0.3525,0.3525,0.0,100,0.8786980815530666,1.0,False
BT-v2,RL-s13-b300-a1.00,RL-s17-b300-a1.00,0.3525,0.395,-0.04250000000000004,100,0.10436761667287124,1.0,False
BT-v2,RL-s13-b300-a1.00,RL-s18-b300-a1.00,0.3525,0.2825,0.07,100,0.048036227137940805,1.0,False
BT-v2,RL-s13-b300-a1.00,RL-s19-b300-a1.00,0.3525,0.4275,-0.07500000000000001,100,0.0057301679849333376,1.0,False
BT-v2,RL-s13-b300-a1.00,RL-s2-b300-a1.00,0.3525,0.3875,-0.03500000000000003,100,0.07829777303170288,1.0,False
BT-v2,RL-s13-b300-a1.00,RL-s3-b300-a1.00,0.3525,0.37,-0.017500000000000016,100,0.4400942321474629,1.0,False
BT-v2,RL-s13-b300-a1.00,RL-s4-b300-a1.00,0.3525,0.4175,-0.065,100,0.0035551880105490997,1.0,False
BT-v2,RL-s13-b300-a1.00,RL-s5-b300-a1.00,0.3525,0.385,-0.03250000000000003,100,0.09607081383771152,1.0,False
BT-v2,RL-s13-b300-a1.00,RL-s6-b300-a1.00,0.3525,0.3825,-0.030000000000000027,100,0.13748480973306454,1.0,False
BT-v2,RL-s13-b300-a1.00,RL-s7-b300-a1.00,0.3525,0.395,-0.04250000000000004,100,0.05584606231316148,1.0,False
BT-v2,RL-s13-b300-a1.00,RL-s8-b300-a1.00,0.3525,0.3325,0.019999999999999962,100,0.8212001797381473,1.0,False
BT-v2,RL-s13-b300-a1.00,RL-s9-b300-a1.00,0.3525,0.44,-0.08750000000000002,100,0.002192140454540262,1.0,False
BT-v2,RL-s13-b300-a1.00,SHD-s11-b300,0.3525,0.3325,0.019999999999999962,100,0.5838034520954144,1.0,False
BT-v2,RL-s14-b300-a1.00,RL-s15-b300-a1.00,0.155,0.375,-0.22,100,3.2285954849043496e-09,2.4795613324065405e-06,True
BT-v2,RL-s14-b300-a1.00,RL-s16-b300-a1.00,0.155,0.3525,-0.19749999999999998,100,9.472035392409867e-08,6.952473978028843e-05,True
BT-v2,RL-s14-b300-a1.00,RL-s17-b300-a1.00,0.155,0.395,-0.24000000000000002,100,7.553487864541802e-10,5.891720534342605e-07,True
BT-v2,RL-s14-b300-a1.00,RL-s18-b300-a1.00,0.155,0.2825,-0.12749999999999997,100,0.00012985513218412628,0.0796011960288694,False
BT-v2,RL-s14-b300-a1.00,RL-s19-b300-a1.00,0.155,0.4275,-0.27249999999999996,100,9.451234491474718e-11,7.542085124196825e-08,True
BT-v2,RL-s14-b300-a1.00,RL-s2-b300-a1.00,0.155,0.3875,-0.2325,100,6.598902231135089e-10,5.160341544747639e-07,True
BT-v2,RL-s14-b300-a1.00,RL-s3-b300-a1.00,0.155,0.37,-0.215,100,1.885188903589517e-09,1.4553658335711072e-06,True
BT-v2,RL-s14-b300-a1.00,RL-s4-b300-a1.00,0.155,0.4175,-0.26249999999999996,100,5.3193354364129575e-12,4.393771070477103e-09,True
BT-v2,RL-s14-b300-a1.00,RL-s5-b300-a1.00,0.155,0.385,-0.23,100,1.3654932591691854e-09,1.0596227691152878e-06,True
BT-v2,RL-s14-b300-a1.00,RL-s6-b300-a1.00,0.155,0.3825,-0.2275,100,5.911024502634417e-11,4.746552675615437e-08,True
BT-v2,RL-s14-b300-a1.00,RL-s7-b300-a1.00,0.155,0.395,-0.24000000000000002,100,1.0484786487329357e-11,8.587040133122743e-09,True
BT-v2,RL-s14-b300-a1.00,RL-s8-b300-a1.00,0.155,0.3325,-0.17750000000000002,100,3.776648825022712e-08,2.8249333211169882e-05,True
BT-v2,RL-s14-b300-a1.00,RL-s9-b300-a1.00,0.155,0.44,-0.28500000000000003,100,2.2909700246173907e-11,1.8579766899647037e-08,True
BT-v2,RL-s14-b300-a1.00,SHD-s11-b300,0.155,0.3325,-0.17750000000000002,100,4.986289759052627e-08,3.714785870494207e-05,True
BT-v2,RL-s15-b300-a1.00,RL-s16-b300-a1.00,0.375,0.3525,0.02250000000000002,100,0.3275319040040603,1.0,False
BT-v2,RL-s15-b300-a1.00,RL-s17-b300-a1.00,0.375,0.395,-0.020000000000000018,100,0.8702533293551208,1.0,False
BT-v2,RL-s15-b300-a1.00,RL-s18-b300-a1.00,0.375,0.2825,0.09250000000000003,100,0.0015344549632818466,0.830140135135479,False
BT-v2,RL-s15-b300-a1.00,RL-s19-b300-a1.00,0.375,0.4275,-0.05249999999999999,100,0.11591288428334266,1.0,False
BT-v2,RL-s15-b300-a1.00,RL-s2-b300-a1.00,0.375,0.3875,-0.012500000000000011,100,0.6118725983099724,1.0,False
BT-v2,RL-s15-b300-a1.00,RL-s3-b300-a1.00,0.375,0.37,0.0050000000000000044,100,0.8718601259262244,1.0,False
BT-v2,RL-s15-b300-a1.00,RL-s4-b300-a1.00,0.375,0.4175,-0.04249999999999998,100,0.11699268930150673,1.0,False
BT-v2,RL-s15-b300-a1.00,RL-s5-b300-a1.00,0.375,0.385,-0.010000000000000009,100,0.8924147437319425,1.0,False
BT-v2,RL-s15-b300-a1.00,RL-s6-b300-a1.00,0.375,0.3825,-0.007500000000000007,100,0.9386047664057455,1.0,False
BT-v2,RL-s15-b300-a1.00,RL-s7-b300-a1.00,0.375,0.395,-0.020000000000000018,100,0.6222170374124096,1.0,False
BT-v2,RL-s15-b300-a1.00,RL-s8-b300-a1.00,0.375,0.3325,0.04249999999999998,100,0.14954777679402412,1.0,False
BT-v2,RL-s15-b300-a1.00,RL-s9-b300-a1.00,0.375,0.44,-0.065,100,0.0317462046696787,1.0,False
BT-v2,RL-s15-b300-a1.00,SHD-s11-b300,0.375,0.3325,0.04249999999999998,100,0.1255218666718742,1.0,False
BT-v2,RL-s16-b300-a1.00,RL-s17-b300-a1.00,0.3525,0.395,-0.04250000000000004,100,0.30691706478527414,1.0,False
BT-v2,RL-s16-b300-a1.00,RL-s18-b300-a1.00,0.3525,0.2825,0.07,100,0.01836137217865107,1.0,False
BT-v2,RL-s16-b300-a1.00,RL-s19-b300-a1.00,0.3525,0.4275,-0.07500000000000001,100,0.033373126867803575,1.0,False
BT-v2,RL-s16-b300-a1.00,RL-s2-b300-a1.00,0.3525,0.3875,-0.03500000000000003,100,0.1462382401916077,1.0,False
BT-v2,RL-s16-b300-a1.00,RL-s3-b300-a1.00,0.3525,0.37,-0.017500000000000016,100,0.4469366172495627,1.0,False
BT-v2,RL-s16-b300-a1.00,RL-s4-b300-a1.00,0.3525,0.4175,-0.065,100,0.013813752462992867,1.0,False
BT-v2,RL-s16-b300-a1.00,RL-s5-b300-a1.00,0.3525,0.385,-0.03250000000000003,100,0.11676814159415604,1.0,False
BT-v2,RL-s16-b300-a1.00,RL-s6-b300-a1.00,0.3525,0.3825,-0.030000000000000027,100,0.247827845031382,1.0,False
BT-v2,RL-s16-b300-a1.00,RL-s7-b300-a1.00,0.3525,0.395,-0.04250000000000004,100,0.033037505344585535,1.0,False
BT-v2,RL-s16-b300-a1.00,RL-s8-b300-a1.00,0.3525,0.3325,0.019999999999999962,100,0.3684111811883142,1.0,False
BT-v2,RL-s16-b300-a1.00,RL-s9-b300-a1.00,0.3525,0.44,-0.08750000000000002,100,0.0021118917147901397,1.0,False
BT-v2,RL-s16-b300-a1.00,SHD-s11-b300,0.3525,0.3325,0.019999999999999962,100,0.6224870172064525,1.0,False
BT-v2,RL-s17-b300-a1.00,RL-s18-b300-a1.00,0.395,0.2825,0.11250000000000004,100,0.00343133293868875,1.0,False
BT-v2,RL-s17-b300-a1.00,RL-s19-b300-a1.00,0.395,0.4275,-0.03249999999999997,100,0.1651593828283101,1.0,False
BT-v2,RL-s17-b300-a1.00,RL-s2-b300-a1.00,0.395,0.3875,0.007500000000000007,100,0.7764790166988308,1.0,False
BT-v2,RL-s17-b300-a1.00,RL-s3-b300-a1.00,0.395,0.37,0.025000000000000022,100,0.244213057660022,1.0,False
BT-v2,RL-s17-b300-a1.00,RL-s4-b300-a1.00,0.395,0.4175,-0.022499999999999964,100,0.29388783975074295,1.0,False
BT-v2,RL-s17-b300-a1.00,RL-s5-b300-a1.00,0.395,0.385,0.010000000000000009,100,0.8346016990531515,1.0,False
BT-v2,RL-s17-b300-a1.00,RL-s6-b300-a1.00,0.395,0.3825,0.012500000000000011,100,0.9495834015723376,1.0,False
BT-v2,RL-s17-b300-a1.00,RL-s7-b300-a1.00,0.395,0.395,0.0,100,0.61008716009805,1.0,False
BT-v2,RL-s17-b300-a1.00,RL-s8-b300-a1.00,0.395,0.3325,0.0625,100,0.18657606748167543,1.0,False
BT-v2,RL-s17-b300-a1.00,RL-s9-b300-a1.00,0.395,0.44,-0.044999999999999984,100,0.09940893494384169,1.0,False
BT-v2,RL-s17-b300-a1.00,SHD-s11-b300,0.395,0.3325,0.0625,100,0.028001861234014675,1.0,False
BT-v2,RL-s18-b300-a1.00,RL-s19-b300-a1.00,0.2825,0.4275,-0.14500000000000002,100,3.0164920494344635e-05,0.01927538419588622,True
BT-v2,RL-s18-b300-a1.00,RL-s2-b300-a1.00,0.2825,0.3875,-0.10500000000000004,100,0.0006376682007003401,0.36347087439919384,False
BT-v2,RL-s18-b300-a1.00,RL-s3-b300-a1.00,0.2825,0.37,-0.08750000000000002,100,0.0044073414240893725,1.0,False
BT-v2,RL-s18-b300-a1.00,RL-s4-b300-a1.00,0.2825,0.4175,-0.135,100,5.163343615935027e-05,0.03227089759959392,True
BT-v2,RL-s18-b300-a1.00,RL-s5-b300-a1.00,0.2825,0.385,-0.10250000000000004,100,0.0005857558931847463,0.33563812679485966,False
BT-v2,RL-s18-b300-a1.00,RL-s6-b300-a1.00,0.2825,0.3825,-0.10000000000000003,100,0.001034703636163924,0.5721911107986499,False
BT-v2,RL-s18-b300-a1.00,RL-s7-b300-a1.00,0.2825,0.395,-0.11250000000000004,100,1.2015633043749729e-05,0.00791830217583107,True
BT-v2,RL-s18-b300-a1.00,RL-s8-b300-a1.00,0.2825,0.3325,-0.050000000000000044,100,0.08028507619946443,1.0,False
BT-v2,RL-s18-b300-a1.00,RL-s9-b300-a1.00,0.2825,0.44,-0.15750000000000003,100,3.098669696550312e-07,0.00022310421815162246,True
BT-v2,RL-s18-b300-a1.00,SHD-s11-b300,0.2825,0.3325,-0.050000000000000044,100,0.039719558091469,1.0,False
BT-v2,RL-s19-b300-a1.00,RL-s2-b300-a1.00,0.4275,0.3875,0.03999999999999998,100,0.2948089062474857,1.0,False
BT-v2,RL-s19-b300-a1.00,RL-s3-b300-a1.00,0.4275,0.37,0.057499999999999996,100,0.05121749090069137,1.0,False
BT-v2,RL-s19-b300-a1.00,RL-s4-b300-a1.00,0.4275,0.4175,0.010000000000000009,100,0.7613309692882956,1.0,False
BT-v2,RL-s19-b300-a1.00,RL-s5-b300-a1.00,0.4275,0.385,0.04249999999999998,100,0.3110938920035574,1.0,False
BT-v2,RL-s19-b300-a1.00,RL-s6-b300-a1.00,0.4275,0.3825,0.044999999999999984,100,0.23198329997213296,1.0,False
BT-v2,RL-s19-b300-a1.00,RL-s7-b300-a1.00,0.4275,0.395,0.03249999999999997,100,0.303373107834793,1.0,False
BT-v2,RL-s19-b300-a1.00,RL-s8-b300-a1.00,0.4275,0.3325,0.09499999999999997,100,0.007003550099095852,1.0,False
BT-v2,RL-s19-b300-a1.00,RL-s9-b300-a1.00,0.4275,0.44,-0.012500000000000011,100,0.5249381443576473,1.0,False
BT-v2,RL-s19-b300-a1.00,SHD-s11-b300,0.4275,0.3325,0.09499999999999997,100,0.007125101099915019,1.0,False
BT-v2,RL-s2-b300-a1.00,RL-s3-b300-a1.00,0.3875,0.37,0.017500000000000016,100,0.5926247839321008,1.0,False
BT-v2,RL-s2-b300-a1.00,RL-s4-b300-a1.00,0.3875,0.4175,-0.02999999999999997,100,0.21550650926368153,1.0,False
BT-v2,RL-s2-b300-a1.00,RL-s5-b300-a1.00,0.3875,0.385,0.0025000000000000022,100,0.7598341674356426,1.0,False
BT-v2,RL-s2-b300-a1.00,RL-s6-b300-a1.00,0.3875,0.3825,0.0050000000000000044,100,0.9044926031410834,1.0,False
BT-v2,RL-s2-b300-a1.00,RL-s7-b300-a1.00,0.3875,0.395,-0.007500000000000007,100,0.47936756828285676,1.0,False
BT-v2,RL-s2-b300-a1.00,RL-s8-b300-a1.00,0.3875,0.3325,0.05499999999999999,100,0.0529000658116704,1.0,False
BT-v2,RL-s2-b300-a1.00,RL-s9-b300-a1.00,0.3875,0.44,-0.05249999999999999,100,0.026398339320257976,1.0,False
BT-v2,RL-s2-b300-a1.00,SHD-s11-b300,0.3875,0.3325,0.05499999999999999,100,0.07029196199772084,1.0,False
BT-v2,RL-s3-b300-a1.00,RL-s4-b300-a1.00,0.37,0.4175,-0.04749999999999999,100,0.10476013981263767,1.0,False
BT-v2,RL-s3-b300-a1.00,RL-s5-b300-a1.00,0.37,0.385,-0.015000000000000013,100,0.4239048131743606,1.0,False
BT-v2,RL-s3-b300-a1.00,RL-s6-b300-a1.00,0.37,0.3825,-0.012500000000000011,100,0.6955362833032779,1.0,False
BT-v2,RL-s3-b300-a1.00,RL-s7-b300-a1.00,0.37,0.395,-0.025000000000000022,100,0.42641237187489756,1.0,False
BT-v2,RL-s3-b300-a1.00,RL-s8-b300-a1.00,0.37,0.3325,0.03749999999999998,100,0.20352647170501315,1.0,False
BT-v2,RL-s3-b300-a1.00,RL-s9-b300-a1.00,0.37,0.44,-0.07,100,0.025531446105655296,1.0,False
BT-v2,RL-s3-b300-a1.00,SHD-s11-b300,0.37,0.3325,0.03749999999999998,100,0.19749419226432374,1.0,False
BT-v2,RL-s4-b300-a1.00,RL-s5-b300-a1.00,0.4175,0.385,0.03249999999999997,100,0.20806902949978856,1.0,False
BT-v2,RL-s4-b300-a1.00,RL-s6-b300-a1.00,0.4175,0.3825,0.034999999999999976,100,0.23633452603124583,1.0,False
BT-v2,RL-s4-b300-a1.00,RL-s7-b300-a1.00,0.4175,0.395,0.022499999999999964,100,0.3823674599419047,1.0,False
BT-v2,RL-s4-b300-a1.00,RL-s8-b300-a1.00,0.4175,0.3325,0.08499999999999996,100,0.0046823377472540425,1.0,False
BT-v2,RL-s4-b300-a1.00,RL-s9-b300-a1.00,0.4175,0.44,-0.02250000000000002,100,0.463423003998772,1.0,False
BT-v2,RL-s4-b300-a1.00,SHD-s11-b300,0.4175,0.3325,0.08499999999999996,100,0.0003573822664047311,0.20978339037957716,False
BT-v2,RL-s5-b300-a1.00,RL-s6-b300-a1.00,0.385,0.3825,0.0025000000000000022,100,0.8029870333746997,1.0,False
BT-v2,RL-s5-b300-a1.00,RL-s7-b300-a1.00,0.385,0.395,-0.010000000000000009,100,0.5183923319241597,1.0,False
BT-v2,RL-s5-b300-a1.00,RL-s8-b300-a1.00,0.385,0.3325,0.05249999999999999,100,0.04162872743770915,1.0,False
BT-v2,RL-s5-b300-a1.00,RL-s9-b300-a1.00,0.385,0.44,-0.05499999999999999,100,0.07450731348042347,1.0,False
BT-v2,RL-s5-b300-a1.00,SHD-s11-b300,0.385,0.3325,0.05249999999999999,100,0.08502333097887041,1.0,False
BT-v2,RL-s6-b300-a1.00,RL-s7-b300-a1.00,0.3825,0.395,-0.012500000000000011,100,0.6475545146525752,1.0,False
BT-v2,RL-s6-b300-a1.00,RL-s8-b300-a1.00,0.3825,0.3325,0.04999999999999999,100,0.054221388479306486,1.0,False
BT-v2,RL-s6-b300-a1.00,RL-s9-b300-a1.00,0.3825,0.44,-0.057499999999999996,100,0.15427836746745763,1.0,False
BT-v2,RL-s6-b300-a1.00,SHD-s11-b300,0.3825,0.3325,0.04999999999999999,100,0.03451331648030927,1.0,False
BT-v2,RL-s7-b300-a1.00,RL-s8-b300-a1.00,0.395,0.3325,0.0625,100,0.008577911228645782,1.0,False
BT-v2,RL-s7-b300-a1.00,RL-s9-b300-a1.00,0.395,0.44,-0.044999999999999984,100,0.09433547457305962,1.0,False
BT-v2,RL-s7-b300-a1.00,SHD-s11-b300,0.395,0.3325,0.0625,100,0.004381092839752746,1.0,False
BT-v2,RL-s8-b300-a1.00,RL-s9-b300-a1.00,0.3325,0.44,-0.10749999999999998,100,0.00043368060570455073,0.25283579312575305,False
BT-v2,RL-s8-b300-a1.00,SHD-s11-b300,0.3325,0.3325,0.0,100,0.8869991064852799,1.0,False
BT-v2,RL-s9-b300-a1.00,SHD-s11-b300,0.44,0.3325,0.10749999999999998,100,0.00017286488489929135,0.10475612024897056,False
BT-v3,BT-v1,BT-v2,0.355,0.7875,-0.4325,100,3.080017954203409e-16,2.7535360510578474e-13,True
BT-v3,BT-v1,BT-v3,0.355,0.5,-0.14500000000000002,100,8.87690463834437e-12,7.305692517357416e-09,True
BT-v3,BT-v1,BTO-s0-b300,0.355,0.77,-0.41500000000000004,100,3.697559466257448e-16,3.298223043901644e-13,True
BT-v3,BT-v1,BTO-s1-b300,0.355,0.775,-0.42000000000000004,100,5.406010717752928e-17,4.903251721001906e-14,True
BT-v3,BT-v1,BTO-s2-b300,0.355,0.86,-0.505,100,1.725891301682701e-18,1.605078910564912e-15,True
BT-v3,BT-v1,GATE-s1-b200,0.355,0.535,-0.18000000000000005,100,4.461971583759223e-08,3.328630801484381e-05,True
BT-v3,BT-v1,HYB-s11-b300-a0.50,0.355,0.495,-0.14,100,2.986799676222195e-06,0.002048944577888426,True
BT-v3,BT-v1,PPO-s0-b1500000,0.355,0.38,-0.025000000000000022,100,0.7148610808668298,1.0,False
BT-v3,BT-v1,RES-s0-b200,0.355,0.575,-0.21999999999999997,100,1.4565941310045954e-13,1.2351918230918968e-10,True
BT-v3,BT-v1,RL-s0-b300-a1.00,0.355,0.4525,-0.09750000000000003,100,0.002468692236766253,1.0,False
BT-v3,BT-v1,RL-s1-b300-a1.00,0.355,0.5,-0.14500000000000002,100,1.6998737114216967e-05,0.011134172809812113,True
BT-v3,BT-v1,RL-s10-b300-a1.00,0.355,0.34,0.014999999999999958,100,0.4759907557926256,1.0,False
BT-v3,BT-v1,RL-s11-b300-a1.00,0.355,0.4325,-0.07750000000000001,100,0.002838021496589175,1.0,False
BT-v3,BT-v1,RL-s12-b300-a1.00,0.355,0.335,0.019999999999999962,100,0.5425865341012133,1.0,False
BT-v3,BT-v1,RL-s13-b300-a1.00,0.355,0.335,0.019999999999999962,100,0.37157109920760045,1.0,False
BT-v3,BT-v1,RL-s14-b300-a1.00,0.355,0.4325,-0.07750000000000001,100,0.017440886427873017,1.0,False
BT-v3,BT-v1,RL-s15-b300-a1.00,0.355,0.49,-0.135,100,3.158704837524712e-06,0.0021637128137044275,True
BT-v3,BT-v1,RL-s16-b300-a1.00,0.355,0.3625,-0.007500000000000007,100,0.9050247436262812,1.0,False
BT-v3,BT-v1,RL-s17-b300-a1.00,0.355,0.4175,-0.0625,100,0.058569072751510035,1.0,False
BT-v3,BT-v1,RL-s18-b300-a1.00,0.355,0.2625,0.09249999999999997,100,0.003970450843306912,1.0,False
BT-v3,BT-v1,RL-s19-b300-a1.00,0.355,0.44,-0.08500000000000002,100,0.0033627334378925513,1.0,False
BT-v3,BT-v1,RL-s2-b300-a1.00,0.355,0.385,-0.030000000000000027,100,0.19498866100288315,1.0,False
BT-v3,BT-v1,RL-s3-b300-a1.00,0.355,0.405,-0.050000000000000044,100,0.11623048747664147,1.0,False
BT-v3,BT-v1,RL-s4-b300-a1.00,0.355,0.4325,-0.07750000000000001,100,0.008296480859574544,1.0,False
BT-v3,BT-v1,RL-s5-b300-a1.00,0.355,0.4025,-0.04750000000000004,100,0.050363442119929824,1.0,False
BT-v3,BT-v1,RL-s6-b300-a1.00,0.355,0.4325,-0.07750000000000001,100,0.01075198701427674,1.0,False
BT-v3,BT-v1,RL-s7-b300-a1.00,0.355,0.4025,-0.04750000000000004,100,0.01557631659051421,1.0,False
BT-v3,BT-v1,RL-s8-b300-a1.00,0.355,0.3175,0.03749999999999998,100,0.22361279394637168,1.0,False
BT-v3,BT-v1,RL-s9-b300-a1.00,0.355,0.495,-0.14,100,2.4825013566179684e-05,0.016086608790884437,True
BT-v3,BT-v1,SHD-s11-b300,0.355,0.4,-0.04500000000000004,100,0.0802626202231081,1.0,False
BT-v3,BT-v2,BT-v3,0.7875,0.5,0.2875,100,8.402917591754405e-14,7.167688705766507e-11,True
BT-v3,BT-v2,BTO-s0-b300,0.7875,0.77,0.01749999999999996,100,0.32919427302246373,1.0,False
BT-v3,BT-v2,BTO-s1-b300,0.7875,0.775,0.012499999999999956,100,0.39414550727566255,1.0,False
BT-v3,BT-v2,BTO-s2-b300,0.7875,0.86,-0.07250000000000001,100,0.022158067545841383,1.0,False
BT-v3,BT-v2,GATE-s1-b200,0.7875,0.535,0.25249999999999995,100,2.568196240710758e-08,1.928715376773779e-05,True
BT-v3,BT-v2,HYB-s11-b300-a0.50,0.7875,0.495,0.2925,100,2.6805999632282727e-11,2.1686053702516725e-08,True
BT-v3,BT-v2,PPO-s0-b1500000,0.7875,0.38,0.4075,100,2.2204210282757297e-13,1.880696610949543e-10,True
BT-v3,BT-v2,RES-s0-b200,0.7875,0.575,0.21250000000000002,100,4.318602224327218e-09,3.308049303834649e-06,True
BT-v3,BT-v2,RL-s0-b300-a1.00,0.7875,0.4525,0.33499999999999996,100,2.2545210510932336e-11,1.8306710934877057e-08,True
BT-v3,BT-v2,RL-s1-b300-a1.00,0.7875,0.5,0.2875,100,1.2531892413738652e-11,1.022602420961074e-08,True
BT-v3,BT-v2,RL-s10-b300-a1.00,0.7875,0.34,0.44749999999999995,100,2.573169350771811e-14,2.218071980365301e-11,True
BT-v3,BT-v2,RL-s11-b300-a1.00,0.7875,0.4325,0.355,100,2.4687576866457834e-13,2.0861002452156868e-10,True
BT-v3,BT-v2,RL-s12-b300-a1.00,0.7875,0.335,0.45249999999999996,100,1.9134913280382196e-16,1.7202287039063595e-13,True
BT-v3,BT-v2,RL-s13-b300-a1.00,0.7875,0.335,0.45249999999999996,100,4.346120819429537e-16,3.868047529292288e-13,True
BT-v3,BT-v2,RL-s14-b300-a1.00,0.7875,0.4325,0.355,100,6.35549439394984e-15,5.516569133948461e-12,True
BT-v3,BT-v2,RL-s15-b300-a1.00,0.7875,0.49,0.2975,100,3.482528156067534e-11,2.8104002219464998e-08,True
BT-v3,BT-v2,RL-s16-b300-a1.00,0.7875,0.3625,0.425,100,5.319444373021391e-15,4.622597160155589e-12,True
BT-v3,BT-v2,RL-s17-b300-a1.00,0.7875,0.4175,0.37,100,4.68891877965836e-13,3.934002856133364e-10,True
BT-v3,BT-v2,RL-s18-b300-a1.00,0.7875,0.2625,0.5249999999999999,100,1.4457082310726076e-17,1.3242687396625085e-14,True
BT-v3,BT-v2,RL-s19-b300-a1.00,0.7875,0.44,0.3475,100,2.6635321100326572e-12,2.2107316513271054e-09,True
BT-v3,BT-v2,RL-s2-b300-a1.00,0.7875,0.385,0.40249999999999997,100,7.468328866685322e-16,6.616939375883195e-13,True
BT-v3,BT-v2,RL-s3-b300-a1.00,0.7875,0.405,0.38249999999999995,100,7.238861743890837e-14,6.181987929282775e-11,True
BT-v3,BT-v2,RL-s4-b300-a1.00,0.7875,0.4325,0.355,100,1.0278833349052685e-13,8.747287180043835e-11,True
BT-v3,BT-v2,RL-s5-b300-a1.00,0.7875,0.4025,0.38499999999999995,100,2.9070166504392585e-15,2.5465465857847905e-12,True
BT-v3,BT-v2,RL-s6-b300-a1.00,0.7875,0.4325,0.355,100,6.558877505099938e-14,5.614399144365547e-11,True
BT-v3,BT-v2,RL-s7-b300-a1.00,0.7875,0.4025,0.38499999999999995,100,2.9315128177508933e-15,2.5650737155320316e-12,True
BT-v3,BT-v2,RL-s8-b300-a1.00,0.7875,0.3175,0.47,100,2.1064818235497713e-16,1.8895141957241448e-13,True
BT-v3,BT-v2,RL-s9-b300-a1.00,0.7875,0.495,0.2925,100,1.0226875043430196e-11,8.386037535612761e-09,True
BT-v3,BT-v2,SHD-s11-b300,0.7875,0.4,0.38749999999999996,100,1.6798872825768927e-14,1.4531024994290122e-11,True
BT-v3,BT-v3,BTO-s0-b300,0.5,0.77,-0.27,100,1.2143633141378546e-13,1.0309944537030386e-10,True
BT-v3,BT-v3,BTO-s1-b300,0.5,0.775,-0.275,100,5.890056811256663e-16,5.230370448395917e-13,True
BT-v3,BT-v3,BTO-s2-b300,0.5,0.86,-0.36,100,1.9591296536829993e-18,1.8200314482715062e-15,True
BT-v3,BT-v3,GATE-s1-b200,0.5,0.535,-0.03500000000000003,100,0.3233904443064324,1.0,False
BT-v3,BT-v3,HYB-s11-b300-a0.50,0.5,0.495,0.0050000000000000044,100,0.5417546162233755,1.0,False
BT-v3,BT-v3,PPO-s0-b1500000,0.5,0.38,0.12,100,0.001845891794178859,0.9875521098856896,False
BT-v3,BT-v3,RES-s0-b200,0.5,0.575,-0.07499999999999996,100,0.0002521459154578273,0.15027896561286505,False
BT-v3,BT-v3,RL-s0-b300-a1.00,0.5,0.4525,0.04749999999999999,100,0.022987396213672028,1.0,False
BT-v3,BT-v3,RL-s1-b300-a1.00,0.5,0.5,0.0,100,0.9119164812954709,1.0,False
BT-v3,BT-v3,RL-s10-b300-a1.00,0.5,0.34,0.15999999999999998,100,1.7783182701410857e-08,1.3461869304968018e-05,True
BT-v3,BT-v3,RL-s11-b300-a1.00,0.5,0.4325,0.0675,100,0.00438268998515106,1.0,False
BT-v3,BT-v3,RL-s12-b300-a1.00,0.5,0.335,0.16499999999999998,100,7.696706349538164e-10,5.99573424629023e-07,True
BT-v3,BT-v3,RL-s13-b300-a1.00,0.5,0.335,0.16499999999999998,100,1.2733453480880354e-10,1.0123095517299881e-07,True
BT-v3,BT-v3,RL-s14-b300-a1.00,0.5,0.4325,0.0675,100,0.0088188548457076,1.0,False
BT-v3,BT-v3,RL-s15-b300-a1.00,0.5,0.49,0.010000000000000009,100,0.6841577733476827,1.0,False
BT-v3,BT-v3,RL-s16-b300-a1.00,0.5,0.3625,0.1375,100,6.985147485059303e-08,5.1759942864289435e-05,True
BT-v3,BT-v3,RL-s17-b300-a1.00,0.5,0.4175,0.08250000000000002,100,0.0011293980672792995,0.6211689370036148,False
BT-v3,BT-v3,RL-s18-b300-a1.00,0.5,0.2625,0.2375,100,5.114695236637768e-14,4.3832938177985675e-11,True
BT-v3,BT-v3,RL-s19-b300-a1.00,0.5,0.44,0.06,100,0.004041042624431305,1.0,False
BT-v3,BT-v3,RL-s2-b300-a1.00,0.5,0.385,0.11499999999999999,100,7.739632596020378e-08,5.719588488459059e-05,True
BT-v3,BT-v3,RL-s3-b300-a1.00,0.5,0.405,0.09499999999999997,100,1.4941372367677789e-05,0.00980154027319663,True
BT-v3,BT-v3,RL-s4-b300-a1.00,0.5,0.4325,0.0675,100,0.0031003406315810887,1.0,False
BT-v3,BT-v3,RL-s5-b300-a1.00,0.5,0.4025,0.09749999999999998,100,9.203316515403967e-06,0.0060925955331974264,True
BT-v3,BT-v3,RL-s6-b300-a1.00,0.5,0.4325,0.0675,100,0.0019558624212276292,1.0,False
BT-v3,BT-v3,RL-s7-b300-a1.00,0.5,0.4025,0.09749999999999998,100,1.9849272073929075e-07,0.0001439072225359858,True
BT-v3,BT-v3,RL-s8-b300-a1.00,0.5,0.3175,0.1825,100,1.925255683227746e-11,1.5652328704641576e-08,True
BT-v3,BT-v3,RL-s9-b300-a1.00,0.5,0.495,0.0050000000000000044,100,0.7180142377904527,1.0,False
BT-v3,BT-v3,SHD-s11-b300,0.5,0.4,0.09999999999999998,100,1.4826792958537448e-06,0.001039358186393475,True
BT-v3,BTO-s0-b300,BTO-s1-b300,0.77,0.775,-0.0050000000000000044,100,0.8815652298412505,1.0,False
BT-v3,BTO-s0-b300,BTO-s2-b300,0.77,0.86,-0.08999999999999997,100,0.003591342672750846,1.0,False
BT-v3,BTO-s0-b300,GATE-s1-b200,0.77,0.535,0.235,100,9.523050388886698e-08,6.970872884665063e-05,True
BT-v3,BTO-s0-b300,HYB-s11-b300-a0.50,0.77,0.495,0.275,100,8.595777670626737e-11,6.868026358830762e-08,True
BT-v3,BTO-s0-b300,PPO-s0-b1500000,0.77,0.38,0.39,100,1.5343358668929215e-12,1.2781017771218036e-09,True
BT-v3,BTO-s0-b300,RES-s0-b200,0.77,0.575,0.19500000000000006,100,1.641436477580645e-08,1.2442088500061289e-05,True
BT-v3,BTO-s0-b300,RL-s0-b300-a1.00,0.77,0.4525,0.3175,100,3.2966558533151335e-11,2.6636979294786278e-08,True
BT-v3,BTO-s0-b300,RL-s1-b300-a1.00,0.77,0.5,0.27,100,1.62707193968932e-11,1.3244365589071065e-08,True
BT-v3,BTO-s0-b300,RL-s10-b300-a1.00,0.77,0.34,0.43,100,7.019179139599448e-14,6.001398164357529e-11,True
BT-v3,BTO-s0-b300,RL-s11-b300-a1.00,0.77,0.4325,0.3375,100,3.119281012201138e-13,2.6264346122733584e-10,True
BT-v3,BTO-s0-b300,RL-s12-b300-a1.00,0.77,0.335,0.435,100,2.759775313270274e-16,2.4699989053768953e-13,True
BT-v3,BTO-s0-b300,RL-s13-b300-a1.00,0.77,0.335,0.435,100,3.5127229875272824e-16,3.136861627861863e-13,True
BT-v3,BTO-s0-b300,RL-s14-b300-a1.00,0.77,0.4325,0.3375,100,3.984896421305747e-14,3.427010922322942e-11,True
BT-v3,BTO-s0-b300,RL-s15-b300-a1.00,0.77,0.49,0.28,100,5.65023296183913e-11,4.5427873013186606e-08,True
BT-v3,BTO-s0-b300,RL-s16-b300-a1.00,0.77,0.3625,0.40750000000000003,100,4.6245711264047024e-15,4.023376879972091e-12,True
BT-v3,BTO-s0-b300,RL-s17-b300-a1.00,0.77,0.4175,0.35250000000000004,100,5.735681550527794e-13,4.806501139342292e-10,True
BT-v3,BTO-s0-b300,RL-s18-b300-a1.00,0.77,0.2625,0.5075000000000001,100,1.6681117365935064e-17,1.5229860155098714e-14,True
BT-v3,BTO-s0-b300,RL-s19-b300-a1.00,0.77,0.44,0.33,100,1.8576766798021695e-12,1.545586997595405e-09,True
BT-v3,BTO-s0-b300,RL-s2-b300-a1.00,0.77,0.385,0.385,100,8.590466663121451e-16,7.602562996862485e-13,True
BT-v3,BTO-s0-b300,RL-s3-b300-a1.00,0.77,0.405,0.365,100,3.678901289112728e-14,3.167534009926059e-11,True
BT-v3,BTO-s0-b300,RL-s4-b300-a1.00,0.77,0.4325,0.3375,100,2.6456901389054926e-13,2.2329624772362358e-10,True
BT-v3,BTO-s0-b300,RL-s5-b300-a1.00,0.77,0.4025,0.3675,100,2.4648238652247835e-14,2.1271429956889883e-11,True
BT-v3,BTO-s0-b300,RL-s6-b300-a1.00,0.77,0.4325,0.3375,100,2.871418854458852e-13,2.4206060943088125e-10,True
BT-v3,BTO-s0-b300,RL-s7-b300-a1.00,0.77,0.4025,0.3675,100,2.203815737267694e-15,1.937154033058303e-12,True
BT-v3,BTO-s0-b300,RL-s8-b300-a1.00,0.77,0.3175,0.4525,100,6.541734684812328e-17,5.913728155070345e-14,True
BT-v3,BTO-s0-b300,RL-s9-b300-a1.00,0.77,0.495,0.275,100,9.801647108764343e-11,7.811912745685181e-08,True
BT-v3,BTO-s0-b300,SHD-s11-b300,0.77,0.4,0.37,100,3.78228123449619e-15,3.301931517715174e-12,True
BT-v3,BTO-s1-b300,BTO-s2-b300,0.775,0.86,-0.08499999999999996,100,0.00022671078658372063,0.1362531827368161,False
BT-v3,BTO-s1-b300,GATE-s1-b200,0.775,0.535,0.24,100,3.7051136553140655e-10,2.9159244467321697e-07,True
BT-v3,BTO-s1-b300,HYB-s11-b300-a0.50,0.775,0.495,0.28,100,4.060832417282041e-12,3.358308409092248e-09,True
BT-v3,BTO-s1-b300,PPO-s0-b1500000,0.775,0.38,0.395,100,7.870930627491914e-13,6.587968935210732e-10,True
BT-v3,BTO-s1-b300,RES-s0-b200,0.775,0.575,0.20000000000000007,100,7.707368436861642e-10,5.996332643878358e-07,True
BT-v3,BTO-s1-b300,RL-s0-b300-a1.00,0.775,0.4525,0.3225,100,2.3937373168180726e-13,2.0251017700280895e-10,True
BT-v3,BTO-s1-b300,RL-s1-b300-a1.00,0.775,0.5,0.275,100,3.404619764255315e-13,2.86328522173872e-10,True
BT-v3,BTO-s1-b300,RL-s10-b300-a1.00,0.775,0.34,0.435,100,1.271502509505772e-16,1.1468952635742064e-13,True
BT-v3,BTO-s1-b300,RL-s11-b300-a1.00,0.775,0.4325,0.3425,100,9.850477737855484e-15,8.540364198720704e-12,True
BT-v3,BTO-s1-b300,RL-s12-b300-a1.00,0.775,0.335,0.44,100,1.4620567433521293e-17,1.3377819201671983e-14,True
BT-v3,BTO-s1-b300,RL-s13-b300-a1.00,0.775,0.335,0.44,100,1.5421242307395127e-17,1.4095015468959146e-14,True
BT-v3,BTO-s1-b300,RL-s14-b300-a1.00,0.775,0.4325,0.3425,100,4.415643091149562e-14,3.788621772206324e-11,True
BT-v3,BTO-s1-b300,RL-s15-b300-a1.00,0.775,0.49,0.28500000000000003,100,9.013820436605285e-12,7.409360398889544e-09,True
BT-v3,BTO-s1-b300,RL-s16-b300-a1.00,0.775,0.3625,0.41250000000000003,100,2.16456586687319e-15,1.904817962848407e-12,True
BT-v3,BTO-s1-b300,RL-s17-b300-a1.00,0.775,0.4175,0.35750000000000004,100,2.7087686148921523e-15,2.3782988438753098e-12,True
BT-v3,BTO-s1-b300,RL-s18-b300-a1.00,0.775,0.2625,0.5125,100,6.0794559691417364e-18,5.5991789475795395e-15,True
BT-v3,BTO-s1-b300,RL-s19-b300-a1.00,0.775,0.44,0.335,100,1.0495091249685304e-14,9.088749022227473e-12,True
BT-v3,BTO-s1-b300,RL-s2-b300-a1.00,0.775,0.385,0.39,100,7.271996350897315e-17,6.566612704860275e-14,True
BT-v3,BTO-s1-b300,RL-s3-b300-a1.00,0.775,0.405,0.37,100,4.183509539564445e-15,3.648020318500196e-12,True
BT-v3,BTO-s1-b300,RL-s4-b300-a1.00,0.775,0.4325,0.3425,100,5.212456545748186e-16,4.633873869170138e-13,True
BT-v3,BTO-s1-b300,RL-s5-b300-a1.00,0.775,0.4025,0.3725,100,1.784117021549586e-16,1.6057053193946273e-13,True
BT-v3,BTO-s1-b300,RL-s6-b300-a1.00,0.775,0.4325,0.3425,100,6.468234404161807e-17,5.853752135766435e-14,True
BT-v3,BTO-s1-b300,RL-s7-b300-a1.00,0.775,0.4025,0.3725,100,1.9327770411114373e-16,1.7356337829180708e-13,True
BT-v3,BTO-s1-b300,RL-s8-b300-a1.00,0.775,0.3175,0.4575,100,2.664277360101256e-17,2.4191638429719404e-14,True
BT-v3,BTO-s1-b300,RL-s9-b300-a1.00,0.775,0.495,0.28,100,1.0135789333396823e-11,8.321483042718792e-09,True
BT-v3,BTO-s1-b300,SHD-s11-b300,0.775,0.4,0.375,100,2.5618689365511783e-16,2.295434567149856e-13,True
BT-v3,BTO-s2-b300,GATE-s1-b200,0.86,0.535,0.32499999999999996,100,4.256805325533738e-14,3.656595774633481e-11,True
BT-v3,BTO-s2-b300,HYB-s11-b300-a0.50,0.86,0.495,0.365,100,1.224777957598038e-15,1.0814789365590675e-12,True
BT-v3,BTO-s2-b300,PPO-s0-b1500000,0.86,0.38,0.48,100,1.2880139533526702e-15,1.136028306857055e-12,True
BT-v3,BTO-s2-b300,RES-s0-b200,0.86,0.575,0.28500000000000003,100,3.0428361557700567e-15,2.6594388001430295e-12,True
BT-v3,BTO-s2-b300,RL-s0-b300-a1.00,0.86,0.4525,0.4075,100,9.956580779187505e-16,8.801617408801755e-13,True
BT-v3,BTO-s2-b300,RL-s1-b300-a1.00,0.86,0.5,0.36,100,2.0075751502982346e-15,1.7686737074127448e-12,True
BT-v3,BTO-s2-b300,RL-s10-b300-a1.00,0.86,0.34,0.52,100,7.561879307955674e-18,6.9418052047033086e-15,True
BT-v3,BTO-s2-b300,RL-s11-b300-a1.00,0.86,0.4325,0.4275,100,1.2620385368176623e-17,1.1572893382617964e-14,True
BT-v3,BTO-s2-b300,RL-s12-b300-a1.00,0.86,0.335,0.5249999999999999,100,2.6098441205857366e-18,2.4167156556623922e-15,True
BT-v3,BTO-s2-b300,RL-s13-b300-a1.00,0.86,0.335,0.5249999999999999,100,2.945044353884457e-18,2.724166027343123e-15,True
BT-v3,BTO-s2-b300,RL-s14-b300-a1.00,0.86,0.4325,0.4275,100,2.6436558545886414e-17,2.403083171821075e-14,True
BT-v3,BTO-s2-b300,RL-s15-b300-a1.00,0.86,0.49,0.37,100,2.766839721724365e-15,2.4265184359522683e-12,True
BT-v3,BTO-s2-b300,RL-s16-b300-a1.00,0.86,0.3625,0.4975,100,2.5937803606113253e-17,2.360340128156306e-14,True
BT-v3,BTO-s2-b300,RL-s17-b300-a1.00,0.86,0.4175,0.4425,100,1.3143999931206322e-16,1.1842743938016895e-13,True
BT-v3,BTO-s2-b300,RL-s18-b300-a1.00,0.86,0.2625,0.5974999999999999,100,2.4640098156978415e-18,2.284137099151899e-15,True
BT-v3,BTO-s2-b300,RL-s19-b300-a1.00,0.86,0.44,0.42,100,3.8367588932559537e-16,3.4185521738910547e-13,True
BT-v3,BTO-s2-b300,RL-s2-b300-a1.00,0.86,0.385,0.475,100,3.751543967517125e-18,3.4664266259858237e-15,True
BT-v3,BTO-s2-b300,RL-s3-b300-a1.00,0.86,0.405,0.45499999999999996,100,1.9467770937248717e-17,1.775460709477083e-14,True
BT-v3,BTO-s2-b300,RL-s4-b300-a1.00,0.86,0.4325,0.4275,100,2.1629772019006883e-17,1.970472230931527e-14,True
BT-v3,BTO-s2-b300,RL-s5-b300-a1.00,0.86,0.4025,0.45749999999999996,100,6.036854055611603e-18,5.565979439273898e-15,True
BT-v3,BTO-s2-b300,RL-s6-b300-a1.00,0.86,0.4325,0.4275,100,6.723556872305551e-18,6.185672322521107e-15,True
BT-v3,BTO-s2-b300,RL-s7-b300-a1.00,0.86,0.4025,0.45749999999999996,100,1.974258235327984e-18,1.8321116423843694e-15,True
BT-v3,BTO-s2-b300,RL-s8-b300-a1.00,0.86,0.3175,0.5425,100,4.736050976750025e-18,4.371375051540273e-15,True
BT-v3,BTO-s2-b300,RL-s9-b300-a1.00,0.86,0.495,0.365,100,7.42934845713504e-16,6.589832081478781e-13,True
BT-v3,BTO-s2-b300,SHD-s11-b300,0.86,0.4,0.45999999999999996,100,7.384877872860388e-18,6.786702765158697e-15,True
BT-v3,GATE-s1-b200,HYB-s11-b300-a0.50,0.535,0.495,0.040000000000000036,100,0.20419675875596943,1.0,False
BT-v3,GATE-s1-b200,PPO-s0-b1500000,0.535,0.38,0.15500000000000003,100,0.0002784049952893764,0.16509416220660023,False
BT-v3,GATE-s1-b200,RES-s0-b200,0.535,0.575,-0.039999999999999925,100,0.14567971484774056,1.0,False
BT-v3,GATE-s1-b200,RL-s0-b300-a1.00,0.535,0.4525,0.08250000000000002,100,0.0031586205853779666,1.0,False
BT-v3,GATE-s1-b200,RL-s1-b300-a1.00,0.535,0.5,0.03500000000000003,100,0.3883627427572599,1.0,False
BT-v3,GATE-s1-b200,RL-s10-b300-a1.00,0.535,0.34,0.195,100,3.9284662936319526e-08,2.9345643213430686e-05,True
BT-v3,GATE-s1-b200,RL-s11-b300-a1.00,0.535,0.4325,0.10250000000000004,100,0.0006299073077835073,0.35967707274438265,False
BT-v3,GATE-s1-b200,RL-s12-b300-a1.00,0.535,0.335,0.2,100,6.62369792334341e-08,4.914783859120811e-05,True
BT-v3,GATE-s1-b200,RL-s13-b300-a1.00,0.535,0.335,0.2,100,2.0676012646369328e-10,1.6375402015924507e-07,True
BT-v3,GATE-s1-b200,RL-s14-b300-a1.00,0.535,0.4325,0.10250000000000004,100,0.006636755985166007,1.0,False
BT-v3,GATE-s1-b200,RL-s15-b300-a1.00,0.535,0.49,0.04500000000000004,100,0.17956722432070116,1.0,False
BT-v3,GATE-s1-b200,RL-s16-b300-a1.00,0.535,0.3625,0.17250000000000004,100,1.1648359028197496e-06,0.0008223741473907432,True
BT-v3,GATE-s1-b200,RL-s17-b300-a1.00,0.535,0.4175,0.11750000000000005,100,0.0004509306578831884,0.26244164288801564,False
BT-v3,GATE-s1-b200,RL-s18-b300-a1.00,0.535,0.2625,0.2725,100,1.4984751983334342e-12,1.2497283154100841e-09,True
BT-v3,GATE-s1-b200,RL-s19-b300-a1.00,0.535,0.44,0.09500000000000003,100,0.0005200630702468334,0.3000763915324229,False
BT-v3,GATE-s1-b200,RL-s2-b300-a1.00,0.535,0.385,0.15000000000000002,100,8.691096200345862e-08,6.396646803454554e-05,True
BT-v3,GATE-s1-b200,RL-s3-b300-a1.00,0.535,0.405,0.13,100,4.308980537416978e-06,0.0029214888043687113,True
BT-v3,GATE-s1-b200,RL-s4-b300-a1.00,0.535,0.4325,0.10250000000000004,100,0.003709490043178825,1.0,False
BT-v3,GATE-s1-b200,RL-s5-b300-a1.00,0.535,0.4025,0.1325,100,7.1489655530735305e-06,0.004789806920559266,True
BT-v3,GATE-s1-b200,RL-s6-b300-a1.00,0.535,0.4325,0.10250000000000004,100,0.0035240556218058055,1.0,False
BT-v3,GATE-s1-b200,RL-s7-b300-a1.00,0.535,0.4025,0.1325,100,4.8774031880247714e-05,0.030532543957035068,True
BT-v3,GATE-s1-b200,RL-s8-b300-a1.00,0.535,0.3175,0.21750000000000003,100,7.185760312871186e-09,5.475549358407844e-06,True
BT-v3,GATE-s1-b200,RL-s9-b300-a1.00,0.535,0.495,0.040000000000000036,100,0.10809728221102574,1.0,False
BT-v3,GATE-s1-b200,SHD-s11-b300,0.535,0.4,0.135,100,3.183504257581991e-05,0.02024708707822146,True
BT-v3,HYB-s11-b300-a0.50,PPO-s0-b1500000,0.495,0.38,0.11499999999999999,100,0.007886781339912429,1.0,False
BT-v3,HYB-s11-b300-a0.50,RES-s0-b200,0.495,0.575,-0.07999999999999996,100,0.006114350862614392,1.0,False
BT-v3,HYB-s11-b300-a0.50,RL-s0-b300-a1.00,0.495,0.4525,0.04249999999999998,100,0.10389123508729159,1.0,False
BT-v3,HYB-s11-b300-a0.50,RL-s1-b300-a1.00,0.495,0.5,-0.0050000000000000044,100,0.7144469290547688,1.0,False
BT-v3,HYB-s11-b300-a0.50,RL-s10-b300-a1.00,0.495,0.34,0.15499999999999997,100,3.1733955423591326e-05,0.020214529604827676,True
BT-v3,HYB-s11-b300-a0.50,RL-s11-b300-a1.00,0.495,0.4325,0.0625,100,0.059048704631932736,1.0,False
BT-v3,HYB-s11-b300-a0.50,RL-s12-b300-a1.00,0.495,0.335,0.15999999999999998,100,2.003971869077634e-06,0.001384744561532645,True
BT-v3,HYB-s11-b300-a0.50,RL-s13-b300-a1.00,0.495,0.335,0.15999999999999998,100,1.0583134146787311e-07,7.704521658861162e-05,True
BT-v3,HYB-s11-b300-a0.50,RL-s14-b300-a1.00,0.495,0.4325,0.0625,100,0.07692306358280018,1.0,False
BT-v3,HYB-s11-b300-a0.50,RL-s15-b300-a1.00,0.495,0.49,0.0050000000000000044,100,0.834905744975057,1.0,False
BT-v3,HYB-s11-b300-a0.50,RL-s16-b300-a1.00,0.495,0.3625,0.1325,100,0.00011551359948489401,0.07095747890918867,False
BT-v3,HYB-s11-b300-a0.50,RL-s17-b300-a1.00,0.495,0.4175,0.07750000000000001,100,0.019639235353705577,1.0,False
BT-v3,HYB-s11-b300-a0.50,RL-s18-b300-a1.00,0.495,0.2625,0.23249999999999998,100,1.770932729104734e-10,1.4061205869091587e-07,True
BT-v3,HYB-s11-b300-a0.50,RL-s19-b300-a1.00,0.495,0.44,0.05499999999999999,100,0.04867588671000353,1.0,False
BT-v3,HYB-s11-b300-a0.50,RL-s2-b300-a1.00,0.495,0.385,0.10999999999999999,100,0.0002494844341514225,0.14894220718839923,False
BT-v3,HYB-s11-b300-a0.50,RL-s3-b300-a1.00,0.495,0.405,0.08999999999999997,100,0.005861032094645708,1.0,False
BT-v3,HYB-s11-b300-a0.50,RL-s4-b300-a1.00,0.495,0.4325,0.0625,100,0.07312029907325211,1.0,False
BT-v3,HYB-s11-b300-a0.50,RL-s5-b300-a1.00,0.495,0.4025,0.09249999999999997,100,0.0007191544795118399,0.40776058988321323,False
BT-v3,HYB-s11-b300-a0.50,RL-s6-b300-a1.00,0.495,0.4325,0.0625,100,0.07734184412948306,1.0,False
BT-v3,HYB-s11-b300-a0.50,RL-s7-b300-a1.00,0.495,0.4025,0.09249999999999997,100,0.00037719296011129064,0.22065788166510503,False
BT-v3,HYB-s11-b300-a0.50,RL-s8-b300-a1.00,0.495,0.3175,0.1775,100,2.0450533817408102e-07,0.00014806186483803466,True
BT-v3,HYB-s11-b300-a0.50,RL-s9-b300-a1.00,0.495,0.495,0.0,100,0.9776938647273841,1.0,False
BT-v3,HYB-s11-b300-a0.50,SHD-s11-b300,0.495,0.4,0.09499999999999997,100,0.0018317344656724895,0.9818096736004543,False
BT-v3,PPO-s0-b1500000,RES-s0-b200,0.38,0.575,-0.19499999999999995,100,2.503312197801563e-05,0.01619642991977611,True
BT-v3,PPO-s0-b1500000,RL-s0-b300-a1.00,0.38,0.4525,-0.07250000000000001,100,0.04869049500919788,1.0,False
BT-v3,PPO-s0-b1500000,RL-s1-b300-a1.00,0.38,0.5,-0.12,100,0.009862856862670449,1.0,False
BT-v3,PPO-s0-b1500000,RL-s10-b300-a1.00,0.38,0.34,0.03999999999999998,100,0.43983925868220375,1.0,False
BT-v3,PPO-s0-b1500000,RL-s11-b300-a1.00,0.38,0.4325,-0.05249999999999999,100,0.12448065302285295,1.0,False
BT-v3,PPO-s0-b1500000,RL-s12-b300-a1.00,0.38,0.335,0.044999999999999984,100,0.2580017836909513,1.0,False
BT-v3,PPO-s0-b1500000,RL-s13-b300-a1.00,0.38,0.335,0.044999999999999984,100,0.34073032548002635,1.0,False
BT-v3,PPO-s0-b1500000,RL-s14-b300-a1.00,0.38,0.4325,-0.05249999999999999,100,0.1513596750318091,1.0,False
BT-v3,PPO-s0-b1500000,RL-s15-b300-a1.00,0.38,0.49,-0.10999999999999999,100,0.011845603840357113,1.0,False
BT-v3,PPO-s0-b1500000,RL-s16-b300-a1.00,0.38,0.3625,0.017500000000000016,100,0.7655153597332608,1.0,False
BT-v3,PPO-s0-b1500000,RL-s17-b300-a1.00,0.38,0.4175,-0.03749999999999998,100,0.3139891836086778,1.0,False
BT-v3,PPO-s0-b1500000,RL-s18-b300-a1.00,0.38,0.2625,0.1175,100,0.002982926956968071,1.0,False
BT-v3,PPO-s0-b1500000,RL-s19-b300-a1.00,0.38,0.44,-0.06,100,0.07045259291905831,1.0,False
BT-v3,PPO-s0-b1500000,RL-s2-b300-a1.00,0.38,0.385,-0.0050000000000000044,100,0.7689957206443152,1.0,False
BT-v3,PPO-s0-b1500000,RL-s3-b300-a1.00,0.38,0.405,-0.025000000000000022,100,0.3770341982738644,1.0,False
BT-v3,PPO-s0-b1500000,RL-s4-b300-a1.00,0.38,0.4325,-0.05249999999999999,100,0.11749118216466393,1.0,False
BT-v3,PPO-s0-b1500000,RL-s5-b300-a1.00,0.38,0.4025,-0.02250000000000002,100,0.45385741883106934,1.0,False
BT-v3,PPO-s0-b1500000,RL-s6-b300-a1.00,0.38,0.4325,-0.05249999999999999,100,0.12180255140096226,1.0,False
BT-v3,PPO-s0-b1500000,RL-s7-b300-a1.00,0.38,0.4025,-0.02250000000000002,100,0.517566337903631,1.0,False
BT-v3,PPO-s0-b1500000,RL-s8-b300-a1.00,0.38,0.3175,0.0625,100,0.15571552176096284,1.0,False
BT-v3,PPO-s0-b1500000,RL-s9-b300-a1.00,0.38,0.495,-0.11499999999999999,100,0.0040752794659300534,1.0,False
BT-v3,PPO-s0-b1500000,SHD-s11-b300,0.38,0.4,-0.020000000000000018,100,0.5968767287707044,1.0,False
BT-v3,RES-s0-b200,RL-s0-b300-a1.00,0.575,0.4525,0.12249999999999994,100,0.00011537801448648565,0.07095747890918867,False
BT-v3,RES-s0-b200,RL-s1-b300-a1.00,0.575,0.5,0.07499999999999996,100,0.023525498744586926,1.0,False
BT-v3,RES-s0-b200,RL-s10-b300-a1.00,0.575,0.34,0.23499999999999993,100,1.834627752727321e-10,1.4548598079127657e-07,True
BT-v3,RES-s0-b200,RL-s11-b300-a1.00,0.575,0.4325,0.14249999999999996,100,5.073828866467057e-06,0.0034349821425981976,True
BT-v3,RES-s0-b200,RL-s12-b300-a1.00,0.575,0.335,0.23999999999999994,100,5.659326093503758e-12,4.6689440271406006e-09,True
BT-v3,RES-s0-b200,RL-s13-b300-a1.00,0.575,0.335,0.23999999999999994,100,1.0733762900639581e-11,8.780218052723177e-09,True
BT-v3,RES-s0-b200,RL-s14-b300-a1.00,0.575,0.4325,0.14249999999999996,100,2.3942296528634847e-05,0.01556249274361265,True
BT-v3,RES-s0-b200,RL-s15-b300-a1.00,0.575,0.49,0.08499999999999996,100,0.008640906339259503,1.0,False
BT-v3,RES-s0-b200,RL-s16-b300-a1.00,0.575,0.3625,0.21249999999999997,100,2.3177090192320446e-10,1.8333078342125473e-07,True
BT-v3,RES-s0-b200,RL-s17-b300-a1.00,0.575,0.4175,0.15749999999999997,100,1.245425526752037e-06,0.000876779570833434,True
BT-v3,RES-s0-b200,RL-s18-b300-a1.00,0.575,0.2625,0.31249999999999994,100,4.229841676878979e-15,3.6841921005615905e-12,True
BT-v3,RES-s0-b200,RL-s19-b300-a1.00,0.575,0.44,0.13499999999999995,100,1.4626822733208725e-05,0.009609822535718132,True
BT-v3,RES-s0-b200,RL-s2-b300-a1.00,0.575,0.385,0.18999999999999995,100,2.6113566766037717e-11,2.115198908049055e-08,True
BT-v3,RES-s0-b200,RL-s3-b300-a1.00,0.575,0.405,0.16999999999999993,100,1.0380458184136117e-08,7.899528678127584e-06,True
BT-v3,RES-s0-b200,RL-s4-b300-a1.00,0.575,0.4325,0.14249999999999996,100,1.4095699376161363e-06,0.0009895180962065278,True
BT-v3,RES-s0-b200,RL-s5-b300-a1.00,0.575,0.4025,0.17249999999999993,100,1.0519747070769829e-07,7.668895614591205e-05,True
BT-v3,RES-s0-b200,RL-s6-b300-a1.00,0.575,0.4325,0.14249999999999996,100,7.594164107709693e-06,0.005080495788057785,True
BT-v3,RES-s0-b200,RL-s7-b300-a1.00,0.575,0.4025,0.17249999999999993,100,7.224762713567188e-11,5.77981017085375e-08,True
BT-v3,RES-s0-b200,RL-s8-b300-a1.00,0.575,0.3175,0.25749999999999995,100,1.8759205442909826e-12,1.5588899723058065e-09,True
BT-v3,RES-s0-b200,RL-s9-b300-a1.00,0.575,0.495,0.07999999999999996,100,0.0034314538874109764,1.0,False
BT-v3,RES-s0-b200,SHD-s11-b300,0.575,0.4,0.17499999999999993,100,1.537655468355259e-09,1.1901453325069706e-06,True
BT-v3,RL-s0-b300-a1.00,RL-s1-b300-a1.00,0.4525,0.5,-0.04749999999999999,100,0.11435886379706536,1.0,False
BT-v3,RL-s0-b300-a1.00,RL-s10-b300-a1.00,0.4525,0.34,0.11249999999999999,100,0.0008222504797422722,0.46128251913541474,False
BT-v3,RL-s0-b300-a1.00,RL-s11-b300-a1.00,0.4525,0.4325,0.020000000000000018,100,0.8425986797472715,1.0,False
BT-v3,RL-s0-b300-a1.00,RL-s12-b300-a1.00,0.4525,0.335,0.1175,100,0.00034452653972033467,0.20258160535555678,False
BT-v3,RL-s0-b300-a1.00,RL-s13-b300-a1.00,0.4525,0.335,0.1175,100,0.00023382249228128793,0.14029349536877275,False
BT-v3,RL-s0-b300-a1.00,RL-s14-b300-a1.00,0.4525,0.4325,0.020000000000000018,100,0.6856836551311998,1.0,False
BT-v3,RL-s0-b300-a1.00,RL-s15-b300-a1.00,0.4525,0.49,-0.03749999999999998,100,0.1517792211346109,1.0,False
BT-v3,RL-s0-b300-a1.00,RL-s16-b300-a1.00,0.4525,0.3625,0.09000000000000002,100,0.004391403057764891,1.0,False
BT-v3,RL-s0-b300-a1.00,RL-s17-b300-a1.00,0.4525,0.4175,0.03500000000000003,100,0.35418938996695504,1.0,False
BT-v3,RL-s0-b300-a1.00,RL-s18-b300-a1.00,0.4525,0.2625,0.19,100,7.829759315607759e-07,0.0005559129114081509,True
BT-v3,RL-s0-b300-a1.00,RL-s19-b300-a1.00,0.4525,0.44,0.012500000000000011,100,0.5134000208183358,1.0,False
BT-v3,RL-s0-b300-a1.00,RL-s2-b300-a1.00,0.4525,0.385,0.0675,100,0.022091444380932676,1.0,False
BT-v3,RL-s0-b300-a1.00,RL-s3-b300-a1.00,0.4525,0.405,0.04749999999999999,100,0.12400873581790606,1.0,False
BT-v3,RL-s0-b300-a1.00,RL-s4-b300-a1.00,0.4525,0.4325,0.020000000000000018,100,0.871755253836307,1.0,False
BT-v3,RL-s0-b300-a1.00,RL-s5-b300-a1.00,0.4525,0.4025,0.04999999999999999,100,0.11520780824699792,1.0,False
BT-v3,RL-s0-b300-a1.00,RL-s6-b300-a1.00,0.4525,0.4325,0.020000000000000018,100,0.6818642483292648,1.0,False
BT-v3,RL-s0-b300-a1.00,RL-s7-b300-a1.00,0.4525,0.4025,0.04999999999999999,100,0.08031768215359193,1.0,False
BT-v3,RL-s0-b300-a1.00,RL-s8-b300-a1.00,0.4525,0.3175,0.135,100,5.095309705000284e-06,0.0034444293605801917,True
BT-v3,RL-s0-b300-a1.00,RL-s9-b300-a1.00,0.4525,0.495,-0.04249999999999998,100,0.051032947644022886,1.0,False
BT-v3,RL-s0-b300-a1.00,SHD-s11-b300,0.4525,0.4,0.05249999999999999,100,0.15239189964320263,1.0,False
BT-v3,RL-s1-b300-a1.00,RL-s10-b300-a1.00,0.5,0.34,0.15999999999999998,100,2.2879183835496812e-05,0.014894348676908425,True
BT-v3,RL-s1-b300-a1.00,RL-s11-b300-a1.00,0.5,0.4325,0.0675,100,0.036248044834963876,1.0,False
BT-v3,RL-s1-b300-a1.00,RL-s12-b300-a1.00,0.5,0.335,0.16499999999999998,100,1.3408801090808486e-06,0.0009426387166838365,True
BT-v3,RL-s1-b300-a1.00,RL-s13-b300-a1.00,0.5,0.335,0.16499999999999998,100,5.450160298959713e-06,0.0036679578811998864,True
BT-v3,RL-s1-b300-a1.00,RL-s14-b300-a1.00,0.5,0.4325,0.0675,100,0.059965017789340026,1.0,False
BT-v3,RL-s1-b300-a1.00,RL-s15-b300-a1.00,0.5,0.49,0.010000000000000009,100,0.549320002478648,1.0,False
BT-v3,RL-s1-b300-a1.00,RL-s16-b300-a1.00,0.5,0.3625,0.1375,100,0.0007103080934601595,0.4034549970853706,False
BT-v3,RL-s1-b300-a1.00,RL-s17-b300-a1.00,0.5,0.4175,0.08250000000000002,100,0.018567562370523004,1.0,False
BT-v3,RL-s1-b300-a1.00,RL-s18-b300-a1.00,0.5,0.2625,0.2375,100,2.849157916530111e-09,2.1910024378116555e-06,True
BT-v3,RL-s1-b300-a1.00,RL-s19-b300-a1.00,0.5,0.44,0.06,100,0.07306887055170506,1.0,False
BT-v3,RL-s1-b300-a1.00,RL-s2-b300-a1.00,0.5,0.385,0.11499999999999999,100,0.0020549324171264347,1.0,False
BT-v3,RL-s1-b300-a1.00,RL-s3-b300-a1.00,0.5,0.405,0.09499999999999997,100,0.0029521506252305142,1.0,False
BT-v3,RL-s1-b300-a1.00,RL-s4-b300-a1.00,0.5,0.4325,0.0675,100,0.03262069910578384,1.0,False
BT-v3,RL-s1-b300-a1.00,RL-s5-b300-a1.00,0.5,0.4025,0.09749999999999998,100,0.003881579758602088,1.0,False
BT-v3,RL-s1-b300-a1.00,RL-s6-b300-a1.00,0.5,0.4325,0.0675,100,0.006269230705036976,1.0,False
BT-v3,RL-s1-b300-a1.00,RL-s7-b300-a1.00,0.5,0.4025,0.09749999999999998,100,0.004386141326682844,1.0,False
BT-v3,RL-s1-b300-a1.00,RL-s8-b300-a1.00,0.5,0.3175,0.1825,100,5.631964709919807e-07,0.0004026854767592662,True
BT-v3,RL-s1-b300-a1.00,RL-s9-b300-a1.00,0.5,0.495,0.0050000000000000044,100,0.9291832405285034,1.0,False
BT-v3,RL-s1-b300-a1.00,SHD-s11-b300,0.5,0.4,0.09999999999999998,100,0.00429358456742343,1.0,False
BT-v3,RL-s10-b300-a1.00,RL-s11-b300-a1.00,0.34,0.4325,-0.09249999999999997,100,0.002396712043154176,1.0,False
BT-v3,RL-s10-b300-a1.00,RL-s12-b300-a1.00,0.34,0.335,0.0050000000000000044,100,0.835472544730764,1.0,False
BT-v3,RL-s10-b300-a1.00,RL-s13-b300-a1.00,0.34,0.335,0.0050000000000000044,100,0.7264168490259446,1.0,False
BT-v3,RL-s10-b300-a1.00,RL-s14-b300-a1.00,0.34,0.4325,-0.09249999999999997,100,0.0036959275775944977,1.0,False
BT-v3,RL-s10-b300-a1.00,RL-s15-b300-a1.00,0.34,0.49,-0.14999999999999997,100,2.6005947460155466e-05,0.01674783016434012,True
BT-v3,RL-s10-b300-a1.00,RL-s16-b300-a1.00,0.34,0.3625,-0.022499999999999964,100,0.3128521470899176,1.0,False
BT-v3,RL-s10-b300-a1.00,RL-s17-b300-a1.00,0.34,0.4175,-0.07749999999999996,100,0.06765925659359265,1.0,False
BT-v3,RL-s10-b300-a1.00,RL-s18-b300-a1.00,0.34,0.2625,0.07750000000000001,100,0.07620034854181938,1.0,False
BT-v3,RL-s10-b300-a1.00,RL-s19-b300-a1.00,0.34,0.44,-0.09999999999999998,100,0.001734527589932941,0.9349103709738552,False
BT-v3,RL-s10-b300-a1.00,RL-s2-b300-a1.00,0.34,0.385,-0.044999999999999984,100,0.040050232902535184,1.0,False
BT-v3,RL-s10-b300-a1.00,RL-s3-b300-a1.00,0.34,0.405,-0.065,100,0.05526033288372387,1.0,False
BT-v3,RL-s10-b300-a1.00,RL-s4-b300-a1.00,0.34,0.4325,-0.09249999999999997,100,0.0005370065637880232,0.3092850986992961,False
BT-v3,RL-s10-b300-a1.00,RL-s5-b300-a1.00,0.34,0.4025,-0.0625,100,0.010615705615627281,1.0,False
BT-v3,RL-s10-b300-a1.00,RL-s6-b300-a1.00,0.34,0.4325,-0.09249999999999997,100,0.003809240676838085,1.0,False
BT-v3,RL-s10-b300-a1.00,RL-s7-b300-a1.00,0.34,0.4025,-0.0625,100,0.008547979730892576,1.0,False
BT-v3,RL-s10-b300-a1.00,RL-s8-b300-a1.00,0.34,0.3175,0.02250000000000002,100,0.8791204418306585,1.0,False
BT-v3,RL-s10-b300-a1.00,RL-s9-b300-a1.00,0.34,0.495,-0.15499999999999997,100,2.5697036740701117e-05,0.016574588697752222,True
BT-v3,RL-s10-b300-a1.00,SHD-s11-b300,0.34,0.4,-0.06,100,0.04206379736817313,1.0,False
BT-v3,RL-s11-b300-a1.00,RL-s12-b300-a1.00,0.4325,0.335,0.09749999999999998,100,0.0009406817752052868,0.52490043056455,False
BT-v3,RL-s11-b300-a1.00,RL-s13-b300-a1.00,0.4325,0.335,0.09749999999999998,100,0.000304344250707449,0.18017179641880982,False
BT-v3,RL-s11-b300-a1.00,RL-s14-b300-a1.00,0.4325,0.4325,0.0,100,0.8499586712285534,1.0,False
BT-v3,RL-s11-b300-a1.00,RL-s15-b300-a1.00,0.4325,0.49,-0.057499999999999996,100,0.06353016995756743,1.0,False
BT-v3,RL-s11-b300-a1.00,RL-s16-b300-a1.00,0.4325,0.3625,0.07,100,0.00212242092824091,1.0,False
BT-v3,RL-s11-b300-a1.00,RL-s17-b300-a1.00,0.4325,0.4175,0.015000000000000013,100,0.5386003606030394,1.0,False
BT-v3,RL-s11-b300-a1.00,RL-s18-b300-a1.00,0.4325,0.2625,0.16999999999999998,100,2.509489477452697e-08,1.887136087044428e-05,True
BT-v3,RL-s11-b300-a1.00,RL-s19-b300-a1.00,0.4325,0.44,-0.007500000000000007,100,0.656909374352674,1.0,False
BT-v3,RL-s11-b300-a1.00,RL-s2-b300-a1.00,0.4325,0.385,0.04749999999999999,100,0.030380823401455512,1.0,False
BT-v3,RL-s11-b300-a1.00,RL-s3-b300-a1.00,0.4325,0.405,0.02749999999999997,100,0.18224204990281645,1.0,False
BT-v3,RL-s11-b300-a1.00,RL-s4-b300-a1.00,0.4325,0.4325,0.0,100,0.9539717589534146,1.0,False
BT-v3,RL-s11-b300-a1.00,RL-s5-b300-a1.00,0.4325,0.4025,0.02999999999999997,100,0.11653712775740219,1.0,False
BT-v3,RL-s11-b300-a1.00,RL-s6-b300-a1.00,0.4325,0.4325,0.0,100,0.8719240175197942,1.0,False
BT-v3,RL-s11-b300-a1.00,RL-s7-b300-a1.00,0.4325,0.4025,0.02999999999999997,100,0.12454364093984531,1.0,False
BT-v3,RL-s11-b300-a1.00,RL-s8-b300-a1.00,0.4325,0.3175,0.11499999999999999,100,1.8854375809861884e-05,0.012311907403839811,True
BT-v3,RL-s11-b300-a1.00,RL-s9-b300-a1.00,0.4325,0.495,-0.0625,100,0.05380163436371319,1.0,False
BT-v3,RL-s11-b300-a1.00,SHD-s11-b300,0.4325,0.4,0.03249999999999997,100,0.11754016362400303,1.0,False
BT-v3,RL-s12-b300-a1.00,RL-s13-b300-a1.00,0.335,0.335,0.0,100,1.0,1.0,False
BT-v3,RL-s12-b300-a1.00,RL-s14-b300-a1.00,0.335,0.4325,-0.09749999999999998,100,0.008889373290623566,1.0,False
BT-v3,RL-s12-b300-a1.00,RL-s15-b300-a1.00,0.335,0.49,-0.15499999999999997,100,7.697067675272835e-08,5.695830079701898e-05,True
BT-v3,RL-s12-b300-a1.00,RL-s16-b300-a1.00,0.335,0.3625,-0.02749999999999997,100,0.3984364291042072,1.0,False
BT-v3,RL-s12-b300-a1.00,RL-s17-b300-a1.00,0.335,0.4175,-0.08249999999999996,100,0.04285323407915181,1.0,False
BT-v3,RL-s12-b300-a1.00,RL-s18-b300-a1.00,0.335,0.2625,0.07250000000000001,100,0.017815365613741224,1.0,False
BT-v3,RL-s12-b300-a1.00,RL-s19-b300-a1.00,0.335,0.44,-0.10499999999999998,100,0.002185155649938234,1.0,False
BT-v3,RL-s12-b300-a1.00,RL-s2-b300-a1.00,0.335,0.385,-0.04999999999999999,100,0.06518162171914725,1.0,False
BT-v3,RL-s12-b300-a1.00,RL-s3-b300-a1.00,0.335,0.405,-0.07,100,0.03530943411457093,1.0,False
BT-v3,RL-s12-b300-a1.00,RL-s4-b300-a1.00,0.335,0.4325,-0.09749999999999998,100,0.0018198486991372878,0.9772587514367236,False
BT-v3,RL-s12-b300-a1.00,RL-s5-b300-a1.00,0.335,0.4025,-0.0675,100,0.023282181117062938,1.0,False
BT-v3,RL-s12-b300-a1.00,RL-s6-b300-a1.00,0.335,0.4325,-0.09749999999999998,100,0.0013612758874445205,0.7418953586572637,False
BT-v3,RL-s12-b300-a1.00,RL-s7-b300-a1.00,0.335,0.4025,-0.0675,100,0.0021471978673875416,1.0,False
BT-v3,RL-s12-b300-a1.00,RL-s8-b300-a1.00,0.335,0.3175,0.017500000000000016,100,0.4475527405691755,1.0,False
BT-v3,RL-s12-b300-a1.00,RL-s9-b300-a1.00,0.335,0.495,-0.15999999999999998,100,1.917285385028868e-06,0.00133060529851542,True
BT-v3,RL-s12-b300-a1.00,SHD-s11-b300,0.335,0.4,-0.065,100,0.016797327081910268,1.0,False
BT-v3,RL-s13-b300-a1.00,RL-s14-b300-a1.00,0.335,0.4325,-0.09749999999999998,100,0.0013860115769594723,0.7526042862889935,False
BT-v3,RL-s13-b300-a1.00,RL-s15-b300-a1.00,0.335,0.49,-0.15499999999999997,100,2.435919964548987e-07,0.00017611701343689176,True
BT-v3,RL-s13-b300-a1.00,RL-s16-b300-a1.00,0.335,0.3625,-0.02749999999999997,100,0.28899610165102607,1.0,False
BT-v3,RL-s13-b300-a1.00,RL-s17-b300-a1.00,0.335,0.4175,-0.08249999999999996,100,0.006198326493882895,1.0,False
BT-v3,RL-s13-b300-a1.00,RL-s18-b300-a1.00,0.335,0.2625,0.07250000000000001,100,0.05493488368633797,1.0,False
BT-v3,RL-s13-b300-a1.00,RL-s19-b300-a1.00,0.335,0.44,-0.10499999999999998,100,0.0001881366944719219,0.11363456346104084,False
BT-v3,RL-s13-b300-a1.00,RL-s2-b300-a1.00,0.335,0.385,-0.04999999999999999,100,0.04139666424785292,1.0,False
BT-v3,RL-s13-b300-a1.00,RL-s3-b300-a1.00,0.335,0.405,-0.07,100,0.011994193618988928,1.0,False
BT-v3,RL-s13-b300-a1.00,RL-s4-b300-a1.00,0.335,0.4325,-0.09749999999999998,100,1.9321498582435974e-05,0.012597617075748255,True
BT-v3,RL-s13-b300-a1.00,RL-s5-b300-a1.00,0.335,0.4025,-0.0675,100,0.0020586045146027375,1.0,False
BT-v3,RL-s13-b300-a1.00,RL-s6-b300-a1.00,0.335,0.4325,-0.09749999999999998,100,0.00033583068226586567,0.19780427185459487,False
BT-v3,RL-s13-b300-a1.00,RL-s7-b300-a1.00,0.335,0.4025,-0.0675,100,0.0033565381986539293,1.0,False
BT-v3,RL-s13-b300-a1.00,RL-s8-b300-a1.00,0.335,0.3175,0.017500000000000016,100,0.8093491570145475,1.0,False
BT-v3,RL-s13-b300-a1.00,RL-s9-b300-a1.00,0.335,0.495,-0.15999999999999998,100,1.7806528038352134e-06,0.001242895657076979,True
BT-v3,RL-s13-b300-a1.00,SHD-s11-b300,0.335,0.4,-0.065,100,0.01678068832966067,1.0,False
BT-v3,RL-s14-b300-a1.00,RL-s15-b300-a1.00,0.4325,0.49,-0.057499999999999996,100,0.09680341555248029,1.0,False
BT-v3,RL-s14-b300-a1.00,RL-s16-b300-a1.00,0.4325,0.3625,0.07,100,0.010308404230694186,1.0,False
BT-v3,RL-s14-b300-a1.00,RL-s17-b300-a1.00,0.4325,0.4175,0.015000000000000013,100,0.4906420538215489,1.0,False
BT-v3,RL-s14-b300-a1.00,RL-s18-b300-a1.00,0.4325,0.2625,0.16999999999999998,100,5.125150598608836e-07,0.0003674732979202535,True
BT-v3,RL-s14-b300-a1.00,RL-s19-b300-a1.00,0.4325,0.44,-0.007500000000000007,100,0.951377417492991,1.0,False
BT-v3,RL-s14-b300-a1.00,RL-s2-b300-a1.00,0.4325,0.385,0.04749999999999999,100,0.12982978924070085,1.0,False
BT-v3,RL-s14-b300-a1.00,RL-s3-b300-a1.00,0.4325,0.405,0.02749999999999997,100,0.3364756272822813,1.0,False
BT-v3,RL-s14-b300-a1.00,RL-s4-b300-a1.00,0.4325,0.4325,0.0,100,0.713343989477615,1.0,False
BT-v3,RL-s14-b300-a1.00,RL-s5-b300-a1.00,0.4325,0.4025,0.02999999999999997,100,0.1620681120311822,1.0,False
BT-v3,RL-s14-b300-a1.00,RL-s6-b300-a1.00,0.4325,0.4325,0.0,100,0.9456848065480524,1.0,False
BT-v3,RL-s14-b300-a1.00,RL-s7-b300-a1.00,0.4325,0.4025,0.02999999999999997,100,0.5362456409055867,1.0,False
BT-v3,RL-s14-b300-a1.00,RL-s8-b300-a1.00,0.4325,0.3175,0.11499999999999999,100,0.00027318102574975844,0.1625427103211063,False
BT-v3,RL-s14-b300-a1.00,RL-s9-b300-a1.00,0.4325,0.495,-0.0625,100,0.047104213606998714,1.0,False
BT-v3,RL-s14-b300-a1.00,SHD-s11-b300,0.4325,0.4,0.03249999999999997,100,0.2810124563915656,1.0,False
BT-v3,RL-s15-b300-a1.00,RL-s16-b300-a1.00,0.49,0.3625,0.1275,100,0.0002405594459795994,0.14385454869580044,False
BT-v3,RL-s15-b300-a1.00,RL-s17-b300-a1.00,0.49,0.4175,0.07250000000000001,100,0.015734249936997284,1.0,False
BT-v3,RL-s15-b300-a1.00,RL-s18-b300-a1.00,0.49,0.2625,0.22749999999999998,100,6.697542318090088e-09,5.110224788702737e-06,True
BT-v3,RL-s15-b300-a1.00,RL-s19-b300-a1.00,0.49,0.44,0.04999999999999999,100,0.023374263167427654,1.0,False
BT-v3,RL-s15-b300-a1.00,RL-s2-b300-a1.00,0.49,0.385,0.10499999999999998,100,0.000762460133341566,0.4307899753379848,False
BT-v3,RL-s15-b300-a1.00,RL-s3-b300-a1.00,0.49,0.405,0.08499999999999996,100,0.002809086458577957,1.0,False
BT-v3,RL-s15-b300-a1.00,RL-s4-b300-a1.00,0.49,0.4325,0.057499999999999996,100,0.04055727005857117,1.0,False
BT-v3,RL-s15-b300-a1.00,RL-s5-b300-a1.00,0.49,0.4025,0.08749999999999997,100,0.005605026379988389,1.0,False
BT-v3,RL-s15-b300-a1.00,RL-s6-b300-a1.00,0.49,0.4325,0.057499999999999996,100,0.048673745787762485,1.0,False
BT-v3,RL-s15-b300-a1.00,RL-s7-b300-a1.00,0.49,0.4025,0.08749999999999997,100,0.001126229482115491,0.6205524446456355,False
BT-v3,RL-s15-b300-a1.00,RL-s8-b300-a1.00,0.49,0.3175,0.1725,100,1.239492785102073e-07,8.99871761984105e-05,True
BT-v3,RL-s15-b300-a1.00,RL-s9-b300-a1.00,0.49,0.495,-0.0050000000000000044,100,0.9398482398796566,1.0,False
BT-v3,RL-s15-b300-a1.00,SHD-s11-b300,0.49,0.4,0.08999999999999997,100,0.003850938950570017,1.0,False
BT-v3,RL-s16-b300-a1.00,RL-s17-b300-a1.00,0.3625,0.4175,-0.05499999999999999,100,0.14216507612202736,1.0,False
BT-v3,RL-s16-b300-a1.00,RL-s18-b300-a1.00,0.3625,0.2625,0.09999999999999998,100,0.0009816299366716594,0.5467678747261143,False
BT-v3,RL-s16-b300-a1.00,RL-s19-b300-a1.00,0.3625,0.44,-0.07750000000000001,100,0.01425554771980233,1.0,False
BT-v3,RL-s16-b300-a1.00,RL-s2-b300-a1.00,0.3625,0.385,-0.02250000000000002,100,0.3633612190020855,1.0,False
BT-v3,RL-s16-b300-a1.00,RL-s3-b300-a1.00,0.3625,0.405,-0.04250000000000004,100,0.09769332071806353,1.0,False
BT-v3,RL-s16-b300-a1.00,RL-s4-b300-a1.00,0.3625,0.4325,-0.07,100,0.027509282879862318,1.0,False
BT-v3,RL-s16-b300-a1.00,RL-s5-b300-a1.00,0.3625,0.4025,-0.040000000000000036,100,0.06130368331908931,1.0,False
BT-v3,RL-s16-b300-a1.00,RL-s6-b300-a1.00,0.3625,0.4325,-0.07,100,0.03863293118312836,1.0,False
BT-v3,RL-s16-b300-a1.00,RL-s7-b300-a1.00,0.3625,0.4025,-0.040000000000000036,100,0.10142869654541666,1.0,False
BT-v3,RL-s16-b300-a1.00,RL-s8-b300-a1.00,0.3625,0.3175,0.044999999999999984,100,0.12140518451567923,1.0,False
BT-v3,RL-s16-b300-a1.00,RL-s9-b300-a1.00,0.3625,0.495,-0.1325,100,2.5074966261194532e-05,0.016198428204731666,True
BT-v3,RL-s16-b300-a1.00,SHD-s11-b300,0.3625,0.4,-0.03750000000000003,100,0.08433080306878123,1.0,False
BT-v3,RL-s17-b300-a1.00,RL-s18-b300-a1.00,0.4175,0.2625,0.15499999999999997,100,7.511128238400566e-05,0.0464938837956995,True
BT-v3,RL-s17-b300-a1.00,RL-s19-b300-a1.00,0.4175,0.44,-0.02250000000000002,100,0.36093138092351484,1.0,False
BT-v3,RL-s17-b300-a1.00,RL-s2-b300-a1.00,0.4175,0.385,0.03249999999999997,100,0.4315162356626946,1.0,False
BT-v3,RL-s17-b300-a1.00,RL-s3-b300-a1.00,0.4175,0.405,0.012499999999999956,100,0.5153761481929111,1.0,False
BT-v3,RL-s17-b300-a1.00,RL-s4-b300-a1.00,0.4175,0.4325,-0.015000000000000013,100,0.502034694809261,1.0,False
BT-v3,RL-s17-b300-a1.00,RL-s5-b300-a1.00,0.4175,0.4025,0.014999999999999958,100,0.9497900623447775,1.0,False
BT-v3,RL-s17-b300-a1.00,RL-s6-b300-a1.00,0.4175,0.4325,-0.015000000000000013,100,0.3640088873522187,1.0,False
BT-v3,RL-s17-b300-a1.00,RL-s7-b300-a1.00,0.4175,0.4025,0.014999999999999958,100,0.8832295958812167,1.0,False
BT-v3,RL-s17-b300-a1.00,RL-s8-b300-a1.00,0.4175,0.3175,0.09999999999999998,100,0.016703475300380657,1.0,False
BT-v3,RL-s17-b300-a1.00,RL-s9-b300-a1.00,0.4175,0.495,-0.07750000000000001,100,0.023349877014459713,1.0,False
BT-v3,RL-s17-b300-a1.00,SHD-s11-b300,0.4175,0.4,0.01749999999999996,100,0.8958046816827807,1.0,False
BT-v3,RL-s18-b300-a1.00,RL-s19-b300-a1.00,0.2625,0.44,-0.1775,100,1.8417097158201827e-06,0.0012836716719266674,True
BT-v3,RL-s18-b300-a1.00,RL-s2-b300-a1.00,0.2625,0.385,-0.1225,100,4.072987966882644e-05,0.025661608409647298,True
BT-v3,RL-s18-b300-a1.00,RL-s3-b300-a1.00,0.2625,0.405,-0.14250000000000002,100,5.9370377386718334e-05,0.036928374734538805,True
BT-v3,RL-s18-b300-a1.00,RL-s4-b300-a1.00,0.2625,0.4325,-0.16999999999999998,100,8.136895194016569e-06,0.005419172199215035,True
BT-v3,RL-s18-b300-a1.00,RL-s5-b300-a1.00,0.2625,0.4025,-0.14,100,5.242736798890296e-06,0.0035388473392509497,True
BT-v3,RL-s18-b300-a1.00,RL-s6-b300-a1.00,0.2625,0.4325,-0.16999999999999998,100,4.169621674850241e-06,0.0028436819822478645,True
BT-v3,RL-s18-b300-a1.00,RL-s7-b300-a1.00,0.2625,0.4025,-0.14,100,8.217799620553888e-07,0.0005826419930972707,True
BT-v3,RL-s18-b300-a1.00,RL-s8-b300-a1.00,0.2625,0.3175,-0.05499999999999999,100,0.07627999152863059,1.0,False
BT-v3,RL-s18-b300-a1.00,RL-s9-b300-a1.00,0.2625,0.495,-0.23249999999999998,100,1.2321961352300214e-11,1.0067042424829274e-08,True
BT-v3,RL-s18-b300-a1.00,SHD-s11-b300,0.2625,0.4,-0.1375,100,1.5509700095964897e-06,0.0010856790067175427,True
BT-v3,RL-s19-b300-a1.00,RL-s2-b300-a1.00,0.44,0.385,0.05499999999999999,100,0.05787121422347135,1.0,False
BT-v3,RL-s19-b300-a1.00,RL-s3-b300-a1.00,0.44,0.405,0.034999999999999976,100,0.1419623529632939,1.0,False
BT-v3,RL-s19-b300-a1.00,RL-s4-b300-a1.00,0.44,0.4325,0.007500000000000007,100,0.952292949701435,1.0,False
BT-v3,RL-s19-b300-a1.00,RL-s5-b300-a1.00,0.44,0.4025,0.03749999999999998,100,0.21298955864642133,1.0,False
BT-v3,RL-s19-b300-a1.00,RL-s6-b300-a1.00,0.44,0.4325,0.007500000000000007,100,0.9581731066179727,1.0,False
BT-v3,RL-s19-b300-a1.00,RL-s7-b300-a1.00,0.44,0.4025,0.03749999999999998,100,0.3278550526761823,1.0,False
BT-v3,RL-s19-b300-a1.00,RL-s8-b300-a1.00,0.44,0.3175,0.1225,100,0.00016686766263534177,0.1014555388822878,False
BT-v3,RL-s19-b300-a1.00,RL-s9-b300-a1.00,0.44,0.495,-0.05499999999999999,100,0.0639865146100796,1.0,False
BT-v3,RL-s19-b300-a1.00,SHD-s11-b300,0.44,0.4,0.03999999999999998,100,0.38715467879392007,1.0,False
BT-v3,RL-s2-b300-a1.00,RL-s3-b300-a1.00,0.385,0.405,-0.020000000000000018,100,0.7313108972197938,1.0,False
BT-v3,RL-s2-b300-a1.00,RL-s4-b300-a1.00,0.385,0.4325,-0.04749999999999999,100,0.12118343542117486,1.0,False
BT-v3,RL-s2-b300-a1.00,RL-s5-b300-a1.00,0.385,0.4025,-0.017500000000000016,100,0.5060735333333392,1.0,False
BT-v3,RL-s2-b300-a1.00,RL-s6-b300-a1.00,0.385,0.4325,-0.04749999999999999,100,0.14387517551494844,1.0,False
BT-v3,RL-s2-b300-a1.00,RL-s7-b300-a1.00,0.385,0.4025,-0.017500000000000016,100,0.3456300830784228,1.0,False
BT-v3,RL-s2-b300-a1.00,RL-s8-b300-a1.00,0.385,0.3175,0.0675,100,0.01116189732415165,1.0,False
BT-v3,RL-s2-b300-a1.00,RL-s9-b300-a1.00,0.385,0.495,-0.10999999999999999,100,2.9775685074252303e-05,0.019056438447521473,True
BT-v3,RL-s2-b300-a1.00,SHD-s11-b300,0.385,0.4,-0.015000000000000013,100,0.4883598955404488,1.0,False
BT-v3,RL-s3-b300-a1.00,RL-s4-b300-a1.00,0.405,0.4325,-0.02749999999999997,100,0.3482273496077606,1.0,False
BT-v3,RL-s3-b300-a1.00,RL-s5-b300-a1.00,0.405,0.4025,0.0025000000000000022,100,0.7087122640039547,1.0,False
BT-v3,RL-s3-b300-a1.00,RL-s6-b300-a1.00,0.405,0.4325,-0.02749999999999997,100,0.35083871319702387,1.0,False
BT-v3,RL-s3-b300-a1.00,RL-s7-b300-a1.00,0.405,0.4025,0.0025000000000000022,100,0.6597909089861009,1.0,False
BT-v3,RL-s3-b300-a1.00,RL-s8-b300-a1.00,0.405,0.3175,0.08750000000000002,100,0.00920081503992398,1.0,False
BT-v3,RL-s3-b300-a1.00,RL-s9-b300-a1.00,0.405,0.495,-0.08999999999999997,100,0.0053462007674902785,1.0,False
BT-v3,RL-s3-b300-a1.00,SHD-s11-b300,0.405,0.4,0.0050000000000000044,100,0.8596130207295226,1.0,False
BT-v3,RL-s4-b300-a1.00,RL-s5-b300-a1.00,0.4325,0.4025,0.02999999999999997,100,0.4332442238030655,1.0,False
BT-v3,RL-s4-b300-a1.00,RL-s6-b300-a1.00,0.4325,0.4325,0.0,100,0.8043910037628963,1.0,False
BT-v3,RL-s4-b300-a1.00,RL-s7-b300-a1.00,0.4325,0.4025,0.02999999999999997,100,0.3191400464662114,1.0,False
BT-v3,RL-s4-b300-a1.00,RL-s8-b300-a1.00,0.4325,0.3175,0.11499999999999999,100,0.0001859310444742373,0.11248828190691357,False
BT-v3,RL-s4-b300-a1.00,RL-s9-b300-a1.00,0.4325,0.495,-0.0625,100,0.037380539802944014,1.0,False
BT-v3,RL-s4-b300-a1.00,SHD-s11-b300,0.4325,0.4,0.03249999999999997,100,0.20495184045933557,1.0,False
BT-v3,RL-s5-b300-a1.00,RL-s6-b300-a1.00,0.4025,0.4325,-0.02999999999999997,100,0.44918386150316036,1.0,False
BT-v3,RL-s5-b300-a1.00,RL-s7-b300-a1.00,0.4025,0.4025,0.0,100,0.8779622991607443,1.0,False
BT-v3,RL-s5-b300-a1.00,RL-s8-b300-a1.00,0.4025,0.3175,0.08500000000000002,100,0.0030145536503233426,1.0,False
BT-v3,RL-s5-b300-a1.00,RL-s9-b300-a1.00,0.4025,0.495,-0.09249999999999997,100,0.0012972797256055296,0.7083147301806192,False
BT-v3,RL-s5-b300-a1.00,SHD-s11-b300,0.4025,0.4,0.0025000000000000022,100,0.8589475412614851,1.0,False
BT-v3,RL-s6-b300-a1.00,RL-s7-b300-a1.00,0.4325,0.4025,0.02999999999999997,100,0.36567632570607733,1.0,False
BT-v3,RL-s6-b300-a1.00,RL-s8-b300-a1.00,0.4325,0.3175,0.11499999999999999,100,0.0003170786544861746,0.1873934848013292,False
BT-v3,RL-s6-b300-a1.00,RL-s9-b300-a1.00,0.4325,0.495,-0.0625,100,0.0953418519279904,1.0,False
BT-v3,RL-s6-b300-a1.00,SHD-s11-b300,0.4325,0.4,0.03249999999999997,100,0.36856568738009177,1.0,False
BT-v3,RL-s7-b300-a1.00,RL-s8-b300-a1.00,0.4025,0.3175,0.08500000000000002,100,0.0006018483105494462,0.34425723363428323,False
BT-v3,RL-s7-b300-a1.00,RL-s9-b300-a1.00,0.4025,0.495,-0.09249999999999997,100,0.0007863031617083396,0.4426886800417952,False
BT-v3,RL-s7-b300-a1.00,SHD-s11-b300,0.4025,0.4,0.0025000000000000022,100,0.7872078213052216,1.0,False
BT-v3,RL-s8-b300-a1.00,RL-s9-b300-a1.00,0.3175,0.495,-0.1775,100,8.371761980255063e-08,6.169988579447982e-05,True
BT-v3,RL-s8-b300-a1.00,SHD-s11-b300,0.3175,0.4,-0.08250000000000002,100,0.0017830356807573096,0.9592731962474326,False
BT-v3,RL-s9-b300-a1.00,SHD-s11-b300,0.495,0.4,0.09499999999999997,100,0.001594490261022635,0.8610247409522229,False
