cond,kind,alpha,bt_version,ckpt,budget,train_seed,opponent,seed,side,score,win,draw,loss,outcome,duration,damage_dealt,damage_taken,wez_time,surv_time,viol_deck,viol_over_g,viol_sep,mean_es
BT-v1,bt,0.0,1,,-1,-1,BT-v2,10000,0,0.5,0,1,0,collision,5.999999999999987,0.0,0.0,0.0,5.999999999999987,0.0,0.0,0.05172413793103448,6675.0890387576665
BT-v1,bt,0.0,1,,-1,-1,BT-v2,10000,1,1.0,1,0,0,timeout,120.19999999999531,50.0,0.0,2.000000000000001,120.19999999999531,0.0,0.0,0.004159733777038269,
BT-v1,bt,0.0,1,,-1,-1,BT-v2,10001,0,0.0,0,0,1,crash,107.79999999999602,0.0,0.0,0.0,107.79999999999602,0.03671003717472119,0.0,0.0,9405.932138534803
BT-v1,bt,0.0,1,,-1,-1,BT-v2,10001,1,0.5,0,1,0,timeout,120.19999999999531,0.0,0.0,0.0,120.19999999999531,0.0,0.0,0.0,
BT-v1,bt,0.0,1,,-1,-1,BT-v2,10002,0,0.0,0,0,1,timeout,120.19999999999531,0.0,28.75,0.0,120.19999999999531,0.0,0.0,0.0,11170.061031978938
BT-v1,bt,0.0,1,,-1,-1,BT-v2,10002,1,0.0,0,0,1,timeout,120.19999999999531,0.0,95.0,0.0,120.19999999999531,0.0,0.0,0.0,
BT-v1,bt,0.0,1,,-1,-1,BT-v2,10003,0,0.0,0,0,1,timeout,120.19999999999531,0.0,38.75,0.0,120.19999999999531,0.0,0.0,0.0,12553.106108283822
BT-v1,bt,0.0,1,,-1,-1,BT-v2,10003,1,0.5,0,1,0,timeout,120.19999999999531,0.0,0.0,0.0,120.19999999999531,0.0,0.0,0.0,
BT-v1,bt,0.0,1,,-1,-1,BT-v2,10004,0,0.0,0,0,1,gun_kill,13.950000000000063,0.0,100.0,0.0,13.950000000000063,0.0,0.0,0.0,6468.57022165141
BT-v1,bt,0.0,1,,-1,-1,BT-v2,10004,1,0.0,0,0,1,gun_kill,21.35000000000017,0.0,100.0,0.0,21.35000000000017,0.0,0.0,0.0,
BT-v1,bt,0.0,1,,-1,-1,BT-v2,10005,0,0.0,0,0,1,timeout,120.19999999999531,0.0,8.75,0.0,120.19999999999531,0.0,0.0,0.0,12225.352674776967
BT-v1,bt,0.0,1,,-1,-1,BT-v2,10005,1,0.5,0,1,0,timeout,120.19999999999531,0.0,0.0,0.0,120.19999999999531,0.0,0.0,0.0033277870216306157,
BT-v1,bt,0.0,1,,-1,-1,BT-v2,10006,0,0.0,0,0,1,gun_kill,13.05000000000005,0.0,100.0,0.0,13.05000000000005,0.0,0.0,0.0,7128.632541266703
BT-v1,bt,0.0,1,,-1,-1,BT-v2,10006,1,0.5,0,1,0,timeout,120.19999999999531,0.0,0.0,0.0,120.19999999999531,0.0,0.0,0.0,
BT-v1,bt,0.0,1,,-1,-1,BT-v2,10007,0,0.5,0,1,0,timeout,120.19999999999531,0.0,0.0,0.0,120.19999999999531,0.0,0.0,0.0,10655.357803487894
BT-v1,bt,0.0,1,,-1,-1,BT-v2,10007,1,0.5,0,1,0,timeout,120.19999999999531,0.0,0.0,0.0,120.19999999999531,0.0,0.0,0.0,
BT-v1,bt,0.0,1,,-1,-1,BT-v2,10008,0,0.5,0,1,0,collision,6.549999999999985,0.0,17.5,0.0,6.549999999999985,0.0,0.0,0.046875,6875.133835217373
BT-v1,bt,0.0,1,,-1,-1,BT-v2,10008,1,0.5,0,1,0,timeout,120.19999999999531,0.0,0.0,0.0,120.19999999999531,0.0,0.0,0.0,
BT-v1,bt,0.0,1,,-1,-1,BT-v2,10009,0,0.0,0,0,1,timeout,120.19999999999531,0.0,32.5,0.0,120.19999999999531,0.0,0.0,0.0,11421.554422892594
BT-v1,bt,0.0,1,,-1,-1,BT-v2,10009,1,0.0,0,0,1,gun_kill,28.150000000000265,0.0,100.0,0.0,28.150000000000265,0.0,0.0,0.0,
BT-v1,bt,0.0,1,,-1,-1,BT-v2,10010,0,0.5,0,1,0,timeout,120.19999999999531,0.0,0.0,0.0,120.19999999999531,0.0,0.0,0.0,11462.380997773846
BT-v1,bt,0.0,1,,-1,-1,BT-v2,10010,1,0.0,0,0,1,timeout,120.19999999999531,0.0,48.75,0.0,120.19999999999531,0.0,0.0,0.0,
BT-v1,bt,0.0,1,,-1,-1,BT-v2,10011,0,0.0,0,0,1,gun_kill,25.550000000000228,0.0,100.0,0.0,25.550000000000228,0.0,0.0,0.0,7575.751666238023
BT-v1,bt,0.0,1,,-1,-1,BT-v2,10011,1,0.5,0,1,0,timeout,120.19999999999531,0.0,0.0,0.0,120.19999999999531,0.0,0.0,0.0,
BT-v1,bt,0.0,1,,-1,-1,BT-v2,10012,0,0.5,0,1,0,timeout,120.19999999999531,0.0,0.0,0.0,120.19999999999531,0.0,0.0,0.0,11346.244654577591
BT-v1,bt,0.0,1,,-1,-1,BT-v2,10012,1,0.5,0,1,0,timeout,120.19999999999531,0.0,0.0,0.0,120.19999999999531,0.0,0.0,0.004575707154742097,
BT-v1,bt,0.0,1,,-1,-1,BT-v2,10013,0,0.5,0,1,0,timeout,120.19999999999531,0.0,0.0,0.0,120.19999999999531,0.0,0.0,0.0,11599.455372864084
BT-v1,bt,0.0,1,,-1,-1,BT-v2,10013,1,0.5,0,1,0,timeout,120.19999999999531,0.0,0.0,0.0,120.19999999999531,0.0,0.0,0.0,
BT-v1,bt,0.0,1,,-1,-1,BT-v2,10014,0,0.0,0,0,1,timeout,120.19999999999531,0.0,58.75,0.0,120.19999999999531,0.0,0.0,0.0,10800.069561684686
BT-v1,bt,0.0,1,,-1,-1,BT-v2,10014,1,0.0,0,0,1,gun_kill,17.85000000000012,0.0,100.0,0.0,17.85000000000012,0.0,0.0,0.0,
BT-v1,bt,0.0,1,,-1,-1,BT-v2,10015,0,0.5,0,1,0,timeout,120.19999999999531,0.0,0.0,0.0,120.19999999999531,0.0,0.0,0.006239600665557404,10338.377661883067
BT-v1,bt,0.0,1,,-1,-1,BT-v2,10015,1,0.0,0,0,1,gun_kill,26.30000000000024,0.0,100.0,0.0,26.30000000000024,0.0,0.0,0.0,
BT-v1,bt,0.0,1,,-1,-1,BT-v2,10016,0,0.0,0,0,1,gun_kill,19.900000000000148,0.0,100.0,0.0,19.900000000000148,0.0,0.0,0.03282828282828283,6392.434970221914
BT-v1,bt,0.0,1,,-1,-1,BT-v2,10016,1,0.5,0,1,0,collision,4.399999999999992,8.75,5.0,0.35,4.399999999999992,0.0,0.0,0.08333333333333333,
BT-v1,bt,0.0,1,,-1,-1,BT-v2,10017,0,0.0,0,0,1,crash,109.64999999999591,0.0,38.75,0.0,109.64999999999591,0.03604014598540146,0.0,0.0,9381.524200573405
BT-v1,bt,0.0,1,,-1,-1,BT-v2,10017,1,0.5,0,1,0,timeout,120.19999999999531,0.0,0.0,0.0,120.19999999999531,0.0,0.0,0.0,
BT-v1,bt,0.0,1,,-1,-1,BT-v2,10018,0,0.0,0,0,1,gun_kill,17.25000000000011,0.0,100.0,0.0,17.25000000000011,0.0,0.0,0.0,6499.938799678836
BT-v1,bt,0.0,1,,-1,-1,BT-v2,10018,1,0.5,0,1,0,timeout,120.19999999999531,0.0,0.0,0.0,120.19999999999531,0.0,0.0,0.0,
BT-v1,bt,0.0,1,,-1,-1,BT-v2,10019,0,0.0,0,0,1,timeout,120.19999999999531,0.0,58.75,0.0,120.19999999999531,0.0,0.0,0.0,10510.74519753271
BT-v1,bt,0.0,1,,-1,-1,BT-v2,10019,1,0.0,0,0,1,timeout,120.19999999999531,0.0,47.5,0.0,120.19999999999531,0.0,0.0,0.0,
BT-v1,bt,0.0,1,,-1,-1,BT-v2,10020,0,0.5,0,1,0,collision,4.049999999999994,12.5,0.0,0.49999999999999994,4.049999999999994,0.0,0.0,0.0625,7347.443276933688
BT-v1,bt,0.0,1,,-1,-1,BT-v2,10020,1,0.5,0,1,0,collision,4.199999999999993,16.25,0.0,0.65,4.199999999999993,0.0,0.0,0.0875,
BT-v1,bt,0.0,1,,-1,-1,BT-v2,10021,0,0.0,0,0,1,timeout,120.19999999999531,0.0,11.25,0.0,120.19999999999531,0.0,0.0,0.0,11355.082119049062
BT-v1,bt,0.0,1,,-1,-1,BT-v2,10021,1,0.0,0,0,1,timeout,120.19999999999531,0.0,2.5,0.0,120.19999999999531,0.0,0.0,0.0,
BT-v1,bt,0.0,1,,-1,-1,BT-v2,10022,0,0.0,0,0,1,timeout,120.19999999999531,0.0,27.5,0.0,120.19999999999531,0.0,0.0,0.0,11138.29343568048
BT-v1,bt,0.0,1,,-1,-1,BT-v2,10022,1,0.5,0,1,0,timeout,120.19999999999531,0.0,0.0,0.0,120.19999999999531,0.0,0.0,0.0,
BT-v1,bt,0.0,1,,-1,-1,BT-v2,10023,0,0.5,0,1,0,timeout,120.19999999999531,0.0,0.0,0.0,120.19999999999531,0.0,0.0,0.0,11896.135890963084
BT-v1,bt,0.0,1,,-1,-1,BT-v2,10023,1,0.5,0,1,0,timeout,120.19999999999531,0.0,0.0,0.0,120.19999999999531,0.0,0.0,0.0,
BT-v1,bt,0.0,1,,-1,-1,BT-v2,10024,0,0.5,0,1,0,timeout,120.19999999999531,0.0,0.0,0.0,120.19999999999531,0.0,0.0,0.004575707154742097,10654.892150549234
BT-v1,bt,0.0,1,,-1,-1,BT-v2,10024,1,0.5,0,1,0,timeout,120.19999999999531,0.0,0.0,0.0,120.19999999999531,0.0,0.0,0.0,
BT-v1,bt,0.0,1,,-1,-1,BT-v2,10025,0,0.0,0,0,1,timeout,120.19999999999531,0.0,32.5,0.0,120.19999999999531,0.0,0.0,0.0,12063.89362666182
BT-v1,bt,0.0,1,,-1,-1,BT-v2,10025,1,0.0,0,0,1,timeout,120.19999999999531,0.0,23.75,0.0,120.19999999999531,0.0,0.0,0.0,
BT-v1,bt,0.0,1,,-1,-1,BT-v2,10026,0,0.5,0,1,0,timeout,120.19999999999531,0.0,0.0,0.0,120.19999999999531,0.0,0.0,0.0,11756.80154138205
BT-v1,bt,0.0,1,,-1,-1,BT-v2,10026,1,0.0,0,0,1,crash,118.6999999999954,0.0,3.75,0.0,118.6999999999954,0.05227655986509275,0.0,0.0,
BT-v1,bt,0.0,1,,-1,-1,BT-v2,10027,0,0.5,0,1,0,timeout,120.19999999999531,0.0,0.0,0.0,120.19999999999531,0.0,0.0,0.0,11146.69576984343
BT-v1,bt,0.0,1,,-1,-1,BT-v2,10027,1,0.5,0,1,0,timeout,120.19999999999531,0.0,0.0,0.0,120.19999999999531,0.0,0.0,0.0,
BT-v1,bt,0.0,1,,-1,-1,BT-v2,10028,0,0.0,0,0,1,gun_kill,16.050000000000093,0.0,100.0,0.0,16.050000000000093,0.0,0.0,0.0,7020.835826566494
BT-v1,bt,0.0,1,,-1,-1,BT-v2,10028,1,0.5,0,1,0,timeout,120.19999999999531,0.0,0.0,0.0,120.19999999999531,0.0,0.0,0.0,
BT-v1,bt,0.0,1,,-1,-1,BT-v2,10029,0,0.0,0,0,1,gun_kill,21.100000000000165,0.0,100.0,0.0,21.100000000000165,0.0,0.0,0.0,7552.861705372767
BT-v1,bt,0.0,1,,-1,-1,BT-v2,10029,1,0.5,0,1,0,timeout,120.19999999999531,0.0,0.0,0.0,120.19999999999531,0.0,0.0,0.0,
BT-v1,bt,0.0,1,,-1,-1,BT-v2,10030,0,0.5,0,1,0,timeout,120.19999999999531,0.0,0.0,0.0,120.19999999999531,0.0,0.0,0.0,11920.620784662742
BT-v1,bt,0.0,1,,-1,-1,BT-v2,10030,1,0.5,0,1,0,timeout,120.19999999999531,0.0,0.0,0.0,120.19999999999531,0.0,0.0,0.0,
BT-v1,bt,0.0,1,,-1,-1,BT-v2,10031,0,0.5,0,1,0,timeout,120.19999999999531,0.0,0.0,0.0,120.19999999999531,0.0,0.0,0.0,12084.850094940533
BT-v1,bt,0.0,1,,-1,-1,BT-v2,10031,1,0.5,0,1,0,timeout,120.19999999999531,0.0,0.0,0.0,120.19999999999531,0.0,0.0,0.0,
BT-v1,bt,0.0,1,,-1,-1,BT-v2,10032,0,0.5,0,1,0,timeout,120.19999999999531,0.0,0.0,0.0,120.19999999999531,0.0,0.0,0.0,10757.932317845298
BT-v1,bt,0.0,1,,-1,-1,BT-v2,10032,1,0.5,0,1,0,timeout,120.19999999999531,0.0,0.0,0.0,120.19999999999531,0.0,0.0,0.0,
BT-v1,bt,0.0,1,,-1,-1,BT-v2,10033,0,1.0,1,0,0,timeout,120.19999999999531,8.75,0.0,0.35,120.19999999999531,0.0,0.0,0.004991680532445923,9776.61922079117
BT-v1,bt,0.0,1,,-1,-1,BT-v2,10033,1,0.5,0,1,0,collision,3.949999999999994,0.0,2.5,0.0,3.949999999999994,0.0,0.0,0.07894736842105263,
BT-v1,bt,0.0,1,,-1,-1,BT-v2,10034,0,0.5,0,1,0,timeout,120.19999999999531,0.0,0.0,0.0,120.19999999999531,0.0,0.0,0.0,11369.598997926165
BT-v1,bt,0.0,1,,-1,-1,BT-v2,10034,1,0.0,0,0,1,gun_kill,34.900000000000155,0.0,100.0,0.0,34.900000000000155,0.0,0.0,0.0,
BT-v1,bt,0.0,1,,-1,-1,BT-v2,10035,0,0.0,0,0,1,gun_kill,13.05000000000005,0.0,100.0,0.0,13.05000000000005,0.0,0.0,0.0,6810.635971809089
BT-v1,bt,0.0,1,,-1,-1,BT-v2,10035,1,0.0,0,0,1,timeout,120.19999999999531,0.0,6.25,0.0,120.19999999999531,0.0,0.0,0.004159733777038269,
BT-v1,bt,0.0,1,,-1,-1,BT-v2,10036,0,0.0,0,0,1,timeout,120.19999999999531,0.0,22.5,0.0,120.19999999999531,0.0,0.0,0.0,10648.675295071
BT-v1,bt,0.0,1,,-1,-1,BT-v2,10036,1,0.0,0,0,1,timeout,120.19999999999531,0.0,40.0,0.0,120.19999999999531,0.0,0.0,0.0024958402662229617,
BT-v1,bt,0.0,1,,-1,-1,BT-v2,10037,0,0.0,0,0,1,gun_kill,19.050000000000136,0.0,100.0,0.0,19.050000000000136,0.0,0.0,0.0,7254.469695487
BT-v1,bt,0.0,1,,-1,-1,BT-v2,10037,1,0.5,0,1,0,timeout,120.19999999999531,0.0,0.0,0.0,120.19999999999531,0.0,0.0,0.0,
BT-v1,bt,0.0,1,,-1,-1,BT-v2,10038,0,0.5,0,1,0,timeout,120.19999999999531,0.0,0.0,0.0,120.19999999999531,0.0,0.0,0.004991680532445923,11554.672115518995
BT-v1,bt,0.0,1,,-1,-1,BT-v2,10038,1,0.0,0,0,1,timeout,120.19999999999531,0.0,65.0,0.0,120.19999999999531,0.0,0.0,0.0,
BT-v1,bt,0.0,1,,-1,-1,BT-v2,10039,0,0.5,0,1,0,timeout,120.19999999999531,0.0,0.0,0.0,120.19999999999531,0.0,0.0,0.0,10631.462028329433
BT-v1,bt,0.0,1,,-1,-1,BT-v2,10039,1,0.5,0,1,0,timeout,120.19999999999531,0.0,0.0,0.0,120.19999999999531,0.0,0.0,0.0,
BT-v1,bt,0.0,1,,-1,-1,BT-v2,10040,0,0.0,0,0,1,gun_kill,18.250000000000124,0.0,100.0,0.0,18.250000000000124,0.0,0.0,0.0,7250.016438642765
BT-v1,bt,0.0,1,,-1,-1,BT-v2,10040,1,0.0,0,0,1,timeout,120.19999999999531,0.0,13.75,0.0,120.19999999999531,0.0,0.0,0.0,
BT-v1,bt,0.0,1,,-1,-1,BT-v2,10041,0,0.0,0,0,1,timeout,120.19999999999531,0.0,21.25,0.0,120.19999999999531,0.0,0.0,0.0,9027.070502840423
BT-v1,bt,0.0,1,,-1,-1,BT-v2,10041,1,0.5,0,1,0,collision,7.099999999999983,0.0,0.0,0.0,7.099999999999983,0.0,0.0,0.04285714285714286,
BT-v1,bt,0.0,1,,-1,-1,BT-v2,10042,0,0.0,0,0,1,timeout,120.19999999999531,0.0,8.75,0.0,120.19999999999531,0.0,0.0,0.004991680532445923,10624.729319344913
BT-v1,bt,0.0,1,,-1,-1,BT-v2,10042,1,1.0,1,0,0,timeout,120.19999999999531,20.0,0.0,0.8000000000000002,120.19999999999531,0.0,0.0,0.0,
BT-v1,bt,0.0,1,,-1,-1,BT-v2,10043,0,0.0,0,0,1,timeout,120.19999999999531,0.0,12.5,0.0,120.19999999999531,0.0,0.0,0.0,10548.140507936661
BT-v1,bt,0.0,1,,-1,-1,BT-v2,10043,1,0.5,0,1,0,timeout,120.19999999999531,0.0,0.0,0.0,120.19999999999531,0.0,0.0,0.0,
BT-v1,bt,0.0,1,,-1,-1,BT-v2,10044,0,0.5,0,1,0,timeout,120.19999999999531,0.0,0.0,0.0,120.19999999999531,0.0,0.0,0.0,9889.172344080549
BT-v1,bt,0.0,1,,-1,-1,BT-v2,10044,1,0.0,0,0,1,timeout,120.19999999999531,0.0,11.25,0.0,120.19999999999531,0.0,0.0,0.0,
BT-v1,bt,0.0,1,,-1,-1,BT-v2,10045,0,0.5,0,1,0,timeout,120.19999999999531,0.0,0.0,0.0,120.19999999999531,0.0,0.0,0.0,10863.811930188105
BT-v1,bt,0.0,1,,-1,-1,BT-v2,10045,1,0.0,0,0,1,timeout,120.19999999999531,0.0,97.5,0.0,120.19999999999531,0.0,0.0,0.0,
BT-v1,bt,0.0,1,,-1,-1,BT-v2,10046,0,0.5,0,1,0,timeout,120.19999999999531,0.0,0.0,0.0,120.19999999999531,0.0,0.0,0.0,12028.382932622375
BT-v1,bt,0.0,1,,-1,-1,BT-v2,10046,1,0.5,0,1,0,timeout,120.19999999999531,0.0,0.0,0.0,120.19999999999531,0.0,0.0,0.0,
BT-v1,bt,0.0,1,,-1,-1,BT-v2,10047,0,0.0,0,0,1,timeout,120.19999999999531,0.0,5.0,0.0,120.19999999999531,0.0,0.0,0.0,8793.64707024013
BT-v1,bt,0.0,1,,-1,-1,BT-v2,10047,1,0.0,0,0,1,crash,110.84999999999584,0.0,2.5,0.0,110.84999999999584,0.03835740072202166,0.0,0.0058664259927797835,
BT-v1,bt,0.0,1,,-1,-1,BT-v2,10048,0,0.0,0,0,1,crash,109.24999999999594,0.0,57.5,0.0,109.24999999999594,0.038461538461538464,0.0,0.0,8680.195877768661
BT-v1,bt,0.0,1,,-1,-1,BT-v2,10048,1,0.5,0,1,0,timeout,120.19999999999531,0.0,0.0,0.0,120.19999999999531,0.0,0.0,0.0,
BT-v1,bt,0.0,1,,-1,-1,BT-v2,10049,0,0.0,0,0,1,timeout,120.19999999999531,0.0,23.75,0.0,120.19999999999531,0.0,0.0,0.0,12109.950239770993
BT-v1,bt,0.0,1,,-1,-1,BT-v2,10049,1,0.5,0,1,0,timeout,120.19999999999531,0.0,0.0,0.0,120.19999999999531,0.0,0.0,0.0,
BT-v1,bt,0.0,1,,-1,-1,BT-v2,10050,0,0.5,0,1,0,timeout,120.19999999999531,0.0,0.0,0.0,120.19999999999531,0.0,0.0,0.0,11178.485163030733
BT-v1,bt,0.0,1,,-1,-1,BT-v2,10050,1,0.5,0,1,0,timeout,120.19999999999531,0.0,0.0,0.0,120.19999999999531,0.0,0.0,0.0,
BT-v1,bt,0.0,1,,-1,-1,BT-v2,10051,0,0.0,0,0,1,timeout,120.19999999999531,0.0,5.0,0.0,120.19999999999531,0.0,0.0,0.0,11642.178364880945
BT-v1,bt,0.0,1,,-1,-1,BT-v2,10051,1,0.0,0,0,1,timeout,120.19999999999531,0.0,5.0,0.0,120.19999999999531,0.0,0.0,0.0033277870216306157,
BT-v1,bt,0.0,1,,-1,-1,BT-v2,10052,0,0.5,0,1,0,timeout,120.19999999999531,0.0,0.0,0.0,120.19999999999531,0.0,0.0,0.0,11270.657758429998
BT-v1,bt,0.0,1,,-1,-1,BT-v2,10052,1,1.0,1,0,0,timeout,120.19999999999531,40.0,10.0,1.6000000000000008,120.19999999999531,0.0,0.0,0.005407653910149751,
BT-v1,bt,0.0,1,,-1,-1,BT-v2,10053,0,0.5,0,1,0,timeout,120.19999999999531,0.0,0.0,0.0,120.19999999999531,0.0,0.0,0.0,10919.87963337554
BT-v1,bt,0.0,1,,-1,-1,BT-v2,10053,1,0.0,0,0,1,timeout,120.19999999999531,0.0,23.75,0.0,120.19999999999531,0.0,0.0,0.0,
BT-v1,bt,0.0,1,,-1,-1,BT-v2,10054,0,0.0,0,0,1,timeout,120.19999999999531,0.0,16.25,0.0,120.19999999999531,0.0,0.0,0.0,10013.33558159274
BT-v1,bt,0.0,1,,-1,-1,BT-v2,10054,1,0.5,0,1,0,timeout,120.19999999999531,0.0,0.0,0.0,120.19999999999531,0.0,0.0,0.0,
BT-v1,bt,0.0,1,,-1,-1,BT-v2,10055,0,0.0,0,0,1,gun_kill,22.500000000000185,0.0,100.0,0.0,22.500000000000185,0.0,0.0,0.024553571428571428,6175.445404908569
BT-v1,bt,0.0,1,,-1,-1,BT-v2,10055,1,0.0,0,0,1,timeout,120.19999999999531,0.0,22.5,0.0,120.19999999999531,0.0,0.0,0.0,
BT-v1,bt,0.0,1,,-1,-1,BT-v2,10056,0,0.0,0,0,1,timeout,120.19999999999531,0.0,13.75,0.0,120.19999999999531,0.0,0.0,0.004159733777038269,11188.293961191996
BT-v1,bt,0.0,1,,-1,-1,BT-v2,10056,1,0.0,0,0,1,timeout,120.19999999999531,0.0,45.0,0.0,120.19999999999531,0.0,0.0,0.0,
BT-v1,bt,0.0,1,,-1,-1,BT-v2,10057,0,0.5,0,1,0,timeout,120.19999999999531,0.0,0.0,0.0,120.19999999999531,0.0,0.0,0.0,10368.829661714728
BT-v1,bt,0.0,1,,-1,-1,BT-v2,10057,1,0.0,0,0,1,timeout,120.19999999999531,0.0,6.25,0.0,120.19999999999531,0.0,0.0,0.0,
BT-v1,bt,0.0,1,,-1,-1,BT-v2,10058,0,0.5,0,1,0,timeout,120.19999999999531,0.0,0.0,0.0,120.19999999999531,0.0,0.0,0.0,11248.604899375916
BT-v1,bt,0.0,1,,-1,-1,BT-v2,10058,1,0.5,0,1,0,timeout,120.19999999999531,0.0,0.0,0.0,120.19999999999531,0.0,0.0,0.0,
BT-v1,bt,0.0,1,,-1,-1,BT-v2,10059,0,0.5,0,1,0,timeout,120.19999999999531,0.0,0.0,0.0,120.19999999999531,0.0,0.0,0.0,10916.864634026711
BT-v1,bt,0.0,1,,-1,-1,BT-v2,10059,1,0.5,0,1,0,timeout,120.19999999999531,0.0,0.0,0.0,120.19999999999531,0.0,0.0,0.0,
BT-v1,bt,0.0,1,,-1,-1,BT-v2,10060,0,0.0,0,0,1,timeout,120.19999999999531,0.0,10.0,0.0,120.19999999999531,0.0,0.0,0.004991680532445923,10498.901757311327
BT-v1,bt,0.0,1,,-1,-1,BT-v2,10060,1,0.5,0,1,0,timeout,120.19999999999531,0.0,0.0,0.0,120.19999999999531,0.0,0.0,0.0,
BT-v1,bt,0.0,1,,-1,-1,BT-v2,10061,0,0.0,0,0,1,timeout,120.19999999999531,0.0,35.0,0.0,120.19999999999531,0.0,0.0,0.0,11637.953233118536
BT-v1,bt,0.0,1,,-1,-1,BT-v2,10061,1,0.0,0,0,1,timeout,120.19999999999531,0.0,81.25,0.0,120.19999999999531,0.0,0.0,0.0,
BT-v1,bt,0.0,1,,-1,-1,BT-v2,10062,0,0.5,0,1,0,timeout,120.19999999999531,0.0,0.0,0.0,120.19999999999531,0.0,0.0,0.0,11810.559652033435
BT-v1,bt,0.0,1,,-1,-1,BT-v2,10062,1,0.0,0,0,1,timeout,120.19999999999531,0.0,32.5,0.0,120.19999999999531,0.0,0.0,0.0,
BT-v1,bt,0.0,1,,-1,-1,BT-v2,10063,0,0.5,0,1,0,collision,4.749999999999991,0.0,7.5,0.0,4.749999999999991,0.0,0.0,0.05434782608695652,5734.667387112112
BT-v1,bt,0.0,1,,-1,-1,BT-v2,10063,1,0.5,0,1,0,timeout,120.19999999999531,0.0,0.0,0.0,120.19999999999531,0.0,0.0,0.0029118136439267887,
BT-v1,bt,0.0,1,,-1,-1,BT-v2,10064,0,0.0,0,0,1,timeout,120.19999999999531,0.0,25.0,0.0,120.19999999999531,0.0,0.0,0.0,9932.569440988893
BT-v1,bt,0.0,1,,-1,-1,BT-v2,10064,1,0.5,0,1,0,timeout,120.19999999999531,0.0,0.0,0.0,120.19999999999531,0.0,0.0,0.0,
BT-v1,bt,0.0,1,,-1,-1,BT-v2,10065,0,0.5,0,1,0,timeout,120.19999999999531,0.0,0.0,0.0,120.19999999999531,0.0,0.0,0.0,10970.551729710827
BT-v1,bt,0.0,1,,-1,-1,BT-v2,10065,1,0.0,0,0,1,gun_kill,28.050000000000264,0.0,100.0,0.0,28.050000000000264,0.0,0.0,0.0,
BT-v1,bt,0.0,1,,-1,-1,BT-v2,10066,0,0.5,0,1,0,timeout,120.19999999999531,0.0,0.0,0.0,120.19999999999531,0.0,0.0,0.0,11811.059533398957
BT-v1,bt,0.0,1,,-1,-1,BT-v2,10066,1,0.5,0,1,0,timeout,120.19999999999531,0.0,0.0,0.0,120.19999999999531,0.0,0.0,0.0,
BT-v1,bt,0.0,1,,-1,-1,BT-v2,10067,0,0.0,0,0,1,crash,103.69999999999625,0.0,0.0,0.0,103.69999999999625,0.05019305019305019,0.0,0.0,9598.863208767716
BT-v1,bt,0.0,1,,-1,-1,BT-v2,10067,1,0.0,0,0,1,gun_kill,21.650000000000173,0.0,100.0,0.0,21.650000000000173,0.0,0.0,0.0,
BT-v1,bt,0.0,1,,-1,-1,BT-v2,10068,0,0.5,0,1,0,timeout,120.19999999999531,0.0,0.0,0.0,120.19999999999531,0.0,0.0,0.0,11541.439287035377
BT-v1,bt,0.0,1,,-1,-1,BT-v2,10068,1,0.5,0,1,0,timeout,120.19999999999531,0.0,0.0,0.0,120.19999999999531,0.0,0.0,0.0,
BT-v1,bt,0.0,1,,-1,-1,BT-v2,10069,0,0.5,0,1,0,timeout,120.19999999999531,0.0,0.0,0.0,120.19999999999531,0.0,0.0,0.0,10614.92187452927
BT-v1,bt,0.0,1,,-1,-1,BT-v2,10069,1,0.5,0,1,0,timeout,120.19999999999531,0.0,0.0,0.0,120.19999999999531,0.0,0.0,0.0033277870216306157,
BT-v1,bt,0.0,1,,-1,-1,BT-v2,10070,0,0.5,0,1,0,timeout,120.19999999999531,0.0,0.0,0.0,120.19999999999531,0.0,0.0,0.004991680532445923,10504.175044016249
BT-v1,bt,0.0,1,,-1,-1,BT-v2,10070,1,0.5,0,1,0,timeout,120.19999999999531,0.0,0.0,0.0,120.19999999999531,0.0,0.0,0.0,
BT-v1,bt,0.0,1,,-1,-1,BT-v2,10071,0,0.0,0,0,1,timeout,120.19999999999531,0.0,53.75,0.0,120.19999999999531,0.0,0.0,0.0,10644.67586569475
BT-v1,bt,0.0,1,,-1,-1,BT-v2,10071,1,0.5,0,1,0,collision,8.699999999999989,0.0,10.0,0.0,8.699999999999989,0.0,0.0,0.040697674418604654,
BT-v1,bt,0.0,1,,-1,-1,BT-v2,10072,0,0.0,0,0,1,gun_kill,19.050000000000136,0.0,100.0,0.0,19.050000000000136,0.0,0.0,0.0,6806.919096058934
BT-v1,bt,0.0,1,,-1,-1,BT-v2,10072,1,0.5,0,1,0,timeout,120.19999999999531,0.0,0.0,0.0,120.19999999999531,0.0,0.0,0.0,
BT-v1,bt,0.0,1,,-1,-1,BT-v2,10073,0,0.0,0,0,1,timeout,120.19999999999531,0.0,47.5,0.0,120.19999999999531,0.0,0.0,0.0,11364.883688303207
BT-v1,bt,0.0,1,,-1,-1,BT-v2,10073,1,0.5,0,1,0,timeout,120.19999999999531,0.0,0.0,0.0,120.19999999999531,0.0,0.0,0.0,
BT-v1,bt,0.0,1,,-1,-1,BT-v2,10074,0,0.0,0,0,1,timeout,120.19999999999531,0.0,90.0,0.0,120.19999999999531,0.0,0.0,0.0,12323.03080295515
BT-v1,bt,0.0,1,,-1,-1,BT-v2,10074,1,0.0,0,0,1,timeout,120.19999999999531,0.0,13.75,0.0,120.19999999999531,0.0,0.0,0.0029118136439267887,
BT-v1,bt,0.0,1,,-1,-1,BT-v2,10075,0,0.5,0,1,0,timeout,120.19999999999531,0.0,0.0,0.0,120.19999999999531,0.0,0.0,0.0,10141.41339394543
BT-v1,bt,0.0,1,,-1,-1,BT-v2,10075,1,0.0,0,0,1,timeout,120.19999999999531,0.0,98.75,0.0,120.19999999999531,0.0,0.0,0.0,
BT-v1,bt,0.0,1,,-1,-1,BT-v2,10076,0,0.5,0,1,0,timeout,120.19999999999531,0.0,0.0,0.0,120.19999999999531,0.0,0.0,0.0037437603993344427,11202.890551687624
BT-v1,bt,0.0,1,,-1,-1,BT-v2,10076,1,0.0,0,0,1,gun_kill,28.45000000000027,0.0,100.0,0.0,28.45000000000027,0.0,0.0,0.00528169014084507,
BT-v1,bt,0.0,1,,-1,-1,BT-v2,10077,0,0.5,0,1,0,timeout,120.19999999999531,0.0,0.0,0.0,120.19999999999531,0.0,0.0,0.0,10610.547275674833
BT-v1,bt,0.0,1,,-1,-1,BT-v2,10077,1,0.0,0,0,1,timeout,120.19999999999531,0.0,22.5,0.0,120.19999999999531,0.0694675540765391,0.0,0.0,
BT-v1,bt,0.0,1,,-1,-1,BT-v2,10078,0,0.5,0,1,0,timeout,120.19999999999531,0.0,0.0,0.0,120.19999999999531,0.0,0.0,0.0,12011.723175779594
BT-v1,bt,0.0,1,,-1,-1,BT-v2,10078,1,0.5,0,1,0,timeout,120.19999999999531,0.0,0.0,0.0,120.19999999999531,0.0,0.0,0.0,
BT-v1,bt,0.0,1,,-1,-1,BT-v2,10079,0,0.5,0,1,0,timeout,120.19999999999531,0.0,0.0,0.0,120.19999999999531,0.0,0.0,0.0,10666.65433762784
BT-v1,bt,0.0,1,,-1,-1,BT-v2,10079,1,0.0,0,0,1,gun_kill,26.700000000000244,0.0,100.0,0.0,26.700000000000244,0.0,0.0,0.0,
BT-v1,bt,0.0,1,,-1,-1,BT-v2,10080,0,0.0,0,0,1,gun_kill,20.300000000000153,0.0,100.0,0.0,20.300000000000153,0.0,0.0,0.0,6774.968285988168
BT-v1,bt,0.0,1,,-1,-1,BT-v2,10080,1,0.0,0,0,1,timeout,120.19999999999531,0.0,21.25,0.0,120.19999999999531,0.0,0.0,0.0,
BT-v1,bt,0.0,1,,-1,-1,BT-v2,10081,0,0.5,0,1,0,timeout,120.19999999999531,0.0,0.0,0.0,120.19999999999531,0.0,0.0,0.0,10852.895212324373
BT-v1,bt,0.0,1,,-1,-1,BT-v2,10081,1,0.5,0,1,0,timeout,120.19999999999531,0.0,0.0,0.0,120.19999999999531,0.0,0.0,0.0,
BT-v1,bt,0.0,1,,-1,-1,BT-v2,10082,0,0.0,0,0,1,timeout,120.19999999999531,0.0,58.75,0.0,120.19999999999531,0.0,0.0,0.0,11108.814653677862
BT-v1,bt,0.0,1,,-1,-1,BT-v2,10082,1,0.0,0,0,1,gun_kill,20.250000000000153,0.0,100.0,0.0,20.250000000000153,0.0,0.0,0.0,
BT-v1,bt,0.0,1,,-1,-1,BT-v2,10083,0,0.0,0,0,1,timeout,120.19999999999531,0.0,1.25,0.0,120.19999999999531,0.0,0.0,0.0,11541.098837304644
BT-v1,bt,0.0,1,,-1,-1,BT-v2,10083,1,0.5,0,1,0,collision,4.849999999999991,2.5,6.25,0.1,4.849999999999991,0.0,0.0,0.052083333333333336,
BT-v1,bt,0.0,1,,-1,-1,BT-v2,10084,0,0.0,0,0,1,gun_kill,21.250000000000167,0.0,100.0,0.0,21.250000000000167,0.0,0.0,0.02122641509433962,7121.614672661969
BT-v1,bt,0.0,1,,-1,-1,BT-v2,10084,1,0.0,0,0,1,gun_kill,19.900000000000148,0.0,100.0,0.0,19.900000000000148,0.0,0.0,0.0,
BT-v1,bt,0.0,1,,-1,-1,BT-v2,10085,0,0.0,0,0,1,crash,105.29999999999616,0.0,0.0,0.0,105.29999999999616,0.05655893536121673,0.0,0.0,9527.256174506927
BT-v1,bt,0.0,1,,-1,-1,BT-v2,10085,1,0.0,0,0,1,gun_kill,21.900000000000176,0.0,100.0,0.0,21.900000000000176,0.0,0.0,0.0,
BT-v1,bt,0.0,1,,-1,-1,BT-v2,10086,0,0.0,0,0,1,gun_kill,19.150000000000137,0.0,100.0,0.0,19.150000000000137,0.0,0.0,0.0,6878.4004323184
BT-v1,bt,0.0,1,,-1,-1,BT-v2,10086,1,0.5,0,1,0,timeout,120.19999999999531,0.0,0.0,0.0,120.19999999999531,0.005823627287853577,0.0,0.0,
BT-v1,bt,0.0,1,,-1,-1,BT-v2,10087,0,0.0,0,0,1,timeout,120.19999999999531,0.0,16.25,0.0,120.19999999999531,0.0,0.0,0.004991680532445923,9994.754895127591
BT-v1,bt,0.0,1,,-1,-1,BT-v2,10087,1,0.5,0,1,0,timeout,120.19999999999531,0.0,0.0,0.0,120.19999999999531,0.0,0.0,0.0,
BT-v1,bt,0.0,1,,-1,-1,BT-v2,10088,0,0.0,0,0,1,timeout,120.19999999999531,0.0,56.25,0.0,120.19999999999531,0.0,0.0,0.0,10379.175927106238
BT-v1,bt,0.0,1,,-1,-1,BT-v2,10088,1,0.5,0,1,0,timeout,120.19999999999531,0.0,0.0,0.0,120.19999999999531,0.0,0.0,0.0,
BT-v1,bt,0.0,1,,-1,-1,BT-v2,10089,0,0.0,0,0,1,gun_kill,27.85000000000026,0.0,100.0,0.0,27.85000000000026,0.0,0.0,0.0,7635.474105358064
BT-v1,bt,0.0,1,,-1,-1,BT-v2,10089,1,0.0,0,0,1,gun_kill,73.19999999999798,0.0,100.0,0.0,73.19999999999798,0.0,0.0,0.0,
BT-v1,bt,0.0,1,,-1,-1,BT-v2,10090,0,0.0,0,0,1,gun_kill,16.400000000000098,0.0,100.0,0.0,16.400000000000098,0.0,0.0,0.0,5751.075832953924
BT-v1,bt,0.0,1,,-1,-1,BT-v2,10090,1,0.0,0,0,1,timeout,120.19999999999531,0.0,6.25,0.0,120.19999999999531,0.0,0.0,0.005407653910149751,
BT-v1,bt,0.0,1,,-1,-1,BT-v2,10091,0,0.0,0,0,1,timeout,120.19999999999531,0.0,17.5,0.0,120.19999999999531,0.0,0.0,0.004575707154742097,9831.958088950429
BT-v1,bt,0.0,1,,-1,-1,BT-v2,10091,1,0.5,0,1,0,timeout,120.19999999999531,0.0,0.0,0.0,120.19999999999531,0.0,0.0,0.0,
BT-v1,bt,0.0,1,,-1,-1,BT-v2,10092,0,0.5,0,1,0,collision,4.249999999999993,7.5,11.25,0.3,4.249999999999993,0.0,0.0,0.08333333333333333,6732.066981411994
BT-v1,bt,0.0,1,,-1,-1,BT-v2,10092,1,0.5,0,1,0,collision,4.199999999999993,50.0,0.0,2.000000000000001,4.199999999999993,0.0,0.0,0.075,
BT-v1,bt,0.0,1,,-1,-1,BT-v2,10093,0,0.0,0,0,1,timeout,120.19999999999531,0.0,51.25,0.0,120.19999999999531,0.0,0.0,0.0,10595.208950457543
BT-v1,bt,0.0,1,,-1,-1,BT-v2,10093,1,0.0,0,0,1,gun_kill,13.100000000000051,0.0,100.0,0.0,13.100000000000051,0.0,0.0,0.0,
BT-v1,bt,0.0,1,,-1,-1,BT-v2,10094,0,0.5,0,1,0,timeout,120.19999999999531,0.0,0.0,0.0,120.19999999999531,0.0,0.0,0.0,11556.136048996868
BT-v1,bt,0.0,1,,-1,-1,BT-v2,10094,1,0.5,0,1,0,timeout,120.19999999999531,0.0,0.0,0.0,120.19999999999531,0.0,0.0,0.0,
BT-v1,bt,0.0,1,,-1,-1,BT-v2,10095,0,0.5,0,1,0,timeout,120.19999999999531,0.0,0.0,0.0,120.19999999999531,0.0,0.0,0.0,10603.689856961502
BT-v1,bt,0.0,1,,-1,-1,BT-v2,10095,1,0.0,0,0,1,timeout,120.19999999999531,0.0,60.0,0.0,120.19999999999531,0.0,0.0,0.0,
BT-v1,bt,0.0,1,,-1,-1,BT-v2,10096,0,0.0,0,0,1,timeout,120.19999999999531,0.0,6.25,0.0,120.19999999999531,0.0,0.0,0.0,11341.014103455429
BT-v1,bt,0.0,1,,-1,-1,BT-v2,10096,1,0.5,0,1,0,timeout,120.19999999999531,0.0,0.0,0.0,120.19999999999531,0.0,0.0,0.0,
BT-v1,bt,0.0,1,,-1,-1,BT-v2,10097,0,0.5,0,1,0,timeout,120.19999999999531,0.0,0.0,0.0,120.19999999999531,0.0,0.0,0.0,10678.395008499574
BT-v1,bt,0.0,1,,-1,-1,BT-v2,10097,1,0.5,0,1,0,timeout,120.19999999999531,0.0,0.0,0.0,120.19999999999531,0.0,0.0,0.0,
BT-v1,bt,0.0,1,,-1,-1,BT-v2,10098,0,0.5,0,1,0,timeout,120.19999999999531,0.0,0.0,0.0,120.19999999999531,0.0,0.0,0.0,10624.231875980642
BT-v1,bt,0.0,1,,-1,-1,BT-v2,10098,1,0.5,0,1,0,timeout,120.19999999999531,0.0,0.0,0.0,120.19999999999531,0.0,0.0,0.0,
BT-v1,bt,0.0,1,,-1,-1,BT-v2,10099,0,0.0,0,0,1,timeout,120.19999999999531,0.0,58.75,0.0,120.19999999999531,0.0,0.0,0.0,8301.838783771329
BT-v1,bt,0.0,1,,-1,-1,BT-v2,10099,1,0.0,0,0,1,crash,94.54999999999677,0.0,7.5,0.0,94.54999999999677,0.058792372881355935,0.0,0.0,
BT-v1,bt,0.0,1,,-1,-1,BT-v3,10000,0,0.5,0,1,0,collision,5.849999999999987,0.0,0.0,0.0,5.849999999999987,0.0,0.0,0.05172413793103448,6675.08996250212
BT-v1,bt,0.0,1,,-1,-1,BT-v3,10000,1,1.0,1,0,0,timeout,120.19999999999531,43.75,20.0,1.7500000000000009,120.19999999999531,0.0,0.0,0.004159733777038269,
BT-v1,bt,0.0,1,,-1,-1,BT-v3,10001,0,0.0,0,0,1,crash,107.999999999996,0.0,0.0,0.0,107.999999999996,0.036641929499072357,0.0,0.0,9410.86075493949
BT-v1,bt,0.0,1,,-1,-1,BT-v3,10001,1,0.0,0,0,1,timeout,120.19999999999531,0.0,25.0,0.0,120.19999999999531,0.0,0.0,0.0,
BT-v1,bt,0.0,1,,-1,-1,BT-v3,10002,0,0.0,0,0,1,timeout,120.19999999999531,0.0,18.75,0.0,120.19999999999531,0.0,0.0,0.0,11170.061031978938
BT-v1,bt,0.0,1,,-1,-1,BT-v3,10002,1,0.0,0,0,1,timeout,120.19999999999531,0.0,20.0,0.0,120.19999999999531,0.0,0.0,0.0,
BT-v1,bt,0.0,1,,-1,-1,BT-v3,10003,0,0.0,0,0,1,timeout,120.19999999999531,0.0,11.25,0.0,120.19999999999531,0.0,0.0,0.0,12553.106108283822
BT-v1,bt,0.0,1,,-1,-1,BT-v3,10003,1,0.5,0,1,0,timeout,120.19999999999531,0.0,0.0,0.0,120.19999999999531,0.0,0.0,0.0,
BT-v1,bt,0.0,1,,-1,-1,BT-v3,10004,0,0.0,0,0,1,crash,109.24999999999594,0.0,71.25,0.0,109.24999999999594,0.03708791208791209,0.0,0.0,9130.08442573209
BT-v1,bt,0.0,1,,-1,-1,BT-v3,10004,1,0.0,0,0,1,gun_kill,22.05000000000018,0.0,100.0,0.0,22.05000000000018,0.0,0.0,0.0,
BT-v1,bt,0.0,1,,-1,-1,BT-v3,10005,0,0.0,0,0,1,timeout,120.19999999999531,0.0,3.75,0.0,120.19999999999531,0.0,0.0,0.0,11805.532753976422
BT-v1,bt,0.0,1,,-1,-1,BT-v3,10005,1,0.5,0,1,0,collision,4.94999999999999,0.0,0.0,0.0,4.94999999999999,0.0,0.0,0.052083333333333336,
BT-v1,bt,0.0,1,,-1,-1,BT-v3,10006,0,0.0,0,0,1,gun_kill,9.349999999999998,0.0,100.0,0.0,9.349999999999998,0.0,0.0,0.0,7018.853149483572
BT-v1,bt,0.0,1,,-1,-1,BT-v3,10006,1,0.5,0,1,0,timeout,120.19999999999531,0.0,0.0,0.0,120.19999999999531,0.0,0.0,0.0,
BT-v1,bt,0.0,1,,-1,-1,BT-v3,10007,0,0.5,0,1,0,timeout,120.19999999999531,0.0,0.0,0.0,120.19999999999531,0.0,0.0,0.0,10655.357803487894
BT-v1,bt,0.0,1,,-1,-1,BT-v3,10007,1,0.5,0,1,0,timeout,120.19999999999531,0.0,0.0,0.0,120.19999999999531,0.0,0.0,0.0,
BT-v1,bt,0.0,1,,-1,-1,BT-v3,10008,0,0.5,0,1,0,collision,6.649999999999984,0.0,21.25,0.0,6.649999999999984,0.0,0.0,0.05303030303030303,6882.567450135495
BT-v1,bt,0.0,1,,-1,-1,BT-v3,10008,1,0.0,0,0,1,timeout,120.19999999999531,0.0,26.25,0.0,120.19999999999531,0.0,0.0,0.0,
BT-v1,bt,0.0,1,,-1,-1,BT-v3,10009,0,0.5,0,1,0,timeout,120.19999999999531,0.0,0.0,0.0,120.19999999999531,0.0,0.0,0.0,11421.554422892594
BT-v1,bt,0.0,1,,-1,-1,BT-v3,10009,1,0.0,0,0,1,gun_kill,26.40000000000024,0.0,100.0,0.0,26.40000000000024,0.0,0.0,0.0,
BT-v1,bt,0.0,1,,-1,-1,BT-v3,10010,0,0.5,0,1,0,timeout,120.19999999999531,0.0,0.0,0.0,120.19999999999531,0.0,0.0,0.0,11462.380997773846
BT-v1,bt,0.0,1,,-1,-1,BT-v3,10010,1,0.0,0,0,1,timeout,120.19999999999531,0.0,66.25,0.0,120.19999999999531,0.0,0.0,0.0,
BT-v1,bt,0.0,1,,-1,-1,BT-v3,10011,0,0.0,0,0,1,gun_kill,19.550000000000143,0.0,100.0,0.0,19.550000000000143,0.0,0.0,0.0,7402.864301352214
BT-v1,bt,0.0,1,,-1,-1,BT-v3,10011,1,0.0,0,0,1,timeout,120.19999999999531,0.0,16.25,0.0,120.19999999999531,0.0,0.0,0.0,
BT-v1,bt,0.0,1,,-1,-1,BT-v3,10012,0,0.0,0,0,1,timeout,120.19999999999531,0.0,7.5,0.0,120.19999999999531,0.0,0.0,0.0,11346.244654577591
BT-v1,bt,0.0,1,,-1,-1,BT-v3,10012,1,0.5,0,1,0,timeout,120.19999999999531,0.0,0.0,0.0,120.19999999999531,0.0,0.0,0.0024958402662229617,
BT-v1,bt,0.0,1,,-1,-1,BT-v3,10013,0,0.5,0,1,0,timeout,120.19999999999531,0.0,0.0,0.0,120.19999999999531,0.0,0.0,0.0,11599.455372864084
BT-v1,bt,0.0,1,,-1,-1,BT-v3,10013,1,0.5,0,1,0,timeout,120.19999999999531,0.0,0.0,0.0,120.19999999999531,0.0,0.0,0.0,
BT-v1,bt,0.0,1,,-1,-1,BT-v3,10014,0,0.0,0,0,1,timeout,120.19999999999531,0.0,22.5,0.0,120.19999999999531,0.0,0.0,0.0,10800.069561684686
BT-v1,bt,0.0,1,,-1,-1,BT-v3,10014,1,0.0,0,0,1,gun_kill,25.350000000000225,0.0,100.0,0.0,25.350000000000225,0.0,0.0,0.0,
BT-v1,bt,0.0,1,,-1,-1,BT-v3,10015,0,0.5,0,1,0,collision,12.750000000000046,0.0,0.0,0.0,12.750000000000046,0.0,0.0,0.023809523809523808,6016.39554548424
BT-v1,bt,0.0,1,,-1,-1,BT-v3,10015,1,0.0,0,0,1,timeout,120.19999999999531,0.0,22.5,0.0,120.19999999999531,0.0,0.0,0.0,
BT-v1,bt,0.0,1,,-1,-1,BT-v3,10016,0,0.5,0,1,0,collision,4.299999999999993,12.5,0.0,0.49999999999999994,4.299999999999993,0.0,0.0,0.07142857142857142,5961.622554157494
BT-v1,bt,0.0,1,,-1,-1,BT-v3,10016,1,0.5,0,1,0,collision,4.3499999999999925,7.5,10.0,0.3,4.3499999999999925,0.0,0.0,0.08333333333333333,
BT-v1,bt,0.0,1,,-1,-1,BT-v3,10017,0,0.0,0,0,1,crash,109.8999999999959,0.0,0.0,0.0,109.8999999999959,0.03597449908925319,0.0,0.0,9386.481982130108
BT-v1,bt,0.0,1,,-1,-1,BT-v3,10017,1,0.5,0,1,0,timeout,120.19999999999531,0.0,0.0,0.0,120.19999999999531,0.0,0.0,0.0,
BT-v1,bt,0.0,1,,-1,-1,BT-v3,10018,0,0.0,0,0,1,gun_kill,15.500000000000085,0.0,100.0,0.0,15.500000000000085,0.0,0.0,0.0,6432.467036314962
BT-v1,bt,0.0,1,,-1,-1,BT-v3,10018,1,0.0,0,0,1,gun_kill,88.54999999999711,0.0,100.0,0.0,88.54999999999711,0.0,0.0,0.0,
BT-v1,bt,0.0,1,,-1,-1,BT-v3,10019,0,0.0,0,0,1,timeout,120.19999999999531,0.0,52.5,0.0,120.19999999999531,0.0,0.0,0.0,10510.74519753271
BT-v1,bt,0.0,1,,-1,-1,BT-v3,10019,1,0.0,0,0,1,timeout,120.19999999999531,0.0,38.75,0.0,120.19999999999531,0.0,0.0,0.0,
BT-v1,bt,0.0,1,,-1,-1,BT-v3,10020,0,0.5,0,1,0,collision,4.049999999999994,20.0,0.0,0.8000000000000002,4.049999999999994,0.0,0.0,0.075,7347.4432758940875
BT-v1,bt,0.0,1,,-1,-1,BT-v3,10020,1,0.5,0,1,0,collision,4.049999999999994,7.5,0.0,0.3,4.049999999999994,0.0,0.0,0.075,
BT-v1,bt,0.0,1,,-1,-1,BT-v3,10021,0,0.0,0,0,1,timeout,120.19999999999531,0.0,3.75,0.0,120.19999999999531,0.0,0.0,0.0,11349.477645551697
BT-v1,bt,0.0,1,,-1,-1,BT-v3,10021,1,0.5,0,1,0,timeout,120.19999999999531,0.0,0.0,0.0,120.19999999999531,0.0,0.0,0.0,
BT-v1,bt,0.0,1,,-1,-1,BT-v3,10022,0,0.0,0,0,1,timeout,120.19999999999531,0.0,16.25,0.0,120.19999999999531,0.0,0.0,0.0,11126.024382407353
BT-v1,bt,0.0,1,,-1,-1,BT-v3,10022,1,0.0,0,0,1,timeout,120.19999999999531,0.0,10.0,0.0,120.19999999999531,0.0,0.0,0.0029118136439267887,
BT-v1,bt,0.0,1,,-1,-1,BT-v3,10023,0,0.5,0,1,0,timeout,120.19999999999531,0.0,0.0,0.0,120.19999999999531,0.0,0.0,0.0,11896.135890963084
BT-v1,bt,0.0,1,,-1,-1,BT-v3,10023,1,0.5,0,1,0,timeout,120.19999999999531,0.0,0.0,0.0,120.19999999999531,0.0,0.0,0.0,
BT-v1,bt,0.0,1,,-1,-1,BT-v3,10024,0,0.5,0,1,0,timeout,120.19999999999531,0.0,0.0,0.0,120.19999999999531,0.0,0.0,0.0,10624.846497019182
BT-v1,bt,0.0,1,,-1,-1,BT-v3,10024,1,0.5,0,1,0,timeout,120.19999999999531,0.0,0.0,0.0,120.19999999999531,0.0,0.0,0.0,
BT-v1,bt,0.0,1,,-1,-1,BT-v3,10025,0,0.0,0,0,1,timeout,120.19999999999531,0.0,26.25,0.0,120.19999999999531,0.0,0.0,0.0,12063.89362666182
BT-v1,bt,0.0,1,,-1,-1,BT-v3,10025,1,0.5,0,1,0,timeout,120.19999999999531,0.0,0.0,0.0,120.19999999999531,0.0,0.0,0.0,
BT-v1,bt,0.0,1,,-1,-1,BT-v3,10026,0,0.5,0,1,0,timeout,120.19999999999531,0.0,0.0,0.0,120.19999999999531,0.0,0.0,0.0,11452.67239672485
BT-v1,bt,0.0,1,,-1,-1,BT-v3,10026,1,0.0,0,0,1,timeout,120.19999999999531,0.0,23.75,0.0,120.19999999999531,0.0,0.0,0.0,
BT-v1,bt,0.0,1,,-1,-1,BT-v3,10027,0,0.5,0,1,0,timeout,120.19999999999531,0.0,0.0,0.0,120.19999999999531,0.0,0.0,0.0,11146.69576984343
BT-v1,bt,0.0,1,,-1,-1,BT-v3,10027,1,0.5,0,1,0,timeout,120.19999999999531,0.0,0.0,0.0,120.19999999999531,0.0,0.0,0.0,
BT-v1,bt,0.0,1,,-1,-1,BT-v3,10028,0,0.0,0,0,1,gun_kill,19.45000000000014,0.0,100.0,0.0,19.45000000000014,0.0,0.0,0.0,7115.630635384729
BT-v1,bt,0.0,1,,-1,-1,BT-v3,10028,1,0.5,0,1,0,timeout,120.19999999999531,0.0,0.0,0.0,120.19999999999531,0.0,0.0,0.0,
BT-v1,bt,0.0,1,,-1,-1,BT-v3,10029,0,0.0,0,0,1,gun_kill,22.90000000000019,0.0,100.0,0.0,22.90000000000019,0.0,0.0,0.0,7601.994026340933
BT-v1,bt,0.0,1,,-1,-1,BT-v3,10029,1,0.5,0,1,0,timeout,120.19999999999531,0.0,0.0,0.0,120.19999999999531,0.0,0.0,0.0,
BT-v1,bt,0.0,1,,-1,-1,BT-v3,10030,0,0.5,0,1,0,timeout,120.19999999999531,0.0,0.0,0.0,120.19999999999531,0.0,0.0,0.0,11920.620784662742
BT-v1,bt,0.0,1,,-1,-1,BT-v3,10030,1,0.5,0,1,0,timeout,120.19999999999531,0.0,0.0,0.0,120.19999999999531,0.0,0.0,0.0,
BT-v1,bt,0.0,1,,-1,-1,BT-v3,10031,0,0.5,0,1,0,timeout,120.19999999999531,0.0,0.0,0.0,120.19999999999531,0.0,0.0,0.0,12084.850094940533
BT-v1,bt,0.0,1,,-1,-1,BT-v3,10031,1,0.5,0,1,0,timeout,120.19999999999531,0.0,0.0,0.0,120.19999999999531,0.0,0.0,0.0,
BT-v1,bt,0.0,1,,-1,-1,BT-v3,10032,0,0.5,0,1,0,timeout,120.19999999999531,0.0,0.0,0.0,120.19999999999531,0.0,0.0,0.0,10757.932317845298
BT-v1,bt,0.0,1,,-1,-1,BT-v3,10032,1,0.5,0,1,0,timeout,120.19999999999531,0.0,0.0,0.0,120.19999999999531,0.0,0.0,0.0,
BT-v1,bt,0.0,1,,-1,-1,BT-v3,10033,0,0.5,0,1,0,collision,3.949999999999994,26.25,0.0,1.0500000000000003,3.949999999999994,0.0,0.0,0.09210526315789473,7130.005073075527
BT-v1,bt,0.0,1,,-1,-1,BT-v3,10033,1,0.0,0,0,1,timeout,120.19999999999531,0.0,20.0,0.0,120.19999999999531,0.0,0.0,0.005823627287853577,
BT-v1,bt,0.0,1,,-1,-1,BT-v3,10034,0,0.5,0,1,0,timeout,120.19999999999531,0.0,0.0,0.0,120.19999999999531,0.0,0.0,0.0,11369.598997926165
BT-v1,bt,0.0,1,,-1,-1,BT-v3,10034,1,0.0,0,0,1,gun_kill,34.30000000000019,0.0,100.0,0.0,34.30000000000019,0.0,0.0,0.0,
BT-v1,bt,0.0,1,,-1,-1,BT-v3,10035,0,0.0,0,0,1,gun_kill,9.45,0.0,100.0,0.0,9.45,0.0,0.0,0.0,6685.399009664033
BT-v1,bt,0.0,1,,-1,-1,BT-v3,10035,1,0.5,0,1,0,timeout,120.19999999999531,0.0,0.0,0.0,120.19999999999531,0.0,0.0,0.0,
BT-v1,bt,0.0,1,,-1,-1,BT-v3,10036,0,0.0,0,0,1,timeout,120.19999999999531,0.0,42.5,0.0,120.19999999999531,0.0,0.0,0.0,10648.675295071
BT-v1,bt,0.0,1,,-1,-1,BT-v3,10036,1,0.5,0,1,0,timeout,120.19999999999531,0.0,0.0,0.0,120.19999999999531,0.0,0.0,0.0,
BT-v1,bt,0.0,1,,-1,-1,BT-v3,10037,0,0.5,0,1,0,timeout,120.19999999999531,0.0,0.0,0.0,120.19999999999531,0.0,0.0,0.0,11756.121345801843
BT-v1,bt,0.0,1,,-1,-1,BT-v3,10037,1,0.5,0,1,0,timeout,120.19999999999531,0.0,0.0,0.0,120.19999999999531,0.0,0.0,0.0,
BT-v1,bt,0.0,1,,-1,-1,BT-v3,10038,0,0.5,0,1,0,timeout,120.19999999999531,0.0,0.0,0.0,120.19999999999531,0.0,0.0,0.004575707154742097,11554.672115518995
BT-v1,bt,0.0,1,,-1,-1,BT-v3,10038,1,0.0,0,0,1,timeout,120.19999999999531,0.0,31.25,0.0,120.19999999999531,0.0,0.0,0.0,
BT-v1,bt,0.0,1,,-1,-1,BT-v3,10039,0,0.5,0,1,0,timeout,120.19999999999531,0.0,0.0,0.0,120.19999999999531,0.0,0.0,0.0,10631.462028329433
BT-v1,bt,0.0,1,,-1,-1,BT-v3,10039,1,0.5,0,1,0,timeout,120.19999999999531,0.0,0.0,0.0,120.19999999999531,0.0,0.0,0.0,
BT-v1,bt,0.0,1,,-1,-1,BT-v3,10040,0,0.0,0,0,1,gun_kill,16.950000000000106,0.0,100.0,0.0,16.950000000000106,0.0,0.0,0.0,7212.569517683327
BT-v1,bt,0.0,1,,-1,-1,BT-v3,10040,1,0.0,0,0,1,timeout,120.19999999999531,0.0,18.75,0.0,120.19999999999531,0.0,0.0,0.0,
BT-v1,bt,0.0,1,,-1,-1,BT-v3,10041,0,0.0,0,0,1,timeout,120.19999999999531,0.0,1.25,0.0,120.19999999999531,0.0,0.0,0.0,8793.551204585237
BT-v1,bt,0.0,1,,-1,-1,BT-v3,10041,1,0.5,0,1,0,collision,6.999999999999983,0.0,0.0,0.0,6.999999999999983,0.0,0.0,0.051470588235294115,
BT-v1,bt,0.0,1,,-1,-1,BT-v3,10042,0,0.0,0,0,1,timeout,120.19999999999531,0.0,38.75,0.0,120.19999999999531,0.0,0.0,0.004575707154742097,10626.205916747362
BT-v1,bt,0.0,1,,-1,-1,BT-v3,10042,1,0.5,0,1,0,collision,5.699999999999988,1.25,0.0,0.05,5.699999999999988,0.0,0.0,0.05357142857142857,
BT-v1,bt,0.0,1,,-1,-1,BT-v3,10043,0,0.5,0,1,0,timeout,120.19999999999531,0.0,0.0,0.0,120.19999999999531,0.0,0.0,0.0,10548.140507936661
BT-v1,bt,0.0,1,,-1,-1,BT-v3,10043,1,0.0,0,0,1,timeout,120.19999999999531,0.0,25.0,0.0,120.19999999999531,0.0,0.0,0.0,
BT-v1,bt,0.0,1,,-1,-1,BT-v3,10044,0,0.5,0,1,0,timeout,120.19999999999531,0.0,0.0,0.0,120.19999999999531,0.0,0.0,0.0,9605.793051421462
BT-v1,bt,0.0,1,,-1,-1,BT-v3,10044,1,0.5,0,1,0,timeout,120.19999999999531,0.0,0.0,0.0,120.19999999999531,0.0,0.0,0.0,
BT-v1,bt,0.0,1,,-1,-1,BT-v3,10045,0,0.5,0,1,0,timeout,120.19999999999531,0.0,0.0,0.0,120.19999999999531,0.0,0.0,0.0,10962.616485509574
BT-v1,bt,0.0,1,,-1,-1,BT-v3,10045,1,0.0,0,0,1,gun_kill,15.15000000000008,0.0,100.0,0.0,15.15000000000008,0.0,0.0,0.0,
BT-v1,bt,0.0,1,,-1,-1,BT-v3,10046,0,0.5,0,1,0,timeout,120.19999999999531,0.0,0.0,0.0,120.19999999999531,0.0,0.0,0.0,12028.382932622375
BT-v1,bt,0.0,1,,-1,-1,BT-v3,10046,1,0.5,0,1,0,timeout,120.19999999999531,0.0,0.0,0.0,120.19999999999531,0.0,0.0,0.0,
BT-v1,bt,0.0,1,,-1,-1,BT-v3,10047,0,0.0,0,0,1,crash,95.64999999999671,0.0,3.75,0.0,95.64999999999671,0.05700836820083682,0.0,0.0,8066.533554559786
BT-v1,bt,0.0,1,,-1,-1,BT-v3,10047,1,0.0,0,0,1,crash,98.89999999999652,0.0,5.0,0.0,98.89999999999652,0.058704453441295545,0.0,0.0,
BT-v1,bt,0.0,1,,-1,-1,BT-v3,10048,0,0.0,0,0,1,crash,109.34999999999593,0.0,20.0,0.0,109.34999999999593,0.038461538461538464,0.0,0.0,8679.517222077542
BT-v1,bt,0.0,1,,-1,-1,BT-v3,10048,1,0.5,0,1,0,timeout,120.19999999999531,0.0,0.0,0.0,120.19999999999531,0.0,0.0,0.0,
BT-v1,bt,0.0,1,,-1,-1,BT-v3,10049,0,0.5,0,1,0,timeout,120.19999999999531,0.0,0.0,0.0,120.19999999999531,0.0,0.0,0.0,12109.950239770993
BT-v1,bt,0.0,1,,-1,-1,BT-v3,10049,1,0.0,0,0,1,gun_kill,21.050000000000164,0.0,100.0,0.0,21.050000000000164,0.0,0.0,0.0,
BT-v1,bt,0.0,1,,-1,-1,BT-v3,10050,0,0.5,0,1,0,timeout,120.19999999999531,0.0,0.0,0.0,120.19999999999531,0.0,0.0,0.0,11178.485163030733
BT-v1,bt,0.0,1,,-1,-1,BT-v3,10050,1,0.5,0,1,0,timeout,120.19999999999531,0.0,0.0,0.0,120.19999999999531,0.0,0.0,0.0,
BT-v1,bt,0.0,1,,-1,-1,BT-v3,10051,0,0.0,0,0,1,timeout,120.19999999999531,0.0,5.0,0.0,120.19999999999531,0.0,0.0,0.0,11642.178364880945
BT-v1,bt,0.0,1,,-1,-1,BT-v3,10051,1,0.0,0,0,1,timeout,120.19999999999531,0.0,1.25,0.0,120.19999999999531,0.0,0.0,0.004159733777038269,
BT-v1,bt,0.0,1,,-1,-1,BT-v3,10052,0,0.5,0,1,0,timeout,120.19999999999531,0.0,0.0,0.0,120.19999999999531,0.0,0.0,0.0,11270.657758429998
BT-v1,bt,0.0,1,,-1,-1,BT-v3,10052,1,0.5,0,1,0,collision,5.999999999999987,12.5,0.0,0.49999999999999994,5.999999999999987,0.0,0.0,0.05172413793103448,
BT-v1,bt,0.0,1,,-1,-1,BT-v3,10053,0,0.0,0,0,1,timeout,120.19999999999531,0.0,16.25,0.0,120.19999999999531,0.0,0.0,0.0,10919.87963337554
BT-v1,bt,0.0,1,,-1,-1,BT-v3,10053,1,0.0,0,0,1,timeout,120.19999999999531,0.0,46.25,0.0,120.19999999999531,0.0,0.0,0.0,
BT-v1,bt,0.0,1,,-1,-1,BT-v3,10054,0,0.0,0,0,1,timeout,120.19999999999531,0.0,66.25,0.0,120.19999999999531,0.0,0.0,0.0,9459.57044013847
BT-v1,bt,0.0,1,,-1,-1,BT-v3,10054,1,0.5,0,1,0,timeout,120.19999999999531,0.0,0.0,0.0,120.19999999999531,0.0,0.0,0.0,
BT-v1,bt,0.0,1,,-1,-1,BT-v3,10055,0,0.0,0,0,1,gun_kill,23.900000000000205,0.0,100.0,0.0,23.900000000000205,0.0,0.0,0.0273109243697479,6225.225982105404
BT-v1,bt,0.0,1,,-1,-1,BT-v3,10055,1,0.0,0,0,1,timeout,120.19999999999531,0.0,62.5,0.0,120.19999999999531,0.0,0.0,0.0,
BT-v1,bt,0.0,1,,-1,-1,BT-v3,10056,0,0.0,0,0,1,timeout,120.19999999999531,0.0,3.75,0.0,120.19999999999531,0.0,0.0,0.004991680532445923,11170.241417551588
BT-v1,bt,0.0,1,,-1,-1,BT-v3,10056,1,0.0,0,0,1,timeout,120.19999999999531,0.0,48.75,0.0,120.19999999999531,0.0,0.0,0.0,
BT-v1,bt,0.0,1,,-1,-1,BT-v3,10057,0,0.5,0,1,0,timeout,120.19999999999531,0.0,0.0,0.0,120.19999999999531,0.0,0.0,0.0,10368.829661714728
BT-v1,bt,0.0,1,,-1,-1,BT-v3,10057,1,0.0,0,0,1,gun_kill,57.29999999999888,0.0,100.0,0.0,57.29999999999888,0.0,0.0,0.0,
BT-v1,bt,0.0,1,,-1,-1,BT-v3,10058,0,0.5,0,1,0,timeout,120.19999999999531,0.0,0.0,0.0,120.19999999999531,0.0,0.0,0.0,11248.604899375916
BT-v1,bt,0.0,1,,-1,-1,BT-v3,10058,1,0.5,0,1,0,timeout,120.19999999999531,0.0,0.0,0.0,120.19999999999531,0.0,0.0,0.0,
BT-v1,bt,0.0,1,,-1,-1,BT-v3,10059,0,0.5,0,1,0,timeout,120.19999999999531,0.0,0.0,0.0,120.19999999999531,0.0,0.0,0.0,10916.864634026711
BT-v1,bt,0.0,1,,-1,-1,BT-v3,10059,1,0.5,0,1,0,timeout,120.19999999999531,0.0,0.0,0.0,120.19999999999531,0.0,0.0,0.0,
BT-v1,bt,0.0,1,,-1,-1,BT-v3,10060,0,0.5,0,1,0,timeout,120.19999999999531,0.0,0.0,0.0,120.19999999999531,0.0,0.0,0.004159733777038269,10365.416769670906
BT-v1,bt,0.0,1,,-1,-1,BT-v3,10060,1,0.0,0,0,1,timeout,120.19999999999531,0.0,1.25,0.0,120.19999999999531,0.0,0.0,0.0,
BT-v1,bt,0.0,1,,-1,-1,BT-v3,10061,0,0.0,0,0,1,timeout,120.19999999999531,0.0,18.75,0.0,120.19999999999531,0.0,0.0,0.0,11637.953233118536
BT-v1,bt,0.0,1,,-1,-1,BT-v3,10061,1,0.0,0,0,1,gun_kill,19.750000000000146,0.0,100.0,0.0,19.750000000000146,0.0,0.0,0.0,
BT-v1,bt,0.0,1,,-1,-1,BT-v3,10062,0,0.0,0,0,1,timeout,120.19999999999531,0.0,10.0,0.0,120.19999999999531,0.0,0.0,0.0012479201331114808,11791.090721272718
BT-v1,bt,0.0,1,,-1,-1,BT-v3,10062,1,0.0,0,0,1,timeout,120.19999999999531,0.0,17.5,0.0,120.19999999999531,0.0,0.0,0.0,
BT-v1,bt,0.0,1,,-1,-1,BT-v3,10063,0,0.5,0,1,0,collision,4.699999999999991,0.0,8.75,0.0,4.699999999999991,0.0,0.0,0.05434782608695652,5734.693634914591
BT-v1,bt,0.0,1,,-1,-1,BT-v3,10063,1,0.0,0,0,1,gun_kill,19.95000000000015,0.0,100.0,0.0,19.95000000000015,0.0,0.0,0.025252525252525252,
BT-v1,bt,0.0,1,,-1,-1,BT-v3,10064,0,0.0,0,0,1,timeout,120.19999999999531,0.0,13.75,0.0,120.19999999999531,0.0,0.0,0.0,9937.430898087205
BT-v1,bt,0.0,1,,-1,-1,BT-v3,10064,1,0.5,0,1,0,timeout,120.19999999999531,0.0,0.0,0.0,120.19999999999531,0.0,0.0,0.0,
BT-v1,bt,0.0,1,,-1,-1,BT-v3,10065,0,0.5,0,1,0,timeout,120.19999999999531,0.0,0.0,0.0,120.19999999999531,0.0,0.0,0.0,10970.551729710827
BT-v1,bt,0.0,1,,-1,-1,BT-v3,10065,1,0.0,0,0,1,timeout,120.19999999999531,0.0,81.25,0.0,120.19999999999531,0.0,0.0,0.0,
BT-v1,bt,0.0,1,,-1,-1,BT-v3,10066,0,0.5,0,1,0,timeout,120.19999999999531,0.0,0.0,0.0,120.19999999999531,0.0,0.0,0.0,11811.059533398957
BT-v1,bt,0.0,1,,-1,-1,BT-v3,10066,1,0.5,0,1,0,timeout,120.19999999999531,0.0,0.0,0.0,120.19999999999531,0.0,0.0,0.0,
BT-v1,bt,0.0,1,,-1,-1,BT-v3,10067,0,0.0,0,0,1,crash,119.74999999999534,0.0,0.0,0.0,119.74999999999534,0.06229096989966555,0.0,0.0,10144.275177913409
BT-v1,bt,0.0,1,,-1,-1,BT-v3,10067,1,0.0,0,0,1,gun_kill,18.70000000000013,0.0,100.0,0.0,18.70000000000013,0.0,0.0,0.0,
BT-v1,bt,0.0,1,,-1,-1,BT-v3,10068,0,0.5,0,1,0,timeout,120.19999999999531,0.0,0.0,0.0,120.19999999999531,0.0,0.0,0.0,11541.439287035377
BT-v1,bt,0.0,1,,-1,-1,BT-v3,10068,1,0.5,0,1,0,timeout,120.19999999999531,0.0,0.0,0.0,120.19999999999531,0.0,0.0,0.0,
BT-v1,bt,0.0,1,,-1,-1,BT-v3,10069,0,0.5,0,1,0,timeout,120.19999999999531,0.0,0.0,0.0,120.19999999999531,0.0,0.0,0.0008319467554076539,10614.92187452927
BT-v1,bt,0.0,1,,-1,-1,BT-v3,10069,1,0.5,0,1,0,timeout,120.19999999999531,0.0,0.0,0.0,120.19999999999531,0.0,0.0,0.0,
BT-v1,bt,0.0,1,,-1,-1,BT-v3,10070,0,0.0,0,0,1,gun_kill,30.150000000000293,0.0,100.0,0.0,30.150000000000293,0.0,0.0,0.016666666666666666,8294.424731575953
BT-v1,bt,0.0,1,,-1,-1,BT-v3,10070,1,0.0,0,0,1,gun_kill,25.250000000000224,0.0,100.0,0.0,25.250000000000224,0.0,0.0,0.0,
BT-v1,bt,0.0,1,,-1,-1,BT-v3,10071,0,0.0,0,0,1,timeout,120.19999999999531,0.0,50.0,0.0,120.19999999999531,0.0,0.0,0.0,10644.67586569475
BT-v1,bt,0.0,1,,-1,-1,BT-v3,10071,1,0.5,0,1,0,collision,8.549999999999986,0.0,12.5,0.0,8.549999999999986,0.0,0.0,0.03571428571428571,
BT-v1,bt,0.0,1,,-1,-1,BT-v3,10072,0,0.0,0,0,1,gun_kill,16.300000000000097,0.0,100.0,0.0,16.300000000000097,0.0,0.0,0.0,6726.483681228081
BT-v1,bt,0.0,1,,-1,-1,BT-v3,10072,1,0.5,0,1,0,timeout,120.19999999999531,0.0,0.0,0.0,120.19999999999531,0.0,0.0,0.0,
BT-v1,bt,0.0,1,,-1,-1,BT-v3,10073,0,0.0,0,0,1,timeout,120.19999999999531,0.0,18.75,0.0,120.19999999999531,0.0,0.0,0.0,11364.883688303207
BT-v1,bt,0.0,1,,-1,-1,BT-v3,10073,1,0.0,0,0,1,gun_kill,27.70000000000026,0.0,100.0,0.0,27.70000000000026,0.0,0.0,0.0,
BT-v1,bt,0.0,1,,-1,-1,BT-v3,10074,0,0.0,0,0,1,timeout,120.19999999999531,0.0,71.25,0.0,120.19999999999531,0.0,0.0,0.0,12323.03080295515
BT-v1,bt,0.0,1,,-1,-1,BT-v3,10074,1,0.5,0,1,0,timeout,120.19999999999531,0.0,0.0,0.0,120.19999999999531,0.0,0.0,0.0,
BT-v1,bt,0.0,1,,-1,-1,BT-v3,10075,0,0.0,0,0,1,timeout,120.19999999999531,0.0,11.25,0.0,120.19999999999531,0.0,0.0,0.0,10141.41339394543
BT-v1,bt,0.0,1,,-1,-1,BT-v3,10075,1,0.0,0,0,1,gun_kill,18.350000000000126,0.0,100.0,0.0,18.350000000000126,0.0,0.0,0.0,
BT-v1,bt,0.0,1,,-1,-1,BT-v3,10076,0,0.5,0,1,0,timeout,120.19999999999531,0.0,0.0,0.0,120.19999999999531,0.0,0.0,0.004159733777038269,11202.890551687624
BT-v1,bt,0.0,1,,-1,-1,BT-v3,10076,1,0.0,0,0,1,gun_kill,26.600000000000243,0.0,100.0,0.0,26.600000000000243,0.0,0.0,0.0,
BT-v1,bt,0.0,1,,-1,-1,BT-v3,10077,0,0.5,0,1,0,timeout,120.19999999999531,0.0,0.0,0.0,120.19999999999531,0.0,0.0,0.0,10610.547275674833
BT-v1,bt,0.0,1,,-1,-1,BT-v3,10077,1,0.5,0,1,0,timeout,120.19999999999531,0.0,0.0,0.0,120.19999999999531,0.0,0.0,0.0,
BT-v1,bt,0.0,1,,-1,-1,BT-v3,10078,0,0.5,0,1,0,timeout,120.19999999999531,0.0,0.0,0.0,120.19999999999531,0.0,0.0,0.0,12011.723175779594
BT-v1,bt,0.0,1,,-1,-1,BT-v3,10078,1,0.5,0,1,0,timeout,120.19999999999531,0.0,0.0,0.0,120.19999999999531,0.0,0.0,0.0,
BT-v1,bt,0.0,1,,-1,-1,BT-v3,10079,0,0.5,0,1,0,timeout,120.19999999999531,0.0,0.0,0.0,120.19999999999531,0.0,0.0,0.0,10666.65433762784
BT-v1,bt,0.0,1,,-1,-1,BT-v3,10079,1,0.0,0,0,1,gun_kill,28.050000000000264,0.0,100.0,0.0,28.050000000000264,0.0,0.0,0.0,
BT-v1,bt,0.0,1,,-1,-1,BT-v3,10080,0,0.0,0,0,1,gun_kill,22.350000000000183,0.0,100.0,0.0,22.350000000000183,0.0,0.0,0.0,6853.1194718427905
BT-v1,bt,0.0,1,,-1,-1,BT-v3,10080,1,0.5,0,1,0,timeout,120.19999999999531,0.0,0.0,0.0,120.19999999999531,0.0,0.0,0.0,
BT-v1,bt,0.0,1,,-1,-1,BT-v3,10081,0,0.5,0,1,0,timeout,120.19999999999531,0.0,0.0,0.0,120.19999999999531,0.0,0.0,0.0,10852.895212324373
BT-v1,bt,0.0,1,,-1,-1,BT-v3,10081,1,0.0,0,0,1,timeout,120.19999999999531,0.0,36.25,0.0,120.19999999999531,0.0,0.0,0.0,
BT-v1,bt,0.0,1,,-1,-1,BT-v3,10082,0,0.0,0,0,1,timeout,120.19999999999531,0.0,61.25,0.0,120.19999999999531,0.0,0.0,0.0,11108.814653677862
BT-v1,bt,0.0,1,,-1,-1,BT-v3,10082,1,0.0,0,0,1,gun_kill,19.35000000000014,0.0,100.0,0.0,19.35000000000014,0.0,0.0,0.0,
BT-v1,bt,0.0,1,,-1,-1,BT-v3,10083,0,0.0,0,0,1,timeout,120.19999999999531,0.0,23.75,0.0,120.19999999999531,0.0,0.0,0.0,11529.01059170677
BT-v1,bt,0.0,1,,-1,-1,BT-v3,10083,1,0.5,0,1,0,collision,4.849999999999991,0.0,13.75,0.0,4.849999999999991,0.0,0.0,0.052083333333333336,
BT-v1,bt,0.0,1,,-1,-1,BT-v3,10084,0,0.0,0,0,1,gun_kill,22.600000000000186,0.0,100.0,0.0,22.600000000000186,0.0,0.0,0.022321428571428572,7153.553577420958
BT-v1,bt,0.0,1,,-1,-1,BT-v3,10084,1,0.0,0,0,1,gun_kill,20.70000000000016,0.0,100.0,0.0,20.70000000000016,0.0,0.0,0.0,
BT-v1,bt,0.0,1,,-1,-1,BT-v3,10085,0,0.0,0,0,1,crash,114.94999999999561,0.0,0.0,0.0,114.94999999999561,0.06489547038327526,0.0,0.0,9861.629026683871
BT-v1,bt,0.0,1,,-1,-1,BT-v3,10085,1,0.0,0,0,1,gun_kill,26.850000000000247,0.0,100.0,0.0,26.850000000000247,0.0,0.0,0.0,
BT-v1,bt,0.0,1,,-1,-1,BT-v3,10086,0,0.0,0,0,1,gun_kill,19.30000000000014,0.0,100.0,0.0,19.30000000000014,0.0,0.0,0.0,6884.730620357197
BT-v1,bt,0.0,1,,-1,-1,BT-v3,10086,1,0.5,0,1,0,timeout,120.19999999999531,0.0,0.0,0.0,120.19999999999531,0.0,0.0,0.0,
BT-v1,bt,0.0,1,,-1,-1,BT-v3,10087,0,0.5,0,1,0,collision,3.949999999999994,0.0,0.0,0.0,3.949999999999994,0.0,0.0,0.07894736842105263,6858.221100771167
BT-v1,bt,0.0,1,,-1,-1,BT-v3,10087,1,0.5,0,1,0,collision,3.8499999999999943,31.25,1.25,1.2500000000000004,3.8499999999999943,0.0,0.0,0.06578947368421052,
BT-v1,bt,0.0,1,,-1,-1,BT-v3,10088,0,0.0,0,0,1,timeout,120.19999999999531,0.0,81.25,0.0,120.19999999999531,0.0,0.0,0.0,10379.175927106238
BT-v1,bt,0.0,1,,-1,-1,BT-v3,10088,1,0.5,0,1,0,timeout,120.19999999999531,0.0,0.0,0.0,120.19999999999531,0.0,0.0,0.0,
BT-v1,bt,0.0,1,,-1,-1,BT-v3,10089,0,0.0,0,0,1,timeout,120.19999999999531,0.0,22.5,0.0,120.19999999999531,0.0,0.0,0.0,10814.0084363604
BT-v1,bt,0.0,1,,-1,-1,BT-v3,10089,1,0.0,0,0,1,crash,105.94999999999612,0.0,0.0,0.0,105.94999999999612,0.054820415879017016,0.0,0.0,
BT-v1,bt,0.0,1,,-1,-1,BT-v3,10090,0,0.0,0,0,1,gun_kill,14.900000000000077,0.0,100.0,0.0,14.900000000000077,0.0,0.0,0.0,5694.352319796506
BT-v1,bt,0.0,1,,-1,-1,BT-v3,10090,1,0.5,0,1,0,collision,7.649999999999981,0.0,10.0,0.0,7.649999999999981,0.0,0.0,0.046052631578947366,
BT-v1,bt,0.0,1,,-1,-1,BT-v3,10091,0,0.5,0,1,0,timeout,120.19999999999531,0.0,0.0,0.0,120.19999999999531,0.0,0.0,0.0033277870216306157,9810.216359671374
BT-v1,bt,0.0,1,,-1,-1,BT-v3,10091,1,0.0,0,0,1,timeout,120.19999999999531,0.0,17.5,0.0,120.19999999999531,0.0,0.0,0.0,
BT-v1,bt,0.0,1,,-1,-1,BT-v3,10092,0,0.5,0,1,0,collision,4.149999999999993,7.5,6.25,0.3,4.149999999999993,0.0,0.0,0.075,6725.796899936751
BT-v1,bt,0.0,1,,-1,-1,BT-v3,10092,1,0.5,0,1,0,collision,4.149999999999993,31.25,0.0,1.2500000000000004,4.149999999999993,0.0,0.0,0.0875,
BT-v1,bt,0.0,1,,-1,-1,BT-v3,10093,0,0.0,0,0,1,timeout,120.19999999999531,0.0,21.25,0.0,120.19999999999531,0.0,0.0,0.0,10595.208950457543
BT-v1,bt,0.0,1,,-1,-1,BT-v3,10093,1,0.0,0,0,1,gun_kill,47.34999999999945,0.0,100.0,0.0,47.34999999999945,0.0,0.0,0.0,
BT-v1,bt,0.0,1,,-1,-1,BT-v3,10094,0,0.5,0,1,0,timeout,120.19999999999531,0.0,0.0,0.0,120.19999999999531,0.0,0.0,0.0,11556.136048996868
BT-v1,bt,0.0,1,,-1,-1,BT-v3,10094,1,0.5,0,1,0,timeout,120.19999999999531,0.0,0.0,0.0,120.19999999999531,0.0,0.0,0.0,
BT-v1,bt,0.0,1,,-1,-1,BT-v3,10095,0,0.5,0,1,0,timeout,120.19999999999531,0.0,0.0,0.0,120.19999999999531,0.0,0.0,0.0,10603.689856961502
BT-v1,bt,0.0,1,,-1,-1,BT-v3,10095,1,0.0,0,0,1,gun_kill,23.850000000000204,0.0,100.0,0.0,23.850000000000204,0.0,0.0,0.0,
BT-v1,bt,0.0,1,,-1,-1,BT-v3,10096,0,0.5,0,1,0,timeout,120.19999999999531,0.0,0.0,0.0,120.19999999999531,0.0,0.0,0.0,11020.584035603682
BT-v1,bt,0.0,1,,-1,-1,BT-v3,10096,1,0.5,0,1,0,timeout,120.19999999999531,0.0,0.0,0.0,120.19999999999531,0.0,0.0,0.0,
BT-v1,bt,0.0,1,,-1,-1,BT-v3,10097,0,0.5,0,1,0,timeout,120.19999999999531,0.0,0.0,0.0,120.19999999999531,0.0,0.0,0.0,10675.504899280873
BT-v1,bt,0.0,1,,-1,-1,BT-v3,10097,1,0.5,0,1,0,timeout,120.19999999999531,0.0,0.0,0.0,120.19999999999531,0.0,0.0,0.0,
BT-v1,bt,0.0,1,,-1,-1,BT-v3,10098,0,0.5,0,1,0,timeout,120.19999999999531,0.0,0.0,0.0,120.19999999999531,0.0,0.0,0.0,10624.231875980642
BT-v1,bt,0.0,1,,-1,-1,BT-v3,10098,1,0.0,0,0,1,timeout,120.19999999999531,0.0,40.0,0.0,120.19999999999531,0.0,0.0,0.0,
BT-v1,bt,0.0,1,,-1,-1,BT-v3,10099,0,0.5,0,1,0,timeout,120.19999999999531,0.0,0.0,0.0,120.19999999999531,0.0,0.0,0.0,8287.219073961818
BT-v1,bt,0.0,1,,-1,-1,BT-v3,10099,1,0.0,0,0,1,crash,96.69999999999665,0.0,7.5,0.0,96.69999999999665,0.06159420289855073,0.0,0.0,
BT-v2,bt,0.0,2,,-1,-1,BT-v2,10000,0,0.0,0,0,1,timeout,120.19999999999531,0.0,13.75,0.0,120.19999999999531,0.018718801996672214,0.023710482529118136,0.0,4307.618403712217
BT-v2,bt,0.0,2,,-1,-1,BT-v2,10000,1,1.0,1,0,0,timeout,120.19999999999531,13.75,0.0,0.5499999999999999,120.19999999999531,0.022462562396006656,0.027038269550748752,0.0,
BT-v2,bt,0.0,2,,-1,-1,BT-v2,10001,0,0.0,0,0,1,gun_kill,17.700000000000117,0.0,100.0,0.0,17.700000000000117,0.0,0.0,0.0,6017.564271378762
BT-v2,bt,0.0,2,,-1,-1,BT-v2,10001,1,1.0,1,0,0,gun_kill,17.700000000000117,100.0,0.0,3.999999999999994,17.700000000000117,0.0,0.0,0.0,
BT-v2,bt,0.0,2,,-1,-1,BT-v2,10002,0,0.5,0,1,0,collision,13.200000000000053,0.0,0.0,0.0,13.200000000000053,0.0,0.3076923076923077,0.03076923076923077,5292.1696330483
BT-v2,bt,0.0,2,,-1,-1,BT-v2,10002,1,0.5,0,1,0,collision,13.200000000000053,0.0,0.0,0.0,13.200000000000053,0.0,0.3076923076923077,0.03076923076923077,
BT-v2,bt,0.0,2,,-1,-1,BT-v2,10003,0,0.0,0,0,1,timeout,120.19999999999531,0.0,2.5,0.0,120.19999999999531,0.0,0.064891846921797,0.034525790349417634,5120.7629896499675
BT-v2,bt,0.0,2,,-1,-1,BT-v2,10003,1,1.0,1,0,0,timeout,120.19999999999531,2.5,0.0,0.1,120.19999999999531,0.0,0.0694675540765391,0.034525790349417634,
BT-v2,bt,0.0,2,,-1,-1,BT-v2,10004,0,0.0,0,0,1,gun_kill,14.950000000000077,0.0,100.0,0.0,14.950000000000077,0.0,0.16554054054054054,0.0,5396.71493228038
BT-v2,bt,0.0,2,,-1,-1,BT-v2,10004,1,1.0,1,0,0,gun_kill,14.950000000000077,100.0,0.0,3.999999999999994,14.950000000000077,0.0,0.18243243243243243,0.0,
BT-v2,bt,0.0,2,,-1,-1,BT-v2,10005,0,0.5,0,1,0,collision,20.550000000000157,0.0,18.75,0.0,20.550000000000157,0.0,0.6127450980392157,0.04656862745098039,5795.556583973923
BT-v2,bt,0.0,2,,-1,-1,BT-v2,10005,1,0.5,0,1,0,collision,20.550000000000157,18.75,0.0,0.7500000000000001,20.550000000000157,0.0,0.6593137254901961,0.04656862745098039,
BT-v2,bt,0.0,2,,-1,-1,BT-v2,10006,0,0.5,0,1,0,timeout,120.19999999999531,0.0,0.0,0.0,120.19999999999531,0.17346089850249585,0.008319467554076539,0.0,3815.0798184231826
BT-v2,bt,0.0,2,,-1,-1,BT-v2,10006,1,0.5,0,1,0,timeout,120.19999999999531,0.0,0.0,0.0,120.19999999999531,0.17554076539101499,0.008735440931780365,0.0,
BT-v2,bt,0.0,2,,-1,-1,BT-v2,10007,0,0.5,0,1,0,collision,16.6000000000001,0.0,0.0,0.0,16.6000000000001,0.0,0.16463414634146342,0.027439024390243903,4653.000956035324
BT-v2,bt,0.0,2,,-1,-1,BT-v2,10007,1,0.5,0,1,0,collision,16.6000000000001,0.0,0.0,0.0,16.6000000000001,0.0,0.16463414634146342,0.027439024390243903,
BT-v2,bt,0.0,2,,-1,-1,BT-v2,10008,0,0.5,0,1,0,collision,27.400000000000254,6.25,1.25,0.25,27.400000000000254,0.0,0.13786764705882354,0.04411764705882353,5534.95208189076
BT-v2,bt,0.0,2,,-1,-1,BT-v2,10008,1,0.5,0,1,0,collision,27.400000000000254,1.25,6.25,0.05,27.400000000000254,0.0,0.15073529411764705,0.04411764705882353,
BT-v2,bt,0.0,2,,-1,-1,BT-v2,10009,0,0.0,0,0,1,timeout,120.19999999999531,0.0,7.5,0.0,120.19999999999531,0.0,0.02870216306156406,0.0,4680.406502819241
BT-v2,bt,0.0,2,,-1,-1,BT-v2,10009,1,1.0,1,0,0,timeout,120.19999999999531,7.5,0.0,0.3,120.19999999999531,0.0,0.028286189683860232,0.0,
BT-v2,bt,0.0,2,,-1,-1,BT-v2,10010,0,0.5,0,1,0,collision,21.050000000000164,12.5,0.0,0.49999999999999994,21.050000000000164,0.0,0.2904761904761905,0.047619047619047616,4948.929242960841
BT-v2,bt,0.0,2,,-1,-1,BT-v2,10010,1,0.5,0,1,0,collision,21.050000000000164,0.0,12.5,0.0,21.050000000000164,0.0,0.3,0.047619047619047616,
BT-v2,bt,0.0,2,,-1,-1,BT-v2,10011,0,0.5,0,1,0,timeout,120.19999999999531,0.0,0.0,0.0,120.19999999999531,0.0,0.0,0.0,5233.207467437245
BT-v2,bt,0.0,2,,-1,-1,BT-v2,10011,1,0.5,0,1,0,timeout,120.19999999999531,0.0,0.0,0.0,120.19999999999531,0.0,0.0,0.0,
BT-v2,bt,0.0,2,,-1,-1,BT-v2,10012,0,0.5,0,1,0,collision,3.649999999999995,0.0,12.5,0.0,3.649999999999995,0.0,0.8611111111111112,0.06944444444444445,6396.299597630052
BT-v2,bt,0.0,2,,-1,-1,BT-v2,10012,1,0.5,0,1,0,collision,3.649999999999995,12.5,0.0,0.49999999999999994,3.649999999999995,0.0,0.8611111111111112,0.06944444444444445,
BT-v2,bt,0.0,2,,-1,-1,BT-v2,10013,0,0.5,0,1,0,timeout,120.19999999999531,0.0,0.0,0.0,120.19999999999531,0.0,0.0324459234608985,0.0,4583.572603126443
BT-v2,bt,0.0,2,,-1,-1,BT-v2,10013,1,0.5,0,1,0,timeout,120.19999999999531,0.0,0.0,0.0,120.19999999999531,0.0,0.03494176372712146,0.0,
BT-v2,bt,0.0,2,,-1,-1,BT-v2,10014,0,0.5,0,1,0,collision,32.75000000000028,20.0,35.0,0.8000000000000002,32.75000000000028,0.0,0.0,0.03987730061349693,6094.517957682619
BT-v2,bt,0.0,2,,-1,-1,BT-v2,10014,1,0.5,0,1,0,collision,32.75000000000028,35.0,20.0,1.4000000000000006,32.75000000000028,0.0,0.0,0.03987730061349693,
BT-v2,bt,0.0,2,,-1,-1,BT-v2,10015,0,0.0,0,0,1,timeout,120.19999999999531,0.0,35.0,0.0,120.19999999999531,0.047004991680532446,0.0,0.004991680532445923,4025.2385891978947
BT-v2,bt,0.0,2,,-1,-1,BT-v2,10015,1,1.0,1,0,0,timeout,120.19999999999531,35.0,0.0,1.4000000000000006,120.19999999999531,0.04409317803660566,0.0,0.004991680532445923,
BT-v2,bt,0.0,2,,-1,-1,BT-v2,10016,0,0.5,0,1,0,collision,4.749999999999991,7.5,0.0,0.3,4.749999999999991,0.0,0.0,0.08695652173913043,5584.257398417874
BT-v2,bt,0.0,2,,-1,-1,BT-v2,10016,1,0.5,0,1,0,collision,4.749999999999991,0.0,7.5,0.0,4.749999999999991,0.0,0.0,0.08695652173913043,
BT-v2,bt,0.0,2,,-1,-1,BT-v2,10017,0,0.0,0,0,1,gun_kill,30.6000000000003,0.0,100.0,0.0,30.6000000000003,0.0,0.11348684210526316,0.0,5783.7803911401015
BT-v2,bt,0.0,2,,-1,-1,BT-v2,10017,1,1.0,1,0,0,gun_kill,30.6000000000003,100.0,0.0,3.999999999999994,30.6000000000003,0.0,0.1611842105263158,0.0,
BT-v2,bt,0.0,2,,-1,-1,BT-v2,10018,0,0.5,0,1,0,timeout,120.19999999999531,0.0,0.0,0.0,120.19999999999531,0.07529118136439268,0.014975041597337771,0.0,4049.8101493421473
BT-v2,bt,0.0,2,,-1,-1,BT-v2,10018,1,0.5,0,1,0,timeout,120.19999999999531,0.0,0.0,0.0,120.19999999999531,0.07945091514143095,0.015391014975041598,0.0,
BT-v2,bt,0.0,2,,-1,-1,BT-v2,10019,0,0.5,0,1,0,collision,14.750000000000075,0.0,0.0,0.0,14.750000000000075,0.0,0.0,0.0273972602739726,5540.48977406388
BT-v2,bt,0.0,2,,-1,-1,BT-v2,10019,1,0.5,0,1,0,collision,14.750000000000075,0.0,0.0,0.0,14.750000000000075,0.0,0.0,0.0273972602739726,
BT-v2,bt,0.0,2,,-1,-1,BT-v2,10020,0,0.5,0,1,0,collision,4.299999999999993,3.75,0.0,0.15000000000000002,4.299999999999993,0.0,0.0,0.08333333333333333,6974.336301793291
BT-v2,bt,0.0,2,,-1,-1,BT-v2,10020,1,0.5,0,1,0,collision,4.299999999999993,0.0,3.75,0.0,4.299999999999993,0.0,0.0,0.08333333333333333,
BT-v2,bt,0.0,2,,-1,-1,BT-v2,10021,0,0.5,0,1,0,collision,4.499999999999992,0.0,6.25,0.0,4.499999999999992,0.0,0.8977272727272727,0.056818181818181816,6457.0871994415975
BT-v2,bt,0.0,2,,-1,-1,BT-v2,10021,1,0.5,0,1,0,collision,4.499999999999992,6.25,0.0,0.25,4.499999999999992,0.0,0.8977272727272727,0.056818181818181816,
BT-v2,bt,0.0,2,,-1,-1,BT-v2,10022,0,0.5,0,1,0,collision,7.89999999999998,0.0,0.0,0.0,7.89999999999998,0.0,0.5448717948717948,0.04487179487179487,6818.2072804063955
BT-v2,bt,0.0,2,,-1,-1,BT-v2,10022,1,0.5,0,1,0,collision,7.89999999999998,0.0,0.0,0.0,7.89999999999998,0.0,0.5384615384615384,0.04487179487179487,
BT-v2,bt,0.0,2,,-1,-1,BT-v2,10023,0,0.5,0,1,0,timeout,120.19999999999531,0.0,0.0,0.0,120.19999999999531,0.0,0.035357737104825294,0.0,4840.31215859712
BT-v2,bt,0.0,2,,-1,-1,BT-v2,10023,1,0.5,0,1,0,timeout,120.19999999999531,0.0,0.0,0.0,120.19999999999531,0.0,0.03826955074875208,0.0,
BT-v2,bt,0.0,2,,-1,-1,BT-v2,10024,0,1.0,1,0,0,timeout,120.19999999999531,6.25,0.0,0.25,120.19999999999531,0.23627287853577372,0.03161397670549085,0.0,3518.5322998295997
BT-v2,bt,0.0,2,,-1,-1,BT-v2,10024,1,0.0,0,0,1,timeout,120.19999999999531,0.0,6.25,0.0,120.19999999999531,0.24417637271214643,0.03286189683860233,0.0,
BT-v2,bt,0.0,2,,-1,-1,BT-v2,10025,0,0.0,0,0,1,timeout,120.19999999999531,0.0,27.5,0.0,120.19999999999531,0.0,0.03369384359400998,0.0,5747.4512791969855
BT-v2,bt,0.0,2,,-1,-1,BT-v2,10025,1,1.0,1,0,0,timeout,120.19999999999531,27.5,0.0,1.1000000000000003,120.19999999999531,0.0,0.03369384359400998,0.0,
BT-v2,bt,0.0,2,,-1,-1,BT-v2,10026,0,1.0,1,0,0,timeout,120.19999999999531,11.25,0.0,0.44999999999999996,120.19999999999531,0.11480865224625623,0.06281198003327787,0.0,4019.3259584772977
BT-v2,bt,0.0,2,,-1,-1,BT-v2,10026,1,0.0,0,0,1,timeout,120.19999999999531,0.0,11.25,0.0,120.19999999999531,0.12728785357737105,0.0524126455906822,0.0,
BT-v2,bt,0.0,2,,-1,-1,BT-v2,10027,0,1.0,1,0,0,crash,101.99999999999635,0.0,0.0,0.0,101.99999999999635,0.2951866404715128,0.10166994106090373,0.0,3113.5291566663896
BT-v2,bt,0.0,2,,-1,-1,BT-v2,10027,1,0.0,0,0,1,crash,101.99999999999635,0.0,0.0,0.0,101.99999999999635,0.3099214145383104,0.1031434184675835,0.0,
BT-v2,bt,0.0,2,,-1,-1,BT-v2,10028,0,0.0,0,0,1,timeout,120.19999999999531,0.0,25.0,0.0,120.19999999999531,0.14683860232945092,0.0,0.005407653910149751,3917.822564626161
BT-v2,bt,0.0,2,,-1,-1,BT-v2,10028,1,1.0,1,0,0,timeout,120.19999999999531,25.0,0.0,1.0000000000000002,120.19999999999531,0.15058236272878536,0.0,0.005407653910149751,
BT-v2,bt,0.0,2,,-1,-1,BT-v2,10029,0,0.5,0,1,0,timeout,120.19999999999531,0.0,0.0,0.0,120.19999999999531,0.12562396006655574,0.0,0.0,4111.710342820347
BT-v2,bt,0.0,2,,-1,-1,BT-v2,10029,1,0.5,0,1,0,timeout,120.19999999999531,0.0,0.0,0.0,120.19999999999531,0.1218801996672213,0.0,0.0,
BT-v2,bt,0.0,2,,-1,-1,BT-v2,10030,0,0.5,0,1,0,timeout,120.19999999999531,0.0,0.0,0.0,120.19999999999531,0.15141430948419302,0.07653910149750416,0.0,3830.1716022296096
BT-v2,bt,0.0,2,,-1,-1,BT-v2,10030,1,0.5,0,1,0,timeout,120.19999999999531,0.0,0.0,0.0,120.19999999999531,0.16888519134775373,0.07029950083194675,0.0,
BT-v2,bt,0.0,2,,-1,-1,BT-v2,10031,0,0.0,0,0,1,crash,115.1999999999956,0.0,0.0,0.0,115.1999999999956,0.2647826086956522,0.07869565217391304,0.0,3401.8808662574215
BT-v2,bt,0.0,2,,-1,-1,BT-v2,10031,1,1.0,1,0,0,crash,115.1999999999956,0.0,0.0,0.0,115.1999999999956,0.2617391304347826,0.07782608695652174,0.0,
BT-v2,bt,0.0,2,,-1,-1,BT-v2,10032,0,1.0,1,0,0,timeout,120.19999999999531,17.5,0.0,0.7000000000000001,120.19999999999531,0.04118136439267887,0.027038269550748752,0.0,3972.909593947714
BT-v2,bt,0.0,2,,-1,-1,BT-v2,10032,1,0.0,0,0,1,timeout,120.19999999999531,0.0,17.5,0.0,120.19999999999531,0.03618968386023295,0.027038269550748752,0.0,
BT-v2,bt,0.0,2,,-1,-1,BT-v2,10033,0,1.0,1,0,0,timeout,120.19999999999531,3.75,0.0,0.15000000000000002,120.19999999999531,0.025790349417637273,0.01913477537437604,0.007071547420965058,4426.409384028884
BT-v2,bt,0.0,2,,-1,-1,BT-v2,10033,1,0.0,0,0,1,timeout,120.19999999999531,0.0,3.75,0.0,120.19999999999531,0.03868552412645591,0.016638935108153077,0.007071547420965058,
BT-v2,bt,0.0,2,,-1,-1,BT-v2,10034,0,0.5,0,1,0,collision,58.099999999998836,0.0,13.75,0.0,58.099999999998836,0.0,0.059482758620689656,0.021551724137931036,5415.513249648181
BT-v2,bt,0.0,2,,-1,-1,BT-v2,10034,1,0.5,0,1,0,collision,58.099999999998836,13.75,0.0,0.5499999999999999,58.099999999998836,0.0,0.059482758620689656,0.021551724137931036,
BT-v2,bt,0.0,2,,-1,-1,BT-v2,10035,0,0.0,0,0,1,crash,115.1499999999956,0.0,21.25,0.0,115.1499999999956,0.26521739130434785,0.01956521739130435,0.004347826086956522,3374.2045783050644
BT-v2,bt,0.0,2,,-1,-1,BT-v2,10035,1,1.0,1,0,0,crash,115.1499999999956,21.25,0.0,0.8500000000000002,115.1499999999956,0.24869565217391304,0.01956521739130435,0.004347826086956522,
BT-v2,bt,0.0,2,,-1,-1,BT-v2,10036,0,0.5,0,1,0,collision,5.299999999999989,0.0,11.25,0.0,5.299999999999989,0.0,0.21153846153846154,0.0673076923076923,5882.798528568821
BT-v2,bt,0.0,2,,-1,-1,BT-v2,10036,1,0.5,0,1,0,collision,5.299999999999989,11.25,0.0,0.44999999999999996,5.299999999999989,0.0,0.18269230769230768,0.0673076923076923,
BT-v2,bt,0.0,2,,-1,-1,BT-v2,10037,0,0.0,0,0,1,timeout,120.19999999999531,0.0,66.25,0.0,120.19999999999531,0.0,0.06613976705490848,0.0,5925.182509155722
BT-v2,bt,0.0,2,,-1,-1,BT-v2,10037,1,1.0,1,0,0,timeout,120.19999999999531,66.25,0.0,2.6499999999999986,120.19999999999531,0.0,0.08402662229617304,0.0,
BT-v2,bt,0.0,2,,-1,-1,BT-v2,10038,0,0.5,0,1,0,collision,11.450000000000028,0.0,0.0,0.0,11.450000000000028,0.0,0.27631578947368424,0.03508771929824561,6479.296555121398
BT-v2,bt,0.0,2,,-1,-1,BT-v2,10038,1,0.5,0,1,0,collision,11.450000000000028,0.0,0.0,0.0,11.450000000000028,0.0,0.27631578947368424,0.03508771929824561,
BT-v2,bt,0.0,2,,-1,-1,BT-v2,10039,0,1.0,1,0,0,crash,97.29999999999661,36.25,0.0,1.4500000000000006,97.29999999999661,0.29372427983539096,0.023148148148148147,0.007716049382716049,3042.5262162653867
BT-v2,bt,0.0,2,,-1,-1,BT-v2,10039,1,0.0,0,0,1,crash,97.29999999999661,0.0,36.25,0.0,97.29999999999661,0.30401234567901236,0.02263374485596708,0.007716049382716049,
BT-v2,bt,0.0,2,,-1,-1,BT-v2,10040,0,0.0,0,0,1,timeout,120.19999999999531,0.0,23.75,0.0,120.19999999999531,0.09650582362728785,0.0,0.007071547420965058,4235.261184508302
BT-v2,bt,0.0,2,,-1,-1,BT-v2,10040,1,1.0,1,0,0,timeout,120.19999999999531,23.75,0.0,0.9500000000000003,120.19999999999531,0.0802828618968386,0.0,0.007071547420965058,
BT-v2,bt,0.0,2,,-1,-1,BT-v2,10041,0,0.5,0,1,0,collision,7.84999999999998,0.0,0.0,0.0,7.84999999999998,0.0,0.26282051282051283,0.05128205128205128,4934.978546337933
BT-v2,bt,0.0,2,,-1,-1,BT-v2,10041,1,0.5,0,1,0,collision,7.84999999999998,0.0,0.0,0.0,7.84999999999998,0.0,0.25,0.05128205128205128,
BT-v2,bt,0.0,2,,-1,-1,BT-v2,10042,0,0.0,0,0,1,timeout,120.19999999999531,0.0,5.0,0.0,120.19999999999531,0.050748752079866885,0.04409317803660566,0.01913477537437604,4386.74846506103
BT-v2,bt,0.0,2,,-1,-1,BT-v2,10042,1,1.0,1,0,0,timeout,120.19999999999531,5.0,0.0,0.2,120.19999999999531,0.03410981697171381,0.0478369384359401,0.01913477537437604,
BT-v2,bt,0.0,2,,-1,-1,BT-v2,10043,0,0.5,0,1,0,collision,37.200000000000024,17.5,11.25,0.7000000000000001,37.200000000000024,0.0,0.0,0.03918918918918919,5532.300299028579
BT-v2,bt,0.0,2,,-1,-1,BT-v2,10043,1,0.5,0,1,0,collision,37.200000000000024,11.25,17.5,0.44999999999999996,37.200000000000024,0.0,0.0,0.03918918918918919,
BT-v2,bt,0.0,2,,-1,-1,BT-v2,10044,0,0.0,0,0,1,timeout,120.19999999999531,0.0,32.5,0.0,120.19999999999531,0.0,0.0,0.0,4700.955829872077
BT-v2,bt,0.0,2,,-1,-1,BT-v2,10044,1,1.0,1,0,0,timeout,120.19999999999531,32.5,0.0,1.3000000000000005,120.19999999999531,0.0,0.0,0.0,
BT-v2,bt,0.0,2,,-1,-1,BT-v2,10045,0,0.5,0,1,0,timeout,120.19999999999531,0.0,0.0,0.0,120.19999999999531,0.0,0.033277870216306155,0.0,5376.147504393098
BT-v2,bt,0.0,2,,-1,-1,BT-v2,10045,1,0.5,0,1,0,timeout,120.19999999999531,0.0,0.0,0.0,120.19999999999531,0.0,0.040349417637271213,0.0,
BT-v2,bt,0.0,2,,-1,-1,BT-v2,10046,0,0.5,0,1,0,timeout,120.19999999999531,0.0,0.0,0.0,120.19999999999531,0.0,0.09359400998336107,0.0,5487.95896447109
BT-v2,bt,0.0,2,,-1,-1,BT-v2,10046,1,0.5,0,1,0,timeout,120.19999999999531,0.0,0.0,0.0,120.19999999999531,0.0,0.11564059900166389,0.0,
BT-v2,bt,0.0,2,,-1,-1,BT-v2,10047,0,0.5,0,1,0,collision,8.649999999999988,0.0,0.0,0.0,8.649999999999988,0.0,0.11046511627906977,0.05232558139534884,4787.4906445197985
BT-v2,bt,0.0,2,,-1,-1,BT-v2,10047,1,0.5,0,1,0,collision,8.649999999999988,0.0,0.0,0.0,8.649999999999988,0.0,0.11046511627906977,0.05232558139534884,
BT-v2,bt,0.0,2,,-1,-1,BT-v2,10048,0,0.0,0,0,1,timeout,120.19999999999531,0.0,47.5,0.0,120.19999999999531,0.0,0.02329450915141431,0.0,5612.048771071512
BT-v2,bt,0.0,2,,-1,-1,BT-v2,10048,1,1.0,1,0,0,timeout,120.19999999999531,47.5,0.0,1.900000000000001,120.19999999999531,0.0,0.029950083194675542,0.0,
BT-v2,bt,0.0,2,,-1,-1,BT-v2,10049,0,0.5,0,1,0,collision,33.35000000000024,0.0,2.5,0.0,33.35000000000024,0.0,0.1897590361445783,0.03765060240963856,6015.385182940638
BT-v2,bt,0.0,2,,-1,-1,BT-v2,10049,1,0.5,0,1,0,collision,33.35000000000024,2.5,0.0,0.1,33.35000000000024,0.0,0.20180722891566266,0.03765060240963856,
BT-v2,bt,0.0,2,,-1,-1,BT-v2,10050,0,0.5,0,1,0,timeout,120.19999999999531,0.0,0.0,0.0,120.19999999999531,0.01913477537437604,0.0262063227953411,0.004575707154742097,4160.711688355378
BT-v2,bt,0.0,2,,-1,-1,BT-v2,10050,1,0.5,0,1,0,timeout,120.19999999999531,0.0,0.0,0.0,120.19999999999531,0.01747088186356073,0.0262063227953411,0.004575707154742097,
BT-v2,bt,0.0,2,,-1,-1,BT-v2,10051,0,0.5,0,1,0,collision,4.199999999999993,0.0,6.25,0.0,4.199999999999993,0.0,0.9125,0.0625,6805.964714007486
BT-v2,bt,0.0,2,,-1,-1,BT-v2,10051,1,0.5,0,1,0,collision,4.199999999999993,6.25,0.0,0.25,4.199999999999993,0.0,0.9125,0.0625,
BT-v2,bt,0.0,2,,-1,-1,BT-v2,10052,0,0.5,0,1,0,collision,6.5999999999999845,0.0,0.0,0.0,6.5999999999999845,0.0,0.5234375,0.0546875,5943.3875840684395
BT-v2,bt,0.0,2,,-1,-1,BT-v2,10052,1,0.5,0,1,0,collision,6.5999999999999845,0.0,0.0,0.0,6.5999999999999845,0.0,0.5078125,0.0546875,
BT-v2,bt,0.0,2,,-1,-1,BT-v2,10053,0,0.5,0,1,0,collision,15.450000000000085,0.0,0.0,0.0,15.450000000000085,0.0,0.0,0.025974025974025976,6111.214067087156
BT-v2,bt,0.0,2,,-1,-1,BT-v2,10053,1,0.5,0,1,0,collision,15.450000000000085,0.0,0.0,0.0,15.450000000000085,0.0,0.0,0.025974025974025976,
BT-v2,bt,0.0,2,,-1,-1,BT-v2,10054,0,0.5,0,1,0,collision,10.700000000000017,1.25,0.0,0.05,10.700000000000017,0.0,0.0,0.04245283018867924,4525.450938771866
BT-v2,bt,0.0,2,,-1,-1,BT-v2,10054,1,0.5,0,1,0,collision,10.700000000000017,0.0,1.25,0.0,10.700000000000017,0.0,0.0,0.04245283018867924,
BT-v2,bt,0.0,2,,-1,-1,BT-v2,10055,0,0.5,0,1,0,collision,6.849999999999984,0.0,20.0,0.0,6.849999999999984,0.0,0.08823529411764706,0.051470588235294115,5062.657132552986
BT-v2,bt,0.0,2,,-1,-1,BT-v2,10055,1,0.5,0,1,0,collision,6.849999999999984,20.0,0.0,0.8000000000000002,6.849999999999984,0.0,0.08823529411764706,0.051470588235294115,
BT-v2,bt,0.0,2,,-1,-1,BT-v2,10056,0,0.5,0,1,0,collision,5.4999999999999885,0.0,7.5,0.0,5.4999999999999885,0.0,0.9166666666666666,0.05555555555555555,6202.979247335041
BT-v2,bt,0.0,2,,-1,-1,BT-v2,10056,1,0.5,0,1,0,collision,5.4999999999999885,7.5,0.0,0.3,5.4999999999999885,0.0,0.9166666666666666,0.05555555555555555,
BT-v2,bt,0.0,2,,-1,-1,BT-v2,10057,0,1.0,1,0,0,timeout,120.19999999999531,5.0,0.0,0.2,120.19999999999531,0.1447587354409318,0.0,0.018718801996672214,3799.628927500475
BT-v2,bt,0.0,2,,-1,-1,BT-v2,10057,1,0.0,0,0,1,timeout,120.19999999999531,0.0,5.0,0.0,120.19999999999531,0.14101497504159735,0.0,0.018718801996672214,
BT-v2,bt,0.0,2,,-1,-1,BT-v2,10058,0,0.5,0,1,0,collision,27.300000000000253,12.5,0.0,0.49999999999999994,27.300000000000253,0.0,0.21507352941176472,0.03308823529411765,4563.567130985501
BT-v2,bt,0.0,2,,-1,-1,BT-v2,10058,1,0.5,0,1,0,collision,27.300000000000253,0.0,12.5,0.0,27.300000000000253,0.0,0.22977941176470587,0.03308823529411765,
BT-v2,bt,0.0,2,,-1,-1,BT-v2,10059,0,0.5,0,1,0,collision,95.29999999999673,0.0,0.0,0.0,95.29999999999673,0.0,0.004201680672268907,0.04831932773109244,4883.976747170829
BT-v2,bt,0.0,2,,-1,-1,BT-v2,10059,1,0.5,0,1,0,collision,95.29999999999673,0.0,0.0,0.0,95.29999999999673,0.0,0.004201680672268907,0.04831932773109244,
BT-v2,bt,0.0,2,,-1,-1,BT-v2,10060,0,0.0,0,0,1,timeout,120.19999999999531,0.0,28.75,0.0,120.19999999999531,0.01788685524126456,0.034525790349417634,0.018718801996672214,4541.145574653534
BT-v2,bt,0.0,2,,-1,-1,BT-v2,10060,1,1.0,1,0,0,timeout,120.19999999999531,28.75,0.0,1.1500000000000004,120.19999999999531,0.008319467554076539,0.03826955074875208,0.018718801996672214,
BT-v2,bt,0.0,2,,-1,-1,BT-v2,10061,0,0.0,0,0,1,timeout,120.19999999999531,0.0,2.5,0.0,120.19999999999531,0.12437603993344426,0.04908485856905158,0.013311148086522463,3944.897881306992
BT-v2,bt,0.0,2,,-1,-1,BT-v2,10061,1,1.0,1,0,0,timeout,120.19999999999531,2.5,0.0,0.1,120.19999999999531,0.11480865224625623,0.050748752079866885,0.013311148086522463,
BT-v2,bt,0.0,2,,-1,-1,BT-v2,10062,0,0.0,0,0,1,timeout,120.19999999999531,0.0,3.75,0.0,120.19999999999531,0.0,0.05698835274542429,0.04159733777038269,4573.78352233327
BT-v2,bt,0.0,2,,-1,-1,BT-v2,10062,1,1.0,1,0,0,timeout,120.19999999999531,3.75,0.0,0.15000000000000002,120.19999999999531,0.0,0.06198003327787022,0.04159733777038269,
BT-v2,bt,0.0,2,,-1,-1,BT-v2,10063,0,0.5,0,1,0,collision,25.05000000000022,0.0,8.75,0.0,25.05000000000022,0.0,0.1,0.042,4796.710804012207
BT-v2,bt,0.0,2,,-1,-1,BT-v2,10063,1,0.5,0,1,0,collision,25.05000000000022,8.75,0.0,0.35,25.05000000000022,0.0,0.11,0.042,
BT-v2,bt,0.0,2,,-1,-1,BT-v2,10064,0,0.0,0,0,1,gun_kill,16.900000000000105,0.0,100.0,0.0,16.900000000000105,0.0,0.15773809523809523,0.0,5996.32091868908
BT-v2,bt,0.0,2,,-1,-1,BT-v2,10064,1,1.0,1,0,0,gun_kill,16.900000000000105,100.0,0.0,3.999999999999994,16.900000000000105,0.0,0.15476190476190477,0.0,
BT-v2,bt,0.0,2,,-1,-1,BT-v2,10065,0,1.0,1,0,0,timeout,120.19999999999531,21.25,0.0,0.8500000000000002,120.19999999999531,0.21089850249584027,0.03161397670549085,0.018718801996672214,3423.2003780787477
BT-v2,bt,0.0,2,,-1,-1,BT-v2,10065,1,0.0,0,0,1,timeout,120.19999999999531,0.0,21.25,0.0,120.19999999999531,0.2021630615640599,0.03161397670549085,0.018718801996672214,
BT-v2,bt,0.0,2,,-1,-1,BT-v2,10066,0,0.0,0,0,1,timeout,120.19999999999531,0.0,26.25,0.0,120.19999999999531,0.21381031613976706,0.05033277870216306,0.01788685524126456,3578.5586237686157
BT-v2,bt,0.0,2,,-1,-1,BT-v2,10066,1,1.0,1,0,0,timeout,120.19999999999531,26.25,0.0,1.0500000000000003,120.19999999999531,0.2146422628951747,0.04409317803660566,0.01788685524126456,
BT-v2,bt,0.0,2,,-1,-1,BT-v2,10067,0,0.0,0,0,1,timeout,120.19999999999531,0.0,32.5,0.0,120.19999999999531,0.0,0.014975041597337771,0.0,5008.001852199836
BT-v2,bt,0.0,2,,-1,-1,BT-v2,10067,1,1.0,1,0,0,timeout,120.19999999999531,32.5,0.0,1.3000000000000005,120.19999999999531,0.0,0.015806988352745424,0.0,
BT-v2,bt,0.0,2,,-1,-1,BT-v2,10068,0,0.5,0,1,0,collision,19.35000000000014,0.0,0.0,0.0,19.35000000000014,0.0,0.24739583333333334,0.0234375,5601.325076396627
BT-v2,bt,0.0,2,,-1,-1,BT-v2,10068,1,0.5,0,1,0,collision,19.35000000000014,0.0,0.0,0.0,19.35000000000014,0.0,0.24739583333333334,0.0234375,
BT-v2,bt,0.0,2,,-1,-1,BT-v2,10069,0,0.5,0,1,0,collision,11.400000000000027,0.0,0.0,0.0,11.400000000000027,0.0,0.08928571428571429,0.04017857142857143,5648.827245100807
BT-v2,bt,0.0,2,,-1,-1,BT-v2,10069,1,0.5,0,1,0,collision,11.400000000000027,0.0,0.0,0.0,11.400000000000027,0.0,0.08928571428571429,0.04017857142857143,
BT-v2,bt,0.0,2,,-1,-1,BT-v2,10070,0,0.5,0,1,0,timeout,120.19999999999531,0.0,0.0,0.0,120.19999999999531,0.0,0.010815307820299502,0.011231281198003328,4847.8442752922465
BT-v2,bt,0.0,2,,-1,-1,BT-v2,10070,1,0.5,0,1,0,timeout,120.19999999999531,0.0,0.0,0.0,120.19999999999531,0.0,0.012063227953410981,0.011231281198003328,
BT-v2,bt,0.0,2,,-1,-1,BT-v2,10071,0,0.5,0,1,0,collision,31.25000000000031,32.5,0.0,1.3000000000000005,31.25000000000031,0.0,0.0,0.03685897435897436,5842.660826083286
BT-v2,bt,0.0,2,,-1,-1,BT-v2,10071,1,0.5,0,1,0,collision,31.25000000000031,0.0,32.5,0.0,31.25000000000031,0.0,0.0,0.03685897435897436,
BT-v2,bt,0.0,2,,-1,-1,BT-v2,10072,0,0.0,0,0,1,timeout,120.19999999999531,0.0,5.0,0.0,120.19999999999531,0.15391014975041598,0.0,0.010399334442595673,3854.27698328977
BT-v2,bt,0.0,2,,-1,-1,BT-v2,10072,1,1.0,1,0,0,timeout,120.19999999999531,5.0,0.0,0.2,120.19999999999531,0.16014975041597337,0.0,0.010399334442595673,
BT-v2,bt,0.0,2,,-1,-1,BT-v2,10073,0,0.0,0,0,1,timeout,120.19999999999531,0.0,3.75,0.0,120.19999999999531,0.0,0.03826955074875208,0.040349417637271213,4312.38029459706
BT-v2,bt,0.0,2,,-1,-1,BT-v2,10073,1,1.0,1,0,0,timeout,120.19999999999531,3.75,0.0,0.15000000000000002,120.19999999999531,0.0,0.03826955074875208,0.040349417637271213,
BT-v2,bt,0.0,2,,-1,-1,BT-v2,10074,0,1.0,1,0,0,timeout,120.19999999999531,20.0,0.0,0.8000000000000002,120.19999999999531,0.0,0.05033277870216306,0.022878535773710483,5131.233743137315
BT-v2,bt,0.0,2,,-1,-1,BT-v2,10074,1,0.0,0,0,1,timeout,120.19999999999531,0.0,20.0,0.0,120.19999999999531,0.0,0.04326123128119801,0.022878535773710483,
BT-v2,bt,0.0,2,,-1,-1,BT-v2,10075,0,0.5,0,1,0,collision,6.249999999999986,10.0,0.0,0.39999999999999997,6.249999999999986,0.0,0.4274193548387097,0.056451612903225805,6987.487797370217
BT-v2,bt,0.0,2,,-1,-1,BT-v2,10075,1,0.5,0,1,0,collision,6.249999999999986,0.0,10.0,0.0,6.249999999999986,0.0,0.45161290322580644,0.056451612903225805,
BT-v2,bt,0.0,2,,-1,-1,BT-v2,10076,0,0.5,0,1,0,collision,30.6000000000003,5.0,0.0,0.2,30.6000000000003,0.0,0.08223684210526316,0.03782894736842105,5909.007305340165
BT-v2,bt,0.0,2,,-1,-1,BT-v2,10076,1,0.5,0,1,0,collision,30.6000000000003,0.0,5.0,0.0,30.6000000000003,0.0,0.08223684210526316,0.03782894736842105,
BT-v2,bt,0.0,2,,-1,-1,BT-v2,10077,0,1.0,1,0,0,timeout,120.19999999999531,18.75,0.0,0.7500000000000001,120.19999999999531,0.1651414309484193,0.019966722129783693,0.0,3597.1153440602516
BT-v2,bt,0.0,2,,-1,-1,BT-v2,10077,1,0.0,0,0,1,timeout,120.19999999999531,0.0,18.75,0.0,120.19999999999531,0.16181364392678868,0.01747088186356073,0.0,
BT-v2,bt,0.0,2,,-1,-1,BT-v2,10078,0,0.5,0,1,0,timeout,120.19999999999531,0.0,0.0,0.0,120.19999999999531,0.0,0.04284525790349417,0.0,4946.96485993842
BT-v2,bt,0.0,2,,-1,-1,BT-v2,10078,1,0.5,0,1,0,timeout,120.19999999999531,0.0,0.0,0.0,120.19999999999531,0.0,0.03618968386023295,0.0,
BT-v2,bt,0.0,2,,-1,-1,BT-v2,10079,0,0.5,0,1,0,timeout,120.19999999999531,0.0,0.0,0.0,120.19999999999531,0.16888519134775373,0.0,0.005823627287853577,3781.230200335596
BT-v2,bt,0.0,2,,-1,-1,BT-v2,10079,1,0.5,0,1,0,timeout,120.19999999999531,0.0,0.0,0.0,120.19999999999531,0.16264559068219633,0.0,0.005823627287853577,
BT-v2,bt,0.0,2,,-1,-1,BT-v2,10080,0,0.5,0,1,0,collision,8.599999999999987,0.0,12.5,0.0,8.599999999999987,0.0,0.24404761904761904,0.041666666666666664,5522.698577074521
BT-v2,bt,0.0,2,,-1,-1,BT-v2,10080,1,0.5,0,1,0,collision,8.599999999999987,12.5,0.0,0.49999999999999994,8.599999999999987,0.0,0.24404761904761904,0.041666666666666664,
BT-v2,bt,0.0,2,,-1,-1,BT-v2,10081,0,0.5,0,1,0,collision,46.54999999999949,0.0,10.0,0.0,46.54999999999949,0.0,0.0,0.02693965517241379,6007.128667334748
BT-v2,bt,0.0,2,,-1,-1,BT-v2,10081,1,0.5,0,1,0,collision,46.54999999999949,10.0,0.0,0.39999999999999997,46.54999999999949,0.0,0.0,0.02693965517241379,
BT-v2,bt,0.0,2,,-1,-1,BT-v2,10082,0,0.5,0,1,0,collision,32.450000000000294,20.0,10.0,0.8000000000000002,32.450000000000294,0.0,0.07253086419753087,0.040123456790123455,5571.890420789964
BT-v2,bt,0.0,2,,-1,-1,BT-v2,10082,1,0.5,0,1,0,collision,32.450000000000294,10.0,20.0,0.39999999999999997,32.450000000000294,0.0,0.07253086419753087,0.040123456790123455,
BT-v2,bt,0.0,2,,-1,-1,BT-v2,10083,0,1.0,1,0,0,timeout,120.19999999999531,13.75,0.0,0.5499999999999999,120.19999999999531,0.0,0.04658901830282862,0.047004991680532446,4551.074747307428
BT-v2,bt,0.0,2,,-1,-1,BT-v2,10083,1,0.0,0,0,1,timeout,120.19999999999531,0.0,13.75,0.0,120.19999999999531,0.0,0.044509151414309486,0.047004991680532446,
BT-v2,bt,0.0,2,,-1,-1,BT-v2,10084,0,0.5,0,1,0,collision,4.849999999999991,7.5,20.0,0.3,4.849999999999991,0.0,0.0,0.0625,6365.151616787668
BT-v2,bt,0.0,2,,-1,-1,BT-v2,10084,1,0.5,0,1,0,collision,4.849999999999991,20.0,7.5,0.8000000000000002,4.849999999999991,0.0,0.0,0.0625,
BT-v2,bt,0.0,2,,-1,-1,BT-v2,10085,0,0.5,0,1,0,collision,12.000000000000036,12.5,0.0,0.49999999999999994,12.000000000000036,0.0,0.0,0.029661016949152543,6040.237398408275
BT-v2,bt,0.0,2,,-1,-1,BT-v2,10085,1,0.5,0,1,0,collision,12.000000000000036,0.0,12.5,0.0,12.000000000000036,0.0,0.0,0.029661016949152543,
BT-v2,bt,0.0,2,,-1,-1,BT-v2,10086,0,0.5,0,1,0,timeout,120.19999999999531,0.0,0.0,0.0,120.19999999999531,0.0,0.0,0.04367720465890183,4450.297414210114
BT-v2,bt,0.0,2,,-1,-1,BT-v2,10086,1,0.5,0,1,0,timeout,120.19999999999531,0.0,0.0,0.0,120.19999999999531,0.0,0.0,0.04367720465890183,
BT-v2,bt,0.0,2,,-1,-1,BT-v2,10087,0,0.5,0,1,0,collision,22.95000000000019,0.0,3.75,0.0,22.95000000000019,0.0,0.21271929824561403,0.04824561403508772,5562.316441523196
BT-v2,bt,0.0,2,,-1,-1,BT-v2,10087,1,0.5,0,1,0,collision,22.95000000000019,3.75,0.0,0.15000000000000002,22.95000000000019,0.0,0.22149122807017543,0.04824561403508772,
BT-v2,bt,0.0,2,,-1,-1,BT-v2,10088,0,0.5,0,1,0,collision,33.40000000000024,27.5,0.0,1.1000000000000003,33.40000000000024,0.0,0.0,0.0286144578313253,5228.656503484916
BT-v2,bt,0.0,2,,-1,-1,BT-v2,10088,1,0.5,0,1,0,collision,33.40000000000024,0.0,27.5,0.0,33.40000000000024,0.0,0.0,0.0286144578313253,
BT-v2,bt,0.0,2,,-1,-1,BT-v2,10089,0,1.0,1,0,0,gun_kill,27.80000000000026,100.0,0.0,3.999999999999994,27.80000000000026,0.0,0.0,0.0,6316.416237161968
BT-v2,bt,0.0,2,,-1,-1,BT-v2,10089,1,0.0,0,0,1,gun_kill,27.80000000000026,0.0,100.0,0.0,27.80000000000026,0.0,0.0,0.0,
BT-v2,bt,0.0,2,,-1,-1,BT-v2,10090,0,0.5,0,1,0,timeout,120.19999999999531,0.0,0.0,0.0,120.19999999999531,0.22129783693843594,0.014559068219633943,0.03119800332778702,3265.3588324191132
BT-v2,bt,0.0,2,,-1,-1,BT-v2,10090,1,0.5,0,1,0,timeout,120.19999999999531,0.0,0.0,0.0,120.19999999999531,0.22961730449251247,0.014559068219633943,0.03119800332778702,
BT-v2,bt,0.0,2,,-1,-1,BT-v2,10091,0,0.0,0,0,1,timeout,120.19999999999531,0.0,21.25,0.0,120.19999999999531,0.21173044925124793,0.05449251247920133,0.05033277870216306,3413.364986599836
BT-v2,bt,0.0,2,,-1,-1,BT-v2,10091,1,1.0,1,0,0,timeout,120.19999999999531,21.25,0.0,0.8500000000000002,120.19999999999531,0.21547420965058237,0.05366056572379368,0.05033277870216306,
BT-v2,bt,0.0,2,,-1,-1,BT-v2,10092,0,0.5,0,1,0,collision,4.399999999999992,0.0,6.25,0.0,4.399999999999992,0.0,0.0,0.07142857142857142,6468.8615839267895
BT-v2,bt,0.0,2,,-1,-1,BT-v2,10092,1,0.5,0,1,0,collision,4.399999999999992,6.25,0.0,0.25,4.399999999999992,0.0,0.0,0.07142857142857142,
BT-v2,bt,0.0,2,,-1,-1,BT-v2,10093,0,1.0,1,0,0,timeout,120.19999999999531,16.25,0.0,0.65,120.19999999999531,0.0,0.0,0.03410981697171381,4714.947131622171
BT-v2,bt,0.0,2,,-1,-1,BT-v2,10093,1,0.0,0,0,1,timeout,120.19999999999531,0.0,16.25,0.0,120.19999999999531,0.0,0.0,0.03410981697171381,
BT-v2,bt,0.0,2,,-1,-1,BT-v2,10094,0,1.0,1,0,0,crash,109.19999999999594,0.0,12.5,0.0,109.19999999999594,0.2743119266055046,0.06284403669724771,0.023853211009174313,3190.494674953519
BT-v2,bt,0.0,2,,-1,-1,BT-v2,10094,1,0.0,0,0,1,crash,109.19999999999594,12.5,0.0,0.49999999999999994,109.19999999999594,0.28577981651376144,0.06100917431192661,0.023853211009174313,
BT-v2,bt,0.0,2,,-1,-1,BT-v2,10095,0,0.0,0,0,1,timeout,120.19999999999531,0.0,26.25,0.0,120.19999999999531,0.0,0.0,0.03286189683860233,4538.864505083043
BT-v2,bt,0.0,2,,-1,-1,BT-v2,10095,1,1.0,1,0,0,timeout,120.19999999999531,26.25,0.0,1.0500000000000003,120.19999999999531,0.0,0.0,0.03286189683860233,
BT-v2,bt,0.0,2,,-1,-1,BT-v2,10096,0,0.0,0,0,1,timeout,120.19999999999531,0.0,16.25,0.0,120.19999999999531,0.15806988352745424,0.05490848585690516,0.0,3564.4942639495616
BT-v2,bt,0.0,2,,-1,-1,BT-v2,10096,1,1.0,1,0,0,timeout,120.19999999999531,16.25,0.0,0.65,120.19999999999531,0.15931780366056572,0.06156405990016639,0.0,
BT-v2,bt,0.0,2,,-1,-1,BT-v2,10097,0,0.5,0,1,0,timeout,120.19999999999531,0.0,0.0,0.0,120.19999999999531,0.0,0.04866888519134775,0.03868552412645591,4623.222525026867
BT-v2,bt,0.0,2,,-1,-1,BT-v2,10097,1,0.5,0,1,0,timeout,120.19999999999531,0.0,0.0,0.0,120.19999999999531,0.0,0.06198003327787022,0.03868552412645591,
BT-v2,bt,0.0,2,,-1,-1,BT-v2,10098,0,0.0,0,0,1,timeout,120.19999999999531,0.0,6.25,0.0,120.19999999999531,0.013311148086522463,0.021214642262895173,0.0478369384359401,3870.3610737567383
BT-v2,bt,0.0,2,,-1,-1,BT-v2,10098,1,1.0,1,0,0,timeout,120.19999999999531,6.25,0.0,0.25,120.19999999999531,0.016638935108153077,0.021214642262895173,0.0478369384359401,
BT-v2,bt,0.0,2,,-1,-1,BT-v2,10099,0,0.5,0,1,0,collision,8.949999999999992,0.0,0.0,0.0,8.949999999999992,0.0,0.0,0.05113636363636364,4609.5055414550025
BT-v2,bt,0.0,2,,-1,-1,BT-v2,10099,1,0.5,0,1,0,collision,8.949999999999992,0.0,0.0,0.0,8.949999999999992,0.0,0.0,0.05113636363636364,
BT-v2,bt,0.0,2,,-1,-1,BT-v3,10000,0,0.5,0,1,0,collision,28.000000000000263,3.75,5.0,0.15000000000000002,28.000000000000263,0.0,0.10251798561151079,0.04316546762589928,5559.3712414194715
BT-v2,bt,0.0,2,,-1,-1,BT-v3,10000,1,0.5,0,1,0,collision,6.299999999999986,0.0,0.0,0.0,6.299999999999986,0.0,0.5161290322580645,0.056451612903225805,
BT-v2,bt,0.0,2,,-1,-1,BT-v3,10001,0,0.0,0,0,1,timeout,120.19999999999531,0.0,57.5,0.0,120.19999999999531,0.0,0.0,0.0,5050.443024595703
BT-v2,bt,0.0,2,,-1,-1,BT-v3,10001,1,1.0,1,0,0,timeout,120.19999999999531,18.75,0.0,0.7500000000000001,120.19999999999531,0.0,0.0,0.0,
BT-v2,bt,0.0,2,,-1,-1,BT-v3,10002,0,0.5,0,1,0,collision,72.24999999999804,0.0,2.5,0.0,72.24999999999804,0.0,0.055401662049861494,0.04293628808864266,4840.0230865702715
BT-v2,bt,0.0,2,,-1,-1,BT-v3,10002,1,0.5,0,1,0,collision,12.900000000000048,0.0,0.0,0.0,12.900000000000048,0.0,0.3125,0.03125,
BT-v2,bt,0.0,2,,-1,-1,BT-v3,10003,0,0.0,0,0,1,timeout,120.19999999999531,0.0,32.5,0.0,120.19999999999531,0.0,0.06530782029950083,0.0,5055.948652413042
BT-v2,bt,0.0,2,,-1,-1,BT-v3,10003,1,0.5,0,1,0,collision,12.550000000000043,0.0,0.0,0.0,12.550000000000043,0.0,0.6733870967741935,0.028225806451612902,
BT-v2,bt,0.0,2,,-1,-1,BT-v3,10004,0,0.0,0,0,1,timeout,120.19999999999531,0.0,62.5,0.0,120.19999999999531,0.0,0.02038269550748752,0.0,4873.163623350398
BT-v2,bt,0.0,2,,-1,-1,BT-v3,10004,1,1.0,1,0,0,gun_kill,113.69999999999568,100.0,0.0,3.999999999999994,113.69999999999568,0.0,0.023767605633802816,0.0,
BT-v2,bt,0.0,2,,-1,-1,BT-v3,10005,0,1.0,1,0,0,timeout,120.19999999999531,86.25,5.0,3.4499999999999957,120.19999999999531,0.0,0.10149750415973377,0.004159733777038269,3648.682255669025
BT-v2,bt,0.0,2,,-1,-1,BT-v3,10005,1,1.0,1,0,0,gun_kill,47.94999999999941,100.0,0.0,3.999999999999994,47.94999999999941,0.0,0.2803347280334728,0.0020920502092050207,
BT-v2,bt,0.0,2,,-1,-1,BT-v3,10006,0,1.0,1,0,0,gun_kill,107.74999999999602,100.0,15.0,3.999999999999994,107.74999999999602,0.0,0.00929368029739777,0.0,4032.9434703578413
BT-v2,bt,0.0,2,,-1,-1,BT-v3,10006,1,1.0,1,0,0,gun_kill,93.54999999999683,100.0,0.0,3.999999999999994,93.54999999999683,0.0,0.011241970021413276,0.0,
BT-v2,bt,0.0,2,,-1,-1,BT-v3,10007,0,0.5,0,1,0,collision,39.69999999999988,0.0,7.5,0.0,39.69999999999988,0.0,0.06818181818181818,0.027777777777777776,4666.186028976776
BT-v2,bt,0.0,2,,-1,-1,BT-v3,10007,1,1.0,1,0,0,gun_kill,108.74999999999596,100.0,0.0,3.999999999999994,108.74999999999596,0.0,0.024861878453038673,0.0,
BT-v2,bt,0.0,2,,-1,-1,BT-v3,10008,0,1.0,1,0,0,gun_kill,116.7999999999955,100.0,22.5,3.999999999999994,116.7999999999955,0.0,0.03216123499142367,0.02144082332761578,4329.6052619983475
BT-v2,bt,0.0,2,,-1,-1,BT-v3,10008,1,0.5,0,1,0,collision,27.05000000000025,7.5,0.0,0.3,27.05000000000025,0.0,0.1537037037037037,0.03888888888888889,
BT-v2,bt,0.0,2,,-1,-1,BT-v3,10009,0,0.5,0,1,0,collision,37.25000000000002,0.0,2.5,0.0,37.25000000000002,0.0,0.09274193548387097,0.033602150537634407,5693.707711218275
BT-v2,bt,0.0,2,,-1,-1,BT-v3,10009,1,1.0,1,0,0,gun_kill,113.74999999999568,100.0,0.0,3.999999999999994,113.74999999999568,0.0,0.02992957746478873,0.009683098591549295,
BT-v2,bt,0.0,2,,-1,-1,BT-v3,10010,0,0.5,0,1,0,collision,38.69999999999994,47.5,0.0,1.900000000000001,38.69999999999994,0.0,0.19818652849740934,0.046632124352331605,4416.508347612105
BT-v2,bt,0.0,2,,-1,-1,BT-v3,10010,1,0.5,0,1,0,collision,20.950000000000163,12.5,37.5,0.49999999999999994,20.950000000000163,0.0,0.31490384615384615,0.04567307692307692,
BT-v2,bt,0.0,2,,-1,-1,BT-v3,10011,0,0.5,0,1,0,collision,9.299999999999997,0.0,20.0,0.0,9.299999999999997,0.0,0.0,0.03804347826086957,6440.881793958639
BT-v2,bt,0.0,2,,-1,-1,BT-v3,10011,1,1.0,1,0,0,gun_kill,116.44999999999553,100.0,0.0,3.999999999999994,116.44999999999553,0.0,0.0,0.00859106529209622,
BT-v2,bt,0.0,2,,-1,-1,BT-v3,10012,0,0.5,0,1,0,collision,3.649999999999995,0.0,17.5,0.0,3.649999999999995,0.0,0.8611111111111112,0.06944444444444445,6396.304374977743
BT-v2,bt,0.0,2,,-1,-1,BT-v3,10012,1,0.5,0,1,0,collision,3.7499999999999947,2.5,0.0,0.1,3.7499999999999947,0.0,0.8888888888888888,0.08333333333333333,
BT-v2,bt,0.0,2,,-1,-1,BT-v3,10013,0,1.0,1,0,0,gun_kill,112.39999999999576,100.0,0.0,3.999999999999994,112.39999999999576,0.0,0.034759358288770054,0.01871657754010695,4174.179009128404
BT-v2,bt,0.0,2,,-1,-1,BT-v3,10013,1,0.5,0,1,0,collision,31.750000000000316,0.0,0.0,0.0,31.750000000000316,0.0,0.13291139240506328,0.012658227848101266,
BT-v2,bt,0.0,2,,-1,-1,BT-v3,10014,0,0.5,0,1,0,collision,43.09999999999969,0.0,0.0,0.0,43.09999999999969,0.0,0.0,0.026744186046511628,6105.258651655969
BT-v2,bt,0.0,2,,-1,-1,BT-v3,10014,1,0.5,0,1,0,collision,33.00000000000026,45.0,12.5,1.800000000000001,33.00000000000026,0.0,0.0,0.0350609756097561,
BT-v2,bt,0.0,2,,-1,-1,BT-v3,10015,0,1.0,1,0,0,timeout,120.19999999999531,55.0,33.75,2.2,120.19999999999531,0.0,0.0,0.0,4071.37620642282
BT-v2,bt,0.0,2,,-1,-1,BT-v3,10015,1,0.5,0,1,0,collision,33.500000000000234,26.25,7.5,1.0500000000000003,33.500000000000234,0.0,0.0,0.038922155688622756,
BT-v2,bt,0.0,2,,-1,-1,BT-v3,10016,0,0.5,0,1,0,collision,4.549999999999992,5.0,0.0,0.2,4.549999999999992,0.0,0.0,0.07954545454545454,5593.2411211408125
BT-v2,bt,0.0,2,,-1,-1,BT-v3,10016,1,1.0,1,0,0,gun_kill,108.94999999999595,100.0,11.25,3.999999999999994,108.94999999999595,0.0,0.0,0.04411764705882353,
BT-v2,bt,0.0,2,,-1,-1,BT-v3,10017,0,0.0,0,0,1,timeout,120.19999999999531,0.0,58.75,0.0,120.19999999999531,0.0,0.02870216306156406,0.0,5142.619046566974
BT-v2,bt,0.0,2,,-1,-1,BT-v3,10017,1,1.0,1,0,0,gun_kill,28.50000000000027,100.0,0.0,3.999999999999994,28.50000000000027,0.0,0.17077464788732394,0.0,
BT-v2,bt,0.0,2,,-1,-1,BT-v3,10018,0,1.0,1,0,0,gun_kill,114.09999999999566,100.0,0.0,3.999999999999994,114.09999999999566,0.0,0.015789473684210527,0.005701754385964913,4052.1427574903687
BT-v2,bt,0.0,2,,-1,-1,BT-v3,10018,1,0.5,0,1,0,collision,79.44999999999763,25.0,0.0,1.0000000000000002,79.44999999999763,0.0,0.023299748110831235,0.04722921914357683,
BT-v2,bt,0.0,2,,-1,-1,BT-v3,10019,0,0.5,0,1,0,collision,36.45000000000007,22.5,7.5,0.9000000000000002,36.45000000000007,0.0,0.0,0.034340659340659344,5416.671753928095
BT-v2,bt,0.0,2,,-1,-1,BT-v3,10019,1,0.5,0,1,0,collision,14.750000000000075,0.0,0.0,0.0,14.750000000000075,0.0,0.0,0.0273972602739726,
BT-v2,bt,0.0,2,,-1,-1,BT-v3,10020,0,0.5,0,1,0,collision,4.249999999999993,2.5,0.0,0.1,4.249999999999993,0.0,0.0,0.07142857142857142,6974.4179060122515
BT-v2,bt,0.0,2,,-1,-1,BT-v3,10020,1,0.5,0,1,0,collision,4.249999999999993,0.0,1.25,0.0,4.249999999999993,0.0,0.0,0.07142857142857142,
BT-v2,bt,0.0,2,,-1,-1,BT-v3,10021,0,0.5,0,1,0,collision,4.449999999999992,0.0,6.25,0.0,4.449999999999992,0.0,0.8863636363636364,0.056818181818181816,6457.105954844957
BT-v2,bt,0.0,2,,-1,-1,BT-v3,10021,1,0.5,0,1,0,collision,4.599999999999992,6.25,0.0,0.25,4.599999999999992,0.0,0.9204545454545454,0.06818181818181818,
BT-v2,bt,0.0,2,,-1,-1,BT-v3,10022,0,0.5,0,1,0,collision,7.549999999999981,0.0,0.0,0.0,7.549999999999981,0.0,0.5743243243243243,0.04054054054054054,6844.67882531722
BT-v2,bt,0.0,2,,-1,-1,BT-v3,10022,1,0.5,0,1,0,collision,30.450000000000298,0.0,2.5,0.0,30.450000000000298,0.0,0.13815789473684212,0.039473684210526314,
BT-v2,bt,0.0,2,,-1,-1,BT-v3,10023,0,0.5,0,1,0,timeout,120.19999999999531,0.0,0.0,0.0,120.19999999999531,0.0,0.03494176372712146,0.0,5103.277184370962
BT-v2,bt,0.0,2,,-1,-1,BT-v3,10023,1,0.5,0,1,0,timeout,120.19999999999531,0.0,0.0,0.0,120.19999999999531,0.0,0.03826955074875208,0.0,
BT-v2,bt,0.0,2,,-1,-1,BT-v3,10024,0,1.0,1,0,0,gun_kill,87.54999999999717,100.0,0.0,3.999999999999994,87.54999999999717,0.0,0.043478260869565216,0.0,4162.537340319311
BT-v2,bt,0.0,2,,-1,-1,BT-v3,10024,1,1.0,1,0,0,gun_kill,108.64999999999597,100.0,18.75,3.999999999999994,108.64999999999597,0.0,0.0363720073664825,0.0,
BT-v2,bt,0.0,2,,-1,-1,BT-v3,10025,0,0.0,0,0,1,timeout,120.19999999999531,0.0,28.75,0.0,120.19999999999531,0.0,0.03369384359400998,0.0,5519.895290448406
BT-v2,bt,0.0,2,,-1,-1,BT-v3,10025,1,0.5,0,1,0,collision,41.49999999999978,10.0,3.75,0.39999999999999997,41.49999999999978,0.0,0.09782608695652174,0.022946859903381644,
BT-v2,bt,0.0,2,,-1,-1,BT-v3,10026,0,1.0,1,0,0,gun_kill,98.49999999999655,100.0,0.0,3.999999999999994,98.49999999999655,0.0,0.07723577235772358,0.0,4240.380934997062
BT-v2,bt,0.0,2,,-1,-1,BT-v3,10026,1,1.0,1,0,0,timeout,120.19999999999531,45.0,6.25,1.800000000000001,120.19999999999531,0.0,0.05615640599001664,0.0012479201331114808,
BT-v2,bt,0.0,2,,-1,-1,BT-v3,10027,0,1.0,1,0,0,gun_kill,39.54999999999989,100.0,0.0,3.999999999999994,39.54999999999989,0.0,0.282994923857868,0.0,4436.197860434461
BT-v2,bt,0.0,2,,-1,-1,BT-v3,10027,1,1.0,1,0,0,gun_kill,48.89999999999936,100.0,23.75,3.999999999999994,48.89999999999936,0.0,0.23258196721311475,0.0030737704918032786,
BT-v2,bt,0.0,2,,-1,-1,BT-v3,10028,0,1.0,1,0,0,timeout,120.19999999999531,72.5,17.5,2.8999999999999977,120.19999999999531,0.0,0.0,0.005407653910149751,3956.6766606831934
BT-v2,bt,0.0,2,,-1,-1,BT-v3,10028,1,1.0,1,0,0,gun_kill,94.59999999999677,100.0,0.0,3.999999999999994,94.59999999999677,0.0,0.0,0.0,
BT-v2,bt,0.0,2,,-1,-1,BT-v3,10029,0,1.0,1,0,0,gun_kill,108.84999999999596,100.0,0.0,3.999999999999994,108.84999999999596,0.0,0.0,0.0,4327.129760878637
BT-v2,bt,0.0,2,,-1,-1,BT-v3,10029,1,1.0,1,0,0,gun_kill,103.24999999999628,100.0,0.0,3.999999999999994,103.24999999999628,0.0,0.0,0.0,
BT-v2,bt,0.0,2,,-1,-1,BT-v3,10030,0,0.5,0,1,0,collision,12.35000000000004,0.0,11.25,0.0,12.35000000000004,0.0,0.7622950819672131,0.028688524590163935,5940.729985733082
BT-v2,bt,0.0,2,,-1,-1,BT-v3,10030,1,1.0,1,0,0,gun_kill,81.54999999999751,100.0,0.0,3.999999999999994,81.54999999999751,0.0,0.1038083538083538,0.0036855036855036856,
BT-v2,bt,0.0,2,,-1,-1,BT-v3,10031,0,1.0,1,0,0,gun_kill,87.79999999999715,100.0,0.0,3.999999999999994,87.79999999999715,0.0,0.10331050228310502,0.0,3974.688727006792
BT-v2,bt,0.0,2,,-1,-1,BT-v3,10031,1,1.0,1,0,0,gun_kill,98.74999999999653,100.0,0.0,3.999999999999994,98.74999999999653,0.0,0.09127789046653144,0.0,
BT-v2,bt,0.0,2,,-1,-1,BT-v3,10032,0,0.5,0,1,0,collision,39.299999999999905,7.5,0.0,0.3,39.299999999999905,0.0,0.08290816326530612,0.02423469387755102,4649.257015011333
BT-v2,bt,0.0,2,,-1,-1,BT-v3,10032,1,1.0,1,0,0,timeout,120.19999999999531,3.75,0.0,0.15000000000000002,120.19999999999531,0.0,0.027038269550748752,0.019550748752079867,
BT-v2,bt,0.0,2,,-1,-1,BT-v3,10033,0,0.5,0,1,0,collision,4.099999999999993,0.0,0.0,0.0,4.099999999999993,0.0,0.575,0.075,6686.618286517631
BT-v2,bt,0.0,2,,-1,-1,BT-v3,10033,1,0.5,0,1,0,collision,25.05000000000022,22.5,7.5,0.9000000000000002,25.05000000000022,0.0,0.082,0.034,
BT-v2,bt,0.0,2,,-1,-1,BT-v3,10034,0,0.0,0,0,1,timeout,120.19999999999531,0.0,23.75,0.0,120.19999999999531,0.0,0.02870216306156406,0.0,4711.986549979581
BT-v2,bt,0.0,2,,-1,-1,BT-v3,10034,1,0.5,0,1,0,collision,38.29999999999996,6.25,18.75,0.25,38.29999999999996,0.0,0.09031413612565445,0.020942408376963352,
BT-v2,bt,0.0,2,,-1,-1,BT-v3,10035,0,1.0,1,0,0,gun_kill,99.1999999999965,100.0,26.25,3.999999999999994,99.1999999999965,0.0,0.022727272727272728,0.00808080808080808,3710.848700516983
BT-v2,bt,0.0,2,,-1,-1,BT-v3,10035,1,1.0,1,0,0,gun_kill,90.09999999999702,100.0,0.0,3.999999999999994,90.09999999999702,0.0,0.025,0.0,
BT-v2,bt,0.0,2,,-1,-1,BT-v3,10036,0,0.5,0,1,0,collision,40.99999999999981,0.0,16.25,0.0,40.99999999999981,0.0,0.02696078431372549,0.049019607843137254,4955.208673423114
BT-v2,bt,0.0,2,,-1,-1,BT-v3,10036,1,1.0,1,0,0,gun_kill,91.19999999999696,100.0,0.0,3.999999999999994,91.19999999999696,0.0,0.010439560439560439,0.007692307692307693,
BT-v2,bt,0.0,2,,-1,-1,BT-v3,10037,0,1.0,1,0,0,gun_kill,101.54999999999637,100.0,0.0,3.999999999999994,101.54999999999637,0.0,0.07692307692307693,0.0,3928.9123640690996
BT-v2,bt,0.0,2,,-1,-1,BT-v3,10037,1,1.0,1,0,0,timeout,120.19999999999531,75.0,0.0,2.9999999999999973,120.19999999999531,0.0,0.08569051580698835,0.0,
BT-v2,bt,0.0,2,,-1,-1,BT-v3,10038,0,0.0,0,0,1,timeout,120.19999999999531,0.0,11.25,0.0,120.19999999999531,0.0,0.0262063227953411,0.0,5133.591840079117
BT-v2,bt,0.0,2,,-1,-1,BT-v3,10038,1,0.5,0,1,0,collision,10.95000000000002,1.25,0.0,0.05,10.95000000000002,0.0,0.2916666666666667,0.046296296296296294,
BT-v2,bt,0.0,2,,-1,-1,BT-v3,10039,0,1.0,1,0,0,gun_kill,41.79999999999976,100.0,0.0,3.999999999999994,41.79999999999976,0.0,0.054086538461538464,0.0,4159.877390550208
BT-v2,bt,0.0,2,,-1,-1,BT-v3,10039,1,1.0,1,0,0,gun_kill,91.29999999999696,100.0,22.5,3.999999999999994,91.29999999999696,0.0,0.02412280701754386,0.006578947368421052,
BT-v2,bt,0.0,2,,-1,-1,BT-v3,10040,0,0.0,0,0,1,timeout,120.19999999999531,8.75,21.25,0.35,120.19999999999531,0.0,0.0,0.005823627287853577,4350.124745111452
BT-v2,bt,0.0,2,,-1,-1,BT-v3,10040,1,1.0,1,0,0,gun_kill,105.49999999999615,100.0,0.0,3.999999999999994,105.49999999999615,0.0,0.0,0.004269449715370019,
BT-v2,bt,0.0,2,,-1,-1,BT-v3,10041,0,0.5,0,1,0,collision,7.7499999999999805,0.0,0.0,0.0,7.7499999999999805,0.0,0.26973684210526316,0.05263157894736842,4945.544152676368
BT-v2,bt,0.0,2,,-1,-1,BT-v3,10041,1,0.5,0,1,0,collision,7.649999999999981,0.0,1.25,0.0,7.649999999999981,0.0,0.2565789473684211,0.05263157894736842,
BT-v2,bt,0.0,2,,-1,-1,BT-v3,10042,0,0.0,0,0,1,timeout,120.19999999999531,0.0,2.5,0.0,120.19999999999531,0.0,0.04492512479201331,0.018718801996672214,4459.656242850998
BT-v2,bt,0.0,2,,-1,-1,BT-v3,10042,1,0.5,0,1,0,collision,6.099999999999986,0.0,0.0,0.0,6.099999999999986,0.0,0.925,0.05,
BT-v2,bt,0.0,2,,-1,-1,BT-v3,10043,0,0.5,0,1,0,collision,14.000000000000064,0.0,0.0,0.0,14.000000000000064,0.0,0.0,0.028985507246376812,5527.225338542731
BT-v2,bt,0.0,2,,-1,-1,BT-v3,10043,1,0.5,0,1,0,collision,13.950000000000063,0.0,0.0,0.0,13.950000000000063,0.0,0.0,0.028985507246376812,
BT-v2,bt,0.0,2,,-1,-1,BT-v3,10044,0,0.5,0,1,0,collision,52.09999999999918,0.0,0.0,0.0,52.09999999999918,0.0,0.0,0.023076923076923078,5661.263155453565
BT-v2,bt,0.0,2,,-1,-1,BT-v3,10044,1,1.0,1,0,0,gun_kill,119.04999999999538,100.0,0.0,3.999999999999994,119.04999999999538,0.0,0.0,0.01134453781512605,
BT-v2,bt,0.0,2,,-1,-1,BT-v3,10045,0,0.5,0,1,0,timeout,120.19999999999531,0.0,0.0,0.0,120.19999999999531,0.0,0.033277870216306155,0.0,5425.479532356989
BT-v2,bt,0.0,2,,-1,-1,BT-v3,10045,1,0.5,0,1,0,timeout,120.19999999999531,0.0,0.0,0.0,120.19999999999531,0.0,0.040349417637271213,0.0,
BT-v2,bt,0.0,2,,-1,-1,BT-v3,10046,0,1.0,1,0,0,gun_kill,98.44999999999655,100.0,0.0,3.999999999999994,98.44999999999655,0.0,0.11382113821138211,0.0,3867.317297049479
BT-v2,bt,0.0,2,,-1,-1,BT-v3,10046,1,1.0,1,0,0,gun_kill,52.54999999999915,100.0,25.0,3.999999999999994,52.54999999999915,0.0,0.2824427480916031,0.011450381679389313,
BT-v2,bt,0.0,2,,-1,-1,BT-v3,10047,0,0.5,0,1,0,collision,8.249999999999982,0.0,0.0,0.0,8.249999999999982,0.0,0.11585365853658537,0.054878048780487805,4794.319314392526
BT-v2,bt,0.0,2,,-1,-1,BT-v3,10047,1,0.5,0,1,0,collision,8.249999999999982,0.0,0.0,0.0,8.249999999999982,0.0,0.11585365853658537,0.054878048780487805,
BT-v2,bt,0.0,2,,-1,-1,BT-v3,10048,0,0.0,0,0,1,timeout,120.19999999999531,0.0,92.5,0.0,120.19999999999531,0.0,0.02329450915141431,0.0,5838.308063013414
BT-v2,bt,0.0,2,,-1,-1,BT-v3,10048,1,1.0,1,0,0,gun_kill,98.39999999999655,100.0,0.0,3.999999999999994,98.39999999999655,0.0,0.03665987780040733,0.0,
BT-v2,bt,0.0,2,,-1,-1,BT-v3,10049,0,1.0,1,0,0,gun_kill,106.64999999999608,100.0,33.75,3.999999999999994,106.64999999999608,0.0,0.05956848030018762,0.00046904315196998124,5114.813730011033
BT-v2,bt,0.0,2,,-1,-1,BT-v3,10049,1,0.5,0,1,0,collision,32.950000000000266,2.5,0.0,0.1,32.950000000000266,0.0,0.20426829268292682,0.03201219512195122,
BT-v2,bt,0.0,2,,-1,-1,BT-v3,10050,0,1.0,1,0,0,gun_kill,97.94999999999658,100.0,0.0,3.999999999999994,97.94999999999658,0.0,0.032208588957055216,0.03425357873210634,4122.217875931131
BT-v2,bt,0.0,2,,-1,-1,BT-v3,10050,1,0.5,0,1,0,collision,32.70000000000028,0.0,0.0,0.0,32.70000000000028,0.0,0.09662576687116564,0.009202453987730062,
BT-v2,bt,0.0,2,,-1,-1,BT-v3,10051,0,0.5,0,1,0,collision,4.149999999999993,5.0,6.25,0.2,4.149999999999993,0.0,0.9,0.0625,6805.978908865218
BT-v2,bt,0.0,2,,-1,-1,BT-v3,10051,1,0.5,0,1,0,collision,4.199999999999993,22.5,0.0,0.9000000000000002,4.199999999999993,0.0,0.9125,0.0625,
BT-v2,bt,0.0,2,,-1,-1,BT-v3,10052,0,1.0,1,0,0,gun_kill,102.8499999999963,100.0,0.0,3.999999999999994,102.8499999999963,0.0,0.0325875486381323,0.008754863813229572,4351.576565819766
BT-v2,bt,0.0,2,,-1,-1,BT-v3,10052,1,0.5,0,1,0,collision,27.600000000000257,0.0,1.25,0.0,27.600000000000257,0.0,0.11678832116788321,0.041970802919708027,
BT-v2,bt,0.0,2,,-1,-1,BT-v3,10053,0,0.5,0,1,0,collision,37.50000000000001,15.0,20.0,0.6,37.50000000000001,0.0,0.0,0.03208556149732621,6020.383678736137
BT-v2,bt,0.0,2,,-1,-1,BT-v3,10053,1,0.5,0,1,0,collision,38.89999999999993,26.25,15.0,1.0500000000000003,38.89999999999993,0.0,0.0,0.03479381443298969,
BT-v2,bt,0.0,2,,-1,-1,BT-v3,10054,0,0.5,0,1,0,collision,10.450000000000014,0.0,0.0,0.0,10.450000000000014,0.0,0.0,0.038461538461538464,4528.084263046685
BT-v2,bt,0.0,2,,-1,-1,BT-v3,10054,1,0.5,0,1,0,collision,31.95000000000032,16.25,7.5,0.65,31.95000000000032,0.0,0.0,0.0440251572327044,
BT-v2,bt,0.0,2,,-1,-1,BT-v3,10055,0,0.5,0,1,0,collision,17.25000000000011,0.0,0.0,0.0,17.25000000000011,0.0,0.03488372093023256,0.06686046511627906,4881.728238017604
BT-v2,bt,0.0,2,,-1,-1,BT-v3,10055,1,0.5,0,1,0,collision,6.799999999999984,25.0,5.0,1.0000000000000002,6.799999999999984,0.0,0.09090909090909091,0.06060606060606061,
BT-v2,bt,0.0,2,,-1,-1,BT-v3,10056,0,1.0,1,0,0,gun_kill,98.39999999999655,100.0,0.0,3.999999999999994,98.39999999999655,0.0,0.059063136456211814,0.04378818737270876,4105.94019564836
BT-v2,bt,0.0,2,,-1,-1,BT-v3,10056,1,0.5,0,1,0,collision,5.349999999999989,6.25,0.0,0.25,5.349999999999989,0.0,0.9230769230769231,0.04807692307692308,
BT-v2,bt,0.0,2,,-1,-1,BT-v3,10057,0,0.5,0,1,0,collision,27.90000000000026,6.25,0.0,0.25,27.90000000000026,0.0,0.0,0.04316546762589928,5308.080314900176
BT-v2,bt,0.0,2,,-1,-1,BT-v3,10057,1,0.5,0,1,0,collision,27.80000000000026,0.0,3.75,0.0,27.80000000000026,0.0,0.0,0.04528985507246377,
BT-v2,bt,0.0,2,,-1,-1,BT-v3,10058,0,1.0,1,0,0,gun_kill,93.34999999999684,100.0,0.0,3.999999999999994,93.34999999999684,0.0,0.06223175965665236,0.0,3432.2847507823226
BT-v2,bt,0.0,2,,-1,-1,BT-v3,10058,1,0.5,0,1,0,collision,26.800000000000246,0.0,27.5,0.0,26.800000000000246,0.0,0.23684210526315788,0.03383458646616541,
BT-v2,bt,0.0,2,,-1,-1,BT-v3,10059,0,1.0,1,0,0,timeout,120.19999999999531,78.75,0.0,3.149999999999997,120.19999999999531,0.0,0.0033277870216306157,0.0,4296.709688946269
BT-v2,bt,0.0,2,,-1,-1,BT-v3,10059,1,1.0,1,0,0,gun_kill,112.69999999999574,100.0,0.0,3.999999999999994,112.69999999999574,0.0,0.003552397868561279,0.0,
BT-v2,bt,0.0,2,,-1,-1,BT-v3,10060,0,0.5,0,1,0,collision,16.150000000000095,0.0,0.0,0.0,16.150000000000095,0.0,0.25,0.021875,6651.89978143225
BT-v2,bt,0.0,2,,-1,-1,BT-v3,10060,1,0.5,0,1,0,collision,26.600000000000243,12.5,0.0,0.49999999999999994,26.600000000000243,0.0,0.17424242424242425,0.03787878787878788,
BT-v2,bt,0.0,2,,-1,-1,BT-v3,10061,0,0.5,0,1,0,collision,32.75000000000028,0.0,13.75,0.0,32.75000000000028,0.0,0.18098159509202455,0.032208588957055216,5348.628988667
BT-v2,bt,0.0,2,,-1,-1,BT-v3,10061,1,1.0,1,0,0,timeout,120.19999999999531,36.25,0.0,1.4500000000000006,120.19999999999531,0.0,0.050748752079866885,0.037853577371048254,
BT-v2,bt,0.0,2,,-1,-1,BT-v3,10062,0,0.5,0,1,0,collision,37.550000000000004,21.25,31.25,0.8500000000000002,37.550000000000004,0.0,0.1858288770053476,0.0481283422459893,6128.08281818699
BT-v2,bt,0.0,2,,-1,-1,BT-v3,10062,1,1.0,1,0,0,gun_kill,116.34999999999553,100.0,0.0,3.999999999999994,116.34999999999553,0.0,0.06325301204819277,0.0051635111876075735,
BT-v2,bt,0.0,2,,-1,-1,BT-v3,10063,0,1.0,1,0,0,gun_kill,95.34999999999673,100.0,7.5,3.999999999999994,95.34999999999673,0.0,0.026260504201680673,0.03466386554621849,3856.0493427868782
BT-v2,bt,0.0,2,,-1,-1,BT-v3,10063,1,0.5,0,1,0,collision,5.04999999999999,6.25,0.0,0.25,5.04999999999999,0.0,0.55,0.07,
BT-v2,bt,0.0,2,,-1,-1,BT-v3,10064,0,0.0,0,0,1,timeout,120.19999999999531,0.0,77.5,0.0,120.19999999999531,0.0,0.02204658901830283,0.0,5103.464505749441
BT-v2,bt,0.0,2,,-1,-1,BT-v3,10064,1,1.0,1,0,0,timeout,120.19999999999531,26.25,0.0,1.0500000000000003,120.19999999999531,0.0,0.021630615640599003,0.0,
BT-v2,bt,0.0,2,,-1,-1,BT-v3,10065,0,1.0,1,0,0,gun_kill,89.94999999999703,100.0,0.0,3.999999999999994,89.94999999999703,0.0,0.042316258351893093,0.0,3944.9908424614337
BT-v2,bt,0.0,2,,-1,-1,BT-v3,10065,1,1.0,1,0,0,timeout,120.19999999999531,91.25,30.0,3.649999999999995,120.19999999999531,0.0,0.03161397670549085,0.014143094841930116,
BT-v2,bt,0.0,2,,-1,-1,BT-v3,10066,0,1.0,1,0,0,gun_kill,109.09999999999594,100.0,5.0,3.999999999999994,109.09999999999594,0.0,0.055504587155963306,0.016055045871559634,3725.854321766637
BT-v2,bt,0.0,2,,-1,-1,BT-v3,10066,1,1.0,1,0,0,gun_kill,88.7499999999971,100.0,0.0,3.999999999999994,88.7499999999971,0.0,0.05981941309255079,0.005079006772009029,
BT-v2,bt,0.0,2,,-1,-1,BT-v3,10067,0,0.0,0,0,1,timeout,120.19999999999531,0.0,12.5,0.0,120.19999999999531,0.0,0.014975041597337771,0.0,6703.108818515415
BT-v2,bt,0.0,2,,-1,-1,BT-v3,10067,1,1.0,1,0,0,timeout,120.19999999999531,8.75,0.0,0.35,120.19999999999531,0.0,0.015806988352745424,0.0,
BT-v2,bt,0.0,2,,-1,-1,BT-v3,10068,0,0.5,0,1,0,collision,43.44999999999967,5.0,15.0,0.2,43.44999999999967,0.0,0.10944700460829493,0.02880184331797235,5569.377603151243
BT-v2,bt,0.0,2,,-1,-1,BT-v3,10068,1,0.5,0,1,0,collision,45.14999999999957,3.75,0.0,0.15000000000000002,45.14999999999957,0.0,0.10555555555555556,0.03222222222222222,
BT-v2,bt,0.0,2,,-1,-1,BT-v3,10069,0,0.5,0,1,0,collision,33.25000000000025,3.75,17.5,0.15000000000000002,33.25000000000025,0.0,0.030120481927710843,0.03765060240963856,5563.095592709758
BT-v2,bt,0.0,2,,-1,-1,BT-v3,10069,1,0.5,0,1,0,collision,11.050000000000022,0.0,0.0,0.0,11.050000000000022,0.0,0.09090909090909091,0.04090909090909091,
BT-v2,bt,0.0,2,,-1,-1,BT-v3,10070,0,0.5,0,1,0,collision,26.650000000000244,21.25,0.0,0.8500000000000002,26.650000000000244,0.0,0.04887218045112782,0.03195488721804511,6631.06342360602
BT-v2,bt,0.0,2,,-1,-1,BT-v3,10070,1,0.5,0,1,0,collision,4.249999999999993,20.0,6.25,0.8000000000000002,4.249999999999993,0.0,0.34523809523809523,0.07142857142857142,
BT-v2,bt,0.0,2,,-1,-1,BT-v3,10071,0,0.5,0,1,0,collision,31.150000000000308,30.0,0.0,1.2000000000000004,31.150000000000308,0.0,0.0,0.03387096774193549,5843.417377712391
BT-v2,bt,0.0,2,,-1,-1,BT-v3,10071,1,0.5,0,1,0,collision,30.00000000000029,18.75,0.0,0.7500000000000001,30.00000000000029,0.0,0.0,0.03859060402684564,
BT-v2,bt,0.0,2,,-1,-1,BT-v3,10072,0,1.0,1,0,0,gun_kill,112.59999999999575,100.0,26.25,3.999999999999994,112.59999999999575,0.0,0.0,0.0066725978647686835,4015.001378883764
BT-v2,bt,0.0,2,,-1,-1,BT-v3,10072,1,1.0,1,0,0,gun_kill,95.09999999999674,100.0,0.0,3.999999999999994,95.09999999999674,0.0,0.0,0.0,
BT-v2,bt,0.0,2,,-1,-1,BT-v3,10073,0,0.0,0,0,1,timeout,120.19999999999531,0.0,8.75,0.0,120.19999999999531,0.0,0.03826955074875208,0.0,4457.904377852218
BT-v2,bt,0.0,2,,-1,-1,BT-v3,10073,1,1.0,1,0,0,gun_kill,111.34999999999582,100.0,0.0,3.999999999999994,111.34999999999582,0.0,0.04136690647482014,0.008992805755395683,
BT-v2,bt,0.0,2,,-1,-1,BT-v3,10074,0,1.0,1,0,0,timeout,120.19999999999531,30.0,0.0,1.2000000000000004,120.19999999999531,0.0,0.05033277870216306,0.007903494176372712,5134.564116757025
BT-v2,bt,0.0,2,,-1,-1,BT-v3,10074,1,0.5,0,1,0,timeout,120.19999999999531,0.0,0.0,0.0,120.19999999999531,0.0,0.04284525790349417,0.0,
BT-v2,bt,0.0,2,,-1,-1,BT-v3,10075,0,1.0,1,0,0,gun_kill,78.94999999999766,100.0,0.0,3.999999999999994,78.94999999999766,0.0,0.03299492385786802,0.02982233502538071,5218.14682770174
BT-v2,bt,0.0,2,,-1,-1,BT-v3,10075,1,0.5,0,1,0,collision,25.65000000000023,0.0,12.5,0.0,25.65000000000023,0.0,0.109375,0.033203125,
BT-v2,bt,0.0,2,,-1,-1,BT-v3,10076,0,0.5,0,1,0,collision,7.4499999999999815,0.0,0.0,0.0,7.4499999999999815,0.0,0.33783783783783783,0.04054054054054054,6181.226021647697
BT-v2,bt,0.0,2,,-1,-1,BT-v3,10076,1,1.0,1,0,0,timeout,120.19999999999531,78.75,1.25,3.149999999999997,120.19999999999531,0.0,0.020798668885191347,0.03826955074875208,
BT-v2,bt,0.0,2,,-1,-1,BT-v3,10077,0,1.0,1,0,0,gun_kill,83.4499999999974,100.0,0.0,3.999999999999994,83.4499999999974,0.0,0.02877697841726619,0.009592326139088728,3836.424136658591
BT-v2,bt,0.0,2,,-1,-1,BT-v3,10077,1,1.0,1,0,0,gun_kill,103.99999999999623,100.0,0.0,3.999999999999994,103.99999999999623,0.0,0.02023121387283237,0.0,
BT-v2,bt,0.0,2,,-1,-1,BT-v3,10078,0,0.5,0,1,0,timeout,120.19999999999531,0.0,0.0,0.0,120.19999999999531,0.0,0.04284525790349417,0.0,4949.5324339560275
BT-v2,bt,0.0,2,,-1,-1,BT-v3,10078,1,0.5,0,1,0,collision,10.300000000000011,27.5,0.0,1.1000000000000003,10.300000000000011,0.0,0.4264705882352941,0.029411764705882353,
BT-v2,bt,0.0,2,,-1,-1,BT-v3,10079,0,1.0,1,0,0,gun_kill,93.29999999999684,100.0,0.0,3.999999999999994,93.29999999999684,0.0,0.0,0.004828326180257511,4292.010524583069
BT-v2,bt,0.0,2,,-1,-1,BT-v3,10079,1,1.0,1,0,0,gun_kill,112.24999999999577,100.0,8.75,3.999999999999994,112.24999999999577,0.0,0.0,0.005793226381461676,
BT-v2,bt,0.0,2,,-1,-1,BT-v3,10080,0,0.5,0,1,0,collision,8.79999999999999,0.0,0.0,0.0,8.79999999999999,0.0,0.23837209302325582,0.040697674418604654,5513.480000134005
BT-v2,bt,0.0,2,,-1,-1,BT-v3,10080,1,1.0,1,0,0,gun_kill,77.74999999999773,100.0,0.0,3.999999999999994,77.74999999999773,0.0,0.026417525773195876,0.023195876288659795,
BT-v2,bt,0.0,2,,-1,-1,BT-v3,10081,0,0.5,0,1,0,collision,20.70000000000016,0.0,1.25,0.0,20.70000000000016,0.0,0.0,0.021844660194174758,5919.041675769352
BT-v2,bt,0.0,2,,-1,-1,BT-v3,10081,1,0.5,0,1,0,collision,64.89999999999846,51.25,8.75,2.0500000000000007,64.89999999999846,0.0,0.0,0.031635802469135804,
BT-v2,bt,0.0,2,,-1,-1,BT-v3,10082,0,0.5,0,1,0,collision,51.29999999999922,41.25,30.0,1.6500000000000008,51.29999999999922,0.0,0.0458984375,0.041015625,5258.361301005557
BT-v2,bt,0.0,2,,-1,-1,BT-v3,10082,1,0.5,0,1,0,collision,11.150000000000023,8.75,0.0,0.35,11.150000000000023,0.0,0.21363636363636362,0.031818181818181815,
BT-v2,bt,0.0,2,,-1,-1,BT-v3,10083,0,0.5,0,1,0,collision,5.04999999999999,7.5,0.0,0.3,5.04999999999999,0.0,0.9,0.06,7197.044650951941
BT-v2,bt,0.0,2,,-1,-1,BT-v3,10083,1,0.5,0,1,0,collision,34.200000000000195,0.0,0.0,0.0,34.200000000000195,0.0,0.1514705882352941,0.039705882352941174,
BT-v2,bt,0.0,2,,-1,-1,BT-v3,10084,0,0.5,0,1,0,collision,4.849999999999991,6.25,0.0,0.25,4.849999999999991,0.0,0.0,0.0625,6365.165965867763
BT-v2,bt,0.0,2,,-1,-1,BT-v3,10084,1,0.5,0,1,0,collision,4.799999999999991,12.5,11.25,0.49999999999999994,4.799999999999991,0.0,0.0,0.06521739130434782,
BT-v2,bt,0.0,2,,-1,-1,BT-v3,10085,0,0.5,0,1,0,collision,12.050000000000036,43.75,0.0,1.7500000000000009,12.050000000000036,0.0,0.0,0.029166666666666667,6027.1646752049155
BT-v2,bt,0.0,2,,-1,-1,BT-v3,10085,1,0.5,0,1,0,collision,31.35000000000031,0.0,36.25,0.0,31.35000000000031,0.0,0.0,0.03365384615384615,
BT-v2,bt,0.0,2,,-1,-1,BT-v3,10086,0,1.0,1,0,0,gun_kill,109.9999999999959,100.0,0.0,3.999999999999994,109.9999999999959,0.0,0.0,0.0,4536.058528013548
BT-v2,bt,0.0,2,,-1,-1,BT-v3,10086,1,0.5,0,1,0,collision,32.4000000000003,0.0,0.0,0.0,32.4000000000003,0.0,0.0,0.012422360248447204,
BT-v2,bt,0.0,2,,-1,-1,BT-v3,10087,0,0.5,0,1,0,collision,41.44999999999978,0.0,11.25,0.0,41.44999999999978,0.0,0.11594202898550725,0.04468599033816425,5243.479314025657
BT-v2,bt,0.0,2,,-1,-1,BT-v3,10087,1,0.5,0,1,0,collision,4.049999999999994,0.0,0.0,0.0,4.049999999999994,0.0,0.875,0.075,
BT-v2,bt,0.0,2,,-1,-1,BT-v3,10088,0,1.0,1,0,0,gun_kill,116.24999999999554,100.0,0.0,3.999999999999994,116.24999999999554,0.0,0.0,0.03055077452667814,4173.113707241049
BT-v2,bt,0.0,2,,-1,-1,BT-v3,10088,1,0.5,0,1,0,timeout,120.19999999999531,13.75,13.75,0.5499999999999999,120.19999999999531,0.0,0.0,0.0,
BT-v2,bt,0.0,2,,-1,-1,BT-v3,10089,0,1.0,1,0,0,gun_kill,26.250000000000238,100.0,0.0,3.999999999999994,26.250000000000238,0.0,0.0,0.0,6293.20446833155
BT-v2,bt,0.0,2,,-1,-1,BT-v3,10089,1,0.5,0,1,0,timeout,120.19999999999531,0.0,0.0,0.0,120.19999999999531,0.0,0.0,0.0,
BT-v2,bt,0.0,2,,-1,-1,BT-v3,10090,0,0.5,0,1,0,collision,28.100000000000264,0.0,0.0,0.0,28.100000000000264,0.0,0.0625,0.03571428571428571,4510.978066745916
BT-v2,bt,0.0,2,,-1,-1,BT-v3,10090,1,0.5,0,1,0,collision,27.450000000000255,0.0,0.0,0.0,27.450000000000255,0.0,0.06386861313868614,0.012773722627737226,
BT-v2,bt,0.0,2,,-1,-1,BT-v3,10091,0,1.0,1,0,0,gun_kill,107.04999999999606,100.0,0.0,3.999999999999994,107.04999999999606,0.0,0.05327102803738318,0.0032710280373831778,3816.255506308801
BT-v2,bt,0.0,2,,-1,-1,BT-v3,10091,1,0.5,0,1,0,collision,4.549999999999992,13.75,2.5,0.5499999999999999,4.549999999999992,0.0,0.9090909090909091,0.06818181818181818,
BT-v2,bt,0.0,2,,-1,-1,BT-v3,10092,0,0.5,0,1,0,collision,4.399999999999992,0.0,10.0,0.0,4.399999999999992,0.0,0.0,0.08333333333333333,6468.851534105804
BT-v2,bt,0.0,2,,-1,-1,BT-v3,10092,1,0.5,0,1,0,collision,4.399999999999992,3.75,2.5,0.15000000000000002,4.399999999999992,0.0,0.0,0.09523809523809523,
BT-v2,bt,0.0,2,,-1,-1,BT-v3,10093,0,1.0,1,0,0,timeout,120.19999999999531,71.25,0.0,2.849999999999998,120.19999999999531,0.0,0.0,0.0,5082.725991472563
BT-v2,bt,0.0,2,,-1,-1,BT-v3,10093,1,0.0,0,0,1,timeout,120.19999999999531,0.0,58.75,0.0,120.19999999999531,0.0,0.0,0.0,
BT-v2,bt,0.0,2,,-1,-1,BT-v3,10094,0,1.0,1,0,0,gun_kill,87.89999999999715,100.0,0.0,3.999999999999994,87.89999999999715,0.0,0.0785876993166287,0.0,3575.288525003116
BT-v2,bt,0.0,2,,-1,-1,BT-v3,10094,1,1.0,1,0,0,gun_kill,77.04999999999777,100.0,0.0,3.999999999999994,77.04999999999777,0.0,0.08701298701298701,0.0,
BT-v2,bt,0.0,2,,-1,-1,BT-v3,10095,0,0.5,0,1,0,timeout,120.19999999999531,0.0,0.0,0.0,120.19999999999531,0.0,0.0,0.0,4619.580330739376
BT-v2,bt,0.0,2,,-1,-1,BT-v3,10095,1,0.5,0,1,0,collision,33.650000000000226,35.0,0.0,1.4000000000000006,33.650000000000226,0.0,0.0,0.020833333333333332,
BT-v2,bt,0.0,2,,-1,-1,BT-v3,10096,0,1.0,1,0,0,gun_kill,117.99999999999544,100.0,0.0,3.999999999999994,117.99999999999544,0.0,0.05560271646859083,0.0,3737.6331989596383
BT-v2,bt,0.0,2,,-1,-1,BT-v3,10096,1,1.0,1,0,0,gun_kill,91.94999999999692,100.0,0.0,3.999999999999994,91.94999999999692,0.0,0.08115468409586056,0.0,
BT-v2,bt,0.0,2,,-1,-1,BT-v3,10097,0,1.0,1,0,0,gun_kill,113.19999999999571,100.0,0.0,3.999999999999994,113.19999999999571,0.0,0.049557522123893805,0.0,4343.334047776905
BT-v2,bt,0.0,2,,-1,-1,BT-v3,10097,1,0.5,0,1,0,collision,29.450000000000284,0.0,0.0,0.0,29.450000000000284,0.0,0.25510204081632654,0.013605442176870748,
BT-v2,bt,0.0,2,,-1,-1,BT-v3,10098,0,0.5,0,1,0,collision,38.84999999999993,18.75,8.75,0.7500000000000001,38.84999999999993,0.0,0.06572164948453608,0.03608247422680412,4449.10461051252
BT-v2,bt,0.0,2,,-1,-1,BT-v3,10098,1,0.5,0,1,0,collision,18.350000000000126,0.0,0.0,0.0,18.350000000000126,0.0,0.1401098901098901,0.02197802197802198,
BT-v2,bt,0.0,2,,-1,-1,BT-v3,10099,0,0.5,0,1,0,collision,29.400000000000283,2.5,16.25,0.1,29.400000000000283,0.0,0.0,0.04280821917808219,4595.71889788498
BT-v2,bt,0.0,2,,-1,-1,BT-v3,10099,1,1.0,1,0,0,gun_kill,115.49999999999558,100.0,11.25,3.999999999999994,115.49999999999558,0.0,0.0,0.02123050259965338,
BT-v3,bt,0.0,3,,-1,-1,BT-v2,10000,0,0.5,0,1,0,collision,6.299999999999986,0.0,0.0,0.0,6.299999999999986,0.0,0.0,0.056451612903225805,6184.5870650897
BT-v3,bt,0.0,3,,-1,-1,BT-v2,10000,1,0.5,0,1,0,collision,28.000000000000263,5.0,3.75,0.2,28.000000000000263,0.0,0.0,0.04316546762589928,
BT-v3,bt,0.0,3,,-1,-1,BT-v2,10001,0,0.0,0,0,1,timeout,120.19999999999531,0.0,18.75,0.0,120.19999999999531,0.0,0.0,0.0,5020.9903047259295
BT-v3,bt,0.0,3,,-1,-1,BT-v2,10001,1,1.0,1,0,0,timeout,120.19999999999531,57.5,0.0,2.3,120.19999999999531,0.0,0.0,0.0,
BT-v3,bt,0.0,3,,-1,-1,BT-v2,10002,0,0.5,0,1,0,collision,12.900000000000048,0.0,0.0,0.0,12.900000000000048,0.0,0.0,0.03125,5541.761590599327
BT-v3,bt,0.0,3,,-1,-1,BT-v2,10002,1,0.5,0,1,0,collision,72.24999999999804,2.5,0.0,0.1,72.24999999999804,0.0,0.0,0.04293628808864266,
BT-v3,bt,0.0,3,,-1,-1,BT-v2,10003,0,0.5,0,1,0,collision,12.550000000000043,0.0,0.0,0.0,12.550000000000043,0.0,0.0,0.028225806451612902,7462.221382101528
BT-v3,bt,0.0,3,,-1,-1,BT-v2,10003,1,1.0,1,0,0,timeout,120.19999999999531,32.5,0.0,1.3000000000000005,120.19999999999531,0.0,0.0,0.0,
BT-v3,bt,0.0,3,,-1,-1,BT-v2,10004,0,0.0,0,0,1,gun_kill,113.69999999999568,0.0,100.0,0.0,113.69999999999568,0.0,0.0,0.0,4723.057593985294
BT-v3,bt,0.0,3,,-1,-1,BT-v2,10004,1,1.0,1,0,0,timeout,120.19999999999531,62.5,0.0,2.499999999999999,120.19999999999531,0.0,0.0,0.0,
BT-v3,bt,0.0,3,,-1,-1,BT-v2,10005,0,0.0,0,0,1,gun_kill,47.94999999999941,0.0,100.0,0.0,47.94999999999941,0.0,0.0,0.0020920502092050207,6477.52509489064
BT-v3,bt,0.0,3,,-1,-1,BT-v2,10005,1,0.0,0,0,1,timeout,120.19999999999531,5.0,86.25,0.2,120.19999999999531,0.0,0.0,0.004159733777038269,
BT-v3,bt,0.0,3,,-1,-1,BT-v2,10006,0,0.0,0,0,1,gun_kill,93.54999999999683,0.0,100.0,0.0,93.54999999999683,0.0,0.0,0.0,4608.930007969161
BT-v3,bt,0.0,3,,-1,-1,BT-v2,10006,1,0.0,0,0,1,gun_kill,107.74999999999602,15.0,100.0,0.6,107.74999999999602,0.0,0.0,0.0,
BT-v3,bt,0.0,3,,-1,-1,BT-v2,10007,0,0.0,0,0,1,gun_kill,108.74999999999596,0.0,100.0,0.0,108.74999999999596,0.0,0.0,0.0,4398.94470204674
BT-v3,bt,0.0,3,,-1,-1,BT-v2,10007,1,0.5,0,1,0,collision,39.69999999999988,7.5,0.0,0.3,39.69999999999988,0.0,0.0,0.027777777777777776,
BT-v3,bt,0.0,3,,-1,-1,BT-v2,10008,0,0.5,0,1,0,collision,27.05000000000025,0.0,7.5,0.0,27.05000000000025,0.0,0.0,0.03888888888888889,5821.1483929379
BT-v3,bt,0.0,3,,-1,-1,BT-v2,10008,1,0.0,0,0,1,gun_kill,116.7999999999955,22.5,100.0,0.9000000000000002,116.7999999999955,0.0,0.0,0.02144082332761578,
BT-v3,bt,0.0,3,,-1,-1,BT-v2,10009,0,0.0,0,0,1,gun_kill,113.74999999999568,0.0,100.0,0.0,113.74999999999568,0.0,0.0,0.009683098591549295,4882.552476972813
BT-v3,bt,0.0,3,,-1,-1,BT-v2,10009,1,0.5,0,1,0,collision,37.25000000000002,2.5,0.0,0.1,37.25000000000002,0.0,0.0,0.033602150537634407,
BT-v3,bt,0.0,3,,-1,-1,BT-v2,10010,0,0.5,0,1,0,collision,20.950000000000163,37.5,12.5,1.5000000000000007,20.950000000000163,0.0,0.0,0.04567307692307692,5332.132021591183
BT-v3,bt,0.0,3,,-1,-1,BT-v2,10010,1,0.5,0,1,0,collision,38.69999999999994,0.0,47.5,0.0,38.69999999999994,0.0,0.0,0.046632124352331605,
BT-v3,bt,0.0,3,,-1,-1,BT-v2,10011,0,0.0,0,0,1,gun_kill,116.44999999999553,0.0,100.0,0.0,116.44999999999553,0.0,0.0,0.00859106529209622,4938.871018544976
BT-v3,bt,0.0,3,,-1,-1,BT-v2,10011,1,0.5,0,1,0,collision,9.299999999999997,20.0,0.0,0.8000000000000002,9.299999999999997,0.0,0.0,0.03804347826086957,
BT-v3,bt,0.0,3,,-1,-1,BT-v2,10012,0,0.5,0,1,0,collision,3.7499999999999947,0.0,2.5,0.0,3.7499999999999947,0.0,0.0,0.08333333333333333,6497.204199055516
BT-v3,bt,0.0,3,,-1,-1,BT-v2,10012,1,0.5,0,1,0,collision,3.649999999999995,17.5,0.0,0.7000000000000001,3.649999999999995,0.0,0.0,0.06944444444444445,
BT-v3,bt,0.0,3,,-1,-1,BT-v2,10013,0,0.5,0,1,0,collision,31.750000000000316,0.0,0.0,0.0,31.750000000000316,0.0,0.0,0.012658227848101266,6012.488320543559
BT-v3,bt,0.0,3,,-1,-1,BT-v2,10013,1,0.0,0,0,1,gun_kill,112.39999999999576,0.0,100.0,0.0,112.39999999999576,0.0,0.0,0.01871657754010695,
BT-v3,bt,0.0,3,,-1,-1,BT-v2,10014,0,0.5,0,1,0,collision,33.00000000000026,12.5,45.0,0.49999999999999994,33.00000000000026,0.0,0.0,0.0350609756097561,6354.527620414041
BT-v3,bt,0.0,3,,-1,-1,BT-v2,10014,1,0.5,0,1,0,collision,43.09999999999969,0.0,0.0,0.0,43.09999999999969,0.0,0.0,0.026744186046511628,
BT-v3,bt,0.0,3,,-1,-1,BT-v2,10015,0,0.5,0,1,0,collision,33.500000000000234,7.5,26.25,0.3,33.500000000000234,0.0,0.0,0.038922155688622756,5198.538563640738
BT-v3,bt,0.0,3,,-1,-1,BT-v2,10015,1,0.0,0,0,1,timeout,120.19999999999531,33.75,55.0,1.3500000000000005,120.19999999999531,0.0,0.0,0.0,
BT-v3,bt,0.0,3,,-1,-1,BT-v2,10016,0,0.0,0,0,1,gun_kill,108.94999999999595,11.25,100.0,0.44999999999999996,108.94999999999595,0.0,0.0,0.04411764705882353,4458.613186796588
BT-v3,bt,0.0,3,,-1,-1,BT-v2,10016,1,0.5,0,1,0,collision,4.549999999999992,0.0,5.0,0.0,4.549999999999992,0.0,0.0,0.07954545454545454,
BT-v3,bt,0.0,3,,-1,-1,BT-v2,10017,0,0.0,0,0,1,gun_kill,28.50000000000027,0.0,100.0,0.0,28.50000000000027,0.0,0.0,0.0,6028.034355583205
BT-v3,bt,0.0,3,,-1,-1,BT-v2,10017,1,1.0,1,0,0,timeout,120.19999999999531,58.75,0.0,2.3499999999999996,120.19999999999531,0.0,0.0,0.0,
BT-v3,bt,0.0,3,,-1,-1,BT-v2,10018,0,0.5,0,1,0,collision,79.44999999999763,0.0,25.0,0.0,79.44999999999763,0.0,0.0,0.04722921914357683,4473.834688789583
BT-v3,bt,0.0,3,,-1,-1,BT-v2,10018,1,0.0,0,0,1,gun_kill,114.09999999999566,0.0,100.0,0.0,114.09999999999566,0.0,0.0,0.005701754385964913,
BT-v3,bt,0.0,3,,-1,-1,BT-v2,10019,0,0.5,0,1,0,collision,14.750000000000075,0.0,0.0,0.0,14.750000000000075,0.0,0.0,0.0273972602739726,5727.502098920386
BT-v3,bt,0.0,3,,-1,-1,BT-v2,10019,1,0.5,0,1,0,collision,36.45000000000007,7.5,22.5,0.3,36.45000000000007,0.0,0.0,0.034340659340659344,
BT-v3,bt,0.0,3,,-1,-1,BT-v2,10020,0,0.5,0,1,0,collision,4.249999999999993,1.25,0.0,0.05,4.249999999999993,0.0,0.0,0.07142857142857142,7070.941856458193
BT-v3,bt,0.0,3,,-1,-1,BT-v2,10020,1,0.5,0,1,0,collision,4.249999999999993,0.0,2.5,0.0,4.249999999999993,0.0,0.0,0.07142857142857142,
BT-v3,bt,0.0,3,,-1,-1,BT-v2,10021,0,0.5,0,1,0,collision,4.599999999999992,0.0,6.25,0.0,4.599999999999992,0.0,0.0,0.06818181818181818,6590.216831073538
BT-v3,bt,0.0,3,,-1,-1,BT-v2,10021,1,0.5,0,1,0,collision,4.449999999999992,6.25,0.0,0.25,4.449999999999992,0.0,0.0,0.056818181818181816,
BT-v3,bt,0.0,3,,-1,-1,BT-v2,10022,0,0.5,0,1,0,collision,30.450000000000298,2.5,0.0,0.1,30.450000000000298,0.0,0.0,0.039473684210526314,6645.992507298885
BT-v3,bt,0.0,3,,-1,-1,BT-v2,10022,1,0.5,0,1,0,collision,7.549999999999981,0.0,0.0,0.0,7.549999999999981,0.0,0.0,0.04054054054054054,
BT-v3,bt,0.0,3,,-1,-1,BT-v2,10023,0,0.5,0,1,0,timeout,120.19999999999531,0.0,0.0,0.0,120.19999999999531,0.0,0.0,0.0,5194.956545916627
BT-v3,bt,0.0,3,,-1,-1,BT-v2,10023,1,0.5,0,1,0,timeout,120.19999999999531,0.0,0.0,0.0,120.19999999999531,0.0,0.0,0.0,
BT-v3,bt,0.0,3,,-1,-1,BT-v2,10024,0,0.0,0,0,1,gun_kill,108.64999999999597,18.75,100.0,0.7500000000000001,108.64999999999597,0.0,0.0,0.0,4215.115992763248
BT-v3,bt,0.0,3,,-1,-1,BT-v2,10024,1,0.0,0,0,1,gun_kill,87.54999999999717,0.0,100.0,0.0,87.54999999999717,0.0,0.0,0.0,
BT-v3,bt,0.0,3,,-1,-1,BT-v2,10025,0,0.5,0,1,0,collision,41.49999999999978,3.75,10.0,0.15000000000000002,41.49999999999978,0.0,0.0,0.022946859903381644,6840.793698672242
BT-v3,bt,0.0,3,,-1,-1,BT-v2,10025,1,1.0,1,0,0,timeout,120.19999999999531,28.75,0.0,1.1500000000000004,120.19999999999531,0.0,0.0,0.0,
BT-v3,bt,0.0,3,,-1,-1,BT-v2,10026,0,0.0,0,0,1,timeout,120.19999999999531,6.25,45.0,0.25,120.19999999999531,0.0,0.0,0.0012479201331114808,4295.156314129072
BT-v3,bt,0.0,3,,-1,-1,BT-v2,10026,1,0.0,0,0,1,gun_kill,98.49999999999655,0.0,100.0,0.0,98.49999999999655,0.0,0.0,0.0,
BT-v3,bt,0.0,3,,-1,-1,BT-v2,10027,0,0.0,0,0,1,gun_kill,48.89999999999936,23.75,100.0,0.9500000000000003,48.89999999999936,0.0,0.0,0.0030737704918032786,6077.681271287935
BT-v3,bt,0.0,3,,-1,-1,BT-v2,10027,1,0.0,0,0,1,gun_kill,39.54999999999989,0.0,100.0,0.0,39.54999999999989,0.0,0.0,0.0,
BT-v3,bt,0.0,3,,-1,-1,BT-v2,10028,0,0.0,0,0,1,gun_kill,94.59999999999677,0.0,100.0,0.0,94.59999999999677,0.0,0.0,0.0,4672.892512148419
BT-v3,bt,0.0,3,,-1,-1,BT-v2,10028,1,0.0,0,0,1,timeout,120.19999999999531,17.5,72.5,0.7000000000000001,120.19999999999531,0.0,0.0,0.005407653910149751,
BT-v3,bt,0.0,3,,-1,-1,BT-v2,10029,0,0.0,0,0,1,gun_kill,103.24999999999628,0.0,100.0,0.0,103.24999999999628,0.0,0.0,0.0,4757.618691677064
BT-v3,bt,0.0,3,,-1,-1,BT-v2,10029,1,0.0,0,0,1,gun_kill,108.84999999999596,0.0,100.0,0.0,108.84999999999596,0.0,0.0,0.0,
BT-v3,bt,0.0,3,,-1,-1,BT-v2,10030,0,0.0,0,0,1,gun_kill,81.54999999999751,0.0,100.0,0.0,81.54999999999751,0.0,0.0,0.0036855036855036856,4451.881891613533
BT-v3,bt,0.0,3,,-1,-1,BT-v2,10030,1,0.5,0,1,0,collision,12.35000000000004,11.25,0.0,0.44999999999999996,12.35000000000004,0.0,0.0,0.028688524590163935,
BT-v3,bt,0.0,3,,-1,-1,BT-v2,10031,0,0.0,0,0,1,gun_kill,98.74999999999653,0.0,100.0,0.0,98.74999999999653,0.0,0.0,0.0,4313.765624799461
BT-v3,bt,0.0,3,,-1,-1,BT-v2,10031,1,0.0,0,0,1,gun_kill,87.79999999999715,0.0,100.0,0.0,87.79999999999715,0.0,0.0,0.0,
BT-v3,bt,0.0,3,,-1,-1,BT-v2,10032,0,0.0,0,0,1,timeout,120.19999999999531,0.0,3.75,0.0,120.19999999999531,0.0,0.0,0.019550748752079867,4447.162308185857
BT-v3,bt,0.0,3,,-1,-1,BT-v2,10032,1,0.5,0,1,0,collision,39.299999999999905,0.0,7.5,0.0,39.299999999999905,0.0,0.0,0.02423469387755102,
BT-v3,bt,0.0,3,,-1,-1,BT-v2,10033,0,0.5,0,1,0,collision,25.05000000000022,7.5,22.5,0.3,25.05000000000022,0.0,0.0,0.034,6391.556133822115
BT-v3,bt,0.0,3,,-1,-1,BT-v2,10033,1,0.5,0,1,0,collision,4.099999999999993,0.0,0.0,0.0,4.099999999999993,0.0,0.0,0.075,
BT-v3,bt,0.0,3,,-1,-1,BT-v2,10034,0,0.5,0,1,0,collision,38.29999999999996,18.75,6.25,0.7500000000000001,38.29999999999996,0.0,0.0,0.020942408376963352,5758.155289771705
BT-v3,bt,0.0,3,,-1,-1,BT-v2,10034,1,1.0,1,0,0,timeout,120.19999999999531,23.75,0.0,0.9500000000000003,120.19999999999531,0.0,0.0,0.0,
BT-v3,bt,0.0,3,,-1,-1,BT-v2,10035,0,0.0,0,0,1,gun_kill,90.09999999999702,0.0,100.0,0.0,90.09999999999702,0.0,0.0,0.0,4200.465225241314
BT-v3,bt,0.0,3,,-1,-1,BT-v2,10035,1,0.0,0,0,1,gun_kill,99.1999999999965,26.25,100.0,1.0500000000000003,99.1999999999965,0.0,0.0,0.00808080808080808,
BT-v3,bt,0.0,3,,-1,-1,BT-v2,10036,0,0.0,0,0,1,gun_kill,91.19999999999696,0.0,100.0,0.0,91.19999999999696,0.0,0.0,0.007692307692307693,4266.268832785146
BT-v3,bt,0.0,3,,-1,-1,BT-v2,10036,1,0.5,0,1,0,collision,40.99999999999981,16.25,0.0,0.65,40.99999999999981,0.0,0.0,0.049019607843137254,
BT-v3,bt,0.0,3,,-1,-1,BT-v2,10037,0,0.0,0,0,1,timeout,120.19999999999531,0.0,75.0,0.0,120.19999999999531,0.0,0.0,0.0,4118.718507892514
BT-v3,bt,0.0,3,,-1,-1,BT-v2,10037,1,0.0,0,0,1,gun_kill,101.54999999999637,0.0,100.0,0.0,101.54999999999637,0.0,0.0,0.0,
BT-v3,bt,0.0,3,,-1,-1,BT-v2,10038,0,0.5,0,1,0,collision,10.95000000000002,0.0,1.25,0.0,10.95000000000002,0.0,0.0,0.046296296296296294,6717.023306009542
BT-v3,bt,0.0,3,,-1,-1,BT-v2,10038,1,1.0,1,0,0,timeout,120.19999999999531,11.25,0.0,0.44999999999999996,120.19999999999531,0.0,0.0,0.0,
BT-v3,bt,0.0,3,,-1,-1,BT-v2,10039,0,0.0,0,0,1,gun_kill,91.29999999999696,22.5,100.0,0.9000000000000002,91.29999999999696,0.0,0.0,0.006578947368421052,3735.5380722711507
BT-v3,bt,0.0,3,,-1,-1,BT-v2,10039,1,0.0,0,0,1,gun_kill,41.79999999999976,0.0,100.0,0.0,41.79999999999976,0.0,0.0,0.0,
BT-v3,bt,0.0,3,,-1,-1,BT-v2,10040,0,0.0,0,0,1,gun_kill,105.49999999999615,0.0,100.0,0.0,105.49999999999615,0.0,0.0,0.004269449715370019,4794.369994551142
BT-v3,bt,0.0,3,,-1,-1,BT-v2,10040,1,1.0,1,0,0,timeout,120.19999999999531,21.25,8.75,0.8500000000000002,120.19999999999531,0.0,0.0,0.005823627287853577,
BT-v3,bt,0.0,3,,-1,-1,BT-v2,10041,0,0.5,0,1,0,collision,7.649999999999981,1.25,0.0,0.05,7.649999999999981,0.0,0.0,0.05263157894736842,5093.307553579638
BT-v3,bt,0.0,3,,-1,-1,BT-v2,10041,1,0.5,0,1,0,collision,7.7499999999999805,0.0,0.0,0.0,7.7499999999999805,0.0,0.0,0.05263157894736842,
BT-v3,bt,0.0,3,,-1,-1,BT-v2,10042,0,0.5,0,1,0,collision,6.099999999999986,0.0,0.0,0.0,6.099999999999986,0.0,0.0,0.05,7039.023382092181
BT-v3,bt,0.0,3,,-1,-1,BT-v2,10042,1,1.0,1,0,0,timeout,120.19999999999531,2.5,0.0,0.1,120.19999999999531,0.0,0.0,0.018718801996672214,
BT-v3,bt,0.0,3,,-1,-1,BT-v2,10043,0,0.5,0,1,0,collision,13.950000000000063,0.0,0.0,0.0,13.950000000000063,0.0,0.0,0.028985507246376812,5689.798329898892
BT-v3,bt,0.0,3,,-1,-1,BT-v2,10043,1,0.5,0,1,0,collision,14.000000000000064,0.0,0.0,0.0,14.000000000000064,0.0,0.0,0.028985507246376812,
BT-v3,bt,0.0,3,,-1,-1,BT-v2,10044,0,0.0,0,0,1,gun_kill,119.04999999999538,0.0,100.0,0.0,119.04999999999538,0.0,0.0,0.01134453781512605,4970.83758272785
BT-v3,bt,0.0,3,,-1,-1,BT-v2,10044,1,0.5,0,1,0,collision,52.09999999999918,0.0,0.0,0.0,52.09999999999918,0.0,0.0,0.023076923076923078,
BT-v3,bt,0.0,3,,-1,-1,BT-v2,10045,0,0.5,0,1,0,timeout,120.19999999999531,0.0,0.0,0.0,120.19999999999531,0.0,0.0,0.0,5897.9648378749425
BT-v3,bt,0.0,3,,-1,-1,BT-v2,10045,1,0.5,0,1,0,timeout,120.19999999999531,0.0,0.0,0.0,120.19999999999531,0.0,0.0,0.0,
BT-v3,bt,0.0,3,,-1,-1,BT-v2,10046,0,0.0,0,0,1,gun_kill,52.54999999999915,25.0,100.0,1.0000000000000002,52.54999999999915,0.0,0.0,0.011450381679389313,6450.951097579656
BT-v3,bt,0.0,3,,-1,-1,BT-v2,10046,1,0.0,0,0,1,gun_kill,98.44999999999655,0.0,100.0,0.0,98.44999999999655,0.0,0.0,0.0,
BT-v3,bt,0.0,3,,-1,-1,BT-v2,10047,0,0.5,0,1,0,collision,8.249999999999982,0.0,0.0,0.0,8.249999999999982,0.0,0.0,0.054878048780487805,4921.25622586643
BT-v3,bt,0.0,3,,-1,-1,BT-v2,10047,1,0.5,0,1,0,collision,8.249999999999982,0.0,0.0,0.0,8.249999999999982,0.0,0.0,0.054878048780487805,
BT-v3,bt,0.0,3,,-1,-1,BT-v2,10048,0,0.0,0,0,1,gun_kill,98.39999999999655,0.0,100.0,0.0,98.39999999999655,0.0,0.0,0.0,4458.943817931065
BT-v3,bt,0.0,3,,-1,-1,BT-v2,10048,1,1.0,1,0,0,timeout,120.19999999999531,92.5,0.0,3.699999999999995,120.19999999999531,0.0,0.0,0.0,
BT-v3,bt,0.0,3,,-1,-1,BT-v2,10049,0,0.5,0,1,0,collision,32.950000000000266,0.0,2.5,0.0,32.950000000000266,0.0,0.0,0.03201219512195122,6382.798241027533
BT-v3,bt,0.0,3,,-1,-1,BT-v2,10049,1,0.0,0,0,1,gun_kill,106.64999999999608,33.75,100.0,1.3500000000000005,106.64999999999608,0.0,0.0,0.00046904315196998124,
BT-v3,bt,0.0,3,,-1,-1,BT-v2,10050,0,0.5,0,1,0,collision,32.70000000000028,0.0,0.0,0.0,32.70000000000028,0.0,0.0,0.009202453987730062,5554.822163180733
BT-v3,bt,0.0,3,,-1,-1,BT-v2,10050,1,0.0,0,0,1,gun_kill,97.94999999999658,0.0,100.0,0.0,97.94999999999658,0.0,0.0,0.03425357873210634,
BT-v3,bt,0.0,3,,-1,-1,BT-v2,10051,0,0.5,0,1,0,collision,4.199999999999993,0.0,22.5,0.0,4.199999999999993,0.0,0.0,0.0625,6920.330516148303
BT-v3,bt,0.0,3,,-1,-1,BT-v2,10051,1,0.5,0,1,0,collision,4.149999999999993,6.25,5.0,0.25,4.149999999999993,0.0,0.0,0.0625,
BT-v3,bt,0.0,3,,-1,-1,BT-v2,10052,0,0.5,0,1,0,collision,27.600000000000257,1.25,0.0,0.05,27.600000000000257,0.0,0.0,0.041970802919708027,5805.77936436752
BT-v3,bt,0.0,3,,-1,-1,BT-v2,10052,1,0.0,0,0,1,gun_kill,102.8499999999963,0.0,100.0,0.0,102.8499999999963,0.0,0.0,0.008754863813229572,
BT-v3,bt,0.0,3,,-1,-1,BT-v2,10053,0,0.5,0,1,0,collision,38.89999999999993,15.0,26.25,0.6,38.89999999999993,0.0,0.0,0.03479381443298969,6288.379425419538
BT-v3,bt,0.0,3,,-1,-1,BT-v2,10053,1,0.5,0,1,0,collision,37.50000000000001,20.0,15.0,0.8000000000000002,37.50000000000001,0.0,0.0,0.03208556149732621,
BT-v3,bt,0.0,3,,-1,-1,BT-v2,10054,0,0.5,0,1,0,collision,31.95000000000032,7.5,16.25,0.3,31.95000000000032,0.0,0.0,0.0440251572327044,4741.670544975779
BT-v3,bt,0.0,3,,-1,-1,BT-v2,10054,1,0.5,0,1,0,collision,10.450000000000014,0.0,0.0,0.0,10.450000000000014,0.0,0.0,0.038461538461538464,
BT-v3,bt,0.0,3,,-1,-1,BT-v2,10055,0,0.5,0,1,0,collision,6.799999999999984,5.0,25.0,0.2,6.799999999999984,0.0,0.0,0.06060606060606061,5199.460849568437
BT-v3,bt,0.0,3,,-1,-1,BT-v2,10055,1,0.5,0,1,0,collision,17.25000000000011,0.0,0.0,0.0,17.25000000000011,0.0,0.0,0.06686046511627906,
BT-v3,bt,0.0,3,,-1,-1,BT-v2,10056,0,0.5,0,1,0,collision,5.349999999999989,0.0,6.25,0.0,5.349999999999989,0.0,0.0,0.04807692307692308,6385.810012839711
BT-v3,bt,0.0,3,,-1,-1,BT-v2,10056,1,0.0,0,0,1,gun_kill,98.39999999999655,0.0,100.0,0.0,98.39999999999655,0.0,0.0,0.04378818737270876,
BT-v3,bt,0.0,3,,-1,-1,BT-v2,10057,0,0.5,0,1,0,collision,27.80000000000026,3.75,0.0,0.15000000000000002,27.80000000000026,0.0,0.0,0.04528985507246377,5499.952473377716
BT-v3,bt,0.0,3,,-1,-1,BT-v2,10057,1,0.5,0,1,0,collision,27.90000000000026,0.0,6.25,0.0,27.90000000000026,0.0,0.0,0.04316546762589928,
BT-v3,bt,0.0,3,,-1,-1,BT-v2,10058,0,0.5,0,1,0,collision,26.800000000000246,27.5,0.0,1.1000000000000003,26.800000000000246,0.0,0.0,0.03383458646616541,4918.038039269607
BT-v3,bt,0.0,3,,-1,-1,BT-v2,10058,1,0.0,0,0,1,gun_kill,93.34999999999684,0.0,100.0,0.0,93.34999999999684,0.0,0.0,0.0,
BT-v3,bt,0.0,3,,-1,-1,BT-v2,10059,0,0.0,0,0,1,gun_kill,112.69999999999574,0.0,100.0,0.0,112.69999999999574,0.0,0.0,0.0,4763.707878097536
BT-v3,bt,0.0,3,,-1,-1,BT-v2,10059,1,0.0,0,0,1,timeout,120.19999999999531,0.0,78.75,0.0,120.19999999999531,0.0,0.0,0.0,
BT-v3,bt,0.0,3,,-1,-1,BT-v2,10060,0,0.5,0,1,0,collision,26.600000000000243,0.0,12.5,0.0,26.600000000000243,0.0,0.0,0.03787878787878788,6578.4364385689405
BT-v3,bt,0.0,3,,-1,-1,BT-v2,10060,1,0.5,0,1,0,collision,16.150000000000095,0.0,0.0,0.0,16.150000000000095,0.0,0.0,0.021875,
BT-v3,bt,0.0,3,,-1,-1,BT-v2,10061,0,0.0,0,0,1,timeout,120.19999999999531,0.0,36.25,0.0,120.19999999999531,0.0,0.0,0.037853577371048254,4535.574835275453
BT-v3,bt,0.0,3,,-1,-1,BT-v2,10061,1,0.5,0,1,0,collision,32.75000000000028,13.75,0.0,0.5499999999999999,32.75000000000028,0.0,0.0,0.032208588957055216,
BT-v3,bt,0.0,3,,-1,-1,BT-v2,10062,0,0.0,0,0,1,gun_kill,116.34999999999553,0.0,100.0,0.0,116.34999999999553,0.0,0.0,0.0051635111876075735,4859.162281850328
BT-v3,bt,0.0,3,,-1,-1,BT-v2,10062,1,0.5,0,1,0,collision,37.550000000000004,31.25,21.25,1.2500000000000004,37.550000000000004,0.0,0.0,0.0481283422459893,
BT-v3,bt,0.0,3,,-1,-1,BT-v2,10063,0,0.5,0,1,0,collision,5.04999999999999,0.0,6.25,0.0,5.04999999999999,0.0,0.0,0.07,5356.058676530129
BT-v3,bt,0.0,3,,-1,-1,BT-v2,10063,1,0.0,0,0,1,gun_kill,95.34999999999673,7.5,100.0,0.3,95.34999999999673,0.0,0.0,0.03466386554621849,
BT-v3,bt,0.0,3,,-1,-1,BT-v2,10064,0,0.0,0,0,1,timeout,120.19999999999531,0.0,26.25,0.0,120.19999999999531,0.0,0.0,0.0,5142.567926228665
BT-v3,bt,0.0,3,,-1,-1,BT-v2,10064,1,1.0,1,0,0,timeout,120.19999999999531,77.5,0.0,3.099999999999997,120.19999999999531,0.0,0.0,0.0,
BT-v3,bt,0.0,3,,-1,-1,BT-v2,10065,0,0.0,0,0,1,timeout,120.19999999999531,30.0,91.25,1.2000000000000004,120.19999999999531,0.0,0.0,0.014143094841930116,4090.4054244487957
BT-v3,bt,0.0,3,,-1,-1,BT-v2,10065,1,0.0,0,0,1,gun_kill,89.94999999999703,0.0,100.0,0.0,89.94999999999703,0.0,0.0,0.0,
BT-v3,bt,0.0,3,,-1,-1,BT-v2,10066,0,0.0,0,0,1,gun_kill,88.7499999999971,0.0,100.0,0.0,88.7499999999971,0.0,0.0,0.005079006772009029,4436.12610206789
BT-v3,bt,0.0,3,,-1,-1,BT-v2,10066,1,0.0,0,0,1,gun_kill,109.09999999999594,5.0,100.0,0.2,109.09999999999594,0.0,0.0,0.016055045871559634,
BT-v3,bt,0.0,3,,-1,-1,BT-v2,10067,0,0.0,0,0,1,timeout,120.19999999999531,0.0,8.75,0.0,120.19999999999531,0.0,0.0,0.0,5058.980721605765
BT-v3,bt,0.0,3,,-1,-1,BT-v2,10067,1,1.0,1,0,0,timeout,120.19999999999531,12.5,0.0,0.49999999999999994,120.19999999999531,0.0,0.0,0.0,
BT-v3,bt,0.0,3,,-1,-1,BT-v2,10068,0,0.5,0,1,0,collision,45.14999999999957,0.0,3.75,0.0,45.14999999999957,0.0,0.0,0.03222222222222222,5903.613456772166
BT-v3,bt,0.0,3,,-1,-1,BT-v2,10068,1,0.5,0,1,0,collision,43.44999999999967,15.0,5.0,0.6,43.44999999999967,0.0,0.0,0.02880184331797235,
BT-v3,bt,0.0,3,,-1,-1,BT-v2,10069,0,0.5,0,1,0,collision,11.050000000000022,0.0,0.0,0.0,11.050000000000022,0.0,0.0,0.04090909090909091,5825.697924637587
BT-v3,bt,0.0,3,,-1,-1,BT-v2,10069,1,0.5,0,1,0,collision,33.25000000000025,17.5,3.75,0.7000000000000001,33.25000000000025,0.0,0.0,0.03765060240963856,
BT-v3,bt,0.0,3,,-1,-1,BT-v2,10070,0,0.5,0,1,0,collision,4.249999999999993,6.25,20.0,0.25,4.249999999999993,0.0,0.0,0.07142857142857142,7305.887986191556
BT-v3,bt,0.0,3,,-1,-1,BT-v2,10070,1,0.5,0,1,0,collision,26.650000000000244,0.0,21.25,0.0,26.650000000000244,0.0,0.0,0.03195488721804511,
BT-v3,bt,0.0,3,,-1,-1,BT-v2,10071,0,0.5,0,1,0,collision,30.00000000000029,0.0,18.75,0.0,30.00000000000029,0.0,0.0,0.03859060402684564,5998.9549528014195
BT-v3,bt,0.0,3,,-1,-1,BT-v2,10071,1,0.5,0,1,0,collision,31.150000000000308,0.0,30.0,0.0,31.150000000000308,0.0,0.0,0.03387096774193549,
BT-v3,bt,0.0,3,,-1,-1,BT-v2,10072,0,0.0,0,0,1,gun_kill,95.09999999999674,0.0,100.0,0.0,95.09999999999674,0.0,0.0,0.0,4593.728450415077
BT-v3,bt,0.0,3,,-1,-1,BT-v2,10072,1,0.0,0,0,1,gun_kill,112.59999999999575,26.25,100.0,1.0500000000000003,112.59999999999575,0.0,0.0,0.0066725978647686835,
BT-v3,bt,0.0,3,,-1,-1,BT-v2,10073,0,0.0,0,0,1,gun_kill,111.34999999999582,0.0,100.0,0.0,111.34999999999582,0.0,0.0,0.008992805755395683,4534.101470562819
BT-v3,bt,0.0,3,,-1,-1,BT-v2,10073,1,1.0,1,0,0,timeout,120.19999999999531,8.75,0.0,0.35,120.19999999999531,0.0,0.0,0.0,
BT-v3,bt,0.0,3,,-1,-1,BT-v2,10074,0,0.5,0,1,0,timeout,120.19999999999531,0.0,0.0,0.0,120.19999999999531,0.0,0.0,0.0,5511.0672398993465
BT-v3,bt,0.0,3,,-1,-1,BT-v2,10074,1,0.0,0,0,1,timeout,120.19999999999531,0.0,30.0,0.0,120.19999999999531,0.0,0.0,0.007903494176372712,
BT-v3,bt,0.0,3,,-1,-1,BT-v2,10075,0,0.5,0,1,0,collision,25.65000000000023,12.5,0.0,0.49999999999999994,25.65000000000023,0.0,0.0,0.033203125,6489.155963212948
BT-v3,bt,0.0,3,,-1,-1,BT-v2,10075,1,0.0,0,0,1,gun_kill,78.94999999999766,0.0,100.0,0.0,78.94999999999766,0.0,0.0,0.02982233502538071,
BT-v3,bt,0.0,3,,-1,-1,BT-v2,10076,0,0.0,0,0,1,timeout,120.19999999999531,1.25,78.75,0.05,120.19999999999531,0.0,0.0,0.03826955074875208,4941.152105221517
BT-v3,bt,0.0,3,,-1,-1,BT-v2,10076,1,0.5,0,1,0,collision,7.4499999999999815,0.0,0.0,0.0,7.4499999999999815,0.0,0.0,0.04054054054054054,
BT-v3,bt,0.0,3,,-1,-1,BT-v2,10077,0,0.0,0,0,1,gun_kill,103.99999999999623,0.0,100.0,0.0,103.99999999999623,0.0,0.0,0.0,4115.839010557619
BT-v3,bt,0.0,3,,-1,-1,BT-v2,10077,1,0.0,0,0,1,gun_kill,83.4499999999974,0.0,100.0,0.0,83.4499999999974,0.0,0.0,0.009592326139088728,
BT-v3,bt,0.0,3,,-1,-1,BT-v2,10078,0,0.5,0,1,0,collision,10.300000000000011,0.0,27.5,0.0,10.300000000000011,0.0,0.0,0.029411764705882353,7013.225712627657
BT-v3,bt,0.0,3,,-1,-1,BT-v2,10078,1,0.5,0,1,0,timeout,120.19999999999531,0.0,0.0,0.0,120.19999999999531,0.0,0.0,0.0,
BT-v3,bt,0.0,3,,-1,-1,BT-v2,10079,0,0.0,0,0,1,gun_kill,112.24999999999577,8.75,100.0,0.35,112.24999999999577,0.0,0.0,0.005793226381461676,4324.653264806037
BT-v3,bt,0.0,3,,-1,-1,BT-v2,10079,1,0.0,0,0,1,gun_kill,93.29999999999684,0.0,100.0,0.0,93.29999999999684,0.0,0.0,0.004828326180257511,
BT-v3,bt,0.0,3,,-1,-1,BT-v2,10080,0,0.0,0,0,1,gun_kill,77.74999999999773,0.0,100.0,0.0,77.74999999999773,0.0,0.0,0.023195876288659795,4257.863264688565
BT-v3,bt,0.0,3,,-1,-1,BT-v2,10080,1,0.5,0,1,0,collision,8.79999999999999,0.0,0.0,0.0,8.79999999999999,0.0,0.0,0.040697674418604654,
BT-v3,bt,0.0,3,,-1,-1,BT-v2,10081,0,0.5,0,1,0,collision,64.89999999999846,8.75,51.25,0.35,64.89999999999846,0.0,0.0,0.031635802469135804,6078.874851577906
BT-v3,bt,0.0,3,,-1,-1,BT-v2,10081,1,0.5,0,1,0,collision,20.70000000000016,1.25,0.0,0.05,20.70000000000016,0.0,0.0,0.021844660194174758,
BT-v3,bt,0.0,3,,-1,-1,BT-v2,10082,0,0.5,0,1,0,collision,11.150000000000023,0.0,8.75,0.0,11.150000000000023,0.0,0.0,0.031818181818181815,6095.275698138486
BT-v3,bt,0.0,3,,-1,-1,BT-v2,10082,1,0.5,0,1,0,collision,51.29999999999922,30.0,41.25,1.2000000000000004,51.29999999999922,0.0,0.0,0.041015625,
BT-v3,bt,0.0,3,,-1,-1,BT-v2,10083,0,0.5,0,1,0,collision,34.200000000000195,0.0,0.0,0.0,34.200000000000195,0.0,0.0,0.039705882352941174,6417.545963649868
BT-v3,bt,0.0,3,,-1,-1,BT-v2,10083,1,0.5,0,1,0,collision,5.04999999999999,0.0,7.5,0.0,5.04999999999999,0.0,0.0,0.06,
BT-v3,bt,0.0,3,,-1,-1,BT-v2,10084,0,0.5,0,1,0,collision,4.799999999999991,11.25,12.5,0.44999999999999996,4.799999999999991,0.0,0.0,0.06521739130434782,6446.0977136670745
BT-v3,bt,0.0,3,,-1,-1,BT-v2,10084,1,0.5,0,1,0,collision,4.849999999999991,0.0,6.25,0.0,4.849999999999991,0.0,0.0,0.0625,
BT-v3,bt,0.0,3,,-1,-1,BT-v2,10085,0,0.5,0,1,0,collision,31.35000000000031,36.25,0.0,1.4500000000000006,31.35000000000031,0.0,0.0,0.03365384615384615,5872.713620367815
BT-v3,bt,0.0,3,,-1,-1,BT-v2,10085,1,0.5,0,1,0,collision,12.050000000000036,0.0,43.75,0.0,12.050000000000036,0.0,0.0,0.029166666666666667,
BT-v3,bt,0.0,3,,-1,-1,BT-v2,10086,0,0.5,0,1,0,collision,32.4000000000003,0.0,0.0,0.0,32.4000000000003,0.0,0.0,0.012422360248447204,5904.883752066418
BT-v3,bt,0.0,3,,-1,-1,BT-v2,10086,1,0.0,0,0,1,gun_kill,109.9999999999959,0.0,100.0,0.0,109.9999999999959,0.0,0.0,0.0,
BT-v3,bt,0.0,3,,-1,-1,BT-v2,10087,0,0.5,0,1,0,collision,4.049999999999994,0.0,0.0,0.0,4.049999999999994,0.0,0.0,0.075,6594.56856721781
BT-v3,bt,0.0,3,,-1,-1,BT-v2,10087,1,0.5,0,1,0,collision,41.44999999999978,11.25,0.0,0.44999999999999996,41.44999999999978,0.0,0.0,0.04468599033816425,
BT-v3,bt,0.0,3,,-1,-1,BT-v2,10088,0,0.5,0,1,0,timeout,120.19999999999531,13.75,13.75,0.5499999999999999,120.19999999999531,0.0,0.0,0.0,4534.968001637713
BT-v3,bt,0.0,3,,-1,-1,BT-v2,10088,1,0.0,0,0,1,gun_kill,116.24999999999554,0.0,100.0,0.0,116.24999999999554,0.0,0.0,0.03055077452667814,
BT-v3,bt,0.0,3,,-1,-1,BT-v2,10089,0,0.5,0,1,0,timeout,120.19999999999531,0.0,0.0,0.0,120.19999999999531,0.0,0.0,0.0,5689.383893027177
BT-v3,bt,0.0,3,,-1,-1,BT-v2,10089,1,0.0,0,0,1,gun_kill,26.250000000000238,0.0,100.0,0.0,26.250000000000238,0.0,0.0,0.0,
BT-v3,bt,0.0,3,,-1,-1,BT-v2,10090,0,0.5,0,1,0,collision,27.450000000000255,0.0,0.0,0.0,27.450000000000255,0.0,0.0,0.012773722627737226,4683.182773736259
BT-v3,bt,0.0,3,,-1,-1,BT-v2,10090,1,0.5,0,1,0,collision,28.100000000000264,0.0,0.0,0.0,28.100000000000264,0.0,0.0,0.03571428571428571,
BT-v3,bt,0.0,3,,-1,-1,BT-v2,10091,0,0.5,0,1,0,collision,4.549999999999992,2.5,13.75,0.1,4.549999999999992,0.0,0.0,0.06818181818181818,6233.049916566838
BT-v3,bt,0.0,3,,-1,-1,BT-v2,10091,1,0.0,0,0,1,gun_kill,107.04999999999606,0.0,100.0,0.0,107.04999999999606,0.0,0.0,0.0032710280373831778,
BT-v3,bt,0.0,3,,-1,-1,BT-v2,10092,0,0.5,0,1,0,collision,4.399999999999992,2.5,3.75,0.1,4.399999999999992,0.0,0.0,0.09523809523809523,6537.041687780042
BT-v3,bt,0.0,3,,-1,-1,BT-v2,10092,1,0.5,0,1,0,collision,4.399999999999992,10.0,0.0,0.39999999999999997,4.399999999999992,0.0,0.0,0.08333333333333333,
BT-v3,bt,0.0,3,,-1,-1,BT-v2,10093,0,1.0,1,0,0,timeout,120.19999999999531,58.75,0.0,2.3499999999999996,120.19999999999531,0.0,0.0,0.0,5105.138459074877
BT-v3,bt,0.0,3,,-1,-1,BT-v2,10093,1,0.0,0,0,1,timeout,120.19999999999531,0.0,71.25,0.0,120.19999999999531,0.0,0.0,0.0,
BT-v3,bt,0.0,3,,-1,-1,BT-v2,10094,0,0.0,0,0,1,gun_kill,77.04999999999777,0.0,100.0,0.0,77.04999999999777,0.0,0.0,0.0,4157.391673129852
BT-v3,bt,0.0,3,,-1,-1,BT-v2,10094,1,0.0,0,0,1,gun_kill,87.89999999999715,0.0,100.0,0.0,87.89999999999715,0.0,0.0,0.0,
BT-v3,bt,0.0,3,,-1,-1,BT-v2,10095,0,0.5,0,1,0,collision,33.650000000000226,0.0,35.0,0.0,33.650000000000226,0.0,0.0,0.020833333333333332,5812.151083506232
BT-v3,bt,0.0,3,,-1,-1,BT-v2,10095,1,0.5,0,1,0,timeout,120.19999999999531,0.0,0.0,0.0,120.19999999999531,0.0,0.0,0.0,
BT-v3,bt,0.0,3,,-1,-1,BT-v2,10096,0,0.0,0,0,1,gun_kill,91.94999999999692,0.0,100.0,0.0,91.94999999999692,0.0,0.0,0.0,4399.664939687295
BT-v3,bt,0.0,3,,-1,-1,BT-v2,10096,1,0.0,0,0,1,gun_kill,117.99999999999544,0.0,100.0,0.0,117.99999999999544,0.0,0.0,0.0,
BT-v3,bt,0.0,3,,-1,-1,BT-v2,10097,0,0.5,0,1,0,collision,29.450000000000284,0.0,0.0,0.0,29.450000000000284,0.0,0.0,0.013605442176870748,6411.956182173428
BT-v3,bt,0.0,3,,-1,-1,BT-v2,10097,1,0.0,0,0,1,gun_kill,113.19999999999571,0.0,100.0,0.0,113.19999999999571,0.0,0.0,0.0,
BT-v3,bt,0.0,3,,-1,-1,BT-v2,10098,0,0.5,0,1,0,collision,18.350000000000126,0.0,0.0,0.0,18.350000000000126,0.0,0.0,0.02197802197802198,4776.463989637927
BT-v3,bt,0.0,3,,-1,-1,BT-v2,10098,1,0.5,0,1,0,collision,38.84999999999993,8.75,18.75,0.35,38.84999999999993,0.0,0.0,0.03608247422680412,
BT-v3,bt,0.0,3,,-1,-1,BT-v2,10099,0,0.0,0,0,1,gun_kill,115.49999999999558,11.25,100.0,0.44999999999999996,115.49999999999558,0.0,0.0,0.02123050259965338,4145.506866459832
BT-v3,bt,0.0,3,,-1,-1,BT-v2,10099,1,0.5,0,1,0,collision,29.400000000000283,16.25,2.5,0.65,29.400000000000283,0.0,0.0,0.04280821917808219,
BT-v3,bt,0.0,3,,-1,-1,BT-v3,10000,0,0.5,0,1,0,collision,6.249999999999986,0.0,0.0,0.0,6.249999999999986,0.0,0.0,0.06451612903225806,6184.406960455418
BT-v3,bt,0.0,3,,-1,-1,BT-v3,10000,1,0.5,0,1,0,collision,6.249999999999986,0.0,0.0,0.0,6.249999999999986,0.0,0.0,0.06451612903225806,
BT-v3,bt,0.0,3,,-1,-1,BT-v3,10001,0,0.5,0,1,0,timeout,120.19999999999531,0.0,0.0,0.0,120.19999999999531,0.0,0.0,0.0,5150.856957488739
BT-v3,bt,0.0,3,,-1,-1,BT-v3,10001,1,0.5,0,1,0,timeout,120.19999999999531,0.0,0.0,0.0,120.19999999999531,0.0,0.0,0.0,
BT-v3,bt,0.0,3,,-1,-1,BT-v3,10002,0,0.5,0,1,0,collision,12.850000000000048,0.0,0.0,0.0,12.850000000000048,0.0,0.0,0.02734375,5542.919323171751
BT-v3,bt,0.0,3,,-1,-1,BT-v3,10002,1,0.5,0,1,0,collision,12.850000000000048,0.0,0.0,0.0,12.850000000000048,0.0,0.0,0.02734375,
BT-v3,bt,0.0,3,,-1,-1,BT-v3,10003,0,0.0,0,0,1,timeout,120.19999999999531,0.0,71.25,0.0,120.19999999999531,0.0,0.0,0.0029118136439267887,5136.58097378963
BT-v3,bt,0.0,3,,-1,-1,BT-v3,10003,1,1.0,1,0,0,timeout,120.19999999999531,71.25,0.0,2.849999999999998,120.19999999999531,0.0,0.0,0.0029118136439267887,
BT-v3,bt,0.0,3,,-1,-1,BT-v3,10004,0,0.0,0,0,1,timeout,120.19999999999531,0.0,87.5,0.0,120.19999999999531,0.0,0.0,0.0,4520.971953076091
BT-v3,bt,0.0,3,,-1,-1,BT-v3,10004,1,1.0,1,0,0,timeout,120.19999999999531,87.5,0.0,3.4999999999999956,120.19999999999531,0.0,0.0,0.0,
BT-v3,bt,0.0,3,,-1,-1,BT-v3,10005,0,0.0,0,0,1,timeout,120.19999999999531,0.0,5.0,0.0,120.19999999999531,0.0,0.0,0.0,9553.261024854832
BT-v3,bt,0.0,3,,-1,-1,BT-v3,10005,1,1.0,1,0,0,timeout,120.19999999999531,5.0,0.0,0.2,120.19999999999531,0.0,0.0,0.0,
BT-v3,bt,0.0,3,,-1,-1,BT-v3,10006,0,0.5,0,1,0,collision,97.99999999999658,0.0,61.25,0.0,97.99999999999658,0.0,0.0,0.004601226993865031,4458.427284384139
BT-v3,bt,0.0,3,,-1,-1,BT-v3,10006,1,0.5,0,1,0,collision,97.99999999999658,61.25,0.0,2.4499999999999993,97.99999999999658,0.0,0.0,0.004601226993865031,
BT-v3,bt,0.0,3,,-1,-1,BT-v3,10007,0,0.5,0,1,0,collision,39.099999999999916,0.0,5.0,0.0,39.099999999999916,0.0,0.0,0.029487179487179487,4903.2110498673355
BT-v3,bt,0.0,3,,-1,-1,BT-v3,10007,1,0.5,0,1,0,collision,39.099999999999916,5.0,0.0,0.2,39.099999999999916,0.0,0.0,0.029487179487179487,
BT-v3,bt,0.0,3,,-1,-1,BT-v3,10008,0,0.5,0,1,0,collision,98.34999999999656,0.0,16.25,0.0,98.34999999999656,0.0,0.0,0.03920570264765784,4868.540114698413
BT-v3,bt,0.0,3,,-1,-1,BT-v3,10008,1,0.5,0,1,0,collision,98.34999999999656,16.25,0.0,0.65,98.34999999999656,0.0,0.0,0.03920570264765784,
BT-v3,bt,0.0,3,,-1,-1,BT-v3,10009,0,0.0,0,0,1,timeout,120.19999999999531,0.0,23.75,0.0,120.19999999999531,0.0,0.0,0.0,5112.319569031804
BT-v3,bt,0.0,3,,-1,-1,BT-v3,10009,1,1.0,1,0,0,timeout,120.19999999999531,23.75,0.0,0.9500000000000003,120.19999999999531,0.0,0.0,0.0,
BT-v3,bt,0.0,3,,-1,-1,BT-v3,10010,0,0.5,0,1,0,collision,21.150000000000166,26.25,10.0,1.0500000000000003,21.150000000000166,0.0,0.0,0.04047619047619048,5355.479848112228
BT-v3,bt,0.0,3,,-1,-1,BT-v3,10010,1,0.5,0,1,0,collision,21.150000000000166,10.0,26.25,0.39999999999999997,21.150000000000166,0.0,0.0,0.04047619047619048,
BT-v3,bt,0.0,3,,-1,-1,BT-v3,10011,0,0.5,0,1,0,collision,9.750000000000004,0.0,16.25,0.0,9.750000000000004,0.0,0.0,0.041666666666666664,6587.585518073273
BT-v3,bt,0.0,3,,-1,-1,BT-v3,10011,1,0.5,0,1,0,collision,9.750000000000004,16.25,0.0,0.65,9.750000000000004,0.0,0.0,0.041666666666666664,
BT-v3,bt,0.0,3,,-1,-1,BT-v3,10012,0,0.5,0,1,0,collision,3.699999999999995,0.0,20.0,0.0,3.699999999999995,0.0,0.0,0.06944444444444445,6497.2050162548285
BT-v3,bt,0.0,3,,-1,-1,BT-v3,10012,1,0.5,0,1,0,collision,3.699999999999995,20.0,0.0,0.8000000000000002,3.699999999999995,0.0,0.0,0.06944444444444445,
BT-v3,bt,0.0,3,,-1,-1,BT-v3,10013,0,1.0,1,0,0,timeout,120.19999999999531,46.25,0.0,1.850000000000001,120.19999999999531,0.0,0.0,0.032029950083194675,4198.839812977094
BT-v3,bt,0.0,3,,-1,-1,BT-v3,10013,1,0.0,0,0,1,timeout,120.19999999999531,0.0,46.25,0.0,120.19999999999531,0.0,0.0,0.032029950083194675,
BT-v3,bt,0.0,3,,-1,-1,BT-v3,10014,0,0.0,0,0,1,timeout,120.19999999999531,0.0,27.5,0.0,120.19999999999531,0.0,0.0,0.036605657237936774,4948.77346578848
BT-v3,bt,0.0,3,,-1,-1,BT-v3,10014,1,1.0,1,0,0,timeout,120.19999999999531,27.5,0.0,1.1000000000000003,120.19999999999531,0.0,0.0,0.036605657237936774,
BT-v3,bt,0.0,3,,-1,-1,BT-v3,10015,0,0.5,0,1,0,collision,87.59999999999717,0.0,42.5,0.0,87.59999999999717,0.0,0.0,0.03775743707093822,4736.420960238757
BT-v3,bt,0.0,3,,-1,-1,BT-v3,10015,1,0.5,0,1,0,collision,87.59999999999717,42.5,0.0,1.7000000000000008,87.59999999999717,0.0,0.0,0.03775743707093822,
BT-v3,bt,0.0,3,,-1,-1,BT-v3,10016,0,0.5,0,1,0,collision,4.449999999999992,8.75,0.0,0.35,4.449999999999992,0.0,0.0,0.06818181818181818,5687.254761208337
BT-v3,bt,0.0,3,,-1,-1,BT-v3,10016,1,0.5,0,1,0,collision,4.449999999999992,0.0,8.75,0.0,4.449999999999992,0.0,0.0,0.06818181818181818,
BT-v3,bt,0.0,3,,-1,-1,BT-v3,10017,0,0.0,0,0,1,gun_kill,24.600000000000215,0.0,100.0,0.0,24.600000000000215,0.0,0.0,0.0,5964.5460773066925
BT-v3,bt,0.0,3,,-1,-1,BT-v3,10017,1,1.0,1,0,0,gun_kill,24.600000000000215,100.0,0.0,3.999999999999994,24.600000000000215,0.0,0.0,0.0,
BT-v3,bt,0.0,3,,-1,-1,BT-v3,10018,0,0.5,0,1,0,collision,30.850000000000303,0.0,0.0,0.0,30.850000000000303,0.0,0.0,0.011363636363636364,5352.198767233654
BT-v3,bt,0.0,3,,-1,-1,BT-v3,10018,1,0.5,0,1,0,collision,30.850000000000303,0.0,0.0,0.0,30.850000000000303,0.0,0.0,0.011363636363636364,
BT-v3,bt,0.0,3,,-1,-1,BT-v3,10019,0,0.5,0,1,0,collision,14.700000000000074,0.0,0.0,0.0,14.700000000000074,0.0,0.0,0.0273972602739726,5725.640475226522
BT-v3,bt,0.0,3,,-1,-1,BT-v3,10019,1,0.5,0,1,0,collision,14.700000000000074,0.0,0.0,0.0,14.700000000000074,0.0,0.0,0.0273972602739726,
BT-v3,bt,0.0,3,,-1,-1,BT-v3,10020,0,0.5,0,1,0,collision,27.300000000000253,12.5,10.0,0.49999999999999994,27.300000000000253,0.0,0.0,0.04044117647058824,6801.394684352112
BT-v3,bt,0.0,3,,-1,-1,BT-v3,10020,1,0.5,0,1,0,collision,27.300000000000253,10.0,12.5,0.39999999999999997,27.300000000000253,0.0,0.0,0.04044117647058824,
BT-v3,bt,0.0,3,,-1,-1,BT-v3,10021,0,0.5,0,1,0,collision,4.549999999999992,0.0,6.25,0.0,4.549999999999992,0.0,0.0,0.06818181818181818,6590.231863654928
BT-v3,bt,0.0,3,,-1,-1,BT-v3,10021,1,0.5,0,1,0,collision,4.549999999999992,6.25,0.0,0.25,4.549999999999992,0.0,0.0,0.06818181818181818,
BT-v3,bt,0.0,3,,-1,-1,BT-v3,10022,0,0.5,0,1,0,collision,7.349999999999982,0.0,0.0,0.0,7.349999999999982,0.0,0.0,0.04861111111111111,7089.64859868676
BT-v3,bt,0.0,3,,-1,-1,BT-v3,10022,1,0.5,0,1,0,collision,7.349999999999982,0.0,0.0,0.0,7.349999999999982,0.0,0.0,0.04861111111111111,
BT-v3,bt,0.0,3,,-1,-1,BT-v3,10023,0,0.5,0,1,0,collision,71.79999999999806,0.0,0.0,0.0,71.79999999999806,0.0,0.0,0.025139664804469275,5953.059337863674
BT-v3,bt,0.0,3,,-1,-1,BT-v3,10023,1,0.5,0,1,0,collision,71.79999999999806,0.0,0.0,0.0,71.79999999999806,0.0,0.0,0.025139664804469275,
BT-v3,bt,0.0,3,,-1,-1,BT-v3,10024,0,1.0,1,0,0,gun_kill,113.54999999999569,100.0,0.0,3.999999999999994,113.54999999999569,0.0,0.0,0.007054673721340388,4120.812959755959
BT-v3,bt,0.0,3,,-1,-1,BT-v3,10024,1,0.0,0,0,1,gun_kill,113.54999999999569,0.0,100.0,0.0,113.54999999999569,0.0,0.0,0.007054673721340388,
BT-v3,bt,0.0,3,,-1,-1,BT-v3,10025,0,0.0,0,0,1,timeout,120.19999999999531,0.0,11.25,0.0,120.19999999999531,0.0,0.0,0.023710482529118136,5946.132430075655
BT-v3,bt,0.0,3,,-1,-1,BT-v3,10025,1,1.0,1,0,0,timeout,120.19999999999531,11.25,0.0,0.44999999999999996,120.19999999999531,0.0,0.0,0.023710482529118136,
BT-v3,bt,0.0,3,,-1,-1,BT-v3,10026,0,1.0,1,0,0,timeout,120.19999999999531,15.0,0.0,0.6,120.19999999999531,0.0,0.0,0.0,4365.00063052523
BT-v3,bt,0.0,3,,-1,-1,BT-v3,10026,1,0.0,0,0,1,timeout,120.19999999999531,0.0,15.0,0.0,120.19999999999531,0.0,0.0,0.0,
BT-v3,bt,0.0,3,,-1,-1,BT-v3,10027,0,1.0,1,0,0,timeout,120.19999999999531,15.0,0.0,0.6,120.19999999999531,0.0,0.0,0.0,9354.656569018021
BT-v3,bt,0.0,3,,-1,-1,BT-v3,10027,1,0.0,0,0,1,timeout,120.19999999999531,0.0,15.0,0.0,120.19999999999531,0.0,0.0,0.0,
BT-v3,bt,0.0,3,,-1,-1,BT-v3,10028,0,0.0,0,0,1,timeout,120.19999999999531,30.0,56.25,1.2000000000000004,120.19999999999531,0.0,0.0,0.0066555740432612314,4290.225519071432
BT-v3,bt,0.0,3,,-1,-1,BT-v3,10028,1,1.0,1,0,0,timeout,120.19999999999531,56.25,30.0,2.25,120.19999999999531,0.0,0.0,0.0066555740432612314,
BT-v3,bt,0.0,3,,-1,-1,BT-v3,10029,0,0.5,0,1,0,timeout,120.19999999999531,0.0,0.0,0.0,120.19999999999531,0.0,0.0,0.0,4476.167681978412
BT-v3,bt,0.0,3,,-1,-1,BT-v3,10029,1,0.5,0,1,0,timeout,120.19999999999531,0.0,0.0,0.0,120.19999999999531,0.0,0.0,0.0,
BT-v3,bt,0.0,3,,-1,-1,BT-v3,10030,0,0.5,0,1,0,collision,47.199999999999456,0.0,45.0,0.0,47.199999999999456,0.0,0.0,0.030851063829787233,5202.810956972453
BT-v3,bt,0.0,3,,-1,-1,BT-v3,10030,1,0.5,0,1,0,collision,47.199999999999456,45.0,0.0,1.800000000000001,47.199999999999456,0.0,0.0,0.030851063829787233,
BT-v3,bt,0.0,3,,-1,-1,BT-v3,10031,0,0.5,0,1,0,collision,90.549999999997,23.75,35.0,0.9500000000000003,90.549999999997,0.0,0.0,0.0038716814159292035,4400.147011093867
BT-v3,bt,0.0,3,,-1,-1,BT-v3,10031,1,0.5,0,1,0,collision,90.549999999997,35.0,23.75,1.4000000000000006,90.549999999997,0.0,0.0,0.0038716814159292035,
BT-v3,bt,0.0,3,,-1,-1,BT-v3,10032,0,0.5,0,1,0,collision,16.700000000000102,0.0,0.0,0.0,16.700000000000102,0.0,0.0,0.03313253012048193,4855.111147842628
BT-v3,bt,0.0,3,,-1,-1,BT-v3,10032,1,0.5,0,1,0,collision,16.700000000000102,0.0,0.0,0.0,16.700000000000102,0.0,0.0,0.03313253012048193,
BT-v3,bt,0.0,3,,-1,-1,BT-v3,10033,0,0.5,0,1,0,collision,25.350000000000225,10.0,0.0,0.39999999999999997,25.350000000000225,0.0,0.0,0.03968253968253968,6365.769776395513
BT-v3,bt,0.0,3,,-1,-1,BT-v3,10033,1,0.5,0,1,0,collision,25.350000000000225,0.0,10.0,0.0,25.350000000000225,0.0,0.0,0.03968253968253968,
BT-v3,bt,0.0,3,,-1,-1,BT-v3,10034,0,0.0,0,0,1,timeout,120.19999999999531,0.0,21.25,0.0,120.19999999999531,0.0,0.0,0.0,4990.075036510963
BT-v3,bt,0.0,3,,-1,-1,BT-v3,10034,1,1.0,1,0,0,timeout,120.19999999999531,21.25,0.0,0.8500000000000002,120.19999999999531,0.0,0.0,0.0,
BT-v3,bt,0.0,3,,-1,-1,BT-v3,10035,0,0.0,0,0,1,timeout,120.19999999999531,0.0,27.5,0.0,120.19999999999531,0.0,0.0,0.0,3900.8126262451397
BT-v3,bt,0.0,3,,-1,-1,BT-v3,10035,1,1.0,1,0,0,timeout,120.19999999999531,27.5,0.0,1.1000000000000003,120.19999999999531,0.0,0.0,0.0,
BT-v3,bt,0.0,3,,-1,-1,BT-v3,10036,0,0.5,0,1,0,collision,94.0499999999968,70.0,22.5,2.799999999999998,94.0499999999968,0.0,0.0,0.02446808510638298,4165.467521341289
BT-v3,bt,0.0,3,,-1,-1,BT-v3,10036,1,0.5,0,1,0,collision,94.0499999999968,22.5,70.0,0.9000000000000002,94.0499999999968,0.0,0.0,0.02446808510638298,
BT-v3,bt,0.0,3,,-1,-1,BT-v3,10037,0,1.0,1,0,0,timeout,120.19999999999531,20.0,0.0,0.8000000000000002,120.19999999999531,0.0,0.0,0.0,7535.894094358725
BT-v3,bt,0.0,3,,-1,-1,BT-v3,10037,1,0.0,0,0,1,timeout,120.19999999999531,0.0,20.0,0.0,120.19999999999531,0.0,0.0,0.0,
BT-v3,bt,0.0,3,,-1,-1,BT-v3,10038,0,0.5,0,1,0,timeout,120.19999999999531,0.0,0.0,0.0,120.19999999999531,0.0,0.0,0.0,5166.505837455015
BT-v3,bt,0.0,3,,-1,-1,BT-v3,10038,1,0.5,0,1,0,timeout,120.19999999999531,0.0,0.0,0.0,120.19999999999531,0.0,0.0,0.0,
BT-v3,bt,0.0,3,,-1,-1,BT-v3,10039,0,1.0,1,0,0,timeout,120.19999999999531,18.75,0.0,0.7500000000000001,120.19999999999531,0.0,0.0,0.0,3506.129553254532
BT-v3,bt,0.0,3,,-1,-1,BT-v3,10039,1,0.0,0,0,1,timeout,120.19999999999531,0.0,18.75,0.0,120.19999999999531,0.0,0.0,0.0,
BT-v3,bt,0.0,3,,-1,-1,BT-v3,10040,0,0.0,0,0,1,timeout,120.19999999999531,0.0,20.0,0.0,120.19999999999531,0.0,0.0,0.0,4545.753169403148
BT-v3,bt,0.0,3,,-1,-1,BT-v3,10040,1,1.0,1,0,0,timeout,120.19999999999531,20.0,0.0,0.8000000000000002,120.19999999999531,0.0,0.0,0.0,
BT-v3,bt,0.0,3,,-1,-1,BT-v3,10041,0,0.5,0,1,0,collision,28.950000000000276,2.5,0.0,0.1,28.950000000000276,0.0,0.0,0.04513888888888889,5030.32324375852
BT-v3,bt,0.0,3,,-1,-1,BT-v3,10041,1,0.5,0,1,0,collision,28.950000000000276,0.0,2.5,0.0,28.950000000000276,0.0,0.0,0.04513888888888889,
BT-v3,bt,0.0,3,,-1,-1,BT-v3,10042,0,0.0,0,0,1,timeout,120.19999999999531,0.0,2.5,0.0,120.19999999999531,0.0,0.0,0.004575707154742097,4850.72577361542
BT-v3,bt,0.0,3,,-1,-1,BT-v3,10042,1,1.0,1,0,0,timeout,120.19999999999531,2.5,0.0,0.1,120.19999999999531,0.0,0.0,0.004575707154742097,
BT-v3,bt,0.0,3,,-1,-1,BT-v3,10043,0,0.5,0,1,0,collision,13.650000000000059,0.0,0.0,0.0,13.650000000000059,0.0,0.0,0.025735294117647058,5690.570328639468
BT-v3,bt,0.0,3,,-1,-1,BT-v3,10043,1,0.5,0,1,0,collision,13.650000000000059,0.0,0.0,0.0,13.650000000000059,0.0,0.0,0.025735294117647058,
BT-v3,bt,0.0,3,,-1,-1,BT-v3,10044,0,0.5,0,1,0,timeout,120.19999999999531,0.0,0.0,0.0,120.19999999999531,0.0,0.0,0.027870216306156406,5001.417172270259
BT-v3,bt,0.0,3,,-1,-1,BT-v3,10044,1,0.5,0,1,0,timeout,120.19999999999531,0.0,0.0,0.0,120.19999999999531,0.0,0.0,0.027870216306156406,
BT-v3,bt,0.0,3,,-1,-1,BT-v3,10045,0,0.5,0,1,0,collision,30.6000000000003,25.0,0.0,1.0000000000000002,30.6000000000003,0.0,0.0,0.009868421052631578,6850.025005377511
BT-v3,bt,0.0,3,,-1,-1,BT-v3,10045,1,0.5,0,1,0,collision,30.6000000000003,0.0,25.0,0.0,30.6000000000003,0.0,0.0,0.009868421052631578,
BT-v3,bt,0.0,3,,-1,-1,BT-v3,10046,0,0.5,0,1,0,timeout,120.19999999999531,0.0,0.0,0.0,120.19999999999531,0.0,0.0,0.0,10195.092822970608
BT-v3,bt,0.0,3,,-1,-1,BT-v3,10046,1,0.5,0,1,0,timeout,120.19999999999531,0.0,0.0,0.0,120.19999999999531,0.0,0.0,0.0,
BT-v3,bt,0.0,3,,-1,-1,BT-v3,10047,0,0.5,0,1,0,collision,18.100000000000122,0.0,1.25,0.0,18.100000000000122,0.0,0.0,0.08611111111111111,4951.261410738395
BT-v3,bt,0.0,3,,-1,-1,BT-v3,10047,1,0.5,0,1,0,collision,18.100000000000122,1.25,0.0,0.05,18.100000000000122,0.0,0.0,0.08611111111111111,
BT-v3,bt,0.0,3,,-1,-1,BT-v3,10048,0,0.0,0,0,1,timeout,120.19999999999531,0.0,91.25,0.0,120.19999999999531,0.0,0.0,0.0,4124.88594335092
BT-v3,bt,0.0,3,,-1,-1,BT-v3,10048,1,1.0,1,0,0,timeout,120.19999999999531,91.25,0.0,3.649999999999995,120.19999999999531,0.0,0.0,0.0,
BT-v3,bt,0.0,3,,-1,-1,BT-v3,10049,0,0.0,0,0,1,gun_kill,112.34999999999576,0.0,100.0,0.0,112.34999999999576,0.0,0.0,0.0053475935828877,4848.2389549780555
BT-v3,bt,0.0,3,,-1,-1,BT-v3,10049,1,1.0,1,0,0,gun_kill,112.34999999999576,100.0,0.0,3.999999999999994,112.34999999999576,0.0,0.0,0.0053475935828877,
BT-v3,bt,0.0,3,,-1,-1,BT-v3,10050,0,1.0,1,0,0,timeout,120.19999999999531,22.5,0.0,0.9000000000000002,120.19999999999531,0.0,0.0,0.018718801996672214,3904.977507681466
BT-v3,bt,0.0,3,,-1,-1,BT-v3,10050,1,0.0,0,0,1,timeout,120.19999999999531,0.0,22.5,0.0,120.19999999999531,0.0,0.0,0.018718801996672214,
BT-v3,bt,0.0,3,,-1,-1,BT-v3,10051,0,0.5,0,1,0,collision,4.149999999999993,0.0,6.25,0.0,4.149999999999993,0.0,0.0,0.05,6920.342374919678
BT-v3,bt,0.0,3,,-1,-1,BT-v3,10051,1,0.5,0,1,0,collision,4.149999999999993,6.25,0.0,0.25,4.149999999999993,0.0,0.0,0.05,
BT-v3,bt,0.0,3,,-1,-1,BT-v3,10052,0,1.0,1,0,0,timeout,120.19999999999531,50.0,40.0,2.000000000000001,120.19999999999531,0.0,0.0,0.024126455906821963,4288.041318241173
BT-v3,bt,0.0,3,,-1,-1,BT-v3,10052,1,0.0,0,0,1,timeout,120.19999999999531,40.0,50.0,1.6000000000000008,120.19999999999531,0.0,0.0,0.024126455906821963,
BT-v3,bt,0.0,3,,-1,-1,BT-v3,10053,0,0.5,0,1,0,collision,40.09999999999986,7.5,0.0,0.3,40.09999999999986,0.0,0.0,0.02625,6325.069427588776
BT-v3,bt,0.0,3,,-1,-1,BT-v3,10053,1,0.5,0,1,0,collision,40.09999999999986,0.0,7.5,0.0,40.09999999999986,0.0,0.0,0.02625,
BT-v3,bt,0.0,3,,-1,-1,BT-v3,10054,0,0.5,0,1,0,collision,10.350000000000012,6.25,0.0,0.25,10.350000000000012,0.0,0.0,0.0392156862745098,4672.607085542142
BT-v3,bt,0.0,3,,-1,-1,BT-v3,10054,1,0.5,0,1,0,collision,10.350000000000012,0.0,6.25,0.0,10.350000000000012,0.0,0.0,0.0392156862745098,
BT-v3,bt,0.0,3,,-1,-1,BT-v3,10055,0,0.5,0,1,0,collision,6.849999999999984,1.25,0.0,0.05,6.849999999999984,0.0,0.0,0.058823529411764705,5194.382006030334
BT-v3,bt,0.0,3,,-1,-1,BT-v3,10055,1,0.5,0,1,0,collision,6.849999999999984,0.0,1.25,0.0,6.849999999999984,0.0,0.0,0.058823529411764705,
BT-v3,bt,0.0,3,,-1,-1,BT-v3,10056,0,0.5,0,1,0,collision,33.05000000000026,0.0,20.0,0.0,33.05000000000026,0.0,0.0,0.051515151515151514,5544.747500746644
BT-v3,bt,0.0,3,,-1,-1,BT-v3,10056,1,0.5,0,1,0,collision,33.05000000000026,20.0,0.0,0.8000000000000002,33.05000000000026,0.0,0.0,0.051515151515151514,
BT-v3,bt,0.0,3,,-1,-1,BT-v3,10057,0,0.5,0,1,0,collision,5.849999999999987,3.75,0.0,0.15000000000000002,5.849999999999987,0.0,0.0,0.0603448275862069,5557.777519216322
BT-v3,bt,0.0,3,,-1,-1,BT-v3,10057,1,0.5,0,1,0,collision,5.849999999999987,0.0,3.75,0.0,5.849999999999987,0.0,0.0,0.0603448275862069,
BT-v3,bt,0.0,3,,-1,-1,BT-v3,10058,0,1.0,1,0,0,timeout,120.19999999999531,8.75,0.0,0.35,120.19999999999531,0.0,0.0,0.0037437603993344427,3527.601937343
BT-v3,bt,0.0,3,,-1,-1,BT-v3,10058,1,0.0,0,0,1,timeout,120.19999999999531,0.0,8.75,0.0,120.19999999999531,0.0,0.0,0.0037437603993344427,
BT-v3,bt,0.0,3,,-1,-1,BT-v3,10059,0,0.5,0,1,0,collision,115.79999999999556,48.75,33.75,1.950000000000001,115.79999999999556,0.0,0.0,0.003027681660899654,4653.977852967973
BT-v3,bt,0.0,3,,-1,-1,BT-v3,10059,1,0.5,0,1,0,collision,115.79999999999556,33.75,48.75,1.3500000000000005,115.79999999999556,0.0,0.0,0.003027681660899654,
BT-v3,bt,0.0,3,,-1,-1,BT-v3,10060,0,0.5,0,1,0,collision,5.999999999999987,0.0,0.0,0.0,5.999999999999987,0.0,0.0,0.0603448275862069,7270.779741832067
BT-v3,bt,0.0,3,,-1,-1,BT-v3,10060,1,0.5,0,1,0,collision,5.999999999999987,0.0,0.0,0.0,5.999999999999987,0.0,0.0,0.0603448275862069,
BT-v3,bt,0.0,3,,-1,-1,BT-v3,10061,0,1.0,1,0,0,timeout,120.19999999999531,33.75,28.75,1.3500000000000005,120.19999999999531,0.0,0.0,0.03868552412645591,4424.0784973010195
BT-v3,bt,0.0,3,,-1,-1,BT-v3,10061,1,0.0,0,0,1,timeout,120.19999999999531,28.75,33.75,1.1500000000000004,120.19999999999531,0.0,0.0,0.03868552412645591,
BT-v3,bt,0.0,3,,-1,-1,BT-v3,10062,0,0.0,0,0,1,timeout,120.19999999999531,0.0,27.5,0.0,120.19999999999531,0.0,0.0,0.018302828618968387,4891.517376270664
BT-v3,bt,0.0,3,,-1,-1,BT-v3,10062,1,1.0,1,0,0,timeout,120.19999999999531,27.5,0.0,1.1000000000000003,120.19999999999531,0.0,0.0,0.018302828618968387,
BT-v3,bt,0.0,3,,-1,-1,BT-v3,10063,0,0.5,0,1,0,collision,4.94999999999999,0.0,8.75,0.0,4.94999999999999,0.0,0.0,0.0625,5364.984169722754
BT-v3,bt,0.0,3,,-1,-1,BT-v3,10063,1,0.5,0,1,0,collision,4.94999999999999,8.75,0.0,0.35,4.94999999999999,0.0,0.0,0.0625,
BT-v3,bt,0.0,3,,-1,-1,BT-v3,10064,0,0.0,0,0,1,timeout,120.19999999999531,0.0,63.75,0.0,120.19999999999531,0.0,0.0,0.0,5298.21016609673
BT-v3,bt,0.0,3,,-1,-1,BT-v3,10064,1,1.0,1,0,0,timeout,120.19999999999531,63.75,0.0,2.549999999999999,120.19999999999531,0.0,0.0,0.0,
BT-v3,bt,0.0,3,,-1,-1,BT-v3,10065,0,0.5,0,1,0,collision,70.94999999999811,27.5,0.0,1.1000000000000003,70.94999999999811,0.0,0.0,0.03248587570621469,4605.9153731753
BT-v3,bt,0.0,3,,-1,-1,BT-v3,10065,1,0.5,0,1,0,collision,70.94999999999811,0.0,27.5,0.0,70.94999999999811,0.0,0.0,0.03248587570621469,
BT-v3,bt,0.0,3,,-1,-1,BT-v3,10066,0,0.0,0,0,1,timeout,120.19999999999531,0.0,5.0,0.0,120.19999999999531,0.0,0.0,0.0,4031.501071348021
BT-v3,bt,0.0,3,,-1,-1,BT-v3,10066,1,1.0,1,0,0,timeout,120.19999999999531,5.0,0.0,0.2,120.19999999999531,0.0,0.0,0.0,
BT-v3,bt,0.0,3,,-1,-1,BT-v3,10067,0,0.5,0,1,0,timeout,120.19999999999531,0.0,0.0,0.0,120.19999999999531,0.0,0.0,0.0,5085.353520379714
BT-v3,bt,0.0,3,,-1,-1,BT-v3,10067,1,0.5,0,1,0,timeout,120.19999999999531,0.0,0.0,0.0,120.19999999999531,0.0,0.0,0.0,
BT-v3,bt,0.0,3,,-1,-1,BT-v3,10068,0,0.5,0,1,0,collision,18.950000000000134,0.0,0.0,0.0,18.950000000000134,0.0,0.0,0.023936170212765957,5893.897160256175
BT-v3,bt,0.0,3,,-1,-1,BT-v3,10068,1,0.5,0,1,0,collision,18.950000000000134,0.0,0.0,0.0,18.950000000000134,0.0,0.0,0.023936170212765957,
BT-v3,bt,0.0,3,,-1,-1,BT-v3,10069,0,0.5,0,1,0,collision,10.300000000000011,0.0,0.0,0.0,10.300000000000011,0.0,0.0,0.03431372549019608,5837.927400416055
BT-v3,bt,0.0,3,,-1,-1,BT-v3,10069,1,0.5,0,1,0,collision,10.300000000000011,0.0,0.0,0.0,10.300000000000011,0.0,0.0,0.03431372549019608,
BT-v3,bt,0.0,3,,-1,-1,BT-v3,10070,0,0.5,0,1,0,collision,25.75000000000023,25.0,0.0,1.0000000000000002,25.75000000000023,0.0,0.0,0.0390625,6775.41528115595
BT-v3,bt,0.0,3,,-1,-1,BT-v3,10070,1,0.5,0,1,0,collision,25.75000000000023,0.0,25.0,0.0,25.75000000000023,0.0,0.0,0.0390625,
BT-v3,bt,0.0,3,,-1,-1,BT-v3,10071,0,0.5,0,1,0,collision,31.100000000000307,0.0,0.0,0.0,31.100000000000307,0.0,0.0,0.02258064516129032,6032.3477813829395
BT-v3,bt,0.0,3,,-1,-1,BT-v3,10071,1,0.5,0,1,0,collision,31.100000000000307,0.0,0.0,0.0,31.100000000000307,0.0,0.0,0.02258064516129032,
BT-v3,bt,0.0,3,,-1,-1,BT-v3,10072,0,0.0,0,0,1,timeout,120.19999999999531,0.0,37.5,0.0,120.19999999999531,0.0,0.0,0.004575707154742097,4215.5230035763625
BT-v3,bt,0.0,3,,-1,-1,BT-v3,10072,1,1.0,1,0,0,timeout,120.19999999999531,37.5,0.0,1.5000000000000007,120.19999999999531,0.0,0.0,0.004575707154742097,
BT-v3,bt,0.0,3,,-1,-1,BT-v3,10073,0,0.5,0,1,0,collision,37.6,0.0,5.0,0.0,37.6,0.0,0.0,0.029411764705882353,5489.574729464701
BT-v3,bt,0.0,3,,-1,-1,BT-v3,10073,1,0.5,0,1,0,collision,37.6,5.0,0.0,0.2,37.6,0.0,0.0,0.029411764705882353,
BT-v3,bt,0.0,3,,-1,-1,BT-v3,10074,0,0.5,0,1,0,collision,50.549999999999265,0.0,0.0,0.0,50.549999999999265,0.0,0.0,0.021825396825396824,6552.85257012541
BT-v3,bt,0.0,3,,-1,-1,BT-v3,10074,1,0.5,0,1,0,collision,50.549999999999265,0.0,0.0,0.0,50.549999999999265,0.0,0.0,0.021825396825396824,
BT-v3,bt,0.0,3,,-1,-1,BT-v3,10075,0,0.0,0,0,1,timeout,120.19999999999531,47.5,75.0,1.900000000000001,120.19999999999531,0.0,0.0,0.037853577371048254,4477.280007241446
BT-v3,bt,0.0,3,,-1,-1,BT-v3,10075,1,1.0,1,0,0,timeout,120.19999999999531,75.0,47.5,2.9999999999999973,120.19999999999531,0.0,0.0,0.037853577371048254,
BT-v3,bt,0.0,3,,-1,-1,BT-v3,10076,0,0.5,0,1,0,collision,7.299999999999982,0.0,0.0,0.0,7.299999999999982,0.0,0.0,0.04861111111111111,6359.365330340621
BT-v3,bt,0.0,3,,-1,-1,BT-v3,10076,1,0.5,0,1,0,collision,7.299999999999982,0.0,0.0,0.0,7.299999999999982,0.0,0.0,0.04861111111111111,
BT-v3,bt,0.0,3,,-1,-1,BT-v3,10077,0,0.0,0,0,1,timeout,120.19999999999531,22.5,35.0,0.9000000000000002,120.19999999999531,0.0,0.0,0.0074875207986688855,4020.107426088465
BT-v3,bt,0.0,3,,-1,-1,BT-v3,10077,1,1.0,1,0,0,timeout,120.19999999999531,35.0,22.5,1.4000000000000006,120.19999999999531,0.0,0.0,0.0074875207986688855,
BT-v3,bt,0.0,3,,-1,-1,BT-v3,10078,0,1.0,1,0,0,timeout,120.19999999999531,62.5,17.5,2.499999999999999,120.19999999999531,0.0,0.0,0.0324459234608985,4651.18853550754
BT-v3,bt,0.0,3,,-1,-1,BT-v3,10078,1,0.0,0,0,1,timeout,120.19999999999531,17.5,62.5,0.7000000000000001,120.19999999999531,0.0,0.0,0.0324459234608985,
BT-v3,bt,0.0,3,,-1,-1,BT-v3,10079,0,1.0,1,0,0,timeout,120.19999999999531,12.5,3.75,0.49999999999999994,120.19999999999531,0.0,0.0,0.012895174708818636,4174.484698446827
BT-v3,bt,0.0,3,,-1,-1,BT-v3,10079,1,0.0,0,0,1,timeout,120.19999999999531,3.75,12.5,0.15000000000000002,120.19999999999531,0.0,0.0,0.012895174708818636,
BT-v3,bt,0.0,3,,-1,-1,BT-v3,10080,0,0.5,0,1,0,collision,103.54999999999626,0.0,61.25,0.0,103.54999999999626,0.0,0.0,0.009671179883945842,3927.7310178085695
BT-v3,bt,0.0,3,,-1,-1,BT-v3,10080,1,0.5,0,1,0,collision,103.54999999999626,61.25,0.0,2.4499999999999993,103.54999999999626,0.0,0.0,0.009671179883945842,
BT-v3,bt,0.0,3,,-1,-1,BT-v3,10081,0,0.5,0,1,0,collision,45.299999999999564,10.0,23.75,0.39999999999999997,45.299999999999564,0.0,0.0,0.025442477876106196,6167.972173756689
BT-v3,bt,0.0,3,,-1,-1,BT-v3,10081,1,0.5,0,1,0,collision,45.299999999999564,23.75,10.0,0.9500000000000003,45.299999999999564,0.0,0.0,0.025442477876106196,
BT-v3,bt,0.0,3,,-1,-1,BT-v3,10082,0,0.5,0,1,0,collision,33.45000000000024,0.0,23.75,0.0,33.45000000000024,0.0,0.0,0.03293413173652695,5825.6073669525895
BT-v3,bt,0.0,3,,-1,-1,BT-v3,10082,1,0.5,0,1,0,collision,33.45000000000024,23.75,0.0,0.9500000000000003,33.45000000000024,0.0,0.0,0.03293413173652695,
BT-v3,bt,0.0,3,,-1,-1,BT-v3,10083,0,0.5,0,1,0,collision,102.59999999999631,25.0,0.0,1.0000000000000002,102.59999999999631,0.0,0.0,0.04638671875,4889.918569018345
BT-v3,bt,0.0,3,,-1,-1,BT-v3,10083,1,0.5,0,1,0,collision,102.59999999999631,0.0,25.0,0.0,102.59999999999631,0.0,0.0,0.04638671875,
BT-v3,bt,0.0,3,,-1,-1,BT-v3,10084,0,0.5,0,1,0,collision,4.799999999999991,7.5,0.0,0.3,4.799999999999991,0.0,0.0,0.06521739130434782,6446.102481038087
BT-v3,bt,0.0,3,,-1,-1,BT-v3,10084,1,0.5,0,1,0,collision,4.799999999999991,0.0,7.5,0.0,4.799999999999991,0.0,0.0,0.06521739130434782,
BT-v3,bt,0.0,3,,-1,-1,BT-v3,10085,0,1.0,1,0,0,timeout,120.19999999999531,51.25,0.0,2.0500000000000007,120.19999999999531,0.0,0.0,0.017054908485856904,4227.522202344616
BT-v3,bt,0.0,3,,-1,-1,BT-v3,10085,1,0.0,0,0,1,timeout,120.19999999999531,0.0,51.25,0.0,120.19999999999531,0.0,0.0,0.017054908485856904,
BT-v3,bt,0.0,3,,-1,-1,BT-v3,10086,0,0.5,0,1,0,collision,29.400000000000283,0.0,38.75,0.0,29.400000000000283,0.0,0.0,0.03767123287671233,5767.115066686068
BT-v3,bt,0.0,3,,-1,-1,BT-v3,10086,1,0.5,0,1,0,collision,29.400000000000283,38.75,0.0,1.5500000000000007,29.400000000000283,0.0,0.0,0.03767123287671233,
BT-v3,bt,0.0,3,,-1,-1,BT-v3,10087,0,0.5,0,1,0,collision,3.999999999999994,0.0,3.75,0.0,3.999999999999994,0.0,0.0,0.07894736842105263,6602.074306276446
BT-v3,bt,0.0,3,,-1,-1,BT-v3,10087,1,0.5,0,1,0,collision,3.999999999999994,3.75,0.0,0.15000000000000002,3.999999999999994,0.0,0.0,0.07894736842105263,
BT-v3,bt,0.0,3,,-1,-1,BT-v3,10088,0,0.5,0,1,0,collision,32.75000000000028,31.25,18.75,1.2500000000000004,32.75000000000028,0.0,0.0,0.0352760736196319,5401.345793571631
BT-v3,bt,0.0,3,,-1,-1,BT-v3,10088,1,0.5,0,1,0,collision,32.75000000000028,18.75,31.25,0.7500000000000001,32.75000000000028,0.0,0.0,0.0352760736196319,
BT-v3,bt,0.0,3,,-1,-1,BT-v3,10089,0,0.5,0,1,0,collision,33.90000000000021,0.0,25.0,0.0,33.90000000000021,0.0,0.0,0.028106508875739646,6370.790888565371
BT-v3,bt,0.0,3,,-1,-1,BT-v3,10089,1,0.5,0,1,0,collision,33.90000000000021,25.0,0.0,1.0000000000000002,33.90000000000021,0.0,0.0,0.028106508875739646,
BT-v3,bt,0.0,3,,-1,-1,BT-v3,10090,0,0.5,0,1,0,collision,26.45000000000024,0.0,16.25,0.0,26.45000000000024,0.0,0.0,0.03409090909090909,4645.455350227492
BT-v3,bt,0.0,3,,-1,-1,BT-v3,10090,1,0.5,0,1,0,collision,26.45000000000024,16.25,0.0,0.65,26.45000000000024,0.0,0.0,0.03409090909090909,
BT-v3,bt,0.0,3,,-1,-1,BT-v3,10091,0,0.5,0,1,0,collision,22.000000000000178,16.25,12.5,0.65,22.000000000000178,0.0,0.0,0.04128440366972477,5622.583466512897
BT-v3,bt,0.0,3,,-1,-1,BT-v3,10091,1,0.5,0,1,0,collision,22.000000000000178,12.5,16.25,0.49999999999999994,22.000000000000178,0.0,0.0,0.04128440366972477,
BT-v3,bt,0.0,3,,-1,-1,BT-v3,10092,0,0.5,0,1,0,collision,4.249999999999993,0.0,5.0,0.0,4.249999999999993,0.0,0.0,0.08333333333333333,6537.024565252632
BT-v3,bt,0.0,3,,-1,-1,BT-v3,10092,1,0.5,0,1,0,collision,4.249999999999993,5.0,0.0,0.2,4.249999999999993,0.0,0.0,0.08333333333333333,
BT-v3,bt,0.0,3,,-1,-1,BT-v3,10093,0,1.0,1,0,0,timeout,120.19999999999531,53.75,0.0,2.1500000000000004,120.19999999999531,0.0,0.0,0.0,5003.235943962106
BT-v3,bt,0.0,3,,-1,-1,BT-v3,10093,1,0.0,0,0,1,timeout,120.19999999999531,0.0,53.75,0.0,120.19999999999531,0.0,0.0,0.0,
BT-v3,bt,0.0,3,,-1,-1,BT-v3,10094,0,1.0,1,0,0,timeout,120.19999999999531,51.25,48.75,2.0500000000000007,120.19999999999531,0.0,0.0,0.02204658901830283,3701.026150422042
BT-v3,bt,0.0,3,,-1,-1,BT-v3,10094,1,0.0,0,0,1,timeout,120.19999999999531,48.75,51.25,1.950000000000001,120.19999999999531,0.0,0.0,0.02204658901830283,
BT-v3,bt,0.0,3,,-1,-1,BT-v3,10095,0,0.5,0,1,0,collision,71.54999999999808,0.0,0.0,0.0,71.54999999999808,0.0,0.0,0.025210084033613446,5488.793984800499
BT-v3,bt,0.0,3,,-1,-1,BT-v3,10095,1,0.5,0,1,0,collision,71.54999999999808,0.0,0.0,0.0,71.54999999999808,0.0,0.0,0.025210084033613446,
BT-v3,bt,0.0,3,,-1,-1,BT-v3,10096,0,0.5,0,1,0,collision,101.74999999999636,22.5,31.25,0.9000000000000002,101.74999999999636,0.0,0.0,0.0034448818897637795,4096.330743608866
BT-v3,bt,0.0,3,,-1,-1,BT-v3,10096,1,0.5,0,1,0,collision,101.74999999999636,31.25,22.5,1.2500000000000004,101.74999999999636,0.0,0.0,0.0034448818897637795,
BT-v3,bt,0.0,3,,-1,-1,BT-v3,10097,0,1.0,1,0,0,gun_kill,112.64999999999574,100.0,0.0,3.999999999999994,112.64999999999574,0.0,0.0,0.007548845470692718,4433.678139926863
BT-v3,bt,0.0,3,,-1,-1,BT-v3,10097,1,0.0,0,0,1,gun_kill,112.64999999999574,0.0,100.0,0.0,112.64999999999574,0.0,0.0,0.007548845470692718,
BT-v3,bt,0.0,3,,-1,-1,BT-v3,10098,0,1.0,1,0,0,timeout,120.19999999999531,3.75,0.0,0.15000000000000002,120.19999999999531,0.0,0.0,0.027038269550748752,4158.766942851474
BT-v3,bt,0.0,3,,-1,-1,BT-v3,10098,1,0.0,0,0,1,timeout,120.19999999999531,0.0,3.75,0.0,120.19999999999531,0.0,0.0,0.027038269550748752,
BT-v3,bt,0.0,3,,-1,-1,BT-v3,10099,0,0.5,0,1,0,collision,31.30000000000031,6.25,0.0,0.25,31.30000000000031,0.0,0.0,0.035256410256410256,4909.383147345052
BT-v3,bt,0.0,3,,-1,-1,BT-v3,10099,1,0.5,0,1,0,collision,31.30000000000031,0.0,6.25,0.0,31.30000000000031,0.0,0.0,0.035256410256410256,
